{
  "1": {
    "verseObjects": [
      {
        "type": "text",
        "text": "दाऊद राजा बूढ़ा और उसकी आयु बहुत बढ़ गई थी; और यद्यपि उसको कपड़े ओढ़ाये जाते थे, तो भी वह गर्म न होता था।\n"
      }
    ]
  },
  "2": {
    "verseObjects": [
      {
        "type": "text",
        "text": "उसके कर्मचारियों ने उससे कहा, “हमारे प्रभु राजा के लिये कोई जवान कुँवारी ढूँढ़ी जाए, जो राजा के सम्मुख रहकर उसकी सेवा किया करे और तेरे पास लेटा करे, कि हमारे प्रभु राजा को गर्मी पहुँचे।”\n"
      },
      {
        "tag": "s5",
        "type": "section",
        "text": "\n"
      }
    ]
  },
  "3": {
    "verseObjects": [
      {
        "type": "text",
        "text": "तब उन्होंने समस्त इस्राएली देश में सुन्दर कुँवारी ढूँढ़ते-ढूँढ़ते अबीशग नामक एक शूनेमिन कन्या को पाया, और राजा के पास ले आए।\n"
      }
    ]
  },
  "4": {
    "verseObjects": [
      {
        "type": "text",
        "text": "वह कन्या बहुत ही सुन्दर थी; और वह राजा की दासी होकर उसकी सेवा करती रही; परन्तु राजा का उससे सहवास न हुआ।\n"
      },
      {
        "tag": "s5",
        "type": "section",
        "text": "\n"
      }
    ]
  },
  "5": {
    "verseObjects": [
      {
        "type": "text",
        "text": "तब हग्गीत का पुत्र अदोनिय्याह* सिर ऊँचा करके कहने लगा, “मैं राजा बनूँगा।” सो उसने रथ और सवार और अपने आगे-आगे दौड़ने को पचास अंगरक्षकों को रख लिए।\n"
      }
    ]
  },
  "6": {
    "verseObjects": [
      {
        "type": "text",
        "text": "उसके पिता ने तो जन्म से लेकर उसे कभी यह कहकर उदास न किया था, “तूने ऐसा क्यों किया।” वह बहुत रूपवान था, और अबशालोम के बाद उसका जन्म हुआ था।\n"
      },
      {
        "tag": "s5",
        "type": "section",
        "text": "\n"
      }
    ]
  },
  "7": {
    "verseObjects": [
      {
        "type": "text",
        "text": "उसने सरूयाह के पुत्र योआब से और एब्यातार याजक से बातचीत की, और उन्होंने उसके पीछे होकर उसकी सहायता की।\n"
      }
    ]
  },
  "8": {
    "verseObjects": [
      {
        "type": "text",
        "text": "परन्तु सादोक याजक यहोयादा का पुत्र बनायाह, नातान नबी, शिमी, रेई, और दाऊद के शूरवीरों ने अदोनिय्याह का साथ न दिया।\n"
      },
      {
        "tag": "s5",
        "type": "section",
        "text": "\n"
      }
    ]
  },
  "9": {
    "verseObjects": [
      {
        "type": "text",
        "text": "अदोनिय्याह ने जोहेलेत नामक पत्थर के पास जो एनरोगेल के निकट है, भेड़-बैल और तैयार किए हुए पशु बलि किए, और अपने सब भाइयों, राजकुमारों और राजा के सब यहूदी कर्मचारियों को बुला लिया।\n"
      }
    ]
  },
  "10": {
    "verseObjects": [
      {
        "type": "text",
        "text": "परन्तु नातान नबी, और बनायाह और शूरवीरों को और अपने भाई सुलैमान को उसने न बुलाया।\n"
      },
      {
        "tag": "s5",
        "type": "section",
        "text": "\n"
      }
    ]
  },
  "11": {
    "verseObjects": [
      {
        "type": "text",
        "text": "तब नातान ने सुलैमान की माता बतशेबा से कहा, “क्या तूने सुना है कि हग्गीत का पुत्र अदोनिय्याह राजा बन बैठा है और हमारा प्रभु दाऊद इसे नहीं जानता?\n"
      }
    ]
  },
  "12": {
    "verseObjects": [
      {
        "type": "text",
        "text": "इसलिए अब आ, मैं तुझे ऐसी सम्मति देता हूँ, जिससे तू अपना और अपने पुत्र सुलैमान का प्राण बचाए*।\n"
      },
      {
        "tag": "s5",
        "type": "section",
        "text": "\n"
      }
    ]
  },
  "13": {
    "verseObjects": [
      {
        "type": "text",
        "text": "तू दाऊद राजा के पास जाकर, उससे यह पूछ, ‘हे मेरे प्रभु! हे राजा! क्या तूने शपथ खाकर अपनी दासी से नहीं कहा, कि तेरा पुत्र सुलैमान मेरे बाद राजा होगा, और वह मेरी राजगद्दी पर विराजेगा? फिर अदोनिय्याह क्यों राजा बन बैठा है?’\n"
      }
    ]
  },
  "14": {
    "verseObjects": [
      {
        "type": "text",
        "text": "और जब तू वहाँ राजा से ऐसी बातें करती रहेगी, तब मैं तेरे पीछे आकर, तेरी बातों की पुष्टि करूँगा।”\n"
      },
      {
        "tag": "s5",
        "type": "section",
        "text": "\n"
      }
    ]
  },
  "15": {
    "verseObjects": [
      {
        "type": "text",
        "text": "तब बतशेबा राजा के पास कोठरी में गई; राजा तो बहुत बूढ़ा था, और उसकी सेवा टहल शूनेमिन अबीशग करती थी।\n"
      }
    ]
  },
  "16": {
    "verseObjects": [
      {
        "type": "text",
        "text": "बतशेबा ने झुककर राजा को दण्डवत् किया, और राजा ने पूछा, “तू क्या चाहती है?”\n"
      }
    ]
  },
  "17": {
    "verseObjects": [
      {
        "type": "text",
        "text": "उसने उत्तर दिया, “हे मेरे प्रभु, तूने तो अपने परमेश्‍वर यहोवा की शपथ खाकर अपनी दासी से कहा था, ‘तेरा पुत्र सुलैमान मेरे बाद राजा होगा और वह मेरी गद्दी पर विराजेगा।’\n"
      },
      {
        "tag": "s5",
        "type": "section",
        "text": "\n"
      }
    ]
  },
  "18": {
    "verseObjects": [
      {
        "type": "text",
        "text": "अब देख अदोनिय्याह राजा बन बैठा है, और अब तक मेरा प्रभु राजा इसे नहीं जानता।\n"
      }
    ]
  },
  "19": {
    "verseObjects": [
      {
        "type": "text",
        "text": "उसने बहुत से बैल तैयार किए, पशु और भेड़ें बलि की, और सब राजकुमारों को और एब्यातार याजक और योआब सेनापति को बुलाया है, परन्तु तेरे दास सुलैमान को नहीं बुलाया।\n"
      },
      {
        "tag": "s5",
        "type": "section",
        "text": "\n"
      }
    ]
  },
  "20": {
    "verseObjects": [
      {
        "type": "text",
        "text": "और हे मेरे प्रभु! हे राजा! सब इस्राएली तुझे ताक रहे हैं कि तू उनसे कहे, कि हमारे प्रभु राजा की गद्दी पर उसके बाद कौन बैठेगा।\n"
      }
    ]
  },
  "21": {
    "verseObjects": [
      {
        "type": "text",
        "text": "नहीं तो जब हमारा प्रभु राजा, अपने पुरखाओं के संग सोएगा, तब मैं और मेरा पुत्र सुलैमान दोनों अपराधी गिने जाएँगे।”\n"
      },
      {
        "tag": "s5",
        "type": "section",
        "text": "\n"
      }
    ]
  },
  "22": {
    "verseObjects": [
      {
        "type": "text",
        "text": "जब बतशेबा राजा से बातें कर ही रही थी, कि नातान नबी भी आ गया।\n"
      }
    ]
  },
  "23": {
    "verseObjects": [
      {
        "type": "text",
        "text": "और राजा से कहा गया, “नातान नबी हाज़िर है;” तब वह राजा के सम्मुख आया, और मुँह के बल गिरकर राजा को दण्डवत् की।\n"
      },
      {
        "tag": "s5",
        "type": "section",
        "text": "\n"
      }
    ]
  },
  "24": {
    "verseObjects": [
      {
        "type": "text",
        "text": "तब नातान कहने लगा, “हे मेरे प्रभु, हे राजा! क्या तूने कहा है, ‘अदोनिय्याह मेरे बाद राजा होगा और वह मेरी गद्दी पर विराजेगा?’\n"
      }
    ]
  },
  "25": {
    "verseObjects": [
      {
        "type": "text",
        "text": "देख उसने आज नीचे जाकर बहुत से बैल, तैयार किए हुए पशु और भेड़ें बलि की हैं, और सब राजकुमारों और सेनापतियों को और एब्यातार याजक को भी बुला लिया है; और वे उसके सम्मुख खाते पीते हुए कह रहे हैं, ‘अदोनिय्याह राजा जीवित रहे।’\n"
      },
      {
        "tag": "s5",
        "type": "section",
        "text": "\n"
      }
    ]
  },
  "26": {
    "verseObjects": [
      {
        "type": "text",
        "text": "परन्तु मुझ तेरे दास को, और सादोक याजक और यहोयादा के पुत्र बनायाह, और तेरे दास सुलैमान को उसने नहीं बुलाया।\n"
      }
    ]
  },
  "27": {
    "verseObjects": [
      {
        "type": "text",
        "text": "क्या यह मेरे प्रभु राजा की ओर से हुआ? तूने तो अपने दास को यह नहीं जताया है, कि प्रभु राजा की गद्दी पर कौन उसके बाद विराजेगा।”\n"
      },
      {
        "tag": "s5",
        "type": "section",
        "text": "\n"
      }
    ]
  },
  "28": {
    "verseObjects": [
      {
        "type": "text",
        "text": "दाऊद राजा ने कहा, “बतशेबा को मेरे पास बुला लाओ।” तब वह राजा के पास आकर उसके सामने खड़ी हुई।\n"
      }
    ]
  },
  "29": {
    "verseObjects": [
      {
        "type": "text",
        "text": "राजा ने शपथ खाकर कहा, “यहोवा जो मेरा प्राण सब जोखिमों से बचाता आया है,\n"
      }
    ]
  },
  "30": {
    "verseObjects": [
      {
        "type": "text",
        "text": "उसके जीवन की शपथ, जैसा मैंने तुझ से इस्राएल के परमेश्‍वर यहोवा की शपथ खाकर कहा था, ‘तेरा पुत्र सुलैमान मेरे बाद राजा होगा, और वह मेरे बदले मेरी गद्दी पर विराजेगा,’ वैसा ही मैं निश्चय आज के दिन करूँगा।”\n"
      }
    ]
  },
  "31": {
    "verseObjects": [
      {
        "type": "text",
        "text": "तब बतशेबा ने भूमि पर मुँह के बल गिर राजा को दण्डवत् करके कहा, “मेरा प्रभु राजा दाऊद सदा तक जीवित रहे!”\n"
      },
      {
        "tag": "s5",
        "type": "section",
        "text": "\n"
      }
    ]
  },
  "32": {
    "verseObjects": [
      {
        "type": "text",
        "text": "तब दाऊद राजा ने कहा, “मेरे पास सादोक याजक, नातान नबी, यहोयादा के पुत्र बनायाह को बुला लाओ।” अतः वे राजा के सामने आए।\n"
      }
    ]
  },
  "33": {
    "verseObjects": [
      {
        "type": "text",
        "text": "राजा ने उनसे कहा, “अपने प्रभु के कर्मचारियों को साथ लेकर मेरे पुत्र सुलैमान को मेरे निज खच्चर पर चढ़ाओ; और गीहोन को ले जाओ;\n"
      }
    ]
  },
  "34": {
    "verseObjects": [
      {
        "type": "text",
        "text": "और वहाँ सादोक याजक और नातान नबी इस्राएल का राजा होने को उसका अभिषेक करें; तब तुम सब नरसिंगा फूँककर कहना, ‘राजा सुलैमान जीवित रहे।’\n"
      },
      {
        "tag": "s5",
        "type": "section",
        "text": "\n"
      }
    ]
  },
  "35": {
    "verseObjects": [
      {
        "type": "text",
        "text": "और तुम उसके पीछे-पीछे इधर आना, और वह आकर मेरे सिंहासन पर विराजे, क्योंकि मेरे बदले में वही राजा होगा; और उसी को मैंने इस्राएल और यहूदा का प्रधान होने को ठहराया है।”\n"
      }
    ]
  },
  "36": {
    "verseObjects": [
      {
        "type": "text",
        "text": "तब यहोयादा के पुत्र बनायाह ने कहा, “आमीन! मेरे प्रभु राजा का परमेश्‍वर यहोवा भी ऐसा ही कहे।\n"
      }
    ]
  },
  "37": {
    "verseObjects": [
      {
        "type": "text",
        "text": "जिस रीति यहोवा मेरे प्रभु राजा के संग रहा*, उसी रीति वह सुलैमान के भी संग रहे, और उसका राज्य मेरे प्रभु दाऊद राजा के राज्य से भी अधिक बढ़ाए।”\n"
      },
      {
        "tag": "s5",
        "type": "section",
        "text": "\n"
      }
    ]
  },
  "38": {
    "verseObjects": [
      {
        "type": "text",
        "text": "तब सादोक याजक और नातान नबी और यहोयादा का पुत्र बनायाह और करेतियों और पलेतियों को संग लिए हुए नीचे गए, और सुलैमान को राजा दाऊद के खच्चर पर चढ़ाकर गीहोन को ले चले।\n"
      }
    ]
  },
  "39": {
    "verseObjects": [
      {
        "type": "text",
        "text": "तब सादोक याजक ने यहोवा के तम्बू में से तेल भरा हुआ सींग निकाला, और सुलैमान का राज्याभिषेक किया। और वे नरसिंगे फूँकने लगे; और सब लोग बोल उठे, “राजा सुलैमान जीवित रहे।”\n"
      }
    ]
  },
  "40": {
    "verseObjects": [
      {
        "type": "text",
        "text": "तब सब लोग उसके पीछे-पीछे बाँसुरी बजाते और इतना बड़ा आनन्द करते हुए ऊपर गए, कि उनकी ध्वनि से पृथ्वी डोल उठी।\n"
      },
      {
        "tag": "s5",
        "type": "section",
        "text": "\n"
      }
    ]
  },
  "41": {
    "verseObjects": [
      {
        "type": "text",
        "text": "जब अदोनिय्याह और उसके सब अतिथि खा चुके थे, तब यह ध्वनि उनको सुनाई पड़ी। योआब ने नरसिंगे का शब्द सुनकर पूछा, “नगर में हलचल और चिल्लाहट का शब्द क्यों हो रहा है?”\n"
      }
    ]
  },
  "42": {
    "verseObjects": [
      {
        "type": "text",
        "text": "वह यह कहता ही था, कि एब्यातार याजक का पुत्र योनातान आया और अदोनिय्याह ने उससे कहा, “भीतर आ; तू तो भला मनुष्य है, और भला समाचार भी लाया होगा।”\n"
      },
      {
        "tag": "s5",
        "type": "section",
        "text": "\n"
      }
    ]
  },
  "43": {
    "verseObjects": [
      {
        "type": "text",
        "text": "योनातान ने अदोनिय्याह से कहा, “सचमुच हमारे प्रभु राजा दाऊद ने सुलैमान को राजा बना दिया।\n"
      }
    ]
  },
  "44": {
    "verseObjects": [
      {
        "type": "text",
        "text": "और राजा ने सादोक याजक, नातान नबी और यहोयादा के पुत्र बनायाह और करेतियों और पलेतियों को उसके संग भेज दिया, और उन्होंने उसको राजा के खच्चर पर चढ़ाया है।\n"
      }
    ]
  },
  "45": {
    "verseObjects": [
      {
        "type": "text",
        "text": "और सादोक याजक, और नातान नबी ने गीहोन में उसका राज्याभिषेक किया है; और वे वहाँ से ऐसा आनन्द करते हुए ऊपर गए हैं कि नगर में हलचल मच गई, और जो शब्द तुम को सुनाई पड़ रहा है वही है।\n"
      },
      {
        "tag": "s5",
        "type": "section",
        "text": "\n"
      }
    ]
  },
  "46": {
    "verseObjects": [
      {
        "type": "text",
        "text": "सुलैमान राजगद्दी पर विराज भी रहा है।\n"
      }
    ]
  },
  "47": {
    "verseObjects": [
      {
        "type": "text",
        "text": "फिर राजा के कर्मचारी हमारे प्रभु दाऊद राजा को यह कहकर धन्य कहने आए, ‘तेरा परमेश्‍वर, सुलैमान का नाम, तेरे नाम से भी महान करे, और उसका राज्य तेरे राज्य से भी अधिक बढ़ाए;’ और राजा ने अपने पलंग पर दण्डवत् की।\n"
      }
    ]
  },
  "48": {
    "verseObjects": [
      {
        "type": "text",
        "text": "फिर राजा ने यह भी कहा, ‘इस्राएल का परमेश्‍वर यहोवा धन्य है, जिस ने आज मेरे देखते एक को मेरी गद्दी पर विराजमान किया है।’ ”\n"
      },
      {
        "tag": "s5",
        "type": "section",
        "text": "\n"
      }
    ]
  },
  "49": {
    "verseObjects": [
      {
        "type": "text",
        "text": "तब जितने अतिथि अदोनिय्याह के संग थे वे सब थरथरा उठे, और उठकर अपना-अपना मार्ग लिया।\n"
      }
    ]
  },
  "50": {
    "verseObjects": [
      {
        "type": "text",
        "text": "और अदोनिय्याह सुलैमान से डरकर उठा, और जाकर वेदी के सींगों को पकड़ लिया।\n"
      }
    ]
  },
  "51": {
    "verseObjects": [
      {
        "type": "text",
        "text": "तब सुलैमान को यह समाचार मिला, “अदोनिय्याह सुलैमान राजा से ऐसा डर गया है कि उसने वेदी के सींगों को यह कहकर पकड़ लिया है, ‘आज राजा सुलैमान शपथ खाए कि अपने दास को तलवार से न मार डालेगा।’ ”\n"
      },
      {
        "tag": "s5",
        "type": "section",
        "text": "\n"
      }
    ]
  },
  "52": {
    "verseObjects": [
      {
        "type": "text",
        "text": "सुलैमान ने कहा, “यदि वह भलमनसी दिखाए तो उसका एक बाल भी भूमि पर गिरने न पाएगा*, परन्तु यदि उसमें दुष्टता पाई जाए, तो वह मारा जाएगा।”\n"
      }
    ]
  },
  "53": {
    "verseObjects": [
      {
        "type": "text",
        "text": "तब राजा सुलैमान ने लोगों को भेज दिया जो उसको वेदी के पास से उतार ले आए तब उसने आकर राजा सुलैमान को दण्डवत् की और सुलैमान ने उससे कहा, “अपने घर चला जा।”\n\n"
      },
      {
        "tag": "s5",
        "type": "section",
        "text": "\n"
      }
    ]
  },
  "front": {
    "verseObjects": [
      {
        "tag": "s",
        "type": "section",
        "text": "अदोनिय्याह की राजद्रोह की गोष्ठी\n"
      },
      {
        "tag": "p",
        "type": "paragraph",
        "text": "\n"
      }
    ]
  }
}