{
  "1": {
    "verseObjects": [
      {
        "type": "text",
        "text": "तिशबी एलिय्याह* जो गिलाद का निवासी था उसने अहाब से कहा, “इस्राएल का परमेश्‍वर यहोवा जिसके सम्मुख मैं उपस्थित रहता हूँ, उसके जीवन की शपथ इन वर्षों में मेरे बिना कहे, न तो मेंह बरसेगा, और न ओस पड़ेगी।” (लूका 4:25, याकूब. 5:17, प्रका. 11:6)\n"
      },
      {
        "tag": "s5",
        "type": "section",
        "text": "\n"
      }
    ]
  },
  "2": {
    "verseObjects": [
      {
        "type": "text",
        "text": "तब यहोवा का यह वचन उसके पास पहुँचा,\n"
      }
    ]
  },
  "3": {
    "verseObjects": [
      {
        "type": "text",
        "text": "“यहाँ से चलकर पूरब की ओर जा और करीत नामक नाले में जो यरदन के पूर्व में है छिप जा।\n"
      }
    ]
  },
  "4": {
    "verseObjects": [
      {
        "type": "text",
        "text": "उसी नदी का पानी तू पिया कर, और मैंने कौवों को आज्ञा दी है कि वे तुझे वहाँ खिलाएँ।” \n"
      },
      {
        "tag": "s5",
        "type": "section",
        "text": "\n"
      }
    ]
  },
  "5": {
    "verseObjects": [
      {
        "type": "text",
        "text": "यहोवा का यह वचन मानकर वह यरदन के पूर्व में करीत नामक नदी में जाकर छिपा रहा।\n"
      }
    ]
  },
  "6": {
    "verseObjects": [
      {
        "type": "text",
        "text": "और सवेरे और सांझ को कौवे उसके पास रोटी और माँस लाया करते थे और वह नदी का पानी पिया करता था।\n"
      }
    ]
  },
  "7": {
    "verseObjects": [
      {
        "type": "text",
        "text": "कुछ दिनों के बाद उस देश में वर्षा न होने के कारण नदी सूख गई।\n"
      },
      {
        "tag": "s5",
        "type": "section",
        "text": "\n"
      }
    ]
  },
  "8": {
    "verseObjects": [
      {
        "type": "text",
        "text": "तब यहोवा का यह वचन उसके पास पहुँचा,\n"
      }
    ]
  },
  "9": {
    "verseObjects": [
      {
        "type": "text",
        "text": "“चलकर सीदोन के सारफत नगर में जाकर वहीं रह। सुन, मैंने वहाँ की एक विधवा को तेरे खिलाने की आज्ञा दी है।” (लूका 4:26)\n"
      }
    ]
  },
  "10": {
    "verseObjects": [
      {
        "type": "text",
        "text": "अतः वह वहाँ से चल दिया, और सारफत को गया; नगर के फाटक के पास पहुँचकर उसने क्या देखा कि, एक विधवा लकड़ी बीन रही है, उसको बुलाकर उसने कहा, “किसी पात्र में मेरे पीने को थोड़ा पानी ले आ।” \n"
      },
      {
        "tag": "s5",
        "type": "section",
        "text": "\n"
      }
    ]
  },
  "11": {
    "verseObjects": [
      {
        "type": "text",
        "text": "जब वह लेने जा रही थी, तो उसने उसे पुकार के कहा “अपने हाथ में एक टुकड़ा रोटी भी मेरे पास लेती आ।” \n"
      }
    ]
  },
  "12": {
    "verseObjects": [
      {
        "type": "text",
        "text": "उसने कहा, “तेरे परमेश्‍वर यहोवा के जीवन की शपथ मेरे पास एक भी रोटी नहीं है केवल घड़े में मुट्ठी भर मैदा और कुप्पी में थोड़ा सा तेल है, और मैं दो एक लकड़ी बीनकर लिए जाती हूँ कि अपने और अपने बेटे के लिये उसे पकाऊँ, और हम उसे खाएँ, फिर मर जाएँ।” \n"
      }
    ]
  },
  "13": {
    "verseObjects": [
      {
        "type": "text",
        "text": "एलिय्याह ने उससे कहा, “मत डर; जाकर अपनी बात के अनुसार कर, परन्तु पहले मेरे लिये एक छोटी सी रोटी बनाकर मेरे पास ले आ, फिर इसके बाद अपने और अपने बेटे के लिये बनाना।\n"
      },
      {
        "tag": "s5",
        "type": "section",
        "text": "\n"
      }
    ]
  },
  "14": {
    "verseObjects": [
      {
        "type": "text",
        "text": "क्योंकि इस्राएल का परमेश्‍वर यहोवा यह कहता है, कि जब तक यहोवा भूमि पर मेंह न बरसाएगा तब तक न तो उस घड़े का मैदा समाप्त होगा, और न उस कुप्पी का तेल घटेगा।” \n"
      }
    ]
  },
  "15": {
    "verseObjects": [
      {
        "type": "text",
        "text": "तब वह चली गई, और एलिय्याह के वचन के अनुसार किया, तब से वह और स्त्री और उसका घराना बहुत दिन तक खाते रहे।\n"
      }
    ]
  },
  "16": {
    "verseObjects": [
      {
        "type": "text",
        "text": "यहोवा के उस वचन के अनुसार जो उसने एलिय्याह के द्वारा कहा था, न तो उस घड़े का मैदा समाप्त हुआ, और न उस कुप्पी का तेल घटा।\n"
      },
      {
        "tag": "s5",
        "type": "section",
        "text": "\n"
      }
    ]
  },
  "17": {
    "verseObjects": [
      {
        "type": "text",
        "text": "इन बातों के बाद उस स्त्री का बेटा जो घर की स्वामिनी थी, रोगी हुआ, और उसका रोग यहाँ तक बढ़ा कि उसका साँस लेना बन्द हो गया।\n"
      }
    ]
  },
  "18": {
    "verseObjects": [
      {
        "type": "text",
        "text": "तब वह एलिय्याह से कहने लगी, “हे परमेश्‍वर के जन*! मेरा तुझ से क्या काम? क्या तू इसलिए मेरे यहाँ आया है कि मेरे बेटे की मृत्यु का कारण हो और मेरे पाप का स्मरण दिलाए?” \n"
      },
      {
        "tag": "s5",
        "type": "section",
        "text": "\n"
      }
    ]
  },
  "19": {
    "verseObjects": [
      {
        "type": "text",
        "text": "उसने उससे कहा “अपना बेटा मुझे दे;” तब वह उसे उसकी गोद से लेकर उस अटारी पर ले गया जहाँ वह स्वयं रहता था, और अपनी खाट पर लिटा दिया।\n"
      }
    ]
  },
  "20": {
    "verseObjects": [
      {
        "type": "text",
        "text": "तब उसने यहोवा को पुकारकर कहा, “हे मेरे परमेश्‍वर यहोवा! क्या तू इस विधवा का बेटा मार डालकर जिसके यहाँ मैं टिका हूँ, इस पर भी विपत्ति ले आया है?” \n"
      }
    ]
  },
  "21": {
    "verseObjects": [
      {
        "type": "text",
        "text": "तब वह बालक पर तीन बार पसर गया और यहोवा को पुकारकर कहा, “हे मेरे परमेश्‍वर यहोवा! इस बालक का प्राण इसमें फिर डाल दे।” \n"
      },
      {
        "tag": "s5",
        "type": "section",
        "text": "\n"
      }
    ]
  },
  "22": {
    "verseObjects": [
      {
        "type": "text",
        "text": "एलिय्याह की यह बात यहोवा ने सुन ली, और बालक का प्राण उसमें फिर आ गया और वह जी उठा।\n"
      }
    ]
  },
  "23": {
    "verseObjects": [
      {
        "type": "text",
        "text": "तब एलिय्याह बालक को अटारी पर से नीचे घर में ले गया, और एलिय्याह ने यह कहकर उसकी माता के हाथ में सौंप दिया, “देख तेरा बेटा जीवित है।” (प्रेरि. 20:10)\n"
      }
    ]
  },
  "24": {
    "verseObjects": [
      {
        "type": "text",
        "text": "स्त्री ने एलिय्याह से कहा, “अब मुझे निश्चय हो गया है कि तू परमेश्‍वर का जन है, और यहोवा का जो वचन तेरे मुँह से निकलता है, वह सच होता है।” \n\n"
      },
      {
        "tag": "s5",
        "type": "section",
        "text": "\n"
      }
    ]
  },
  "front": {
    "verseObjects": [
      {
        "tag": "s",
        "type": "section",
        "text": "एलिय्याह के काम का आरम्भ\n"
      },
      {
        "tag": "p",
        "type": "paragraph",
        "text": "\n"
      }
    ]
  }
}