{
  "1": {
    "verseObjects": [
      {
        "type": "text",
        "text": "तीन वर्ष तक अरामी और इस्राएली बिना युद्ध के रहे।\n"
      }
    ]
  },
  "2": {
    "verseObjects": [
      {
        "type": "text",
        "text": "तीसरे वर्ष में यहूदा का राजा यहोशापात इस्राएल के राजा के पास गया।\n"
      },
      {
        "tag": "s5",
        "type": "section",
        "text": "\n"
      }
    ]
  },
  "3": {
    "verseObjects": [
      {
        "type": "text",
        "text": "तब इस्राएल के राजा ने अपने कर्मचारियों से कहा, “क्या तुम को मालूम है, कि गिलाद का रामोत हमारा है? फिर हम क्यों चुपचाप रहते और उसे अराम के राजा के हाथ से क्यों नहीं छीन लेते हैं?”\n"
      }
    ]
  },
  "4": {
    "verseObjects": [
      {
        "type": "text",
        "text": "और उसने यहोशापात से पूछा, “क्या तू मेरे संग गिलाद के रामोत से लड़ने के लिये जाएगा?” यहोशापात ने इस्राएल के राजा को उत्तर दिया, “जैसा तू है वैसा मैं भी हूँ। जैसी तेरी प्रजा है वैसी ही मेरी भी प्रजा है, और जैसे तेरे घोड़े हैं वैसे ही मेरे भी घोड़े हैं।”\n"
      },
      {
        "tag": "s5",
        "type": "section",
        "text": "\n"
      }
    ]
  },
  "5": {
    "verseObjects": [
      {
        "type": "text",
        "text": "फिर यहोशापात ने इस्राएल के राजा से कहा, “आज यहोवा की इच्छा मालूम कर ले।”\n"
      }
    ]
  },
  "6": {
    "verseObjects": [
      {
        "type": "text",
        "text": "तब इस्राएल के राजा ने नबियों* को जो कोई चार सौ पुरुष थे इकट्ठा करके उनसे पूछा, “क्या मैं गिलाद के रामोत से युद्ध करने के लिये चढ़ाई करूँ, या रुका रहूँ?” उन्होंने उत्तर दिया, “चढ़ाई कर: क्योंकि प्रभु उसको राजा के हाथ में कर देगा।”\n"
      },
      {
        "tag": "s5",
        "type": "section",
        "text": "\n"
      }
    ]
  },
  "7": {
    "verseObjects": [
      {
        "type": "text",
        "text": "परन्तु यहोशापात ने पूछा, “क्या यहाँ यहोवा का और भी कोई नबी नहीं है जिससे हम पूछ लें?”\n"
      }
    ]
  },
  "8": {
    "verseObjects": [
      {
        "type": "text",
        "text": "इस्राएल के राजा ने यहोशापात से कहा, “हाँ, यिम्ला का पुत्र मीकायाह एक पुरुष और है जिसके द्वारा हम यहोवा से पूछ सकते हैं? परन्तु मैं उससे घृणा रखता हूँ, क्योंकि वह मेरे विषय कल्याण की नहीं वरन् हानि ही की भविष्यद्वाणी करता है।”\n"
      }
    ]
  },
  "9": {
    "verseObjects": [
      {
        "type": "text",
        "text": "यहोशापात ने कहा, “राजा ऐसा न कहे।” तब इस्राएल के राजा ने एक हाकिम को बुलवाकर कहा, “यिम्ला के पुत्र मीकायाह को फुर्ती से ले आ।”\n"
      },
      {
        "tag": "s5",
        "type": "section",
        "text": "\n"
      }
    ]
  },
  "10": {
    "verseObjects": [
      {
        "type": "text",
        "text": "इस्राएल का राजा और यहूदा का राजा यहोशापात, अपने-अपने राजवस्त्र पहने हुए सामरिया के फाटक में एक खुले स्थान में अपने-अपने सिंहासन पर विराजमान थे और सब भविष्यद्वक्ता उनके सम्मुख भविष्यद्वाणी कर रहे थे।\n"
      }
    ]
  },
  "11": {
    "verseObjects": [
      {
        "type": "text",
        "text": "तब कनाना के पुत्र सिदकिय्याह ने लोहे के सींग बनाकर कहा, “यहोवा यह कहता है, ‘इनसे तू अरामियों को मारते-मारते नाश कर डालेगा।’ ”\n"
      }
    ]
  },
  "12": {
    "verseObjects": [
      {
        "type": "text",
        "text": "और सब नबियों ने इसी आशय की भविष्यद्वाणी करके कहा, “गिलाद के रामोत पर चढ़ाई कर और तू कृतार्थ हो; क्योंकि यहोवा उसे राजा के हाथ में कर देगा।”\n"
      },
      {
        "tag": "s5",
        "type": "section",
        "text": "\n"
      }
    ]
  },
  "13": {
    "verseObjects": [
      {
        "type": "text",
        "text": "और जो दूत मीकायाह को बुलाने गया था उसने उससे कहा, “सुन, भविष्यद्वक्ता एक ही मुँह से राजा के विषय शुभ वचन कहते हैं तो तेरी बातें उनकी सी हों; तू भी शुभ वचन कहना।”\n"
      }
    ]
  },
  "14": {
    "verseObjects": [
      {
        "type": "text",
        "text": "मीकायाह ने कहा, “यहोवा के जीवन की शपथ जो कुछ यहोवा मुझसे कहे, वही मैं कहूँगा।”\n"
      }
    ]
  },
  "15": {
    "verseObjects": [
      {
        "type": "text",
        "text": "जब वह राजा के पास आया, तब राजा ने उससे पूछा, “हे मीकायाह! क्या हम गिलाद के रामोत से युद्ध करने के लिये चढ़ाई करें या रुके रहें?” उसने उसको उत्तर दिया, “हाँ, चढ़ाई कर और तू कृतार्थ हो; और यहोवा उसको राजा के हाथ में कर दे।”\n"
      },
      {
        "tag": "s5",
        "type": "section",
        "text": "\n"
      }
    ]
  },
  "16": {
    "verseObjects": [
      {
        "type": "text",
        "text": "राजा ने उससे कहा, “मुझे कितनी बार तुझे शपथ धराकर चिताना होगा, कि तू यहोवा का स्मरण करके मुझसे सच ही कह।”\n"
      }
    ]
  },
  "17": {
    "verseObjects": [
      {
        "type": "text",
        "text": "मीकायाह ने कहा, “मुझे समस्त इस्राएल बिना चरवाहे की भेड़-बकरियों के समान पहाड़ों पर; तितर बितर दिखाई पड़ा, और यहोवा का यह वचन आया, ‘उनका कोई चरवाहा नहीं हैं; अतः वे अपने-अपने घर कुशल क्षेम से लौट जाएँ।’ ” (मत्ती 9:36, मर. 6:34)\n"
      },
      {
        "tag": "s5",
        "type": "section",
        "text": "\n"
      }
    ]
  },
  "18": {
    "verseObjects": [
      {
        "type": "text",
        "text": "तब इस्राएल के राजा ने यहोशापात से कहा, “क्या मैंने तुझ से न कहा था, कि वह मेरे विषय कल्याण की नहीं हानि ही की भविष्यद्वाणी करेगा।”\n"
      }
    ]
  },
  "19": {
    "verseObjects": [
      {
        "type": "text",
        "text": "मीकायाह ने कहा, “इस कारण तू यहोवा का यह वचन सुन! मुझे सिंहासन पर विराजमान यहोवा और उसके पास दाएँ-बाएँ खड़ी हुई स्वर्ग की समस्त सेना दिखाई दी है। (प्रका. 4:2, प्रका. 4:9-10, प्रका. 5:1, 7,13, प्रका. 6:16, प्रका. 7:10, प्रका. 7:15, प्रका. 19:4, प्रका. 21:5)\n"
      }
    ]
  },
  "20": {
    "verseObjects": [
      {
        "type": "text",
        "text": "तब यहोवा ने पूछा, ‘अहाब को कौन ऐसा बहकाएगा, कि वह गिलाद के रामोत पर चढ़ाई करके खेत आए?’ तब किसी ने कुछ, और किसी ने कुछ कहा।\n"
      },
      {
        "tag": "s5",
        "type": "section",
        "text": "\n"
      }
    ]
  },
  "21": {
    "verseObjects": [
      {
        "type": "text",
        "text": "अन्त में एक आत्मा पास आकर यहोवा के सम्मुख खड़ी हुई, और कहने लगी, ‘मैं उसको बहकाऊँगी’ यहोवा ने पूछा, ‘किस उपाय से?’\n"
      }
    ]
  },
  "22": {
    "verseObjects": [
      {
        "type": "text",
        "text": "उसने कहा, ‘मैं जाकर उसके सब भविष्यद्वक्ताओं में पैठकर उनसे झूठ बुलवाऊँगी।’ यहोवा ने कहा, ‘तेरा उसको बहकाना सफल होगा, जाकर ऐसा ही कर।’\n"
      }
    ]
  },
  "23": {
    "verseObjects": [
      {
        "type": "text",
        "text": "तो अब सुन यहोवा ने तेरे इन सब भविष्यद्वक्ताओं के मुँह में एक झूठ बोलनेवाली आत्मा बैठाई है, और यहोवा ने तेरे विषय हानि की बात कही है।”\n"
      },
      {
        "tag": "s5",
        "type": "section",
        "text": "\n"
      }
    ]
  },
  "24": {
    "verseObjects": [
      {
        "type": "text",
        "text": "तब कनाना के पुत्र सिदकिय्याह ने मीकायाह के निकट जा, उसके गाल पर थप्पड़ मार कर पूछा, “यहोवा का आत्मा मुझे छोड़कर तुझ से बातें करने को किधर गया?”\n"
      }
    ]
  },
  "25": {
    "verseObjects": [
      {
        "type": "text",
        "text": "मीकायाह ने कहा, “जिस दिन तू छिपने के लिये कोठरी से कोठरी में भागेगा, तब तुझे ज्ञात होगा।”\n"
      },
      {
        "tag": "s5",
        "type": "section",
        "text": "\n"
      }
    ]
  },
  "26": {
    "verseObjects": [
      {
        "type": "text",
        "text": "तब इस्राएल के राजा ने कहा, “मीकायाह को नगर के हाकिम आमोन और योआश राजकुमार के पास ले जा;\n"
      }
    ]
  },
  "27": {
    "verseObjects": [
      {
        "type": "text",
        "text": "और उनसे कह, ‘राजा यह कहता है, कि इसको बन्दीगृह में डालो, और जब तक मैं कुशल से न आऊँ, तब तक इसे दुःख की रोटी और पानी दिया करो*।’ ” (इब्रानियों. 11:36)\n"
      }
    ]
  },
  "28": {
    "verseObjects": [
      {
        "type": "text",
        "text": "और मीकायाह ने कहा, “यदि तू कभी कुशल से लौटे, तो जान कि यहोवा ने मेरे द्वारा नहीं कहा।” फिर उसने कहा, “हे लोगों तुम सब के सब सुन लो।”\n"
      },
      {
        "tag": "s5",
        "type": "section",
        "text": "\n"
      }
    ]
  },
  "29": {
    "verseObjects": [
      {
        "type": "text",
        "text": "तब इस्राएल के राजा और यहूदा के राजा यहोशापात दोनों ने गिलाद के रामोत पर चढ़ाई की।\n"
      }
    ]
  },
  "30": {
    "verseObjects": [
      {
        "type": "text",
        "text": "और इस्राएल के राजा ने यहोशापात से कहा, “मैं तो भेष बदलकर युद्ध क्षेत्र में जाऊँगा, परन्तु तू अपने ही वस्त्र पहने रहना।” तब इस्राएल का राजा भेष बदलकर युद्ध क्षेत्र में गया।\n"
      },
      {
        "tag": "s5",
        "type": "section",
        "text": "\n"
      }
    ]
  },
  "31": {
    "verseObjects": [
      {
        "type": "text",
        "text": "अराम के राजा ने तो अपने रथों के बत्तीसों प्रधानों को आज्ञा दी थी, “न तो छोटे से लड़ो और न बड़े से, केवल इस्राएल के राजा से युद्ध करो।”\n"
      }
    ]
  },
  "32": {
    "verseObjects": [
      {
        "type": "text",
        "text": "अतः जब रथों के प्रधानों ने यहोशापात को देखा, तब कहा, “निश्चय इस्राएल का राजा वही है।” और वे उसी से युद्ध करने को मुड़ें; तब यहोशपात चिल्ला उठा।\n"
      }
    ]
  },
  "33": {
    "verseObjects": [
      {
        "type": "text",
        "text": "यह देखकर कि वह इस्राएल का राजा नहीं है, रथों के प्रधान उसका पीछा छोड़कर लौट गए।\n"
      },
      {
        "tag": "s5",
        "type": "section",
        "text": "\n"
      }
    ]
  },
  "34": {
    "verseObjects": [
      {
        "type": "text",
        "text": "तब किसी ने अटकल से एक तीर चलाया और वह इस्राएल के राजा के झिलम और निचले वस्त्र के बीच छेदकर लगा; तब उसने अपने सारथी से कहा, “मैं घायल हो गया हूँ इसलिए बागडोर फेर कर मुझे सेना में से बाहर निकाल ले चल।”\n"
      },
      {
        "tag": "s5",
        "type": "section",
        "text": "\n"
      }
    ]
  },
  "35": {
    "verseObjects": [
      {
        "type": "text",
        "text": "और उस दिन युद्ध बढ़ता गया और राजा अपने रथ में औरों के सहारे अरामियों के सम्मुख खड़ा रहा, और सांझ को मर गया; और उसके घाव का लहू बहकर रथ के पायदान में भर गया।\n"
      }
    ]
  },
  "36": {
    "verseObjects": [
      {
        "type": "text",
        "text": "सूर्य डूबते हुए सेना में यह पुकार हुई, “हर एक अपने नगर और अपने देश को लौट जाए।”\n"
      },
      {
        "tag": "s5",
        "type": "section",
        "text": "\n"
      }
    ]
  },
  "37": {
    "verseObjects": [
      {
        "type": "text",
        "text": "जब राजा मर गया, तब सामरिया को पहुँचाया गया और सामरिया में उसे मिट्टी दी गई।\n"
      }
    ]
  },
  "38": {
    "verseObjects": [
      {
        "type": "text",
        "text": "और यहोवा के वचन के अनुसार जब उसका रथ सामरिया के जलकुण्ड में धोया गया, तब कुत्तों ने उसका लहू चाट लिया, और वेश्याएँ यहीं स्नान करती थीं।\n"
      },
      {
        "tag": "s5",
        "type": "section",
        "text": "\n"
      }
    ]
  },
  "39": {
    "verseObjects": [
      {
        "type": "text",
        "text": "अहाब के और सब काम जो उसने किए, और हाथी दाँत का जो भवन उसने बनाया, और जो-जो नगर उसने बसाए थे, यह सब क्या इस्राएली राजाओं के इतिहास की पुस्तक में नहीं लिखा है?\n"
      }
    ]
  },
  "40": {
    "verseObjects": [
      {
        "type": "text",
        "text": "अतः अहाब मर कर अपने पुरखाओं के संग जा मिला और उसका पुत्र अहज्याह उसके स्थान पर राज्य करने लगा।।\n"
      },
      {
        "tag": "s",
        "type": "section",
        "text": "यहोशापात का राज्य\n"
      },
      {
        "tag": "p",
        "type": "paragraph",
        "text": "\n"
      },
      {
        "tag": "s5",
        "type": "section",
        "text": "\n"
      }
    ]
  },
  "41": {
    "verseObjects": [
      {
        "type": "text",
        "text": "इस्राएल के राजा अहाब के राज्य के चौथे वर्ष में आसा का पुत्र यहोशापात यहूदा पर राज्य करने लगा।\n"
      }
    ]
  },
  "42": {
    "verseObjects": [
      {
        "type": "text",
        "text": "जब यहोशापात राज्य करने लगा, तब वह पैंतीस वर्ष का था और पच्चीस वर्ष तक यरूशलेम में राज्य करता रहा। और उसकी माता का नाम अजूबा था, जो शिल्ही की बेटी थी।\n"
      },
      {
        "tag": "s5",
        "type": "section",
        "text": "\n"
      }
    ]
  },
  "43": {
    "verseObjects": [
      {
        "type": "text",
        "text": "और उसकी चाल सब प्रकार से उसके पिता आसा की सी थी, अर्थात् जो यहोवा की दृष्टि में ठीक है वही वह करता रहा, और उससे कुछ न मुड़ा। तो भी ऊँचे स्थान ढाए न गए, प्रजा के लोग ऊँचे स्थानों पर उस समय भी बलि किया करते थे और धूप भी जलाया करते थे।\n"
      }
    ]
  },
  "44": {
    "verseObjects": [
      {
        "type": "text",
        "text": "यहोशापात ने इस्राएल के राजा से मेल किया।\n"
      },
      {
        "tag": "s5",
        "type": "section",
        "text": "\n"
      }
    ]
  },
  "45": {
    "verseObjects": [
      {
        "type": "text",
        "text": "यहोशापात के काम और जो वीरता उसने दिखाई, और उसने जो-जो लड़ाइयाँ की, यह सब क्या यहूदा के राजाओं के इतिहास की पुस्तक में नहीं लिखा है?\n"
      }
    ]
  },
  "46": {
    "verseObjects": [
      {
        "type": "text",
        "text": "पुरुषगामियों में से जो उसके पिता आसा के दिनों में रह गए थे, उनको उसने देश में से नाश किया।\n"
      }
    ]
  },
  "47": {
    "verseObjects": [
      {
        "type": "text",
        "text": "उस समय एदोम में कोई राजा न था; एक नायब राजकाज का काम करता था।\n"
      },
      {
        "tag": "s5",
        "type": "section",
        "text": "\n"
      }
    ]
  },
  "48": {
    "verseObjects": [
      {
        "type": "text",
        "text": "फिर यहोशापात ने तर्शीश के जहाज सोना लाने के लिये ओपीर जाने को बनवा लिए, परन्तु वे एस्योनगेबेर में टूट गए, इसलिए वहाँ न जा सके।\n"
      }
    ]
  },
  "49": {
    "verseObjects": [
      {
        "type": "text",
        "text": "तब अहाब के पुत्र अहज्याह ने यहोशापात से कहा, “मेरे जहाजियों को अपने जहाजियों के संग, जहाजों में जाने दे;” परन्तु यहोशापात ने इन्कार किया।\n"
      }
    ]
  },
  "50": {
    "verseObjects": [
      {
        "type": "text",
        "text": "यहोशापात मर कर अपने पुरखाओं के संग जा मिला और उसको उसके पुरखाओं के साथ उसके मूलपुरुष दाऊद के नगर में मिट्टी दी गई। और उसका पुत्र यहोराम उसके स्थान पर राज्य करने लगा।\n"
      },
      {
        "tag": "s",
        "type": "section",
        "text": "अहज्याह का राज्य\n"
      },
      {
        "tag": "p",
        "type": "paragraph",
        "text": "\n"
      },
      {
        "tag": "s5",
        "type": "section",
        "text": "\n"
      }
    ]
  },
  "51": {
    "verseObjects": [
      {
        "type": "text",
        "text": "यहूदा के राजा यहोशापात के राज्य के सत्रहवें वर्ष में अहाब का पुत्र अहज्याह सामरिया में इस्राएल पर राज्य करने लगा और दो वर्ष तक इस्राएल पर राज्य करता रहा।\n"
      }
    ]
  },
  "52": {
    "verseObjects": [
      {
        "type": "text",
        "text": "और उसने वह किया, जो यहोवा की दृष्टि में बुरा था। और उसकी चाल उसके माता पिता, और नबात के पुत्र यारोबाम की सी थी* जिस ने इस्राएल से पाप करवाया था।\n"
      }
    ]
  },
  "53": {
    "verseObjects": [
      {
        "type": "text",
        "text": "जैसे उसका पिता बाल की उपासना और उसे दण्डवत् करने से इस्राएल के परमेश्‍वर यहोवा को क्रोधित करता रहा वैसे ही अहज्याह भी करता रहा।"
      }
    ]
  },
  "front": {
    "verseObjects": [
      {
        "tag": "s",
        "type": "section",
        "text": "अहाब की मृत्यु\n"
      },
      {
        "tag": "p",
        "type": "paragraph",
        "text": "\n"
      }
    ]
  }
}