{
  "1": {
    "verseObjects": [
      {
        "type": "text",
        "text": "सुलैमान ने अपना महल भी बनाया, और उसके निर्माण-कार्य में तेरह वर्ष लगे।\n"
      }
    ]
  },
  "2": {
    "verseObjects": [
      {
        "type": "text",
        "text": "उसने लबानोन का वन नामक महल बनाया जिसकी लम्बाई सौ हाथ, चौड़ाई पचास हाथ और ऊँचाई तीस हाथ की थी; वह तो देवदार के खम्भों की चार पंक्तियों पर बना और खम्भों पर देवदार की कड़ियाँ रखी गई।\n"
      },
      {
        "tag": "s5",
        "nextChar": "\n",
        "type": "section"
      }
    ]
  },
  "3": {
    "verseObjects": [
      {
        "type": "text",
        "text": "और पैंतालीस खम्भों के ऊपर देवदार की छतवाली कोठरियाँ बनीं अर्थात् एक-एक मंजिल में पन्द्रह कोठरियाँ बनीं।\n"
      }
    ]
  },
  "4": {
    "verseObjects": [
      {
        "type": "text",
        "text": "तीनों मंजिलों में कड़ियाँ धरी गईं, और तीनों में खिड़कियाँ आमने-सामने बनीं।\n"
      }
    ]
  },
  "5": {
    "verseObjects": [
      {
        "type": "text",
        "text": "और सब द्वार और बाजुओं की कड़ियाँ भी चौकोर थीं, और तीनों मंजिलों में खिड़कियाँ आमने-सामने बनीं।\n"
      },
      {
        "tag": "s5",
        "nextChar": "\n",
        "type": "section"
      }
    ]
  },
  "6": {
    "verseObjects": [
      {
        "type": "text",
        "text": "उसने एक खम्भेवाला ओसारा भी बनाया जिसकी लम्बाई पचास हाथ और चौड़ाई तीस हाथ की थी, और इन खम्भों के सामने एक खम्भेवाला ओसारा और उसके सामने डेवढ़ी बनाई।\n"
      },
      {
        "tag": "s5",
        "nextChar": "\n",
        "type": "section"
      }
    ]
  },
  "7": {
    "verseObjects": [
      {
        "type": "text",
        "text": "फिर उसने न्याय के सिंहासन के लिये भी एक ओसारा बनाया, जो न्याय का ओसारा कहलाया; और उसमें एक फ़र्श से दूसरे फ़र्श तक देवदार की तख्ताबंदी थी।\n"
      },
      {
        "tag": "s5",
        "nextChar": "\n",
        "type": "section"
      }
    ]
  },
  "8": {
    "verseObjects": [
      {
        "type": "text",
        "text": "उसके रहने का भवन जो उस ओसारे के भीतर के एक और आँगन में बना, वह भी उसी ढंग से बना। फिर उसी ओसारे के समान से सुलैमान ने फ़िरौन की बेटी के लिये जिसको उसने ब्याह लिया था, एक और भवन बनाया।\n"
      },
      {
        "tag": "s5",
        "nextChar": "\n",
        "type": "section"
      }
    ]
  },
  "9": {
    "verseObjects": [
      {
        "type": "text",
        "text": "ये सब घर बाहर भीतर नींव से मुंडेर तक ऐसे अनमोल और गढ़े हुए पत्थरों के बने जो नापकर, और आरों से चीरकर* तैयार किये गए थे और बाहर के आँगन से ले बड़े आँगन तक लगाए गए।\n"
      }
    ]
  },
  "10": {
    "verseObjects": [
      {
        "type": "text",
        "text": "उसकी नींव बहुमूल्य और बड़े-बड़े अर्थात् दस-दस और आठ-आठ हाथ के पत्थरों की डाली गई थी।\n"
      },
      {
        "tag": "s5",
        "nextChar": "\n",
        "type": "section"
      }
    ]
  },
  "11": {
    "verseObjects": [
      {
        "type": "text",
        "text": "और ऊपर भी बहुमूल्य पत्थर थे, जो नाप से गढ़े हुए थे, और देवदार की लकड़ी भी थी।\n"
      }
    ]
  },
  "12": {
    "verseObjects": [
      {
        "type": "text",
        "text": "बड़े आँगन के चारों ओर के घेरे में गढ़े हुए पत्थरों के तीन रद्दे, और देवदार की कड़ियों की एक परत थी, जैसे कि यहोवा के भवन के भीतरवाले आँगन और भवन के ओसारे में लगे थे।\n"
      },
      {
        "tag": "s5",
        "nextChar": "\n",
        "type": "section"
      }
    ]
  },
  "13": {
    "verseObjects": [
      {
        "type": "text",
        "text": "फिर राजा सुलैमान ने सोर से हूराम को बुलवा भेजा।\n"
      }
    ]
  },
  "14": {
    "verseObjects": [
      {
        "type": "text",
        "text": "वह नप्ताली के गोत्र की किसी विधवा का बेटा था, और उसका पिता एक सोरवासी ठठेरा था, और वह पीतल की सब प्रकार की कारीगरी में पूरी बुद्धि, निपुणता और समझ रखता था। सो वह राजा सुलैमान के पास आकर उसका सब काम करने लगा।\n"
      },
      {
        "tag": "s5",
        "nextChar": "\n",
        "type": "section"
      }
    ]
  },
  "15": {
    "verseObjects": [
      {
        "type": "text",
        "text": "उसने पीतल ढालकर अठारह-अठारह हाथ ऊँचे दो खम्भे बनाए, और एक-एक का घेरा बारह हाथ के सूत का था ये भीतर से खोखले थे, और इसकी धातु की मोटाई चार अंगुल थी।\n"
      }
    ]
  },
  "16": {
    "verseObjects": [
      {
        "type": "text",
        "text": "उसने खम्भों के सिरों पर लगाने को पीतल ढालकर दो कँगनी बनाई; एक-एक कँगनी की ऊँचाई, पाँच-पाँच हाथ की थी।\n"
      }
    ]
  },
  "17": {
    "verseObjects": [
      {
        "type": "text",
        "text": "खम्भों के सिरों पर की कँगनियों के लिये चार खाने की सात-सात जालियाँ, और साँकलों की सात-सात झालरें बनीं।\n"
      },
      {
        "tag": "s5",
        "nextChar": "\n",
        "type": "section"
      }
    ]
  },
  "18": {
    "verseObjects": [
      {
        "type": "text",
        "text": "उसने खम्भों को भी इस प्रकार बनाया कि खम्भों के सिरों पर की एक-एक कँगनी को ढाँपने के लिये चारों ओर जालियों की एक-एक पाँति पर अनारों की दो पंक्तियाँ हों।\n"
      }
    ]
  },
  "19": {
    "verseObjects": [
      {
        "type": "text",
        "text": "जो कँगनियाँ ओसारों में खम्भों के सिरों पर बनीं, उनमें चार-चार हाथ ऊँचे सोसन के फूल बने हुए थे।\n"
      },
      {
        "tag": "s5",
        "nextChar": "\n",
        "type": "section"
      }
    ]
  },
  "20": {
    "verseObjects": [
      {
        "type": "text",
        "text": "और एक-एक खम्भे के सिरे पर, उस गोलाई के पास जो जाली से लगी थी, एक और कँगनी बनी, और एक-एक कँगनी पर जो अनार चारों ओर पंक्ति-पंक्ति करके बने थे वह दो सौ थे।\n"
      }
    ]
  },
  "21": {
    "verseObjects": [
      {
        "type": "text",
        "text": "उन खम्भों को उसने मन्दिर के ओसारे के पास खड़ा किया, और दाहिनी ओर के खम्भे को खड़ा करके उसका नाम याकीन रखा; फिर बाईं ओर के खम्भे को खड़ा करके उसका नाम बोअज रखा।\n"
      }
    ]
  },
  "22": {
    "verseObjects": [
      {
        "type": "text",
        "text": "और खम्भों के सिरों पर सोसन के फूल का काम बना था खम्भों का काम इसी रीति पूरा हुआ।\n"
      },
      {
        "tag": "s5",
        "nextChar": "\n",
        "type": "section"
      }
    ]
  },
  "23": {
    "verseObjects": [
      {
        "type": "text",
        "text": "फिर उसने एक ढाला हुआ एक बड़ा हौज़ बनाया, जो एक छोर से दूसरी छोर तक दस हाथ चौड़ा था, उसका आकार गोल था, और उसकी ऊँचाई पाँच हाथ की थी, और उसके चारों ओर का घेरा तीस हाथ के सूत के बराबर था।\n"
      }
    ]
  },
  "24": {
    "verseObjects": [
      {
        "type": "text",
        "text": "और उसके चारों ओर के किनारे के नीचे एक-एक हाथ में दस-दस कलियाँ बनीं, जो हौज को घेरे थीं; जब वह ढाला गया; तब ये कलियाँ भी दो पंक्तियों में ढाली गईं।\n"
      },
      {
        "tag": "s5",
        "nextChar": "\n",
        "type": "section"
      }
    ]
  },
  "25": {
    "verseObjects": [
      {
        "type": "text",
        "text": "और वह बारह बने हुए बैलों पर रखा गया जिनमें से तीन उत्तर, तीन पश्चिम, तीन दक्षिण, और तीन पूर्व की ओर मुँह किए हुए थे; और उन ही के ऊपर हौज था, और उन सभी का पिछला अंग भीतर की ओर था।\n"
      }
    ]
  },
  "26": {
    "verseObjects": [
      {
        "type": "text",
        "text": "उसकी मोटाई मुट्ठी भर की थी, और उसका किनारा कटोरे के किनारे के समान सोसन के फूलों के जैसा बना था, और उसमें दो हजार बत पानी समाता था।\n"
      },
      {
        "tag": "s5",
        "nextChar": "\n",
        "type": "section"
      }
    ]
  },
  "27": {
    "verseObjects": [
      {
        "type": "text",
        "text": "फिर उसने पीतल के दस ठेले बनाए, एक-एक ठेले की लम्बाई चार हाथ, चौड़ाई भी चार हाथ और ऊँचाई तीन हाथ की थी।\n"
      }
    ]
  },
  "28": {
    "verseObjects": [
      {
        "type": "text",
        "text": "उन पायों की बनावट इस प्रकार थी; उनके पटरियाँ थीं, और पटरियों के बीचों बीच जोड़ भी थे।\n"
      }
    ]
  },
  "29": {
    "verseObjects": [
      {
        "type": "text",
        "text": "और जोड़ों के बीचों बीच की पटरियों पर सिंह, बैल, और करूब बने थे और जोड़ों के ऊपर भी एक-एक और ठेला बना और सिंहों और बैलों के नीचे लटकती हुई झालरें बनी थीं।\n"
      },
      {
        "tag": "s5",
        "nextChar": "\n",
        "type": "section"
      }
    ]
  },
  "30": {
    "verseObjects": [
      {
        "type": "text",
        "text": "एक-एक ठेले के लिये पीतल के चार पहिये और पीतल की धुरियाँ बनीं; और एक-एक के चारों कोनों से लगे हुए आधार भी ढालकर बनाए गए जो हौदी के नीचे तक पहुँचते थे, और एक-एक आधार के पास झालरें बनी हुई थीं।\n"
      }
    ]
  },
  "31": {
    "verseObjects": [
      {
        "type": "text",
        "text": "हौदी का मुँह जो ठेले की कँगनी के भीतर और ऊपर भी था वह एक हाथ ऊँचा था, और ठेले का मुँह जिसकी चौड़ाई डेढ़ हाथ की थी, वह पाये की बनावट के समान गोल बना; और उसके मुँह पर भी कुछ खुदा हुआ काम था और उनकी पटरियाँ गोल नहीं, चौकोर थीं।\n"
      },
      {
        "tag": "s5",
        "nextChar": "\n",
        "type": "section"
      }
    ]
  },
  "32": {
    "verseObjects": [
      {
        "type": "text",
        "text": "और चारों पहिये, पटरियों के नीचे थे, और एक-एक ठेले के पहियों में धुरियाँ भी थीं; और एक-एक पहिये की ऊँचाई डेढ़-डेढ़ हाथ की थी।\n"
      }
    ]
  },
  "33": {
    "verseObjects": [
      {
        "type": "text",
        "text": "पहियों की बनावट, रथ के पहिये की सी थी, और उनकी धुरियाँ, चक्र, आरे, और नाभें सब ढाली हुई थीं।\n"
      },
      {
        "tag": "s5",
        "nextChar": "\n",
        "type": "section"
      }
    ]
  },
  "34": {
    "verseObjects": [
      {
        "type": "text",
        "text": "और एक-एक ठेले के चारों कोनों पर चार आधार थे, और आधार और ठेले दोनों एक ही टुकड़े के बने थे।\n"
      }
    ]
  },
  "35": {
    "verseObjects": [
      {
        "type": "text",
        "text": "और एक-एक ठेले के सिरे पर आधा हाथ ऊँची चारों ओर गोलाई थी, और ठेले के सिरे पर की टेकें और पटरियाँ ठेले से जुड़े हुए एक ही टुकड़े के बने थे।\n"
      },
      {
        "tag": "s5",
        "nextChar": "\n",
        "type": "section"
      }
    ]
  },
  "36": {
    "verseObjects": [
      {
        "type": "text",
        "text": "और टेकों के पाटों और पटरियों पर जितनी जगह जिस पर थी, उसमें उसने करूब, और सिंह, और खजूर के वृक्ष खोदकर भर दिये, और चारों ओर झालरें भी बनाईं।\n"
      }
    ]
  },
  "37": {
    "verseObjects": [
      {
        "type": "text",
        "text": "इसी प्रकार से उसने दसों ठेलों को बनाया; सभी का एक ही साँचा और एक ही नाप, और एक ही आकार था।\n"
      },
      {
        "tag": "s5",
        "nextChar": "\n",
        "type": "section"
      }
    ]
  },
  "38": {
    "verseObjects": [
      {
        "type": "text",
        "text": "उसने पीतल की दस हौदी बनाईं। एक-एक हौदी में चालीस-चालीस बत पानी समाता था; और एक-एक, चार-चार हाथ चौड़ी थी, और दसों ठेलों में से एक-एक पर, एक-एक हौदी थी।\n"
      }
    ]
  },
  "39": {
    "verseObjects": [
      {
        "type": "text",
        "text": "उसने पाँच हौदी भवन के दक्षिण की ओर, और पाँच उसकी उत्तर की ओर रख दीं; और हौज़ को भवन की दाहिनी ओर अर्थात् दक्षिण-पूर्व की ओर रख दिया।\n"
      },
      {
        "tag": "s5",
        "nextChar": "\n",
        "type": "section"
      }
    ]
  },
  "40": {
    "verseObjects": [
      {
        "type": "text",
        "text": "हूराम ने हौदियों, फावड़ियों, और कटोरों को भी बनाया। सो हूराम ने राजा सुलैमान के लिये यहोवा के भवन में जितना काम करना था, वह सब पूरा कर दिया,\n"
      }
    ]
  },
  "41": {
    "verseObjects": [
      {
        "type": "text",
        "text": "अर्थात् दो खम्भे, और उन कँगनियों की गोलाइयाँ जो दोनों खम्भों के सिरे पर थीं, और दोनों खम्भों के सिरों पर की गोलाइयों के ढाँपने को दो-दो जालियाँ, और दोनों जालियों के लिए चार-चार सौ अनार,\n"
      },
      {
        "tag": "s5",
        "nextChar": "\n",
        "type": "section"
      }
    ]
  },
  "42": {
    "verseObjects": [
      {
        "type": "text",
        "text": "अर्थात् खम्भों के सिरों पर जो गोलाइयाँ थीं, उनके ढाँपने के लिये अर्थात् एक-एक जाली के लिये अनारों की दो-दो पंक्तियाँ;\n"
      }
    ]
  },
  "43": {
    "verseObjects": [
      {
        "type": "text",
        "text": "दस ठेले और इन पर की दस हौदियाँ,\n"
      },
      {
        "tag": "s5",
        "nextChar": "\n",
        "type": "section"
      }
    ]
  },
  "44": {
    "verseObjects": [
      {
        "type": "text",
        "text": "एक हौज़ और उसके नीचे के बारह बैल, और हंडे, फावड़ियां,\n"
      }
    ]
  },
  "45": {
    "verseObjects": [
      {
        "type": "text",
        "text": "और कटोरे बने। ये सब पात्र जिन्हें हूराम ने यहोवा के भवन के निमित्त राजा सुलैमान के लिये बनाया, वह झलकाये हुए पीतल के बने।\n"
      },
      {
        "tag": "s5",
        "nextChar": "\n",
        "type": "section"
      }
    ]
  },
  "46": {
    "verseObjects": [
      {
        "type": "text",
        "text": "राजा ने उनको यरदन की तराई में अर्थात् सुक्कोत और सारतान के मध्य की चिकनी मिट्टीवाली भूमि में ढाला।\n"
      }
    ]
  },
  "47": {
    "verseObjects": [
      {
        "type": "text",
        "text": "और सुलैमान ने बहुत अधिक होने के कारण सब पत्रों को बिना तौले छोड़ दिया, अतः पीतल के तौल का वज़न मालूम न हो सका।\n"
      },
      {
        "tag": "s5",
        "nextChar": "\n",
        "type": "section"
      }
    ]
  },
  "48": {
    "verseObjects": [
      {
        "type": "text",
        "text": "यहोवा के भवन के जितने पात्र थे सुलैमान ने सब बनाए, अर्थात् सोने की वेदी, और सोने की वह मेज जिस पर भेंट की रोटी रखी जाती थी,\n"
      }
    ]
  },
  "49": {
    "verseObjects": [
      {
        "type": "text",
        "text": "और शुद्ध सोने की दीवटें जो भीतरी कोठरी के आगे पाँच तो दक्षिण की ओर, और पाँच उत्तर की ओर रखी गईं; और सोने के फूल,\n"
      },
      {
        "tag": "s5",
        "nextChar": "\n",
        "type": "section"
      }
    ]
  },
  "50": {
    "verseObjects": [
      {
        "type": "text",
        "text": "दीपक और चिमटे, और शुद्ध सोने के तसले, कैंचियाँ, कटोरे, धूपदान, और करछे और भीतरवाला भवन जो परमपवित्र स्थान कहलाता है, और भवन जो मन्दिर कहलाता है, दोनों के किवाड़ों के लिये सोने के कब्जे बने।\n"
      },
      {
        "tag": "s5",
        "nextChar": "\n",
        "type": "section"
      }
    ]
  },
  "51": {
    "verseObjects": [
      {
        "type": "text",
        "text": "इस प्रकार जो-जो काम राजा सुलैमान ने यहोवा के भवन के लिये किया, वह सब पूरा हुआ। तब सुलैमान ने अपने पिता दाऊद के पवित्र किए हुए सोने चाँदी और पात्रों को भीतर पहुँचा कर यहोवा के भवन के भण्डारों में रख दिया।\n\n"
      },
      {
        "tag": "s5",
        "nextChar": "\n",
        "type": "section"
      }
    ]
  },
  "front": {
    "verseObjects": [
      {
        "tag": "s",
        "type": "section",
        "content": "सुलैमान के अन्य निर्माण\n"
      },
      {
        "tag": "p",
        "nextChar": "\n",
        "type": "paragraph"
      }
    ]
  }
}