{
  "1": {
    "verseObjects": [
      {
        "type": "text",
        "text": "तब सुलैमान ने इस्राएली पुरनियों को और गोत्रों के सब मुख्य पुरुषों को भी जो इस्राएलियों के पूर्वजों के घरानों के प्रधान थे, यरूशलेम में अपने पास इस मनसा से इकट्ठा किया, कि वे यहोवा की वाचा का सन्दूक दाऊदपुर अर्थात् सिय्योन से ऊपर ले आएँ। (प्रका. 11:19)\n"
      }
    ]
  },
  "2": {
    "verseObjects": [
      {
        "type": "text",
        "text": "अतः सब इस्राएली पुरुष एतानीम नामक सातवें महीने के पर्व* के समय राजा सुलैमान के पास इकट्ठे हुए।\n"
      },
      {
        "tag": "s5",
        "type": "section",
        "text": "\n"
      }
    ]
  },
  "3": {
    "verseObjects": [
      {
        "type": "text",
        "text": "जब सब इस्राएली पुरनिये आए, तब याजकों ने सन्दूक को उठा लिया।\n"
      }
    ]
  },
  "4": {
    "verseObjects": [
      {
        "type": "text",
        "text": "और यहोवा का सन्दूक, और मिलापवाले तम्बू, और जितने पवित्र पात्र उस तम्बू में थे, उन सभी को याजक और लेवीय लोग ऊपर ले गए।\n"
      }
    ]
  },
  "5": {
    "verseObjects": [
      {
        "type": "text",
        "text": "और राजा सुलैमान और समस्त इस्राएली मंडली, जो उसके पास इकट्ठी हुई थी, वे सब सन्दूक के सामने इतने भेड़ और बैल बलि कर रहे थे, जिनकी गिनती किसी रीति से नहीं हो सकती थी।\n"
      },
      {
        "tag": "s5",
        "type": "section",
        "text": "\n"
      }
    ]
  },
  "6": {
    "verseObjects": [
      {
        "type": "text",
        "text": "तब याजकों ने यहोवा की वाचा का सन्दूक उसके स्थान को अर्थात् भवन के पवित्र-स्थान में, जो परमपवित्र स्थान है, पहुँचाकर करूबों के पंखों के तले रख दिया। (प्रका. 11:19)\n"
      }
    ]
  },
  "7": {
    "verseObjects": [
      {
        "type": "text",
        "text": "करूब सन्दूक के स्थान के ऊपर पंख ऐसे फैलाए हुए थे, कि वे ऊपर से सन्दूक और उसके डंडों को ढाँके थे।\n"
      }
    ]
  },
  "8": {
    "verseObjects": [
      {
        "type": "text",
        "text": "डंडे तो ऐसे लम्बे थे, कि उनके सिरे उस पवित्रस्‍थान से जो पवित्र-स्थान के सामने था दिखाई पड़ते थे परन्तु बाहर से वे दिखाई नहीं पड़ते थे। वे आज के दिन तक यहीं वर्तमान हैं।\n"
      },
      {
        "tag": "s5",
        "type": "section",
        "text": "\n"
      }
    ]
  },
  "9": {
    "verseObjects": [
      {
        "type": "text",
        "text": "सन्दूक में कुछ नहीं था, उन दो पटियाओं को छोड़ जो मूसा ने होरेब में उसके भीतर उस समय रखीं, जब यहोवा ने इस्राएलियों के मिस्र से निकलने पर उनके साथ वाचा बाँधी थी।\n"
      }
    ]
  },
  "10": {
    "verseObjects": [
      {
        "type": "text",
        "text": "जब याजक पवित्रस्‍थान से निकले, तब यहोवा के भवन में बादल भर आया*।\n"
      }
    ]
  },
  "11": {
    "verseObjects": [
      {
        "type": "text",
        "text": "और बादल के कारण याजक सेवा टहल करने को खड़े न रह सके, क्योंकि यहोवा का तेज यहोवा के भवन में भर गया था। (प्रका. 15:8)\n"
      },
      {
        "tag": "s5",
        "type": "section",
        "text": "\n"
      }
    ]
  },
  "12": {
    "verseObjects": [
      {
        "type": "text",
        "text": "तब सुलैमान कहने लगा, “यहोवा ने कहा था, कि मैं घोर अंधकार में वास किए रहूँगा।\n"
      }
    ]
  },
  "13": {
    "verseObjects": [
      {
        "type": "text",
        "text": "सचमुच मैंने तेरे लिये एक वासस्थान, वरन् ऐसा दृढ़ स्थान बनाया है, जिसमें तू युगानुयुग बना रहे।”\n"
      },
      {
        "tag": "s5",
        "type": "section",
        "text": "\n"
      }
    ]
  },
  "14": {
    "verseObjects": [
      {
        "type": "text",
        "text": "तब राजा ने इस्राएल की पूरी सभा की ओर मुँह फेरकर उसको आशीर्वाद दिया; और पूरी सभा खड़ी रही।\n"
      }
    ]
  },
  "15": {
    "verseObjects": [
      {
        "type": "text",
        "text": "और उसने कहा, “धन्य है इस्राएल का परमेश्‍वर यहोवा! जिस ने अपने मुँह से मेरे पिता दाऊद को यह वचन दिया था, और अपने हाथ से उसे पूरा किया है,\n"
      }
    ]
  },
  "16": {
    "verseObjects": [
      {
        "type": "text",
        "text": "‘जिस दिन से मैं अपनी प्रजा इस्राएल को मिस्र से निकाल लाया, तब से मैंने किसी इस्राएली गोत्र का कोई नगर नहीं चुना, जिसमें मेरे नाम के निवास के लिये भवन बनाया जाए; परन्तु मैंने दाऊद को चुन लिया, कि वह मेरी प्रजा इस्राएल का अधिकारी हो।’\n"
      },
      {
        "tag": "s5",
        "type": "section",
        "text": "\n"
      }
    ]
  },
  "17": {
    "verseObjects": [
      {
        "type": "text",
        "text": "मेरे पिता दाऊद की यह इच्छा तो थी कि इस्राएल के परमेश्‍वर यहोवा के नाम का एक भवन बनाए।\n"
      }
    ]
  },
  "18": {
    "verseObjects": [
      {
        "type": "text",
        "text": "परन्तु यहोवा ने मेरे पिता दाऊद से कहा, ‘यह जो तेरी इच्छा है, कि यहोवा के नाम का एक भवन बनाए, ऐसी इच्छा करके तूने भला तो किया; (प्रेरि. 7:45-46)\n"
      }
    ]
  },
  "19": {
    "verseObjects": [
      {
        "type": "text",
        "text": "तो भी तू उस भवन को न बनाएगा; तेरा जो निज पुत्र होगा, वही मेरे नाम का भवन बनाएगा।’\n"
      },
      {
        "tag": "s5",
        "type": "section",
        "text": "\n"
      }
    ]
  },
  "20": {
    "verseObjects": [
      {
        "type": "text",
        "text": "यह जो वचन यहोवा ने कहा था, उसे उसने पूरा भी किया है, और मैं अपने पिता दाऊद के स्थान पर उठकर, यहोवा के वचन के अनुसार इस्राएल की गद्दी पर विराजमान हूँ, और इस्राएल के परमेश्‍वर यहोवा के नाम से इस भवन को बनाया है। (प्रेरि. 7:47)\n"
      }
    ]
  },
  "21": {
    "verseObjects": [
      {
        "type": "text",
        "text": "और इसमें मैंने एक स्थान उस सन्दूक के लिये ठहराया है, जिसमें यहोवा की वह वाचा है, जो उसने हमारे पुरखाओं को मिस्र देश से निकालने के समय उनसे बाँधी थी।”\n"
      },
      {
        "tag": "s5",
        "type": "section",
        "text": "\n"
      }
    ]
  },
  "22": {
    "verseObjects": [
      {
        "type": "text",
        "text": "तब सुलैमान इस्राएल की पूरी सभा के देखते यहोवा की वेदी के सामने खड़ा हुआ, और अपने हाथ स्वर्ग की ओर फैलाकर कहा, हे यहोवा!\n"
      }
    ]
  },
  "23": {
    "verseObjects": [
      {
        "type": "text",
        "text": "हे इस्राएल के परमेश्‍वर! तेरे समान न तो ऊपर स्वर्ग में, और न नीचे पृथ्वी पर कोई परमेश्‍वर है: तेरे जो दास अपने सम्पूर्ण मन से अपने को तेरे सम्मुख जानकर चलते हैं, उनके लिये तू अपनी वाचा पूरी करता, और करुणा करता रहता है।\n"
      }
    ]
  },
  "24": {
    "verseObjects": [
      {
        "type": "text",
        "text": "जो वचन तूने मेरे पिता दाऊद को दिया था, उसका तूने पालन किया है, जैसा तूने अपने मुँह से कहा था, वैसा ही अपने हाथ से उसको पूरा किया है, जैसा कि आज है।\n"
      },
      {
        "tag": "s5",
        "type": "section",
        "text": "\n"
      }
    ]
  },
  "25": {
    "verseObjects": [
      {
        "type": "text",
        "text": "इसलिए अब हे इस्राएल के परमेश्‍वर यहोवा! इस वचन को भी पूरा कर, जो तूने अपने दास मेरे पिता दाऊद को दिया था, ‘तेरे कुल में, मेरे सामने इस्राएल की गद्दी पर विराजनेवाले सदैव बने रहेंगे इतना हो कि जैसे तू स्वयं मुझे सम्मुख जानकर चलता रहा, वैसे ही तेरे वंश के लोग अपनी चालचलन में ऐसी ही चौकसी करें।’\n"
      }
    ]
  },
  "26": {
    "verseObjects": [
      {
        "type": "text",
        "text": "इसलिए अब हे इस्राएल के परमेश्‍वर अपना जो वचन तूने अपने दास मेरे पिता दाऊद को दिया था उसे सच्चा सिद्ध कर।\n"
      },
      {
        "tag": "p",
        "type": "paragraph",
        "text": "\n"
      },
      {
        "tag": "s5",
        "type": "section",
        "text": "\n"
      }
    ]
  },
  "27": {
    "verseObjects": [
      {
        "type": "text",
        "text": "“क्या परमेश्‍वर सचमुच पृथ्वी पर वास करेगा, स्वर्ग में वरन् सबसे ऊँचे स्वर्ग में भी तू नहीं समाता, फिर मेरे बनाए हुए इस भवन में कैसे समाएगा। (प्रेरि. 17:24)\n"
      }
    ]
  },
  "28": {
    "verseObjects": [
      {
        "type": "text",
        "text": "तो भी हे मेरे परमेश्‍वर यहोवा! अपने दास की प्रार्थना और गिड़गिड़ाहट की ओर कान लगाकर, मेरी चिल्लाहट और यह प्रार्थना सुन! जो मैं आज तेरे सामने कर रहा हूँ;\n"
      },
      {
        "tag": "s5",
        "type": "section",
        "text": "\n"
      }
    ]
  },
  "29": {
    "verseObjects": [
      {
        "type": "text",
        "text": "कि तेरी आँख इस भवन की ओर अर्थात् इसी स्थान की ओर जिसके विषय तूने कहा है, ‘मेरा नाम वहाँ रहेगा,’ रात दिन खुली रहें और जो प्रार्थना तेरा दास इस स्थान की ओर करे, उसे तू सुन ले।\n"
      }
    ]
  },
  "30": {
    "verseObjects": [
      {
        "type": "text",
        "text": "और तू अपने दास, और अपनी प्रजा इस्राएल की प्रार्थना जिसको वे इस स्थान की ओर गिड़गिड़ा के करें उसे सुनना, वरन् स्वर्ग में से जो तेरा निवास-स्थान है सुन लेना, और सुनकर क्षमा करना।\n"
      },
      {
        "tag": "p",
        "type": "paragraph",
        "text": "\n"
      },
      {
        "tag": "s5",
        "type": "section",
        "text": "\n"
      }
    ]
  },
  "31": {
    "verseObjects": [
      {
        "type": "text",
        "text": "“जब कोई किसी दूसरे का अपराध करे, और उसको शपथ खिलाई जाए, और वह आकर इस भवन में तेरी वेदी के सामने शपथ खाए,\n"
      }
    ]
  },
  "32": {
    "verseObjects": [
      {
        "type": "text",
        "text": "तब तू स्वर्ग में सुन कर, अर्थात् अपने दासों का न्याय करके दुष्ट को दुष्ट ठहरा और उसकी चाल उसी के सिर लौटा दे, और निर्दोष को निर्दोष ठहराकर, उसके धार्मिकता के अनुसार उसको फल देना।\n"
      },
      {
        "tag": "s5",
        "type": "section",
        "text": "\n"
      }
    ]
  },
  "33": {
    "verseObjects": [
      {
        "type": "text",
        "text": "फिर जब तेरी प्रजा इस्राएल तेरे विरुद्ध पाप करने के कारण अपने शत्रुओं से हार जाए, और तेरी ओर फिरकर तेरा नाम ले और इस भवन में तुझ से गिड़गिड़ाहट के साथ प्रार्थना करे,\n"
      }
    ]
  },
  "34": {
    "verseObjects": [
      {
        "type": "text",
        "text": "तब तू स्वर्ग में से सुनकर अपनी प्रजा इस्राएल का पाप क्षमा करना: और उन्हें इस देश में लौटा ले आना, जो तूने उनके पुरखाओं को दिया था।\n"
      },
      {
        "tag": "p",
        "type": "paragraph",
        "text": "\n"
      },
      {
        "tag": "s5",
        "type": "section",
        "text": "\n"
      }
    ]
  },
  "35": {
    "verseObjects": [
      {
        "type": "text",
        "text": "“जब वे तेरे विरुद्ध पाप करें, और इस कारण आकाश बन्द हो जाए, कि वर्षा न होए, ऐसे समय यदि वे इस स्थान की ओर प्रार्थना करके तेरे नाम को मानें जब तू उन्हें दुःख देता है, और अपने पाप से फिरें, तो तू स्वर्ग में से सुनकर क्षमा करना,\n"
      }
    ]
  },
  "36": {
    "verseObjects": [
      {
        "type": "text",
        "text": "और अपने दासों, अपनी प्रजा इस्राएल के पाप को क्षमा करना; तू जो उनको वह भला मार्ग दिखाता है, जिस पर उन्हें चलना चाहिये, इसलिए अपने इस देश पर, जो तूने अपनी प्रजा का भाग कर दिया है, पानी बरसा देना।\n"
      },
      {
        "tag": "p",
        "type": "paragraph",
        "text": "\n"
      },
      {
        "tag": "s5",
        "type": "section",
        "text": "\n"
      }
    ]
  },
  "37": {
    "verseObjects": [
      {
        "type": "text",
        "text": "“जब इस देश में अकाल या मरी या झुलस हो या गेरूई या टिड्डियाँ या कीड़े लगें या उनके शत्रु उनके देश के फाटकों में उन्हें घेर रखें, अथवा कोई विपत्ति या रोग क्यों न हों,\n"
      }
    ]
  },
  "38": {
    "verseObjects": [
      {
        "type": "text",
        "text": "तब यदि कोई मनुष्य या तेरी प्रजा इस्राएल अपने-अपने मन का दुःख जान लें*, और गिड़गिड़ाहट के साथ प्रार्थना करके अपने हाथ इस भवन की ओर फैलाए;\n"
      },
      {
        "tag": "s5",
        "type": "section",
        "text": "\n"
      }
    ]
  },
  "39": {
    "verseObjects": [
      {
        "type": "text",
        "text": "तो तू अपने स्वर्गीय निवास-स्थान में से सुनकर क्षमा करना, और ऐसा करना, कि एक-एक के मन को जानकर उसकी समस्त चाल के अनुसार उसको फल देना: तू ही तो सब मनुष्यों के मन के भेदों का जानने वाला है।\n"
      }
    ]
  },
  "40": {
    "verseObjects": [
      {
        "type": "text",
        "text": "तब वे जितने दिन इस देश में रहें, जो तूने उनके पुरखाओं को दिया था, उतने दिन तक तेरा भय मानते रहें।\n"
      },
      {
        "tag": "p",
        "type": "paragraph",
        "text": "\n"
      },
      {
        "tag": "s5",
        "type": "section",
        "text": "\n"
      }
    ]
  },
  "41": {
    "verseObjects": [
      {
        "type": "text",
        "text": "“फिर परदेशी भी जो तेरी प्रजा इस्राएल का न हो, जब वह तेरा नाम सुनकर, दूर देश से आए,\n"
      }
    ]
  },
  "42": {
    "verseObjects": [
      {
        "type": "text",
        "text": "वह तो तेरे बड़े नाम और बलवन्त हाथ और बढ़ाई हुई भुजा का समाचार पाए; इसलिए जब ऐसा कोई आकर इस भवन की ओर प्रार्थना करे,\n"
      }
    ]
  },
  "43": {
    "verseObjects": [
      {
        "type": "text",
        "text": "तब तू अपने स्वर्गीय निवास-स्थान में से सुन, और जिस बात के लिये ऐसा परदेशी तुझे पुकारे, उसी के अनुसार व्यवहार करना जिससे पृथ्वी के सब देशों के लोग तेरा नाम जानकर तेरी प्रजा इस्राएल के समान तेरा भय मानें, और निश्चय जानें, कि यह भवन जिसे मैंने बनाया है, वह तेरा ही कहलाता है।\n"
      },
      {
        "tag": "p",
        "type": "paragraph",
        "text": "\n"
      },
      {
        "tag": "s5",
        "type": "section",
        "text": "\n"
      }
    ]
  },
  "44": {
    "verseObjects": [
      {
        "type": "text",
        "text": "“जब तेरी प्रजा के लोग जहाँ कहीं तू उन्हें भेजे, वहाँ अपने शत्रुओं से लड़ाई करने को निकल जाएँ, और इस नगर की ओर जिसे तूने चुना है, और इस भवन की ओर जिसे मैंने तेरे नाम पर बनाया है, यहोवा से प्रार्थना करें,\n"
      }
    ]
  },
  "45": {
    "verseObjects": [
      {
        "type": "text",
        "text": "तब तू स्वर्ग में से उनकी प्रार्थना और गिड़गिड़ाहट सुनकर उनका न्याय कर।\n"
      },
      {
        "tag": "p",
        "type": "paragraph",
        "text": "\n"
      },
      {
        "tag": "s5",
        "type": "section",
        "text": "\n"
      }
    ]
  },
  "46": {
    "verseObjects": [
      {
        "type": "text",
        "text": "“निष्पाप तो कोई मनुष्य नहीं है: यदि ये भी तेरे विरुद्ध पाप करें, और तू उन पर कोप करके उन्हें शत्रुओं के हाथ कर दे, और वे उनको बन्दी बनाकर अपने देश को चाहे वह दूर हो, चाहे निकट, ले जाएँ,\n"
      }
    ]
  },
  "47": {
    "verseObjects": [
      {
        "type": "text",
        "text": "और यदि वे बँधुआई के देश में सोच विचार करें, और फिरकर अपने बन्दी बनानेवालों के देश में तुझ से गिड़गिड़ाकर कहें, ‘हमने पाप किया, और कुटिलता और दुष्टता की है;’\n"
      },
      {
        "tag": "s5",
        "type": "section",
        "text": "\n"
      }
    ]
  },
  "48": {
    "verseObjects": [
      {
        "type": "text",
        "text": "और यदि वे अपने उन शत्रुओं के देश में जो उन्हें बन्दी करके ले गए हों, अपने सम्पूर्ण मन और सम्पूर्ण प्राण से तेरी ओर फिरें और अपने इस देश की ओर जो तूने उनके पुरखाओं को दिया था, और इस नगर की ओर जिसे तूने चुना है, और इस भवन की ओर जिसे मैंने तेरे नाम का बनाया है, तुझ से प्रार्थना करें,\n"
      },
      {
        "tag": "s5",
        "type": "section",
        "text": "\n"
      }
    ]
  },
  "49": {
    "verseObjects": [
      {
        "type": "text",
        "text": "तो तू अपने स्वर्गीय निवास-स्थान में से उनकी प्रार्थना और गिड़गिड़ाहट सुनना; और उनका न्याय करना,\n"
      }
    ]
  },
  "50": {
    "verseObjects": [
      {
        "type": "text",
        "text": "और जो पाप तेरी प्रजा के लोग तेरे विरुद्ध करेंगे, और जितने अपराध वे तेरे विरुद्ध करेंगे, सब को क्षमा करके, उनके बन्दी करनेवालों के मन में ऐसी दया उपजाना कि वे उन पर दया करें।\n"
      },
      {
        "tag": "s5",
        "type": "section",
        "text": "\n"
      }
    ]
  },
  "51": {
    "verseObjects": [
      {
        "type": "text",
        "text": "क्योंकि वे तो तेरी प्रजा और तेरा निज भाग हैं जिन्हें तू लोहे के भट्ठे के मध्य में से अर्थात् मिस्र से निकाल लाया है।\n"
      }
    ]
  },
  "52": {
    "verseObjects": [
      {
        "type": "text",
        "text": "इसलिए तेरी आँखें तेरे दास की गिड़गिड़ाहट और तेरी प्रजा इस्राएल की गिड़गिड़ाहट की ओर ऐसी खुली रहें, कि जब-जब वे तुझे पुकारें, तब-तब तू उनकी सुन ले;\n"
      }
    ]
  },
  "53": {
    "verseObjects": [
      {
        "type": "text",
        "text": "क्योंकि हे प्रभु यहोवा अपने उस वचन के अनुसार, जो तूने हमारे पुरखाओं को मिस्र से निकालने के समय अपने दास मूसा के द्वारा दिया था, तूने इन लोगों को अपना निज भाग होने के लिये पृथ्वी की सब जातियों से अलग किया है।”\n"
      },
      {
        "tag": "s5",
        "type": "section",
        "text": "\n"
      }
    ]
  },
  "54": {
    "verseObjects": [
      {
        "type": "text",
        "text": "जब सुलैमान यहोवा से यह सब प्रार्थना गिड़गिड़ाहट के साथ कर चुका, तब वह जो घुटने टेके और आकाश की ओर हाथ फैलाए हुए था, यहोवा की वेदी के सामने से उठा,\n"
      }
    ]
  },
  "55": {
    "verseObjects": [
      {
        "type": "text",
        "text": "और खड़ा हो, समस्त इस्राएली सभा को ऊँचे स्वर से यह कहकर आशीर्वाद दिया,\n"
      }
    ]
  },
  "56": {
    "verseObjects": [
      {
        "type": "text",
        "text": "“धन्य है यहोवा, जिस ने ठीक अपने कथन के अनुसार अपनी प्रजा इस्राएल को विश्राम दिया है, जितनी भलाई की बातें उसने अपने दास मूसा के द्वारा कही थीं, उनमें से एक भी बिना पूरी हुए नहीं रही।\n"
      },
      {
        "tag": "s5",
        "type": "section",
        "text": "\n"
      }
    ]
  },
  "57": {
    "verseObjects": [
      {
        "type": "text",
        "text": "हमारा परमेश्‍वर यहोवा जैसे हमारे पुरखाओं के संग रहता था, वैसे ही हमारे संग भी रहे, वह हमको त्याग न दे और न हमको छोड़ दे।\n"
      }
    ]
  },
  "58": {
    "verseObjects": [
      {
        "type": "text",
        "text": "वह हमारे मन अपनी ओर ऐसा फिराए रखे, कि हम उसके सब मार्गों पर चला करें, और उसकी आज्ञाएँ और विधियाँ और नियम जिन्हें उसने हमारे पुरखाओं को दिया था, नित माना करें।\n"
      },
      {
        "tag": "s5",
        "type": "section",
        "text": "\n"
      }
    ]
  },
  "59": {
    "verseObjects": [
      {
        "type": "text",
        "text": "और मेरी ये बातें जिनकी मैंने यहोवा के सामने विनती की है, वह दिन और रात हमारे परमेश्‍वर यहोवा के मन में बनी रहें, और जैसी प्रतिदिन आवश्यकता हो वैसा ही वह अपने दास का और अपनी प्रजा इस्राएल का भी न्याय किया करे,\n"
      }
    ]
  },
  "60": {
    "verseObjects": [
      {
        "type": "text",
        "text": "और इससे पृथ्वी की सब जातियाँ यह जान लें, कि यहोवा ही परमेश्‍वर है; और कोई दूसरा नहीं।\n"
      }
    ]
  },
  "61": {
    "verseObjects": [
      {
        "type": "text",
        "text": "तो तुम्हारा मन हमारे परमेश्‍वर यहोवा की ओर ऐसी पूरी रीति से लगा रहे, कि आज के समान उसकी विधियों पर चलते और उसकी आज्ञाएँ मानते रहो।”\n"
      },
      {
        "tag": "s5",
        "type": "section",
        "text": "\n"
      }
    ]
  },
  "62": {
    "verseObjects": [
      {
        "type": "text",
        "text": "तब राजा समस्त इस्राएल समेत यहोवा के सम्मुख मेलबलि चढ़ाने लगा।\n"
      }
    ]
  },
  "63": {
    "verseObjects": [
      {
        "type": "text",
        "text": "और जो पशु सुलैमान ने मेलबलि में यहोवा को चढ़ाए, वे बाईस हजार बैल और एक लाख बीस हजार भेड़ें थीं। इस रीति राजा ने सब इस्राएलियों समेत यहोवा के भवन की प्रतिष्ठा की।\n"
      },
      {
        "tag": "s5",
        "type": "section",
        "text": "\n"
      }
    ]
  },
  "64": {
    "verseObjects": [
      {
        "type": "text",
        "text": "उस दिन राजा ने यहोवा के भवन के सामनेवाले आँगन के मध्य भी एक स्थान पवित्र किया और होमबलि, और अन्नबलि और मेलबलियों की चर्बी वहीं चढ़ाई; क्योंकि जो पीतल की वेदी यहोवा के सामने थी, वह उनके लिये छोटी थी।\n"
      },
      {
        "tag": "s5",
        "type": "section",
        "text": "\n"
      }
    ]
  },
  "65": {
    "verseObjects": [
      {
        "type": "text",
        "text": "अतः सुलैमान ने और उसके संग समस्त इस्राएल की एक बड़ी सभा ने जो हमात के प्रवेशद्वार से लेकर मिस्र के नाले तक के सब देशों से इकट्ठी हुई थी, दो सप्ताह तक अर्थात् चौदह दिन तक हमारे परमेश्‍वर यहोवा के सामने पर्व को माना।\n"
      }
    ]
  },
  "66": {
    "verseObjects": [
      {
        "type": "text",
        "text": "फिर आठवें दिन उसने प्रजा के लोगों को विदा किया। और वे राजा को धन्य, धन्य, कहकर उस सब भलाई के कारण जो यहोवा ने अपने दास दाऊद और अपनी प्रजा इस्राएल से की थी, आनन्दित और मगन होकर अपने-अपने डेरे को चले गए।\n\n"
      },
      {
        "tag": "s5",
        "type": "section",
        "text": "\n"
      }
    ]
  },
  "front": {
    "verseObjects": [
      {
        "tag": "s",
        "type": "section",
        "text": "मन्दिर की प्रतिष्ठा\n"
      },
      {
        "tag": "p",
        "type": "paragraph",
        "text": "\n"
      }
    ]
  }
}