{
  "1": {
    "verseObjects": [
      {
        "type": "text",
        "text": "इसी कारण* मैं पौलुस जो तुम अन्यजातियों के लिये मसीह यीशु का बन्दी हूँ\n"
      }
    ]
  },
  "2": {
    "verseObjects": [
      {
        "type": "text",
        "text": "यदि तुम ने परमेश्‍वर के उस अनुग्रह के प्रबन्ध का समाचार सुना हो, जो तुम्हारे लिये मुझे दिया गया।\n"
      },
      {
        "tag": "p",
        "nextChar": "\n",
        "type": "paragraph"
      },
      {
        "tag": "s5",
        "nextChar": "\n",
        "type": "section"
      }
    ]
  },
  "3": {
    "verseObjects": [
      {
        "type": "text",
        "text": "अर्थात् यह कि वह भेद मुझ पर प्रकाश के द्वारा प्रगट हुआ, जैसा मैं पहले संक्षेप में लिख चुका हूँ।\n"
      }
    ]
  },
  "4": {
    "verseObjects": [
      {
        "type": "text",
        "text": "जिससे तुम पढ़कर जान सकते हो कि मैं मसीह का वह भेद कहाँ तक समझता हूँ।\n"
      }
    ]
  },
  "5": {
    "verseObjects": [
      {
        "type": "text",
        "text": "जो अन्य समयों में मनुष्यों की सन्तानों को ऐसा नहीं बताया गया था, जैसा कि आत्मा के द्वारा अब उसके पवित्र प्रेरितों और भविष्यद्वक्ताओं पर प्रगट किया गया हैं।\n"
      },
      {
        "tag": "p",
        "nextChar": "\n",
        "type": "paragraph"
      },
      {
        "tag": "s5",
        "nextChar": "\n",
        "type": "section"
      }
    ]
  },
  "6": {
    "verseObjects": [
      {
        "type": "text",
        "text": "अर्थात् यह कि मसीह यीशु में सुसमाचार के द्वारा अन्यजातीय लोग विरासत में सहभागी, और एक ही देह के और प्रतिज्ञा के भागी हैं।\n"
      }
    ]
  },
  "7": {
    "verseObjects": [
      {
        "type": "text",
        "text": "और मैं परमेश्‍वर के अनुग्रह के उस दान के अनुसार, जो सामर्थ्य के प्रभाव के अनुसार मुझे दिया गया, उस सुसमाचार का सेवक बना।\n"
      },
      {
        "tag": "s",
        "type": "section",
        "content": "रहस्य का उद्देश्य\n"
      },
      {
        "tag": "p",
        "nextChar": "\n",
        "type": "paragraph"
      },
      {
        "tag": "s5",
        "nextChar": "\n",
        "type": "section"
      }
    ]
  },
  "8": {
    "verseObjects": [
      {
        "type": "text",
        "text": "मुझ पर जो सब पवित्र लोगों में से छोटे से भी छोटा* हूँ, यह अनुग्रह हुआ कि मैं अन्यजातियों को मसीह के अगम्य धन का सुसमाचार सुनाऊँ,\n"
      }
    ]
  },
  "9": {
    "verseObjects": [
      {
        "type": "text",
        "text": "और सब पर यह बात प्रकाशित करूँ कि उस भेद का प्रबन्ध क्या है, जो सब के सृजनहार परमेश्‍वर में आदि से गुप्त था।\n"
      },
      {
        "tag": "p",
        "nextChar": "\n",
        "type": "paragraph"
      },
      {
        "tag": "s5",
        "nextChar": "\n",
        "type": "section"
      }
    ]
  },
  "10": {
    "verseObjects": [
      {
        "type": "text",
        "text": "ताकि अब कलीसिया के द्वारा, परमेश्‍वर का विभिन्न प्रकार का ज्ञान, उन प्रधानों और अधिकारियों पर, जो स्वर्गीय स्थानों में हैं प्रगट किया जाए।\n"
      }
    ]
  },
  "11": {
    "verseObjects": [
      {
        "type": "text",
        "text": "उस सनातन मनसा के अनुसार जो उसने हमारे प्रभु मसीह यीशु में की थीं।\n"
      },
      {
        "tag": "p",
        "nextChar": "\n",
        "type": "paragraph"
      },
      {
        "tag": "s5",
        "nextChar": "\n",
        "type": "section"
      }
    ]
  },
  "12": {
    "verseObjects": [
      {
        "type": "text",
        "text": "जिसमें हमको उस पर विश्वास रखने से साहस और भरोसे से निकट आने का अधिकार है।\n"
      }
    ]
  },
  "13": {
    "verseObjects": [
      {
        "type": "text",
        "text": "इसलिए मैं विनती करता हूँ कि जो क्लेश तुम्हारे लिये मुझे हो रहे हैं, उनके कारण साहस न छोड़ो, क्योंकि उनमें तुम्हारी महिमा है।\n"
      },
      {
        "tag": "s",
        "type": "section",
        "content": "इफिसियों के लिये प्रार्थना\n"
      },
      {
        "tag": "p",
        "nextChar": "\n",
        "type": "paragraph"
      },
      {
        "tag": "s5",
        "nextChar": "\n",
        "type": "section"
      }
    ]
  },
  "14": {
    "verseObjects": [
      {
        "type": "text",
        "text": "मैं इसी कारण उस पिता के सामने घुटने टेकता हूँ,\n"
      }
    ]
  },
  "15": {
    "verseObjects": [
      {
        "type": "text",
        "text": "जिससे स्वर्ग और पृथ्वी पर, हर एक घराने का नाम रखा जाता है,\n"
      }
    ]
  },
  "16": {
    "verseObjects": [
      {
        "type": "text",
        "text": "कि वह अपनी महिमा के धन के अनुसार तुम्हें यह दान दे कि तुम उसके आत्मा से अपने भीतरी मनुष्यत्व में सामर्थ्य पा कर बलवन्त होते जाओ,\n"
      },
      {
        "tag": "p",
        "nextChar": "\n",
        "type": "paragraph"
      },
      {
        "tag": "s5",
        "nextChar": "\n",
        "type": "section"
      }
    ]
  },
  "17": {
    "verseObjects": [
      {
        "type": "text",
        "text": "और विश्वास के द्वारा मसीह तुम्हारे हृदय में बसे कि तुम प्रेम में जड़ पकड़कर और नींव डालकर,\n"
      }
    ]
  },
  "18": {
    "verseObjects": [
      {
        "type": "text",
        "text": "सब पवित्र लोगों के साथ भली-भाँति समझने की शक्ति पाओ; कि उसकी चौड़ाई, और लम्बाई, और ऊँचाई, और गहराई कितनी है।\n"
      }
    ]
  },
  "19": {
    "verseObjects": [
      {
        "type": "text",
        "text": "और मसीह के उस प्रेम को जान सको जो ज्ञान से परे है कि तुम परमेश्‍वर की सारी भरपूरी* तक परिपूर्ण हो जाओ।\n"
      },
      {
        "tag": "p",
        "nextChar": "\n",
        "type": "paragraph"
      },
      {
        "tag": "s5",
        "nextChar": "\n",
        "type": "section"
      }
    ]
  },
  "20": {
    "verseObjects": [
      {
        "type": "text",
        "text": "अब जो ऐसा सामर्थी है, कि हमारी विनती और समझ से कहीं अधिक काम कर सकता है, उस सामर्थ्य के अनुसार जो हम में कार्य करता है,\n"
      }
    ]
  },
  "21": {
    "verseObjects": [
      {
        "type": "text",
        "text": "कलीसिया में, और मसीह यीशु में, उसकी महिमा पीढ़ी से पीढ़ी तक युगानुयुग होती रहे। आमीन।\n\n"
      },
      {
        "tag": "s5",
        "nextChar": "\n",
        "type": "section"
      }
    ]
  },
  "front": {
    "verseObjects": [
      {
        "tag": "s",
        "type": "section",
        "content": "रहस्य प्रगट हुआ\n"
      },
      {
        "tag": "p",
        "nextChar": "\n",
        "type": "paragraph"
      }
    ]
  }
}