{
  "1": {
    "verseObjects": [
      {
        "type": "text",
        "text": "As Ezra prayed and confessed, he wept and threw himself down before God's house. A very great assembly of Israelite men, women, and children gathered to him, for the people were weeping very greatly.\n"
      }
    ]
  },
  "2": {
    "verseObjects": [
      {
        "type": "text",
        "text": "Shekaniah son of Jehiel of the descendants of Elam said to Ezra, \"We have been unfaithful to our God and have married foreign women from the people of the other lands. But in spite of this, there is still hope for Israel.\n\n"
      },
      {
        "tag": "s5",
        "nextChar": "\n",
        "type": "section"
      }
    ]
  },
  "3": {
    "verseObjects": [
      {
        "type": "text",
        "text": "So now let us make a covenant with our God to send out all the women and their children according to the Lord's instructions and the instructions of those who tremble at the commandments of our God, and let it be done according to the law.\n"
      }
    ]
  },
  "4": {
    "verseObjects": [
      {
        "type": "text",
        "text": "Arise, for this thing is for you to carry out, and we are with you. Be strong and do this.\"\n\n"
      },
      {
        "tag": "s5",
        "nextChar": "\n",
        "type": "section"
      },
      {
        "tag": "p",
        "nextChar": "\n",
        "type": "paragraph"
      }
    ]
  },
  "5": {
    "verseObjects": [
      {
        "type": "text",
        "text": "So Ezra rose and made the priestly officials, the Levites, and all of Israel promise to act in this way. So they all took a solemn oath.\n"
      }
    ]
  },
  "6": {
    "verseObjects": [
      {
        "type": "text",
        "text": "Then Ezra rose from before God's house and went to the rooms of Jehohanan son of Eliashib. He did not eat any bread or drink any water, since he was mourning concerning the faithlessness of those who had been in captivity.\n\n"
      },
      {
        "tag": "s5",
        "nextChar": "\n",
        "type": "section"
      }
    ]
  },
  "7": {
    "verseObjects": [
      {
        "type": "text",
        "text": "So they sent word in Judah and Jerusalem to all the people back from exile to assemble in Jerusalem.\n"
      }
    ]
  },
  "8": {
    "verseObjects": [
      {
        "type": "text",
        "text": "Anyone who did not come in three days according to the instructions from the officials and elders forfeited all of his possessions and would be excluded from the great assembly of the people who had come back from exile.\n\n"
      },
      {
        "tag": "s5",
        "nextChar": "\n",
        "type": "section"
      },
      {
        "tag": "p",
        "nextChar": "\n",
        "type": "paragraph"
      }
    ]
  },
  "9": {
    "verseObjects": [
      {
        "type": "text",
        "text": "So all the men of Judah and Benjamin assembled in Jerusalem in three days. It was the ninth month and the twentieth day of the month. All the people stood in the square before God's house and trembled because of the word and the rain.\n"
      }
    ]
  },
  "10": {
    "verseObjects": [
      {
        "type": "text",
        "text": "Ezra the priest arose and said, \"You yourselves have committed treason. You lived with foreign women so as to increase Israel's guilt.\n\n"
      },
      {
        "tag": "s5",
        "nextChar": "\n",
        "type": "section"
      }
    ]
  },
  "11": {
    "verseObjects": [
      {
        "type": "text",
        "text": "But now give praise to Yahweh, your ancestors' God, and do his will. Separate from the people of the land and from the foreign women.\"\n\n"
      },
      {
        "tag": "s5",
        "nextChar": "\n",
        "type": "section"
      }
    ]
  },
  "12": {
    "verseObjects": [
      {
        "type": "text",
        "text": "All the assembly answered in a loud voice, \"We will do as you have said.\n"
      }
    ]
  },
  "13": {
    "verseObjects": [
      {
        "type": "text",
        "text": "However, there are many people, and it is the rainy season. We have no strength to stand outside, and this is not only one or two days of work, since we have greatly transgressed in this matter.\n\n"
      },
      {
        "tag": "s5",
        "nextChar": "\n",
        "type": "section"
      }
    ]
  },
  "14": {
    "verseObjects": [
      {
        "type": "text",
        "text": "So let our officials represent all the assembly. Let all who have allowed foreign women to live in our cities come at the time that will be fixed with the city elders and the city judges until the raging wrath of our God goes away from us.\"\n"
      }
    ]
  },
  "15": {
    "verseObjects": [
      {
        "type": "text",
        "text": "Jonathan son of Asahel and Jahzeiah son of Tikvah opposed this, and Meshullam and Shabbethai the Levite supported them.\n\n"
      },
      {
        "tag": "s5",
        "nextChar": "\n",
        "type": "section"
      },
      {
        "tag": "p",
        "nextChar": "\n",
        "type": "paragraph"
      }
    ]
  },
  "16": {
    "verseObjects": [
      {
        "type": "text",
        "text": "So the people who returned from exile did this. Ezra the priest selected men, the leaders in their ancestors' clans and houses—all of them by name, and they looked into the matter on the first day of the tenth month.\n"
      }
    ]
  },
  "17": {
    "verseObjects": [
      {
        "type": "text",
        "text": "By the first day of the first month they had finished discovering which men had lived with foreign women.\n\n"
      },
      {
        "tag": "s5",
        "nextChar": "\n",
        "type": "section"
      },
      {
        "tag": "p",
        "nextChar": "\n",
        "type": "paragraph"
      }
    ]
  },
  "18": {
    "verseObjects": [
      {
        "type": "text",
        "text": "Among the descendants of the priests there were those who had lived with foreign women. Among the descendants of Jeshua son of Jozadak and his brothers there were Maaseiah, Eliezer, Jarib, and Gedaliah.\n"
      }
    ]
  },
  "19": {
    "verseObjects": [
      {
        "type": "text",
        "text": "So they determined to send their wives away. Since they were guilty, they offered a ram from the flock for their guilt.\n\n"
      },
      {
        "tag": "s5",
        "nextChar": "\n",
        "type": "section"
      },
      {
        "tag": "p",
        "nextChar": "\n",
        "type": "paragraph"
      }
    ]
  },
  "20": {
    "verseObjects": [
      {
        "type": "text",
        "text": "Among the descendants of Immer: Hanani and Zebadiah.\n"
      }
    ]
  },
  "21": {
    "verseObjects": [
      {
        "type": "text",
        "text": "Among the descendants of Harim: Maaseiah, Elijah, Shemaiah, Jehiel, and Uzziah.\n"
      }
    ]
  },
  "22": {
    "verseObjects": [
      {
        "type": "text",
        "text": "Among the descendants of Pashhur: Elioenai, Maaseiah, Ishmael, Nethanel, Jozabad, and Elasah.\n\n"
      },
      {
        "tag": "s5",
        "nextChar": "\n",
        "type": "section"
      }
    ]
  },
  "23": {
    "verseObjects": [
      {
        "type": "text",
        "text": "Among the Levites: Jozabad, Shimei, Kelaiah—that is, Kelita, Pethahiah, Judah, and Eliezer.\n"
      }
    ]
  },
  "24": {
    "verseObjects": [
      {
        "type": "text",
        "text": "Among the singers: Eliashib. Among the gatekeepers: Shallum, Telem, and Uri.\n"
      }
    ]
  },
  "25": {
    "verseObjects": [
      {
        "type": "text",
        "text": "Among the rest of the Israelites—among the descendants of Parosh: Ramiah, Izziah, Malkijah, Mijamin, Eleazar, Malkijah, and Benaiah.\n"
      },
      {
        "tag": "f",
        "type": "footnote",
        "content": "+ \\ft Instead of the second occurrence of \\fqa Malkijah \\fqa* , some modern versions substitute \\fqa Hashabiah \\fqa* . ",
        "endTag": "f*",
        "nextChar": "\n"
      },
      {
        "type": "text",
        "text": "\n"
      },
      {
        "tag": "s5",
        "nextChar": "\n",
        "type": "section"
      }
    ]
  },
  "26": {
    "verseObjects": [
      {
        "type": "text",
        "text": "Among the descendants of Elam: Mattaniah, Zechariah, Jehiel, Abdi, Jeremoth, and Elijah.\n"
      }
    ]
  },
  "27": {
    "verseObjects": [
      {
        "type": "text",
        "text": "Among the descendants of Zattu: Elioenai, Eliashib, Mattaniah, Jeremoth, Zabad, and Aziza.\n"
      }
    ]
  },
  "28": {
    "verseObjects": [
      {
        "type": "text",
        "text": "Among the descendants of Bebai: Jehohanan, Hananiah, Zabbai, and Athlai.\n"
      }
    ]
  },
  "29": {
    "verseObjects": [
      {
        "type": "text",
        "text": "Among the descendants of Bani: Meshullam, Malluk, Adaiah, Jashub, and Sheal Jeremoth. "
      },
      {
        "tag": "f",
        "type": "footnote",
        "content": "+ \\ft Instead of \\fqa Bani \\fqa* , some modern versions have \\fqa Bigvai \\fqa* . ",
        "endTag": "f*",
        "nextChar": "\n"
      },
      {
        "type": "text",
        "text": "\n"
      },
      {
        "tag": "s5",
        "nextChar": "\n",
        "type": "section"
      }
    ]
  },
  "30": {
    "verseObjects": [
      {
        "type": "text",
        "text": "Among the descendants of Pahath-Moab: Adna, Kelal, Benaiah, Maaseiah, Mattaniah, Bezalel, Binnui, and Manasseh.\n"
      }
    ]
  },
  "31": {
    "verseObjects": [
      {
        "type": "text",
        "text": "Among the descendants of Harim: Eliezer, Ishijah, Malkijah, Shemaiah, Shimeon,\n"
      }
    ]
  },
  "32": {
    "verseObjects": [
      {
        "type": "text",
        "text": "Benjamin, Malluk, and Shemariah.\n\n"
      },
      {
        "tag": "s5",
        "nextChar": "\n",
        "type": "section"
      }
    ]
  },
  "33": {
    "verseObjects": [
      {
        "type": "text",
        "text": "Among the descendants of Hashum: Mattenai, Mattattah, Zabad, Eliphelet, Jeremai, Manasseh, and Shimei.\n"
      }
    ]
  },
  "34": {
    "verseObjects": [
      {
        "type": "text",
        "text": "Among the descendants of Bani: Maadai, Amram, Uel,\n"
      }
    ]
  },
  "35": {
    "verseObjects": [
      {
        "type": "text",
        "text": "Benaiah, Bedeiah, Keluhi,\n"
      }
    ]
  },
  "36": {
    "verseObjects": [
      {
        "type": "text",
        "text": "Vaniah, Meremoth, Eliashib,\n\n"
      },
      {
        "tag": "s5",
        "nextChar": "\n",
        "type": "section"
      }
    ]
  },
  "37": {
    "verseObjects": [
      {
        "type": "text",
        "text": "Mattaniah, Mattenai, and Jaasu.\n"
      }
    ]
  },
  "38": {
    "verseObjects": [
      {
        "type": "text",
        "text": "Among the descendants of Binnui: Shimei,\n"
      },
      {
        "tag": "f",
        "type": "footnote",
        "content": "+ \\ft Instead of \\fqa Among the descendants of Binnui: Shimei \\fqa* , some modern versions have \\fqa Bani, Binnui, Shimei \\fqa* . ",
        "endTag": "f*",
        "nextChar": "\n"
      }
    ]
  },
  "39": {
    "verseObjects": [
      {
        "type": "text",
        "text": "Shelemiah, Nathan, Adaiah,\n"
      }
    ]
  },
  "40": {
    "verseObjects": [
      {
        "type": "text",
        "text": "Maknadebai, Shashai, Sharai,\n"
      },
      {
        "tag": "f",
        "type": "footnote",
        "content": "+ \\ft Instead of \\fqa Maknadebai \\fqa* , some modern versions have \\fqa Among the descendants of Zaccai \\fqa* . ",
        "endTag": "f*",
        "nextChar": "\n"
      },
      {
        "type": "text",
        "text": "\n"
      },
      {
        "tag": "s5",
        "nextChar": "\n",
        "type": "section"
      }
    ]
  },
  "41": {
    "verseObjects": [
      {
        "type": "text",
        "text": "Azarel, Shelemiah, Shemariah,\n"
      }
    ]
  },
  "42": {
    "verseObjects": [
      {
        "type": "text",
        "text": "Shallum, Amariah, and Joseph.\n"
      }
    ]
  },
  "43": {
    "verseObjects": [
      {
        "type": "text",
        "text": "Among the descendants of Nebo: Jeiel, Mattithiah, Zabad, Zebina, Jaddai, Joel, and Benaiah.\n"
      }
    ]
  },
  "44": {
    "verseObjects": [
      {
        "type": "text",
        "text": "All of these had taken foreign wives and had children with some of them.\n"
      },
      {
        "tag": "f",
        "type": "footnote",
        "content": "+ \\ft Instead of \\fqa and had children with some of them \\fqa* , some modern versions have \\fqa but sent them away with their children \\fqa* . ",
        "endTag": "f*",
        "nextChar": "\n"
      },
      {
        "type": "text",
        "text": "\n"
      }
    ]
  },
  "front": {
    "verseObjects": [
      {
        "tag": "p",
        "nextChar": "\n",
        "type": "paragraph"
      }
    ]
  }
}