{
  "1": {
    "verseObjects": [
      {
        "text": "γίνεσθε",
        "tag": "w",
        "type": "word",
        "lemma": "γίνομαι",
        "strong": "G10960",
        "morph": "Gr,V,MPM2,,P,"
      },
      {
        "text": "οὖν",
        "tag": "w",
        "type": "word",
        "lemma": "οὖν",
        "strong": "G37670",
        "morph": "Gr,CC,,,,,,,,"
      },
      {
        "text": "μιμηταὶ",
        "tag": "w",
        "type": "word",
        "lemma": "μιμητής",
        "strong": "G34020",
        "morph": "Gr,N,,,,,NMP,",
        "tw": "rc://*/tw/dict/bible/other/imitate"
      },
      {
        "text": "τοῦ",
        "tag": "w",
        "type": "word",
        "lemma": "ὁ",
        "strong": "G35880",
        "morph": "Gr,EA,,,,GMS,"
      },
      {
        "text": "Θεοῦ",
        "tag": "w",
        "type": "word",
        "lemma": "θεός",
        "strong": "G23160",
        "morph": "Gr,N,,,,,GMS,",
        "tw": "rc://*/tw/dict/bible/kt/god"
      },
      {
        "text": "ὡς",
        "tag": "w",
        "type": "word",
        "lemma": "ὡς",
        "strong": "G56130",
        "morph": "Gr,CS,,,,,,,,",
        "tw": "rc://*/tw/dict/bible/other/like"
      },
      {
        "text": "τέκνα",
        "tag": "w",
        "type": "word",
        "lemma": "τέκνον",
        "strong": "G50430",
        "morph": "Gr,N,,,,,NNP,",
        "tw": "rc://*/tw/dict/bible/kt/children"
      },
      {
        "text": "ἀγαπητά",
        "tag": "w",
        "type": "word",
        "lemma": "ἀγαπητός",
        "strong": "G00270",
        "morph": "Gr,AA,,,,NNP,",
        "tw": "rc://*/tw/dict/bible/kt/beloved"
      },
      {
        "type": "text",
        "text": ",\n\n"
      }
    ]
  },
  "2": {
    "verseObjects": [
      {
        "text": "καὶ",
        "tag": "w",
        "type": "word",
        "lemma": "καί",
        "strong": "G25320",
        "morph": "Gr,CC,,,,,,,,"
      },
      {
        "text": "περιπατεῖτε",
        "tag": "w",
        "type": "word",
        "lemma": "περιπατέω",
        "strong": "G40430",
        "morph": "Gr,V,MPA2,,P,",
        "tw": "rc://*/tw/dict/bible/other/walk"
      },
      {
        "text": "ἐν",
        "tag": "w",
        "type": "word",
        "lemma": "ἐν",
        "strong": "G17220",
        "morph": "Gr,P,,,,,D,,,"
      },
      {
        "text": "ἀγάπῃ",
        "tag": "w",
        "type": "word",
        "lemma": "ἀγάπη",
        "strong": "G00260",
        "morph": "Gr,N,,,,,DFS,",
        "tw": "rc://*/tw/dict/bible/kt/love"
      },
      {
        "type": "text",
        "text": ","
      },
      {
        "text": "καθὼς",
        "tag": "w",
        "type": "word",
        "lemma": "καθώς",
        "strong": "G25310",
        "morph": "Gr,D,,,,,,,,,",
        "tw": "rc://*/tw/dict/bible/other/like"
      },
      {
        "text": "καὶ",
        "tag": "w",
        "type": "word",
        "lemma": "καί",
        "strong": "G25320",
        "morph": "Gr,D,,,,,,,,,"
      },
      {
        "text": "ὁ",
        "tag": "w",
        "type": "word",
        "lemma": "ὁ",
        "strong": "G35880",
        "morph": "Gr,EA,,,,NMS,"
      },
      {
        "text": "Χριστὸς",
        "tag": "w",
        "type": "word",
        "lemma": "χριστός",
        "strong": "G55470",
        "morph": "Gr,N,,,,,NMS,",
        "tw": "rc://*/tw/dict/bible/kt/christ"
      },
      {
        "text": "ἠγάπησεν",
        "tag": "w",
        "type": "word",
        "lemma": "ἀγαπάω",
        "strong": "G00250",
        "morph": "Gr,V,IAA3,,S,",
        "tw": "rc://*/tw/dict/bible/kt/love"
      },
      {
        "text": "ἡμᾶς",
        "tag": "w",
        "type": "word",
        "lemma": "ἐγώ",
        "strong": "G14730",
        "morph": "Gr,RP,,,1A,P,"
      },
      {
        "type": "text",
        "text": ","
      },
      {
        "text": "καὶ",
        "tag": "w",
        "type": "word",
        "lemma": "καί",
        "strong": "G25320",
        "morph": "Gr,CC,,,,,,,,"
      },
      {
        "text": "παρέδωκεν",
        "tag": "w",
        "type": "word",
        "lemma": "παραδίδωμι",
        "strong": "G38600",
        "morph": "Gr,V,IAA3,,S,"
      },
      {
        "text": "ἑαυτὸν",
        "tag": "w",
        "type": "word",
        "lemma": "ἑαυτοῦ",
        "strong": "G14380",
        "morph": "Gr,RE,,,3AMS,"
      },
      {
        "text": "ὑπὲρ",
        "tag": "w",
        "type": "word",
        "lemma": "ὑπέρ",
        "strong": "G52280",
        "morph": "Gr,P,,,,,G,,,"
      },
      {
        "text": "ἡμῶν",
        "tag": "w",
        "type": "word",
        "lemma": "ἐγώ",
        "strong": "G14730",
        "morph": "Gr,RP,,,1G,P,"
      },
      {
        "type": "text",
        "text": ","
      },
      {
        "text": "προσφορὰν",
        "tag": "w",
        "type": "word",
        "lemma": "προσφορά",
        "strong": "G43760",
        "morph": "Gr,N,,,,,AFS,",
        "tw": "rc://*/tw/dict/bible/other/sacrifice"
      },
      {
        "text": "καὶ",
        "tag": "w",
        "type": "word",
        "lemma": "καί",
        "strong": "G25320",
        "morph": "Gr,CC,,,,,,,,"
      },
      {
        "text": "θυσίαν",
        "tag": "w",
        "type": "word",
        "lemma": "θυσία",
        "strong": "G23780",
        "morph": "Gr,N,,,,,AFS,",
        "tw": "rc://*/tw/dict/bible/other/sacrifice"
      },
      {
        "text": "τῷ",
        "tag": "w",
        "type": "word",
        "lemma": "ὁ",
        "strong": "G35880",
        "morph": "Gr,EA,,,,DMS,"
      },
      {
        "text": "Θεῷ",
        "tag": "w",
        "type": "word",
        "lemma": "θεός",
        "strong": "G23160",
        "morph": "Gr,N,,,,,DMS,",
        "tw": "rc://*/tw/dict/bible/kt/god"
      },
      {
        "text": "εἰς",
        "tag": "w",
        "type": "word",
        "lemma": "εἰς",
        "strong": "G15190",
        "morph": "Gr,P,,,,,A,,,"
      },
      {
        "text": "ὀσμὴν",
        "tag": "w",
        "type": "word",
        "lemma": "ὀσμή",
        "strong": "G37440",
        "morph": "Gr,N,,,,,AFS,"
      },
      {
        "text": "εὐωδίας",
        "tag": "w",
        "type": "word",
        "lemma": "εὐωδία",
        "strong": "G21750",
        "morph": "Gr,N,,,,,GFS,"
      },
      {
        "type": "text",
        "text": ".\n\n"
      }
    ]
  },
  "3": {
    "verseObjects": [
      {
        "type": "text",
        "text": "\n"
      },
      {
        "tag": "p",
        "type": "paragraph",
        "text": "\n"
      },
      {
        "text": "πορνεία",
        "tag": "w",
        "type": "word",
        "lemma": "πορνεία",
        "strong": "G42020",
        "morph": "Gr,N,,,,,NFS,",
        "tw": "rc://*/tw/dict/bible/other/fornication"
      },
      {
        "text": "δὲ",
        "tag": "w",
        "type": "word",
        "lemma": "δέ",
        "strong": "G11610",
        "morph": "Gr,CC,,,,,,,,"
      },
      {
        "type": "text",
        "text": ","
      },
      {
        "text": "καὶ",
        "tag": "w",
        "type": "word",
        "lemma": "καί",
        "strong": "G25320",
        "morph": "Gr,CC,,,,,,,,"
      },
      {
        "text": "ἀκαθαρσία",
        "tag": "w",
        "type": "word",
        "lemma": "ἀκαθαρσία",
        "strong": "G01670",
        "morph": "Gr,N,,,,,NFS,"
      },
      {
        "text": "πᾶσα",
        "tag": "w",
        "type": "word",
        "lemma": "πᾶς",
        "strong": "G39560",
        "morph": "Gr,EQ,,,,NFS,"
      },
      {
        "type": "text",
        "text": ","
      },
      {
        "text": "ἢ",
        "tag": "w",
        "type": "word",
        "lemma": "ἤ",
        "strong": "G22280",
        "morph": "Gr,CC,,,,,,,,"
      },
      {
        "text": "πλεονεξία",
        "tag": "w",
        "type": "word",
        "lemma": "πλεονεξία",
        "strong": "G41240",
        "morph": "Gr,N,,,,,NFS,",
        "tw": "rc://*/tw/dict/bible/other/envy"
      },
      {
        "type": "text",
        "text": ","
      },
      {
        "text": "μηδὲ",
        "tag": "w",
        "type": "word",
        "lemma": "μηδέ",
        "strong": "G33660",
        "morph": "Gr,D,,,,,,,,,"
      },
      {
        "text": "ὀνομαζέσθω",
        "tag": "w",
        "type": "word",
        "lemma": "ὀνομάζω",
        "strong": "G36870",
        "morph": "Gr,V,MPP3,,S,"
      },
      {
        "text": "ἐν",
        "tag": "w",
        "type": "word",
        "lemma": "ἐν",
        "strong": "G17220",
        "morph": "Gr,P,,,,,D,,,"
      },
      {
        "text": "ὑμῖν",
        "tag": "w",
        "type": "word",
        "lemma": "σύ",
        "strong": "G47710",
        "morph": "Gr,RP,,,2D,P,"
      },
      {
        "type": "text",
        "text": ","
      },
      {
        "text": "καθὼς",
        "tag": "w",
        "type": "word",
        "lemma": "καθώς",
        "strong": "G25310",
        "morph": "Gr,D,,,,,,,,,",
        "tw": "rc://*/tw/dict/bible/other/like"
      },
      {
        "text": "πρέπει",
        "tag": "w",
        "type": "word",
        "lemma": "πρέπω",
        "strong": "G42410",
        "morph": "Gr,V,IPA3,,S,"
      },
      {
        "text": "ἁγίοις",
        "tag": "w",
        "type": "word",
        "lemma": "ἅγιος",
        "strong": "G00400",
        "morph": "Gr,NS,,,,DMP,",
        "tw": "rc://*/tw/dict/bible/kt/saint"
      },
      {
        "type": "text",
        "text": ";\n\n"
      }
    ]
  },
  "4": {
    "verseObjects": [
      {
        "text": "καὶ",
        "tag": "w",
        "type": "word",
        "lemma": "καί",
        "strong": "G25320",
        "morph": "Gr,CC,,,,,,,,"
      },
      {
        "text": "αἰσχρότης",
        "tag": "w",
        "type": "word",
        "lemma": "αἰσχρότης",
        "strong": "G01510",
        "morph": "Gr,N,,,,,NFS,"
      },
      {
        "type": "text",
        "text": ","
      },
      {
        "text": "καὶ",
        "tag": "w",
        "type": "word",
        "lemma": "καί",
        "strong": "G25320",
        "morph": "Gr,CC,,,,,,,,"
      },
      {
        "text": "μωρολογία",
        "tag": "w",
        "type": "word",
        "lemma": "μωρολογία",
        "strong": "G34730",
        "morph": "Gr,N,,,,,NFS,",
        "tw": "rc://*/tw/dict/bible/kt/foolish"
      },
      {
        "type": "text",
        "text": ","
      },
      {
        "text": "ἢ",
        "tag": "w",
        "type": "word",
        "lemma": "ἤ",
        "strong": "G22280",
        "morph": "Gr,CC,,,,,,,,"
      },
      {
        "text": "εὐτραπελία",
        "tag": "w",
        "type": "word",
        "lemma": "εὐτραπελία",
        "strong": "G21600",
        "morph": "Gr,N,,,,,NFS,"
      },
      {
        "type": "text",
        "text": ","
      },
      {
        "text": "ἃ",
        "tag": "w",
        "type": "word",
        "lemma": "ὅς",
        "strong": "G37390",
        "morph": "Gr,RR,,,,NNP,"
      },
      {
        "text": "οὐκ",
        "tag": "w",
        "type": "word",
        "lemma": "οὐ",
        "strong": "G37560",
        "morph": "Gr,D,,,,,,,,,"
      },
      {
        "text": "ἀνῆκεν",
        "tag": "w",
        "type": "word",
        "lemma": "ἀνήκω",
        "strong": "G04330",
        "morph": "Gr,V,IIA3,,S,"
      },
      {
        "type": "text",
        "text": ","
      },
      {
        "text": "ἀλλὰ",
        "tag": "w",
        "type": "word",
        "lemma": "ἀλλά",
        "strong": "G02350",
        "morph": "Gr,CC,,,,,,,,"
      },
      {
        "text": "μᾶλλον",
        "tag": "w",
        "type": "word",
        "lemma": "μᾶλλον",
        "strong": "G31230",
        "morph": "Gr,D,,,,,,,,,"
      },
      {
        "text": "εὐχαριστία",
        "tag": "w",
        "type": "word",
        "lemma": "εὐχαριστία",
        "strong": "G21690",
        "morph": "Gr,N,,,,,NFS,"
      },
      {
        "type": "text",
        "text": ".\n\n"
      }
    ]
  },
  "5": {
    "verseObjects": [
      {
        "text": "τοῦτο",
        "tag": "w",
        "type": "word",
        "lemma": "οὗτος",
        "strong": "G37780",
        "morph": "Gr,RD,,,,ANS,"
      },
      {
        "text": "γὰρ",
        "tag": "w",
        "type": "word",
        "lemma": "γάρ",
        "strong": "G10630",
        "morph": "Gr,CC,,,,,,,,"
      },
      {
        "text": "ἴστε",
        "tag": "w",
        "type": "word",
        "lemma": "εἴδω",
        "strong": "G14920",
        "morph": "Gr,V,MEA2,,P,",
        "tw": "rc://*/tw/dict/bible/other/know"
      },
      {
        "type": "text",
        "text": ","
      },
      {
        "text": "γινώσκοντες",
        "tag": "w",
        "type": "word",
        "lemma": "γινώσκω",
        "strong": "G10970",
        "morph": "Gr,V,PPA,NMP,",
        "tw": "rc://*/tw/dict/bible/other/know"
      },
      {
        "text": "ὅτι",
        "tag": "w",
        "type": "word",
        "lemma": "ὅτι",
        "strong": "G37540",
        "morph": "Gr,CS,,,,,,,,"
      },
      {
        "text": "πᾶς",
        "tag": "w",
        "type": "word",
        "lemma": "πᾶς",
        "strong": "G39560",
        "morph": "Gr,EQ,,,,NMS,"
      },
      {
        "text": "πόρνος",
        "tag": "w",
        "type": "word",
        "lemma": "πόρνος",
        "strong": "G42050",
        "morph": "Gr,N,,,,,NMS,",
        "tw": "rc://*/tw/dict/bible/other/fornication"
      },
      {
        "type": "text",
        "text": ","
      },
      {
        "text": "ἢ",
        "tag": "w",
        "type": "word",
        "lemma": "ἤ",
        "strong": "G22280",
        "morph": "Gr,CC,,,,,,,,"
      },
      {
        "text": "ἀκάθαρτος",
        "tag": "w",
        "type": "word",
        "lemma": "ἀκάθαρτος",
        "strong": "G01690",
        "morph": "Gr,NS,,,,NMS,",
        "tw": "rc://*/tw/dict/bible/kt/clean"
      },
      {
        "type": "text",
        "text": ","
      },
      {
        "text": "ἢ",
        "tag": "w",
        "type": "word",
        "lemma": "ἤ",
        "strong": "G22280",
        "morph": "Gr,CC,,,,,,,,"
      },
      {
        "text": "πλεονέκτης",
        "tag": "w",
        "type": "word",
        "lemma": "πλεονέκτης",
        "strong": "G41230",
        "morph": "Gr,N,,,,,NMS,",
        "tw": "rc://*/tw/dict/bible/other/envy"
      },
      {
        "type": "text",
        "text": ","
      },
      {
        "text": "ὅ",
        "tag": "w",
        "type": "word",
        "lemma": "ὅς",
        "strong": "G37390",
        "morph": "Gr,RR,,,,NNS,"
      },
      {
        "text": "ἐστιν",
        "tag": "w",
        "type": "word",
        "lemma": "εἰμί",
        "strong": "G15100",
        "morph": "Gr,V,IPA3,,S,"
      },
      {
        "text": "εἰδωλολάτρης",
        "tag": "w",
        "type": "word",
        "lemma": "εἰδωλολάτρης",
        "strong": "G14960",
        "morph": "Gr,N,,,,,NMS,",
        "tw": "rc://*/tw/dict/bible/kt/falsegod"
      },
      {
        "type": "text",
        "text": ","
      },
      {
        "text": "οὐκ",
        "tag": "w",
        "type": "word",
        "lemma": "οὐ",
        "strong": "G37560",
        "morph": "Gr,D,,,,,,,,,"
      },
      {
        "text": "ἔχει",
        "tag": "w",
        "type": "word",
        "lemma": "ἔχω",
        "strong": "G21920",
        "morph": "Gr,V,IPA3,,S,"
      },
      {
        "text": "κληρονομίαν",
        "tag": "w",
        "type": "word",
        "lemma": "κληρονομία",
        "strong": "G28170",
        "morph": "Gr,N,,,,,AFS,",
        "tw": "rc://*/tw/dict/bible/kt/inherit"
      },
      {
        "text": "ἐν",
        "tag": "w",
        "type": "word",
        "lemma": "ἐν",
        "strong": "G17220",
        "morph": "Gr,P,,,,,D,,,"
      },
      {
        "text": "τῇ",
        "tag": "w",
        "type": "word",
        "lemma": "ὁ",
        "strong": "G35880",
        "morph": "Gr,EA,,,,DFS,"
      },
      {
        "tag": "k",
        "type": "milestone",
        "tw": "rc://*/tw/dict/bible/kt/kingdomofgod",
        "children": [
          {
            "text": "βασιλείᾳ",
            "tag": "w",
            "type": "word",
            "lemma": "βασιλεία",
            "strong": "G09320",
            "morph": "Gr,N,,,,,DFS,",
            "tw": "rc://*/tw/dict/bible/other/kingdom"
          },
          {
            "text": "τοῦ",
            "tag": "w",
            "type": "word",
            "lemma": "ὁ",
            "strong": "G35880",
            "morph": "Gr,EA,,,,GMS,"
          },
          {
            "text": "Χριστοῦ",
            "tag": "w",
            "type": "word",
            "lemma": "χριστός",
            "strong": "G55470",
            "morph": "Gr,N,,,,,GMS,",
            "tw": "rc://*/tw/dict/bible/kt/christ"
          },
          {
            "text": "καὶ",
            "tag": "w",
            "type": "word",
            "lemma": "καί",
            "strong": "G25320",
            "morph": "Gr,CC,,,,,,,,"
          },
          {
            "text": "Θεοῦ",
            "tag": "w",
            "type": "word",
            "lemma": "θεός",
            "strong": "G23160",
            "morph": "Gr,N,,,,,GMS,",
            "tw": "rc://*/tw/dict/bible/kt/god"
          }
        ]
      },
      {
        "type": "text",
        "text": ".\n\n"
      }
    ]
  },
  "6": {
    "verseObjects": [
      {
        "type": "text",
        "text": "\n"
      },
      {
        "tag": "p",
        "type": "paragraph",
        "text": "\n"
      },
      {
        "text": "μηδεὶς",
        "tag": "w",
        "type": "word",
        "lemma": "μηδείς",
        "strong": "G33670",
        "morph": "Gr,RI,,,,NMS,"
      },
      {
        "text": "ὑμᾶς",
        "tag": "w",
        "type": "word",
        "lemma": "σύ",
        "strong": "G47710",
        "morph": "Gr,RP,,,2A,P,"
      },
      {
        "text": "ἀπατάτω",
        "tag": "w",
        "type": "word",
        "lemma": "ἀπατάω",
        "strong": "G05380",
        "morph": "Gr,V,MPA3,,S,",
        "tw": "rc://*/tw/dict/bible/other/deceive"
      },
      {
        "text": "κενοῖς",
        "tag": "w",
        "type": "word",
        "lemma": "κενός",
        "strong": "G27560",
        "morph": "Gr,AA,,,,DMP,",
        "tw": "rc://*/tw/dict/bible/other/vain"
      },
      {
        "text": "λόγοις",
        "tag": "w",
        "type": "word",
        "lemma": "λόγος",
        "strong": "G30560",
        "morph": "Gr,N,,,,,DMP,",
        "tw": "rc://*/tw/dict/bible/other/word"
      },
      {
        "text": "διὰ",
        "tag": "w",
        "type": "word",
        "lemma": "διά",
        "strong": "G12230",
        "morph": "Gr,P,,,,,A,,,"
      },
      {
        "text": "ταῦτα",
        "tag": "w",
        "type": "word",
        "lemma": "οὗτος",
        "strong": "G37780",
        "morph": "Gr,RD,,,,ANP,"
      },
      {
        "type": "text",
        "text": ","
      },
      {
        "text": "γὰρ",
        "tag": "w",
        "type": "word",
        "lemma": "γάρ",
        "strong": "G10630",
        "morph": "Gr,CC,,,,,,,,"
      },
      {
        "text": "ἔρχεται",
        "tag": "w",
        "type": "word",
        "lemma": "ἔρχομαι",
        "strong": "G20640",
        "morph": "Gr,V,IPM3,,S,"
      },
      {
        "text": "ἡ",
        "tag": "w",
        "type": "word",
        "lemma": "ὁ",
        "strong": "G35880",
        "morph": "Gr,EA,,,,NFS,"
      },
      {
        "text": "ὀργὴ",
        "tag": "w",
        "type": "word",
        "lemma": "ὀργή",
        "strong": "G37090",
        "morph": "Gr,N,,,,,NFS,",
        "tw": "rc://*/tw/dict/bible/kt/wrath"
      },
      {
        "text": "τοῦ",
        "tag": "w",
        "type": "word",
        "lemma": "ὁ",
        "strong": "G35880",
        "morph": "Gr,EA,,,,GMS,"
      },
      {
        "text": "Θεοῦ",
        "tag": "w",
        "type": "word",
        "lemma": "θεός",
        "strong": "G23160",
        "morph": "Gr,N,,,,,GMS,",
        "tw": "rc://*/tw/dict/bible/kt/god"
      },
      {
        "text": "ἐπὶ",
        "tag": "w",
        "type": "word",
        "lemma": "ἐπί",
        "strong": "G19090",
        "morph": "Gr,P,,,,,A,,,"
      },
      {
        "text": "τοὺς",
        "tag": "w",
        "type": "word",
        "lemma": "ὁ",
        "strong": "G35880",
        "morph": "Gr,EA,,,,AMP,"
      },
      {
        "text": "υἱοὺς",
        "tag": "w",
        "type": "word",
        "lemma": "υἱός",
        "strong": "G52070",
        "morph": "Gr,N,,,,,AMP,",
        "tw": "rc://*/tw/dict/bible/kt/son"
      },
      {
        "text": "τῆς",
        "tag": "w",
        "type": "word",
        "lemma": "ὁ",
        "strong": "G35880",
        "morph": "Gr,EA,,,,GFS,"
      },
      {
        "text": "ἀπειθείας",
        "tag": "w",
        "type": "word",
        "lemma": "ἀπείθεια",
        "strong": "G05430",
        "morph": "Gr,N,,,,,GFS,",
        "tw": "rc://*/tw/dict/bible/other/disobey"
      },
      {
        "type": "text",
        "text": ".\n\n"
      }
    ]
  },
  "7": {
    "verseObjects": [
      {
        "text": "μὴ",
        "tag": "w",
        "type": "word",
        "lemma": "μή",
        "strong": "G33610",
        "morph": "Gr,D,,,,,,,,,"
      },
      {
        "text": "οὖν",
        "tag": "w",
        "type": "word",
        "lemma": "οὖν",
        "strong": "G37670",
        "morph": "Gr,CC,,,,,,,,"
      },
      {
        "text": "γίνεσθε",
        "tag": "w",
        "type": "word",
        "lemma": "γίνομαι",
        "strong": "G10960",
        "morph": "Gr,V,MPM2,,P,"
      },
      {
        "text": "συνμέτοχοι",
        "tag": "w",
        "type": "word",
        "lemma": "συνμέτοχος",
        "strong": "G48300",
        "morph": "Gr,NS,,,,NMP,"
      },
      {
        "text": "αὐτῶν",
        "tag": "w",
        "type": "word",
        "lemma": "αὐτός",
        "strong": "G08460",
        "morph": "Gr,RP,,,3GMP,"
      },
      {
        "type": "text",
        "text": ";\n\n"
      }
    ]
  },
  "8": {
    "verseObjects": [
      {
        "text": "ἦτε",
        "tag": "w",
        "type": "word",
        "lemma": "εἰμί",
        "strong": "G15100",
        "morph": "Gr,V,IIA2,,P,"
      },
      {
        "text": "γάρ",
        "tag": "w",
        "type": "word",
        "lemma": "γάρ",
        "strong": "G10630",
        "morph": "Gr,CC,,,,,,,,"
      },
      {
        "text": "ποτε",
        "tag": "w",
        "type": "word",
        "lemma": "ποτέ",
        "strong": "G42180",
        "morph": "Gr,D,,,,,,,,,"
      },
      {
        "text": "σκότος",
        "tag": "w",
        "type": "word",
        "lemma": "σκότος",
        "strong": "G46550",
        "morph": "Gr,N,,,,,NNS,",
        "tw": "rc://*/tw/dict/bible/other/darkness"
      },
      {
        "type": "text",
        "text": ","
      },
      {
        "text": "νῦν",
        "tag": "w",
        "type": "word",
        "lemma": "νῦν",
        "strong": "G35680",
        "morph": "Gr,D,,,,,,,,,"
      },
      {
        "text": "δὲ",
        "tag": "w",
        "type": "word",
        "lemma": "δέ",
        "strong": "G11610",
        "morph": "Gr,CC,,,,,,,,"
      },
      {
        "text": "φῶς",
        "tag": "w",
        "type": "word",
        "lemma": "φῶς",
        "strong": "G54570",
        "morph": "Gr,N,,,,,NNS,",
        "tw": "rc://*/tw/dict/bible/other/light"
      },
      {
        "tag": "k",
        "type": "milestone",
        "tw": "rc://*/tw/dict/bible/kt/inchrist",
        "children": [
          {
            "text": "ἐν",
            "tag": "w",
            "type": "word",
            "lemma": "ἐν",
            "strong": "G17220",
            "morph": "Gr,P,,,,,D,,,"
          },
          {
            "text": "Κυρίῳ",
            "tag": "w",
            "type": "word",
            "lemma": "κύριος",
            "strong": "G29620",
            "morph": "Gr,N,,,,,DMS,",
            "tw": "rc://*/tw/dict/bible/kt/lord"
          }
        ]
      },
      {
        "type": "text",
        "text": ";"
      },
      {
        "text": "ὡς",
        "tag": "w",
        "type": "word",
        "lemma": "ὡς",
        "strong": "G56130",
        "morph": "Gr,CS,,,,,,,,",
        "tw": "rc://*/tw/dict/bible/other/like"
      },
      {
        "text": "τέκνα",
        "tag": "w",
        "type": "word",
        "lemma": "τέκνον",
        "strong": "G50430",
        "morph": "Gr,N,,,,,NNP,",
        "tw": "rc://*/tw/dict/bible/kt/children"
      },
      {
        "text": "φωτὸς",
        "tag": "w",
        "type": "word",
        "lemma": "φῶς",
        "strong": "G54570",
        "morph": "Gr,N,,,,,GNS,",
        "tw": "rc://*/tw/dict/bible/other/light"
      },
      {
        "text": "περιπατεῖτε",
        "tag": "w",
        "type": "word",
        "lemma": "περιπατέω",
        "strong": "G40430",
        "morph": "Gr,V,MPA2,,P,",
        "tw": "rc://*/tw/dict/bible/other/walk"
      },
      {
        "type": "text",
        "text": "\n\n"
      }
    ]
  },
  "9": {
    "verseObjects": [
      {
        "text": "ὁ",
        "tag": "w",
        "type": "word",
        "lemma": "ὁ",
        "strong": "G35880",
        "morph": "Gr,EA,,,,NMS,"
      },
      {
        "type": "text",
        "text": "("
      },
      {
        "text": "γὰρ",
        "tag": "w",
        "type": "word",
        "lemma": "γάρ",
        "strong": "G10630",
        "morph": "Gr,CC,,,,,,,,"
      },
      {
        "text": "καρπὸς",
        "tag": "w",
        "type": "word",
        "lemma": "καρπός",
        "strong": "G25900",
        "morph": "Gr,N,,,,,NMS,",
        "tw": "rc://*/tw/dict/bible/other/fruit"
      },
      {
        "text": "τοῦ",
        "tag": "w",
        "type": "word",
        "lemma": "ὁ",
        "strong": "G35880",
        "morph": "Gr,EA,,,,GNS,"
      },
      {
        "text": "φωτὸς",
        "tag": "w",
        "type": "word",
        "lemma": "φῶς",
        "strong": "G54570",
        "morph": "Gr,N,,,,,GNS,",
        "tw": "rc://*/tw/dict/bible/other/light"
      },
      {
        "text": "ἐν",
        "tag": "w",
        "type": "word",
        "lemma": "ἐν",
        "strong": "G17220",
        "morph": "Gr,P,,,,,D,,,"
      },
      {
        "text": "πάσῃ",
        "tag": "w",
        "type": "word",
        "lemma": "πᾶς",
        "strong": "G39560",
        "morph": "Gr,EQ,,,,DFS,"
      },
      {
        "text": "ἀγαθωσύνῃ",
        "tag": "w",
        "type": "word",
        "lemma": "ἀγαθωσύνη",
        "strong": "G00190",
        "morph": "Gr,N,,,,,DFS,",
        "tw": "rc://*/tw/dict/bible/kt/good"
      },
      {
        "type": "text",
        "text": ","
      },
      {
        "text": "καὶ",
        "tag": "w",
        "type": "word",
        "lemma": "καί",
        "strong": "G25320",
        "morph": "Gr,CC,,,,,,,,"
      },
      {
        "text": "δικαιοσύνῃ",
        "tag": "w",
        "type": "word",
        "lemma": "δικαιοσύνη",
        "strong": "G13430",
        "morph": "Gr,N,,,,,DFS,",
        "tw": "rc://*/tw/dict/bible/kt/righteous"
      },
      {
        "type": "text",
        "text": ","
      },
      {
        "text": "καὶ",
        "tag": "w",
        "type": "word",
        "lemma": "καί",
        "strong": "G25320",
        "morph": "Gr,CC,,,,,,,,"
      },
      {
        "text": "ἀληθείᾳ",
        "tag": "w",
        "type": "word",
        "lemma": "ἀλήθεια",
        "strong": "G02250",
        "morph": "Gr,N,,,,,DFS,",
        "tw": "rc://*/tw/dict/bible/kt/true"
      },
      {
        "type": "text",
        "text": "),\n\n"
      }
    ]
  },
  "10": {
    "verseObjects": [
      {
        "text": "δοκιμάζοντες",
        "tag": "w",
        "type": "word",
        "lemma": "δοκιμάζω",
        "strong": "G13810",
        "morph": "Gr,V,PPA,NMP,",
        "tw": "rc://*/tw/dict/bible/kt/test"
      },
      {
        "text": "τί",
        "tag": "w",
        "type": "word",
        "lemma": "τίς",
        "strong": "G51010",
        "morph": "Gr,RT,,,,NNS,"
      },
      {
        "text": "ἐστιν",
        "tag": "w",
        "type": "word",
        "lemma": "εἰμί",
        "strong": "G15100",
        "morph": "Gr,V,IPA3,,S,"
      },
      {
        "text": "εὐάρεστον",
        "tag": "w",
        "type": "word",
        "lemma": "εὐάρεστος",
        "strong": "G21010",
        "morph": "Gr,NP,,,,NNS,"
      },
      {
        "text": "τῷ",
        "tag": "w",
        "type": "word",
        "lemma": "ὁ",
        "strong": "G35880",
        "morph": "Gr,EA,,,,DMS,"
      },
      {
        "text": "Κυρίῳ",
        "tag": "w",
        "type": "word",
        "lemma": "κύριος",
        "strong": "G29620",
        "morph": "Gr,N,,,,,DMS,",
        "tw": "rc://*/tw/dict/bible/kt/lord"
      },
      {
        "type": "text",
        "text": ".\n\n"
      }
    ]
  },
  "11": {
    "verseObjects": [
      {
        "text": "καὶ",
        "tag": "w",
        "type": "word",
        "lemma": "καί",
        "strong": "G25320",
        "morph": "Gr,CC,,,,,,,,"
      },
      {
        "text": "μὴ",
        "tag": "w",
        "type": "word",
        "lemma": "μή",
        "strong": "G33610",
        "morph": "Gr,D,,,,,,,,,"
      },
      {
        "text": "συνκοινωνεῖτε",
        "tag": "w",
        "type": "word",
        "lemma": "συνκοινωνέω",
        "strong": "G47900",
        "morph": "Gr,V,MPA2,,P,",
        "tw": "rc://*/tw/dict/bible/kt/fellowship"
      },
      {
        "text": "τοῖς",
        "tag": "w",
        "type": "word",
        "lemma": "ὁ",
        "strong": "G35880",
        "morph": "Gr,EA,,,,DNP,"
      },
      {
        "text": "ἔργοις",
        "tag": "w",
        "type": "word",
        "lemma": "ἔργον",
        "strong": "G20410",
        "morph": "Gr,N,,,,,DNP,",
        "tw": "rc://*/tw/dict/bible/kt/works"
      },
      {
        "text": "τοῖς",
        "tag": "w",
        "type": "word",
        "lemma": "ὁ",
        "strong": "G35880",
        "morph": "Gr,EA,,,,DNP,"
      },
      {
        "text": "ἀκάρποις",
        "tag": "w",
        "type": "word",
        "lemma": "ἄκαρπος",
        "strong": "G01750",
        "morph": "Gr,AR,,,,DNP,",
        "tw": "rc://*/tw/dict/bible/other/fruit"
      },
      {
        "text": "τοῦ",
        "tag": "w",
        "type": "word",
        "lemma": "ὁ",
        "strong": "G35880",
        "morph": "Gr,EA,,,,GNS,"
      },
      {
        "text": "σκότους",
        "tag": "w",
        "type": "word",
        "lemma": "σκότος",
        "strong": "G46550",
        "morph": "Gr,N,,,,,GNS,",
        "tw": "rc://*/tw/dict/bible/other/darkness"
      },
      {
        "type": "text",
        "text": ","
      },
      {
        "text": "μᾶλλον",
        "tag": "w",
        "type": "word",
        "lemma": "μᾶλλον",
        "strong": "G31230",
        "morph": "Gr,D,,,,,,,,,"
      },
      {
        "text": "δὲ",
        "tag": "w",
        "type": "word",
        "lemma": "δέ",
        "strong": "G11610",
        "morph": "Gr,CC,,,,,,,,"
      },
      {
        "text": "καὶ",
        "tag": "w",
        "type": "word",
        "lemma": "καί",
        "strong": "G25320",
        "morph": "Gr,D,,,,,,,,,"
      },
      {
        "text": "ἐλέγχετε",
        "tag": "w",
        "type": "word",
        "lemma": "ἐλέγχω",
        "strong": "G16510",
        "morph": "Gr,V,MPA2,,P,",
        "tw": "rc://*/tw/dict/bible/other/rebuke"
      },
      {
        "type": "text",
        "text": ";\n\n"
      }
    ]
  },
  "12": {
    "verseObjects": [
      {
        "text": "τὰ",
        "tag": "w",
        "type": "word",
        "lemma": "ὁ",
        "strong": "G35880",
        "morph": "Gr,RD,,,,NNP,"
      },
      {
        "text": "γὰρ",
        "tag": "w",
        "type": "word",
        "lemma": "γάρ",
        "strong": "G10630",
        "morph": "Gr,CC,,,,,,,,"
      },
      {
        "text": "κρυφῇ",
        "tag": "w",
        "type": "word",
        "lemma": "κρυφῇ",
        "strong": "G29310",
        "morph": "Gr,D,,,,,,,,,"
      },
      {
        "text": "γινόμενα",
        "tag": "w",
        "type": "word",
        "lemma": "γίνομαι",
        "strong": "G10960",
        "morph": "Gr,V,PPM,ANP,"
      },
      {
        "text": "ὑπ’",
        "tag": "w",
        "type": "word",
        "lemma": "ὑπό",
        "strong": "G52590",
        "morph": "Gr,P,,,,,G,,,"
      },
      {
        "text": "αὐτῶν",
        "tag": "w",
        "type": "word",
        "lemma": "αὐτός",
        "strong": "G08460",
        "morph": "Gr,RP,,,3GMP,"
      },
      {
        "type": "text",
        "text": ","
      },
      {
        "text": "αἰσχρόν",
        "tag": "w",
        "type": "word",
        "lemma": "αἰσχρός",
        "strong": "G01500",
        "morph": "Gr,NP,,,,NNS,",
        "tw": "rc://*/tw/dict/bible/other/shame"
      },
      {
        "text": "ἐστιν",
        "tag": "w",
        "type": "word",
        "lemma": "εἰμί",
        "strong": "G15100",
        "morph": "Gr,V,IPA3,,S,"
      },
      {
        "text": "καὶ",
        "tag": "w",
        "type": "word",
        "lemma": "καί",
        "strong": "G25320",
        "morph": "Gr,D,,,,,,,,,"
      },
      {
        "text": "λέγειν",
        "tag": "w",
        "type": "word",
        "lemma": "λέγω",
        "strong": "G30040",
        "morph": "Gr,V,NPA,,,,,"
      },
      {
        "type": "text",
        "text": ".\n\n"
      }
    ]
  },
  "13": {
    "verseObjects": [
      {
        "text": "τὰ",
        "tag": "w",
        "type": "word",
        "lemma": "ὁ",
        "strong": "G35880",
        "morph": "Gr,RD,,,,NNP,"
      },
      {
        "text": "δὲ",
        "tag": "w",
        "type": "word",
        "lemma": "δέ",
        "strong": "G11610",
        "morph": "Gr,CC,,,,,,,,"
      },
      {
        "text": "πάντα",
        "tag": "w",
        "type": "word",
        "lemma": "πᾶς",
        "strong": "G39560",
        "morph": "Gr,EQ,,,,NNP,"
      },
      {
        "text": "ἐλεγχόμενα",
        "tag": "w",
        "type": "word",
        "lemma": "ἐλέγχω",
        "strong": "G16510",
        "morph": "Gr,V,PPP,NNP,",
        "tw": "rc://*/tw/dict/bible/other/rebuke"
      },
      {
        "text": "ὑπὸ",
        "tag": "w",
        "type": "word",
        "lemma": "ὑπό",
        "strong": "G52590",
        "morph": "Gr,P,,,,,G,,,"
      },
      {
        "text": "τοῦ",
        "tag": "w",
        "type": "word",
        "lemma": "ὁ",
        "strong": "G35880",
        "morph": "Gr,EA,,,,GNS,"
      },
      {
        "text": "φωτὸς",
        "tag": "w",
        "type": "word",
        "lemma": "φῶς",
        "strong": "G54570",
        "morph": "Gr,N,,,,,GNS,",
        "tw": "rc://*/tw/dict/bible/other/light"
      },
      {
        "text": "φανεροῦται",
        "tag": "w",
        "type": "word",
        "lemma": "φανερόω",
        "strong": "G53190",
        "morph": "Gr,V,IPP3,,S,",
        "tw": "rc://*/tw/dict/bible/kt/reveal"
      },
      {
        "type": "text",
        "text": ","
      },
      {
        "text": "πᾶν",
        "tag": "w",
        "type": "word",
        "lemma": "πᾶς",
        "strong": "G39560",
        "morph": "Gr,RI,,,,NNS,"
      },
      {
        "text": "γὰρ",
        "tag": "w",
        "type": "word",
        "lemma": "γάρ",
        "strong": "G10630",
        "morph": "Gr,CC,,,,,,,,"
      },
      {
        "text": "τὸ",
        "tag": "w",
        "type": "word",
        "lemma": "ὁ",
        "strong": "G35880",
        "morph": "Gr,RD,,,,NNS,"
      },
      {
        "text": "φανερούμενον",
        "tag": "w",
        "type": "word",
        "lemma": "φανερόω",
        "strong": "G53190",
        "morph": "Gr,V,PPP,NNS,",
        "tw": "rc://*/tw/dict/bible/kt/reveal"
      },
      {
        "text": "φῶς",
        "tag": "w",
        "type": "word",
        "lemma": "φῶς",
        "strong": "G54570",
        "morph": "Gr,N,,,,,NNS,",
        "tw": "rc://*/tw/dict/bible/other/light"
      },
      {
        "text": "ἐστιν",
        "tag": "w",
        "type": "word",
        "lemma": "εἰμί",
        "strong": "G15100",
        "morph": "Gr,V,IPA3,,S,"
      },
      {
        "type": "text",
        "text": ".\n\n"
      }
    ]
  },
  "14": {
    "verseObjects": [
      {
        "text": "διὸ",
        "tag": "w",
        "type": "word",
        "lemma": "διό",
        "strong": "G13520",
        "morph": "Gr,CC,,,,,,,,"
      },
      {
        "text": "λέγει",
        "tag": "w",
        "type": "word",
        "lemma": "λέγω",
        "strong": "G30040",
        "morph": "Gr,V,IPA3,,S,"
      },
      {
        "type": "text",
        "text": ",\n“"
      },
      {
        "text": "ἔγειρε",
        "tag": "w",
        "type": "word",
        "lemma": "ἐγείρω",
        "strong": "G14530",
        "morph": "Gr,V,MPA2,,S,",
        "tw": "rc://*/tw/dict/bible/other/raise"
      },
      {
        "type": "text",
        "text": ","
      },
      {
        "text": "ὁ",
        "tag": "w",
        "type": "word",
        "lemma": "ὁ",
        "strong": "G35880",
        "morph": "Gr,RD,,,,VMS,"
      },
      {
        "text": "καθεύδων",
        "tag": "w",
        "type": "word",
        "lemma": "καθεύδω",
        "strong": "G25180",
        "morph": "Gr,V,PPA,vMS,",
        "tw": "rc://*/tw/dict/bible/other/sleep"
      },
      {
        "type": "text",
        "text": ","
      },
      {
        "text": "καὶ",
        "tag": "w",
        "type": "word",
        "lemma": "καί",
        "strong": "G25320",
        "morph": "Gr,CC,,,,,,,,"
      },
      {
        "text": "ἀνάστα",
        "tag": "w",
        "type": "word",
        "lemma": "ἀνίστημι",
        "strong": "G04500",
        "morph": "Gr,V,MAA2,,S,",
        "tw": "rc://*/tw/dict/bible/other/raise"
      },
      {
        "text": "ἐκ",
        "tag": "w",
        "type": "word",
        "lemma": "ἐκ",
        "strong": "G15370",
        "morph": "Gr,P,,,,,G,,,"
      },
      {
        "text": "τῶν",
        "tag": "w",
        "type": "word",
        "lemma": "ὁ",
        "strong": "G35880",
        "morph": "Gr,EA,,,,GMP,"
      },
      {
        "text": "νεκρῶν",
        "tag": "w",
        "type": "word",
        "lemma": "νεκρός",
        "strong": "G34980",
        "morph": "Gr,NS,,,,GMP,",
        "tw": "rc://*/tw/dict/bible/other/death"
      },
      {
        "type": "text",
        "text": ","
      },
      {
        "text": "καὶ",
        "tag": "w",
        "type": "word",
        "lemma": "καί",
        "strong": "G25320",
        "morph": "Gr,CC,,,,,,,,"
      },
      {
        "text": "ἐπιφαύσει",
        "tag": "w",
        "type": "word",
        "lemma": "ἐπιφαύσκω",
        "strong": "G20170",
        "morph": "Gr,V,IFA3,,S,"
      },
      {
        "text": "σοι",
        "tag": "w",
        "type": "word",
        "lemma": "σύ",
        "strong": "G47710",
        "morph": "Gr,RP,,,2D,S,"
      },
      {
        "text": "ὁ",
        "tag": "w",
        "type": "word",
        "lemma": "ὁ",
        "strong": "G35880",
        "morph": "Gr,EA,,,,NMS,"
      },
      {
        "text": "Χριστός",
        "tag": "w",
        "type": "word",
        "lemma": "χριστός",
        "strong": "G55470",
        "morph": "Gr,N,,,,,NMS,",
        "tw": "rc://*/tw/dict/bible/kt/christ"
      },
      {
        "type": "text",
        "text": ".”\n\n"
      }
    ]
  },
  "15": {
    "verseObjects": [
      {
        "type": "text",
        "text": "\n"
      },
      {
        "tag": "p",
        "type": "paragraph",
        "text": "\n"
      },
      {
        "text": "βλέπετε",
        "tag": "w",
        "type": "word",
        "lemma": "βλέπω",
        "strong": "G09910",
        "morph": "Gr,V,MPA2,,P,"
      },
      {
        "text": "οὖν",
        "tag": "w",
        "type": "word",
        "lemma": "οὖν",
        "strong": "G37670",
        "morph": "Gr,CC,,,,,,,,"
      },
      {
        "text": "ἀκριβῶς",
        "tag": "w",
        "type": "word",
        "lemma": "ἀκριβῶς",
        "strong": "G01990",
        "morph": "Gr,D,,,,,,,,,"
      },
      {
        "text": "πῶς",
        "tag": "w",
        "type": "word",
        "lemma": "πῶς",
        "strong": "G44590",
        "morph": "Gr,D,,,,,,,,,"
      },
      {
        "text": "περιπατεῖτε",
        "tag": "w",
        "type": "word",
        "lemma": "περιπατέω",
        "strong": "G40430",
        "morph": "Gr,V,IPA2,,P,",
        "tw": "rc://*/tw/dict/bible/other/walk"
      },
      {
        "type": "text",
        "text": ","
      },
      {
        "text": "μὴ",
        "tag": "w",
        "type": "word",
        "lemma": "μή",
        "strong": "G33610",
        "morph": "Gr,DO,,,,,,,,"
      },
      {
        "text": "ὡς",
        "tag": "w",
        "type": "word",
        "lemma": "ὡς",
        "strong": "G56130",
        "morph": "Gr,CS,,,,,,,,",
        "tw": "rc://*/tw/dict/bible/other/like"
      },
      {
        "text": "ἄσοφοι",
        "tag": "w",
        "type": "word",
        "lemma": "ἄσοφος",
        "strong": "G07810",
        "morph": "Gr,NS,,,,NMP,"
      },
      {
        "type": "text",
        "text": ","
      },
      {
        "text": "ἀλλ’",
        "tag": "w",
        "type": "word",
        "lemma": "ἀλλά",
        "strong": "G02350",
        "morph": "Gr,CO,,,,,,,,"
      },
      {
        "text": "ὡς",
        "tag": "w",
        "type": "word",
        "lemma": "ὡς",
        "strong": "G56130",
        "morph": "Gr,CS,,,,,,,,",
        "tw": "rc://*/tw/dict/bible/other/like"
      },
      {
        "text": "σοφοί",
        "tag": "w",
        "type": "word",
        "lemma": "σοφός",
        "strong": "G46800",
        "morph": "Gr,NS,,,,NMP,",
        "tw": "rc://*/tw/dict/bible/kt/wise"
      },
      {
        "type": "text",
        "text": ",\n\n"
      }
    ]
  },
  "16": {
    "verseObjects": [
      {
        "text": "ἐξαγοραζόμενοι",
        "tag": "w",
        "type": "word",
        "lemma": "ἐξαγοράζω",
        "strong": "G18050",
        "morph": "Gr,V,PPM,NMP,",
        "tw": "rc://*/tw/dict/bible/kt/redeem"
      },
      {
        "text": "τὸν",
        "tag": "w",
        "type": "word",
        "lemma": "ὁ",
        "strong": "G35880",
        "morph": "Gr,EA,,,,AMS,"
      },
      {
        "text": "καιρόν",
        "tag": "w",
        "type": "word",
        "lemma": "καιρός",
        "strong": "G25400",
        "morph": "Gr,N,,,,,AMS,",
        "tw": "rc://*/tw/dict/bible/other/time"
      },
      {
        "type": "text",
        "text": ","
      },
      {
        "text": "ὅτι",
        "tag": "w",
        "type": "word",
        "lemma": "ὅτι",
        "strong": "G37540",
        "morph": "Gr,CS,,,,,,,,"
      },
      {
        "text": "αἱ",
        "tag": "w",
        "type": "word",
        "lemma": "ὁ",
        "strong": "G35880",
        "morph": "Gr,EA,,,,NFP,"
      },
      {
        "text": "ἡμέραι",
        "tag": "w",
        "type": "word",
        "lemma": "ἡμέρα",
        "strong": "G22500",
        "morph": "Gr,N,,,,,NFP,",
        "tw": "rc://*/tw/dict/bible/other/biblicaltimeday"
      },
      {
        "text": "πονηραί",
        "tag": "w",
        "type": "word",
        "lemma": "πονηρός",
        "strong": "G41900",
        "morph": "Gr,NP,,,,NFP,",
        "tw": "rc://*/tw/dict/bible/kt/evil"
      },
      {
        "text": "εἰσιν",
        "tag": "w",
        "type": "word",
        "lemma": "εἰμί",
        "strong": "G15100",
        "morph": "Gr,V,IPA3,,P,"
      },
      {
        "type": "text",
        "text": ".\n\n"
      }
    ]
  },
  "17": {
    "verseObjects": [
      {
        "text": "διὰ",
        "tag": "w",
        "type": "word",
        "lemma": "διά",
        "strong": "G12230",
        "morph": "Gr,P,,,,,A,,,"
      },
      {
        "text": "τοῦτο",
        "tag": "w",
        "type": "word",
        "lemma": "οὗτος",
        "strong": "G37780",
        "morph": "Gr,RD,,,,ANS,"
      },
      {
        "type": "text",
        "text": ","
      },
      {
        "text": "μὴ",
        "tag": "w",
        "type": "word",
        "lemma": "μή",
        "strong": "G33610",
        "morph": "Gr,DO,,,,,,,,"
      },
      {
        "text": "γίνεσθε",
        "tag": "w",
        "type": "word",
        "lemma": "γίνομαι",
        "strong": "G10960",
        "morph": "Gr,V,MPM2,,P,"
      },
      {
        "text": "ἄφρονες",
        "tag": "w",
        "type": "word",
        "lemma": "ἄφρων",
        "strong": "G08780",
        "morph": "Gr,NP,,,,NMP,",
        "tw": "rc://*/tw/dict/bible/kt/foolish"
      },
      {
        "type": "text",
        "text": ","
      },
      {
        "text": "ἀλλὰ",
        "tag": "w",
        "type": "word",
        "lemma": "ἀλλά",
        "strong": "G02350",
        "morph": "Gr,CO,,,,,,,,"
      },
      {
        "text": "συνίετε",
        "tag": "w",
        "type": "word",
        "lemma": "συνίημι",
        "strong": "G49200",
        "morph": "Gr,V,MPA2,,P,",
        "tw": "rc://*/tw/dict/bible/other/understand"
      },
      {
        "text": "τί",
        "tag": "w",
        "type": "word",
        "lemma": "τίς",
        "strong": "G51010",
        "morph": "Gr,RT,,,,NNS,"
      },
      {
        "text": "τὸ",
        "tag": "w",
        "type": "word",
        "lemma": "ὁ",
        "strong": "G35880",
        "morph": "Gr,EA,,,,NNS,"
      },
      {
        "tag": "k",
        "type": "milestone",
        "tw": "rc://*/tw/dict/bible/kt/willofgod",
        "children": [
          {
            "text": "θέλημα",
            "tag": "w",
            "type": "word",
            "lemma": "θέλημα",
            "strong": "G23070",
            "morph": "Gr,N,,,,,NNS,"
          },
          {
            "text": "τοῦ",
            "tag": "w",
            "type": "word",
            "lemma": "ὁ",
            "strong": "G35880",
            "morph": "Gr,EA,,,,GMS,"
          },
          {
            "text": "Κυρίου",
            "tag": "w",
            "type": "word",
            "lemma": "κύριος",
            "strong": "G29620",
            "morph": "Gr,N,,,,,GMS,",
            "tw": "rc://*/tw/dict/bible/kt/lord"
          }
        ]
      },
      {
        "type": "text",
        "text": ".\n\n"
      }
    ]
  },
  "18": {
    "verseObjects": [
      {
        "text": "καὶ",
        "tag": "w",
        "type": "word",
        "lemma": "καί",
        "strong": "G25320",
        "morph": "Gr,CC,,,,,,,,"
      },
      {
        "text": "μὴ",
        "tag": "w",
        "type": "word",
        "lemma": "μή",
        "strong": "G33610",
        "morph": "Gr,DO,,,,,,,,"
      },
      {
        "text": "μεθύσκεσθε",
        "tag": "w",
        "type": "word",
        "lemma": "μεθύσκω",
        "strong": "G31820",
        "morph": "Gr,V,MPP2,,P,",
        "tw": "rc://*/tw/dict/bible/other/drunk"
      },
      {
        "text": "οἴνῳ",
        "tag": "w",
        "type": "word",
        "lemma": "οἶνος",
        "strong": "G36310",
        "morph": "Gr,N,,,,,DMS,",
        "tw": "rc://*/tw/dict/bible/other/wine"
      },
      {
        "type": "text",
        "text": ","
      },
      {
        "text": "ἐν",
        "tag": "w",
        "type": "word",
        "lemma": "ἐν",
        "strong": "G17220",
        "morph": "Gr,P,,,,,D,,,"
      },
      {
        "text": "ᾧ",
        "tag": "w",
        "type": "word",
        "lemma": "ὅς",
        "strong": "G37390",
        "morph": "Gr,RR,,,,DMS,"
      },
      {
        "text": "ἐστιν",
        "tag": "w",
        "type": "word",
        "lemma": "εἰμί",
        "strong": "G15100",
        "morph": "Gr,V,IPA3,,S,"
      },
      {
        "text": "ἀσωτία",
        "tag": "w",
        "type": "word",
        "lemma": "ἀσωτία",
        "strong": "G08100",
        "morph": "Gr,N,,,,,NFS,"
      },
      {
        "type": "text",
        "text": ","
      },
      {
        "text": "ἀλλὰ",
        "tag": "w",
        "type": "word",
        "lemma": "ἀλλά",
        "strong": "G02350",
        "morph": "Gr,CO,,,,,,,,"
      },
      {
        "text": "πληροῦσθε",
        "tag": "w",
        "type": "word",
        "lemma": "πληρόω",
        "strong": "G41370",
        "morph": "Gr,V,MPP2,,P,",
        "tw": "rc://*/tw/dict/bible/kt/filled"
      },
      {
        "text": "ἐν",
        "tag": "w",
        "type": "word",
        "lemma": "ἐν",
        "strong": "G17220",
        "morph": "Gr,P,,,,,D,,,"
      },
      {
        "text": "Πνεύματι",
        "tag": "w",
        "type": "word",
        "lemma": "πνεῦμα",
        "strong": "G41510",
        "morph": "Gr,N,,,,,DNS,",
        "tw": "rc://*/tw/dict/bible/kt/holyspirit"
      },
      {
        "type": "text",
        "text": ",\n\n"
      }
    ]
  },
  "19": {
    "verseObjects": [
      {
        "text": "λαλοῦντες",
        "tag": "w",
        "type": "word",
        "lemma": "λαλέω",
        "strong": "G29800",
        "morph": "Gr,V,PPA,NMP,"
      },
      {
        "text": "ἑαυτοῖς",
        "tag": "w",
        "type": "word",
        "lemma": "ἑαυτοῦ",
        "strong": "G14380",
        "morph": "Gr,RE,,,3DMP,"
      },
      {
        "text": "ἐν",
        "tag": "w",
        "type": "word",
        "lemma": "ἐν",
        "strong": "G17220",
        "morph": "Gr,P,,,,,D,,,"
      },
      {
        "text": "ψαλμοῖς",
        "tag": "w",
        "type": "word",
        "lemma": "ψαλμός",
        "strong": "G55680",
        "morph": "Gr,N,,,,,DMP,",
        "tw": "rc://*/tw/dict/bible/kt/psalm"
      },
      {
        "type": "text",
        "text": ","
      },
      {
        "text": "καὶ",
        "tag": "w",
        "type": "word",
        "lemma": "καί",
        "strong": "G25320",
        "morph": "Gr,CC,,,,,,,,"
      },
      {
        "text": "ὕμνοις",
        "tag": "w",
        "type": "word",
        "lemma": "ὕμνος",
        "strong": "G52150",
        "morph": "Gr,N,,,,,DMP,"
      },
      {
        "type": "text",
        "text": ","
      },
      {
        "text": "καὶ",
        "tag": "w",
        "type": "word",
        "lemma": "καί",
        "strong": "G25320",
        "morph": "Gr,CC,,,,,,,,"
      },
      {
        "text": "ᾠδαῖς",
        "tag": "w",
        "type": "word",
        "lemma": "ᾠδή",
        "strong": "G56030",
        "morph": "Gr,N,,,,,DFP,"
      },
      {
        "text": "πνευματικαῖς",
        "tag": "w",
        "type": "word",
        "lemma": "πνευματικός",
        "strong": "G41520",
        "morph": "Gr,AA,,,,DFP,",
        "tw": "rc://*/tw/dict/bible/kt/spirit"
      },
      {
        "type": "text",
        "text": ";"
      },
      {
        "text": "ᾄδοντες",
        "tag": "w",
        "type": "word",
        "lemma": "ᾄδω",
        "strong": "G01030",
        "morph": "Gr,V,PPA,NMP,"
      },
      {
        "text": "καὶ",
        "tag": "w",
        "type": "word",
        "lemma": "καί",
        "strong": "G25320",
        "morph": "Gr,CC,,,,,,,,"
      },
      {
        "text": "ψάλλοντες",
        "tag": "w",
        "type": "word",
        "lemma": "ψάλλω",
        "strong": "G55670",
        "morph": "Gr,V,PPA,NMP,",
        "tw": "rc://*/tw/dict/bible/kt/psalm"
      },
      {
        "text": "τῇ",
        "tag": "w",
        "type": "word",
        "lemma": "ὁ",
        "strong": "G35880",
        "morph": "Gr,EA,,,,DFS,"
      },
      {
        "text": "καρδίᾳ",
        "tag": "w",
        "type": "word",
        "lemma": "καρδία",
        "strong": "G25880",
        "morph": "Gr,N,,,,,DFS,",
        "tw": "rc://*/tw/dict/bible/kt/heart"
      },
      {
        "text": "ὑμῶν",
        "tag": "w",
        "type": "word",
        "lemma": "σύ",
        "strong": "G47710",
        "morph": "Gr,RP,,,2G,P,"
      },
      {
        "text": "τῷ",
        "tag": "w",
        "type": "word",
        "lemma": "ὁ",
        "strong": "G35880",
        "morph": "Gr,EA,,,,DMS,"
      },
      {
        "text": "Κυρίῳ",
        "tag": "w",
        "type": "word",
        "lemma": "κύριος",
        "strong": "G29620",
        "morph": "Gr,N,,,,,DMS,",
        "tw": "rc://*/tw/dict/bible/kt/lord"
      },
      {
        "type": "text",
        "text": ";\n\n"
      }
    ]
  },
  "20": {
    "verseObjects": [
      {
        "text": "εὐχαριστοῦντες",
        "tag": "w",
        "type": "word",
        "lemma": "εὐχαριστέω",
        "strong": "G21680",
        "morph": "Gr,V,PPA,NMP,"
      },
      {
        "text": "πάντοτε",
        "tag": "w",
        "type": "word",
        "lemma": "πάντοτε",
        "strong": "G38420",
        "morph": "Gr,D,,,,,,,,,"
      },
      {
        "text": "ὑπὲρ",
        "tag": "w",
        "type": "word",
        "lemma": "ὑπέρ",
        "strong": "G52280",
        "morph": "Gr,P,,,,,G,,,"
      },
      {
        "text": "πάντων",
        "tag": "w",
        "type": "word",
        "lemma": "πᾶς",
        "strong": "G39560",
        "morph": "Gr,RI,,,,GNP,"
      },
      {
        "text": "ἐν",
        "tag": "w",
        "type": "word",
        "lemma": "ἐν",
        "strong": "G17220",
        "morph": "Gr,P,,,,,D,,,"
      },
      {
        "text": "ὀνόματι",
        "tag": "w",
        "type": "word",
        "lemma": "ὄνομα",
        "strong": "G36860",
        "morph": "Gr,N,,,,,DNS,",
        "tw": "rc://*/tw/dict/bible/kt/name"
      },
      {
        "text": "τοῦ",
        "tag": "w",
        "type": "word",
        "lemma": "ὁ",
        "strong": "G35880",
        "morph": "Gr,EA,,,,GMS,"
      },
      {
        "text": "Κυρίου",
        "tag": "w",
        "type": "word",
        "lemma": "κύριος",
        "strong": "G29620",
        "morph": "Gr,N,,,,,GMS,",
        "tw": "rc://*/tw/dict/bible/kt/lord"
      },
      {
        "text": "ἡμῶν",
        "tag": "w",
        "type": "word",
        "lemma": "ἐγώ",
        "strong": "G14730",
        "morph": "Gr,RP,,,1G,P,"
      },
      {
        "type": "text",
        "text": ","
      },
      {
        "tag": "k",
        "type": "milestone",
        "tw": "rc://*/tw/dict/bible/kt/jesus",
        "children": [
          {
            "text": "Ἰησοῦ",
            "tag": "w",
            "type": "word",
            "lemma": "Ἰησοῦς",
            "strong": "G24240",
            "morph": "Gr,N,,,,,GMS,"
          },
          {
            "text": "Χριστοῦ",
            "tag": "w",
            "type": "word",
            "lemma": "χριστός",
            "strong": "G55470",
            "morph": "Gr,N,,,,,GMS,",
            "tw": "rc://*/tw/dict/bible/kt/christ"
          }
        ]
      },
      {
        "type": "text",
        "text": ","
      },
      {
        "text": "τῷ",
        "tag": "w",
        "type": "word",
        "lemma": "ὁ",
        "strong": "G35880",
        "morph": "Gr,EA,,,,DMS,"
      },
      {
        "tag": "k",
        "type": "milestone",
        "tw": "rc://*/tw/dict/bible/kt/godthefather",
        "children": [
          {
            "text": "Θεῷ",
            "tag": "w",
            "type": "word",
            "lemma": "θεός",
            "strong": "G23160",
            "morph": "Gr,N,,,,,DMS,",
            "tw": "rc://*/tw/dict/bible/kt/god"
          },
          {
            "text": "καὶ",
            "tag": "w",
            "type": "word",
            "lemma": "καί",
            "strong": "G25320",
            "morph": "Gr,D,,,,,,,,,"
          },
          {
            "text": "Πατρί",
            "tag": "w",
            "type": "word",
            "lemma": "πατήρ",
            "strong": "G39620",
            "morph": "Gr,N,,,,,DMS,"
          }
        ]
      },
      {
        "type": "text",
        "text": ";\n\n"
      }
    ]
  },
  "21": {
    "verseObjects": [
      {
        "text": "ὑποτασσόμενοι",
        "tag": "w",
        "type": "word",
        "lemma": "ὑποτάσσω",
        "strong": "G52930",
        "morph": "Gr,V,PPP,NMP,",
        "tw": "rc://*/tw/dict/bible/other/subject"
      },
      {
        "text": "ἀλλήλοις",
        "tag": "w",
        "type": "word",
        "lemma": "ἀλλήλων",
        "strong": "G02400",
        "morph": "Gr,RC,,,,DMP,"
      },
      {
        "text": "ἐν",
        "tag": "w",
        "type": "word",
        "lemma": "ἐν",
        "strong": "G17220",
        "morph": "Gr,P,,,,,D,,,"
      },
      {
        "text": "φόβῳ",
        "tag": "w",
        "type": "word",
        "lemma": "φόβος",
        "strong": "G54010",
        "morph": "Gr,N,,,,,DMS,",
        "tw": "rc://*/tw/dict/bible/other/reverence"
      },
      {
        "text": "Χριστοῦ",
        "tag": "w",
        "type": "word",
        "lemma": "χριστός",
        "strong": "G55470",
        "morph": "Gr,N,,,,,GMS,",
        "tw": "rc://*/tw/dict/bible/kt/christ"
      },
      {
        "type": "text",
        "text": ".\n\n"
      }
    ]
  },
  "22": {
    "verseObjects": [
      {
        "type": "text",
        "text": "\n"
      },
      {
        "tag": "p",
        "type": "paragraph",
        "text": "\n"
      },
      {
        "text": "αἱ",
        "tag": "w",
        "type": "word",
        "lemma": "ὁ",
        "strong": "G35880",
        "morph": "Gr,EA,,,,VFP,"
      },
      {
        "text": "γυναῖκες",
        "tag": "w",
        "type": "word",
        "lemma": "γυνή",
        "strong": "G11350",
        "morph": "Gr,N,,,,,VFP,"
      },
      {
        "text": "τοῖς",
        "tag": "w",
        "type": "word",
        "lemma": "ὁ",
        "strong": "G35880",
        "morph": "Gr,EP,,,,DMP,"
      },
      {
        "text": "ἰδίοις",
        "tag": "w",
        "type": "word",
        "lemma": "ἴδιος",
        "strong": "G23980",
        "morph": "Gr,EF,,,,DMP,"
      },
      {
        "text": "ἀνδράσιν",
        "tag": "w",
        "type": "word",
        "lemma": "ἀνήρ",
        "strong": "G04350",
        "morph": "Gr,N,,,,,DMP,"
      },
      {
        "text": "ὡς",
        "tag": "w",
        "type": "word",
        "lemma": "ὡς",
        "strong": "G56130",
        "morph": "Gr,CS,,,,,,,,",
        "tw": "rc://*/tw/dict/bible/other/like"
      },
      {
        "text": "τῷ",
        "tag": "w",
        "type": "word",
        "lemma": "ὁ",
        "strong": "G35880",
        "morph": "Gr,EA,,,,DMS,"
      },
      {
        "text": "Κυρίῳ",
        "tag": "w",
        "type": "word",
        "lemma": "κύριος",
        "strong": "G29620",
        "morph": "Gr,N,,,,,DMS,",
        "tw": "rc://*/tw/dict/bible/kt/lord"
      },
      {
        "type": "text",
        "text": ",\n\n"
      }
    ]
  },
  "23": {
    "verseObjects": [
      {
        "text": "ὅτι",
        "tag": "w",
        "type": "word",
        "lemma": "ὅτι",
        "strong": "G37540",
        "morph": "Gr,CS,,,,,,,,"
      },
      {
        "text": "ἀνήρ",
        "tag": "w",
        "type": "word",
        "lemma": "ἀνήρ",
        "strong": "G04350",
        "morph": "Gr,N,,,,,NMS,"
      },
      {
        "text": "ἐστιν",
        "tag": "w",
        "type": "word",
        "lemma": "εἰμί",
        "strong": "G15100",
        "morph": "Gr,V,IPA3,,S,"
      },
      {
        "text": "κεφαλὴ",
        "tag": "w",
        "type": "word",
        "lemma": "κεφαλή",
        "strong": "G27760",
        "morph": "Gr,N,,,,,NFS,",
        "tw": "rc://*/tw/dict/bible/other/head"
      },
      {
        "text": "τῆς",
        "tag": "w",
        "type": "word",
        "lemma": "ὁ",
        "strong": "G35880",
        "morph": "Gr,EA,,,,GFS,"
      },
      {
        "text": "γυναικὸς",
        "tag": "w",
        "type": "word",
        "lemma": "γυνή",
        "strong": "G11350",
        "morph": "Gr,N,,,,,GFS,"
      },
      {
        "type": "text",
        "text": ","
      },
      {
        "text": "ὡς",
        "tag": "w",
        "type": "word",
        "lemma": "ὡς",
        "strong": "G56130",
        "morph": "Gr,CS,,,,,,,,",
        "tw": "rc://*/tw/dict/bible/other/like"
      },
      {
        "text": "καὶ",
        "tag": "w",
        "type": "word",
        "lemma": "καί",
        "strong": "G25320",
        "morph": "Gr,D,,,,,,,,,"
      },
      {
        "text": "ὁ",
        "tag": "w",
        "type": "word",
        "lemma": "ὁ",
        "strong": "G35880",
        "morph": "Gr,EA,,,,NMS,"
      },
      {
        "text": "Χριστὸς",
        "tag": "w",
        "type": "word",
        "lemma": "χριστός",
        "strong": "G55470",
        "morph": "Gr,N,,,,,NMS,",
        "tw": "rc://*/tw/dict/bible/kt/christ"
      },
      {
        "text": "κεφαλὴ",
        "tag": "w",
        "type": "word",
        "lemma": "κεφαλή",
        "strong": "G27760",
        "morph": "Gr,N,,,,,NFS,",
        "tw": "rc://*/tw/dict/bible/other/head"
      },
      {
        "text": "τῆς",
        "tag": "w",
        "type": "word",
        "lemma": "ὁ",
        "strong": "G35880",
        "morph": "Gr,EA,,,,GFS,"
      },
      {
        "text": "ἐκκλησίας",
        "tag": "w",
        "type": "word",
        "lemma": "ἐκκλησία",
        "strong": "G15770",
        "morph": "Gr,N,,,,,GFS,",
        "tw": "rc://*/tw/dict/bible/kt/church"
      },
      {
        "type": "text",
        "text": ","
      },
      {
        "text": "αὐτὸς",
        "tag": "w",
        "type": "word",
        "lemma": "αὐτός",
        "strong": "G08460",
        "morph": "Gr,RE,,,3NMS,"
      },
      {
        "text": "Σωτὴρ",
        "tag": "w",
        "type": "word",
        "lemma": "σωτήρ",
        "strong": "G49900",
        "morph": "Gr,N,,,,,NMS,",
        "tw": "rc://*/tw/dict/bible/kt/savior"
      },
      {
        "text": "τοῦ",
        "tag": "w",
        "type": "word",
        "lemma": "ὁ",
        "strong": "G35880",
        "morph": "Gr,EA,,,,GNS,"
      },
      {
        "text": "σώματος",
        "tag": "w",
        "type": "word",
        "lemma": "σῶμα",
        "strong": "G49830",
        "morph": "Gr,N,,,,,GNS,",
        "tw": "rc://*/tw/dict/bible/kt/body"
      },
      {
        "type": "text",
        "text": ".\n\n"
      }
    ]
  },
  "24": {
    "verseObjects": [
      {
        "text": "ἀλλ’",
        "tag": "w",
        "type": "word",
        "lemma": "ἀλλά",
        "strong": "G02350",
        "morph": "Gr,CC,,,,,,,,"
      },
      {
        "text": "ὡς",
        "tag": "w",
        "type": "word",
        "lemma": "ὡς",
        "strong": "G56130",
        "morph": "Gr,CS,,,,,,,,",
        "tw": "rc://*/tw/dict/bible/other/like"
      },
      {
        "text": "ἡ",
        "tag": "w",
        "type": "word",
        "lemma": "ὁ",
        "strong": "G35880",
        "morph": "Gr,EA,,,,NFS,"
      },
      {
        "text": "ἐκκλησία",
        "tag": "w",
        "type": "word",
        "lemma": "ἐκκλησία",
        "strong": "G15770",
        "morph": "Gr,N,,,,,NFS,",
        "tw": "rc://*/tw/dict/bible/kt/church"
      },
      {
        "text": "ὑποτάσσεται",
        "tag": "w",
        "type": "word",
        "lemma": "ὑποτάσσω",
        "strong": "G52930",
        "morph": "Gr,V,IPP3,,S,",
        "tw": "rc://*/tw/dict/bible/other/subject"
      },
      {
        "text": "τῷ",
        "tag": "w",
        "type": "word",
        "lemma": "ὁ",
        "strong": "G35880",
        "morph": "Gr,EA,,,,DMS,"
      },
      {
        "text": "Χριστῷ",
        "tag": "w",
        "type": "word",
        "lemma": "χριστός",
        "strong": "G55470",
        "morph": "Gr,N,,,,,DMS,",
        "tw": "rc://*/tw/dict/bible/kt/christ"
      },
      {
        "type": "text",
        "text": ","
      },
      {
        "text": "οὕτως",
        "tag": "w",
        "type": "word",
        "lemma": "οὕτως",
        "strong": "G37790",
        "morph": "Gr,D,,,,,,,,,"
      },
      {
        "text": "καὶ",
        "tag": "w",
        "type": "word",
        "lemma": "καί",
        "strong": "G25320",
        "morph": "Gr,D,,,,,,,,,"
      },
      {
        "text": "αἱ",
        "tag": "w",
        "type": "word",
        "lemma": "ὁ",
        "strong": "G35880",
        "morph": "Gr,EA,,,,NFP,"
      },
      {
        "text": "γυναῖκες",
        "tag": "w",
        "type": "word",
        "lemma": "γυνή",
        "strong": "G11350",
        "morph": "Gr,N,,,,,NFP,"
      },
      {
        "text": "τοῖς",
        "tag": "w",
        "type": "word",
        "lemma": "ὁ",
        "strong": "G35880",
        "morph": "Gr,EP,,,,DMP,"
      },
      {
        "text": "ἀνδράσιν",
        "tag": "w",
        "type": "word",
        "lemma": "ἀνήρ",
        "strong": "G04350",
        "morph": "Gr,N,,,,,DMP,"
      },
      {
        "text": "ἐν",
        "tag": "w",
        "type": "word",
        "lemma": "ἐν",
        "strong": "G17220",
        "morph": "Gr,P,,,,,D,,,"
      },
      {
        "text": "παντί",
        "tag": "w",
        "type": "word",
        "lemma": "πᾶς",
        "strong": "G39560",
        "morph": "Gr,RI,,,,DNS,"
      },
      {
        "type": "text",
        "text": ".\n\n"
      }
    ]
  },
  "25": {
    "verseObjects": [
      {
        "type": "text",
        "text": "\n"
      },
      {
        "tag": "p",
        "type": "paragraph",
        "text": "\n"
      },
      {
        "text": "οἱ",
        "tag": "w",
        "type": "word",
        "lemma": "ὁ",
        "strong": "G35880",
        "morph": "Gr,EA,,,,VMP,"
      },
      {
        "text": "ἄνδρες",
        "tag": "w",
        "type": "word",
        "lemma": "ἀνήρ",
        "strong": "G04350",
        "morph": "Gr,N,,,,,VMP,"
      },
      {
        "text": "ἀγαπᾶτε",
        "tag": "w",
        "type": "word",
        "lemma": "ἀγαπάω",
        "strong": "G00250",
        "morph": "Gr,V,MPA2,,P,",
        "tw": "rc://*/tw/dict/bible/kt/love"
      },
      {
        "text": "τὰς",
        "tag": "w",
        "type": "word",
        "lemma": "ὁ",
        "strong": "G35880",
        "morph": "Gr,EP,,,,AFP,"
      },
      {
        "text": "γυναῖκας",
        "tag": "w",
        "type": "word",
        "lemma": "γυνή",
        "strong": "G11350",
        "morph": "Gr,N,,,,,AFP,"
      },
      {
        "type": "text",
        "text": ","
      },
      {
        "text": "καθὼς",
        "tag": "w",
        "type": "word",
        "lemma": "καθώς",
        "strong": "G25310",
        "morph": "Gr,D,,,,,,,,,",
        "tw": "rc://*/tw/dict/bible/other/like"
      },
      {
        "text": "καὶ",
        "tag": "w",
        "type": "word",
        "lemma": "καί",
        "strong": "G25320",
        "morph": "Gr,D,,,,,,,,,"
      },
      {
        "text": "ὁ",
        "tag": "w",
        "type": "word",
        "lemma": "ὁ",
        "strong": "G35880",
        "morph": "Gr,EA,,,,NMS,"
      },
      {
        "text": "Χριστὸς",
        "tag": "w",
        "type": "word",
        "lemma": "χριστός",
        "strong": "G55470",
        "morph": "Gr,N,,,,,NMS,",
        "tw": "rc://*/tw/dict/bible/kt/christ"
      },
      {
        "text": "ἠγάπησεν",
        "tag": "w",
        "type": "word",
        "lemma": "ἀγαπάω",
        "strong": "G00250",
        "morph": "Gr,V,IAA3,,S,",
        "tw": "rc://*/tw/dict/bible/kt/love"
      },
      {
        "text": "τὴν",
        "tag": "w",
        "type": "word",
        "lemma": "ὁ",
        "strong": "G35880",
        "morph": "Gr,EA,,,,AFS,"
      },
      {
        "text": "ἐκκλησίαν",
        "tag": "w",
        "type": "word",
        "lemma": "ἐκκλησία",
        "strong": "G15770",
        "morph": "Gr,N,,,,,AFS,",
        "tw": "rc://*/tw/dict/bible/kt/church"
      },
      {
        "type": "text",
        "text": ","
      },
      {
        "text": "καὶ",
        "tag": "w",
        "type": "word",
        "lemma": "καί",
        "strong": "G25320",
        "morph": "Gr,CC,,,,,,,,"
      },
      {
        "text": "ἑαυτὸν",
        "tag": "w",
        "type": "word",
        "lemma": "ἑαυτοῦ",
        "strong": "G14380",
        "morph": "Gr,RE,,,3AMS,"
      },
      {
        "text": "παρέδωκεν",
        "tag": "w",
        "type": "word",
        "lemma": "παραδίδωμι",
        "strong": "G38600",
        "morph": "Gr,V,IAA3,,S,"
      },
      {
        "text": "ὑπὲρ",
        "tag": "w",
        "type": "word",
        "lemma": "ὑπέρ",
        "strong": "G52280",
        "morph": "Gr,P,,,,,G,,,"
      },
      {
        "text": "αὐτῆς",
        "tag": "w",
        "type": "word",
        "lemma": "αὐτός",
        "strong": "G08460",
        "morph": "Gr,RP,,,3GFS,"
      },
      {
        "type": "text",
        "text": ";\n\n"
      }
    ]
  },
  "26": {
    "verseObjects": [
      {
        "text": "ἵνα",
        "tag": "w",
        "type": "word",
        "lemma": "ἵνα",
        "strong": "G24430",
        "morph": "Gr,CS,,,,,,,,"
      },
      {
        "text": "αὐτὴν",
        "tag": "w",
        "type": "word",
        "lemma": "αὐτός",
        "strong": "G08460",
        "morph": "Gr,RP,,,3AFS,"
      },
      {
        "text": "ἁγιάσῃ",
        "tag": "w",
        "type": "word",
        "lemma": "ἁγιάζω",
        "strong": "G00370",
        "morph": "Gr,V,SAA3,,S,",
        "tw": "rc://*/tw/dict/bible/kt/sanctify"
      },
      {
        "type": "text",
        "text": ","
      },
      {
        "text": "καθαρίσας",
        "tag": "w",
        "type": "word",
        "lemma": "καθαρίζω",
        "strong": "G25110",
        "morph": "Gr,V,PAA,NMS,",
        "tw": "rc://*/tw/dict/bible/kt/clean"
      },
      {
        "text": "τῷ",
        "tag": "w",
        "type": "word",
        "lemma": "ὁ",
        "strong": "G35880",
        "morph": "Gr,EA,,,,DNS,"
      },
      {
        "text": "λουτρῷ",
        "tag": "w",
        "type": "word",
        "lemma": "λουτρόν",
        "strong": "G30670",
        "morph": "Gr,N,,,,,DNS,",
        "tw": "rc://*/tw/dict/bible/kt/clean"
      },
      {
        "text": "τοῦ",
        "tag": "w",
        "type": "word",
        "lemma": "ὁ",
        "strong": "G35880",
        "morph": "Gr,EA,,,,GNS,"
      },
      {
        "text": "ὕδατος",
        "tag": "w",
        "type": "word",
        "lemma": "ὕδωρ",
        "strong": "G52040",
        "morph": "Gr,N,,,,,GNS,",
        "tw": "rc://*/tw/dict/bible/other/water"
      },
      {
        "text": "ἐν",
        "tag": "w",
        "type": "word",
        "lemma": "ἐν",
        "strong": "G17220",
        "morph": "Gr,P,,,,,D,,,"
      },
      {
        "text": "ῥήματι",
        "tag": "w",
        "type": "word",
        "lemma": "ῥῆμα",
        "strong": "G44870",
        "morph": "Gr,N,,,,,DNS,",
        "tw": "rc://*/tw/dict/bible/kt/wordofgod"
      },
      {
        "type": "text",
        "text": ",\n\n"
      }
    ]
  },
  "27": {
    "verseObjects": [
      {
        "text": "ἵνα",
        "tag": "w",
        "type": "word",
        "lemma": "ἵνα",
        "strong": "G24430",
        "morph": "Gr,CS,,,,,,,,"
      },
      {
        "text": "παραστήσῃ",
        "tag": "w",
        "type": "word",
        "lemma": "παρίστημι",
        "strong": "G39360",
        "morph": "Gr,V,SAA3,,S,"
      },
      {
        "text": "αὐτὸς",
        "tag": "w",
        "type": "word",
        "lemma": "αὐτός",
        "strong": "G08460",
        "morph": "Gr,RP,,,,NMS,"
      },
      {
        "text": "ἑαυτῷ",
        "tag": "w",
        "type": "word",
        "lemma": "ἑαυτοῦ",
        "strong": "G14380",
        "morph": "Gr,RE,,,3DMS,"
      },
      {
        "text": "ἔνδοξον",
        "tag": "w",
        "type": "word",
        "lemma": "ἔνδοξος",
        "strong": "G17410",
        "morph": "Gr,AA,,,,AFS,",
        "tw": "rc://*/tw/dict/bible/kt/glory"
      },
      {
        "text": "τὴν",
        "tag": "w",
        "type": "word",
        "lemma": "ὁ",
        "strong": "G35880",
        "morph": "Gr,EA,,,,AFS,"
      },
      {
        "text": "ἐκκλησίαν",
        "tag": "w",
        "type": "word",
        "lemma": "ἐκκλησία",
        "strong": "G15770",
        "morph": "Gr,N,,,,,AFS,",
        "tw": "rc://*/tw/dict/bible/kt/church"
      },
      {
        "type": "text",
        "text": ","
      },
      {
        "text": "μὴ",
        "tag": "w",
        "type": "word",
        "lemma": "μή",
        "strong": "G33610",
        "morph": "Gr,DO,,,,,,,,"
      },
      {
        "text": "ἔχουσαν",
        "tag": "w",
        "type": "word",
        "lemma": "ἔχω",
        "strong": "G21920",
        "morph": "Gr,V,PPA,AFS,"
      },
      {
        "text": "σπίλον",
        "tag": "w",
        "type": "word",
        "lemma": "σπίλος",
        "strong": "G46960",
        "morph": "Gr,N,,,,,AMS,"
      },
      {
        "type": "text",
        "text": ","
      },
      {
        "text": "ἢ",
        "tag": "w",
        "type": "word",
        "lemma": "ἤ",
        "strong": "G22280",
        "morph": "Gr,CC,,,,,,,,"
      },
      {
        "text": "ῥυτίδα",
        "tag": "w",
        "type": "word",
        "lemma": "ῥυτίς",
        "strong": "G45120",
        "morph": "Gr,N,,,,,AFS,"
      },
      {
        "type": "text",
        "text": ","
      },
      {
        "text": "ἤ",
        "tag": "w",
        "type": "word",
        "lemma": "ἤ",
        "strong": "G22280",
        "morph": "Gr,CC,,,,,,,,"
      },
      {
        "text": "τι",
        "tag": "w",
        "type": "word",
        "lemma": "τις",
        "strong": "G51000",
        "morph": "Gr,RI,,,,ANS,"
      },
      {
        "text": "τῶν",
        "tag": "w",
        "type": "word",
        "lemma": "ὁ",
        "strong": "G35880",
        "morph": "Gr,EA,,,,GNP,"
      },
      {
        "text": "τοιούτων",
        "tag": "w",
        "type": "word",
        "lemma": "τοιοῦτος",
        "strong": "G51080",
        "morph": "Gr,RD,,,,GNP,"
      },
      {
        "type": "text",
        "text": ","
      },
      {
        "text": "ἀλλ’",
        "tag": "w",
        "type": "word",
        "lemma": "ἀλλά",
        "strong": "G02350",
        "morph": "Gr,CO,,,,,,,,"
      },
      {
        "text": "ἵνα",
        "tag": "w",
        "type": "word",
        "lemma": "ἵνα",
        "strong": "G24430",
        "morph": "Gr,CS,,,,,,,,"
      },
      {
        "text": "ᾖ",
        "tag": "w",
        "type": "word",
        "lemma": "εἰμί",
        "strong": "G15100",
        "morph": "Gr,V,SPA3,,S,"
      },
      {
        "text": "ἁγία",
        "tag": "w",
        "type": "word",
        "lemma": "ἅγιος",
        "strong": "G00400",
        "morph": "Gr,NS,,,,NFS,",
        "tw": "rc://*/tw/dict/bible/kt/holy"
      },
      {
        "text": "καὶ",
        "tag": "w",
        "type": "word",
        "lemma": "καί",
        "strong": "G25320",
        "morph": "Gr,CC,,,,,,,,"
      },
      {
        "text": "ἄμωμος",
        "tag": "w",
        "type": "word",
        "lemma": "ἄμωμος",
        "strong": "G02990",
        "morph": "Gr,NS,,,,NFS,",
        "tw": "rc://*/tw/dict/bible/kt/blameless"
      },
      {
        "type": "text",
        "text": ".\n\n"
      }
    ]
  },
  "28": {
    "verseObjects": [
      {
        "text": "οὕτως",
        "tag": "w",
        "type": "word",
        "lemma": "οὕτως",
        "strong": "G37790",
        "morph": "Gr,D,,,,,,,,,"
      },
      {
        "text": "ὀφείλουσιν",
        "tag": "w",
        "type": "word",
        "lemma": "ὀφείλω",
        "strong": "G37840",
        "morph": "Gr,V,IPA3,,P,"
      },
      {
        "text": "καὶ",
        "tag": "w",
        "type": "word",
        "lemma": "καί",
        "strong": "G25320",
        "morph": "Gr,D,,,,,,,,,"
      },
      {
        "text": "οἱ",
        "tag": "w",
        "type": "word",
        "lemma": "ὁ",
        "strong": "G35880",
        "morph": "Gr,EA,,,,NMP,"
      },
      {
        "text": "ἄνδρες",
        "tag": "w",
        "type": "word",
        "lemma": "ἀνήρ",
        "strong": "G04350",
        "morph": "Gr,N,,,,,NMP,"
      },
      {
        "text": "ἀγαπᾶν",
        "tag": "w",
        "type": "word",
        "lemma": "ἀγαπάω",
        "strong": "G00250",
        "morph": "Gr,V,NPA,,,,,",
        "tw": "rc://*/tw/dict/bible/kt/love"
      },
      {
        "text": "τὰς",
        "tag": "w",
        "type": "word",
        "lemma": "ὁ",
        "strong": "G35880",
        "morph": "Gr,EA,,,,AFP,"
      },
      {
        "text": "ἑαυτῶν",
        "tag": "w",
        "type": "word",
        "lemma": "ἑαυτοῦ",
        "strong": "G14380",
        "morph": "Gr,RE,,,3GMP,"
      },
      {
        "text": "γυναῖκας",
        "tag": "w",
        "type": "word",
        "lemma": "γυνή",
        "strong": "G11350",
        "morph": "Gr,N,,,,,AFP,"
      },
      {
        "type": "text",
        "text": ","
      },
      {
        "text": "ὡς",
        "tag": "w",
        "type": "word",
        "lemma": "ὡς",
        "strong": "G56130",
        "morph": "Gr,CS,,,,,,,,",
        "tw": "rc://*/tw/dict/bible/other/like"
      },
      {
        "text": "τὰ",
        "tag": "w",
        "type": "word",
        "lemma": "ὁ",
        "strong": "G35880",
        "morph": "Gr,EA,,,,ANP,"
      },
      {
        "text": "ἑαυτῶν",
        "tag": "w",
        "type": "word",
        "lemma": "ἑαυτοῦ",
        "strong": "G14380",
        "morph": "Gr,RE,,,3GMP,"
      },
      {
        "text": "σώματα",
        "tag": "w",
        "type": "word",
        "lemma": "σῶμα",
        "strong": "G49830",
        "morph": "Gr,N,,,,,ANP,",
        "tw": "rc://*/tw/dict/bible/kt/body"
      },
      {
        "type": "text",
        "text": "."
      },
      {
        "text": "ὁ",
        "tag": "w",
        "type": "word",
        "lemma": "ὁ",
        "strong": "G35880",
        "morph": "Gr,RD,,,,NMS,"
      },
      {
        "text": "ἀγαπῶν",
        "tag": "w",
        "type": "word",
        "lemma": "ἀγαπάω",
        "strong": "G00250",
        "morph": "Gr,V,PPA,NMS,",
        "tw": "rc://*/tw/dict/bible/kt/love"
      },
      {
        "text": "τὴν",
        "tag": "w",
        "type": "word",
        "lemma": "ὁ",
        "strong": "G35880",
        "morph": "Gr,EA,,,,AFS,"
      },
      {
        "text": "ἑαυτοῦ",
        "tag": "w",
        "type": "word",
        "lemma": "ἑαυτοῦ",
        "strong": "G14380",
        "morph": "Gr,RE,,,3GMS,"
      },
      {
        "text": "γυναῖκα",
        "tag": "w",
        "type": "word",
        "lemma": "γυνή",
        "strong": "G11350",
        "morph": "Gr,N,,,,,AFS,"
      },
      {
        "type": "text",
        "text": ","
      },
      {
        "text": "ἑαυτὸν",
        "tag": "w",
        "type": "word",
        "lemma": "ἑαυτοῦ",
        "strong": "G14380",
        "morph": "Gr,RE,,,3AMS,"
      },
      {
        "text": "ἀγαπᾷ",
        "tag": "w",
        "type": "word",
        "lemma": "ἀγαπάω",
        "strong": "G00250",
        "morph": "Gr,V,IPA3,,S,",
        "tw": "rc://*/tw/dict/bible/kt/love"
      },
      {
        "type": "text",
        "text": ".\n\n"
      }
    ]
  },
  "29": {
    "verseObjects": [
      {
        "text": "οὐδεὶς",
        "tag": "w",
        "type": "word",
        "lemma": "οὐδείς",
        "strong": "G37620",
        "morph": "Gr,RI,,,,NMS,"
      },
      {
        "text": "γάρ",
        "tag": "w",
        "type": "word",
        "lemma": "γάρ",
        "strong": "G10630",
        "morph": "Gr,CC,,,,,,,,"
      },
      {
        "text": "ποτε",
        "tag": "w",
        "type": "word",
        "lemma": "ποτέ",
        "strong": "G42180",
        "morph": "Gr,D,,,,,,,,,"
      },
      {
        "text": "τὴν",
        "tag": "w",
        "type": "word",
        "lemma": "ὁ",
        "strong": "G35880",
        "morph": "Gr,EA,,,,AFS,"
      },
      {
        "text": "ἑαυτοῦ",
        "tag": "w",
        "type": "word",
        "lemma": "ἑαυτοῦ",
        "strong": "G14380",
        "morph": "Gr,RE,,,3GMS,"
      },
      {
        "text": "σάρκα",
        "tag": "w",
        "type": "word",
        "lemma": "σάρξ",
        "strong": "G45610",
        "morph": "Gr,N,,,,,AFS,",
        "tw": "rc://*/tw/dict/bible/kt/flesh"
      },
      {
        "text": "ἐμίσησεν",
        "tag": "w",
        "type": "word",
        "lemma": "μισέω",
        "strong": "G34040",
        "morph": "Gr,V,IAA3,,S,"
      },
      {
        "type": "text",
        "text": ","
      },
      {
        "text": "ἀλλὰ",
        "tag": "w",
        "type": "word",
        "lemma": "ἀλλά",
        "strong": "G02350",
        "morph": "Gr,CC,,,,,,,,"
      },
      {
        "text": "ἐκτρέφει",
        "tag": "w",
        "type": "word",
        "lemma": "ἐκτρέφω",
        "strong": "G16250",
        "morph": "Gr,V,IPA3,,S,"
      },
      {
        "text": "καὶ",
        "tag": "w",
        "type": "word",
        "lemma": "καί",
        "strong": "G25320",
        "morph": "Gr,CC,,,,,,,,"
      },
      {
        "text": "θάλπει",
        "tag": "w",
        "type": "word",
        "lemma": "θάλπω",
        "strong": "G22820",
        "morph": "Gr,V,IPA3,,S,"
      },
      {
        "text": "αὐτήν",
        "tag": "w",
        "type": "word",
        "lemma": "αὐτός",
        "strong": "G08460",
        "morph": "Gr,RP,,,3AFS,"
      },
      {
        "type": "text",
        "text": ","
      },
      {
        "text": "καθὼς",
        "tag": "w",
        "type": "word",
        "lemma": "καθώς",
        "strong": "G25310",
        "morph": "Gr,D,,,,,,,,,",
        "tw": "rc://*/tw/dict/bible/other/like"
      },
      {
        "text": "καὶ",
        "tag": "w",
        "type": "word",
        "lemma": "καί",
        "strong": "G25320",
        "morph": "Gr,D,,,,,,,,,"
      },
      {
        "text": "ὁ",
        "tag": "w",
        "type": "word",
        "lemma": "ὁ",
        "strong": "G35880",
        "morph": "Gr,EA,,,,NMS,"
      },
      {
        "text": "Χριστὸς",
        "tag": "w",
        "type": "word",
        "lemma": "χριστός",
        "strong": "G55470",
        "morph": "Gr,N,,,,,NMS,",
        "tw": "rc://*/tw/dict/bible/kt/christ"
      },
      {
        "text": "τὴν",
        "tag": "w",
        "type": "word",
        "lemma": "ὁ",
        "strong": "G35880",
        "morph": "Gr,EA,,,,AFS,"
      },
      {
        "text": "ἐκκλησίαν",
        "tag": "w",
        "type": "word",
        "lemma": "ἐκκλησία",
        "strong": "G15770",
        "morph": "Gr,N,,,,,AFS,",
        "tw": "rc://*/tw/dict/bible/kt/church"
      },
      {
        "type": "text",
        "text": ",\n\n"
      }
    ]
  },
  "30": {
    "verseObjects": [
      {
        "text": "ὅτι",
        "tag": "w",
        "type": "word",
        "lemma": "ὅτι",
        "strong": "G37540",
        "morph": "Gr,CS,,,,,,,,"
      },
      {
        "text": "μέλη",
        "tag": "w",
        "type": "word",
        "lemma": "μέλος",
        "strong": "G31960",
        "morph": "Gr,N,,,,,NNP,",
        "tw": "rc://*/tw/dict/bible/other/member"
      },
      {
        "text": "ἐσμὲν",
        "tag": "w",
        "type": "word",
        "lemma": "εἰμί",
        "strong": "G15100",
        "morph": "Gr,V,IPA1,,P,"
      },
      {
        "text": "τοῦ",
        "tag": "w",
        "type": "word",
        "lemma": "ὁ",
        "strong": "G35880",
        "morph": "Gr,EA,,,,GNS,"
      },
      {
        "text": "σώματος",
        "tag": "w",
        "type": "word",
        "lemma": "σῶμα",
        "strong": "G49830",
        "morph": "Gr,N,,,,,GNS,",
        "tw": "rc://*/tw/dict/bible/kt/body"
      },
      {
        "text": "αὐτοῦ",
        "tag": "w",
        "type": "word",
        "lemma": "αὐτός",
        "strong": "G08460",
        "morph": "Gr,RP,,,3GMS,"
      },
      {
        "type": "text",
        "text": ".\n\n"
      }
    ]
  },
  "31": {
    "verseObjects": [
      {
        "type": "text",
        "text": "\n“"
      },
      {
        "text": "ἀντὶ",
        "tag": "w",
        "type": "word",
        "lemma": "ἀντί",
        "strong": "G04730",
        "morph": "Gr,P,,,,,G,,,"
      },
      {
        "text": "τούτου",
        "tag": "w",
        "type": "word",
        "lemma": "οὗτος",
        "strong": "G37780",
        "morph": "Gr,RD,,,,GNS,"
      },
      {
        "text": "καταλείψει",
        "tag": "w",
        "type": "word",
        "lemma": "καταλείπω",
        "strong": "G26410",
        "morph": "Gr,V,IFA3,,S,"
      },
      {
        "text": "ἄνθρωπος",
        "tag": "w",
        "type": "word",
        "lemma": "ἄνθρωπος",
        "strong": "G04440",
        "morph": "Gr,N,,,,,NMS,"
      },
      {
        "text": "τὸν",
        "tag": "w",
        "type": "word",
        "lemma": "ὁ",
        "strong": "G35880",
        "morph": "Gr,EP,,,,AMS,"
      },
      {
        "text": "πατέρα",
        "tag": "w",
        "type": "word",
        "lemma": "πατήρ",
        "strong": "G39620",
        "morph": "Gr,N,,,,,AMS,",
        "tw": "rc://*/tw/dict/bible/other/father"
      },
      {
        "text": "καὶ",
        "tag": "w",
        "type": "word",
        "lemma": "καί",
        "strong": "G25320",
        "morph": "Gr,CC,,,,,,,,"
      },
      {
        "text": "τὴν",
        "tag": "w",
        "type": "word",
        "lemma": "ὁ",
        "strong": "G35880",
        "morph": "Gr,EA,,,,AFS,"
      },
      {
        "text": "μητέρα",
        "tag": "w",
        "type": "word",
        "lemma": "μήτηρ",
        "strong": "G33840",
        "morph": "Gr,N,,,,,AFS,"
      },
      {
        "type": "text",
        "text": ","
      },
      {
        "text": "καὶ",
        "tag": "w",
        "type": "word",
        "lemma": "καί",
        "strong": "G25320",
        "morph": "Gr,CC,,,,,,,,"
      },
      {
        "text": "προσκολληθήσεται",
        "tag": "w",
        "type": "word",
        "lemma": "προσκολλάω",
        "strong": "G43470",
        "morph": "Gr,V,IFP3,,S,"
      },
      {
        "text": "τῇ",
        "tag": "w",
        "type": "word",
        "lemma": "ὁ",
        "strong": "G35880",
        "morph": "Gr,EA,,,,DFS,"
      },
      {
        "text": "γυναικὶ",
        "tag": "w",
        "type": "word",
        "lemma": "γυνή",
        "strong": "G11350",
        "morph": "Gr,N,,,,,DFS,"
      },
      {
        "text": "αὐτοῦ",
        "tag": "w",
        "type": "word",
        "lemma": "αὐτός",
        "strong": "G08460",
        "morph": "Gr,RP,,,3GMS,"
      },
      {
        "type": "text",
        "text": ","
      },
      {
        "text": "καὶ",
        "tag": "w",
        "type": "word",
        "lemma": "καί",
        "strong": "G25320",
        "morph": "Gr,CC,,,,,,,,"
      },
      {
        "text": "ἔσονται",
        "tag": "w",
        "type": "word",
        "lemma": "εἰμί",
        "strong": "G15100",
        "morph": "Gr,V,IFM3,,P,"
      },
      {
        "text": "οἱ",
        "tag": "w",
        "type": "word",
        "lemma": "ὁ",
        "strong": "G35880",
        "morph": "Gr,EA,,,,NMP,"
      },
      {
        "text": "δύο",
        "tag": "w",
        "type": "word",
        "lemma": "δύο",
        "strong": "G14170",
        "morph": "Gr,NS,,,,NMP,"
      },
      {
        "text": "εἰς",
        "tag": "w",
        "type": "word",
        "lemma": "εἰς",
        "strong": "G15190",
        "morph": "Gr,P,,,,,A,,,"
      },
      {
        "text": "σάρκα",
        "tag": "w",
        "type": "word",
        "lemma": "σάρξ",
        "strong": "G45610",
        "morph": "Gr,N,,,,,AFS,",
        "tw": "rc://*/tw/dict/bible/kt/flesh"
      },
      {
        "text": "μίαν",
        "tag": "w",
        "type": "word",
        "lemma": "εἷς",
        "strong": "G15200",
        "morph": "Gr,EN,,,,AFS,"
      },
      {
        "type": "text",
        "text": ".”\n\n"
      }
    ]
  },
  "32": {
    "verseObjects": [
      {
        "text": "τὸ",
        "tag": "w",
        "type": "word",
        "lemma": "ὁ",
        "strong": "G35880",
        "morph": "Gr,EA,,,,NNS,"
      },
      {
        "text": "μυστήριον",
        "tag": "w",
        "type": "word",
        "lemma": "μυστήριον",
        "strong": "G34660",
        "morph": "Gr,N,,,,,NNS,",
        "tw": "rc://*/tw/dict/bible/other/mystery"
      },
      {
        "text": "τοῦτο",
        "tag": "w",
        "type": "word",
        "lemma": "οὗτος",
        "strong": "G37780",
        "morph": "Gr,ED,,,,NNS,"
      },
      {
        "text": "μέγα",
        "tag": "w",
        "type": "word",
        "lemma": "μέγας",
        "strong": "G31730",
        "morph": "Gr,NP,,,,NNS,"
      },
      {
        "text": "ἐστίν",
        "tag": "w",
        "type": "word",
        "lemma": "εἰμί",
        "strong": "G15100",
        "morph": "Gr,V,IPA3,,S,"
      },
      {
        "type": "text",
        "text": ";"
      },
      {
        "text": "ἐγὼ",
        "tag": "w",
        "type": "word",
        "lemma": "ἐγώ",
        "strong": "G14730",
        "morph": "Gr,RP,,,1N,S,"
      },
      {
        "text": "δὲ",
        "tag": "w",
        "type": "word",
        "lemma": "δέ",
        "strong": "G11610",
        "morph": "Gr,CC,,,,,,,,"
      },
      {
        "text": "λέγω",
        "tag": "w",
        "type": "word",
        "lemma": "λέγω",
        "strong": "G30040",
        "morph": "Gr,V,IPA1,,S,"
      },
      {
        "text": "εἰς",
        "tag": "w",
        "type": "word",
        "lemma": "εἰς",
        "strong": "G15190",
        "morph": "Gr,P,,,,,A,,,"
      },
      {
        "text": "Χριστὸν",
        "tag": "w",
        "type": "word",
        "lemma": "χριστός",
        "strong": "G55470",
        "morph": "Gr,N,,,,,AMS,",
        "tw": "rc://*/tw/dict/bible/kt/christ"
      },
      {
        "text": "καὶ",
        "tag": "w",
        "type": "word",
        "lemma": "καί",
        "strong": "G25320",
        "morph": "Gr,CC,,,,,,,,"
      },
      {
        "text": "εἰς",
        "tag": "w",
        "type": "word",
        "lemma": "εἰς",
        "strong": "G15190",
        "morph": "Gr,P,,,,,A,,,"
      },
      {
        "text": "τὴν",
        "tag": "w",
        "type": "word",
        "lemma": "ὁ",
        "strong": "G35880",
        "morph": "Gr,EA,,,,AFS,"
      },
      {
        "text": "ἐκκλησίαν",
        "tag": "w",
        "type": "word",
        "lemma": "ἐκκλησία",
        "strong": "G15770",
        "morph": "Gr,N,,,,,AFS,",
        "tw": "rc://*/tw/dict/bible/kt/church"
      },
      {
        "type": "text",
        "text": ".\n\n"
      }
    ]
  },
  "33": {
    "verseObjects": [
      {
        "text": "πλὴν",
        "tag": "w",
        "type": "word",
        "lemma": "πλήν",
        "strong": "G41330",
        "morph": "Gr,CC,,,,,,,,"
      },
      {
        "text": "καὶ",
        "tag": "w",
        "type": "word",
        "lemma": "καί",
        "strong": "G25320",
        "morph": "Gr,D,,,,,,,,,"
      },
      {
        "text": "ὑμεῖς",
        "tag": "w",
        "type": "word",
        "lemma": "σύ",
        "strong": "G47710",
        "morph": "Gr,RP,,,2N,P,"
      },
      {
        "type": "text",
        "text": ","
      },
      {
        "text": "οἱ",
        "tag": "w",
        "type": "word",
        "lemma": "ὁ",
        "strong": "G35880",
        "morph": "Gr,RD,,,,NMP,"
      },
      {
        "text": "καθ’",
        "tag": "w",
        "type": "word",
        "lemma": "κατά",
        "strong": "G25960",
        "morph": "Gr,P,,,,,A,,,"
      },
      {
        "text": "ἕνα",
        "tag": "w",
        "type": "word",
        "lemma": "εἷς",
        "strong": "G15200",
        "morph": "Gr,NS,,,,AMS,"
      },
      {
        "type": "text",
        "text": ","
      },
      {
        "text": "ἕκαστος",
        "tag": "w",
        "type": "word",
        "lemma": "ἕκαστος",
        "strong": "G15380",
        "morph": "Gr,RI,,,,NMS,"
      },
      {
        "text": "τὴν",
        "tag": "w",
        "type": "word",
        "lemma": "ὁ",
        "strong": "G35880",
        "morph": "Gr,EA,,,,AFS,"
      },
      {
        "text": "ἑαυτοῦ",
        "tag": "w",
        "type": "word",
        "lemma": "ἑαυτοῦ",
        "strong": "G14380",
        "morph": "Gr,RE,,,3GMS,"
      },
      {
        "text": "γυναῖκα",
        "tag": "w",
        "type": "word",
        "lemma": "γυνή",
        "strong": "G11350",
        "morph": "Gr,N,,,,,AFS,"
      },
      {
        "text": "οὕτως",
        "tag": "w",
        "type": "word",
        "lemma": "οὕτως",
        "strong": "G37790",
        "morph": "Gr,D,,,,,,,,,"
      },
      {
        "text": "ἀγαπάτω",
        "tag": "w",
        "type": "word",
        "lemma": "ἀγαπάω",
        "strong": "G00250",
        "morph": "Gr,V,MPA3,,S,"
      },
      {
        "text": "ὡς",
        "tag": "w",
        "type": "word",
        "lemma": "ὡς",
        "strong": "G56130",
        "morph": "Gr,CS,,,,,,,,",
        "tw": "rc://*/tw/dict/bible/other/like"
      },
      {
        "text": "ἑαυτόν",
        "tag": "w",
        "type": "word",
        "lemma": "ἑαυτοῦ",
        "strong": "G14380",
        "morph": "Gr,RE,,,3AMS,"
      },
      {
        "type": "text",
        "text": ","
      },
      {
        "text": "ἡ",
        "tag": "w",
        "type": "word",
        "lemma": "ὁ",
        "strong": "G35880",
        "morph": "Gr,EA,,,,NFS,"
      },
      {
        "text": "δὲ",
        "tag": "w",
        "type": "word",
        "lemma": "δέ",
        "strong": "G11610",
        "morph": "Gr,CC,,,,,,,,"
      },
      {
        "text": "γυνὴ",
        "tag": "w",
        "type": "word",
        "lemma": "γυνή",
        "strong": "G11350",
        "morph": "Gr,N,,,,,NFS,"
      },
      {
        "text": "ἵνα",
        "tag": "w",
        "type": "word",
        "lemma": "ἵνα",
        "strong": "G24430",
        "morph": "Gr,CS,,,,,,,,"
      },
      {
        "text": "φοβῆται",
        "tag": "w",
        "type": "word",
        "lemma": "φοβέω",
        "strong": "G53990",
        "morph": "Gr,V,SPM3,,S,",
        "tw": "rc://*/tw/dict/bible/kt/fear"
      },
      {
        "text": "τὸν",
        "tag": "w",
        "type": "word",
        "lemma": "ὁ",
        "strong": "G35880",
        "morph": "Gr,EP,,,,AMS,"
      },
      {
        "text": "ἄνδρα",
        "tag": "w",
        "type": "word",
        "lemma": "ἀνήρ",
        "strong": "G04350",
        "morph": "Gr,N,,,,,AMS,"
      },
      {
        "type": "text",
        "text": ".\n\n"
      }
    ]
  },
  "front": {
    "verseObjects": [
      {
        "tag": "p",
        "type": "paragraph",
        "text": "\n"
      },
      {
        "type": "text",
        "text": "\n"
      }
    ]
  }
}