{
  "1": {
    "verseObjects": [
      {
        "type": "text",
        "text": "Then after fourteen years I went up again to Jerusalem with Barnabas, taking Titus along with me.\n"
      }
    ]
  },
  "2": {
    "verseObjects": [
      {
        "type": "text",
        "text": "I went up because of a revelation and set before them the gospel that I proclaim among the Gentiles. I spoke privately to those who seemed to be important, in order to make sure that I was not running—or had not run—in vain.\n\n"
      },
      {
        "tag": "s5",
        "type": "section",
        "text": "\n"
      }
    ]
  },
  "3": {
    "verseObjects": [
      {
        "type": "text",
        "text": "But not even Titus, who was with me and who was a Greek, was forced to be circumcised.\n"
      }
    ]
  },
  "4": {
    "verseObjects": [
      {
        "type": "text",
        "text": "The false brothers came in secretly to spy on the liberty we have in Christ Jesus. They desired to make us slaves,\n"
      }
    ]
  },
  "5": {
    "verseObjects": [
      {
        "type": "text",
        "text": "but we did not yield in submission to them for a moment, so that the truth of the gospel would remain with you.\n\n"
      },
      {
        "tag": "s5",
        "type": "section",
        "text": "\n"
      }
    ]
  },
  "6": {
    "verseObjects": [
      {
        "type": "text",
        "text": "But those who seemed to be important (whatever they were does not matter to me, God shows no partiality)—those, I say, who seemed important added nothing to me. \n"
      }
    ]
  },
  "7": {
    "verseObjects": [
      {
        "type": "text",
        "text": "On the contrary, they saw that I had been entrusted with the gospel to those who are uncircumcised, just as Peter had been entrusted with the gospel to those who are circumcised.\n"
      }
    ]
  },
  "8": {
    "verseObjects": [
      {
        "type": "text",
        "text": "For God, who worked in Peter for the apostleship to those who are circumcised, also worked in me to the Gentiles.\n\n"
      },
      {
        "tag": "s5",
        "type": "section",
        "text": "\n"
      }
    ]
  },
  "9": {
    "verseObjects": [
      {
        "type": "text",
        "text": "When James, Cephas, and John, who were recognized as those who built up the church, understood the grace that had been given to me, they gave the right hand of fellowship to Barnabas and me. They did this so that we should go to the Gentiles, and so that they should go to those who are circumcised.\n"
      }
    ]
  },
  "10": {
    "verseObjects": [
      {
        "type": "text",
        "text": "They requested only that we remember the poor, the very thing that I was eager to do. \n\n"
      },
      {
        "tag": "s5",
        "type": "section",
        "text": "\n"
      },
      {
        "tag": "p",
        "type": "paragraph",
        "text": "\n"
      }
    ]
  },
  "11": {
    "verseObjects": [
      {
        "type": "text",
        "text": "But when Cephas came to Antioch, I opposed him to his face because he was declared to be in the wrong.\n"
      }
    ]
  },
  "12": {
    "verseObjects": [
      {
        "type": "text",
        "text": "Before certain men came from James, Cephas was eating with the Gentiles. But when these men came, he stopped and kept away from the Gentiles. He was afraid of those who were demanding circumcision.\n\n"
      },
      {
        "tag": "s5",
        "type": "section",
        "text": "\n"
      }
    ]
  },
  "13": {
    "verseObjects": [
      {
        "type": "text",
        "text": "Also the rest of the Jews joined in this hypocrisy. Even Barnabas was led astray with them by their hypocrisy. \n"
      }
    ]
  },
  "14": {
    "verseObjects": [
      {
        "type": "text",
        "text": "But when I saw that their behavior was not following the truth of the gospel, I said to Cephas in front of all of them, \"If you are a Jew but are living like a Gentile and not like a Jew, how can you force the Gentiles to live like Jews?\"\n\n"
      },
      {
        "tag": "s5",
        "type": "section",
        "text": "\n"
      }
    ]
  },
  "15": {
    "verseObjects": [
      {
        "type": "text",
        "text": "We ourselves are Jews by birth and not Gentile sinners;\n"
      }
    ]
  },
  "16": {
    "verseObjects": [
      {
        "type": "text",
        "text": "yet we know that no person is justified by the works of the law but through faith in Christ Jesus. We also came to faith in Christ Jesus so that we might be justified by faith in Christ and not by the works of the law. For by the works of the law no flesh will be justified.\n\n"
      },
      {
        "tag": "s5",
        "type": "section",
        "text": "\n"
      }
    ]
  },
  "17": {
    "verseObjects": [
      {
        "type": "text",
        "text": "But if, while we seek to be justified in Christ, we too, were found to be sinners, does Christ then promote sin? Absolutely not!\n"
      }
    ]
  },
  "18": {
    "verseObjects": [
      {
        "type": "text",
        "text": "For if I rebuild those things I once destroyed, I prove myself to be a lawbreaker.\n"
      }
    ]
  },
  "19": {
    "verseObjects": [
      {
        "type": "text",
        "text": "For through the law I died to the law, so that I might live for God.\n\n"
      },
      {
        "tag": "s5",
        "type": "section",
        "text": "\n"
      }
    ]
  },
  "20": {
    "verseObjects": [
      {
        "type": "text",
        "text": "I have been crucified with Christ. It is no longer I who live, but Christ lives in me. The life I now live in the flesh I live by faith in the Son of God, who loved me and gave himself for me.\n"
      }
    ]
  },
  "21": {
    "verseObjects": [
      {
        "type": "text",
        "text": "I do not set aside the grace of God, for if righteousness could be gained through the law, then Christ died for nothing!\n\n"
      },
      {
        "tag": "s5",
        "type": "section",
        "text": "\n"
      }
    ]
  },
  "front": {
    "verseObjects": [
      {
        "tag": "p",
        "type": "paragraph",
        "text": "\n"
      }
    ]
  }
}