{
  "1": {
    "verseObjects": [
      {
        "type": "text",
        "text": "For freedom Christ has set us free. Stand firm, therefore, and do not again be put under the control of a yoke of slavery.\n"
      },
      {
        "tag": "p",
        "nextChar": "\n",
        "type": "paragraph"
      }
    ]
  },
  "2": {
    "verseObjects": [
      {
        "type": "text",
        "text": "Look, I, Paul, say to you that if you let yourselves be circumcised, Christ will not benefit you in any way.\n\n"
      },
      {
        "tag": "s5",
        "nextChar": "\n",
        "type": "section"
      }
    ]
  },
  "3": {
    "verseObjects": [
      {
        "type": "text",
        "text": "I testify again to every man who lets himself be circumcised that he is obligated to obey the whole law.\n"
      }
    ]
  },
  "4": {
    "verseObjects": [
      {
        "type": "text",
        "text": "You are cut off from Christ, you who would be justified by the law; you no longer experience grace.\n\n"
      },
      {
        "tag": "s5",
        "nextChar": "\n",
        "type": "section"
      }
    ]
  },
  "5": {
    "verseObjects": [
      {
        "type": "text",
        "text": "For through the Spirit, by faith, we eagerly wait for the hope of righteousness.\n"
      }
    ]
  },
  "6": {
    "verseObjects": [
      {
        "type": "text",
        "text": "In Christ Jesus neither circumcision nor uncircumcision means anything, but only faith working through love.\n"
      }
    ]
  },
  "7": {
    "verseObjects": [
      {
        "type": "text",
        "text": "You were running well. Who prevented you from obeying the truth?\n"
      }
    ]
  },
  "8": {
    "verseObjects": [
      {
        "type": "text",
        "text": "This persuasion does not come from him who calls you!\n\n"
      },
      {
        "tag": "s5",
        "nextChar": "\n",
        "type": "section"
      }
    ]
  },
  "9": {
    "verseObjects": [
      {
        "type": "text",
        "text": "A little yeast makes the whole batch of dough rise.\n"
      }
    ]
  },
  "10": {
    "verseObjects": [
      {
        "type": "text",
        "text": "I have confidence in the Lord that you will take no other view. The one who is troubling you will pay the penalty, whoever he is.\n\n"
      },
      {
        "tag": "s5",
        "nextChar": "\n",
        "type": "section"
      }
    ]
  },
  "11": {
    "verseObjects": [
      {
        "type": "text",
        "text": "Brothers, if I still proclaim circumcision, why am I still being persecuted? In that case the stumbling block of the cross has been removed.\n"
      }
    ]
  },
  "12": {
    "verseObjects": [
      {
        "type": "text",
        "text": "As for those who are disturbing you, I wish they would castrate themselves!\n\n"
      },
      {
        "tag": "s5",
        "nextChar": "\n",
        "type": "section"
      },
      {
        "tag": "p",
        "nextChar": "\n",
        "type": "paragraph"
      }
    ]
  },
  "13": {
    "verseObjects": [
      {
        "type": "text",
        "text": "For you were called to freedom, brothers. But do not use your freedom as an opportunity for the sinful nature; rather, through love serve one another.\n"
      }
    ]
  },
  "14": {
    "verseObjects": [
      {
        "type": "text",
        "text": "For the whole law is fulfilled in one command: \"You must love your neighbor as yourself.\"\n"
      }
    ]
  },
  "15": {
    "verseObjects": [
      {
        "type": "text",
        "text": "But if you bite and devour one another, watch out that you are not consumed by one another.\n\n"
      },
      {
        "tag": "s5",
        "nextChar": "\n",
        "type": "section"
      },
      {
        "tag": "p",
        "nextChar": "\n",
        "type": "paragraph"
      }
    ]
  },
  "16": {
    "verseObjects": [
      {
        "type": "text",
        "text": "But I say, walk by the Spirit and you will not carry out the desires of the sinful nature.\n"
      }
    ]
  },
  "17": {
    "verseObjects": [
      {
        "type": "text",
        "text": "For the desires of the sinful nature are against the Spirit, and the desires of the Spirit are against the sinful nature. For these are in conflict with each other, so that you cannot do the things you want. \n"
      }
    ]
  },
  "18": {
    "verseObjects": [
      {
        "type": "text",
        "text": "But if you are led by the Spirit, you are not under the law.\n\n"
      },
      {
        "tag": "s5",
        "nextChar": "\n",
        "type": "section"
      }
    ]
  },
  "19": {
    "verseObjects": [
      {
        "type": "text",
        "text": "Now the works of the sinful nature are evident: sexual immorality, impurity, depravity,\n"
      }
    ]
  },
  "20": {
    "verseObjects": [
      {
        "type": "text",
        "text": "idolatry, sorcery, hostilities, strife, jealousy, outbursts of anger, rivalry, dissension, divisions,\n"
      }
    ]
  },
  "21": {
    "verseObjects": [
      {
        "type": "text",
        "text": "envy, drunkenness, drunken celebrations, and things like these. I warn you, as I warned you before, that those who practice such things will not inherit the kingdom of God.\n\n"
      },
      {
        "tag": "s5",
        "nextChar": "\n",
        "type": "section"
      }
    ]
  },
  "22": {
    "verseObjects": [
      {
        "type": "text",
        "text": "But the fruit of the Spirit is love, joy, peace, patience, kindness, goodness, faith,\n"
      }
    ]
  },
  "23": {
    "verseObjects": [
      {
        "type": "text",
        "text": "gentleness, and self-control; against such things there is no law.\n"
      }
    ]
  },
  "24": {
    "verseObjects": [
      {
        "type": "text",
        "text": "Those who belong to Christ Jesus have crucified the sinful nature with its passions and desires.\n\n"
      },
      {
        "tag": "s5",
        "nextChar": "\n",
        "type": "section"
      },
      {
        "tag": "p",
        "nextChar": "\n",
        "type": "paragraph"
      }
    ]
  },
  "25": {
    "verseObjects": [
      {
        "type": "text",
        "text": "If we live by the Spirit, let us also walk by the Spirit.\n"
      }
    ]
  },
  "26": {
    "verseObjects": [
      {
        "type": "text",
        "text": "Let us not become conceited, provoking one another, envying one another.\n"
      },
      {
        "tag": "s5",
        "nextChar": "\n",
        "type": "section"
      }
    ]
  },
  "front": {
    "verseObjects": [
      {
        "tag": "p",
        "nextChar": "\n",
        "type": "paragraph"
      }
    ]
  }
}