{
  "1": {
    "verseObjects": [
      {
        "type": "text",
        "text": "Brothers, if someone is caught in any trespass, you who are spiritual should restore him in a spirit of gentleness. Be concerned about yourself, so you also may not be tempted.\n"
      }
    ]
  },
  "2": {
    "verseObjects": [
      {
        "type": "text",
        "text": "Carry one another's burdens, and so fulfill the law of Christ.\n\n"
      },
      {
        "tag": "s5",
        "nextChar": "\n",
        "type": "section"
      }
    ]
  },
  "3": {
    "verseObjects": [
      {
        "type": "text",
        "text": "For if anyone thinks he is something when he is nothing, he deceives himself.\n"
      }
    ]
  },
  "4": {
    "verseObjects": [
      {
        "type": "text",
        "text": "Each one should examine his own work, and then his reason to boast will be in himself alone and not in someone else. \n"
      }
    ]
  },
  "5": {
    "verseObjects": [
      {
        "type": "text",
        "text": "For each one will carry his own load.\n\n"
      },
      {
        "tag": "s5",
        "nextChar": "\n",
        "type": "section"
      },
      {
        "tag": "p",
        "nextChar": "\n",
        "type": "paragraph"
      }
    ]
  },
  "6": {
    "verseObjects": [
      {
        "type": "text",
        "text": "The one who is taught the word must share all good things with the one who teaches.\n"
      }
    ]
  },
  "7": {
    "verseObjects": [
      {
        "type": "text",
        "text": "Do not be deceived. God is not mocked, for whatever a man plants, that he will also gather in.\n"
      }
    ]
  },
  "8": {
    "verseObjects": [
      {
        "type": "text",
        "text": "For he who plants seed to his own sinful nature, from the sinful nature will gather in destruction. The one who plants seed to the Spirit, from the Spirit will gather in eternal life from the Spirit.\n\n"
      },
      {
        "tag": "s5",
        "nextChar": "\n",
        "type": "section"
      }
    ]
  },
  "9": {
    "verseObjects": [
      {
        "type": "text",
        "text": "Let us not become weary in doing good, for at the right time we will gather in a harvest, if we do not give up.\n"
      }
    ]
  },
  "10": {
    "verseObjects": [
      {
        "type": "text",
        "text": "So then, as we have the opportunity, let us do good to all people, especially to those who belong to the household of faith.\n\n"
      },
      {
        "tag": "s5",
        "nextChar": "\n",
        "type": "section"
      },
      {
        "tag": "p",
        "nextChar": "\n",
        "type": "paragraph"
      }
    ]
  },
  "11": {
    "verseObjects": [
      {
        "type": "text",
        "text": "See what large letters I write to you with my own hand.\n"
      }
    ]
  },
  "12": {
    "verseObjects": [
      {
        "type": "text",
        "text": "Those who want to make a good impression in the flesh are trying to compel you to be circumcised. They do this only to avoid being persecuted for the cross of Christ.\n"
      }
    ]
  },
  "13": {
    "verseObjects": [
      {
        "type": "text",
        "text": "For not even those who circumcised themselves keep the law, but they want you to be circumcised so that they may boast about your flesh.\n\n"
      },
      {
        "tag": "s5",
        "nextChar": "\n",
        "type": "section"
      }
    ]
  },
  "14": {
    "verseObjects": [
      {
        "type": "text",
        "text": "But may I never boast except in the cross of our Lord Jesus Christ, through which the world has been crucified to me, and I to the world.\n"
      }
    ]
  },
  "15": {
    "verseObjects": [
      {
        "type": "text",
        "text": "For neither circumcision counts for anything nor uncircumcision, but what counts is a new creation. \n"
      }
    ]
  },
  "16": {
    "verseObjects": [
      {
        "type": "text",
        "text": "To all who live according to this standard, peace and mercy be upon them, even upon the Israel of God.\n\n"
      },
      {
        "tag": "s5",
        "nextChar": "\n",
        "type": "section"
      },
      {
        "tag": "p",
        "nextChar": "\n",
        "type": "paragraph"
      }
    ]
  },
  "17": {
    "verseObjects": [
      {
        "type": "text",
        "text": "From now on let no one trouble me, for I carry on my body the marks of Jesus.\n"
      },
      {
        "tag": "p",
        "nextChar": "\n",
        "type": "paragraph"
      }
    ]
  },
  "18": {
    "verseObjects": [
      {
        "type": "text",
        "text": "May the grace of our Lord Jesus Christ be with your spirit, brothers. Amen.\n\n"
      }
    ]
  },
  "front": {
    "verseObjects": [
      {
        "tag": "p",
        "nextChar": "\n",
        "type": "paragraph"
      }
    ]
  }
}