{
  "1": {
    "verseObjects": [
      {
        "type": "text",
        "text": "Ben Hadad king of Aram gathered all his army together. There were thirty-two lesser kings with him, and horses and chariots. He went up, besieged Samaria and fought against it.\n"
      }
    ]
  },
  "2": {
    "verseObjects": [
      {
        "type": "text",
        "text": "He sent messengers into the city to Ahab king of Israel, and said to him, \"Ben Hadad says this:\n"
      }
    ]
  },
  "3": {
    "verseObjects": [
      {
        "type": "text",
        "text": "'Your silver and your gold are mine. Also your wives and children, the best ones, are now mine.'\"\n\n"
      },
      {
        "tag": "s5",
        "nextChar": "\n",
        "type": "section"
      }
    ]
  },
  "4": {
    "verseObjects": [
      {
        "type": "text",
        "text": "The king of Israel answered and said, \"It is as you say, my master, king. I and all that I have are yours.\"\n"
      }
    ]
  },
  "5": {
    "verseObjects": [
      {
        "type": "text",
        "text": "The messengers came again and said, \"Ben Hadad says this, 'I sent word to you saying that you must give me your silver, your gold, your wives, and your children.\n"
      }
    ]
  },
  "6": {
    "verseObjects": [
      {
        "type": "text",
        "text": "But I will send my servants to you tomorrow about this time, and they will search your house and your servants' houses. They will seize with their own hands and take away whatever pleases their eyes.'\"\n\n"
      },
      {
        "tag": "s5",
        "nextChar": "\n",
        "type": "section"
      },
      {
        "tag": "p",
        "nextChar": "\n",
        "type": "paragraph"
      }
    ]
  },
  "7": {
    "verseObjects": [
      {
        "type": "text",
        "text": "Then the king of Israel called all the elders of the land together and said, \"Please take note and see how this man seeks trouble. He has sent word to me in order to take my wives, children, and silver and gold, and I have not refused him.\"\n"
      }
    ]
  },
  "8": {
    "verseObjects": [
      {
        "type": "text",
        "text": "All the elders and all the people said to Ahab, \"Do not listen to him or consent to his demands.\"\n\n"
      },
      {
        "tag": "s5",
        "nextChar": "\n",
        "type": "section"
      }
    ]
  },
  "9": {
    "verseObjects": [
      {
        "type": "text",
        "text": "So Ahab said to the messengers of Ben Hadad, \"Tell my master the king, 'I agree to everything that you sent your servant to do the first time, but I cannot accept this second demand.'\" So the messengers left and took this response to Ben Hadad.\n"
      }
    ]
  },
  "10": {
    "verseObjects": [
      {
        "type": "text",
        "text": "Then Ben Hadad sent his reply to Ahab, and said, \"May the gods do so to me and more also, if even the ashes of Samaria will be enough for all the people who follow me to have a handful each.\"\n\n"
      },
      {
        "tag": "s5",
        "nextChar": "\n",
        "type": "section"
      }
    ]
  },
  "11": {
    "verseObjects": [
      {
        "type": "text",
        "text": "The king of Israel answered and said, \"Tell Ben Hadad, 'No one who is just putting on his armor, should boast as if he were taking it off.'\"\n"
      }
    ]
  },
  "12": {
    "verseObjects": [
      {
        "type": "text",
        "text": "Ben Hadad heard this message as he was drinking, he and the kings under him who were in their tents. Ben Hadad commanded his men, \"Line yourselves up in position for battle.\" So they prepared themselves in position of battle to attack the city.\n\n"
      },
      {
        "tag": "s5",
        "nextChar": "\n",
        "type": "section"
      },
      {
        "tag": "p",
        "nextChar": "\n",
        "type": "paragraph"
      }
    ]
  },
  "13": {
    "verseObjects": [
      {
        "type": "text",
        "text": "Then behold, a prophet came to Ahab king of Israel and said, \"Yahweh says, 'Have you seen this great army? Look, I will place it into your hand today, and you will know that I am Yahweh.'\"\n"
      }
    ]
  },
  "14": {
    "verseObjects": [
      {
        "type": "text",
        "text": "Ahab replied, \"By whom?\" Yahweh replied and said, \"By the young officers who serve the governors of the districts.\" Then Ahab said, \"Who will begin the battle?\" Yahweh answered, \"You.\"\n"
      }
    ]
  },
  "15": {
    "verseObjects": [
      {
        "type": "text",
        "text": "Then Ahab mustered the young officers who served the governors of the districts. They numbered 232. After them he mustered all the soldiers, all the army of Israel; seven thousand in number.\n\n"
      },
      {
        "tag": "s5",
        "nextChar": "\n",
        "type": "section"
      },
      {
        "tag": "p",
        "nextChar": "\n",
        "type": "paragraph"
      }
    ]
  },
  "16": {
    "verseObjects": [
      {
        "type": "text",
        "text": "They went out at noon. Ben Hadad had been drinking himself drunk in his tent, he and the thirty-two lesser kings who were supporting him.\n"
      }
    ]
  },
  "17": {
    "verseObjects": [
      {
        "type": "text",
        "text": "The young officers who served the governors of the districts went forward first. Then Ben Hadad was informed by scouts that he had sent out, \"Men are coming out from Samaria.\"\n\n"
      },
      {
        "tag": "s5",
        "nextChar": "\n",
        "type": "section"
      }
    ]
  },
  "18": {
    "verseObjects": [
      {
        "type": "text",
        "text": "Ben Hadad said, \"Whether they have come out for peace or war, take them alive.\"\n"
      }
    ]
  },
  "19": {
    "verseObjects": [
      {
        "type": "text",
        "text": "So the young officers who served the governors of the districts went out of the city and the army followed them.\n\n"
      },
      {
        "tag": "s5",
        "nextChar": "\n",
        "type": "section"
      }
    ]
  },
  "20": {
    "verseObjects": [
      {
        "type": "text",
        "text": "Each man killed his opponent. The Arameans fled and Israel pursued them. Ben Hadad the king of Aram escaped on a horse along with some horsemen.\n"
      }
    ]
  },
  "21": {
    "verseObjects": [
      {
        "type": "text",
        "text": "Then the king of Israel went out and attacked the horses and chariots, and killed the Arameans in a great slaughter.\n\n"
      },
      {
        "tag": "s5",
        "nextChar": "\n",
        "type": "section"
      },
      {
        "tag": "p",
        "nextChar": "\n",
        "type": "paragraph"
      }
    ]
  },
  "22": {
    "verseObjects": [
      {
        "type": "text",
        "text": "So the prophet came to the king of Israel and said to him, \"Go, strengthen yourself, and understand and plan what you are doing, because at the return of the year the king of Aram will come up against you again.\"\n"
      }
    ]
  },
  "23": {
    "verseObjects": [
      {
        "type": "text",
        "text": "The servants of the king of Aram said to him, \"Their god is a god of the hills. That is why they were stronger than we were. But now let us fight against them in the plain, and surely we will be stronger than they are.\n\n"
      },
      {
        "tag": "s5",
        "nextChar": "\n",
        "type": "section"
      }
    ]
  },
  "24": {
    "verseObjects": [
      {
        "type": "text",
        "text": "So you must do this: Remove all the kings from their positions of authority and replace them with military commanders.\n"
      }
    ]
  },
  "25": {
    "verseObjects": [
      {
        "type": "text",
        "text": "Raise up an army like the army you lost—horse for horse and chariot for chariot—so we can fight them in the plain. Then surely we will be stronger than they are.\" So Ben Hadad listened to their advice and did what they advised.\n\n"
      },
      {
        "tag": "s5",
        "nextChar": "\n",
        "type": "section"
      },
      {
        "tag": "p",
        "nextChar": "\n",
        "type": "paragraph"
      }
    ]
  },
  "26": {
    "verseObjects": [
      {
        "type": "text",
        "text": "After the beginning of the new year, Ben Hadad mustered the Arameans and went up to Aphek to fight against Israel.\n"
      }
    ]
  },
  "27": {
    "verseObjects": [
      {
        "type": "text",
        "text": "The people of Israel were mustered and supplied to fight against them. The people of Israel camped before them like two little flocks of goats, but the Arameans filled the countryside.\n\n"
      },
      {
        "tag": "s5",
        "nextChar": "\n",
        "type": "section"
      }
    ]
  },
  "28": {
    "verseObjects": [
      {
        "type": "text",
        "text": "Then a man of God came near and spoke to the king of Israel and said, \"Yahweh says: 'Because the Arameans have said that Yahweh is a god of the hills, but he is not a god of the valleys, I will place this great army into your hand, and you will know that I am Yahweh.'\"\n"
      },
      {
        "tag": "s5",
        "nextChar": "\n",
        "type": "section"
      }
    ]
  },
  "29": {
    "verseObjects": [
      {
        "type": "text",
        "text": "So the armies camped opposite each other for seven days. Then on the seventh day the battle started. The people of Israel killed 100,000 Aramean footmen in one day.\n"
      }
    ]
  },
  "30": {
    "verseObjects": [
      {
        "type": "text",
        "text": "The rest fled to Aphek, into the city, and the wall fell on twenty-seven thousand men who were left. Ben Hadad fled and went into the city, into an inner room.\n\n"
      },
      {
        "tag": "s5",
        "nextChar": "\n",
        "type": "section"
      },
      {
        "tag": "p",
        "nextChar": "\n",
        "type": "paragraph"
      }
    ]
  },
  "31": {
    "verseObjects": [
      {
        "type": "text",
        "text": "Ben Hadad's servants said to him, \"Look now, we have heard that the kings of the house of Israel are merciful kings. Please let us put sackcloth around our waists and ropes around our heads, and go out to the king of Israel. Perhaps he will spare your life.\"\n"
      }
    ]
  },
  "32": {
    "verseObjects": [
      {
        "type": "text",
        "text": "So they put sackcloth on their waists and ropes around their heads and then went to the king of Israel and said, \"Your servant Ben Hadad said, 'Please let me live.'\" Ahab said, \"Is he still alive? He is my brother.\"\n\n"
      },
      {
        "tag": "s5",
        "nextChar": "\n",
        "type": "section"
      }
    ]
  },
  "33": {
    "verseObjects": [
      {
        "type": "text",
        "text": "Now the men were listening for any sign from Ahab, so they quickly answered him, \"Yes, your brother Ben Hadad is alive.\" Then Ahab said, \"Go and bring him.\" Then Ben Hadad came to him, and Ahab had him come up into his chariot.\n"
      }
    ]
  },
  "34": {
    "verseObjects": [
      {
        "type": "text",
        "text": "Ben Hadad said to Ahab, \"I will restore to you the cities that my father took from your father, and you may make markets for yourself in Damascus, as my father did in Samaria.\" Ahab replied, \"I will let you go with this covenant.\" So Ahab made a covenant with him and then let him go.\n\n"
      },
      {
        "tag": "s5",
        "nextChar": "\n",
        "type": "section"
      },
      {
        "tag": "p",
        "nextChar": "\n",
        "type": "paragraph"
      }
    ]
  },
  "35": {
    "verseObjects": [
      {
        "type": "text",
        "text": "A certain man, one of the sons of the prophets, said to one of his fellow prophets by the word of Yahweh, \"Please hit me.\" But the man refused to hit him.\n"
      }
    ]
  },
  "36": {
    "verseObjects": [
      {
        "type": "text",
        "text": "Then the prophet said to his fellow prophet, \"Because you have not obeyed the voice of Yahweh, as soon as you leave me, a lion will kill you.\" As soon as that man had left him, a lion came upon him and killed him.\n\n"
      },
      {
        "tag": "s5",
        "nextChar": "\n",
        "type": "section"
      }
    ]
  },
  "37": {
    "verseObjects": [
      {
        "type": "text",
        "text": "Then the prophet found another man and said, \"Please hit me.\" So the man hit him and wounded him.\n"
      }
    ]
  },
  "38": {
    "verseObjects": [
      {
        "type": "text",
        "text": "Then the prophet left and waited for the king by the road; he had disguised himself with a bandage over his eyes.\n\n"
      },
      {
        "tag": "s5",
        "nextChar": "\n",
        "type": "section"
      }
    ]
  },
  "39": {
    "verseObjects": [
      {
        "type": "text",
        "text": "As the king passed by, the prophet cried out to the king and said, \"Your servant went out into the heat of the battle, and a soldier stopped and brought a man to me and said, 'Watch this man. If by any means he goes missing, your life will be given for his life, or you must pay a talent of silver.'\n"
      }
    ]
  },
  "40": {
    "verseObjects": [
      {
        "type": "text",
        "text": "But because your servant was busy going here and there, the man escaped.\" Then the king of Israel said to him, \"This is what your punishment will be—you yourself have decided it.\"\n\n"
      },
      {
        "tag": "s5",
        "nextChar": "\n",
        "type": "section"
      }
    ]
  },
  "41": {
    "verseObjects": [
      {
        "type": "text",
        "text": "Then the prophet quickly removed the bandage from his eyes, and the king of Israel recognized that he was one of the prophets.\n"
      }
    ]
  },
  "42": {
    "verseObjects": [
      {
        "type": "text",
        "text": "The prophet said to the king, \"Yahweh says, 'Because you have let go from your hand the man whom I had sentenced to death, your life will take the place of his life, and your people for his people.'\"\n"
      }
    ]
  },
  "43": {
    "verseObjects": [
      {
        "type": "text",
        "text": "So the king of Israel went to his house resentful and angry, and arrived in Samaria.\n\n\n"
      },
      {
        "tag": "s5",
        "nextChar": "\n",
        "type": "section"
      }
    ]
  },
  "front": {
    "verseObjects": [
      {
        "tag": "p",
        "nextChar": "\n",
        "type": "paragraph"
      }
    ]
  }
}