{
  "1": {
    "verseObjects": [
      {
        "type": "text",
        "text": "David and some of the temple officials chose some of the descendants of Asaph, Heman, and Jeduthun to be in charge of the preaching, and to play harps and lyres and cymbals. This is a list of the men whom they chose for that work:\n"
      },
      {
        "tag": "li",
        "content": "\n"
      }
    ]
  },
  "2": {
    "verseObjects": [
      {
        "type": "text",
        "text": "From the sons of Asaph they chose Zaccur, Joseph, Nethaniah, and Aserelah. Asaph supervised them. And the king appointed Asaph to preach.\n"
      },
      {
        "tag": "li",
        "content": "\n"
      }
    ]
  },
  "3": {
    "verseObjects": [
      {
        "type": "text",
        "text": "From the sons of Jeduthun they chose six men: Gedaliah, Zeri, Jeshaiah, Shimei, Hashabiah, and Mattithiah. Jeduthun supervised them and also preached, playing his harp while he thanked and praised Yahweh.\n\n"
      },
      {
        "tag": "s5",
        "type": "section",
        "text": "\n"
      },
      {
        "tag": "q",
        "type": "quote",
        "text": "\n"
      }
    ]
  },
  "4": {
    "verseObjects": [
      {
        "type": "text",
        "text": "From the sons of Heman they chose Bukkiah, Mattaniah, Uzziel, Shubael, Jerimoth, Hananiah, Hanani, Eliathah, Giddalti, Romamti-Eze, Joshbekashah, Mallothi, Hothir, and Mahazioth.\n"
      }
    ]
  },
  "5": {
    "verseObjects": [
      {
        "type": "text",
        "text": "They were all sons of Heman, who was King David's prophet. God promised to cause Heman to be strong, so altogether, God gave him fourteen sons and three daughters.\n\n"
      },
      {
        "tag": "s5",
        "type": "section",
        "text": "\n"
      },
      {
        "tag": "p",
        "type": "paragraph",
        "text": "\n"
      }
    ]
  },
  "6": {
    "verseObjects": [
      {
        "type": "text",
        "text": "All those men were supervised by their fathers while they played music in the temple of Yahweh. They played cymbals, lyres, and harps. And their fathers—Asaph, Jeduthun, and Heman—were supervised by the king.\n"
      }
    ]
  },
  "7": {
    "verseObjects": [
      {
        "type": "text",
        "text": "Those men and their relatives were all trained and skilled for playing musical instruments in the temple. That was their work for Yahweh. Including their relatives, there were 288 of them.\n"
      }
    ]
  },
  "8": {
    "verseObjects": [
      {
        "type": "text",
        "text": "All of them, including ones who were young and those who were old, cast lots to determine what work they would do.\n\n"
      },
      {
        "tag": "s5",
        "type": "section",
        "text": "\n"
      },
      {
        "tag": "q",
        "type": "quote",
        "text": "\n"
      }
    ]
  },
  "9": {
    "verseObjects": [
      {
        "type": "text",
        "text": "From the family of Asaph, the first ones selected were Joseph and 12 of his sons and relatives.\n"
      },
      {
        "tag": "li",
        "content": "\n"
      }
    ]
  },
  "10": {
    "verseObjects": [
      {
        "type": "text",
        "text": "Next, Gedaliah and 12 of his sons and relatives were selected.\n"
      },
      {
        "tag": "li",
        "content": "\n"
      }
    ]
  },
  "11": {
    "verseObjects": [
      {
        "type": "text",
        "text": "Next, Zaccur and 12 of his sons and relatives were selected.\n"
      },
      {
        "tag": "li",
        "content": "\n"
      }
    ]
  },
  "12": {
    "verseObjects": [
      {
        "type": "text",
        "text": "Next, Nethaniah and 12 of his sons and relatives were selected.\n\n"
      },
      {
        "tag": "s5",
        "type": "section",
        "text": "\n"
      },
      {
        "tag": "q",
        "type": "quote",
        "text": "\n"
      }
    ]
  },
  "13": {
    "verseObjects": [
      {
        "type": "text",
        "text": "Next, Bukkiah and 12 of his sons and relatives were selected.\n"
      },
      {
        "tag": "li",
        "content": "\n"
      }
    ]
  },
  "14": {
    "verseObjects": [
      {
        "type": "text",
        "text": "Next, Jesarelah and 12 of his sons and relatives were selected.\n"
      },
      {
        "tag": "li",
        "content": "\n"
      }
    ]
  },
  "15": {
    "verseObjects": [
      {
        "type": "text",
        "text": "Next, Jeshaiah and 12 of his sons and relatives were selected.\n"
      },
      {
        "tag": "li",
        "content": "\n"
      }
    ]
  },
  "16": {
    "verseObjects": [
      {
        "type": "text",
        "text": "Next, Mattaniah and 12 of his sons and relatives were selected.\n\n"
      },
      {
        "tag": "s5",
        "type": "section",
        "text": "\n"
      },
      {
        "tag": "q",
        "type": "quote",
        "text": "\n"
      }
    ]
  },
  "17": {
    "verseObjects": [
      {
        "type": "text",
        "text": "Next, Shimei and 12 of his sons and relatives were selected.\n"
      },
      {
        "tag": "li",
        "content": "\n"
      }
    ]
  },
  "18": {
    "verseObjects": [
      {
        "type": "text",
        "text": "Next, Azarel and 12 of his sons and relatives were selected.\n"
      },
      {
        "tag": "li",
        "content": "\n"
      }
    ]
  },
  "19": {
    "verseObjects": [
      {
        "type": "text",
        "text": "Next, Hashabiah and 12 of his sons and relatives were selected.\n"
      },
      {
        "tag": "li",
        "content": "\n"
      }
    ]
  },
  "20": {
    "verseObjects": [
      {
        "type": "text",
        "text": "Next, Shubael and 12 of his sons and relatives were selected.\n\n"
      },
      {
        "tag": "s5",
        "type": "section",
        "text": "\n"
      },
      {
        "tag": "q",
        "type": "quote",
        "text": "\n"
      }
    ]
  },
  "21": {
    "verseObjects": [
      {
        "type": "text",
        "text": "Next, Mattithiah and 12 of his sons and relatives were selected.\n"
      },
      {
        "tag": "li",
        "content": "\n"
      }
    ]
  },
  "22": {
    "verseObjects": [
      {
        "type": "text",
        "text": "Next, Jerimoth and 12 of his sons and relatives were selected.\n"
      },
      {
        "tag": "li",
        "content": "\n"
      }
    ]
  },
  "23": {
    "verseObjects": [
      {
        "type": "text",
        "text": "Next, Hananiah and 12 of his sons and relatives were selected.\n"
      },
      {
        "tag": "li",
        "content": "\n"
      }
    ]
  },
  "24": {
    "verseObjects": [
      {
        "type": "text",
        "text": "Next, Joshbekashah and 12 of his sons and relatives were selected.\n\n"
      },
      {
        "tag": "s5",
        "type": "section",
        "text": "\n"
      },
      {
        "tag": "q",
        "type": "quote",
        "text": "\n"
      }
    ]
  },
  "25": {
    "verseObjects": [
      {
        "type": "text",
        "text": "Next, Hanani and 12 of his sons and relatives were selected.\n"
      },
      {
        "tag": "li",
        "content": "\n"
      }
    ]
  },
  "26": {
    "verseObjects": [
      {
        "type": "text",
        "text": "Next, Mallothi and 12 of his sons and relatives were selected.\n"
      },
      {
        "tag": "li",
        "content": "\n"
      }
    ]
  },
  "27": {
    "verseObjects": [
      {
        "type": "text",
        "text": "Next, Eliathah and 12 of his sons and relatives were selected.\n"
      },
      {
        "tag": "li",
        "content": "\n"
      }
    ]
  },
  "28": {
    "verseObjects": [
      {
        "type": "text",
        "text": "Next, Hothir and 12 of his sons and relatives were selected.\n\n"
      },
      {
        "tag": "s5",
        "type": "section",
        "text": "\n"
      },
      {
        "tag": "q",
        "type": "quote",
        "text": "\n"
      }
    ]
  },
  "29": {
    "verseObjects": [
      {
        "type": "text",
        "text": "Next, Giddalti and 12 of his sons and relatives were selected.\n"
      },
      {
        "tag": "li",
        "content": "\n"
      }
    ]
  },
  "30": {
    "verseObjects": [
      {
        "type": "text",
        "text": "Next, Mahazioth and 12 of his sons and relatives were selected.\n"
      },
      {
        "tag": "li",
        "content": "\n"
      }
    ]
  },
  "31": {
    "verseObjects": [
      {
        "type": "text",
        "text": "Next, Romamti-Eze and 12 of his sons and relatives were selected.\n\n\n"
      },
      {
        "tag": "s5",
        "type": "section",
        "text": "\n"
      }
    ]
  },
  "front": {
    "verseObjects": [
      {
        "type": "text",
        "text": "\n"
      },
      {
        "tag": "p",
        "type": "paragraph",
        "text": "\n"
      }
    ]
  }
}