{
  "1": {
    "verseObjects": [
      {
        "type": "text",
        "text": "The names of all the people of Israel were listed in the scroll named \"The Record of the Kings of Israel.\"\n\n"
      },
      {
        "tag": "p",
        "type": "paragraph",
        "text": "Many of the people of Judah were captured and forced to go to Babylon. That happened because of the sins they had committed.\n"
      }
    ]
  },
  "2": {
    "verseObjects": [
      {
        "type": "text",
        "text": "The first people who returned to Judah many years later and lived in their own land and in their own cities and towns were some Israelite priests, other descendants of Levi, and men who worked in the temple.\n"
      },
      {
        "tag": "p",
        "nextChar": "\n",
        "type": "paragraph"
      }
    ]
  },
  "3": {
    "verseObjects": [
      {
        "type": "text",
        "text": "Other people from the tribes of Judah, Benjamin, Ephraim, and Manasseh also returned to Judah and lived in Jerusalem. What follows is a list of those people of the tribe of Judah.\n\n"
      },
      {
        "tag": "s5",
        "nextChar": "\n",
        "type": "section"
      },
      {
        "tag": "q",
        "nextChar": "\n",
        "type": "quote"
      }
    ]
  },
  "4": {
    "verseObjects": [
      {
        "type": "text",
        "text": "The tribe of Judah: Uthai son of Ammihud; Ammihud son of Omri; Omri son of Imri; Imri son of Bani; Bani was a descendant of Perez; Perez son of Judah.\n"
      },
      {
        "tag": "q",
        "nextChar": "\n",
        "type": "quote"
      }
    ]
  },
  "5": {
    "verseObjects": [
      {
        "type": "text",
        "text": "Asaiah and his sons were descendants of Shelan. Asaiah was the oldest son in his family.\n"
      },
      {
        "tag": "q",
        "nextChar": "\n",
        "type": "quote"
      }
    ]
  },
  "6": {
    "verseObjects": [
      {
        "type": "text",
        "text": "Jeuel and others of his relatives in Zerah's clan. There were 690 people in this clan.\n\n"
      },
      {
        "tag": "s5",
        "nextChar": "\n",
        "type": "section"
      },
      {
        "tag": "q",
        "nextChar": "\n",
        "type": "quote"
      }
    ]
  },
  "7": {
    "verseObjects": [
      {
        "type": "text",
        "text": "From the tribe of Benjamin: Sallu son of Meshullam; Meshullam son of Hodaviah; Hodaviah son of Hassenuah;\n"
      },
      {
        "tag": "q",
        "nextChar": "\n",
        "type": "quote"
      }
    ]
  },
  "8": {
    "verseObjects": [
      {
        "type": "text",
        "text": "Ibneiah son of Jeroham;\n"
      },
      {
        "tag": "q",
        "type": "quote",
        "text": "Elah son of Uzzi; Uzzi son of Mikri;\n"
      },
      {
        "tag": "q",
        "type": "quote",
        "text": "Meshullam son of Shephatiah; Shephatiah son of Reuel; Reuel son of Ibnijah.\n"
      },
      {
        "tag": "q",
        "nextChar": "\n",
        "type": "quote"
      }
    ]
  },
  "9": {
    "verseObjects": [
      {
        "type": "text",
        "text": "In other records of the people descended from Benjamin, there are the names of 956 people who were living in Jerusalem. All these were leaders of their clans.\n\n"
      },
      {
        "tag": "s5",
        "nextChar": "\n",
        "type": "section"
      },
      {
        "tag": "p",
        "nextChar": "\n",
        "type": "paragraph"
      }
    ]
  },
  "10": {
    "verseObjects": [
      {
        "type": "text",
        "text": "Some of the priests who returned to Judah were:\n"
      },
      {
        "tag": "q",
        "type": "quote",
        "text": "Jedaiah, Jehoiarib, Jakin,\n"
      },
      {
        "tag": "q",
        "nextChar": "\n",
        "type": "quote"
      }
    ]
  },
  "11": {
    "verseObjects": [
      {
        "type": "text",
        "text": "and Azariah son of Hilkiah.\n"
      },
      {
        "tag": "q2",
        "type": "quote",
        "text": "Hilkiah son of Meshullam;\n"
      },
      {
        "tag": "q2",
        "type": "quote",
        "text": "Meshullam son of Zadok,\n"
      },
      {
        "tag": "q2",
        "type": "quote",
        "text": "Zadok son of Meraioth;\n"
      },
      {
        "tag": "q2",
        "type": "quote",
        "text": "Meraioth son of Ahitub;\n"
      },
      {
        "tag": "q2",
        "type": "quote",
        "text": "Ahitub, who was in charge of all the men who took care of the temple.\n"
      },
      {
        "type": "text",
        "text": "\n"
      },
      {
        "tag": "s5",
        "nextChar": "\n",
        "type": "section"
      },
      {
        "tag": "q",
        "nextChar": "\n",
        "type": "quote"
      }
    ]
  },
  "12": {
    "verseObjects": [
      {
        "type": "text",
        "text": "Adaiah son of Jeroham;\n"
      },
      {
        "tag": "q2",
        "type": "quote",
        "text": "Jerohamson of Pashhur;\n"
      },
      {
        "tag": "q2",
        "type": "quote",
        "text": "Pashhur son of Malchijah;\n"
      },
      {
        "tag": "q",
        "type": "quote",
        "text": "Maasai son of Adiel;\n"
      },
      {
        "tag": "q2",
        "type": "quote",
        "text": "Adiel son of Jahzerah;\n"
      },
      {
        "tag": "q2",
        "type": "quote",
        "text": "Jahzerah son of Meshullam;\n"
      },
      {
        "tag": "q2",
        "type": "quote",
        "text": "Meshullam son of Meshillemith;\n"
      },
      {
        "tag": "q2",
        "type": "quote",
        "text": "Meshillemith son of Immer.\n"
      },
      {
        "tag": "q",
        "nextChar": "\n",
        "type": "quote"
      }
    ]
  },
  "13": {
    "verseObjects": [
      {
        "type": "text",
        "text": "Altogether there were 1760 priests who returned to Judah. They were leaders of their clans, and they all were responsible for doing work in the temple of God.\n\n"
      },
      {
        "tag": "s5",
        "nextChar": "\n",
        "type": "section"
      },
      {
        "tag": "q",
        "nextChar": "\n",
        "type": "quote"
      }
    ]
  },
  "14": {
    "verseObjects": [
      {
        "type": "text",
        "text": "From the descendants of Levi who returned to Judah there was: Shemaiah son of Hasshub;\n"
      },
      {
        "tag": "q2",
        "type": "quote",
        "text": "Hasshub son of Azrikam;\n"
      },
      {
        "tag": "q2",
        "type": "quote",
        "text": "Azrikam son of Hashabiah;\n"
      },
      {
        "tag": "q2",
        "type": "quote",
        "text": "Hashabiah was a descendant of Levi's youngest son Merari.\n"
      },
      {
        "tag": "q",
        "nextChar": "\n",
        "type": "quote"
      }
    ]
  },
  "15": {
    "verseObjects": [
      {
        "type": "text",
        "text": "Other descendants of Levi who returned to Judah were: Bakbakkar, Heresh, Galal, and Mattaniah son of Mika;\n"
      },
      {
        "tag": "q2",
        "type": "quote",
        "text": "Mika son of Zicri;\n"
      },
      {
        "tag": "q2",
        "type": "quote",
        "text": "Zicri son of Asaph;\n"
      },
      {
        "tag": "q",
        "nextChar": "\n",
        "type": "quote"
      }
    ]
  },
  "16": {
    "verseObjects": [
      {
        "type": "text",
        "text": "There was also Obadiah son of Shemaiah;\n"
      },
      {
        "tag": "q2",
        "type": "quote",
        "text": "Shemaiah son of Galal;\n"
      },
      {
        "tag": "q2",
        "type": "quote",
        "text": "Galal son of Jeduthun;\n"
      },
      {
        "tag": "q",
        "type": "quote",
        "text": "There was also Berekiah son of Asa;\n"
      },
      {
        "tag": "q2",
        "type": "quote",
        "text": "Asa son of Elkanah, who lived in one of the villages where the Netophath people lived.\n"
      },
      {
        "type": "text",
        "text": "\n"
      },
      {
        "tag": "s5",
        "nextChar": "\n",
        "type": "section"
      },
      {
        "tag": "q",
        "nextChar": "\n",
        "type": "quote"
      }
    ]
  },
  "17": {
    "verseObjects": [
      {
        "type": "text",
        "text": "From the descendants of Levi who returned to Judah who guarded the temple gates there were Shallum, Akkub, Talmon, Ahiman, and some of their relatives. Shallum was their leader.\n"
      }
    ]
  },
  "18": {
    "verseObjects": [
      {
        "type": "text",
        "text": "Those gatekeepers from the tribe of Levi stood at the King's Gate on the east side of the city:\n"
      },
      {
        "tag": "q2",
        "nextChar": "\n",
        "type": "quote"
      }
    ]
  },
  "19": {
    "verseObjects": [
      {
        "type": "text",
        "text": "Shallum son of Kore:\n"
      },
      {
        "tag": "q2",
        "type": "quote",
        "text": "Kore son of Ebiasaph;\n"
      },
      {
        "tag": "q2",
        "type": "quote",
        "text": "Ebiasaph son of Korah.\n"
      },
      {
        "tag": "q",
        "type": "quote",
        "text": "Shallum and his relatives were gatekeepers, and they were responsible to guard the gates of the temple of Yahweh, as their ancestors had done.\n"
      },
      {
        "type": "text",
        "text": "\n"
      },
      {
        "tag": "s5",
        "nextChar": "\n",
        "type": "section"
      },
      {
        "tag": "q",
        "nextChar": "\n",
        "type": "quote"
      }
    ]
  },
  "20": {
    "verseObjects": [
      {
        "type": "text",
        "text": "Previously Phinehas son of Eleazar, had supervised the gatekeepers, and Yahweh was with Phinehas.\n"
      },
      {
        "tag": "q",
        "nextChar": "\n",
        "type": "quote"
      }
    ]
  },
  "21": {
    "verseObjects": [
      {
        "type": "text",
        "text": "Zechariah son of Meshelemiah was the gatekeeper at the entrance of the temple.\n\n"
      },
      {
        "tag": "s5",
        "nextChar": "\n",
        "type": "section"
      },
      {
        "tag": "p",
        "nextChar": "\n",
        "type": "paragraph"
      }
    ]
  },
  "22": {
    "verseObjects": [
      {
        "type": "text",
        "text": "Altogether, there were 212 men who were chosen to guard the gates. Their names were written in the records of the clans in their villages. King David and the prophet Samuel appointed those men because those men were dependable.\n"
      }
    ]
  },
  "23": {
    "verseObjects": [
      {
        "type": "text",
        "text": "The work of those gatekeepers and their descendants was to guard the gates of the temple of Yahweh. The temple was built to replace the sacred tent.\n"
      }
    ]
  },
  "24": {
    "verseObjects": [
      {
        "type": "text",
        "text": "There were gatekeepers on each of the four sides of the temple, toward the east, west, north, and south.\n\n"
      },
      {
        "tag": "s5",
        "nextChar": "\n",
        "type": "section"
      }
    ]
  },
  "25": {
    "verseObjects": [
      {
        "type": "text",
        "text": "Sometimes it was necessary for the relatives of the gatekeepers who lived in those villages to come and help them. Each time some of them came, they helped the gatekeepers for seven days.\n"
      }
    ]
  },
  "26": {
    "verseObjects": [
      {
        "type": "text",
        "text": "There were four descendants of Levi who worked every day, and they supervised the gatekeepers. They also took care of the storerooms and other rooms in the temple of God.\n"
      }
    ]
  },
  "27": {
    "verseObjects": [
      {
        "type": "text",
        "text": "They remained awake all during the night to guard the temple, and each morning they opened the gates.\n\n"
      },
      {
        "tag": "s5",
        "nextChar": "\n",
        "type": "section"
      },
      {
        "tag": "p",
        "nextChar": "\n",
        "type": "paragraph"
      }
    ]
  },
  "28": {
    "verseObjects": [
      {
        "type": "text",
        "text": "Some of the gatekeepers took care of the articles that were in the temple. They also took care of the flour, wine, olive oil, incense, and spices that were used in the sacrifices.\n"
      }
    ]
  },
  "29": {
    "verseObjects": [
      {
        "type": "text",
        "text": "Other gatekeepers were appointed to take care of the other things in the temple.\n\n"
      },
      {
        "tag": "s5",
        "nextChar": "\n",
        "type": "section"
      }
    ]
  },
  "30": {
    "verseObjects": [
      {
        "type": "text",
        "text": "But some of the priests had the work of mixing the spices.\n"
      }
    ]
  },
  "31": {
    "verseObjects": [
      {
        "type": "text",
        "text": "There was a descendant of Levi named Mattithiah, the oldest son of Shallum, who was a descendant of Korah. He was very dependable so they gave him the work of baking the bread that was used in the offerings on the altar.\n"
      }
    ]
  },
  "32": {
    "verseObjects": [
      {
        "type": "text",
        "text": "Some of the gatekeepers who were descended from Kohath prepared the new loaves of bread to display before God, the loaves that were placed on the table inside the temple every Sabbath day.\n\n"
      },
      {
        "tag": "s5",
        "nextChar": "\n",
        "type": "section"
      },
      {
        "tag": "p",
        "nextChar": "\n",
        "type": "paragraph"
      }
    ]
  },
  "33": {
    "verseObjects": [
      {
        "type": "text",
        "text": "Some of the descendants of Levi were musicians who worked in the temple. The leaders of those families stayed in the rooms of the temple. They did not do any other work in the temple because they they were responsible to serve as musicians day and night.\n"
      },
      {
        "tag": "p",
        "nextChar": "\n",
        "type": "paragraph"
      }
    ]
  },
  "34": {
    "verseObjects": [
      {
        "type": "text",
        "text": "Those are the names of the leaders of the clans descended from Levi. Their names were written in the records of the clans. They all lived in Jerusalem.\n\n\n"
      },
      {
        "tag": "s5",
        "nextChar": "\n",
        "type": "section"
      },
      {
        "tag": "q",
        "nextChar": "\n",
        "type": "quote"
      }
    ]
  },
  "35": {
    "verseObjects": [
      {
        "type": "text",
        "text": "One of the descendants of Benjamin, Jeiel, lived in the city of Gibeon. He was the city leader. His wife's name was Maacah.\n"
      },
      {
        "tag": "q",
        "nextChar": "\n",
        "type": "quote"
      }
    ]
  },
  "36": {
    "verseObjects": [
      {
        "type": "text",
        "text": "His oldest son was Abdon.\n"
      },
      {
        "tag": "q",
        "type": "quote",
        "text": "His other sons were Zur, Kish, Baal, Ner, Nadab,\n"
      }
    ]
  },
  "37": {
    "verseObjects": [
      {
        "type": "text",
        "text": "Gedor, Ahio, Zechariah, and Mikloth.\n\n"
      },
      {
        "tag": "s5",
        "nextChar": "\n",
        "type": "section"
      },
      {
        "tag": "q2",
        "nextChar": "\n",
        "type": "quote"
      }
    ]
  },
  "38": {
    "verseObjects": [
      {
        "type": "text",
        "text": "Mikloth was the father of Shimeam. Jeiel's family lived near their relatives in Jerusalem.\n"
      },
      {
        "tag": "q",
        "nextChar": "\n",
        "type": "quote"
      }
    ]
  },
  "39": {
    "verseObjects": [
      {
        "type": "text",
        "text": "Ner was the father of Kish. Kish was the father of King Saul. Saul was the father of Jonathan, Malki-Shua, Abinadab, and Esh-Baal.\n"
      },
      {
        "tag": "q",
        "nextChar": "\n",
        "type": "quote"
      }
    ]
  },
  "40": {
    "verseObjects": [
      {
        "type": "text",
        "text": "Jonathan's son was Merib-Baal. Merib-Baal was the father of Mikah.\n\n"
      },
      {
        "tag": "s5",
        "nextChar": "\n",
        "type": "section"
      },
      {
        "tag": "q",
        "nextChar": "\n",
        "type": "quote"
      }
    ]
  },
  "41": {
    "verseObjects": [
      {
        "type": "text",
        "text": "Mikah's sons were Pithon, Melek, Tahrea, and Ahaz.\n"
      },
      {
        "tag": "q2",
        "nextChar": "\n",
        "type": "quote"
      }
    ]
  },
  "42": {
    "verseObjects": [
      {
        "type": "text",
        "text": "Ahaz was the father of Jadah. Jadah was the father of Alemeth, Azmaveth, and Zimri.\n"
      },
      {
        "tag": "q2",
        "type": "quote",
        "text": "Zimri was the father of Moza.\n"
      }
    ]
  },
  "43": {
    "verseObjects": [
      {
        "type": "text",
        "text": "Moza was the father of Binea.\n"
      },
      {
        "tag": "q2",
        "type": "quote",
        "text": "The son of Binea was Rephaiah. The son of Rephaiah was Eleasah. The son of Eleasah was Azel.\n"
      },
      {
        "tag": "q2",
        "nextChar": "\n",
        "type": "quote"
      }
    ]
  },
  "44": {
    "verseObjects": [
      {
        "type": "text",
        "text": "Azel had six sons: Azrikam, Bokeru, Ishmael, Sheariah, Obadiah, and Hanan.\n\n\n"
      },
      {
        "tag": "s5",
        "nextChar": "\n",
        "type": "section"
      }
    ]
  },
  "front": {
    "verseObjects": [
      {
        "tag": "p",
        "nextChar": "\n",
        "type": "paragraph"
      }
    ]
  }
}