{
  "1": {
    "verseObjects": [
      {
        "type": "text",
        "text": "शाऊल के मरने के बाद, जब दाऊद अमालेकियों को मारकर लौटा, और दाऊद को सिकलग में रहते हुए दो दिन हो गए,\n"
      }
    ]
  },
  "2": {
    "verseObjects": [
      {
        "type": "text",
        "text": "तब तीसरे दिन ऐसा हुआ कि शाऊल की छावनी में से एक पुरुष कपड़े फाड़े सिर पर धूल डाले हुए आया। जब वह दाऊद के पास पहुँचा, तब भूमि पर गिरा और दण्डवत् किया।\n"
      },
      {
        "tag": "s5",
        "nextChar": "\n",
        "type": "section"
      }
    ]
  },
  "3": {
    "verseObjects": [
      {
        "type": "text",
        "text": "दाऊद ने उससे पूछा, “तू कहाँ से आया है?” उसने उससे कहा, “मैं इस्राएली छावनी में से बचकर आया हूँ।”\n"
      }
    ]
  },
  "4": {
    "verseObjects": [
      {
        "type": "text",
        "text": "दाऊद ने उससे पूछा, “वहाँ क्या बात हुई? मुझे बता।” उसने कहा, “यह, कि लोग रणभूमि छोड़कर भाग गए, और बहुत लोग मारे गए; और शाऊल और उसका पुत्र योनातान भी मारे गए हैं।”\n"
      }
    ]
  },
  "5": {
    "verseObjects": [
      {
        "type": "text",
        "text": "दाऊद ने उस समाचार देनेवाले जवान से पूछा, “तू कैसे जानता है कि शाऊल और उसका पुत्र योनातान मर गए?”\n"
      },
      {
        "tag": "s5",
        "nextChar": "\n",
        "type": "section"
      }
    ]
  },
  "6": {
    "verseObjects": [
      {
        "type": "text",
        "text": "समाचार देनेवाले जवान ने कहा, “संयोग से मैं गिलबो पहाड़ पर था; तो क्या देखा, कि शाऊल अपने भाले की टेक लगाए हुए है; फिर मैंने यह भी देखा कि उसका पीछा किए हुए रथ और सवार बड़े वेग से दौड़े आ रहे हैं।\n"
      }
    ]
  },
  "7": {
    "verseObjects": [
      {
        "type": "text",
        "text": "उसने पीछे फिरकर मुझे देखा, और मुझे पुकारा। मैंने कहा, ‘क्या आज्ञा?’\n"
      },
      {
        "tag": "s5",
        "nextChar": "\n",
        "type": "section"
      }
    ]
  },
  "8": {
    "verseObjects": [
      {
        "type": "text",
        "text": "उसने मुझसे पूछा, ‘तू कौन है?’ मैंने उससे कहा, ‘मैं तो अमालेकी हूँ।’\n"
      }
    ]
  },
  "9": {
    "verseObjects": [
      {
        "type": "text",
        "text": "उसने मुझसे कहा, ‘मेरे पास खड़ा होकर मुझे मार डाल; क्योंकि मेरा सिर तो घूमा जाता है, परन्तु प्राण नहीं निकलता।’\n"
      }
    ]
  },
  "10": {
    "verseObjects": [
      {
        "type": "text",
        "text": "तब मैंने यह निश्चय जान लिया, कि वह गिर जाने के पश्चात् नहीं बच सकता, मैंने उसके पास खड़े होकर उसे मार डाला; और मैं उसके सिर का मुकुट और उसके हाथ का कंगन लेकर यहाँ अपने स्वामी के पास आया हूँ।”\n"
      },
      {
        "tag": "s5",
        "nextChar": "\n",
        "type": "section"
      }
    ]
  },
  "11": {
    "verseObjects": [
      {
        "type": "text",
        "text": "तब दाऊद ने दुःखी होकर अपने कपड़े पकड़कर फाड़े; और जितने पुरुष उसके संग थे सब ने वैसा ही किया;\n"
      }
    ]
  },
  "12": {
    "verseObjects": [
      {
        "type": "text",
        "text": "और वे शाऊल, और उसके पुत्र योनातान, और यहोवा की प्रजा, और इस्राएल के घराने के लिये छाती पीटने और रोने लगे*, और सांझ तक कुछ न खाया, इस कारण कि वे तलवार से मारे गए थे।\n"
      }
    ]
  },
  "13": {
    "verseObjects": [
      {
        "type": "text",
        "text": "फिर दाऊद ने उस समाचार देनेवाले जवान से पूछा, “तू कहाँ का है?” उसने कहा, “मैं तो परदेशी का बेटा अर्थात् अमालेकी हूँ।”\n"
      },
      {
        "tag": "s5",
        "nextChar": "\n",
        "type": "section"
      }
    ]
  },
  "14": {
    "verseObjects": [
      {
        "type": "text",
        "text": "दाऊद ने उससे कहा, “तू यहोवा के अभिषिक्त को नष्ट करने के लिये हाथ बढ़ाने से क्यों नहीं डरा?”\n"
      }
    ]
  },
  "15": {
    "verseObjects": [
      {
        "type": "text",
        "text": "तब दाऊद ने एक जवान को बुलाकर कहा, “निकट जाकर उस पर प्रहार कर।” तब उसने उसे ऐसा मारा कि वह मर गया।\n"
      }
    ]
  },
  "16": {
    "verseObjects": [
      {
        "type": "text",
        "text": "और दाऊद ने उससे कहा, “तेरा खून तेरे ही सिर पर पड़े; क्योंकि तूने यह कहकर कि मैं ही ने यहोवा के अभिषिक्त को मार डाला, अपने मुँह से अपने ही विरुद्ध साक्षी दी है।”\n"
      },
      {
        "tag": "s",
        "type": "section",
        "content": "शाऊल और योनातान के लिये दाऊद का बनाया हुआ विलापगीत\n"
      },
      {
        "tag": "p",
        "nextChar": "\n",
        "type": "paragraph"
      },
      {
        "tag": "s5",
        "nextChar": "\n",
        "type": "section"
      }
    ]
  },
  "17": {
    "verseObjects": [
      {
        "type": "text",
        "text": "तब दाऊद ने शाऊल और उसके पुत्र योनातान के विषय यह विलापगीत बनाया,\n"
      }
    ]
  },
  "18": {
    "verseObjects": [
      {
        "type": "text",
        "text": "और यहूदियों को यह धनुष नामक गीत* सिखाने की आज्ञा दी; यह याशार नामक पुस्तक में लिखा हुआ है:\n"
      },
      {
        "tag": "q",
        "nextChar": "\n",
        "type": "quote"
      }
    ]
  },
  "19": {
    "verseObjects": [
      {
        "type": "text",
        "text": "“हे इस्राएल, तेरा शिरोमणि तेरे ऊँचे स्थान पर मारा गया।\n"
      },
      {
        "tag": "q",
        "type": "quote",
        "text": "हाय, शूरवीर कैसे गिर पड़े हैं!\n"
      },
      {
        "tag": "q",
        "nextChar": "\n",
        "type": "quote"
      }
    ]
  },
  "20": {
    "verseObjects": [
      {
        "type": "text",
        "text": "गत में यह न बताओ,\n"
      },
      {
        "tag": "q",
        "type": "quote",
        "text": "और न अश्कलोन की सड़कों में प्रचार करना;\n"
      },
      {
        "tag": "q",
        "type": "quote",
        "text": "न हो कि पलिश्ती स्त्रियाँ आनन्दित हों,\n"
      },
      {
        "tag": "q",
        "type": "quote",
        "text": "न हो कि खतनारहित लोगों की बेटियाँ गर्व करने लगें।\n"
      },
      {
        "tag": "q",
        "nextChar": "\n",
        "type": "quote"
      },
      {
        "tag": "s5",
        "nextChar": "\n",
        "type": "section"
      }
    ]
  },
  "21": {
    "verseObjects": [
      {
        "type": "text",
        "text": "“हे गिलबो पहाड़ों,\n"
      },
      {
        "tag": "q",
        "type": "quote",
        "text": "तुम पर न ओस पड़े,\n"
      },
      {
        "tag": "q",
        "type": "quote",
        "text": "और न वर्षा हो, और न भेंट के योग्य उपजवाले खेत* पाए जाएँ!\n"
      },
      {
        "tag": "q",
        "type": "quote",
        "text": "क्योंकि वहाँ शूरवीरों की ढालें अशुद्ध हो गईं।\n"
      },
      {
        "tag": "q",
        "type": "quote",
        "text": "और शाऊल की ढाल बिना तेल लगाए रह गई।\n"
      },
      {
        "tag": "q",
        "nextChar": "\n",
        "type": "quote"
      }
    ]
  },
  "22": {
    "verseObjects": [
      {
        "type": "text",
        "text": "“जूझे हुओं के लहू बहाने से, और शूरवीरों की चर्बी खाने से,\n"
      },
      {
        "tag": "q",
        "type": "quote",
        "text": "योनातान का धनुष न लौटता था,\n"
      },
      {
        "tag": "q",
        "type": "quote",
        "text": "और न शाऊल की तलवार छूछी फिर आती थी।\n"
      },
      {
        "tag": "q",
        "nextChar": "\n",
        "type": "quote"
      },
      {
        "tag": "s5",
        "nextChar": "\n",
        "type": "section"
      }
    ]
  },
  "23": {
    "verseObjects": [
      {
        "type": "text",
        "text": "“शाऊल और योनातान जीवनकाल में तो\n"
      },
      {
        "tag": "q",
        "type": "quote",
        "text": "प्रिय और मनभाऊ थे,\n"
      },
      {
        "tag": "q",
        "type": "quote",
        "text": "और अपनी मृत्यु के समय अलग न हुए;\n"
      },
      {
        "tag": "q",
        "type": "quote",
        "text": "वे उकाब से भी वेग से चलनेवाले,\n"
      },
      {
        "tag": "q",
        "type": "quote",
        "text": "और सिंह से भी अधिक पराक्रमी थे।\n"
      },
      {
        "tag": "q",
        "nextChar": "\n",
        "type": "quote"
      }
    ]
  },
  "24": {
    "verseObjects": [
      {
        "type": "text",
        "text": "“हे इस्राएली स्त्रियों, शाऊल के लिये रोओ,\n"
      },
      {
        "tag": "q",
        "type": "quote",
        "text": "वह तो तुम्हें लाल रंग के वस्त्र पहनाकर सुख देता,\n"
      },
      {
        "tag": "q",
        "type": "quote",
        "text": "और तुम्हारे वस्त्रों के ऊपर सोने के गहने पहनाता था।\n"
      },
      {
        "tag": "q",
        "nextChar": "\n",
        "type": "quote"
      },
      {
        "tag": "s5",
        "nextChar": "\n",
        "type": "section"
      }
    ]
  },
  "25": {
    "verseObjects": [
      {
        "type": "text",
        "text": "“हाय, युद्ध के बीच शूरवीर कैसे काम आए!\n"
      },
      {
        "tag": "q",
        "type": "quote",
        "text": "हे योनातान, हे ऊँचे स्थानों पर जूझे हुए,\n"
      },
      {
        "tag": "q",
        "nextChar": "\n",
        "type": "quote"
      }
    ]
  },
  "26": {
    "verseObjects": [
      {
        "type": "text",
        "text": "हे मेरे भाई योनातान, मैं तेरे कारण दुःखित हूँ;\n"
      },
      {
        "tag": "q",
        "type": "quote",
        "text": "तू मुझे बहुत मनभाऊ जान पड़ता था;\n"
      },
      {
        "tag": "q",
        "type": "quote",
        "text": "तेरा प्रेम मुझ पर अद्भुत,\n"
      },
      {
        "tag": "q",
        "type": "quote",
        "text": "वरन् स्त्रियों के प्रेम से भी बढ़कर था।\n"
      },
      {
        "tag": "q",
        "nextChar": "\n",
        "type": "quote"
      }
    ]
  },
  "27": {
    "verseObjects": [
      {
        "type": "text",
        "text": "“हाय, शूरवीर कैसे गिर गए,\n"
      },
      {
        "tag": "q",
        "type": "quote",
        "text": "और युद्ध के हथियार कैसे नष्ट हो गए हैं!”\n"
      },
      {
        "type": "text",
        "text": "\n"
      },
      {
        "tag": "s5",
        "nextChar": "\n",
        "type": "section"
      }
    ]
  },
  "front": {
    "verseObjects": [
      {
        "tag": "s",
        "type": "section",
        "content": "दाऊद का शाऊल के खून का दण्ड देना\n"
      },
      {
        "tag": "p",
        "nextChar": "\n",
        "type": "paragraph"
      }
    ]
  }
}