{
  "1": {
    "verseObjects": [
      {
        "type": "text",
        "text": "फिर जिस समय राजा लोग युद्ध करने को निकला करते हैं, उस समय, अर्थात् वर्ष के आरम्भ में दाऊद ने योआब को, और उसके संग अपने सेवकों और समस्त इस्राएलियों को भेजा; और उन्होंने अम्मोनियों का नाश किया, और रब्‍बाह नगर को घेर लिया। परन्तु दाऊद यरूशलेम में रह गया।\n"
      },
      {
        "tag": "s5",
        "nextChar": "\n",
        "type": "section"
      }
    ]
  },
  "2": {
    "verseObjects": [
      {
        "type": "text",
        "text": "सांझ के समय दाऊद पलंग पर से उठकर राजभवन की छत पर टहल रहा था, और छत पर से उसको एक स्त्री, जो अति सुन्दर थी, नहाती हुई देख पड़ी।\n"
      }
    ]
  },
  "3": {
    "verseObjects": [
      {
        "type": "text",
        "text": "जब दाऊद ने भेजकर उस स्त्री को पुछवाया, तब किसी ने कहा, “क्या यह एलीआम की बेटी, और हित्ती ऊरिय्याह की पत्‍नी बतशेबा नहीं है?”\n"
      },
      {
        "tag": "s5",
        "nextChar": "\n",
        "type": "section"
      }
    ]
  },
  "4": {
    "verseObjects": [
      {
        "type": "text",
        "text": "तब दाऊद ने दूत भेजकर उसे बुलवा लिया; और वह दाऊद के पास आई, और वह उसके साथ सोया। (वह तो ऋतु से शुद्ध हो गई थी) तब वह अपने घर लौट गई।\n"
      }
    ]
  },
  "5": {
    "verseObjects": [
      {
        "type": "text",
        "text": "और वह स्त्री गर्भवती हुई, तब दाऊद के पास कहला भेजा, कि मुझे गर्भ है।\n"
      },
      {
        "tag": "s5",
        "nextChar": "\n",
        "type": "section"
      }
    ]
  },
  "6": {
    "verseObjects": [
      {
        "type": "text",
        "text": "तब दाऊद ने योआब के पास कहला भेजा, “हित्ती ऊरिय्याह को मेरे पास भेज।” तब योआब ने ऊरिय्याह को दाऊद के पास भेज दिया।\n"
      }
    ]
  },
  "7": {
    "verseObjects": [
      {
        "type": "text",
        "text": "जब ऊरिय्याह उसके पास आया, तब दाऊद ने उससे योआब और सेना का कुशल क्षेम और युद्ध का हाल पूछा।\n"
      }
    ]
  },
  "8": {
    "verseObjects": [
      {
        "type": "text",
        "text": "तब दाऊद ने ऊरिय्याह से कहा, “अपने घर जाकर अपने पाँव धो।” और ऊरिय्याह राजभवन से निकला, और उसके पीछे राजा के पास से कुछ इनाम भेजा गया।\n"
      },
      {
        "tag": "s5",
        "nextChar": "\n",
        "type": "section"
      }
    ]
  },
  "9": {
    "verseObjects": [
      {
        "type": "text",
        "text": "परन्तु ऊरिय्याह अपने स्वामी के सब सेवकों के संग राजभवन के द्वार में लेट गया, और अपने घर न गया।\n"
      }
    ]
  },
  "10": {
    "verseObjects": [
      {
        "type": "text",
        "text": "जब दाऊद को यह समाचार मिला, “ऊरिय्याह अपने घर नहीं गया,” तब दाऊद ने ऊरिय्याह से कहा, “क्या तू यात्रा करके नहीं आया? तो अपने घर क्यों नहीं गया?”\n"
      }
    ]
  },
  "11": {
    "verseObjects": [
      {
        "type": "text",
        "text": "ऊरिय्याह ने दाऊद से कहा, “जब सन्दूक* और इस्राएल और यहूदा झोपड़ियों में रहते हैं, और मेरा स्वामी योआब और मेरे स्वामी के सेवक खुले मैदान पर डेरे डाले हुए हैं, तो क्या मैं घर जाकर खाऊँ, पीऊँ, और अपनी पत्‍नी के साथ सोऊँ? तेरे जीवन की शपथ, और तेरे प्राण की शपथ, कि मैं ऐसा काम नहीं करने का।”\n"
      },
      {
        "tag": "s5",
        "nextChar": "\n",
        "type": "section"
      }
    ]
  },
  "12": {
    "verseObjects": [
      {
        "type": "text",
        "text": "दाऊद ने ऊरिय्याह से कहा, “आज यहीं रह, और कल मैं तुझे विदा करूँगा।” इसलिए ऊरिय्याह उस दिन और दूसरे दिन भी यरूशलेम में रहा।\n"
      }
    ]
  },
  "13": {
    "verseObjects": [
      {
        "type": "text",
        "text": "तब दाऊद ने उसे नेवता दिया, और उसने उसके सामने खाया पिया, और उसी ने उसे मतवाला किया; और सांझ को वह अपने स्वामी के सेवकों के संग अपनी चारपाई पर सोने को निकला, परन्तु अपने घर न गया।\n"
      },
      {
        "tag": "s5",
        "nextChar": "\n",
        "type": "section"
      }
    ]
  },
  "14": {
    "verseObjects": [
      {
        "type": "text",
        "text": "सवेरे दाऊद ने योआब के नाम पर एक चिट्ठी लिखकर ऊरिय्याह के हाथ से भेज दी।\n"
      }
    ]
  },
  "15": {
    "verseObjects": [
      {
        "type": "text",
        "text": "उस चिट्ठी में यह लिखा था, “सब से घोर युद्ध के सामने ऊरिय्याह को रखना, तब उसे छोड़कर लौट आओ, कि वह घायल होकर मर जाए।”\n"
      },
      {
        "tag": "s5",
        "nextChar": "\n",
        "type": "section"
      }
    ]
  },
  "16": {
    "verseObjects": [
      {
        "type": "text",
        "text": "अतः योआब ने नगर को अच्छी रीति से देख भालकर जिस स्थान में वह जानता था कि वीर हैं, उसी में ऊरिय्याह को ठहरा दिया।\n"
      }
    ]
  },
  "17": {
    "verseObjects": [
      {
        "type": "text",
        "text": "तब नगर के पुरुषों ने निकलकर योआब से युद्ध किया, और लोगों में से, अर्थात् दाऊद के सेवकों में से कितने मारे गए; और उनमें हित्ती ऊरिय्याह भी मर गया।\n"
      },
      {
        "tag": "s5",
        "nextChar": "\n",
        "type": "section"
      }
    ]
  },
  "18": {
    "verseObjects": [
      {
        "type": "text",
        "text": "तब योआब ने दूत को भेजकर दाऊद को युद्ध का पूरा हाल बताया;\n"
      }
    ]
  },
  "19": {
    "verseObjects": [
      {
        "type": "text",
        "text": "और दूत को आज्ञा दी, “जब तू युद्ध का पूरा हाल राजा को बता दे,\n"
      }
    ]
  },
  "20": {
    "verseObjects": [
      {
        "type": "text",
        "text": "तब यदि राजा क्रोध में कहने लगे, ‘तुम लोग लड़ने को नगर के ऐसे निकट क्यों गए? क्या तुम न जानते थे कि वे शहरपनाह पर से तीर छोड़ेंगे?\n"
      },
      {
        "tag": "s5",
        "nextChar": "\n",
        "type": "section"
      }
    ]
  },
  "21": {
    "verseObjects": [
      {
        "type": "text",
        "text": "यरूब्बेशेत के पुत्र अबीमेलेक को किसने मार डाला? क्या एक स्त्री ने शहरपनाह पर से चक्की का उपरला पाट उस पर ऐसा न डाला कि वह तेबेस में मर गया? फिर तुम शहरपनाह के एेसे निकट क्यों गए?’ तो तू यह कहना, ‘तेरा दास ऊरिय्याह हित्ती भी मर गया’।”\n"
      },
      {
        "tag": "s5",
        "nextChar": "\n",
        "type": "section"
      }
    ]
  },
  "22": {
    "verseObjects": [
      {
        "type": "text",
        "text": "तब दूत चल दिया, और जाकर दाऊद से योआब की सब बातों का वर्णन किया।\n"
      }
    ]
  },
  "23": {
    "verseObjects": [
      {
        "type": "text",
        "text": "दूत ने दाऊद से कहा, “वे लोग हम पर प्रबल होकर मैदान में हमारे पास निकल आए, फिर हमने उन्हें फाटक तक खदेड़ा।\n"
      },
      {
        "tag": "s5",
        "nextChar": "\n",
        "type": "section"
      }
    ]
  },
  "24": {
    "verseObjects": [
      {
        "type": "text",
        "text": "तब धनुर्धारियों ने शहरपनाह पर से तेरे जनों पर तीर छोड़े; और राजा के कितने जन मर गए, और तेरा दास ऊरिय्याह हित्ती भी मर गया।”\n"
      }
    ]
  },
  "25": {
    "verseObjects": [
      {
        "type": "text",
        "text": "दाऊद ने दूत से कहा, “योआब से यह कहना, ‘इस बात के कारण उदास न हो, क्योंकि तलवार जैसे इसको वैसे उसको नष्ट करती है; तू नगर के विरुद्ध अधिक दृढ़ता से लड़कर उसे उलट दे।’ और तू उसे हियाव बंधा।”\n"
      },
      {
        "tag": "s5",
        "nextChar": "\n",
        "type": "section"
      }
    ]
  },
  "26": {
    "verseObjects": [
      {
        "type": "text",
        "text": "जब ऊरिय्याह की स्त्री ने सुना कि मेरा पति मर गया, तब वह अपने पति के लिये रोने पीटने लगी*।\n"
      }
    ]
  },
  "27": {
    "verseObjects": [
      {
        "type": "text",
        "text": "और जब उसके विलाप के दिन बीत चुके, तब दाऊद ने उसे बुलवाकर अपने घर में रख लिया, और वह उसकी पत्‍नी हो गई, और उसके पुत्र उत्‍पन्‍न हुआ। परन्तु उस काम से जो दाऊद ने किया था यहोवा क्रोधित हुआ।\n\n"
      },
      {
        "tag": "s5",
        "nextChar": "\n",
        "type": "section"
      }
    ]
  },
  "front": {
    "verseObjects": [
      {
        "tag": "s",
        "type": "section",
        "content": "दाऊद के पाप में फंसने का वर्णन\n"
      },
      {
        "tag": "p",
        "nextChar": "\n",
        "type": "paragraph"
      }
    ]
  }
}