{
  "1": {
    "verseObjects": [
      {
        "type": "text",
        "text": "दाऊद चोटी पर से थोड़ी दूर बढ़ गया था, कि मपीबोशेत का कर्मचारी सीबा एक जोड़ी, जीन बाँधे हुए गदहों पर दो सौ रोटी, किशमिश की एक सौ टिकियाँ, धूपकाल के फल की एक सौ टिकियाँ, और कुप्पी भर दाखमधु, लादे हुए उससे आ मिला।\n"
      }
    ]
  },
  "2": {
    "verseObjects": [
      {
        "type": "text",
        "text": "राजा ने सीबा से पूछा, “इनसे तेरा क्या प्रयोजन है?” सीबा ने कहा, “गदहे तो राजा के घराने की सवारी के लिये हैं, और रोटी और धूपकाल के फल जवानों के खाने के लिये हैं, और दाखमधु इसलिए है कि जो कोई जंगल में थक जाए वह उसे पीए।”\n"
      },
      {
        "tag": "s5",
        "type": "section",
        "text": "\n"
      }
    ]
  },
  "3": {
    "verseObjects": [
      {
        "type": "text",
        "text": "राजा ने पूछा, “फिर तेरे स्वामी का बेटा कहाँ है?” सीबा ने राजा से कहा, “वह तो यह कहकर यरूशलेम में रह गया, कि अब इस्राएल का घराना मुझे मेरे पिता का राज्य फेर देगा।”\n"
      }
    ]
  },
  "4": {
    "verseObjects": [
      {
        "type": "text",
        "text": "राजा ने सीबा से कहा, “जो कुछ मपीबोशेत का था वह सब तुझे मिल गया।” सीबा ने कहा, “प्रणाम; हे मेरे प्रभु, हे राजा, मुझ पर तेरे अनुग्रह की दृष्टि बनी रहे।”\n"
      },
      {
        "tag": "s",
        "type": "section",
        "text": "शिमि का श्राप\n"
      },
      {
        "tag": "p",
        "type": "paragraph",
        "text": "\n"
      },
      {
        "tag": "s5",
        "type": "section",
        "text": "\n"
      }
    ]
  },
  "5": {
    "verseObjects": [
      {
        "type": "text",
        "text": "जब दाऊद राजा बहूरीम तक पहुँचा, तब शाऊल का एक कुटुम्बी वहाँ से निकला, वह गेरा का पुत्र शिमी था; और वह कोसता हुआ चला आया।\n"
      }
    ]
  },
  "6": {
    "verseObjects": [
      {
        "type": "text",
        "text": "वह दाऊद पर, और दाऊद राजा के सब कर्मचारियों पर पत्थर फेंकने लगा; और शूरवीरों समेत सब लोग उसकी दाहिनी बाईं दोनों ओर थे।\n"
      },
      {
        "tag": "s5",
        "type": "section",
        "text": "\n"
      }
    ]
  },
  "7": {
    "verseObjects": [
      {
        "type": "text",
        "text": "शिमी कोसता हुआ यह बकता गया, “दूर हो खूनी, दूर हो ओछे, निकल जा, निकल जा!\n"
      }
    ]
  },
  "8": {
    "verseObjects": [
      {
        "type": "text",
        "text": "यहोवा ने तुझ से शाऊल के घराने के खून का पूरा बदला लिया है, जिसके स्थान पर तू राजा बना है; यहोवा ने राज्य को तेरे पुत्र अबशालोम के हाथ कर दिया है। और इसलिए कि तू खूनी है, तू अपनी बुराई में आप फँस गया।”\n"
      },
      {
        "tag": "s5",
        "type": "section",
        "text": "\n"
      }
    ]
  },
  "9": {
    "verseObjects": [
      {
        "type": "text",
        "text": "तब सरूयाह के पुत्र अबीशै ने राजा से कहा, “यह मरा हुआ कुत्ता मेरे प्रभु राजा को क्यों श्राप देने पाए? मुझे उधर जाकर उसका सिर काटने दे।”\n"
      }
    ]
  },
  "10": {
    "verseObjects": [
      {
        "type": "text",
        "text": "राजा ने कहा, “सरूयाह के बेटों, मुझे तुम से क्या काम? वह जो कोसता है, और यहोवा ने जो उससे कहा है, कि दाऊद को श्राप दे, तो उससे कौन पूछ सकता है, कि तूने ऐसा क्यों किया?”\n"
      },
      {
        "tag": "s5",
        "type": "section",
        "text": "\n"
      }
    ]
  },
  "11": {
    "verseObjects": [
      {
        "type": "text",
        "text": "फिर दाऊद ने अबीशै और अपने सब कर्मचारियों से कहा, “जब मेरा निज पुत्र ही मेरे प्राण का खोजी है, तो यह बिन्यामीनी अब ऐसा क्यों न करे? उसको रहने दो, और श्राप देने दो; क्योंकि यहोवा ने उससे कहा है।\n"
      }
    ]
  },
  "12": {
    "verseObjects": [
      {
        "type": "text",
        "text": "कदाचित् यहोवा इस उपद्रव पर, जो मुझ पर हो रहा है, दृष्टि करके आज के श्राप* के बदले मुझे भला बदला दे।”\n"
      },
      {
        "tag": "s5",
        "type": "section",
        "text": "\n"
      }
    ]
  },
  "13": {
    "verseObjects": [
      {
        "type": "text",
        "text": "तब दाऊद अपने जनों समेत अपने मार्ग चला गया, और शिमी उसके सामने के पहाड़ के किनारे पर से श्राप देता, और उस पर पत्थर और धूल फेंकता हुआ चला गया।\n"
      }
    ]
  },
  "14": {
    "verseObjects": [
      {
        "type": "text",
        "text": "राजा अपने संग के सब लोगों समेत अपने ठिकाने पर थका हुआ पहुँचा; और वहाँ विश्राम किया।\n"
      },
      {
        "tag": "s",
        "type": "section",
        "text": "यरूशलेम में अबशालोम का प्रवेश\n"
      },
      {
        "tag": "p",
        "type": "paragraph",
        "text": "\n"
      },
      {
        "tag": "s5",
        "type": "section",
        "text": "\n"
      }
    ]
  },
  "15": {
    "verseObjects": [
      {
        "type": "text",
        "text": "अबशालोम सब इस्राएली लोगों समेत यरूशलेम को आया, और उसके संग अहीतोपेल भी आया।\n"
      }
    ]
  },
  "16": {
    "verseObjects": [
      {
        "type": "text",
        "text": "जब दाऊद का मित्र एरेकी हूशै अबशालोम के पास पहुँचा, तब हूशै ने अबशालोम से कहा, “राजा चिरंजीव रहे! राजा चिरंजीव रहे!”\n"
      },
      {
        "tag": "s5",
        "type": "section",
        "text": "\n"
      }
    ]
  },
  "17": {
    "verseObjects": [
      {
        "type": "text",
        "text": "अबशालोम ने उससे कहा, “क्या यह तेरी प्रीति है जो तू अपने मित्र से रखता है? तू अपने मित्र के संग क्यों नहीं गया?”\n"
      }
    ]
  },
  "18": {
    "verseObjects": [
      {
        "type": "text",
        "text": "हूशै ने अबशालोम से कहा, “ऐसा नहीं; जिसको यहोवा और वे लोग, क्या वरन् सब इस्राएली लोग चाहें, उसी का मैं हूँ, और उसी के संग मैं रहूँगा।\n"
      },
      {
        "tag": "s5",
        "type": "section",
        "text": "\n"
      }
    ]
  },
  "19": {
    "verseObjects": [
      {
        "type": "text",
        "text": "और फिर मैं किसकी सेवा करूँ? क्या उसके पुत्र के सामने रहकर सेवा न करूँ? जैसा मैं तेरे पिता के सामने रहकर सेवा करता था, वैसा ही तेरे सामने रहकर सेवा करूँगा।”\n"
      },
      {
        "tag": "s5",
        "type": "section",
        "text": "\n"
      }
    ]
  },
  "20": {
    "verseObjects": [
      {
        "type": "text",
        "text": "तब अबशालोम ने अहीतोपेल से कहा, “तुम लोग अपनी सम्मति दो, कि क्या करना चाहिये?”\n"
      }
    ]
  },
  "21": {
    "verseObjects": [
      {
        "type": "text",
        "text": "अहीतोपेल ने अबशालोम से कहा, “जिन रखेलियों को तेरा पिता भवन की चौकसी करने को छोड़ गया, उनके पास तू जा*; और जब सब इस्राएली यह सुनेंगे, कि अबशालोम का पिता उससे घिन करता है, तब तेरे सब संगी हियाव बाँधेंगे।”\n"
      },
      {
        "tag": "s5",
        "type": "section",
        "text": "\n"
      }
    ]
  },
  "22": {
    "verseObjects": [
      {
        "type": "text",
        "text": "अतः उसके लिये भवन की छत के ऊपर एक तम्बू खड़ा किया गया, और अबशालोम समस्त इस्राएल के देखते अपने पिता की रखेलों के पास गया।\n"
      }
    ]
  },
  "23": {
    "verseObjects": [
      {
        "type": "text",
        "text": "उन दिनों जो सम्मति अहीतोपेल देता था, वह ऐसी होती थी कि मानो कोई परमेश्‍वर का वचन पूछ लेता हो; अहीतोपेल चाहे दाऊद को चाहे अबशालोम को, जो-जो सम्मति देता वह ऐसी ही होती थी।\n\n"
      },
      {
        "tag": "s5",
        "type": "section",
        "text": "\n"
      }
    ]
  },
  "front": {
    "verseObjects": [
      {
        "tag": "s",
        "type": "section",
        "text": "सीबा की चतुराई\n"
      },
      {
        "tag": "p",
        "type": "paragraph",
        "text": "\n"
      }
    ]
  }
}