{
  "1": {
    "verseObjects": [
      {
        "type": "text",
        "text": "फिर अहीतोपेल ने अबशालोम से कहा, “मुझे बारह हजार पुरुष छाँटने दे, और मैं उठकर आज ही रात को* दाऊद का पीछा करूँगा।\n"
      }
    ]
  },
  "2": {
    "verseObjects": [
      {
        "type": "text",
        "text": "और जब वह थका-माँदा और निर्बल होगा, तब मैं उसे पकड़ूँगा, और डराऊँगा; और जितने लोग उसके साथ हैं सब भागेंगे। और मैं राजा ही को मारूँगा,\n"
      }
    ]
  },
  "3": {
    "verseObjects": [
      {
        "type": "text",
        "text": "और मैं सब लोगों को तेरे पास लौटा लाऊँगा; जिस मनुष्य का तू खोजी है उसके मिलने से समस्त प्रजा का मिलना हो जाएगा, और समस्त प्रजा कुशल क्षेम से रहेगी।”\n"
      }
    ]
  },
  "4": {
    "verseObjects": [
      {
        "type": "text",
        "text": "यह बात अबशालोम और सब इस्राएली पुरनियों को उचित मालूम पड़ी।\n"
      },
      {
        "tag": "s",
        "type": "section",
        "content": "हूशै की सलाह\n"
      },
      {
        "tag": "p",
        "nextChar": "\n",
        "type": "paragraph"
      },
      {
        "tag": "s5",
        "nextChar": "\n",
        "type": "section"
      }
    ]
  },
  "5": {
    "verseObjects": [
      {
        "type": "text",
        "text": "फिर अबशालोम ने कहा, “एरेकी हूशै को भी बुला ला, और जो वह कहेगा हम उसे भी सुनें।”\n"
      }
    ]
  },
  "6": {
    "verseObjects": [
      {
        "type": "text",
        "text": "जब हूशै अबशालोम के पास आया, तब अबशालोम ने उससे कहा, “अहीतोपेल ने तो इस प्रकार की बात कही है; क्या हम उसकी बात मानें कि नहीं? यदि नहीं, तो तू कह दे।”\n"
      }
    ]
  },
  "7": {
    "verseObjects": [
      {
        "type": "text",
        "text": "हूशै ने अबशालोम से कहा, “जो सम्मति अहीतोपेल ने इस बार दी, वह अच्छी नहीं।”\n"
      },
      {
        "tag": "s5",
        "nextChar": "\n",
        "type": "section"
      }
    ]
  },
  "8": {
    "verseObjects": [
      {
        "type": "text",
        "text": "फिर हूशै ने कहा, “तू तो अपने पिता और उसके जनों को जानता है कि वे शूरवीर हैं, और बच्चा छीनी हुई रीछनी के समान क्रोधित होंगे। तेरा पिता योद्धा है; और अन्य लोगों के साथ रात नहीं बिताता।\n"
      }
    ]
  },
  "9": {
    "verseObjects": [
      {
        "type": "text",
        "text": "इस समय तो वह किसी गड्ढे, या किसी दूसरे स्थान में छिपा होगा। जब इनमें से पहले ही आक्रमण में कोई-कोई मारे जाएँ, तब इसके सब सुननेवाले कहने लगेंगे, ‘अबशालोम के पक्षवाले हार गए।’\n"
      }
    ]
  },
  "10": {
    "verseObjects": [
      {
        "type": "text",
        "text": "तब वीर का हृदय, जो सिंह का सा होता है, उसका भी साहस टूट जाएगा, समस्त इस्राएल जानता है कि तेरा पिता वीर है, और उसके संगी बड़े योद्धा हैं।\n"
      },
      {
        "tag": "s5",
        "nextChar": "\n",
        "type": "section"
      }
    ]
  },
  "11": {
    "verseObjects": [
      {
        "type": "text",
        "text": "इसलिए मेरी सम्मति यह है कि दान से लेकर बेर्शेबा तक रहनेवाले समस्त इस्राएली तेरे पास समुद्र तट के रेतकणों के समान इकट्ठे किए जाएँ, और तू आप ही युद्ध को जाए।\n"
      }
    ]
  },
  "12": {
    "verseObjects": [
      {
        "type": "text",
        "text": "और जब हम उसको किसी न किसी स्थान में जहाँ वह मिले जा पकड़ेंगे, तब जैसे ओस भूमि पर गिरती है वैसे ही हम उस पर टूट पड़ेंगे; तब न तो वह बचेगा, और न उसके संगियों में से कोई बचेगा।\n"
      },
      {
        "tag": "s5",
        "nextChar": "\n",
        "type": "section"
      }
    ]
  },
  "13": {
    "verseObjects": [
      {
        "type": "text",
        "text": "यदि वह किसी नगर में घुसा हो, तो सब इस्राएली उस नगर के पास रस्सियाँ ले आएँगे, और हम उसे नदी में खींचेंगे, यहाँ तक कि उसका एक छोटा सा पत्थर भी न रह जाएगा।”\n"
      }
    ]
  },
  "14": {
    "verseObjects": [
      {
        "type": "text",
        "text": "तब अबशालोम और सब इस्राएली पुरुषों ने कहा, “एरेकी हूशै की सम्मति अहीतोपेल की सम्मति से उत्तम है।” यहोवा ने तो अहीतोपेल की अच्छी सम्मति को निष्फल करने की ठानी थी, कि वह अबशालोम ही पर विपत्ति डाले।\n"
      },
      {
        "tag": "s",
        "type": "section",
        "content": "हूशै की दाऊद को बच निकलने की चेतावनी\n"
      },
      {
        "tag": "p",
        "nextChar": "\n",
        "type": "paragraph"
      },
      {
        "tag": "s5",
        "nextChar": "\n",
        "type": "section"
      }
    ]
  },
  "15": {
    "verseObjects": [
      {
        "type": "text",
        "text": "तब हूशै ने सादोक और एब्यातार याजकों से कहा, “अहीतोपेल ने तो अबशालोम और इस्राएली पुरनियों को इस-इस प्रकार की सम्मति दी; और मैंने इस-इस प्रकार की सम्मति दी है।\n"
      }
    ]
  },
  "16": {
    "verseObjects": [
      {
        "type": "text",
        "text": "इसलिए अब फुर्ती कर दाऊद के पास कहला भेजो*, ‘आज रात जंगली घाट के पास न ठहरना, अवश्य पार ही हो जाना; ऐसा न हो कि राजा और जितने लोग उसके संग हों, सब नष्ट हो जाएँ।’ ”\n"
      },
      {
        "tag": "s5",
        "nextChar": "\n",
        "type": "section"
      }
    ]
  },
  "17": {
    "verseObjects": [
      {
        "type": "text",
        "text": "योनातान और अहीमास एनरोगेल के पास ठहरे रहे; और एक दासी जाकर उन्हें सन्देशा दे आती थी, और वे जाकर राजा दाऊद को सन्देशा देते थे; क्योंकि वे किसी के देखते नगर में नहीं जा सकते थे।\n"
      }
    ]
  },
  "18": {
    "verseObjects": [
      {
        "type": "text",
        "text": "एक लड़के ने उन्हें देखकर अबशालोम को बताया; परन्तु वे दोनों फुर्ती से चले गए, और एक बहूरीमवासी मनुष्य के घर पहुँचकर जिसके आँगन में कुआँ था उसमें उतर गए।\n"
      },
      {
        "tag": "s5",
        "nextChar": "\n",
        "type": "section"
      }
    ]
  },
  "19": {
    "verseObjects": [
      {
        "type": "text",
        "text": "तब उसकी स्त्री ने कपड़ा लेकर कुएँ के मुँह पर बिछाया, और उसके ऊपर दला हुआ अन्न फैला दिया; इसलिए कुछ मालूम न पड़ा।\n"
      }
    ]
  },
  "20": {
    "verseObjects": [
      {
        "type": "text",
        "text": "तब अबशालोम के सेवक उस घर में उस स्त्री के पास जाकर कहने लगे, “अहीमास और योनातान कहाँ हैं?” तब स्त्री ने उनसे कहा, “वे तो उस छोटी नदी के पार गए।” तब उन्होंने उन्हें ढूँढ़ा, और न पाकर यरूशलेम को लौटे।\n"
      },
      {
        "tag": "s5",
        "nextChar": "\n",
        "type": "section"
      }
    ]
  },
  "21": {
    "verseObjects": [
      {
        "type": "text",
        "text": "जब वे चले गए, तब ये कुएँ में से निकले, और जाकर दाऊद राजा को समाचार दिया; और दाऊद से कहा, “तुम लोग चलो, फुर्ती करके नदी के पार हो जाओ; क्योंकि अहीतोपेल ने तुम्हारी हानि की ऐसी-ऐसी सम्मति दी है।”\n"
      }
    ]
  },
  "22": {
    "verseObjects": [
      {
        "type": "text",
        "text": "तब दाऊद अपने सब संगियों समेत उठकर यरदन पार हो गया; और पौ फटने तक उनमें से एक भी न रह गया जो यरदन के पार न हो गया हो।\n"
      },
      {
        "tag": "s5",
        "nextChar": "\n",
        "type": "section"
      }
    ]
  },
  "23": {
    "verseObjects": [
      {
        "type": "text",
        "text": "जब अहीतोपेल ने देखा कि मेरी सम्मति के अनुसार काम नहीं हुआ, तब उसने अपने गदहे पर काठी कसी, और अपने नगर में जाकर अपने घर में गया। और अपने घराने के विषय जो-जो आज्ञा देनी थी वह देकर अपने को फांसी लगा ली; और वह मर गया, और उसके पिता के कब्रिस्तान में उसे मिट्टी दे दी गई।\n"
      },
      {
        "tag": "s5",
        "nextChar": "\n",
        "type": "section"
      }
    ]
  },
  "24": {
    "verseObjects": [
      {
        "type": "text",
        "text": "तब दाऊद महनैम में पहुँचा। और अबशालोम सब इस्राएली पुरुषों समेत यरदन के पार गया।\n"
      }
    ]
  },
  "25": {
    "verseObjects": [
      {
        "type": "text",
        "text": "अबशालोम ने अमासा को योआब के स्थान पर प्रधान सेनापति ठहराया। यह अमासा एक इस्राएली पुरुष का पुत्र था जिसका नाम यित्रो था, और वह योआब की माता, सरूयाह की बहन, अबीगैल नामक नाहाश की बेटी के संग सोया था।\n"
      }
    ]
  },
  "26": {
    "verseObjects": [
      {
        "type": "text",
        "text": "और इस्राएलियों ने और अबशालोम ने गिलाद देश में छावनी डाली\n"
      },
      {
        "tag": "s5",
        "nextChar": "\n",
        "type": "section"
      }
    ]
  },
  "27": {
    "verseObjects": [
      {
        "type": "text",
        "text": "जब दाऊद महनैम में आया, तब अम्मोनियों के रब्‍बाह के निवासी नाहाश का पुत्र शोबी, और लोदबरवासी अम्मीएल का पुत्र माकीर, और रोगलीमवासी गिलादी बर्जिल्लै,\n"
      }
    ]
  },
  "28": {
    "verseObjects": [
      {
        "type": "text",
        "text": "चारपाइयाँ, तसले मिट्टी के बर्तन, गेहूँ, जौ, मैदा, लोबिया, मसूर, भुने चने,\n"
      }
    ]
  },
  "29": {
    "verseObjects": [
      {
        "type": "text",
        "text": "मधु, मक्खन, भेड़-बकरियाँ, और गाय के दही का पनीर, दाऊद और उसके संगियों के खाने को यह सोचकर ले आए, “जंगल में वे लोग भूखे प्यासे और थके-माँदे होंगे।”\n\n"
      },
      {
        "tag": "s5",
        "nextChar": "\n",
        "type": "section"
      }
    ]
  },
  "front": {
    "verseObjects": [
      {
        "tag": "s",
        "type": "section",
        "content": "अहीतोपेल की सलाह\n"
      },
      {
        "tag": "p",
        "nextChar": "\n",
        "type": "paragraph"
      }
    ]
  }
}