{
  "1": {
    "verseObjects": [
      {
        "type": "text",
        "text": "दाऊद के अन्तिम वचन ये हैं:\n"
      },
      {
        "tag": "q",
        "type": "quote",
        "text": "“यिशै के पुत्र की यह वाणी है, उस पुरुष की वाणी है जो ऊँचे पर खड़ा किया गया,\n"
      },
      {
        "tag": "q",
        "type": "quote",
        "text": "और याकूब के परमेश्‍वर का अभिषिक्त,\n"
      },
      {
        "tag": "q",
        "type": "quote",
        "text": "और इस्राएल का मधुर भजन गानेवाला है:\n"
      },
      {
        "tag": "q",
        "nextChar": "\n",
        "type": "quote"
      }
    ]
  },
  "2": {
    "verseObjects": [
      {
        "type": "text",
        "text": "“यहोवा का आत्मा मुझ में होकर बोला,\n"
      },
      {
        "tag": "q",
        "type": "quote",
        "text": "और उसी का वचन मेरे मुँह में आया। (2 पत. 1:21)\n"
      },
      {
        "tag": "q",
        "nextChar": "\n",
        "type": "quote"
      },
      {
        "tag": "s5",
        "nextChar": "\n",
        "type": "section"
      }
    ]
  },
  "3": {
    "verseObjects": [
      {
        "type": "text",
        "text": "इस्राएल के परमेश्‍वर ने कहा है,\n"
      },
      {
        "tag": "q",
        "type": "quote",
        "text": "इस्राएल की चट्टान ने मुझसे बातें की हैं,\n"
      },
      {
        "tag": "q",
        "type": "quote",
        "text": "कि मनुष्यों में प्रभुता करनेवाला एक धर्मी होगा,\n"
      },
      {
        "tag": "q",
        "type": "quote",
        "text": "जो परमेश्‍वर का भय मानता हुआ प्रभुता करेगा,\n"
      },
      {
        "tag": "q",
        "nextChar": "\n",
        "type": "quote"
      }
    ]
  },
  "4": {
    "verseObjects": [
      {
        "type": "text",
        "text": "वह मानो भोर का प्रकाश होगा जब सूर्य निकलता है,\n"
      },
      {
        "tag": "q",
        "type": "quote",
        "text": "ऐसा भोर जिसमें बादल न हों,\n"
      },
      {
        "tag": "q",
        "type": "quote",
        "text": "जैसा वर्षा के बाद निर्मल प्रकाश के कारण भूमि से हरी-हरी घास उगती है।\n"
      },
      {
        "tag": "q",
        "nextChar": "\n",
        "type": "quote"
      },
      {
        "tag": "s5",
        "nextChar": "\n",
        "type": "section"
      }
    ]
  },
  "5": {
    "verseObjects": [
      {
        "type": "text",
        "text": "क्या मेरा घराना परमेश्‍वर की दृष्टि में ऐसा नहीं है?\n"
      },
      {
        "tag": "q",
        "type": "quote",
        "text": "उसने तो मेरे साथ सदा की एक ऐसी वाचा बाँधी है,\n"
      },
      {
        "tag": "q",
        "type": "quote",
        "text": "जो सब बातों में ठीक की हुई और अटल भी है।\n"
      },
      {
        "tag": "q",
        "type": "quote",
        "text": "क्योंकि चाहे वह उसको प्रगट न करे,\n"
      },
      {
        "tag": "q",
        "type": "quote",
        "text": "तो भी मेरा पूर्ण उद्धार और पूर्ण अभिलाषा का विषय वही है।\n"
      },
      {
        "tag": "q",
        "nextChar": "\n",
        "type": "quote"
      },
      {
        "tag": "s5",
        "nextChar": "\n",
        "type": "section"
      }
    ]
  },
  "6": {
    "verseObjects": [
      {
        "type": "text",
        "text": "परन्तु ओछे लोग सब के सब निकम्मी झाड़ियों\n"
      },
      {
        "tag": "q",
        "type": "quote",
        "text": "के समान हैं जो हाथ से पकड़ी नहीं जातीं;\n"
      },
      {
        "tag": "q",
        "nextChar": "\n",
        "type": "quote"
      }
    ]
  },
  "7": {
    "verseObjects": [
      {
        "type": "text",
        "text": "परन्तु जो पुरुष उनको छूए उसे लोहे\n"
      },
      {
        "tag": "q",
        "type": "quote",
        "text": "और भाले की छड़ से सुसज्जित होना चाहिये।\n"
      },
      {
        "tag": "q",
        "type": "quote",
        "text": "इसलिए वे अपने ही स्थान में आग से भस्म कर दिए जाएँगे।”\n"
      },
      {
        "tag": "s",
        "type": "section",
        "content": "दाऊद के वीरों की नामावली\n"
      },
      {
        "tag": "p",
        "nextChar": "\n",
        "type": "paragraph"
      },
      {
        "tag": "s5",
        "nextChar": "\n",
        "type": "section"
      }
    ]
  },
  "8": {
    "verseObjects": [
      {
        "type": "text",
        "text": "दाऊद के शूरवीरों के नाम ये हैं: अर्थात् तहकमोनी योशेब्यश्शेबेत, जो सरदारों में मुख्य था; वह एस्‍नी अदीनो भी कहलाता था; जिस ने एक ही समय में आठ सौ पुरुष मार डाले।\n"
      },
      {
        "tag": "s5",
        "nextChar": "\n",
        "type": "section"
      }
    ]
  },
  "9": {
    "verseObjects": [
      {
        "type": "text",
        "text": "उसके बाद अहोही दोदै का पुत्र एलीआजर था। वह उस समय दाऊद के संग के तीनों वीरों में से था, जब कि उन्होंने युद्ध के लिये एकत्रित हुए पलिश्तियों को ललकारा, और इस्राएली पुरुष चले गए थे।\n"
      }
    ]
  },
  "10": {
    "verseObjects": [
      {
        "type": "text",
        "text": "वह कमर बाँधकर पलिश्तियों को तब तक मारता रहा जब तक उसका हाथ थक न गया, और तलवार हाथ से चिपट न गई; और उस दिन यहोवा ने बड़ी विजय कराई; और जो लोग उसके पीछे हो लिए वे केवल लूटने ही के लिये उसके पीछे हो लिए।\n"
      },
      {
        "tag": "s5",
        "nextChar": "\n",
        "type": "section"
      }
    ]
  },
  "11": {
    "verseObjects": [
      {
        "type": "text",
        "text": "उसके बाद आगे नामक एक हरारी का पुत्र शम्मा था। पलिश्तियों ने इकट्ठे होकर एक स्थान में दल बाँधा, जहाँ मसूर का एक खेत था; और लोग उनके डर के मारे भागे।\n"
      }
    ]
  },
  "12": {
    "verseObjects": [
      {
        "type": "text",
        "text": "तब उसने खेत के मध्य में खड़े होकर उसे बचाया, और पलिश्तियों को मार लिया; और यहोवा ने बड़ी विजय दिलाई।\n"
      },
      {
        "tag": "s5",
        "nextChar": "\n",
        "type": "section"
      }
    ]
  },
  "13": {
    "verseObjects": [
      {
        "type": "text",
        "text": "फिर तीसों मुख्य सरदारों में से तीन जन कटनी के दिनों में दाऊद के पास अदुल्लाम नामक गुफा में आए, और पलिश्तियों का दल रपाईम नामक तराई में छावनी किए हुए था।\n"
      }
    ]
  },
  "14": {
    "verseObjects": [
      {
        "type": "text",
        "text": "उस समय दाऊद गढ़ में था; और उस समय पलिश्तियों की चौकी बैतलहम में थी।\n"
      },
      {
        "tag": "s5",
        "nextChar": "\n",
        "type": "section"
      }
    ]
  },
  "15": {
    "verseObjects": [
      {
        "type": "text",
        "text": "तब दाऊद ने बड़ी अभिलाषा के साथ कहा, “कौन मुझे बैतलहम के फाटक के पास के कुएँ का पानी पिलाएगा?”\n"
      }
    ]
  },
  "16": {
    "verseObjects": [
      {
        "type": "text",
        "text": "अतः वे तीनों वीर पलिश्तियों की छावनी पर टूट पड़े, और बैतलहम के फाटक के कुएँ से पानी भरके दाऊद के पास ले आए। परन्तु उसने पीने से इन्कार किया, और यहोवा के सामने अर्घ करके उण्डेला*,\n"
      }
    ]
  },
  "17": {
    "verseObjects": [
      {
        "type": "text",
        "text": "और कहा, “हे यहोवा, मुझसे ऐसा काम दूर रहे। क्या मैं उन मनुष्यों का लहू पीऊँ जो अपने प्राणों पर खेलकर गए थे?” इसलिए उसने उस पानी को पीने से इन्कार किया। इन तीन वीरों ने तो ये ही काम किए।\n"
      },
      {
        "tag": "s5",
        "nextChar": "\n",
        "type": "section"
      }
    ]
  },
  "18": {
    "verseObjects": [
      {
        "type": "text",
        "text": "अबीशै जो सरूयाह के पुत्र योआब का भाई था, वह तीनों से मुख्य था। उसने अपना भाला चलाकर तीन सौ को मार डाला, और तीनों में नामी हो गया।\n"
      }
    ]
  },
  "19": {
    "verseObjects": [
      {
        "type": "text",
        "text": "क्या वह तीनों से अधिक प्रतिष्ठित न था? और इसी से वह उनका प्रधान हो गया; परन्तु मुख्य तीनों के पद को न पहुँचा।\n"
      },
      {
        "tag": "s5",
        "nextChar": "\n",
        "type": "section"
      }
    ]
  },
  "20": {
    "verseObjects": [
      {
        "type": "text",
        "text": "फिर यहोयादा का पुत्र बनायाह था*, जो कबसेलवासी एक बड़ा काम करनेवाले वीर का पुत्र था; उसने सिंह सरीखे दो मोआबियों को मार डाला। बर्फ गिरने के समय उसने एक गड्ढे में उतर के एक सिंह को मार डाला।\n"
      }
    ]
  },
  "21": {
    "verseObjects": [
      {
        "type": "text",
        "text": "फिर उसने एक रूपवान मिस्री पुरुष को मार डाला। मिस्री तो हाथ में भाला लिए हुए था; परन्तु बनायाह एक लाठी ही लिए हुए उसके पास गया, और मिस्री के हाथ से भाला छीनकर उसी के भाले से उसे घात किया।\n"
      },
      {
        "tag": "s5",
        "nextChar": "\n",
        "type": "section"
      }
    ]
  },
  "22": {
    "verseObjects": [
      {
        "type": "text",
        "text": "ऐसे-ऐसे काम करके यहोयादा का पुत्र बनायाह उन तीनों वीरों में नामी हो गया।\n"
      }
    ]
  },
  "23": {
    "verseObjects": [
      {
        "type": "text",
        "text": "वह तीसों से अधिक प्रतिष्ठित तो था, परन्तु मुख्य तीनों के पद को न पहुँचा। उसको दाऊद ने अपनी निज सभा का सभासद नियुक्त किया।\n"
      },
      {
        "tag": "s5",
        "nextChar": "\n",
        "type": "section"
      }
    ]
  },
  "24": {
    "verseObjects": [
      {
        "type": "text",
        "text": "फिर तीसों में योआब का भाई असाहेल; बैतलहमी दोदो का पुत्र एल्हनान,\n"
      }
    ]
  },
  "25": {
    "verseObjects": [
      {
        "type": "text",
        "text": "हेरोदी शम्मा, और एलीका,\n"
      }
    ]
  },
  "26": {
    "verseObjects": [
      {
        "type": "text",
        "text": "पेलेती हेलेस, तकोई इक्केश का पुत्र ईरा,\n"
      }
    ]
  },
  "27": {
    "verseObjects": [
      {
        "type": "text",
        "text": "अनातोती अबीएजेर, हूशाई मबुन्ने,\n"
      }
    ]
  },
  "28": {
    "verseObjects": [
      {
        "type": "text",
        "text": "अहोही सल्मोन, नतोपाही महरै,\n"
      },
      {
        "tag": "s5",
        "nextChar": "\n",
        "type": "section"
      }
    ]
  },
  "29": {
    "verseObjects": [
      {
        "type": "text",
        "text": "एक और नतोपाही बानाह का पुत्र हेलेब, बिन्यामीनियों के गिबा नगर के रीबै का पुत्र इत्तै,\n"
      }
    ]
  },
  "30": {
    "verseObjects": [
      {
        "type": "text",
        "text": "पिरातोनी, बनायाह, गाश के नालों के पास रहनेवाला हिद्दै,\n"
      }
    ]
  },
  "31": {
    "verseObjects": [
      {
        "type": "text",
        "text": "अराबा का अबीअल्बोन, बहूरीमी अज्मावेत,\n"
      }
    ]
  },
  "32": {
    "verseObjects": [
      {
        "type": "text",
        "text": "शालबोनी एल्यहबा, याशेन के वंश में से योनातान,\n"
      },
      {
        "tag": "s5",
        "nextChar": "\n",
        "type": "section"
      }
    ]
  },
  "33": {
    "verseObjects": [
      {
        "type": "text",
        "text": "हरारी शम्मा, हरारी शारार का पुत्र अहीआम,\n"
      }
    ]
  },
  "34": {
    "verseObjects": [
      {
        "type": "text",
        "text": "माका देश के अहसबै का पुत्र एलीपेलेत, गीलोवासी अहीतोपेल का पुत्र एलीआम,\n"
      }
    ]
  },
  "35": {
    "verseObjects": [
      {
        "type": "text",
        "text": "कर्मेली हेस्रो, अराबी पारै\n"
      }
    ]
  },
  "36": {
    "verseObjects": [
      {
        "type": "text",
        "text": "सोबा नातान का पुत्र यिगाल, गादी बानी,\n"
      },
      {
        "tag": "s5",
        "nextChar": "\n",
        "type": "section"
      }
    ]
  },
  "37": {
    "verseObjects": [
      {
        "type": "text",
        "text": "अम्मोनी सेलेक, बेरोती नहरै जो सरूयाह के पुत्र योआब का हथियार ढोनेवाला था,\n"
      }
    ]
  },
  "38": {
    "verseObjects": [
      {
        "type": "text",
        "text": "येतेरी ईरा, और गारेब,\n"
      }
    ]
  },
  "39": {
    "verseObjects": [
      {
        "type": "text",
        "text": "और हित्ती ऊरिय्याह थाः सब मिलाकर सैंतीस थे।\n\n"
      },
      {
        "tag": "s5",
        "nextChar": "\n",
        "type": "section"
      }
    ]
  },
  "front": {
    "verseObjects": [
      {
        "tag": "s",
        "type": "section",
        "content": "दाऊद के जीवन के अन्तिम समय के वचन\n"
      },
      {
        "tag": "p",
        "nextChar": "\n",
        "type": "paragraph"
      }
    ]
  }
}