{
  "1": {
    "verseObjects": [
      {
        "type": "text",
        "text": "जब शाऊल के पुत्र ने सुना, कि अब्नेर हेब्रोन में मारा गया, तब उसके हाथ ढीले पड़ गए, और सब इस्राएली भी घबरा गए।\n"
      }
    ]
  },
  "2": {
    "verseObjects": [
      {
        "type": "text",
        "text": "शाऊल के पुत्र के दो जन थे जो दलों के प्रधान थे; एक का नाम बानाह, और दूसरे का नाम रेकाब था, ये दोनों बेरोतवासी बिन्यामीनी रिम्मोन के पुत्र थे, (क्योंकि बेरोत भी बिन्यामीन के भाग में गिना जाता है;\n"
      }
    ]
  },
  "3": {
    "verseObjects": [
      {
        "type": "text",
        "text": "और बेरोती लोग गित्तैम को भाग गए, और आज के दिन तक वहीं परदेशी होकर रहते हैं।)\n"
      },
      {
        "tag": "s5",
        "type": "section",
        "text": "\n"
      }
    ]
  },
  "4": {
    "verseObjects": [
      {
        "type": "text",
        "text": "शाऊल के पुत्र योनातान के एक लँगड़ा बेटा था। जब यिज्रेल से शाऊल और योनातान का समाचार आया तब वह पाँच वर्ष का था; उस समय उसकी दाई उसे उठाकर भागी; और उसके उतावली से भागने के कारण वह गिरके लँगड़ा हो गया। उसका नाम मपीबोशेत था।\n"
      },
      {
        "tag": "s5",
        "type": "section",
        "text": "\n"
      }
    ]
  },
  "5": {
    "verseObjects": [
      {
        "type": "text",
        "text": "उस बेरोती रिम्मोन के पुत्र रेकाब और बानाह कड़ी धूप के समय ईशबोशेत के घर में जब वह दोपहर को विश्राम कर रहा था आए।\n"
      }
    ]
  },
  "6": {
    "verseObjects": [
      {
        "type": "text",
        "text": "और गेहूँ ले जाने के बहाने घर में घुस गए; और उसके पेट में मारा; तब रेकाब और उसका भाई बानाह भाग निकले।\n"
      }
    ]
  },
  "7": {
    "verseObjects": [
      {
        "type": "text",
        "text": "जब वे घर में घुसे, और वह सोने की कोठरी में चारपाई पर सो रहा था, तब उन्होंने उसे मार डाला, और उसका सिर काट लिया, और उसका सिर लेकर रातों-रात अराबा के मार्ग से चले।\n"
      },
      {
        "tag": "s5",
        "type": "section",
        "text": "\n"
      }
    ]
  },
  "8": {
    "verseObjects": [
      {
        "type": "text",
        "text": "वे ईशबोशेत का सिर हेब्रोन में दाऊद के पास ले जाकर राजा से कहने लगे, “देख, शाऊल जो तेरा शत्रु और तेरे प्राणों का ग्राहक था, उसके पुत्र ईशबोशेत का यह सिर है; तो आज के दिन यहोवा ने शाऊल और उसके वंश से मेरे प्रभु राजा का बदला लिया है।”\n"
      }
    ]
  },
  "9": {
    "verseObjects": [
      {
        "type": "text",
        "text": "दाऊद ने बेरोती रिम्मोन के पुत्र रेकाब और उसके भाई बानाह को उत्तर देकर उनसे कहा, “यहोवा जो मेरे प्राण को सब विपत्तियों से छुड़ाता आया है, उसके जीवन की शपथ,\n"
      }
    ]
  },
  "10": {
    "verseObjects": [
      {
        "type": "text",
        "text": "जब किसी ने यह जानकर, कि मैं शुभ समाचार देता हूँ, सिकलग में मुझ को शाऊल के मरने का समाचार दिया, तब मैंने उसको पकड़कर घात कराया; अर्थात् उसको समाचार का यही बदला मिला।\n"
      },
      {
        "tag": "s5",
        "type": "section",
        "text": "\n"
      }
    ]
  },
  "11": {
    "verseObjects": [
      {
        "type": "text",
        "text": "फिर जब दुष्ट मनुष्यों ने एक निर्दोष मनुष्य को उसी के घर में, वरन् उसकी चारपाई ही पर घात किया, तो मैं अब अवश्य ही उसके खून का बदला तुम से लूँगा, और तुम्हें धरती पर से नष्ट कर डालूँगा।”\n"
      }
    ]
  },
  "12": {
    "verseObjects": [
      {
        "type": "text",
        "text": "तब दाऊद ने जवानों को आज्ञा दी, और उन्होंने उनको घात करके उनके हाथ पाँव काट दिए, और उनके शव को हेब्रोन के जलकुण्ड के पास टाँग दिया। तब ईशबोशेत के सिर को उठाकर हेब्रोन में अब्नेर की कब्र में गाड़ दिया।\n\n"
      },
      {
        "tag": "s5",
        "type": "section",
        "text": "\n"
      }
    ]
  },
  "front": {
    "verseObjects": [
      {
        "tag": "s",
        "type": "section",
        "text": "ईशबोशेत की हत्या\n"
      },
      {
        "tag": "p",
        "type": "paragraph",
        "text": "\n"
      }
    ]
  }
}