{
  "1": {
    "verseObjects": [
      {
        "type": "text",
        "text": "One day the widow of one of Yahweh's prophets came to Elisha and cried out to him, \"My husband, who worked with you, is dead. You know that he revered Yahweh very much. But now someone to whom he owed a lot of money has come to me. I cannot pay him back, so he is threatening to take away my two sons to be his slaves as payment!\"\n"
      },
      {
        "tag": "p",
        "type": "paragraph",
        "text": "\n"
      }
    ]
  },
  "2": {
    "verseObjects": [
      {
        "type": "text",
        "text": "Elisha replied, \"What can I do to help you? Tell me, what do you have in your house?\"\n"
      },
      {
        "tag": "p",
        "type": "paragraph",
        "text": "She replied, \"We have only a container of olive oil. We have nothing else.\"\n"
      },
      {
        "type": "text",
        "text": "\n"
      },
      {
        "tag": "s5",
        "type": "section",
        "text": "\n"
      },
      {
        "tag": "p",
        "type": "paragraph",
        "text": "\n"
      }
    ]
  },
  "3": {
    "verseObjects": [
      {
        "type": "text",
        "text": "Elisha said, \"Go to your neighbors and borrow from them as many empty jars as you can.\n"
      }
    ]
  },
  "4": {
    "verseObjects": [
      {
        "type": "text",
        "text": "Then take the jars into your house with your sons. Shut the door. Then pour olive oil from your container into the other jars. When each jar is full, set it aside and fill another jar. Keep doing that until all the jars are full.\"\n\n"
      },
      {
        "tag": "s5",
        "type": "section",
        "text": "\n"
      },
      {
        "tag": "p",
        "type": "paragraph",
        "text": "\n"
      }
    ]
  },
  "5": {
    "verseObjects": [
      {
        "type": "text",
        "text": "So she did what Elisha told her to do. Her sons kept bringing jars to her, and she kept filling them.\n"
      }
    ]
  },
  "6": {
    "verseObjects": [
      {
        "type": "text",
        "text": "Soon all the jars were full. So she said to one of her sons, \"Bring me another jar!\" But he replied, \"There are no more jars!\" Right then the olive oil stopped flowing.\n\n"
      },
      {
        "tag": "s5",
        "type": "section",
        "text": "\n"
      },
      {
        "tag": "p",
        "type": "paragraph",
        "text": "\n"
      }
    ]
  },
  "7": {
    "verseObjects": [
      {
        "type": "text",
        "text": "When she told Elisha what had happened, he said to her, \"Now sell the oil. And with the money you get, pay what you owe, and there will be enough extra money to keep buying food for yourself and your sons.\" So she did that.\n\n\n"
      },
      {
        "tag": "s5",
        "type": "section",
        "text": "\n"
      },
      {
        "tag": "p",
        "type": "paragraph",
        "text": "\n"
      }
    ]
  },
  "8": {
    "verseObjects": [
      {
        "type": "text",
        "text": "One day Elisha went to the city of Shunem. There was a wealthy woman who lived there with her husband. One day she invited Elisha to her house for a meal. Elisha went there, and from then on every time Elisha was in Shunem he went to their house to eat a meal.\n"
      }
    ]
  },
  "9": {
    "verseObjects": [
      {
        "type": "text",
        "text": "One day the woman said to her husband, \"I am sure that this man who often comes here is a prophet who brings messages from God.\n\n"
      },
      {
        "tag": "s5",
        "type": "section",
        "text": "\n"
      }
    ]
  },
  "10": {
    "verseObjects": [
      {
        "type": "text",
        "text": "I think we should make a small room for him on our flat roof, and put a bed, a table, a chair, and a lamp in it. If we do that, whenever he comes here, he will have a place to stay.\" So they did that.\n"
      },
      {
        "tag": "p",
        "type": "paragraph",
        "text": "\n"
      }
    ]
  },
  "11": {
    "verseObjects": [
      {
        "type": "text",
        "text": "One day Elisha returned to Shunem, and he went up to that room to rest.\n\n"
      },
      {
        "tag": "s5",
        "type": "section",
        "text": "\n"
      }
    ]
  },
  "12": {
    "verseObjects": [
      {
        "type": "text",
        "text": "He said to his servant Gehazi, \"Tell the woman that I want to speak to her.\" So the servant went and told her. When she came to the doorway of Elisha's room,\n"
      }
    ]
  },
  "13": {
    "verseObjects": [
      {
        "type": "text",
        "text": "Elisha said to Gehazi, \"Tell her that we are both grateful for all the kind things that she has done for us. Then ask her what we can do for her. Ask, 'Do you want me to go to the king or the army commander to request something for you?'\"\n"
      },
      {
        "tag": "p",
        "type": "paragraph",
        "text": "Gehazi gave her this message. She replied, \"No, your master does not need to do that, because my family are able to give me what I need.\"\n"
      },
      {
        "type": "text",
        "text": "\n"
      },
      {
        "tag": "s5",
        "type": "section",
        "text": "\n"
      },
      {
        "tag": "p",
        "type": "paragraph",
        "text": "\n"
      }
    ]
  },
  "14": {
    "verseObjects": [
      {
        "type": "text",
        "text": "Later, Elisha asked Gehazi, \"What do you think that we can do for that woman?\"\n"
      },
      {
        "tag": "p",
        "type": "paragraph",
        "text": "He replied, \"Well, she has no son, and her husband is an old man.\"\n"
      },
      {
        "tag": "p",
        "type": "paragraph",
        "text": "\n"
      }
    ]
  },
  "15": {
    "verseObjects": [
      {
        "type": "text",
        "text": "Elisha told Gehazi, \"Call her back again.\" So Gehazi went and called her. And when the woman returned, as she stood in the doorway,\n"
      }
    ]
  },
  "16": {
    "verseObjects": [
      {
        "type": "text",
        "text": "Elisha said to her, \"About this time next year you will be holding your infant son in your arms.\" But she protested, \"Oh, Sir, you are a prophet who brings messages from God, so please do not deceive me by saying things like that!\"\n\n"
      },
      {
        "tag": "s5",
        "type": "section",
        "text": "\n"
      },
      {
        "tag": "p",
        "type": "paragraph",
        "text": "\n"
      }
    ]
  },
  "17": {
    "verseObjects": [
      {
        "type": "text",
        "text": "But a few months later, the woman became pregnant, and she gave birth to a son at that time the following year, just like Elisha had predicted.\n"
      },
      {
        "tag": "p",
        "type": "paragraph",
        "text": "\n"
      }
    ]
  },
  "18": {
    "verseObjects": [
      {
        "type": "text",
        "text": "When the child was growing up, one day he went out to the fields to see his father, who was working with the men who were harvesting grain.\n"
      }
    ]
  },
  "19": {
    "verseObjects": [
      {
        "type": "text",
        "text": "Suddenly the boy exclaimed, \"My head hurts! My head hurts!\"\n"
      },
      {
        "tag": "p",
        "type": "paragraph",
        "text": "His father said to one of the servants, \"Carry him home to his mother!\"\n"
      }
    ]
  },
  "20": {
    "verseObjects": [
      {
        "type": "text",
        "text": "So the servant carried him home, and his mother held him on her lap. But at noontime the boy died.\n\n"
      },
      {
        "tag": "s5",
        "type": "section",
        "text": "\n"
      }
    ]
  },
  "21": {
    "verseObjects": [
      {
        "type": "text",
        "text": "She carried him up the steps to the prophet's room and laid him on the bed. She left him there and went out and shut the door.\n"
      },
      {
        "tag": "p",
        "type": "paragraph",
        "text": "\n"
      }
    ]
  },
  "22": {
    "verseObjects": [
      {
        "type": "text",
        "text": "She then called out to her husband, saying, \"Send to me one of the servants and a donkey so that I can ride on it quickly to the prophet, and then come back!\" But she did not tell her husband that their son had died.\n\n"
      },
      {
        "tag": "s5",
        "type": "section",
        "text": "\n"
      },
      {
        "tag": "p",
        "type": "paragraph",
        "text": "\n"
      }
    ]
  },
  "23": {
    "verseObjects": [
      {
        "type": "text",
        "text": "Her husband called out to her and said, \"Why do you want to go today? This is not the day when we celebrate the festival of the new moon, and it is not a Sabbath day!\"\n"
      },
      {
        "tag": "p",
        "type": "paragraph",
        "text": "But she only replied, \"Just do what I requested and everything will be all right.\"\n"
      },
      {
        "tag": "p",
        "type": "paragraph",
        "text": "\n"
      }
    ]
  },
  "24": {
    "verseObjects": [
      {
        "type": "text",
        "text": "So she saddled the donkey and said to her servant, \"Lead the donkey! Do not slow down for me unless I tell you to do so!\"\n\n"
      },
      {
        "tag": "s5",
        "type": "section",
        "text": "\n"
      }
    ]
  },
  "25": {
    "verseObjects": [
      {
        "type": "text",
        "text": "As they approached Mount Carmel, where Elisha was, Elisha saw her in the distance. He said to Gehazi, \"Look, the woman from Shunem is coming!\n"
      }
    ]
  },
  "26": {
    "verseObjects": [
      {
        "type": "text",
        "text": "Run to her, and ask her if everything is all right with her and her husband and with her child!\"\n"
      },
      {
        "tag": "p",
        "type": "paragraph",
        "text": "So Gehazi ran to her and asked her, but she said nothing to Gehazi except, \"Yes, everything is fine.\"\n"
      },
      {
        "type": "text",
        "text": "\n"
      },
      {
        "tag": "s5",
        "type": "section",
        "text": "\n"
      },
      {
        "tag": "p",
        "type": "paragraph",
        "text": "\n"
      }
    ]
  },
  "27": {
    "verseObjects": [
      {
        "type": "text",
        "text": "But when she came to where Elisha was, she prostrated herself on the ground in front of Elisha and took hold of his feet. Gehazi started to push her away, but Elisha said, \"Do not push her away! Something is troubling her very much, but Yahweh has not told me what it is.\"\n\n"
      },
      {
        "tag": "s5",
        "type": "section",
        "text": "\n"
      },
      {
        "tag": "p",
        "type": "paragraph",
        "text": "\n"
      }
    ]
  },
  "28": {
    "verseObjects": [
      {
        "type": "text",
        "text": "Then she said to Elisha, \"O sir, I did not request you to enable me to give birth to a son, but I did say, 'Do not lie to me.'\"\n"
      },
      {
        "tag": "p",
        "type": "paragraph",
        "text": "\n"
      }
    ]
  },
  "29": {
    "verseObjects": [
      {
        "type": "text",
        "text": "Then Elisha realized that something must have happened to her son. So he said to Gehazi, \"Get ready to leave immediately. Take my staff stick and go to her home. Do not stop to talk to anyone on the way. Go quickly to where her son is and lay the staff on the child's face. If you do that, perhaps Yahweh will cause him to live again.\"\n\n"
      },
      {
        "tag": "s5",
        "type": "section",
        "text": "\n"
      },
      {
        "tag": "p",
        "type": "paragraph",
        "text": "\n"
      }
    ]
  },
  "30": {
    "verseObjects": [
      {
        "type": "text",
        "text": "But the boy's mother said, \"Just as certain as Yahweh lives and you live, I will not go home if you do not go with me.\" So Elisha returned with her to her home.\n"
      },
      {
        "tag": "p",
        "type": "paragraph",
        "text": "\n"
      }
    ]
  },
  "31": {
    "verseObjects": [
      {
        "type": "text",
        "text": "But Gehazi hurried quickly ahead. When he got to the woman's home, he laid the staff on the child's face, but the child did not move or say anything.\n"
      },
      {
        "tag": "p",
        "type": "paragraph",
        "text": "So Gehazi returned to meet Elisha along the road, and told him, \"The child is still dead.\"\n"
      },
      {
        "type": "text",
        "text": "\n"
      },
      {
        "tag": "s5",
        "type": "section",
        "text": "\n"
      }
    ]
  },
  "32": {
    "verseObjects": [
      {
        "type": "text",
        "text": "When Elisha reached the house, he saw that the boy was lying dead on his bed.\n"
      }
    ]
  },
  "33": {
    "verseObjects": [
      {
        "type": "text",
        "text": "Elisha went into the room by himself and shut the door and prayed to Yahweh.\n"
      }
    ]
  },
  "34": {
    "verseObjects": [
      {
        "type": "text",
        "text": "Then he lay down on the boy's body, and put his mouth on the boy's mouth, and put his eyes on the boy's eyes, and put his hands on the boy's hands. Then the boy's body started to become warm!\n\n"
      },
      {
        "tag": "s5",
        "type": "section",
        "text": "\n"
      }
    ]
  },
  "35": {
    "verseObjects": [
      {
        "type": "text",
        "text": "Elisha got up and walked back and forth in the room several times. Then he stretched his body on the boy's body again. The boy sneezed seven times and opened his eyes!\n"
      },
      {
        "tag": "p",
        "type": "paragraph",
        "text": "\n"
      }
    ]
  },
  "36": {
    "verseObjects": [
      {
        "type": "text",
        "text": "Then Elisha summoned Gehazi. He said, \"Call the boy's mother.\" So Gehazi went and called her, and when she came in, Elisha said, \"Here, take your son.\"\n"
      }
    ]
  },
  "37": {
    "verseObjects": [
      {
        "type": "text",
        "text": "She gratefully prostrated herself at Elisha's feet. Then she picked up her son and carried him downstairs.\n\n\n"
      },
      {
        "tag": "s5",
        "type": "section",
        "text": "\n"
      },
      {
        "tag": "p",
        "type": "paragraph",
        "text": "\n"
      }
    ]
  },
  "38": {
    "verseObjects": [
      {
        "type": "text",
        "text": "Then Elisha returned to Gilgal. But at that time there was a famine in that area. One day as the association of prophets was sitting in front of Elisha listening to what he was teaching, he said to his servant, \"Put a large pot on the fire and make some stew for these men.\"\n"
      },
      {
        "tag": "p",
        "type": "paragraph",
        "text": "\n"
      }
    ]
  },
  "39": {
    "verseObjects": [
      {
        "type": "text",
        "text": "One of the prophets went out to the fields to gather some vegetables. But he gathered only some wild gourds and put them in his cloak and brought them back. He shredded them and put them in the pot, but he did not know that the gourds were poisonous.\n\n"
      },
      {
        "tag": "s5",
        "type": "section",
        "text": "\n"
      }
    ]
  },
  "40": {
    "verseObjects": [
      {
        "type": "text",
        "text": "He served the stew to the prophets, but after the men had eaten only a couple bites, they cried out, \"Our master, there is something in the pot that will kill us!\"\n"
      },
      {
        "tag": "p",
        "type": "paragraph",
        "text": "So they would not eat it.\n"
      }
    ]
  },
  "41": {
    "verseObjects": [
      {
        "type": "text",
        "text": "Elisha said, \"Bring me some flour.\" They brought him some, and he threw it in the pot and he said, \"It is all right now. You can eat it.\" And they ate it, and it did not harm them.\n\n\n"
      },
      {
        "tag": "s5",
        "type": "section",
        "text": "\n"
      },
      {
        "tag": "p",
        "type": "paragraph",
        "text": "\n"
      }
    ]
  },
  "42": {
    "verseObjects": [
      {
        "type": "text",
        "text": "One day a man from the city of Baal Shalishah brought to Elisha a sack of freshly cut grain and twenty loaves of barley bread, made from the first grain that they had harvested that year.\n"
      },
      {
        "tag": "p",
        "type": "paragraph",
        "text": "Elisha said to his servant, \"Give it to the group of prophets, so that they can eat it.\"\n"
      }
    ]
  },
  "43": {
    "verseObjects": [
      {
        "type": "text",
        "text": "But his servant exclaimed, \"Do you think that we can feed a hundred of us prophets with only that much? How can I place this before them all?\"\n"
      },
      {
        "tag": "p",
        "type": "paragraph",
        "text": "But Elisha replied, \"Give it to the prophets so that they can eat it, because Yahweh says that there will be plenty for all of them, and there will be some left over!\"\n"
      }
    ]
  },
  "44": {
    "verseObjects": [
      {
        "type": "text",
        "text": "After his servant gave it to the prophets, they ate all that they wanted, and there was food left over, just as Yahweh had promised.\n\n\n"
      },
      {
        "tag": "s5",
        "type": "section",
        "text": "\n"
      }
    ]
  },
  "front": {
    "verseObjects": [
      {
        "type": "text",
        "text": "\n"
      },
      {
        "tag": "p",
        "type": "paragraph",
        "text": "\n"
      }
    ]
  }
}