{
  "1": {
    "verseObjects": [
      {
        "text": "βίβλος",
        "tag": "w",
        "type": "word",
        "lemma": "βίβλος",
        "strong": "G09760",
        "morph": "Gr,N,,,,,NFS,"
      },
      {
        "text": "γενέσεως",
        "tag": "w",
        "type": "word",
        "lemma": "γένεσις",
        "strong": "G10780",
        "morph": "Gr,N,,,,,GFS,"
      },
      {
        "tag": "k",
        "type": "milestone",
        "tw": "rc://*/tw/dict/bible/kt/jesus",
        "children": [
          {
            "text": "Ἰησοῦ",
            "tag": "w",
            "type": "word",
            "lemma": "Ἰησοῦς",
            "strong": "G24240",
            "morph": "Gr,N,,,,,GMS,"
          },
          {
            "text": "Χριστοῦ",
            "tag": "w",
            "type": "word",
            "lemma": "χριστός",
            "strong": "G55470",
            "morph": "Gr,N,,,,,GMS,",
            "tw": "rc://*/tw/dict/bible/kt/christ"
          }
        ]
      },
      {
        "type": "text",
        "text": ","
      },
      {
        "text": "υἱοῦ",
        "tag": "w",
        "type": "word",
        "lemma": "υἱός",
        "strong": "G52070",
        "morph": "Gr,N,,,,,GMS,",
        "tw": "rc://*/tw/dict/bible/kt/son"
      },
      {
        "text": "Δαυεὶδ",
        "tag": "w",
        "type": "word",
        "lemma": "Δαυείδ",
        "strong": "G11380",
        "morph": "Gr,N,,,,,GMSI",
        "tw": "rc://*/tw/dict/bible/names/david"
      },
      {
        "type": "text",
        "text": ","
      },
      {
        "text": "υἱοῦ",
        "tag": "w",
        "type": "word",
        "lemma": "υἱός",
        "strong": "G52070",
        "morph": "Gr,N,,,,,GMS,",
        "tw": "rc://*/tw/dict/bible/kt/son"
      },
      {
        "text": "Ἀβραάμ",
        "tag": "w",
        "type": "word",
        "lemma": "Ἀβραάμ",
        "strong": "G00110",
        "morph": "Gr,N,,,,,GMSI",
        "tw": "rc://*/tw/dict/bible/names/abraham"
      },
      {
        "type": "text",
        "text": ":\n\n"
      }
    ]
  },
  "2": {
    "verseObjects": [
      {
        "type": "text",
        "text": "\n"
      },
      {
        "tag": "p",
        "type": "paragraph",
        "text": "\n"
      },
      {
        "text": "Ἀβραὰμ",
        "tag": "w",
        "type": "word",
        "lemma": "Ἀβραάμ",
        "strong": "G00110",
        "morph": "Gr,N,,,,,NMSI",
        "tw": "rc://*/tw/dict/bible/names/abraham"
      },
      {
        "text": "ἐγέννησεν",
        "tag": "w",
        "type": "word",
        "lemma": "γεννάω",
        "strong": "G10800",
        "morph": "Gr,V,IAA3,,S,",
        "tw": "rc://*/tw/dict/bible/other/father"
      },
      {
        "text": "τὸν",
        "tag": "w",
        "type": "word",
        "lemma": "ὁ",
        "strong": "G35880",
        "morph": "Gr,EA,,,,AMS,"
      },
      {
        "text": "Ἰσαάκ",
        "tag": "w",
        "type": "word",
        "lemma": "Ἰσαάκ",
        "strong": "G24640",
        "morph": "Gr,N,,,,,AMSI",
        "tw": "rc://*/tw/dict/bible/names/isaac"
      },
      {
        "type": "text",
        "text": ","
      },
      {
        "text": "Ἰσαὰκ",
        "tag": "w",
        "type": "word",
        "lemma": "Ἰσαάκ",
        "strong": "G24640",
        "morph": "Gr,N,,,,,NMSI",
        "tw": "rc://*/tw/dict/bible/names/isaac"
      },
      {
        "text": "δὲ",
        "tag": "w",
        "type": "word",
        "lemma": "δέ",
        "strong": "G11610",
        "morph": "Gr,CC,,,,,,,,"
      },
      {
        "text": "ἐγέννησεν",
        "tag": "w",
        "type": "word",
        "lemma": "γεννάω",
        "strong": "G10800",
        "morph": "Gr,V,IAA3,,S,",
        "tw": "rc://*/tw/dict/bible/other/father"
      },
      {
        "text": "τὸν",
        "tag": "w",
        "type": "word",
        "lemma": "ὁ",
        "strong": "G35880",
        "morph": "Gr,EA,,,,AMS,"
      },
      {
        "text": "Ἰακώβ",
        "tag": "w",
        "type": "word",
        "lemma": "Ἰακώβ",
        "strong": "G23840",
        "morph": "Gr,N,,,,,AMSI",
        "tw": "rc://*/tw/dict/bible/names/jacob"
      },
      {
        "type": "text",
        "text": ","
      },
      {
        "text": "Ἰακὼβ",
        "tag": "w",
        "type": "word",
        "lemma": "Ἰακώβ",
        "strong": "G23840",
        "morph": "Gr,N,,,,,NMSI",
        "tw": "rc://*/tw/dict/bible/names/jacob"
      },
      {
        "text": "δὲ",
        "tag": "w",
        "type": "word",
        "lemma": "δέ",
        "strong": "G11610",
        "morph": "Gr,CC,,,,,,,,"
      },
      {
        "text": "ἐγέννησεν",
        "tag": "w",
        "type": "word",
        "lemma": "γεννάω",
        "strong": "G10800",
        "morph": "Gr,V,IAA3,,S,",
        "tw": "rc://*/tw/dict/bible/other/father"
      },
      {
        "text": "τὸν",
        "tag": "w",
        "type": "word",
        "lemma": "ὁ",
        "strong": "G35880",
        "morph": "Gr,EA,,,,AMS,"
      },
      {
        "text": "Ἰούδαν",
        "tag": "w",
        "type": "word",
        "lemma": "Ἰούδας",
        "strong": "G24550",
        "morph": "Gr,N,,,,,AMS,",
        "tw": "rc://*/tw/dict/bible/names/judah"
      },
      {
        "text": "καὶ",
        "tag": "w",
        "type": "word",
        "lemma": "καί",
        "strong": "G25320",
        "morph": "Gr,CC,,,,,,,,"
      },
      {
        "text": "τοὺς",
        "tag": "w",
        "type": "word",
        "lemma": "ὁ",
        "strong": "G35880",
        "morph": "Gr,EA,,,,AMP,"
      },
      {
        "text": "ἀδελφοὺς",
        "tag": "w",
        "type": "word",
        "lemma": "ἀδελφός",
        "strong": "G00800",
        "morph": "Gr,N,,,,,AMP,",
        "tw": "rc://*/tw/dict/bible/kt/brother"
      },
      {
        "text": "αὐτοῦ",
        "tag": "w",
        "type": "word",
        "lemma": "αὐτός",
        "strong": "G08460",
        "morph": "Gr,RP,,,3GMS,"
      },
      {
        "type": "text",
        "text": ",\n\n"
      }
    ]
  },
  "3": {
    "verseObjects": [
      {
        "text": "Ἰούδας",
        "tag": "w",
        "type": "word",
        "lemma": "Ἰούδας",
        "strong": "G24550",
        "morph": "Gr,N,,,,,NMS,",
        "tw": "rc://*/tw/dict/bible/names/judah"
      },
      {
        "text": "δὲ",
        "tag": "w",
        "type": "word",
        "lemma": "δέ",
        "strong": "G11610",
        "morph": "Gr,CC,,,,,,,,"
      },
      {
        "text": "ἐγέννησεν",
        "tag": "w",
        "type": "word",
        "lemma": "γεννάω",
        "strong": "G10800",
        "morph": "Gr,V,IAA3,,S,",
        "tw": "rc://*/tw/dict/bible/other/father"
      },
      {
        "text": "τὸν",
        "tag": "w",
        "type": "word",
        "lemma": "ὁ",
        "strong": "G35880",
        "morph": "Gr,EA,,,,AMS,"
      },
      {
        "text": "Φαρὲς",
        "tag": "w",
        "type": "word",
        "lemma": "Φαρές",
        "strong": "G53290",
        "morph": "Gr,N,,,,,AMSI"
      },
      {
        "text": "καὶ",
        "tag": "w",
        "type": "word",
        "lemma": "καί",
        "strong": "G25320",
        "morph": "Gr,CC,,,,,,,,"
      },
      {
        "text": "τὸν",
        "tag": "w",
        "type": "word",
        "lemma": "ὁ",
        "strong": "G35880",
        "morph": "Gr,EA,,,,AMS,"
      },
      {
        "text": "Ζάρα",
        "tag": "w",
        "type": "word",
        "lemma": "Ζάρα",
        "strong": "G21960",
        "morph": "Gr,N,,,,,AMSI"
      },
      {
        "text": "ἐκ",
        "tag": "w",
        "type": "word",
        "lemma": "ἐκ",
        "strong": "G15370",
        "morph": "Gr,P,,,,,G,,,"
      },
      {
        "text": "τῆς",
        "tag": "w",
        "type": "word",
        "lemma": "ὁ",
        "strong": "G35880",
        "morph": "Gr,EA,,,,GFS,"
      },
      {
        "text": "Θαμάρ",
        "tag": "w",
        "type": "word",
        "lemma": "Θαμάρ",
        "strong": "G22830",
        "morph": "Gr,N,,,,,GFSI",
        "tw": "rc://*/tw/dict/bible/names/tamar"
      },
      {
        "type": "text",
        "text": ","
      },
      {
        "text": "Φαρὲς",
        "tag": "w",
        "type": "word",
        "lemma": "Φαρές",
        "strong": "G53290",
        "morph": "Gr,N,,,,,NMSI"
      },
      {
        "text": "δὲ",
        "tag": "w",
        "type": "word",
        "lemma": "δέ",
        "strong": "G11610",
        "morph": "Gr,CC,,,,,,,,"
      },
      {
        "text": "ἐγέννησεν",
        "tag": "w",
        "type": "word",
        "lemma": "γεννάω",
        "strong": "G10800",
        "morph": "Gr,V,IAA3,,S,",
        "tw": "rc://*/tw/dict/bible/other/father"
      },
      {
        "text": "τὸν",
        "tag": "w",
        "type": "word",
        "lemma": "ὁ",
        "strong": "G35880",
        "morph": "Gr,EA,,,,AMS,"
      },
      {
        "text": "Ἑσρώμ",
        "tag": "w",
        "type": "word",
        "lemma": "Ἑσρώμ",
        "strong": "G20740",
        "morph": "Gr,N,,,,,AMSI"
      },
      {
        "type": "text",
        "text": ","
      },
      {
        "text": "Ἑσρὼμ",
        "tag": "w",
        "type": "word",
        "lemma": "Ἑσρώμ",
        "strong": "G20740",
        "morph": "Gr,N,,,,,NMSI"
      },
      {
        "text": "δὲ",
        "tag": "w",
        "type": "word",
        "lemma": "δέ",
        "strong": "G11610",
        "morph": "Gr,CC,,,,,,,,"
      },
      {
        "text": "ἐγέννησεν",
        "tag": "w",
        "type": "word",
        "lemma": "γεννάω",
        "strong": "G10800",
        "morph": "Gr,V,IAA3,,S,",
        "tw": "rc://*/tw/dict/bible/other/father"
      },
      {
        "text": "τὸν",
        "tag": "w",
        "type": "word",
        "lemma": "ὁ",
        "strong": "G35880",
        "morph": "Gr,EA,,,,AMS,"
      },
      {
        "text": "Ἀράμ",
        "tag": "w",
        "type": "word",
        "lemma": "Ἀράμ",
        "strong": "G06890",
        "morph": "Gr,N,,,,,AMSI"
      },
      {
        "type": "text",
        "text": ",\n\n"
      }
    ]
  },
  "4": {
    "verseObjects": [
      {
        "text": "Ἀρὰμ",
        "tag": "w",
        "type": "word",
        "lemma": "Ἀράμ",
        "strong": "G06890",
        "morph": "Gr,N,,,,,NMSI"
      },
      {
        "text": "δὲ",
        "tag": "w",
        "type": "word",
        "lemma": "δέ",
        "strong": "G11610",
        "morph": "Gr,CC,,,,,,,,"
      },
      {
        "text": "ἐγέννησεν",
        "tag": "w",
        "type": "word",
        "lemma": "γεννάω",
        "strong": "G10800",
        "morph": "Gr,V,IAA3,,S,",
        "tw": "rc://*/tw/dict/bible/other/father"
      },
      {
        "text": "τὸν",
        "tag": "w",
        "type": "word",
        "lemma": "ὁ",
        "strong": "G35880",
        "morph": "Gr,EA,,,,AMS,"
      },
      {
        "text": "Ἀμιναδάβ",
        "tag": "w",
        "type": "word",
        "lemma": "Ἀμιναδάβ",
        "strong": "G02840",
        "morph": "Gr,N,,,,,AMSI"
      },
      {
        "type": "text",
        "text": ","
      },
      {
        "text": "Ἀμιναδὰβ",
        "tag": "w",
        "type": "word",
        "lemma": "Ἀμιναδάβ",
        "strong": "G02840",
        "morph": "Gr,N,,,,,NMSI"
      },
      {
        "text": "δὲ",
        "tag": "w",
        "type": "word",
        "lemma": "δέ",
        "strong": "G11610",
        "morph": "Gr,CC,,,,,,,,"
      },
      {
        "text": "ἐγέννησεν",
        "tag": "w",
        "type": "word",
        "lemma": "γεννάω",
        "strong": "G10800",
        "morph": "Gr,V,IAA3,,S,",
        "tw": "rc://*/tw/dict/bible/other/father"
      },
      {
        "text": "τὸν",
        "tag": "w",
        "type": "word",
        "lemma": "ὁ",
        "strong": "G35880",
        "morph": "Gr,EA,,,,AMS,"
      },
      {
        "text": "Ναασσών",
        "tag": "w",
        "type": "word",
        "lemma": "Ναασσών",
        "strong": "G34760",
        "morph": "Gr,N,,,,,AMSI"
      },
      {
        "type": "text",
        "text": ","
      },
      {
        "text": "Ναασσὼν",
        "tag": "w",
        "type": "word",
        "lemma": "Ναασσών",
        "strong": "G34760",
        "morph": "Gr,N,,,,,NMSI"
      },
      {
        "text": "δὲ",
        "tag": "w",
        "type": "word",
        "lemma": "δέ",
        "strong": "G11610",
        "morph": "Gr,CC,,,,,,,,"
      },
      {
        "text": "ἐγέννησεν",
        "tag": "w",
        "type": "word",
        "lemma": "γεννάω",
        "strong": "G10800",
        "morph": "Gr,V,IAA3,,S,",
        "tw": "rc://*/tw/dict/bible/other/father"
      },
      {
        "text": "τὸν",
        "tag": "w",
        "type": "word",
        "lemma": "ὁ",
        "strong": "G35880",
        "morph": "Gr,EA,,,,AMS,"
      },
      {
        "text": "Σαλμών",
        "tag": "w",
        "type": "word",
        "lemma": "Σαλμών",
        "strong": "G45330",
        "morph": "Gr,N,,,,,AMSI"
      },
      {
        "type": "text",
        "text": ",\n\n"
      }
    ]
  },
  "5": {
    "verseObjects": [
      {
        "text": "Σαλμὼν",
        "tag": "w",
        "type": "word",
        "lemma": "Σαλμών",
        "strong": "G45330",
        "morph": "Gr,N,,,,,NMSI"
      },
      {
        "text": "δὲ",
        "tag": "w",
        "type": "word",
        "lemma": "δέ",
        "strong": "G11610",
        "morph": "Gr,CC,,,,,,,,"
      },
      {
        "text": "ἐγέννησεν",
        "tag": "w",
        "type": "word",
        "lemma": "γεννάω",
        "strong": "G10800",
        "morph": "Gr,V,IAA3,,S,",
        "tw": "rc://*/tw/dict/bible/other/father"
      },
      {
        "text": "τὸν",
        "tag": "w",
        "type": "word",
        "lemma": "ὁ",
        "strong": "G35880",
        "morph": "Gr,EA,,,,AMS,"
      },
      {
        "text": "Βόες",
        "tag": "w",
        "type": "word",
        "lemma": "Βόες",
        "strong": "G10030",
        "morph": "Gr,N,,,,,AMSI",
        "tw": "rc://*/tw/dict/bible/names/boaz"
      },
      {
        "text": "ἐκ",
        "tag": "w",
        "type": "word",
        "lemma": "ἐκ",
        "strong": "G15370",
        "morph": "Gr,P,,,,,G,,,"
      },
      {
        "text": "τῆς",
        "tag": "w",
        "type": "word",
        "lemma": "ὁ",
        "strong": "G35880",
        "morph": "Gr,EA,,,,GFS,"
      },
      {
        "text": "Ῥαχάβ",
        "tag": "w",
        "type": "word",
        "lemma": "Ῥαχάβ",
        "strong": "G44770",
        "morph": "Gr,N,,,,,GFSI",
        "tw": "rc://*/tw/dict/bible/names/rahab"
      },
      {
        "type": "text",
        "text": ","
      },
      {
        "text": "Βόες",
        "tag": "w",
        "type": "word",
        "lemma": "Βόες",
        "strong": "G10030",
        "morph": "Gr,N,,,,,NMSI",
        "tw": "rc://*/tw/dict/bible/names/boaz"
      },
      {
        "text": "δὲ",
        "tag": "w",
        "type": "word",
        "lemma": "δέ",
        "strong": "G11610",
        "morph": "Gr,CC,,,,,,,,"
      },
      {
        "text": "ἐγέννησεν",
        "tag": "w",
        "type": "word",
        "lemma": "γεννάω",
        "strong": "G10800",
        "morph": "Gr,V,IAA3,,S,",
        "tw": "rc://*/tw/dict/bible/other/father"
      },
      {
        "text": "τὸν",
        "tag": "w",
        "type": "word",
        "lemma": "ὁ",
        "strong": "G35880",
        "morph": "Gr,EA,,,,AMS,"
      },
      {
        "text": "Ἰωβὴδ",
        "tag": "w",
        "type": "word",
        "lemma": "Ἰωβήδ",
        "strong": "G56010",
        "morph": "Gr,N,,,,,AMSI"
      },
      {
        "text": "ἐκ",
        "tag": "w",
        "type": "word",
        "lemma": "ἐκ",
        "strong": "G15370",
        "morph": "Gr,P,,,,,G,,,"
      },
      {
        "text": "τῆς",
        "tag": "w",
        "type": "word",
        "lemma": "ὁ",
        "strong": "G35880",
        "morph": "Gr,EA,,,,GFS,"
      },
      {
        "text": "Ῥούθ",
        "tag": "w",
        "type": "word",
        "lemma": "Ῥούθ",
        "strong": "G45030",
        "morph": "Gr,N,,,,,GFSI",
        "tw": "rc://*/tw/dict/bible/names/ruth"
      },
      {
        "type": "text",
        "text": ","
      },
      {
        "text": "Ἰωβὴδ",
        "tag": "w",
        "type": "word",
        "lemma": "Ἰωβήδ",
        "strong": "G56010",
        "morph": "Gr,N,,,,,NMSI"
      },
      {
        "text": "δὲ",
        "tag": "w",
        "type": "word",
        "lemma": "δέ",
        "strong": "G11610",
        "morph": "Gr,CC,,,,,,,,"
      },
      {
        "text": "ἐγέννησεν",
        "tag": "w",
        "type": "word",
        "lemma": "γεννάω",
        "strong": "G10800",
        "morph": "Gr,V,IAA3,,S,",
        "tw": "rc://*/tw/dict/bible/other/father"
      },
      {
        "text": "τὸν",
        "tag": "w",
        "type": "word",
        "lemma": "ὁ",
        "strong": "G35880",
        "morph": "Gr,EA,,,,AMS,"
      },
      {
        "text": "Ἰεσσαί",
        "tag": "w",
        "type": "word",
        "lemma": "Ἰεσσαί",
        "strong": "G24210",
        "morph": "Gr,N,,,,,AMSI",
        "tw": "rc://*/tw/dict/bible/names/jesse"
      },
      {
        "type": "text",
        "text": ",\n\n"
      }
    ]
  },
  "6": {
    "verseObjects": [
      {
        "text": "Ἰεσσαὶ",
        "tag": "w",
        "type": "word",
        "lemma": "Ἰεσσαί",
        "strong": "G24210",
        "morph": "Gr,N,,,,,NMSI",
        "tw": "rc://*/tw/dict/bible/names/jesse"
      },
      {
        "text": "δὲ",
        "tag": "w",
        "type": "word",
        "lemma": "δέ",
        "strong": "G11610",
        "morph": "Gr,CC,,,,,,,,"
      },
      {
        "text": "ἐγέννησεν",
        "tag": "w",
        "type": "word",
        "lemma": "γεννάω",
        "strong": "G10800",
        "morph": "Gr,V,IAA3,,S,",
        "tw": "rc://*/tw/dict/bible/other/father"
      },
      {
        "text": "τὸν",
        "tag": "w",
        "type": "word",
        "lemma": "ὁ",
        "strong": "G35880",
        "morph": "Gr,EA,,,,AMS,"
      },
      {
        "text": "Δαυεὶδ",
        "tag": "w",
        "type": "word",
        "lemma": "Δαυείδ",
        "strong": "G11380",
        "morph": "Gr,N,,,,,AMSI",
        "tw": "rc://*/tw/dict/bible/names/david"
      },
      {
        "text": "τὸν",
        "tag": "w",
        "type": "word",
        "lemma": "ὁ",
        "strong": "G35880",
        "morph": "Gr,EA,,,,AMS,"
      },
      {
        "text": "βασιλέα",
        "tag": "w",
        "type": "word",
        "lemma": "βασιλεύς",
        "strong": "G09350",
        "morph": "Gr,N,,,,,AMS,",
        "tw": "rc://*/tw/dict/bible/other/king"
      },
      {
        "type": "text",
        "text": ".\n"
      },
      {
        "tag": "p",
        "type": "paragraph",
        "text": "\n"
      },
      {
        "text": "Δαυεὶδ",
        "tag": "w",
        "type": "word",
        "lemma": "Δαυείδ",
        "strong": "G11380",
        "morph": "Gr,N,,,,,NMSI",
        "tw": "rc://*/tw/dict/bible/names/david"
      },
      {
        "text": "δὲ",
        "tag": "w",
        "type": "word",
        "lemma": "δέ",
        "strong": "G11610",
        "morph": "Gr,CC,,,,,,,,"
      },
      {
        "text": "ἐγέννησεν",
        "tag": "w",
        "type": "word",
        "lemma": "γεννάω",
        "strong": "G10800",
        "morph": "Gr,V,IAA3,,S,",
        "tw": "rc://*/tw/dict/bible/other/father"
      },
      {
        "text": "τὸν",
        "tag": "w",
        "type": "word",
        "lemma": "ὁ",
        "strong": "G35880",
        "morph": "Gr,EA,,,,AMS,"
      },
      {
        "text": "Σολομῶνα",
        "tag": "w",
        "type": "word",
        "lemma": "Σολομών",
        "strong": "G46720",
        "morph": "Gr,N,,,,,AMS,",
        "tw": "rc://*/tw/dict/bible/names/solomon"
      },
      {
        "text": "ἐκ",
        "tag": "w",
        "type": "word",
        "lemma": "ἐκ",
        "strong": "G15370",
        "morph": "Gr,P,,,,,G,,,"
      },
      {
        "text": "τῆς",
        "tag": "w",
        "type": "word",
        "lemma": "ὁ",
        "strong": "G35880",
        "morph": "Gr,RD,,,,GFS,"
      },
      {
        "text": "τοῦ",
        "tag": "w",
        "type": "word",
        "lemma": "ὁ",
        "strong": "G35880",
        "morph": "Gr,EA,,,,GMS,"
      },
      {
        "text": "Οὐρίου",
        "tag": "w",
        "type": "word",
        "lemma": "Οὐρίας",
        "strong": "G37740",
        "morph": "Gr,N,,,,,GMS,",
        "tw": "rc://*/tw/dict/bible/names/uriah"
      },
      {
        "type": "text",
        "text": ",\n\n"
      }
    ]
  },
  "7": {
    "verseObjects": [
      {
        "text": "Σολομὼν",
        "tag": "w",
        "type": "word",
        "lemma": "Σολομών",
        "strong": "G46720",
        "morph": "Gr,N,,,,,NMS,",
        "tw": "rc://*/tw/dict/bible/names/solomon"
      },
      {
        "text": "δὲ",
        "tag": "w",
        "type": "word",
        "lemma": "δέ",
        "strong": "G11610",
        "morph": "Gr,CC,,,,,,,,"
      },
      {
        "text": "ἐγέννησεν",
        "tag": "w",
        "type": "word",
        "lemma": "γεννάω",
        "strong": "G10800",
        "morph": "Gr,V,IAA3,,S,",
        "tw": "rc://*/tw/dict/bible/other/father"
      },
      {
        "text": "τὸν",
        "tag": "w",
        "type": "word",
        "lemma": "ὁ",
        "strong": "G35880",
        "morph": "Gr,EA,,,,AMS,"
      },
      {
        "text": "Ῥοβοάμ",
        "tag": "w",
        "type": "word",
        "lemma": "Ῥοβοάμ",
        "strong": "G44970",
        "morph": "Gr,N,,,,,AMSI",
        "tw": "rc://*/tw/dict/bible/names/rehoboam"
      },
      {
        "type": "text",
        "text": ","
      },
      {
        "text": "Ῥοβοὰμ",
        "tag": "w",
        "type": "word",
        "lemma": "Ῥοβοάμ",
        "strong": "G44970",
        "morph": "Gr,N,,,,,NMSI",
        "tw": "rc://*/tw/dict/bible/names/rehoboam"
      },
      {
        "text": "δὲ",
        "tag": "w",
        "type": "word",
        "lemma": "δέ",
        "strong": "G11610",
        "morph": "Gr,CC,,,,,,,,"
      },
      {
        "text": "ἐγέννησεν",
        "tag": "w",
        "type": "word",
        "lemma": "γεννάω",
        "strong": "G10800",
        "morph": "Gr,V,IAA3,,S,",
        "tw": "rc://*/tw/dict/bible/other/father"
      },
      {
        "text": "τὸν",
        "tag": "w",
        "type": "word",
        "lemma": "ὁ",
        "strong": "G35880",
        "morph": "Gr,EA,,,,AMS,"
      },
      {
        "text": "Ἀβιά",
        "tag": "w",
        "type": "word",
        "lemma": "Ἀβιά",
        "strong": "G00070",
        "morph": "Gr,N,,,,,AMSI",
        "tw": "rc://*/tw/dict/bible/names/abijah"
      },
      {
        "type": "text",
        "text": ","
      },
      {
        "text": "Ἀβιὰ",
        "tag": "w",
        "type": "word",
        "lemma": "Ἀβιά",
        "strong": "G00070",
        "morph": "Gr,N,,,,,NMSI",
        "tw": "rc://*/tw/dict/bible/names/abijah"
      },
      {
        "text": "δὲ",
        "tag": "w",
        "type": "word",
        "lemma": "δέ",
        "strong": "G11610",
        "morph": "Gr,CC,,,,,,,,"
      },
      {
        "text": "ἐγέννησεν",
        "tag": "w",
        "type": "word",
        "lemma": "γεννάω",
        "strong": "G10800",
        "morph": "Gr,V,IAA3,,S,",
        "tw": "rc://*/tw/dict/bible/other/father"
      },
      {
        "text": "τὸν",
        "tag": "w",
        "type": "word",
        "lemma": "ὁ",
        "strong": "G35880",
        "morph": "Gr,EA,,,,AMS,"
      },
      {
        "text": "Ἀσάφ",
        "tag": "w",
        "type": "word",
        "lemma": "Ἀσάφ",
        "strong": "G07600",
        "morph": "Gr,N,,,,,AMSI",
        "tw": "rc://*/tw/dict/bible/names/asa"
      },
      {
        "type": "text",
        "text": ",\n\n"
      }
    ]
  },
  "8": {
    "verseObjects": [
      {
        "text": "Ἀσὰφ",
        "tag": "w",
        "type": "word",
        "lemma": "Ἀσάφ",
        "strong": "G07600",
        "morph": "Gr,N,,,,,NMSI",
        "tw": "rc://*/tw/dict/bible/names/asa"
      },
      {
        "text": "δὲ",
        "tag": "w",
        "type": "word",
        "lemma": "δέ",
        "strong": "G11610",
        "morph": "Gr,CC,,,,,,,,"
      },
      {
        "text": "ἐγέννησεν",
        "tag": "w",
        "type": "word",
        "lemma": "γεννάω",
        "strong": "G10800",
        "morph": "Gr,V,IAA3,,S,",
        "tw": "rc://*/tw/dict/bible/other/father"
      },
      {
        "text": "τὸν",
        "tag": "w",
        "type": "word",
        "lemma": "ὁ",
        "strong": "G35880",
        "morph": "Gr,EA,,,,AMS,"
      },
      {
        "text": "Ἰωσαφάτ",
        "tag": "w",
        "type": "word",
        "lemma": "Ἰωσαφάτ",
        "strong": "G24980",
        "morph": "Gr,N,,,,,AMSI",
        "tw": "rc://*/tw/dict/bible/names/jehoshaphat"
      },
      {
        "type": "text",
        "text": ","
      },
      {
        "text": "Ἰωσαφὰτ",
        "tag": "w",
        "type": "word",
        "lemma": "Ἰωσαφάτ",
        "strong": "G24980",
        "morph": "Gr,N,,,,,NMSI",
        "tw": "rc://*/tw/dict/bible/names/jehoshaphat"
      },
      {
        "text": "δὲ",
        "tag": "w",
        "type": "word",
        "lemma": "δέ",
        "strong": "G11610",
        "morph": "Gr,CC,,,,,,,,"
      },
      {
        "text": "ἐγέννησεν",
        "tag": "w",
        "type": "word",
        "lemma": "γεννάω",
        "strong": "G10800",
        "morph": "Gr,V,IAA3,,S,",
        "tw": "rc://*/tw/dict/bible/other/father"
      },
      {
        "text": "τὸν",
        "tag": "w",
        "type": "word",
        "lemma": "ὁ",
        "strong": "G35880",
        "morph": "Gr,EA,,,,AMS,"
      },
      {
        "text": "Ἰωράμ",
        "tag": "w",
        "type": "word",
        "lemma": "Ἰωράμ",
        "strong": "G24960",
        "morph": "Gr,N,,,,,AMSI",
        "tw": "rc://*/tw/dict/bible/names/jehoram"
      },
      {
        "type": "text",
        "text": ","
      },
      {
        "text": "Ἰωρὰμ",
        "tag": "w",
        "type": "word",
        "lemma": "Ἰωράμ",
        "strong": "G24960",
        "morph": "Gr,N,,,,,NMSI",
        "tw": "rc://*/tw/dict/bible/names/jehoram"
      },
      {
        "text": "δὲ",
        "tag": "w",
        "type": "word",
        "lemma": "δέ",
        "strong": "G11610",
        "morph": "Gr,CC,,,,,,,,"
      },
      {
        "text": "ἐγέννησεν",
        "tag": "w",
        "type": "word",
        "lemma": "γεννάω",
        "strong": "G10800",
        "morph": "Gr,V,IAA3,,S,",
        "tw": "rc://*/tw/dict/bible/other/father"
      },
      {
        "text": "τὸν",
        "tag": "w",
        "type": "word",
        "lemma": "ὁ",
        "strong": "G35880",
        "morph": "Gr,EA,,,,AMS,"
      },
      {
        "text": "Ὀζείαν",
        "tag": "w",
        "type": "word",
        "lemma": "Ὀζείας",
        "strong": "G36040",
        "morph": "Gr,N,,,,,AMS,",
        "tw": "rc://*/tw/dict/bible/names/uzziah"
      },
      {
        "type": "text",
        "text": ",\n\n"
      }
    ]
  },
  "9": {
    "verseObjects": [
      {
        "text": "Ὀζείας",
        "tag": "w",
        "type": "word",
        "lemma": "Ὀζείας",
        "strong": "G36040",
        "morph": "Gr,N,,,,,NMS,",
        "tw": "rc://*/tw/dict/bible/names/uzziah"
      },
      {
        "text": "δὲ",
        "tag": "w",
        "type": "word",
        "lemma": "δέ",
        "strong": "G11610",
        "morph": "Gr,CC,,,,,,,,"
      },
      {
        "text": "ἐγέννησεν",
        "tag": "w",
        "type": "word",
        "lemma": "γεννάω",
        "strong": "G10800",
        "morph": "Gr,V,IAA3,,S,",
        "tw": "rc://*/tw/dict/bible/other/father"
      },
      {
        "text": "τὸν",
        "tag": "w",
        "type": "word",
        "lemma": "ὁ",
        "strong": "G35880",
        "morph": "Gr,EA,,,,AMS,"
      },
      {
        "text": "Ἰωαθάμ",
        "tag": "w",
        "type": "word",
        "lemma": "Ἰωαθάμ",
        "strong": "G24880",
        "morph": "Gr,N,,,,,AMSI",
        "tw": "rc://*/tw/dict/bible/names/jotham"
      },
      {
        "type": "text",
        "text": ","
      },
      {
        "text": "Ἰωαθὰμ",
        "tag": "w",
        "type": "word",
        "lemma": "Ἰωαθάμ",
        "strong": "G24880",
        "morph": "Gr,N,,,,,NMSI",
        "tw": "rc://*/tw/dict/bible/names/jotham"
      },
      {
        "text": "δὲ",
        "tag": "w",
        "type": "word",
        "lemma": "δέ",
        "strong": "G11610",
        "morph": "Gr,CC,,,,,,,,"
      },
      {
        "text": "ἐγέννησεν",
        "tag": "w",
        "type": "word",
        "lemma": "γεννάω",
        "strong": "G10800",
        "morph": "Gr,V,IAA3,,S,",
        "tw": "rc://*/tw/dict/bible/other/father"
      },
      {
        "text": "τὸν",
        "tag": "w",
        "type": "word",
        "lemma": "ὁ",
        "strong": "G35880",
        "morph": "Gr,EA,,,,AMS,"
      },
      {
        "text": "Ἀχάζ",
        "tag": "w",
        "type": "word",
        "lemma": "Ἀχάζ",
        "strong": "G08810",
        "morph": "Gr,N,,,,,AMSI",
        "tw": "rc://*/tw/dict/bible/names/ahaz"
      },
      {
        "type": "text",
        "text": ","
      },
      {
        "text": "Ἀχὰζ",
        "tag": "w",
        "type": "word",
        "lemma": "Ἀχάζ",
        "strong": "G08810",
        "morph": "Gr,N,,,,,NMSI",
        "tw": "rc://*/tw/dict/bible/names/ahaz"
      },
      {
        "text": "δὲ",
        "tag": "w",
        "type": "word",
        "lemma": "δέ",
        "strong": "G11610",
        "morph": "Gr,CC,,,,,,,,"
      },
      {
        "text": "ἐγέννησεν",
        "tag": "w",
        "type": "word",
        "lemma": "γεννάω",
        "strong": "G10800",
        "morph": "Gr,V,IAA3,,S,",
        "tw": "rc://*/tw/dict/bible/other/father"
      },
      {
        "text": "τὸν",
        "tag": "w",
        "type": "word",
        "lemma": "ὁ",
        "strong": "G35880",
        "morph": "Gr,EA,,,,AMS,"
      },
      {
        "text": "Ἑζεκίαν",
        "tag": "w",
        "type": "word",
        "lemma": "Ἑζεκίας",
        "strong": "G14780",
        "morph": "Gr,N,,,,,AMS,",
        "tw": "rc://*/tw/dict/bible/names/hezekiah"
      },
      {
        "type": "text",
        "text": ",\n\n"
      }
    ]
  },
  "10": {
    "verseObjects": [
      {
        "text": "Ἑζεκίας",
        "tag": "w",
        "type": "word",
        "lemma": "Ἑζεκίας",
        "strong": "G14780",
        "morph": "Gr,N,,,,,NMS,",
        "tw": "rc://*/tw/dict/bible/names/hezekiah"
      },
      {
        "text": "δὲ",
        "tag": "w",
        "type": "word",
        "lemma": "δέ",
        "strong": "G11610",
        "morph": "Gr,CC,,,,,,,,"
      },
      {
        "text": "ἐγέννησεν",
        "tag": "w",
        "type": "word",
        "lemma": "γεννάω",
        "strong": "G10800",
        "morph": "Gr,V,IAA3,,S,",
        "tw": "rc://*/tw/dict/bible/other/father"
      },
      {
        "text": "τὸν",
        "tag": "w",
        "type": "word",
        "lemma": "ὁ",
        "strong": "G35880",
        "morph": "Gr,EA,,,,AMS,"
      },
      {
        "text": "Μανασσῆ",
        "tag": "w",
        "type": "word",
        "lemma": "Μανασσῆς",
        "strong": "G31280",
        "morph": "Gr,N,,,,,AMS,",
        "tw": "rc://*/tw/dict/bible/names/manasseh"
      },
      {
        "type": "text",
        "text": ","
      },
      {
        "text": "Μανασσῆς",
        "tag": "w",
        "type": "word",
        "lemma": "Μανασσῆς",
        "strong": "G31280",
        "morph": "Gr,N,,,,,NMS,",
        "tw": "rc://*/tw/dict/bible/names/manasseh"
      },
      {
        "text": "δὲ",
        "tag": "w",
        "type": "word",
        "lemma": "δέ",
        "strong": "G11610",
        "morph": "Gr,CC,,,,,,,,"
      },
      {
        "text": "ἐγέννησεν",
        "tag": "w",
        "type": "word",
        "lemma": "γεννάω",
        "strong": "G10800",
        "morph": "Gr,V,IAA3,,S,",
        "tw": "rc://*/tw/dict/bible/other/father"
      },
      {
        "text": "τὸν",
        "tag": "w",
        "type": "word",
        "lemma": "ὁ",
        "strong": "G35880",
        "morph": "Gr,EA,,,,AMS,"
      },
      {
        "text": "Ἀμώς",
        "tag": "w",
        "type": "word",
        "lemma": "Ἀμώς",
        "strong": "G03010",
        "morph": "Gr,N,,,,,AMSI"
      },
      {
        "type": "text",
        "text": ","
      },
      {
        "text": "Ἀμὼς",
        "tag": "w",
        "type": "word",
        "lemma": "Ἀμώς",
        "strong": "G03010",
        "morph": "Gr,N,,,,,NMSI"
      },
      {
        "text": "δὲ",
        "tag": "w",
        "type": "word",
        "lemma": "δέ",
        "strong": "G11610",
        "morph": "Gr,CC,,,,,,,,"
      },
      {
        "text": "ἐγέννησεν",
        "tag": "w",
        "type": "word",
        "lemma": "γεννάω",
        "strong": "G10800",
        "morph": "Gr,V,IAA3,,S,",
        "tw": "rc://*/tw/dict/bible/other/father"
      },
      {
        "text": "τὸν",
        "tag": "w",
        "type": "word",
        "lemma": "ὁ",
        "strong": "G35880",
        "morph": "Gr,EA,,,,AMS,"
      },
      {
        "text": "Ἰωσίαν",
        "tag": "w",
        "type": "word",
        "lemma": "Ἰωσίας",
        "strong": "G25020",
        "morph": "Gr,N,,,,,AMS,",
        "tw": "rc://*/tw/dict/bible/names/josiah"
      },
      {
        "type": "text",
        "text": ",\n\n"
      }
    ]
  },
  "11": {
    "verseObjects": [
      {
        "text": "Ἰωσίας",
        "tag": "w",
        "type": "word",
        "lemma": "Ἰωσίας",
        "strong": "G25020",
        "morph": "Gr,N,,,,,NMS,",
        "tw": "rc://*/tw/dict/bible/names/josiah"
      },
      {
        "text": "δὲ",
        "tag": "w",
        "type": "word",
        "lemma": "δέ",
        "strong": "G11610",
        "morph": "Gr,CC,,,,,,,,"
      },
      {
        "text": "ἐγέννησεν",
        "tag": "w",
        "type": "word",
        "lemma": "γεννάω",
        "strong": "G10800",
        "morph": "Gr,V,IAA3,,S,",
        "tw": "rc://*/tw/dict/bible/other/father"
      },
      {
        "text": "τὸν",
        "tag": "w",
        "type": "word",
        "lemma": "ὁ",
        "strong": "G35880",
        "morph": "Gr,EA,,,,AMS,"
      },
      {
        "text": "Ἰεχονίαν",
        "tag": "w",
        "type": "word",
        "lemma": "Ἰεχονίας",
        "strong": "G24230",
        "morph": "Gr,N,,,,,AMS,"
      },
      {
        "text": "καὶ",
        "tag": "w",
        "type": "word",
        "lemma": "καί",
        "strong": "G25320",
        "morph": "Gr,CC,,,,,,,,"
      },
      {
        "text": "τοὺς",
        "tag": "w",
        "type": "word",
        "lemma": "ὁ",
        "strong": "G35880",
        "morph": "Gr,EA,,,,AMP,"
      },
      {
        "text": "ἀδελφοὺς",
        "tag": "w",
        "type": "word",
        "lemma": "ἀδελφός",
        "strong": "G00800",
        "morph": "Gr,N,,,,,AMP,",
        "tw": "rc://*/tw/dict/bible/kt/brother"
      },
      {
        "text": "αὐτοῦ",
        "tag": "w",
        "type": "word",
        "lemma": "αὐτός",
        "strong": "G08460",
        "morph": "Gr,RP,,,3GMS,"
      },
      {
        "type": "text",
        "text": ","
      },
      {
        "text": "ἐπὶ",
        "tag": "w",
        "type": "word",
        "lemma": "ἐπί",
        "strong": "G19090",
        "morph": "Gr,P,,,,,G,,,"
      },
      {
        "text": "τῆς",
        "tag": "w",
        "type": "word",
        "lemma": "ὁ",
        "strong": "G35880",
        "morph": "Gr,EA,,,,GFS,"
      },
      {
        "text": "μετοικεσίας",
        "tag": "w",
        "type": "word",
        "lemma": "μετοικεσία",
        "strong": "G33500",
        "morph": "Gr,N,,,,,GFS,"
      },
      {
        "text": "Βαβυλῶνος",
        "tag": "w",
        "type": "word",
        "lemma": "Βαβυλών",
        "strong": "G08970",
        "morph": "Gr,N,,,,,GFS,",
        "tw": "rc://*/tw/dict/bible/names/babylon"
      },
      {
        "type": "text",
        "text": ".\n\n"
      }
    ]
  },
  "12": {
    "verseObjects": [
      {
        "type": "text",
        "text": "\n"
      },
      {
        "tag": "p",
        "type": "paragraph",
        "text": "\n"
      },
      {
        "text": "μετὰ",
        "tag": "w",
        "type": "word",
        "lemma": "μετά",
        "strong": "G33260",
        "morph": "Gr,P,,,,,A,,,"
      },
      {
        "text": "δὲ",
        "tag": "w",
        "type": "word",
        "lemma": "δέ",
        "strong": "G11610",
        "morph": "Gr,CC,,,,,,,,"
      },
      {
        "text": "τὴν",
        "tag": "w",
        "type": "word",
        "lemma": "ὁ",
        "strong": "G35880",
        "morph": "Gr,EA,,,,AFS,"
      },
      {
        "text": "μετοικεσίαν",
        "tag": "w",
        "type": "word",
        "lemma": "μετοικεσία",
        "strong": "G33500",
        "morph": "Gr,N,,,,,AFS,"
      },
      {
        "text": "Βαβυλῶνος",
        "tag": "w",
        "type": "word",
        "lemma": "Βαβυλών",
        "strong": "G08970",
        "morph": "Gr,N,,,,,GFS,",
        "tw": "rc://*/tw/dict/bible/names/babylon"
      },
      {
        "type": "text",
        "text": ","
      },
      {
        "text": "Ἰεχονίας",
        "tag": "w",
        "type": "word",
        "lemma": "Ἰεχονίας",
        "strong": "G24230",
        "morph": "Gr,N,,,,,NMS,"
      },
      {
        "text": "ἐγέννησεν",
        "tag": "w",
        "type": "word",
        "lemma": "γεννάω",
        "strong": "G10800",
        "morph": "Gr,V,IAA3,,S,",
        "tw": "rc://*/tw/dict/bible/other/father"
      },
      {
        "text": "τὸν",
        "tag": "w",
        "type": "word",
        "lemma": "ὁ",
        "strong": "G35880",
        "morph": "Gr,EA,,,,AMS,"
      },
      {
        "text": "Σαλαθιήλ",
        "tag": "w",
        "type": "word",
        "lemma": "Σαλαθιήλ",
        "strong": "G45280",
        "morph": "Gr,N,,,,,AMSI"
      },
      {
        "type": "text",
        "text": ","
      },
      {
        "text": "Σαλαθιὴλ",
        "tag": "w",
        "type": "word",
        "lemma": "Σαλαθιήλ",
        "strong": "G45280",
        "morph": "Gr,N,,,,,NMSI"
      },
      {
        "text": "δὲ",
        "tag": "w",
        "type": "word",
        "lemma": "δέ",
        "strong": "G11610",
        "morph": "Gr,CC,,,,,,,,"
      },
      {
        "text": "ἐγέννησεν",
        "tag": "w",
        "type": "word",
        "lemma": "γεννάω",
        "strong": "G10800",
        "morph": "Gr,V,IAA3,,S,",
        "tw": "rc://*/tw/dict/bible/other/father"
      },
      {
        "text": "τὸν",
        "tag": "w",
        "type": "word",
        "lemma": "ὁ",
        "strong": "G35880",
        "morph": "Gr,EA,,,,AMS,"
      },
      {
        "text": "Ζοροβαβέλ",
        "tag": "w",
        "type": "word",
        "lemma": "Ζοροβαβέλ",
        "strong": "G22160",
        "morph": "Gr,N,,,,,AMSI",
        "tw": "rc://*/tw/dict/bible/names/zerubbabel"
      },
      {
        "type": "text",
        "text": ",\n\n"
      }
    ]
  },
  "13": {
    "verseObjects": [
      {
        "text": "Ζοροβαβὲλ",
        "tag": "w",
        "type": "word",
        "lemma": "Ζοροβαβέλ",
        "strong": "G22160",
        "morph": "Gr,N,,,,,NMSI",
        "tw": "rc://*/tw/dict/bible/names/zerubbabel"
      },
      {
        "text": "δὲ",
        "tag": "w",
        "type": "word",
        "lemma": "δέ",
        "strong": "G11610",
        "morph": "Gr,CC,,,,,,,,"
      },
      {
        "text": "ἐγέννησεν",
        "tag": "w",
        "type": "word",
        "lemma": "γεννάω",
        "strong": "G10800",
        "morph": "Gr,V,IAA3,,S,",
        "tw": "rc://*/tw/dict/bible/other/father"
      },
      {
        "text": "τὸν",
        "tag": "w",
        "type": "word",
        "lemma": "ὁ",
        "strong": "G35880",
        "morph": "Gr,EA,,,,AMS,"
      },
      {
        "text": "Ἀβιούδ",
        "tag": "w",
        "type": "word",
        "lemma": "Ἀβιούδ",
        "strong": "G00100",
        "morph": "Gr,N,,,,,AMSI"
      },
      {
        "type": "text",
        "text": ","
      },
      {
        "text": "Ἀβιοὺδ",
        "tag": "w",
        "type": "word",
        "lemma": "Ἀβιούδ",
        "strong": "G00100",
        "morph": "Gr,N,,,,,NMSI"
      },
      {
        "text": "δὲ",
        "tag": "w",
        "type": "word",
        "lemma": "δέ",
        "strong": "G11610",
        "morph": "Gr,CC,,,,,,,,"
      },
      {
        "text": "ἐγέννησεν",
        "tag": "w",
        "type": "word",
        "lemma": "γεννάω",
        "strong": "G10800",
        "morph": "Gr,V,IAA3,,S,",
        "tw": "rc://*/tw/dict/bible/other/father"
      },
      {
        "text": "τὸν",
        "tag": "w",
        "type": "word",
        "lemma": "ὁ",
        "strong": "G35880",
        "morph": "Gr,EA,,,,AMS,"
      },
      {
        "text": "Ἐλιακείμ",
        "tag": "w",
        "type": "word",
        "lemma": "Ἐλιακείμ",
        "strong": "G16620",
        "morph": "Gr,N,,,,,AMSI",
        "tw": "rc://*/tw/dict/bible/names/eliakim"
      },
      {
        "type": "text",
        "text": ","
      },
      {
        "text": "Ἐλιακεὶμ",
        "tag": "w",
        "type": "word",
        "lemma": "Ἐλιακείμ",
        "strong": "G16620",
        "morph": "Gr,N,,,,,NMSI",
        "tw": "rc://*/tw/dict/bible/names/eliakim"
      },
      {
        "text": "δὲ",
        "tag": "w",
        "type": "word",
        "lemma": "δέ",
        "strong": "G11610",
        "morph": "Gr,CC,,,,,,,,"
      },
      {
        "text": "ἐγέννησεν",
        "tag": "w",
        "type": "word",
        "lemma": "γεννάω",
        "strong": "G10800",
        "morph": "Gr,V,IAA3,,S,",
        "tw": "rc://*/tw/dict/bible/other/father"
      },
      {
        "text": "τὸν",
        "tag": "w",
        "type": "word",
        "lemma": "ὁ",
        "strong": "G35880",
        "morph": "Gr,EA,,,,AMS,"
      },
      {
        "text": "Ἀζώρ",
        "tag": "w",
        "type": "word",
        "lemma": "Ἀζώρ",
        "strong": "G01070",
        "morph": "Gr,N,,,,,AMSI"
      },
      {
        "type": "text",
        "text": ",\n\n"
      }
    ]
  },
  "14": {
    "verseObjects": [
      {
        "text": "Ἀζὼρ",
        "tag": "w",
        "type": "word",
        "lemma": "Ἀζώρ",
        "strong": "G01070",
        "morph": "Gr,N,,,,,NMSI"
      },
      {
        "text": "δὲ",
        "tag": "w",
        "type": "word",
        "lemma": "δέ",
        "strong": "G11610",
        "morph": "Gr,CC,,,,,,,,"
      },
      {
        "text": "ἐγέννησεν",
        "tag": "w",
        "type": "word",
        "lemma": "γεννάω",
        "strong": "G10800",
        "morph": "Gr,V,IAA3,,S,",
        "tw": "rc://*/tw/dict/bible/other/father"
      },
      {
        "text": "τὸν",
        "tag": "w",
        "type": "word",
        "lemma": "ὁ",
        "strong": "G35880",
        "morph": "Gr,EA,,,,AMS,"
      },
      {
        "text": "Σαδώκ",
        "tag": "w",
        "type": "word",
        "lemma": "Σαδώκ",
        "strong": "G45240",
        "morph": "Gr,N,,,,,AMSI",
        "tw": "rc://*/tw/dict/bible/names/zadok"
      },
      {
        "type": "text",
        "text": ","
      },
      {
        "text": "Σαδὼκ",
        "tag": "w",
        "type": "word",
        "lemma": "Σαδώκ",
        "strong": "G45240",
        "morph": "Gr,N,,,,,NMSI",
        "tw": "rc://*/tw/dict/bible/names/zadok"
      },
      {
        "text": "δὲ",
        "tag": "w",
        "type": "word",
        "lemma": "δέ",
        "strong": "G11610",
        "morph": "Gr,CC,,,,,,,,"
      },
      {
        "text": "ἐγέννησεν",
        "tag": "w",
        "type": "word",
        "lemma": "γεννάω",
        "strong": "G10800",
        "morph": "Gr,V,IAA3,,S,",
        "tw": "rc://*/tw/dict/bible/other/father"
      },
      {
        "text": "τὸν",
        "tag": "w",
        "type": "word",
        "lemma": "ὁ",
        "strong": "G35880",
        "morph": "Gr,EA,,,,AMS,"
      },
      {
        "text": "Ἀχείμ",
        "tag": "w",
        "type": "word",
        "lemma": "Ἀχείμ",
        "strong": "G08850",
        "morph": "Gr,N,,,,,AMSI"
      },
      {
        "type": "text",
        "text": ","
      },
      {
        "text": "Ἀχεὶμ",
        "tag": "w",
        "type": "word",
        "lemma": "Ἀχείμ",
        "strong": "G08850",
        "morph": "Gr,N,,,,,NMSI"
      },
      {
        "text": "δὲ",
        "tag": "w",
        "type": "word",
        "lemma": "δέ",
        "strong": "G11610",
        "morph": "Gr,CC,,,,,,,,"
      },
      {
        "text": "ἐγέννησεν",
        "tag": "w",
        "type": "word",
        "lemma": "γεννάω",
        "strong": "G10800",
        "morph": "Gr,V,IAA3,,S,",
        "tw": "rc://*/tw/dict/bible/other/father"
      },
      {
        "text": "τὸν",
        "tag": "w",
        "type": "word",
        "lemma": "ὁ",
        "strong": "G35880",
        "morph": "Gr,EA,,,,AMS,"
      },
      {
        "text": "Ἐλιούδ",
        "tag": "w",
        "type": "word",
        "lemma": "Ἐλιούδ",
        "strong": "G16640",
        "morph": "Gr,N,,,,,AMSI"
      },
      {
        "type": "text",
        "text": ",\n\n"
      }
    ]
  },
  "15": {
    "verseObjects": [
      {
        "text": "Ἐλιοὺδ",
        "tag": "w",
        "type": "word",
        "lemma": "Ἐλιούδ",
        "strong": "G16640",
        "morph": "Gr,N,,,,,NMSI"
      },
      {
        "text": "δὲ",
        "tag": "w",
        "type": "word",
        "lemma": "δέ",
        "strong": "G11610",
        "morph": "Gr,CC,,,,,,,,"
      },
      {
        "text": "ἐγέννησεν",
        "tag": "w",
        "type": "word",
        "lemma": "γεννάω",
        "strong": "G10800",
        "morph": "Gr,V,IAA3,,S,",
        "tw": "rc://*/tw/dict/bible/other/father"
      },
      {
        "text": "τὸν",
        "tag": "w",
        "type": "word",
        "lemma": "ὁ",
        "strong": "G35880",
        "morph": "Gr,EA,,,,AMS,"
      },
      {
        "text": "Ἐλεάζαρ",
        "tag": "w",
        "type": "word",
        "lemma": "Ἐλεάζαρ",
        "strong": "G16480",
        "morph": "Gr,N,,,,,AMSI",
        "tw": "rc://*/tw/dict/bible/names/eleazar"
      },
      {
        "type": "text",
        "text": ","
      },
      {
        "text": "Ἐλεάζαρ",
        "tag": "w",
        "type": "word",
        "lemma": "Ἐλεάζαρ",
        "strong": "G16480",
        "morph": "Gr,N,,,,,NMSI",
        "tw": "rc://*/tw/dict/bible/names/eleazar"
      },
      {
        "text": "δὲ",
        "tag": "w",
        "type": "word",
        "lemma": "δέ",
        "strong": "G11610",
        "morph": "Gr,CC,,,,,,,,"
      },
      {
        "text": "ἐγέννησεν",
        "tag": "w",
        "type": "word",
        "lemma": "γεννάω",
        "strong": "G10800",
        "morph": "Gr,V,IAA3,,S,",
        "tw": "rc://*/tw/dict/bible/other/father"
      },
      {
        "text": "τὸν",
        "tag": "w",
        "type": "word",
        "lemma": "ὁ",
        "strong": "G35880",
        "morph": "Gr,EA,,,,AMS,"
      },
      {
        "text": "Μαθθάν",
        "tag": "w",
        "type": "word",
        "lemma": "Μαθθάν",
        "strong": "G31570",
        "morph": "Gr,N,,,,,AMSI"
      },
      {
        "type": "text",
        "text": ","
      },
      {
        "text": "Μαθθὰν",
        "tag": "w",
        "type": "word",
        "lemma": "Μαθθάν",
        "strong": "G31570",
        "morph": "Gr,N,,,,,NMSI"
      },
      {
        "text": "δὲ",
        "tag": "w",
        "type": "word",
        "lemma": "δέ",
        "strong": "G11610",
        "morph": "Gr,CC,,,,,,,,"
      },
      {
        "text": "ἐγέννησεν",
        "tag": "w",
        "type": "word",
        "lemma": "γεννάω",
        "strong": "G10800",
        "morph": "Gr,V,IAA3,,S,",
        "tw": "rc://*/tw/dict/bible/other/father"
      },
      {
        "text": "τὸν",
        "tag": "w",
        "type": "word",
        "lemma": "ὁ",
        "strong": "G35880",
        "morph": "Gr,EA,,,,AMS,"
      },
      {
        "text": "Ἰακώβ",
        "tag": "w",
        "type": "word",
        "lemma": "Ἰακώβ",
        "strong": "G23840",
        "morph": "Gr,N,,,,,AMSI",
        "tw": "rc://*/tw/dict/bible/names/jacob"
      },
      {
        "type": "text",
        "text": ",\n\n"
      }
    ]
  },
  "16": {
    "verseObjects": [
      {
        "text": "Ἰακὼβ",
        "tag": "w",
        "type": "word",
        "lemma": "Ἰακώβ",
        "strong": "G23840",
        "morph": "Gr,N,,,,,NMSI",
        "tw": "rc://*/tw/dict/bible/names/jacob"
      },
      {
        "text": "δὲ",
        "tag": "w",
        "type": "word",
        "lemma": "δέ",
        "strong": "G11610",
        "morph": "Gr,CC,,,,,,,,"
      },
      {
        "text": "ἐγέννησεν",
        "tag": "w",
        "type": "word",
        "lemma": "γεννάω",
        "strong": "G10800",
        "morph": "Gr,V,IAA3,,S,",
        "tw": "rc://*/tw/dict/bible/other/father"
      },
      {
        "text": "τὸν",
        "tag": "w",
        "type": "word",
        "lemma": "ὁ",
        "strong": "G35880",
        "morph": "Gr,EA,,,,AMS,"
      },
      {
        "text": "Ἰωσὴφ",
        "tag": "w",
        "type": "word",
        "lemma": "Ἰωσήφ",
        "strong": "G25010",
        "morph": "Gr,N,,,,,AMSI",
        "tw": "rc://*/tw/dict/bible/names/josephnt"
      },
      {
        "text": "τὸν",
        "tag": "w",
        "type": "word",
        "lemma": "ὁ",
        "strong": "G35880",
        "morph": "Gr,EA,,,,AMS,"
      },
      {
        "text": "ἄνδρα",
        "tag": "w",
        "type": "word",
        "lemma": "ἀνήρ",
        "strong": "G04350",
        "morph": "Gr,N,,,,,AMS,"
      },
      {
        "text": "Μαρίας",
        "tag": "w",
        "type": "word",
        "lemma": "Μαρία",
        "strong": "G31370",
        "morph": "Gr,N,,,,,GFS,",
        "tw": "rc://*/tw/dict/bible/names/mary"
      },
      {
        "type": "text",
        "text": ","
      },
      {
        "text": "ἐξ",
        "tag": "w",
        "type": "word",
        "lemma": "ἐκ",
        "strong": "G15370",
        "morph": "Gr,P,,,,,G,,,"
      },
      {
        "text": "ἧς",
        "tag": "w",
        "type": "word",
        "lemma": "ὅς",
        "strong": "G37390",
        "morph": "Gr,RR,,,,GFS,"
      },
      {
        "text": "ἐγεννήθη",
        "tag": "w",
        "type": "word",
        "lemma": "γεννάω",
        "strong": "G10800",
        "morph": "Gr,V,IAP3,,S,"
      },
      {
        "text": "Ἰησοῦς",
        "tag": "w",
        "type": "word",
        "lemma": "Ἰησοῦς",
        "strong": "G24240",
        "morph": "Gr,N,,,,,NMS,",
        "tw": "rc://*/tw/dict/bible/kt/jesus"
      },
      {
        "type": "text",
        "text": ","
      },
      {
        "text": "ὁ",
        "tag": "w",
        "type": "word",
        "lemma": "ὁ",
        "strong": "G35880",
        "morph": "Gr,RD,,,,NMS,"
      },
      {
        "text": "λεγόμενος",
        "tag": "w",
        "type": "word",
        "lemma": "λέγω",
        "strong": "G30040",
        "morph": "Gr,V,PPP,NMS,",
        "tw": "rc://*/tw/dict/bible/kt/call"
      },
      {
        "text": "Χριστός",
        "tag": "w",
        "type": "word",
        "lemma": "χριστός",
        "strong": "G55470",
        "morph": "Gr,N,,,,,NMS,",
        "tw": "rc://*/tw/dict/bible/kt/christ"
      },
      {
        "type": "text",
        "text": ".\n\n"
      }
    ]
  },
  "17": {
    "verseObjects": [
      {
        "type": "text",
        "text": "\n"
      },
      {
        "tag": "p",
        "type": "paragraph",
        "text": "\n"
      },
      {
        "text": "πᾶσαι",
        "tag": "w",
        "type": "word",
        "lemma": "πᾶς",
        "strong": "G39560",
        "morph": "Gr,EQ,,,,NFP,"
      },
      {
        "text": "οὖν",
        "tag": "w",
        "type": "word",
        "lemma": "οὖν",
        "strong": "G37670",
        "morph": "Gr,CC,,,,,,,,"
      },
      {
        "text": "αἱ",
        "tag": "w",
        "type": "word",
        "lemma": "ὁ",
        "strong": "G35880",
        "morph": "Gr,EA,,,,NFP,"
      },
      {
        "text": "γενεαὶ",
        "tag": "w",
        "type": "word",
        "lemma": "γενεά",
        "strong": "G10740",
        "morph": "Gr,N,,,,,NFP,",
        "tw": "rc://*/tw/dict/bible/other/generation"
      },
      {
        "text": "ἀπὸ",
        "tag": "w",
        "type": "word",
        "lemma": "ἀπό",
        "strong": "G05750",
        "morph": "Gr,P,,,,,G,,,"
      },
      {
        "text": "Ἀβραὰμ",
        "tag": "w",
        "type": "word",
        "lemma": "Ἀβραάμ",
        "strong": "G00110",
        "morph": "Gr,N,,,,,GMSI",
        "tw": "rc://*/tw/dict/bible/names/abraham"
      },
      {
        "text": "ἕως",
        "tag": "w",
        "type": "word",
        "lemma": "ἕως",
        "strong": "G21930",
        "morph": "Gr,PI,,,,G,,,"
      },
      {
        "text": "Δαυεὶδ",
        "tag": "w",
        "type": "word",
        "lemma": "Δαυείδ",
        "strong": "G11380",
        "morph": "Gr,N,,,,,GMSI",
        "tw": "rc://*/tw/dict/bible/names/david"
      },
      {
        "text": "γενεαὶ",
        "tag": "w",
        "type": "word",
        "lemma": "γενεά",
        "strong": "G10740",
        "morph": "Gr,N,,,,,NFP,",
        "tw": "rc://*/tw/dict/bible/other/generation"
      },
      {
        "text": "δεκατέσσαρες",
        "tag": "w",
        "type": "word",
        "lemma": "δεκατέσσαρες",
        "strong": "G11800",
        "morph": "Gr,EN,,,,NFP,"
      },
      {
        "type": "text",
        "text": ","
      },
      {
        "text": "καὶ",
        "tag": "w",
        "type": "word",
        "lemma": "καί",
        "strong": "G25320",
        "morph": "Gr,CC,,,,,,,,"
      },
      {
        "text": "ἀπὸ",
        "tag": "w",
        "type": "word",
        "lemma": "ἀπό",
        "strong": "G05750",
        "morph": "Gr,P,,,,,G,,,"
      },
      {
        "text": "Δαυεὶδ",
        "tag": "w",
        "type": "word",
        "lemma": "Δαυείδ",
        "strong": "G11380",
        "morph": "Gr,N,,,,,GMSI",
        "tw": "rc://*/tw/dict/bible/names/david"
      },
      {
        "text": "ἕως",
        "tag": "w",
        "type": "word",
        "lemma": "ἕως",
        "strong": "G21930",
        "morph": "Gr,PI,,,,G,,,"
      },
      {
        "text": "τῆς",
        "tag": "w",
        "type": "word",
        "lemma": "ὁ",
        "strong": "G35880",
        "morph": "Gr,EA,,,,GFS,"
      },
      {
        "text": "μετοικεσίας",
        "tag": "w",
        "type": "word",
        "lemma": "μετοικεσία",
        "strong": "G33500",
        "morph": "Gr,N,,,,,GFS,"
      },
      {
        "text": "Βαβυλῶνος",
        "tag": "w",
        "type": "word",
        "lemma": "Βαβυλών",
        "strong": "G08970",
        "morph": "Gr,N,,,,,GFS,",
        "tw": "rc://*/tw/dict/bible/names/babylon"
      },
      {
        "text": "γενεαὶ",
        "tag": "w",
        "type": "word",
        "lemma": "γενεά",
        "strong": "G10740",
        "morph": "Gr,N,,,,,NFP,",
        "tw": "rc://*/tw/dict/bible/other/generation"
      },
      {
        "text": "δεκατέσσαρες",
        "tag": "w",
        "type": "word",
        "lemma": "δεκατέσσαρες",
        "strong": "G11800",
        "morph": "Gr,EN,,,,NFP,"
      },
      {
        "type": "text",
        "text": ","
      },
      {
        "text": "καὶ",
        "tag": "w",
        "type": "word",
        "lemma": "καί",
        "strong": "G25320",
        "morph": "Gr,CC,,,,,,,,"
      },
      {
        "text": "ἀπὸ",
        "tag": "w",
        "type": "word",
        "lemma": "ἀπό",
        "strong": "G05750",
        "morph": "Gr,P,,,,,G,,,"
      },
      {
        "text": "τῆς",
        "tag": "w",
        "type": "word",
        "lemma": "ὁ",
        "strong": "G35880",
        "morph": "Gr,EA,,,,GFS,"
      },
      {
        "text": "μετοικεσίας",
        "tag": "w",
        "type": "word",
        "lemma": "μετοικεσία",
        "strong": "G33500",
        "morph": "Gr,N,,,,,GFS,"
      },
      {
        "text": "Βαβυλῶνος",
        "tag": "w",
        "type": "word",
        "lemma": "Βαβυλών",
        "strong": "G08970",
        "morph": "Gr,N,,,,,GFS,",
        "tw": "rc://*/tw/dict/bible/names/babylon"
      },
      {
        "text": "ἕως",
        "tag": "w",
        "type": "word",
        "lemma": "ἕως",
        "strong": "G21930",
        "morph": "Gr,PI,,,,G,,,"
      },
      {
        "text": "τοῦ",
        "tag": "w",
        "type": "word",
        "lemma": "ὁ",
        "strong": "G35880",
        "morph": "Gr,EA,,,,GMS,"
      },
      {
        "text": "Χριστοῦ",
        "tag": "w",
        "type": "word",
        "lemma": "χριστός",
        "strong": "G55470",
        "morph": "Gr,N,,,,,GMS,",
        "tw": "rc://*/tw/dict/bible/kt/christ"
      },
      {
        "text": "γενεαὶ",
        "tag": "w",
        "type": "word",
        "lemma": "γενεά",
        "strong": "G10740",
        "morph": "Gr,N,,,,,NFP,",
        "tw": "rc://*/tw/dict/bible/other/generation"
      },
      {
        "text": "δεκατέσσαρες",
        "tag": "w",
        "type": "word",
        "lemma": "δεκατέσσαρες",
        "strong": "G11800",
        "morph": "Gr,EN,,,,NFP,"
      },
      {
        "type": "text",
        "text": ".\n\n"
      }
    ]
  },
  "18": {
    "verseObjects": [
      {
        "type": "text",
        "text": "\n"
      },
      {
        "tag": "p",
        "type": "paragraph",
        "text": "\n"
      },
      {
        "text": "τοῦ",
        "tag": "w",
        "type": "word",
        "lemma": "ὁ",
        "strong": "G35880",
        "morph": "Gr,EA,,,,GMS,"
      },
      {
        "text": "δὲ",
        "tag": "w",
        "type": "word",
        "lemma": "δέ",
        "strong": "G11610",
        "morph": "Gr,CC,,,,,,,,"
      },
      {
        "tag": "k",
        "type": "milestone",
        "tw": "rc://*/tw/dict/bible/kt/jesus",
        "children": [
          {
            "text": "Ἰησοῦ",
            "tag": "w",
            "type": "word",
            "lemma": "Ἰησοῦς",
            "strong": "G24240",
            "morph": "Gr,N,,,,,GMS,"
          },
          {
            "text": "Χριστοῦ",
            "tag": "w",
            "type": "word",
            "lemma": "χριστός",
            "strong": "G55470",
            "morph": "Gr,N,,,,,GMS,",
            "tw": "rc://*/tw/dict/bible/kt/christ"
          }
        ]
      },
      {
        "text": "ἡ",
        "tag": "w",
        "type": "word",
        "lemma": "ὁ",
        "strong": "G35880",
        "morph": "Gr,EA,,,,NFS,"
      },
      {
        "text": "γένεσις",
        "tag": "w",
        "type": "word",
        "lemma": "γένεσις",
        "strong": "G10780",
        "morph": "Gr,N,,,,,NFS,"
      },
      {
        "text": "οὕτως",
        "tag": "w",
        "type": "word",
        "lemma": "οὕτως",
        "strong": "G37790",
        "morph": "Gr,D,,,,,,,,,"
      },
      {
        "text": "ἦν",
        "tag": "w",
        "type": "word",
        "lemma": "εἰμί",
        "strong": "G15100",
        "morph": "Gr,V,IIA3,,S,"
      },
      {
        "type": "text",
        "text": ":"
      },
      {
        "text": "μνηστευθείσης",
        "tag": "w",
        "type": "word",
        "lemma": "μνηστεύω",
        "strong": "G34230",
        "morph": "Gr,V,PAP,GFS,"
      },
      {
        "text": "τῆς",
        "tag": "w",
        "type": "word",
        "lemma": "ὁ",
        "strong": "G35880",
        "morph": "Gr,EA,,,,GFS,"
      },
      {
        "text": "μητρὸς",
        "tag": "w",
        "type": "word",
        "lemma": "μήτηρ",
        "strong": "G33840",
        "morph": "Gr,N,,,,,GFS,"
      },
      {
        "text": "αὐτοῦ",
        "tag": "w",
        "type": "word",
        "lemma": "αὐτός",
        "strong": "G08460",
        "morph": "Gr,RP,,,3GMS,"
      },
      {
        "text": "Μαρίας",
        "tag": "w",
        "type": "word",
        "lemma": "Μαρία",
        "strong": "G31370",
        "morph": "Gr,N,,,,,GFS,",
        "tw": "rc://*/tw/dict/bible/names/mary"
      },
      {
        "text": "τῷ",
        "tag": "w",
        "type": "word",
        "lemma": "ὁ",
        "strong": "G35880",
        "morph": "Gr,EA,,,,DMS,"
      },
      {
        "text": "Ἰωσήφ",
        "tag": "w",
        "type": "word",
        "lemma": "Ἰωσήφ",
        "strong": "G25010",
        "morph": "Gr,N,,,,,DMSI",
        "tw": "rc://*/tw/dict/bible/names/josephnt"
      },
      {
        "type": "text",
        "text": ","
      },
      {
        "text": "πρὶν",
        "tag": "w",
        "type": "word",
        "lemma": "πρίν",
        "strong": "G42500",
        "morph": "Gr,D,,,,,,,,,"
      },
      {
        "text": "ἢ",
        "tag": "w",
        "type": "word",
        "lemma": "ἤ",
        "strong": "G22280",
        "morph": "Gr,CC,,,,,,,,"
      },
      {
        "text": "συνελθεῖν",
        "tag": "w",
        "type": "word",
        "lemma": "συνέρχομαι",
        "strong": "G49050",
        "morph": "Gr,V,NAA,,,,,"
      },
      {
        "text": "αὐτοὺς",
        "tag": "w",
        "type": "word",
        "lemma": "αὐτός",
        "strong": "G08460",
        "morph": "Gr,RP,,,3AMP,"
      },
      {
        "type": "text",
        "text": ","
      },
      {
        "text": "εὑρέθη",
        "tag": "w",
        "type": "word",
        "lemma": "εὑρίσκω",
        "strong": "G21470",
        "morph": "Gr,V,IAP3,,S,"
      },
      {
        "text": "ἐν",
        "tag": "w",
        "type": "word",
        "lemma": "ἐν",
        "strong": "G17220",
        "morph": "Gr,P,,,,,D,,,"
      },
      {
        "text": "γαστρὶ",
        "tag": "w",
        "type": "word",
        "lemma": "γαστήρ",
        "strong": "G10640",
        "morph": "Gr,N,,,,,DFS,",
        "tw": "rc://*/tw/dict/bible/other/womb"
      },
      {
        "text": "ἔχουσα",
        "tag": "w",
        "type": "word",
        "lemma": "ἔχω",
        "strong": "G21920",
        "morph": "Gr,V,PPA,NFS,",
        "tw": "rc://*/tw/dict/bible/other/conceive"
      },
      {
        "text": "ἐκ",
        "tag": "w",
        "type": "word",
        "lemma": "ἐκ",
        "strong": "G15370",
        "morph": "Gr,P,,,,,G,,,"
      },
      {
        "tag": "k",
        "type": "milestone",
        "tw": "rc://*/tw/dict/bible/kt/holyspirit",
        "children": [
          {
            "text": "Πνεύματος",
            "tag": "w",
            "type": "word",
            "lemma": "πνεῦμα",
            "strong": "G41510",
            "morph": "Gr,N,,,,,GNS,"
          },
          {
            "text": "Ἁγίου",
            "tag": "w",
            "type": "word",
            "lemma": "ἅγιος",
            "strong": "G00400",
            "morph": "Gr,AA,,,,GNS,",
            "tw": "rc://*/tw/dict/bible/kt/holy"
          }
        ]
      },
      {
        "type": "text",
        "text": ".\n\n"
      }
    ]
  },
  "19": {
    "verseObjects": [
      {
        "text": "Ἰωσὴφ",
        "tag": "w",
        "type": "word",
        "lemma": "Ἰωσήφ",
        "strong": "G25010",
        "morph": "Gr,N,,,,,NMSI",
        "tw": "rc://*/tw/dict/bible/names/josephnt"
      },
      {
        "text": "δὲ",
        "tag": "w",
        "type": "word",
        "lemma": "δέ",
        "strong": "G11610",
        "morph": "Gr,CC,,,,,,,,"
      },
      {
        "text": "ὁ",
        "tag": "w",
        "type": "word",
        "lemma": "ὁ",
        "strong": "G35880",
        "morph": "Gr,EA,,,,NMS,"
      },
      {
        "text": "ἀνὴρ",
        "tag": "w",
        "type": "word",
        "lemma": "ἀνήρ",
        "strong": "G04350",
        "morph": "Gr,N,,,,,NMS,"
      },
      {
        "text": "αὐτῆς",
        "tag": "w",
        "type": "word",
        "lemma": "αὐτός",
        "strong": "G08460",
        "morph": "Gr,RP,,,3GFS,"
      },
      {
        "type": "text",
        "text": ","
      },
      {
        "text": "δίκαιος",
        "tag": "w",
        "type": "word",
        "lemma": "δίκαιος",
        "strong": "G13420",
        "morph": "Gr,NP,,,,NMS,",
        "tw": "rc://*/tw/dict/bible/kt/righteous"
      },
      {
        "text": "ὢν",
        "tag": "w",
        "type": "word",
        "lemma": "εἰμί",
        "strong": "G15100",
        "morph": "Gr,V,PPA,NMS,"
      },
      {
        "text": "καὶ",
        "tag": "w",
        "type": "word",
        "lemma": "καί",
        "strong": "G25320",
        "morph": "Gr,CC,,,,,,,,"
      },
      {
        "text": "μὴ",
        "tag": "w",
        "type": "word",
        "lemma": "μή",
        "strong": "G33610",
        "morph": "Gr,D,,,,,,,,,"
      },
      {
        "text": "θέλων",
        "tag": "w",
        "type": "word",
        "lemma": "θέλω",
        "strong": "G23090",
        "morph": "Gr,V,PPA,NMS,"
      },
      {
        "text": "αὐτὴν",
        "tag": "w",
        "type": "word",
        "lemma": "αὐτός",
        "strong": "G08460",
        "morph": "Gr,RP,,,3AFS,"
      },
      {
        "text": "δειγματίσαι",
        "tag": "w",
        "type": "word",
        "lemma": "δειγματίζω",
        "strong": "G11650",
        "morph": "Gr,V,NAA,,,,,"
      },
      {
        "type": "text",
        "text": ","
      },
      {
        "text": "ἐβουλήθη",
        "tag": "w",
        "type": "word",
        "lemma": "βούλομαι",
        "strong": "G10140",
        "morph": "Gr,V,IAP3,,S,"
      },
      {
        "text": "λάθρᾳ",
        "tag": "w",
        "type": "word",
        "lemma": "λάθρᾳ",
        "strong": "G29770",
        "morph": "Gr,D,,,,,,,,,"
      },
      {
        "text": "ἀπολῦσαι",
        "tag": "w",
        "type": "word",
        "lemma": "ἀπολύω",
        "strong": "G06300",
        "morph": "Gr,V,NAA,,,,,",
        "tw": "rc://*/tw/dict/bible/other/divorce"
      },
      {
        "text": "αὐτήν",
        "tag": "w",
        "type": "word",
        "lemma": "αὐτός",
        "strong": "G08460",
        "morph": "Gr,RP,,,3AFS,"
      },
      {
        "type": "text",
        "text": ".\n\n"
      }
    ]
  },
  "20": {
    "verseObjects": [
      {
        "text": "ταῦτα",
        "tag": "w",
        "type": "word",
        "lemma": "οὗτος",
        "strong": "G37780",
        "morph": "Gr,RD,,,,ANP,"
      },
      {
        "text": "δὲ",
        "tag": "w",
        "type": "word",
        "lemma": "δέ",
        "strong": "G11610",
        "morph": "Gr,CC,,,,,,,,"
      },
      {
        "text": "αὐτοῦ",
        "tag": "w",
        "type": "word",
        "lemma": "αὐτός",
        "strong": "G08460",
        "morph": "Gr,RP,,,3GMS,"
      },
      {
        "text": "ἐνθυμηθέντος",
        "tag": "w",
        "type": "word",
        "lemma": "ἐνθυμέομαι",
        "strong": "G17600",
        "morph": "Gr,V,PAP,GMS,"
      },
      {
        "type": "text",
        "text": ","
      },
      {
        "text": "ἰδοὺ",
        "tag": "w",
        "type": "word",
        "lemma": "ὁράω",
        "strong": "G37080",
        "morph": "Gr,IDMAA2,,S,"
      },
      {
        "type": "text",
        "text": ","
      },
      {
        "text": "ἄγγελος",
        "tag": "w",
        "type": "word",
        "lemma": "ἄγγελος",
        "strong": "G00320",
        "morph": "Gr,N,,,,,NMS,",
        "tw": "rc://*/tw/dict/bible/kt/angel"
      },
      {
        "text": "Κυρίου",
        "tag": "w",
        "type": "word",
        "lemma": "κύριος",
        "strong": "G29620",
        "morph": "Gr,N,,,,,GMS,",
        "tw": "rc://*/tw/dict/bible/kt/lord"
      },
      {
        "text": "κατ’",
        "tag": "w",
        "type": "word",
        "lemma": "κατά",
        "strong": "G25960",
        "morph": "Gr,P,,,,,A,,,"
      },
      {
        "text": "ὄναρ",
        "tag": "w",
        "type": "word",
        "lemma": "ὄναρ",
        "strong": "G36770",
        "morph": "Gr,N,,,,,ANSI",
        "tw": "rc://*/tw/dict/bible/other/dream"
      },
      {
        "text": "ἐφάνη",
        "tag": "w",
        "type": "word",
        "lemma": "φαίνω",
        "strong": "G53160",
        "morph": "Gr,V,IAP3,,S,"
      },
      {
        "text": "αὐτῷ",
        "tag": "w",
        "type": "word",
        "lemma": "αὐτός",
        "strong": "G08460",
        "morph": "Gr,RP,,,3DMS,"
      },
      {
        "text": "λέγων",
        "tag": "w",
        "type": "word",
        "lemma": "λέγω",
        "strong": "G30040",
        "morph": "Gr,V,PPA,NMS,"
      },
      {
        "type": "text",
        "text": ","
      },
      {
        "text": "Ἰωσὴφ",
        "tag": "w",
        "type": "word",
        "lemma": "Ἰωσήφ",
        "strong": "G25010",
        "morph": "Gr,N,,,,,VMSI",
        "tw": "rc://*/tw/dict/bible/names/josephnt"
      },
      {
        "type": "text",
        "text": ","
      },
      {
        "text": "υἱὸς",
        "tag": "w",
        "type": "word",
        "lemma": "υἱός",
        "strong": "G52070",
        "morph": "Gr,N,,,,,NMS,",
        "tw": "rc://*/tw/dict/bible/kt/son"
      },
      {
        "text": "Δαυείδ",
        "tag": "w",
        "type": "word",
        "lemma": "Δαυείδ",
        "strong": "G11380",
        "morph": "Gr,N,,,,,GMSI",
        "tw": "rc://*/tw/dict/bible/names/david"
      },
      {
        "type": "text",
        "text": ","
      },
      {
        "text": "μὴ",
        "tag": "w",
        "type": "word",
        "lemma": "μή",
        "strong": "G33610",
        "morph": "Gr,D,,,,,,,,,"
      },
      {
        "text": "φοβηθῇς",
        "tag": "w",
        "type": "word",
        "lemma": "φοβέω",
        "strong": "G53990",
        "morph": "Gr,V,SAP2,,S,",
        "tw": "rc://*/tw/dict/bible/kt/fear"
      },
      {
        "text": "παραλαβεῖν",
        "tag": "w",
        "type": "word",
        "lemma": "παραλαμβάνω",
        "strong": "G38800",
        "morph": "Gr,V,NAA,,,,,"
      },
      {
        "text": "Μαρίαν",
        "tag": "w",
        "type": "word",
        "lemma": "Μαρία",
        "strong": "G31370",
        "morph": "Gr,N,,,,,AFS,",
        "tw": "rc://*/tw/dict/bible/names/mary"
      },
      {
        "text": "τὴν",
        "tag": "w",
        "type": "word",
        "lemma": "ὁ",
        "strong": "G35880",
        "morph": "Gr,EA,,,,AFS,"
      },
      {
        "text": "γυναῖκά",
        "tag": "w",
        "type": "word",
        "lemma": "γυνή",
        "strong": "G11350",
        "morph": "Gr,N,,,,,AFS,"
      },
      {
        "text": "σου",
        "tag": "w",
        "type": "word",
        "lemma": "σύ",
        "strong": "G47710",
        "morph": "Gr,RP,,,2G,S,"
      },
      {
        "type": "text",
        "text": ";"
      },
      {
        "text": "τὸ",
        "tag": "w",
        "type": "word",
        "lemma": "ὁ",
        "strong": "G35880",
        "morph": "Gr,RD,,,,NNS,"
      },
      {
        "text": "γὰρ",
        "tag": "w",
        "type": "word",
        "lemma": "γάρ",
        "strong": "G10630",
        "morph": "Gr,CC,,,,,,,,"
      },
      {
        "text": "ἐν",
        "tag": "w",
        "type": "word",
        "lemma": "ἐν",
        "strong": "G17220",
        "morph": "Gr,P,,,,,D,,,"
      },
      {
        "text": "αὐτῇ",
        "tag": "w",
        "type": "word",
        "lemma": "αὐτός",
        "strong": "G08460",
        "morph": "Gr,RP,,,3DFS,"
      },
      {
        "text": "γεννηθὲν",
        "tag": "w",
        "type": "word",
        "lemma": "γεννάω",
        "strong": "G10800",
        "morph": "Gr,V,PAP,NNS,",
        "tw": "rc://*/tw/dict/bible/other/conceive"
      },
      {
        "text": "ἐκ",
        "tag": "w",
        "type": "word",
        "lemma": "ἐκ",
        "strong": "G15370",
        "morph": "Gr,P,,,,,G,,,"
      },
      {
        "text": "Πνεύματός",
        "tag": "w",
        "type": "word",
        "lemma": "πνεῦμα",
        "strong": "G41510",
        "morph": "Gr,N,,,,,GNS,",
        "tw": "rc://*/tw/dict/bible/kt/holyspirit"
      },
      {
        "text": "ἐστιν",
        "tag": "w",
        "type": "word",
        "lemma": "εἰμί",
        "strong": "G15100",
        "morph": "Gr,V,IPA3,,S,"
      },
      {
        "text": "Ἁγίου",
        "tag": "w",
        "type": "word",
        "lemma": "ἅγιος",
        "strong": "G00400",
        "morph": "Gr,AA,,,,GNS,",
        "tw": "rc://*/tw/dict/bible/kt/holy"
      },
      {
        "type": "text",
        "text": ".\n\n"
      }
    ]
  },
  "21": {
    "verseObjects": [
      {
        "text": "τέξεται",
        "tag": "w",
        "type": "word",
        "lemma": "τίκτω",
        "strong": "G50880",
        "morph": "Gr,V,IFM3,,S,",
        "tw": "rc://*/tw/dict/bible/other/bear"
      },
      {
        "text": "δὲ",
        "tag": "w",
        "type": "word",
        "lemma": "δέ",
        "strong": "G11610",
        "morph": "Gr,CC,,,,,,,,"
      },
      {
        "text": "υἱὸν",
        "tag": "w",
        "type": "word",
        "lemma": "υἱός",
        "strong": "G52070",
        "morph": "Gr,N,,,,,AMS,",
        "tw": "rc://*/tw/dict/bible/kt/son"
      },
      {
        "type": "text",
        "text": ","
      },
      {
        "text": "καὶ",
        "tag": "w",
        "type": "word",
        "lemma": "καί",
        "strong": "G25320",
        "morph": "Gr,CC,,,,,,,,"
      },
      {
        "text": "καλέσεις",
        "tag": "w",
        "type": "word",
        "lemma": "καλέω",
        "strong": "G25640",
        "morph": "Gr,V,IFA2,,S,",
        "tw": "rc://*/tw/dict/bible/kt/call"
      },
      {
        "text": "τὸ",
        "tag": "w",
        "type": "word",
        "lemma": "ὁ",
        "strong": "G35880",
        "morph": "Gr,EA,,,,ANS,"
      },
      {
        "text": "ὄνομα",
        "tag": "w",
        "type": "word",
        "lemma": "ὄνομα",
        "strong": "G36860",
        "morph": "Gr,N,,,,,ANS,",
        "tw": "rc://*/tw/dict/bible/kt/name"
      },
      {
        "text": "αὐτοῦ",
        "tag": "w",
        "type": "word",
        "lemma": "αὐτός",
        "strong": "G08460",
        "morph": "Gr,RP,,,3GMS,"
      },
      {
        "text": "Ἰησοῦν",
        "tag": "w",
        "type": "word",
        "lemma": "Ἰησοῦς",
        "strong": "G24240",
        "morph": "Gr,N,,,,,AMS,",
        "tw": "rc://*/tw/dict/bible/kt/jesus"
      },
      {
        "type": "text",
        "text": ";"
      },
      {
        "text": "αὐτὸς",
        "tag": "w",
        "type": "word",
        "lemma": "αὐτός",
        "strong": "G08460",
        "morph": "Gr,RP,,,3NMS,"
      },
      {
        "text": "γὰρ",
        "tag": "w",
        "type": "word",
        "lemma": "γάρ",
        "strong": "G10630",
        "morph": "Gr,CC,,,,,,,,"
      },
      {
        "text": "σώσει",
        "tag": "w",
        "type": "word",
        "lemma": "σῴζω",
        "strong": "G49820",
        "morph": "Gr,V,IFA3,,S,",
        "tw": "rc://*/tw/dict/bible/kt/save"
      },
      {
        "text": "τὸν",
        "tag": "w",
        "type": "word",
        "lemma": "ὁ",
        "strong": "G35880",
        "morph": "Gr,EA,,,,AMS,"
      },
      {
        "tag": "k",
        "type": "milestone",
        "tw": "rc://*/tw/dict/bible/kt/peopleofgod",
        "children": [
          {
            "text": "λαὸν",
            "tag": "w",
            "type": "word",
            "lemma": "λαός",
            "strong": "G29920",
            "morph": "Gr,N,,,,,AMS,",
            "tw": "rc://*/tw/dict/bible/other/peoplegroup"
          },
          {
            "text": "αὐτοῦ",
            "tag": "w",
            "type": "word",
            "lemma": "αὐτός",
            "strong": "G08460",
            "morph": "Gr,RP,,,3GMS,"
          }
        ]
      },
      {
        "text": "ἀπὸ",
        "tag": "w",
        "type": "word",
        "lemma": "ἀπό",
        "strong": "G05750",
        "morph": "Gr,P,,,,,G,,,"
      },
      {
        "text": "τῶν",
        "tag": "w",
        "type": "word",
        "lemma": "ὁ",
        "strong": "G35880",
        "morph": "Gr,EA,,,,GFP,"
      },
      {
        "text": "ἁμαρτιῶν",
        "tag": "w",
        "type": "word",
        "lemma": "ἁμαρτία",
        "strong": "G02660",
        "morph": "Gr,N,,,,,GFP,",
        "tw": "rc://*/tw/dict/bible/kt/sin"
      },
      {
        "text": "αὐτῶν",
        "tag": "w",
        "type": "word",
        "lemma": "αὐτός",
        "strong": "G08460",
        "morph": "Gr,RP,,,3GMP,"
      },
      {
        "type": "text",
        "text": ".\n\n"
      }
    ]
  },
  "22": {
    "verseObjects": [
      {
        "text": "τοῦτο",
        "tag": "w",
        "type": "word",
        "lemma": "οὗτος",
        "strong": "G37780",
        "morph": "Gr,RD,,,,NNS,"
      },
      {
        "text": "δὲ",
        "tag": "w",
        "type": "word",
        "lemma": "δέ",
        "strong": "G11610",
        "morph": "Gr,CC,,,,,,,,"
      },
      {
        "text": "ὅλον",
        "tag": "w",
        "type": "word",
        "lemma": "ὅλος",
        "strong": "G36500",
        "morph": "Gr,EQ,,,,NNS,"
      },
      {
        "text": "γέγονεν",
        "tag": "w",
        "type": "word",
        "lemma": "γίνομαι",
        "strong": "G10960",
        "morph": "Gr,V,IEA3,,S,"
      },
      {
        "text": "ἵνα",
        "tag": "w",
        "type": "word",
        "lemma": "ἵνα",
        "strong": "G24430",
        "morph": "Gr,CS,,,,,,,,"
      },
      {
        "text": "πληρωθῇ",
        "tag": "w",
        "type": "word",
        "lemma": "πληρόω",
        "strong": "G41370",
        "morph": "Gr,V,SAP3,,S,",
        "tw": "rc://*/tw/dict/bible/kt/fulfill"
      },
      {
        "text": "τὸ",
        "tag": "w",
        "type": "word",
        "lemma": "ὁ",
        "strong": "G35880",
        "morph": "Gr,RD,,,,NNS,"
      },
      {
        "text": "ῥηθὲν",
        "tag": "w",
        "type": "word",
        "lemma": "λέγω",
        "strong": "G30040",
        "morph": "Gr,V,PAP,NNS,"
      },
      {
        "text": "ὑπὸ",
        "tag": "w",
        "type": "word",
        "lemma": "ὑπό",
        "strong": "G52590",
        "morph": "Gr,P,,,,,G,,,"
      },
      {
        "text": "Κυρίου",
        "tag": "w",
        "type": "word",
        "lemma": "κύριος",
        "strong": "G29620",
        "morph": "Gr,N,,,,,GMS,",
        "tw": "rc://*/tw/dict/bible/kt/lord"
      },
      {
        "text": "διὰ",
        "tag": "w",
        "type": "word",
        "lemma": "διά",
        "strong": "G12230",
        "morph": "Gr,P,,,,,G,,,"
      },
      {
        "text": "τοῦ",
        "tag": "w",
        "type": "word",
        "lemma": "ὁ",
        "strong": "G35880",
        "morph": "Gr,EA,,,,GMS,"
      },
      {
        "text": "προφήτου",
        "tag": "w",
        "type": "word",
        "lemma": "προφήτης",
        "strong": "G43960",
        "morph": "Gr,N,,,,,GMS,",
        "tw": "rc://*/tw/dict/bible/kt/prophet"
      },
      {
        "text": "λέγοντος",
        "tag": "w",
        "type": "word",
        "lemma": "λέγω",
        "strong": "G30040",
        "morph": "Gr,V,PPA,GMS,"
      },
      {
        "type": "text",
        "text": ",\n\n"
      }
    ]
  },
  "23": {
    "verseObjects": [
      {
        "type": "text",
        "text": "\n“"
      },
      {
        "text": "ἰδοὺ",
        "tag": "w",
        "type": "word",
        "lemma": "ὁράω",
        "strong": "G37080",
        "morph": "Gr,IDMAA2,,S,"
      },
      {
        "type": "text",
        "text": ","
      },
      {
        "text": "ἡ",
        "tag": "w",
        "type": "word",
        "lemma": "ὁ",
        "strong": "G35880",
        "morph": "Gr,EA,,,,NFS,"
      },
      {
        "text": "παρθένος",
        "tag": "w",
        "type": "word",
        "lemma": "παρθένος",
        "strong": "G39330",
        "morph": "Gr,N,,,,,NFS,",
        "tw": "rc://*/tw/dict/bible/other/virgin"
      },
      {
        "text": "ἐν",
        "tag": "w",
        "type": "word",
        "lemma": "ἐν",
        "strong": "G17220",
        "morph": "Gr,P,,,,,D,,,"
      },
      {
        "text": "γαστρὶ",
        "tag": "w",
        "type": "word",
        "lemma": "γαστήρ",
        "strong": "G10640",
        "morph": "Gr,N,,,,,DFS,",
        "tw": "rc://*/tw/dict/bible/other/womb"
      },
      {
        "text": "ἕξει",
        "tag": "w",
        "type": "word",
        "lemma": "ἔχω",
        "strong": "G21920",
        "morph": "Gr,V,IFA3,,S,",
        "tw": "rc://*/tw/dict/bible/other/conceive"
      },
      {
        "text": "καὶ",
        "tag": "w",
        "type": "word",
        "lemma": "καί",
        "strong": "G25320",
        "morph": "Gr,CC,,,,,,,,"
      },
      {
        "text": "τέξεται",
        "tag": "w",
        "type": "word",
        "lemma": "τίκτω",
        "strong": "G50880",
        "morph": "Gr,V,IFM3,,S,",
        "tw": "rc://*/tw/dict/bible/other/bear"
      },
      {
        "text": "υἱόν",
        "tag": "w",
        "type": "word",
        "lemma": "υἱός",
        "strong": "G52070",
        "morph": "Gr,N,,,,,AMS,",
        "tw": "rc://*/tw/dict/bible/kt/son"
      },
      {
        "type": "text",
        "text": ","
      },
      {
        "text": "καὶ",
        "tag": "w",
        "type": "word",
        "lemma": "καί",
        "strong": "G25320",
        "morph": "Gr,CC,,,,,,,,"
      },
      {
        "text": "καλέσουσιν",
        "tag": "w",
        "type": "word",
        "lemma": "καλέω",
        "strong": "G25640",
        "morph": "Gr,V,IFA3,,P,",
        "tw": "rc://*/tw/dict/bible/kt/call"
      },
      {
        "text": "τὸ",
        "tag": "w",
        "type": "word",
        "lemma": "ὁ",
        "strong": "G35880",
        "morph": "Gr,EA,,,,ANS,"
      },
      {
        "text": "ὄνομα",
        "tag": "w",
        "type": "word",
        "lemma": "ὄνομα",
        "strong": "G36860",
        "morph": "Gr,N,,,,,ANS,",
        "tw": "rc://*/tw/dict/bible/kt/name"
      },
      {
        "text": "αὐτοῦ",
        "tag": "w",
        "type": "word",
        "lemma": "αὐτός",
        "strong": "G08460",
        "morph": "Gr,RP,,,3GMS,"
      },
      {
        "text": "Ἐμμανουήλ",
        "tag": "w",
        "type": "word",
        "lemma": "Ἐμμανουήλ",
        "strong": "G16940",
        "morph": "Gr,N,,,,,AMSI"
      },
      {
        "type": "text",
        "text": "”,"
      },
      {
        "text": "ὅ",
        "tag": "w",
        "type": "word",
        "lemma": "ὅς",
        "strong": "G37390",
        "morph": "Gr,RR,,,,NNS,"
      },
      {
        "text": "ἐστιν",
        "tag": "w",
        "type": "word",
        "lemma": "εἰμί",
        "strong": "G15100",
        "morph": "Gr,V,IPA3,,S,"
      },
      {
        "text": "μεθερμηνευόμενον",
        "tag": "w",
        "type": "word",
        "lemma": "μεθερμηνεύω",
        "strong": "G31770",
        "morph": "Gr,V,PPP,NNS,",
        "tw": "rc://*/tw/dict/bible/other/interpret"
      },
      {
        "type": "text",
        "text": ",\n“"
      },
      {
        "text": "μεθ’",
        "tag": "w",
        "type": "word",
        "lemma": "μετά",
        "strong": "G33260",
        "morph": "Gr,P,,,,,G,,,"
      },
      {
        "text": "ἡμῶν",
        "tag": "w",
        "type": "word",
        "lemma": "ἐγώ",
        "strong": "G14730",
        "morph": "Gr,RP,,,1G,P,"
      },
      {
        "text": "ὁ",
        "tag": "w",
        "type": "word",
        "lemma": "ὁ",
        "strong": "G35880",
        "morph": "Gr,EA,,,,NMS,"
      },
      {
        "text": "Θεός",
        "tag": "w",
        "type": "word",
        "lemma": "θεός",
        "strong": "G23160",
        "morph": "Gr,N,,,,,NMS,",
        "tw": "rc://*/tw/dict/bible/kt/god"
      },
      {
        "type": "text",
        "text": "”.\n\n"
      }
    ]
  },
  "24": {
    "verseObjects": [
      {
        "text": "ἐγερθεὶς",
        "tag": "w",
        "type": "word",
        "lemma": "ἐγείρω",
        "strong": "G14530",
        "morph": "Gr,V,PAP,NMS,",
        "tw": "rc://*/tw/dict/bible/other/raise"
      },
      {
        "text": "δὲ",
        "tag": "w",
        "type": "word",
        "lemma": "δέ",
        "strong": "G11610",
        "morph": "Gr,CC,,,,,,,,"
      },
      {
        "text": "ὁ",
        "tag": "w",
        "type": "word",
        "lemma": "ὁ",
        "strong": "G35880",
        "morph": "Gr,EA,,,,NMS,"
      },
      {
        "text": "Ἰωσὴφ",
        "tag": "w",
        "type": "word",
        "lemma": "Ἰωσήφ",
        "strong": "G25010",
        "morph": "Gr,N,,,,,NMSI",
        "tw": "rc://*/tw/dict/bible/names/josephnt"
      },
      {
        "text": "ἀπὸ",
        "tag": "w",
        "type": "word",
        "lemma": "ἀπό",
        "strong": "G05750",
        "morph": "Gr,P,,,,,G,,,"
      },
      {
        "text": "τοῦ",
        "tag": "w",
        "type": "word",
        "lemma": "ὁ",
        "strong": "G35880",
        "morph": "Gr,EA,,,,GMS,"
      },
      {
        "text": "ὕπνου",
        "tag": "w",
        "type": "word",
        "lemma": "ὕπνος",
        "strong": "G52580",
        "morph": "Gr,N,,,,,GMS,",
        "tw": "rc://*/tw/dict/bible/other/sleep"
      },
      {
        "type": "text",
        "text": ","
      },
      {
        "text": "ἐποίησεν",
        "tag": "w",
        "type": "word",
        "lemma": "ποιέω",
        "strong": "G41600",
        "morph": "Gr,V,IAA3,,S,"
      },
      {
        "text": "ὡς",
        "tag": "w",
        "type": "word",
        "lemma": "ὡς",
        "strong": "G56130",
        "morph": "Gr,CS,,,,,,,,",
        "tw": "rc://*/tw/dict/bible/other/like"
      },
      {
        "text": "προσέταξεν",
        "tag": "w",
        "type": "word",
        "lemma": "προστάσσω",
        "strong": "G43670",
        "morph": "Gr,V,IAA3,,S,",
        "tw": "rc://*/tw/dict/bible/kt/command"
      },
      {
        "text": "αὐτῷ",
        "tag": "w",
        "type": "word",
        "lemma": "αὐτός",
        "strong": "G08460",
        "morph": "Gr,RP,,,3DMS,"
      },
      {
        "text": "ὁ",
        "tag": "w",
        "type": "word",
        "lemma": "ὁ",
        "strong": "G35880",
        "morph": "Gr,EA,,,,NMS,"
      },
      {
        "text": "ἄγγελος",
        "tag": "w",
        "type": "word",
        "lemma": "ἄγγελος",
        "strong": "G00320",
        "morph": "Gr,N,,,,,NMS,",
        "tw": "rc://*/tw/dict/bible/kt/angel"
      },
      {
        "text": "Κυρίου",
        "tag": "w",
        "type": "word",
        "lemma": "κύριος",
        "strong": "G29620",
        "morph": "Gr,N,,,,,GMS,",
        "tw": "rc://*/tw/dict/bible/kt/lord"
      },
      {
        "type": "text",
        "text": ","
      },
      {
        "text": "καὶ",
        "tag": "w",
        "type": "word",
        "lemma": "καί",
        "strong": "G25320",
        "morph": "Gr,CC,,,,,,,,"
      },
      {
        "text": "παρέλαβεν",
        "tag": "w",
        "type": "word",
        "lemma": "παραλαμβάνω",
        "strong": "G38800",
        "morph": "Gr,V,IAA3,,S,"
      },
      {
        "text": "τὴν",
        "tag": "w",
        "type": "word",
        "lemma": "ὁ",
        "strong": "G35880",
        "morph": "Gr,EA,,,,AFS,"
      },
      {
        "text": "γυναῖκα",
        "tag": "w",
        "type": "word",
        "lemma": "γυνή",
        "strong": "G11350",
        "morph": "Gr,N,,,,,AFS,"
      },
      {
        "text": "αὐτοῦ",
        "tag": "w",
        "type": "word",
        "lemma": "αὐτός",
        "strong": "G08460",
        "morph": "Gr,RP,,,3GMS,"
      },
      {
        "type": "text",
        "text": ";\n\n"
      }
    ]
  },
  "25": {
    "verseObjects": [
      {
        "text": "καὶ",
        "tag": "w",
        "type": "word",
        "lemma": "καί",
        "strong": "G25320",
        "morph": "Gr,CC,,,,,,,,"
      },
      {
        "text": "οὐκ",
        "tag": "w",
        "type": "word",
        "lemma": "οὐ",
        "strong": "G37560",
        "morph": "Gr,D,,,,,,,,,"
      },
      {
        "text": "ἐγίνωσκεν",
        "tag": "w",
        "type": "word",
        "lemma": "γινώσκω",
        "strong": "G10970",
        "morph": "Gr,V,IIA3,,S,",
        "tw": "rc://*/tw/dict/bible/other/know"
      },
      {
        "text": "αὐτὴν",
        "tag": "w",
        "type": "word",
        "lemma": "αὐτός",
        "strong": "G08460",
        "morph": "Gr,RP,,,3AFS,"
      },
      {
        "text": "ἕως",
        "tag": "w",
        "type": "word",
        "lemma": "ἕως",
        "strong": "G21930",
        "morph": "Gr,PI,,,,G,,,"
      },
      {
        "text": "οὗ",
        "tag": "w",
        "type": "word",
        "lemma": "ὅς",
        "strong": "G37390",
        "morph": "Gr,RD,,,,GMS,"
      },
      {
        "text": "ἔτεκεν",
        "tag": "w",
        "type": "word",
        "lemma": "τίκτω",
        "strong": "G50880",
        "morph": "Gr,V,IAA3,,S,"
      },
      {
        "text": "υἱόν",
        "tag": "w",
        "type": "word",
        "lemma": "υἱός",
        "strong": "G52070",
        "morph": "Gr,N,,,,,AMS,",
        "tw": "rc://*/tw/dict/bible/kt/son"
      },
      {
        "type": "text",
        "text": ";"
      },
      {
        "text": "καὶ",
        "tag": "w",
        "type": "word",
        "lemma": "καί",
        "strong": "G25320",
        "morph": "Gr,CC,,,,,,,,"
      },
      {
        "text": "ἐκάλεσεν",
        "tag": "w",
        "type": "word",
        "lemma": "καλέω",
        "strong": "G25640",
        "morph": "Gr,V,IAA3,,S,",
        "tw": "rc://*/tw/dict/bible/kt/call"
      },
      {
        "text": "τὸ",
        "tag": "w",
        "type": "word",
        "lemma": "ὁ",
        "strong": "G35880",
        "morph": "Gr,EA,,,,ANS,"
      },
      {
        "text": "ὄνομα",
        "tag": "w",
        "type": "word",
        "lemma": "ὄνομα",
        "strong": "G36860",
        "morph": "Gr,N,,,,,ANS,",
        "tw": "rc://*/tw/dict/bible/kt/name"
      },
      {
        "text": "αὐτοῦ",
        "tag": "w",
        "type": "word",
        "lemma": "αὐτός",
        "strong": "G08460",
        "morph": "Gr,RP,,,3GMS,"
      },
      {
        "type": "text",
        "text": ","
      },
      {
        "text": "Ἰησοῦν",
        "tag": "w",
        "type": "word",
        "lemma": "Ἰησοῦς",
        "strong": "G24240",
        "morph": "Gr,N,,,,,AMS,",
        "tw": "rc://*/tw/dict/bible/kt/jesus"
      },
      {
        "type": "text",
        "text": ".\n\n"
      }
    ]
  },
  "front": {
    "verseObjects": [
      {
        "tag": "p",
        "type": "paragraph",
        "text": "\n"
      },
      {
        "type": "text",
        "text": "\n"
      }
    ]
  }
}