{
  "1": {
    "verseObjects": [
      {
        "text": "τοῦ",
        "tag": "w",
        "type": "word",
        "lemma": "ὁ",
        "strong": "G35880",
        "morph": "Gr,EA,,,,GMS,"
      },
      {
        "text": "δὲ",
        "tag": "w",
        "type": "word",
        "lemma": "δέ",
        "strong": "G11610",
        "morph": "Gr,CC,,,,,,,,"
      },
      {
        "text": "Ἰησοῦ",
        "tag": "w",
        "type": "word",
        "lemma": "Ἰησοῦς",
        "strong": "G24240",
        "morph": "Gr,N,,,,,GMS,",
        "tw": "rc://*/tw/dict/bible/kt/jesus"
      },
      {
        "text": "γεννηθέντος",
        "tag": "w",
        "type": "word",
        "lemma": "γεννάω",
        "strong": "G10800",
        "morph": "Gr,V,PAP,GMS,"
      },
      {
        "text": "ἐν",
        "tag": "w",
        "type": "word",
        "lemma": "ἐν",
        "strong": "G17220",
        "morph": "Gr,P,,,,,D,,,"
      },
      {
        "text": "Βηθλέεμ",
        "tag": "w",
        "type": "word",
        "lemma": "Βηθλέεμ",
        "strong": "G09650",
        "morph": "Gr,N,,,,,DFSI",
        "tw": "rc://*/tw/dict/bible/names/bethlehem"
      },
      {
        "text": "τῆς",
        "tag": "w",
        "type": "word",
        "lemma": "ὁ",
        "strong": "G35880",
        "morph": "Gr,EA,,,,GFS,"
      },
      {
        "text": "Ἰουδαίας",
        "tag": "w",
        "type": "word",
        "lemma": "Ἰουδαία",
        "strong": "G24490",
        "morph": "Gr,N,,,,,GFS,",
        "tw": "rc://*/tw/dict/bible/names/judea"
      },
      {
        "text": "ἐν",
        "tag": "w",
        "type": "word",
        "lemma": "ἐν",
        "strong": "G17220",
        "morph": "Gr,P,,,,,D,,,"
      },
      {
        "text": "ἡμέραις",
        "tag": "w",
        "type": "word",
        "lemma": "ἡμέρα",
        "strong": "G22500",
        "morph": "Gr,N,,,,,DFP,",
        "tw": "rc://*/tw/dict/bible/other/biblicaltimeday"
      },
      {
        "tag": "k",
        "type": "milestone",
        "tw": "rc://*/tw/dict/bible/names/herodthegreat",
        "children": [
          {
            "text": "Ἡρῴδου",
            "tag": "w",
            "type": "word",
            "lemma": "Ἡρῴδης",
            "strong": "G22640",
            "morph": "Gr,N,,,,,GMS,"
          },
          {
            "text": "τοῦ",
            "tag": "w",
            "type": "word",
            "lemma": "ὁ",
            "strong": "G35880",
            "morph": "Gr,EA,,,,GMS,"
          },
          {
            "text": "βασιλέως",
            "tag": "w",
            "type": "word",
            "lemma": "βασιλεύς",
            "strong": "G09350",
            "morph": "Gr,N,,,,,GMS,",
            "tw": "rc://*/tw/dict/bible/other/king"
          }
        ]
      },
      {
        "type": "text",
        "text": ","
      },
      {
        "text": "ἰδοὺ",
        "tag": "w",
        "type": "word",
        "lemma": "ὁράω",
        "strong": "G37080",
        "morph": "Gr,IDMAA2,,S,"
      },
      {
        "type": "text",
        "text": ","
      },
      {
        "text": "μάγοι",
        "tag": "w",
        "type": "word",
        "lemma": "μάγος",
        "strong": "G30970",
        "morph": "Gr,N,,,,,NMP,",
        "tw": "rc://*/tw/dict/bible/other/learnedmen"
      },
      {
        "text": "ἀπὸ",
        "tag": "w",
        "type": "word",
        "lemma": "ἀπό",
        "strong": "G05750",
        "morph": "Gr,P,,,,,G,,,"
      },
      {
        "text": "ἀνατολῶν",
        "tag": "w",
        "type": "word",
        "lemma": "ἀνατολή",
        "strong": "G03950",
        "morph": "Gr,N,,,,,GFP,"
      },
      {
        "text": "παρεγένοντο",
        "tag": "w",
        "type": "word",
        "lemma": "παραγίνομαι",
        "strong": "G38540",
        "morph": "Gr,V,IAM3,,P,"
      },
      {
        "text": "εἰς",
        "tag": "w",
        "type": "word",
        "lemma": "εἰς",
        "strong": "G15190",
        "morph": "Gr,P,,,,,A,,,"
      },
      {
        "text": "Ἱεροσόλυμα",
        "tag": "w",
        "type": "word",
        "lemma": "Ἱεροσόλυμα",
        "strong": "G24140",
        "morph": "Gr,N,,,,,ANP,",
        "tw": "rc://*/tw/dict/bible/names/jerusalem"
      },
      {
        "type": "text",
        "text": "\n\n"
      }
    ]
  },
  "2": {
    "verseObjects": [
      {
        "text": "λέγοντες",
        "tag": "w",
        "type": "word",
        "lemma": "λέγω",
        "strong": "G30040",
        "morph": "Gr,V,PPA,NMP,"
      },
      {
        "type": "text",
        "text": ",\n“"
      },
      {
        "text": "ποῦ",
        "tag": "w",
        "type": "word",
        "lemma": "ποῦ",
        "strong": "G42260",
        "morph": "Gr,D,,,,,,,,,"
      },
      {
        "text": "ἐστιν",
        "tag": "w",
        "type": "word",
        "lemma": "εἰμί",
        "strong": "G15100",
        "morph": "Gr,V,IPA3,,S,"
      },
      {
        "text": "ὁ",
        "tag": "w",
        "type": "word",
        "lemma": "ὁ",
        "strong": "G35880",
        "morph": "Gr,RD,,,,NMS,"
      },
      {
        "text": "τεχθεὶς",
        "tag": "w",
        "type": "word",
        "lemma": "τίκτω",
        "strong": "G50880",
        "morph": "Gr,V,PAP,NMS,"
      },
      {
        "tag": "k",
        "type": "milestone",
        "tw": "rc://*/tw/dict/bible/kt/kingofthejews",
        "children": [
          {
            "text": "Βασιλεὺς",
            "tag": "w",
            "type": "word",
            "lemma": "βασιλεύς",
            "strong": "G09350",
            "morph": "Gr,N,,,,,NMS,",
            "tw": "rc://*/tw/dict/bible/other/king"
          },
          {
            "text": "τῶν",
            "tag": "w",
            "type": "word",
            "lemma": "ὁ",
            "strong": "G35880",
            "morph": "Gr,EA,,,,GMP,"
          },
          {
            "text": "Ἰουδαίων",
            "tag": "w",
            "type": "word",
            "lemma": "Ἰουδαῖος",
            "strong": "G24530",
            "morph": "Gr,NS,,,,GMP,",
            "tw": "rc://*/tw/dict/bible/kt/jew"
          }
        ]
      },
      {
        "type": "text",
        "text": "?"
      },
      {
        "text": "εἴδομεν",
        "tag": "w",
        "type": "word",
        "lemma": "ὁράω",
        "strong": "G37080",
        "morph": "Gr,V,IAA1,,P,"
      },
      {
        "text": "γὰρ",
        "tag": "w",
        "type": "word",
        "lemma": "γάρ",
        "strong": "G10630",
        "morph": "Gr,CC,,,,,,,,"
      },
      {
        "text": "αὐτοῦ",
        "tag": "w",
        "type": "word",
        "lemma": "αὐτός",
        "strong": "G08460",
        "morph": "Gr,RP,,,3GMS,"
      },
      {
        "text": "τὸν",
        "tag": "w",
        "type": "word",
        "lemma": "ὁ",
        "strong": "G35880",
        "morph": "Gr,EA,,,,AMS,"
      },
      {
        "text": "ἀστέρα",
        "tag": "w",
        "type": "word",
        "lemma": "ἀστήρ",
        "strong": "G07920",
        "morph": "Gr,N,,,,,AMS,"
      },
      {
        "text": "ἐν",
        "tag": "w",
        "type": "word",
        "lemma": "ἐν",
        "strong": "G17220",
        "morph": "Gr,P,,,,,D,,,"
      },
      {
        "text": "τῇ",
        "tag": "w",
        "type": "word",
        "lemma": "ὁ",
        "strong": "G35880",
        "morph": "Gr,EA,,,,DFS,"
      },
      {
        "text": "ἀνατολῇ",
        "tag": "w",
        "type": "word",
        "lemma": "ἀνατολή",
        "strong": "G03950",
        "morph": "Gr,N,,,,,DFS,"
      },
      {
        "text": "καὶ",
        "tag": "w",
        "type": "word",
        "lemma": "καί",
        "strong": "G25320",
        "morph": "Gr,CC,,,,,,,,"
      },
      {
        "text": "ἤλθομεν",
        "tag": "w",
        "type": "word",
        "lemma": "ἔρχομαι",
        "strong": "G20640",
        "morph": "Gr,V,IAA1,,P,"
      },
      {
        "text": "προσκυνῆσαι",
        "tag": "w",
        "type": "word",
        "lemma": "προσκυνέω",
        "strong": "G43520",
        "morph": "Gr,V,NAA,,,,,",
        "tw": "rc://*/tw/dict/bible/kt/worship"
      },
      {
        "text": "αὐτῷ",
        "tag": "w",
        "type": "word",
        "lemma": "αὐτός",
        "strong": "G08460",
        "morph": "Gr,RP,,,3DMS,"
      },
      {
        "type": "text",
        "text": ".”\n\n"
      }
    ]
  },
  "3": {
    "verseObjects": [
      {
        "text": "ἀκούσας",
        "tag": "w",
        "type": "word",
        "lemma": "ἀκούω",
        "strong": "G01910",
        "morph": "Gr,V,PAA,NMS,"
      },
      {
        "text": "δὲ",
        "tag": "w",
        "type": "word",
        "lemma": "δέ",
        "strong": "G11610",
        "morph": "Gr,CC,,,,,,,,"
      },
      {
        "text": "ὁ",
        "tag": "w",
        "type": "word",
        "lemma": "ὁ",
        "strong": "G35880",
        "morph": "Gr,EA,,,,NMS,"
      },
      {
        "tag": "k",
        "type": "milestone",
        "tw": "rc://*/tw/dict/bible/names/herodthegreat",
        "children": [
          {
            "text": "βασιλεὺς",
            "tag": "w",
            "type": "word",
            "lemma": "βασιλεύς",
            "strong": "G09350",
            "morph": "Gr,N,,,,,NMS,",
            "tw": "rc://*/tw/dict/bible/other/king"
          },
          {
            "text": "Ἡρῴδης",
            "tag": "w",
            "type": "word",
            "lemma": "Ἡρῴδης",
            "strong": "G22640",
            "morph": "Gr,N,,,,,NMS,"
          }
        ]
      },
      {
        "text": "ἐταράχθη",
        "tag": "w",
        "type": "word",
        "lemma": "ταράσσω",
        "strong": "G50150",
        "morph": "Gr,V,IAP3,,S,",
        "tw": "rc://*/tw/dict/bible/other/trouble"
      },
      {
        "type": "text",
        "text": ","
      },
      {
        "text": "καὶ",
        "tag": "w",
        "type": "word",
        "lemma": "καί",
        "strong": "G25320",
        "morph": "Gr,CC,,,,,,,,"
      },
      {
        "text": "πᾶσα",
        "tag": "w",
        "type": "word",
        "lemma": "πᾶς",
        "strong": "G39560",
        "morph": "Gr,EQ,,,,NFS,"
      },
      {
        "text": "Ἱεροσόλυμα",
        "tag": "w",
        "type": "word",
        "lemma": "Ἱεροσόλυμα",
        "strong": "G24140",
        "morph": "Gr,N,,,,,NFS,",
        "tw": "rc://*/tw/dict/bible/names/jerusalem"
      },
      {
        "text": "μετ’",
        "tag": "w",
        "type": "word",
        "lemma": "μετά",
        "strong": "G33260",
        "morph": "Gr,P,,,,,G,,,"
      },
      {
        "text": "αὐτοῦ",
        "tag": "w",
        "type": "word",
        "lemma": "αὐτός",
        "strong": "G08460",
        "morph": "Gr,RP,,,3GMS,"
      },
      {
        "type": "text",
        "text": ".\n\n"
      }
    ]
  },
  "4": {
    "verseObjects": [
      {
        "text": "καὶ",
        "tag": "w",
        "type": "word",
        "lemma": "καί",
        "strong": "G25320",
        "morph": "Gr,CC,,,,,,,,"
      },
      {
        "text": "συναγαγὼν",
        "tag": "w",
        "type": "word",
        "lemma": "συνάγω",
        "strong": "G48630",
        "morph": "Gr,V,PAA,NMS,",
        "tw": "rc://*/tw/dict/bible/other/assembly"
      },
      {
        "text": "πάντας",
        "tag": "w",
        "type": "word",
        "lemma": "πᾶς",
        "strong": "G39560",
        "morph": "Gr,EQ,,,,AMP,"
      },
      {
        "text": "τοὺς",
        "tag": "w",
        "type": "word",
        "lemma": "ὁ",
        "strong": "G35880",
        "morph": "Gr,EA,,,,AMP,"
      },
      {
        "text": "ἀρχιερεῖς",
        "tag": "w",
        "type": "word",
        "lemma": "ἀρχιερεύς",
        "strong": "G07490",
        "morph": "Gr,N,,,,,AMP,",
        "tw": "rc://*/tw/dict/bible/other/chiefpriests"
      },
      {
        "text": "καὶ",
        "tag": "w",
        "type": "word",
        "lemma": "καί",
        "strong": "G25320",
        "morph": "Gr,CC,,,,,,,,"
      },
      {
        "text": "γραμματεῖς",
        "tag": "w",
        "type": "word",
        "lemma": "γραμματεύς",
        "strong": "G11220",
        "morph": "Gr,N,,,,,AMP,",
        "tw": "rc://*/tw/dict/bible/kt/scribe"
      },
      {
        "text": "τοῦ",
        "tag": "w",
        "type": "word",
        "lemma": "ὁ",
        "strong": "G35880",
        "morph": "Gr,EA,,,,GMS,"
      },
      {
        "text": "λαοῦ",
        "tag": "w",
        "type": "word",
        "lemma": "λαός",
        "strong": "G29920",
        "morph": "Gr,N,,,,,GMS,",
        "tw": "rc://*/tw/dict/bible/other/peoplegroup"
      },
      {
        "type": "text",
        "text": ","
      },
      {
        "text": "ἐπυνθάνετο",
        "tag": "w",
        "type": "word",
        "lemma": "πυνθάνομαι",
        "strong": "G44410",
        "morph": "Gr,V,IIM3,,S,"
      },
      {
        "text": "παρ’",
        "tag": "w",
        "type": "word",
        "lemma": "παρά",
        "strong": "G38440",
        "morph": "Gr,P,,,,,G,,,"
      },
      {
        "text": "αὐτῶν",
        "tag": "w",
        "type": "word",
        "lemma": "αὐτός",
        "strong": "G08460",
        "morph": "Gr,RP,,,3GMP,"
      },
      {
        "text": "ποῦ",
        "tag": "w",
        "type": "word",
        "lemma": "ποῦ",
        "strong": "G42260",
        "morph": "Gr,D,,,,,,,,,"
      },
      {
        "text": "ὁ",
        "tag": "w",
        "type": "word",
        "lemma": "ὁ",
        "strong": "G35880",
        "morph": "Gr,EA,,,,NMS,"
      },
      {
        "text": "Χριστὸς",
        "tag": "w",
        "type": "word",
        "lemma": "χριστός",
        "strong": "G55470",
        "morph": "Gr,N,,,,,NMS,",
        "tw": "rc://*/tw/dict/bible/kt/christ"
      },
      {
        "text": "γεννᾶται",
        "tag": "w",
        "type": "word",
        "lemma": "γεννάω",
        "strong": "G10800",
        "morph": "Gr,V,IPP3,,S,"
      },
      {
        "type": "text",
        "text": ".\n\n"
      }
    ]
  },
  "5": {
    "verseObjects": [
      {
        "text": "οἱ",
        "tag": "w",
        "type": "word",
        "lemma": "ὁ",
        "strong": "G35880",
        "morph": "Gr,RP,,,,NMP,"
      },
      {
        "text": "δὲ",
        "tag": "w",
        "type": "word",
        "lemma": "δέ",
        "strong": "G11610",
        "morph": "Gr,CC,,,,,,,,"
      },
      {
        "text": "εἶπαν",
        "tag": "w",
        "type": "word",
        "lemma": "λέγω",
        "strong": "G30040",
        "morph": "Gr,V,IAA3,,P,"
      },
      {
        "text": "αὐτῷ",
        "tag": "w",
        "type": "word",
        "lemma": "αὐτός",
        "strong": "G08460",
        "morph": "Gr,RP,,,3DMS,"
      },
      {
        "type": "text",
        "text": ",\n“"
      },
      {
        "text": "ἐν",
        "tag": "w",
        "type": "word",
        "lemma": "ἐν",
        "strong": "G17220",
        "morph": "Gr,P,,,,,D,,,"
      },
      {
        "text": "Βηθλέεμ",
        "tag": "w",
        "type": "word",
        "lemma": "Βηθλέεμ",
        "strong": "G09650",
        "morph": "Gr,N,,,,,DFSI",
        "tw": "rc://*/tw/dict/bible/names/bethlehem"
      },
      {
        "text": "τῆς",
        "tag": "w",
        "type": "word",
        "lemma": "ὁ",
        "strong": "G35880",
        "morph": "Gr,EA,,,,GFS,"
      },
      {
        "text": "Ἰουδαίας",
        "tag": "w",
        "type": "word",
        "lemma": "Ἰουδαία",
        "strong": "G24490",
        "morph": "Gr,N,,,,,GFS,",
        "tw": "rc://*/tw/dict/bible/names/judea"
      },
      {
        "type": "text",
        "text": "”;"
      },
      {
        "text": "οὕτως",
        "tag": "w",
        "type": "word",
        "lemma": "οὕτως",
        "strong": "G37790",
        "morph": "Gr,D,,,,,,,,,"
      },
      {
        "text": "γὰρ",
        "tag": "w",
        "type": "word",
        "lemma": "γάρ",
        "strong": "G10630",
        "morph": "Gr,CC,,,,,,,,"
      },
      {
        "text": "γέγραπται",
        "tag": "w",
        "type": "word",
        "lemma": "γράφω",
        "strong": "G11250",
        "morph": "Gr,V,IEP3,,S,",
        "tw": "rc://*/tw/dict/bible/other/written"
      },
      {
        "text": "διὰ",
        "tag": "w",
        "type": "word",
        "lemma": "διά",
        "strong": "G12230",
        "morph": "Gr,P,,,,,G,,,"
      },
      {
        "text": "τοῦ",
        "tag": "w",
        "type": "word",
        "lemma": "ὁ",
        "strong": "G35880",
        "morph": "Gr,EA,,,,GMS,"
      },
      {
        "text": "προφήτου",
        "tag": "w",
        "type": "word",
        "lemma": "προφήτης",
        "strong": "G43960",
        "morph": "Gr,N,,,,,GMS,",
        "tw": "rc://*/tw/dict/bible/kt/prophet"
      },
      {
        "type": "text",
        "text": ":\n\n"
      }
    ]
  },
  "6": {
    "verseObjects": [
      {
        "type": "text",
        "text": "\n“"
      },
      {
        "text": "καὶ",
        "tag": "w",
        "type": "word",
        "lemma": "καί",
        "strong": "G25320",
        "morph": "Gr,CC,,,,,,,,"
      },
      {
        "text": "σύ",
        "tag": "w",
        "type": "word",
        "lemma": "σύ",
        "strong": "G47710",
        "morph": "Gr,RP,,,2N,S,"
      },
      {
        "text": "Βηθλέεμ",
        "tag": "w",
        "type": "word",
        "lemma": "Βηθλέεμ",
        "strong": "G09650",
        "morph": "Gr,N,,,,,VFSI",
        "tw": "rc://*/tw/dict/bible/names/bethlehem"
      },
      {
        "type": "text",
        "text": ","
      },
      {
        "text": "γῆ",
        "tag": "w",
        "type": "word",
        "lemma": "γῆ",
        "strong": "G10930",
        "morph": "Gr,N,,,,,VFS,"
      },
      {
        "text": "Ἰούδα",
        "tag": "w",
        "type": "word",
        "lemma": "Ἰούδας",
        "strong": "G24550",
        "morph": "Gr,N,,,,,GMS,",
        "tw": "rc://*/tw/dict/bible/names/judah"
      },
      {
        "type": "text",
        "text": ","
      },
      {
        "text": "οὐδαμῶς",
        "tag": "w",
        "type": "word",
        "lemma": "οὐδαμῶς",
        "strong": "G37600",
        "morph": "Gr,D,,,,,,,,,"
      },
      {
        "text": "ἐλαχίστη",
        "tag": "w",
        "type": "word",
        "lemma": "ἐλάχιστος",
        "strong": "G16460",
        "morph": "Gr,NP,,,,NFSS"
      },
      {
        "text": "εἶ",
        "tag": "w",
        "type": "word",
        "lemma": "εἰμί",
        "strong": "G15100",
        "morph": "Gr,V,IPA2,,S,"
      },
      {
        "text": "ἐν",
        "tag": "w",
        "type": "word",
        "lemma": "ἐν",
        "strong": "G17220",
        "morph": "Gr,P,,,,,D,,,"
      },
      {
        "text": "τοῖς",
        "tag": "w",
        "type": "word",
        "lemma": "ὁ",
        "strong": "G35880",
        "morph": "Gr,EA,,,,DMP,"
      },
      {
        "text": "ἡγεμόσιν",
        "tag": "w",
        "type": "word",
        "lemma": "ἡγεμών",
        "strong": "G22320",
        "morph": "Gr,N,,,,,DMP,",
        "tw": "rc://*/tw/dict/bible/other/governor"
      },
      {
        "text": "Ἰούδα",
        "tag": "w",
        "type": "word",
        "lemma": "Ἰούδας",
        "strong": "G24550",
        "morph": "Gr,N,,,,,GMS,",
        "tw": "rc://*/tw/dict/bible/names/judah"
      },
      {
        "type": "text",
        "text": ";"
      },
      {
        "text": "ἐκ",
        "tag": "w",
        "type": "word",
        "lemma": "ἐκ",
        "strong": "G15370",
        "morph": "Gr,P,,,,,G,,,"
      },
      {
        "text": "σοῦ",
        "tag": "w",
        "type": "word",
        "lemma": "σύ",
        "strong": "G47710",
        "morph": "Gr,RP,,,2G,S,"
      },
      {
        "text": "γὰρ",
        "tag": "w",
        "type": "word",
        "lemma": "γάρ",
        "strong": "G10630",
        "morph": "Gr,CC,,,,,,,,"
      },
      {
        "text": "ἐξελεύσεται",
        "tag": "w",
        "type": "word",
        "lemma": "ἐξέρχομαι",
        "strong": "G18310",
        "morph": "Gr,V,IFM3,,S,"
      },
      {
        "text": "ἡγούμενος",
        "tag": "w",
        "type": "word",
        "lemma": "ἡγέομαι",
        "strong": "G22330",
        "morph": "Gr,V,PPM,NMS,"
      },
      {
        "type": "text",
        "text": ","
      },
      {
        "text": "ὅστις",
        "tag": "w",
        "type": "word",
        "lemma": "ὅστις",
        "strong": "G37480",
        "morph": "Gr,RR,,,,NMS,"
      },
      {
        "text": "ποιμανεῖ",
        "tag": "w",
        "type": "word",
        "lemma": "ποιμαίνω",
        "strong": "G41650",
        "morph": "Gr,V,IFA3,,S,",
        "tw": "rc://*/tw/dict/bible/other/shepherd"
      },
      {
        "text": "τὸν",
        "tag": "w",
        "type": "word",
        "lemma": "ὁ",
        "strong": "G35880",
        "morph": "Gr,EA,,,,AMS,"
      },
      {
        "tag": "k",
        "type": "milestone",
        "tw": "rc://*/tw/dict/bible/kt/israel",
        "children": [
          {
            "text": "λαόν",
            "tag": "w",
            "type": "word",
            "lemma": "λαός",
            "strong": "G29920",
            "morph": "Gr,N,,,,,AMS,",
            "tw": "rc://*/tw/dict/bible/other/peoplegroup"
          },
          {
            "text": "μου",
            "tag": "w",
            "type": "word",
            "lemma": "ἐγώ",
            "strong": "G14730",
            "morph": "Gr,RP,,,1G,S,"
          },
          {
            "text": "τὸν",
            "tag": "w",
            "type": "word",
            "lemma": "ὁ",
            "strong": "G35880",
            "morph": "Gr,EA,,,,AMS,"
          },
          {
            "text": "Ἰσραήλ",
            "tag": "w",
            "type": "word",
            "lemma": "Ἰσραήλ",
            "strong": "G24740",
            "morph": "Gr,N,,,,,AMSI"
          }
        ]
      },
      {
        "type": "text",
        "text": ".”\n\n"
      }
    ]
  },
  "7": {
    "verseObjects": [
      {
        "type": "text",
        "text": "\n"
      },
      {
        "tag": "p",
        "type": "paragraph",
        "text": "\n"
      },
      {
        "text": "τότε",
        "tag": "w",
        "type": "word",
        "lemma": "τότε",
        "strong": "G51190",
        "morph": "Gr,D,,,,,,,,,",
        "tw": "rc://*/tw/dict/bible/other/time"
      },
      {
        "text": "Ἡρῴδης",
        "tag": "w",
        "type": "word",
        "lemma": "Ἡρῴδης",
        "strong": "G22640",
        "morph": "Gr,N,,,,,NMS,",
        "tw": "rc://*/tw/dict/bible/names/herodthegreat"
      },
      {
        "text": "λάθρᾳ",
        "tag": "w",
        "type": "word",
        "lemma": "λάθρᾳ",
        "strong": "G29770",
        "morph": "Gr,D,,,,,,,,,"
      },
      {
        "text": "καλέσας",
        "tag": "w",
        "type": "word",
        "lemma": "καλέω",
        "strong": "G25640",
        "morph": "Gr,V,PAA,NMS,",
        "tw": "rc://*/tw/dict/bible/kt/call"
      },
      {
        "text": "τοὺς",
        "tag": "w",
        "type": "word",
        "lemma": "ὁ",
        "strong": "G35880",
        "morph": "Gr,EA,,,,AMP,"
      },
      {
        "text": "μάγους",
        "tag": "w",
        "type": "word",
        "lemma": "μάγος",
        "strong": "G30970",
        "morph": "Gr,N,,,,,AMP,",
        "tw": "rc://*/tw/dict/bible/other/learnedmen"
      },
      {
        "type": "text",
        "text": ","
      },
      {
        "text": "ἠκρίβωσεν",
        "tag": "w",
        "type": "word",
        "lemma": "ἀκριβόω",
        "strong": "G01980",
        "morph": "Gr,V,IAA3,,S,"
      },
      {
        "text": "παρ’",
        "tag": "w",
        "type": "word",
        "lemma": "παρά",
        "strong": "G38440",
        "morph": "Gr,P,,,,,G,,,"
      },
      {
        "text": "αὐτῶν",
        "tag": "w",
        "type": "word",
        "lemma": "αὐτός",
        "strong": "G08460",
        "morph": "Gr,RP,,,3GMP,"
      },
      {
        "text": "τὸν",
        "tag": "w",
        "type": "word",
        "lemma": "ὁ",
        "strong": "G35880",
        "morph": "Gr,EA,,,,AMS,"
      },
      {
        "text": "χρόνον",
        "tag": "w",
        "type": "word",
        "lemma": "χρόνος",
        "strong": "G55500",
        "morph": "Gr,N,,,,,AMS,",
        "tw": "rc://*/tw/dict/bible/other/time"
      },
      {
        "text": "τοῦ",
        "tag": "w",
        "type": "word",
        "lemma": "ὁ",
        "strong": "G35880",
        "morph": "Gr,EA,,,,GMS,"
      },
      {
        "text": "φαινομένου",
        "tag": "w",
        "type": "word",
        "lemma": "φαίνω",
        "strong": "G53160",
        "morph": "Gr,V,PPM,GMS,"
      },
      {
        "text": "ἀστέρος",
        "tag": "w",
        "type": "word",
        "lemma": "ἀστήρ",
        "strong": "G07920",
        "morph": "Gr,N,,,,,GMS,"
      },
      {
        "type": "text",
        "text": ".\n\n"
      }
    ]
  },
  "8": {
    "verseObjects": [
      {
        "text": "καὶ",
        "tag": "w",
        "type": "word",
        "lemma": "καί",
        "strong": "G25320",
        "morph": "Gr,CC,,,,,,,,"
      },
      {
        "text": "πέμψας",
        "tag": "w",
        "type": "word",
        "lemma": "πέμπω",
        "strong": "G39920",
        "morph": "Gr,V,PAA,NMS,",
        "tw": "rc://*/tw/dict/bible/other/send"
      },
      {
        "text": "αὐτοὺς",
        "tag": "w",
        "type": "word",
        "lemma": "αὐτός",
        "strong": "G08460",
        "morph": "Gr,RP,,,3AMP,"
      },
      {
        "text": "εἰς",
        "tag": "w",
        "type": "word",
        "lemma": "εἰς",
        "strong": "G15190",
        "morph": "Gr,P,,,,,A,,,"
      },
      {
        "text": "Βηθλέεμ",
        "tag": "w",
        "type": "word",
        "lemma": "Βηθλέεμ",
        "strong": "G09650",
        "morph": "Gr,N,,,,,AFSI",
        "tw": "rc://*/tw/dict/bible/names/bethlehem"
      },
      {
        "text": "εἶπεν",
        "tag": "w",
        "type": "word",
        "lemma": "λέγω",
        "strong": "G30040",
        "morph": "Gr,V,IAA3,,S,"
      },
      {
        "type": "text",
        "text": ",\n“"
      },
      {
        "text": "πορευθέντες",
        "tag": "w",
        "type": "word",
        "lemma": "πορεύω",
        "strong": "G41980",
        "morph": "Gr,V,PAP,NMP,"
      },
      {
        "text": "ἐξετάσατε",
        "tag": "w",
        "type": "word",
        "lemma": "ἐξετάζω",
        "strong": "G18330",
        "morph": "Gr,V,MAA2,,P,"
      },
      {
        "text": "ἀκριβῶς",
        "tag": "w",
        "type": "word",
        "lemma": "ἀκριβῶς",
        "strong": "G01990",
        "morph": "Gr,D,,,,,,,,,"
      },
      {
        "text": "περὶ",
        "tag": "w",
        "type": "word",
        "lemma": "περί",
        "strong": "G40120",
        "morph": "Gr,P,,,,,G,,,"
      },
      {
        "text": "τοῦ",
        "tag": "w",
        "type": "word",
        "lemma": "ὁ",
        "strong": "G35880",
        "morph": "Gr,EA,,,,GNS,"
      },
      {
        "text": "παιδίου",
        "tag": "w",
        "type": "word",
        "lemma": "παιδίον",
        "strong": "G38130",
        "morph": "Gr,N,,,,,GNSD",
        "tw": "rc://*/tw/dict/bible/kt/children"
      },
      {
        "type": "text",
        "text": ";"
      },
      {
        "text": "ἐπὰν",
        "tag": "w",
        "type": "word",
        "lemma": "ἐπάν",
        "strong": "G18750",
        "morph": "Gr,CS,,,,,,,,"
      },
      {
        "text": "δὲ",
        "tag": "w",
        "type": "word",
        "lemma": "δέ",
        "strong": "G11610",
        "morph": "Gr,CC,,,,,,,,"
      },
      {
        "text": "εὕρητε",
        "tag": "w",
        "type": "word",
        "lemma": "εὑρίσκω",
        "strong": "G21470",
        "morph": "Gr,V,SAA2,,P,"
      },
      {
        "type": "text",
        "text": ","
      },
      {
        "text": "ἀπαγγείλατέ",
        "tag": "w",
        "type": "word",
        "lemma": "ἀπαγγέλλω",
        "strong": "G05180",
        "morph": "Gr,V,MAA2,,P,",
        "tw": "rc://*/tw/dict/bible/other/report"
      },
      {
        "text": "μοι",
        "tag": "w",
        "type": "word",
        "lemma": "ἐγώ",
        "strong": "G14730",
        "morph": "Gr,RP,,,1D,S,"
      },
      {
        "text": "ὅπως",
        "tag": "w",
        "type": "word",
        "lemma": "ὅπως",
        "strong": "G37040",
        "morph": "Gr,CS,,,,,,,,"
      },
      {
        "text": "κἀγὼ",
        "tag": "w",
        "type": "word",
        "lemma": "κἀγώ",
        "strong": "G25040",
        "morph": "Gr,RP,,,1N,S,"
      },
      {
        "text": "ἐλθὼν",
        "tag": "w",
        "type": "word",
        "lemma": "ἔρχομαι",
        "strong": "G20640",
        "morph": "Gr,V,PAA,NMS,"
      },
      {
        "text": "προσκυνήσω",
        "tag": "w",
        "type": "word",
        "lemma": "προσκυνέω",
        "strong": "G43520",
        "morph": "Gr,V,SAA1,,S,",
        "tw": "rc://*/tw/dict/bible/kt/worship"
      },
      {
        "text": "αὐτῷ",
        "tag": "w",
        "type": "word",
        "lemma": "αὐτός",
        "strong": "G08460",
        "morph": "Gr,RP,,,3DMS,"
      },
      {
        "type": "text",
        "text": ".”\n\n"
      }
    ]
  },
  "9": {
    "verseObjects": [
      {
        "text": "οἱ",
        "tag": "w",
        "type": "word",
        "lemma": "ὁ",
        "strong": "G35880",
        "morph": "Gr,RD,,,,NMP,"
      },
      {
        "text": "δὲ",
        "tag": "w",
        "type": "word",
        "lemma": "δέ",
        "strong": "G11610",
        "morph": "Gr,CC,,,,,,,,"
      },
      {
        "text": "ἀκούσαντες",
        "tag": "w",
        "type": "word",
        "lemma": "ἀκούω",
        "strong": "G01910",
        "morph": "Gr,V,PAA,NMP,"
      },
      {
        "text": "τοῦ",
        "tag": "w",
        "type": "word",
        "lemma": "ὁ",
        "strong": "G35880",
        "morph": "Gr,EA,,,,GMS,"
      },
      {
        "text": "βασιλέως",
        "tag": "w",
        "type": "word",
        "lemma": "βασιλεύς",
        "strong": "G09350",
        "morph": "Gr,N,,,,,GMS,",
        "tw": "rc://*/tw/dict/bible/other/king"
      },
      {
        "type": "text",
        "text": ","
      },
      {
        "text": "ἐπορεύθησαν",
        "tag": "w",
        "type": "word",
        "lemma": "πορεύω",
        "strong": "G41980",
        "morph": "Gr,V,IAP3,,P,"
      },
      {
        "type": "text",
        "text": ";"
      },
      {
        "text": "καὶ",
        "tag": "w",
        "type": "word",
        "lemma": "καί",
        "strong": "G25320",
        "morph": "Gr,CC,,,,,,,,"
      },
      {
        "text": "ἰδοὺ",
        "tag": "w",
        "type": "word",
        "lemma": "ὁράω",
        "strong": "G37080",
        "morph": "Gr,IDMAA2,,S,"
      },
      {
        "type": "text",
        "text": ","
      },
      {
        "text": "ὁ",
        "tag": "w",
        "type": "word",
        "lemma": "ὁ",
        "strong": "G35880",
        "morph": "Gr,EA,,,,NMS,"
      },
      {
        "text": "ἀστὴρ",
        "tag": "w",
        "type": "word",
        "lemma": "ἀστήρ",
        "strong": "G07920",
        "morph": "Gr,N,,,,,NMS,"
      },
      {
        "type": "text",
        "text": ","
      },
      {
        "text": "ὃν",
        "tag": "w",
        "type": "word",
        "lemma": "ὅς",
        "strong": "G37390",
        "morph": "Gr,RR,,,,AMS,"
      },
      {
        "text": "εἶδον",
        "tag": "w",
        "type": "word",
        "lemma": "ὁράω",
        "strong": "G37080",
        "morph": "Gr,V,IAA3,,P,"
      },
      {
        "text": "ἐν",
        "tag": "w",
        "type": "word",
        "lemma": "ἐν",
        "strong": "G17220",
        "morph": "Gr,P,,,,,D,,,"
      },
      {
        "text": "τῇ",
        "tag": "w",
        "type": "word",
        "lemma": "ὁ",
        "strong": "G35880",
        "morph": "Gr,EA,,,,DFS,"
      },
      {
        "text": "ἀνατολῇ",
        "tag": "w",
        "type": "word",
        "lemma": "ἀνατολή",
        "strong": "G03950",
        "morph": "Gr,N,,,,,DFS,"
      },
      {
        "type": "text",
        "text": ","
      },
      {
        "text": "προῆγεν",
        "tag": "w",
        "type": "word",
        "lemma": "προάγω",
        "strong": "G42540",
        "morph": "Gr,V,IIA3,,S,"
      },
      {
        "text": "αὐτούς",
        "tag": "w",
        "type": "word",
        "lemma": "αὐτός",
        "strong": "G08460",
        "morph": "Gr,RP,,,3AMP,"
      },
      {
        "text": "ἕως",
        "tag": "w",
        "type": "word",
        "lemma": "ἕως",
        "strong": "G21930",
        "morph": "Gr,CS,,,,,,,,"
      },
      {
        "text": "ἐλθὼν",
        "tag": "w",
        "type": "word",
        "lemma": "ἔρχομαι",
        "strong": "G20640",
        "morph": "Gr,V,PAA,NMS,"
      },
      {
        "text": "ἐστάθη",
        "tag": "w",
        "type": "word",
        "lemma": "ἵστημι",
        "strong": "G24760",
        "morph": "Gr,V,IAP3,,S,"
      },
      {
        "text": "ἐπάνω",
        "tag": "w",
        "type": "word",
        "lemma": "ἐπάνω",
        "strong": "G18830",
        "morph": "Gr,PI,,,,G,,,"
      },
      {
        "text": "οὗ",
        "tag": "w",
        "type": "word",
        "lemma": "οὗ",
        "strong": "G37570",
        "morph": "Gr,D,,,,,,,,,"
      },
      {
        "text": "ἦν",
        "tag": "w",
        "type": "word",
        "lemma": "εἰμί",
        "strong": "G15100",
        "morph": "Gr,V,IIA3,,S,"
      },
      {
        "text": "τὸ",
        "tag": "w",
        "type": "word",
        "lemma": "ὁ",
        "strong": "G35880",
        "morph": "Gr,EA,,,,NNS,"
      },
      {
        "text": "παιδίον",
        "tag": "w",
        "type": "word",
        "lemma": "παιδίον",
        "strong": "G38130",
        "morph": "Gr,N,,,,,NNSD",
        "tw": "rc://*/tw/dict/bible/kt/children"
      },
      {
        "type": "text",
        "text": ".\n\n"
      }
    ]
  },
  "10": {
    "verseObjects": [
      {
        "text": "ἰδόντες",
        "tag": "w",
        "type": "word",
        "lemma": "ὁράω",
        "strong": "G37080",
        "morph": "Gr,V,PAA,NMP,"
      },
      {
        "text": "δὲ",
        "tag": "w",
        "type": "word",
        "lemma": "δέ",
        "strong": "G11610",
        "morph": "Gr,CC,,,,,,,,"
      },
      {
        "text": "τὸν",
        "tag": "w",
        "type": "word",
        "lemma": "ὁ",
        "strong": "G35880",
        "morph": "Gr,EA,,,,AMS,"
      },
      {
        "text": "ἀστέρα",
        "tag": "w",
        "type": "word",
        "lemma": "ἀστήρ",
        "strong": "G07920",
        "morph": "Gr,N,,,,,AMS,"
      },
      {
        "type": "text",
        "text": ","
      },
      {
        "tag": "k",
        "type": "milestone",
        "tw": "rc://*/tw/dict/bible/other/joy",
        "children": [
          {
            "text": "ἐχάρησαν",
            "tag": "w",
            "type": "word",
            "lemma": "χαίρω",
            "strong": "G54630",
            "morph": "Gr,V,IAP3,,P,"
          },
          {
            "text": "χαρὰν",
            "tag": "w",
            "type": "word",
            "lemma": "χαρά",
            "strong": "G54790",
            "morph": "Gr,N,,,,,AFS,"
          }
        ]
      },
      {
        "text": "μεγάλην",
        "tag": "w",
        "type": "word",
        "lemma": "μέγας",
        "strong": "G31730",
        "morph": "Gr,AA,,,,AFS,"
      },
      {
        "text": "σφόδρα",
        "tag": "w",
        "type": "word",
        "lemma": "σφόδρα",
        "strong": "G49700",
        "morph": "Gr,D,,,,,,,,,"
      },
      {
        "type": "text",
        "text": ".\n\n"
      }
    ]
  },
  "11": {
    "verseObjects": [
      {
        "text": "καὶ",
        "tag": "w",
        "type": "word",
        "lemma": "καί",
        "strong": "G25320",
        "morph": "Gr,CC,,,,,,,,"
      },
      {
        "text": "ἐλθόντες",
        "tag": "w",
        "type": "word",
        "lemma": "ἔρχομαι",
        "strong": "G20640",
        "morph": "Gr,V,PAA,NMP,"
      },
      {
        "text": "εἰς",
        "tag": "w",
        "type": "word",
        "lemma": "εἰς",
        "strong": "G15190",
        "morph": "Gr,P,,,,,A,,,"
      },
      {
        "text": "τὴν",
        "tag": "w",
        "type": "word",
        "lemma": "ὁ",
        "strong": "G35880",
        "morph": "Gr,EA,,,,AFS,"
      },
      {
        "text": "οἰκίαν",
        "tag": "w",
        "type": "word",
        "lemma": "οἰκία",
        "strong": "G36140",
        "morph": "Gr,N,,,,,AFS,",
        "tw": "rc://*/tw/dict/bible/other/house"
      },
      {
        "type": "text",
        "text": ","
      },
      {
        "text": "εἶδον",
        "tag": "w",
        "type": "word",
        "lemma": "ὁράω",
        "strong": "G37080",
        "morph": "Gr,V,IAA3,,P,"
      },
      {
        "text": "τὸ",
        "tag": "w",
        "type": "word",
        "lemma": "ὁ",
        "strong": "G35880",
        "morph": "Gr,EA,,,,ANS,"
      },
      {
        "text": "παιδίον",
        "tag": "w",
        "type": "word",
        "lemma": "παιδίον",
        "strong": "G38130",
        "morph": "Gr,N,,,,,ANSD",
        "tw": "rc://*/tw/dict/bible/kt/children"
      },
      {
        "text": "μετὰ",
        "tag": "w",
        "type": "word",
        "lemma": "μετά",
        "strong": "G33260",
        "morph": "Gr,P,,,,,G,,,"
      },
      {
        "text": "Μαρίας",
        "tag": "w",
        "type": "word",
        "lemma": "Μαρία",
        "strong": "G31370",
        "morph": "Gr,N,,,,,GFS,",
        "tw": "rc://*/tw/dict/bible/names/mary"
      },
      {
        "text": "τῆς",
        "tag": "w",
        "type": "word",
        "lemma": "ὁ",
        "strong": "G35880",
        "morph": "Gr,EA,,,,GFS,"
      },
      {
        "text": "μητρὸς",
        "tag": "w",
        "type": "word",
        "lemma": "μήτηρ",
        "strong": "G33840",
        "morph": "Gr,N,,,,,GFS,"
      },
      {
        "text": "αὐτοῦ",
        "tag": "w",
        "type": "word",
        "lemma": "αὐτός",
        "strong": "G08460",
        "morph": "Gr,RP,,,3GMS,"
      },
      {
        "type": "text",
        "text": ","
      },
      {
        "text": "καὶ",
        "tag": "w",
        "type": "word",
        "lemma": "καί",
        "strong": "G25320",
        "morph": "Gr,CC,,,,,,,,"
      },
      {
        "text": "πεσόντες",
        "tag": "w",
        "type": "word",
        "lemma": "πίπτω",
        "strong": "G40980",
        "morph": "Gr,V,PAA,NMP,",
        "tw": "rc://*/tw/dict/bible/other/bow"
      },
      {
        "text": "προσεκύνησαν",
        "tag": "w",
        "type": "word",
        "lemma": "προσκυνέω",
        "strong": "G43520",
        "morph": "Gr,V,IAA3,,P,",
        "tw": "rc://*/tw/dict/bible/kt/worship"
      },
      {
        "text": "αὐτῷ",
        "tag": "w",
        "type": "word",
        "lemma": "αὐτός",
        "strong": "G08460",
        "morph": "Gr,RP,,,3DMS,"
      },
      {
        "type": "text",
        "text": ","
      },
      {
        "text": "καὶ",
        "tag": "w",
        "type": "word",
        "lemma": "καί",
        "strong": "G25320",
        "morph": "Gr,CC,,,,,,,,"
      },
      {
        "text": "ἀνοίξαντες",
        "tag": "w",
        "type": "word",
        "lemma": "ἀνοίγω",
        "strong": "G04550",
        "morph": "Gr,V,PAA,NMP,"
      },
      {
        "text": "τοὺς",
        "tag": "w",
        "type": "word",
        "lemma": "ὁ",
        "strong": "G35880",
        "morph": "Gr,EA,,,,AMP,"
      },
      {
        "text": "θησαυροὺς",
        "tag": "w",
        "type": "word",
        "lemma": "θησαυρός",
        "strong": "G23440",
        "morph": "Gr,N,,,,,AMP,"
      },
      {
        "text": "αὐτῶν",
        "tag": "w",
        "type": "word",
        "lemma": "αὐτός",
        "strong": "G08460",
        "morph": "Gr,RP,,,3GMP,"
      },
      {
        "type": "text",
        "text": ","
      },
      {
        "text": "προσήνεγκαν",
        "tag": "w",
        "type": "word",
        "lemma": "προσφέρω",
        "strong": "G43740",
        "morph": "Gr,V,IAA3,,P,"
      },
      {
        "text": "αὐτῷ",
        "tag": "w",
        "type": "word",
        "lemma": "αὐτός",
        "strong": "G08460",
        "morph": "Gr,RP,,,3DMS,"
      },
      {
        "text": "δῶρα",
        "tag": "w",
        "type": "word",
        "lemma": "δῶρον",
        "strong": "G14350",
        "morph": "Gr,N,,,,,ANP,",
        "tw": "rc://*/tw/dict/bible/kt/gift"
      },
      {
        "type": "text",
        "text": ":"
      },
      {
        "text": "χρυσὸν",
        "tag": "w",
        "type": "word",
        "lemma": "χρυσός",
        "strong": "G55570",
        "morph": "Gr,N,,,,,AMS,",
        "tw": "rc://*/tw/dict/bible/other/gold"
      },
      {
        "type": "text",
        "text": ","
      },
      {
        "text": "καὶ",
        "tag": "w",
        "type": "word",
        "lemma": "καί",
        "strong": "G25320",
        "morph": "Gr,CC,,,,,,,,"
      },
      {
        "text": "λίβανον",
        "tag": "w",
        "type": "word",
        "lemma": "λίβανος",
        "strong": "G30300",
        "morph": "Gr,N,,,,,AMS,",
        "tw": "rc://*/tw/dict/bible/other/frankincense"
      },
      {
        "type": "text",
        "text": ","
      },
      {
        "text": "καὶ",
        "tag": "w",
        "type": "word",
        "lemma": "καί",
        "strong": "G25320",
        "morph": "Gr,CC,,,,,,,,"
      },
      {
        "text": "σμύρναν",
        "tag": "w",
        "type": "word",
        "lemma": "σμύρνα",
        "strong": "G46660",
        "morph": "Gr,N,,,,,AFS,",
        "tw": "rc://*/tw/dict/bible/kt/myrrh"
      },
      {
        "type": "text",
        "text": ".\n\n"
      }
    ]
  },
  "12": {
    "verseObjects": [
      {
        "text": "καὶ",
        "tag": "w",
        "type": "word",
        "lemma": "καί",
        "strong": "G25320",
        "morph": "Gr,CC,,,,,,,,"
      },
      {
        "text": "χρηματισθέντες",
        "tag": "w",
        "type": "word",
        "lemma": "χρηματίζω",
        "strong": "G55370",
        "morph": "Gr,V,PAP,NMP,"
      },
      {
        "text": "κατ’",
        "tag": "w",
        "type": "word",
        "lemma": "κατά",
        "strong": "G25960",
        "morph": "Gr,P,,,,,A,,,"
      },
      {
        "text": "ὄναρ",
        "tag": "w",
        "type": "word",
        "lemma": "ὄναρ",
        "strong": "G36770",
        "morph": "Gr,N,,,,,ANSI",
        "tw": "rc://*/tw/dict/bible/other/dream"
      },
      {
        "text": "μὴ",
        "tag": "w",
        "type": "word",
        "lemma": "μή",
        "strong": "G33610",
        "morph": "Gr,D,,,,,,,,,"
      },
      {
        "text": "ἀνακάμψαι",
        "tag": "w",
        "type": "word",
        "lemma": "ἀνακάμπτω",
        "strong": "G03440",
        "morph": "Gr,V,NAA,,,,,",
        "tw": "rc://*/tw/dict/bible/other/return"
      },
      {
        "text": "πρὸς",
        "tag": "w",
        "type": "word",
        "lemma": "πρός",
        "strong": "G43140",
        "morph": "Gr,P,,,,,A,,,"
      },
      {
        "text": "Ἡρῴδην",
        "tag": "w",
        "type": "word",
        "lemma": "Ἡρῴδης",
        "strong": "G22640",
        "morph": "Gr,N,,,,,AMS,",
        "tw": "rc://*/tw/dict/bible/names/herodthegreat"
      },
      {
        "type": "text",
        "text": ","
      },
      {
        "text": "δι’",
        "tag": "w",
        "type": "word",
        "lemma": "διά",
        "strong": "G12230",
        "morph": "Gr,P,,,,,G,,,"
      },
      {
        "text": "ἄλλης",
        "tag": "w",
        "type": "word",
        "lemma": "ἄλλος",
        "strong": "G02430",
        "morph": "Gr,EF,,,,GFS,"
      },
      {
        "text": "ὁδοῦ",
        "tag": "w",
        "type": "word",
        "lemma": "ὁδός",
        "strong": "G35980",
        "morph": "Gr,N,,,,,GFS,"
      },
      {
        "text": "ἀνεχώρησαν",
        "tag": "w",
        "type": "word",
        "lemma": "ἀναχωρέω",
        "strong": "G04020",
        "morph": "Gr,V,IAA3,,P,"
      },
      {
        "text": "εἰς",
        "tag": "w",
        "type": "word",
        "lemma": "εἰς",
        "strong": "G15190",
        "morph": "Gr,P,,,,,A,,,"
      },
      {
        "text": "τὴν",
        "tag": "w",
        "type": "word",
        "lemma": "ὁ",
        "strong": "G35880",
        "morph": "Gr,EA,,,,AFS,"
      },
      {
        "text": "χώραν",
        "tag": "w",
        "type": "word",
        "lemma": "χώρα",
        "strong": "G55610",
        "morph": "Gr,N,,,,,AFS,"
      },
      {
        "text": "αὐτῶν",
        "tag": "w",
        "type": "word",
        "lemma": "αὐτός",
        "strong": "G08460",
        "morph": "Gr,RP,,,3GMP,"
      },
      {
        "type": "text",
        "text": ".\n\n"
      }
    ]
  },
  "13": {
    "verseObjects": [
      {
        "type": "text",
        "text": "\n"
      },
      {
        "tag": "p",
        "type": "paragraph",
        "text": "\n"
      },
      {
        "text": "ἀναχωρησάντων",
        "tag": "w",
        "type": "word",
        "lemma": "ἀναχωρέω",
        "strong": "G04020",
        "morph": "Gr,V,PAA,GMP,"
      },
      {
        "text": "δὲ",
        "tag": "w",
        "type": "word",
        "lemma": "δέ",
        "strong": "G11610",
        "morph": "Gr,CC,,,,,,,,"
      },
      {
        "text": "αὐτῶν",
        "tag": "w",
        "type": "word",
        "lemma": "αὐτός",
        "strong": "G08460",
        "morph": "Gr,RP,,,3GMP,"
      },
      {
        "type": "text",
        "text": ","
      },
      {
        "text": "ἰδοὺ",
        "tag": "w",
        "type": "word",
        "lemma": "ὁράω",
        "strong": "G37080",
        "morph": "Gr,IDMAA2,,S,"
      },
      {
        "type": "text",
        "text": ","
      },
      {
        "text": "ἄγγελος",
        "tag": "w",
        "type": "word",
        "lemma": "ἄγγελος",
        "strong": "G00320",
        "morph": "Gr,N,,,,,NMS,",
        "tw": "rc://*/tw/dict/bible/kt/angel"
      },
      {
        "text": "Κυρίου",
        "tag": "w",
        "type": "word",
        "lemma": "κύριος",
        "strong": "G29620",
        "morph": "Gr,N,,,,,GMS,",
        "tw": "rc://*/tw/dict/bible/kt/lord"
      },
      {
        "text": "φαίνεται",
        "tag": "w",
        "type": "word",
        "lemma": "φαίνω",
        "strong": "G53160",
        "morph": "Gr,V,IPM3,,S,"
      },
      {
        "text": "κατ’",
        "tag": "w",
        "type": "word",
        "lemma": "κατά",
        "strong": "G25960",
        "morph": "Gr,P,,,,,A,,,"
      },
      {
        "text": "ὄναρ",
        "tag": "w",
        "type": "word",
        "lemma": "ὄναρ",
        "strong": "G36770",
        "morph": "Gr,N,,,,,ANSI",
        "tw": "rc://*/tw/dict/bible/other/dream"
      },
      {
        "text": "τῷ",
        "tag": "w",
        "type": "word",
        "lemma": "ὁ",
        "strong": "G35880",
        "morph": "Gr,EA,,,,DMS,"
      },
      {
        "text": "Ἰωσὴφ",
        "tag": "w",
        "type": "word",
        "lemma": "Ἰωσήφ",
        "strong": "G25010",
        "morph": "Gr,N,,,,,DMSI",
        "tw": "rc://*/tw/dict/bible/names/josephnt"
      },
      {
        "text": "λέγων",
        "tag": "w",
        "type": "word",
        "lemma": "λέγω",
        "strong": "G30040",
        "morph": "Gr,V,PPA,NMS,"
      },
      {
        "type": "text",
        "text": ",\n“"
      },
      {
        "text": "ἐγερθεὶς",
        "tag": "w",
        "type": "word",
        "lemma": "ἐγείρω",
        "strong": "G14530",
        "morph": "Gr,V,PAP,NMS,",
        "tw": "rc://*/tw/dict/bible/other/raise"
      },
      {
        "type": "text",
        "text": ","
      },
      {
        "text": "παράλαβε",
        "tag": "w",
        "type": "word",
        "lemma": "παραλαμβάνω",
        "strong": "G38800",
        "morph": "Gr,V,MAA2,,S,"
      },
      {
        "text": "τὸ",
        "tag": "w",
        "type": "word",
        "lemma": "ὁ",
        "strong": "G35880",
        "morph": "Gr,EA,,,,ANS,"
      },
      {
        "text": "παιδίον",
        "tag": "w",
        "type": "word",
        "lemma": "παιδίον",
        "strong": "G38130",
        "morph": "Gr,N,,,,,ANSD",
        "tw": "rc://*/tw/dict/bible/kt/children"
      },
      {
        "text": "καὶ",
        "tag": "w",
        "type": "word",
        "lemma": "καί",
        "strong": "G25320",
        "morph": "Gr,CC,,,,,,,,"
      },
      {
        "text": "τὴν",
        "tag": "w",
        "type": "word",
        "lemma": "ὁ",
        "strong": "G35880",
        "morph": "Gr,EA,,,,AFS,"
      },
      {
        "text": "μητέρα",
        "tag": "w",
        "type": "word",
        "lemma": "μήτηρ",
        "strong": "G33840",
        "morph": "Gr,N,,,,,AFS,"
      },
      {
        "text": "αὐτοῦ",
        "tag": "w",
        "type": "word",
        "lemma": "αὐτός",
        "strong": "G08460",
        "morph": "Gr,RP,,,3GMS,"
      },
      {
        "text": "καὶ",
        "tag": "w",
        "type": "word",
        "lemma": "καί",
        "strong": "G25320",
        "morph": "Gr,CC,,,,,,,,"
      },
      {
        "text": "φεῦγε",
        "tag": "w",
        "type": "word",
        "lemma": "φεύγω",
        "strong": "G53430",
        "morph": "Gr,V,MPA2,,S,"
      },
      {
        "text": "εἰς",
        "tag": "w",
        "type": "word",
        "lemma": "εἰς",
        "strong": "G15190",
        "morph": "Gr,P,,,,,A,,,"
      },
      {
        "text": "Αἴγυπτον",
        "tag": "w",
        "type": "word",
        "lemma": "Αἴγυπτος",
        "strong": "G01250",
        "morph": "Gr,N,,,,,AFS,",
        "tw": "rc://*/tw/dict/bible/names/egypt"
      },
      {
        "type": "text",
        "text": ","
      },
      {
        "text": "καὶ",
        "tag": "w",
        "type": "word",
        "lemma": "καί",
        "strong": "G25320",
        "morph": "Gr,CC,,,,,,,,"
      },
      {
        "text": "ἴσθι",
        "tag": "w",
        "type": "word",
        "lemma": "εἰμί",
        "strong": "G15100",
        "morph": "Gr,V,MPA2,,S,"
      },
      {
        "text": "ἐκεῖ",
        "tag": "w",
        "type": "word",
        "lemma": "ἐκεῖ",
        "strong": "G15630",
        "morph": "Gr,D,,,,,,,,,"
      },
      {
        "text": "ἕως",
        "tag": "w",
        "type": "word",
        "lemma": "ἕως",
        "strong": "G21930",
        "morph": "Gr,CS,,,,,,,,"
      },
      {
        "text": "ἂν",
        "tag": "w",
        "type": "word",
        "lemma": "ἄν",
        "strong": "G03020",
        "morph": "Gr,T,,,,,,,,,"
      },
      {
        "text": "εἴπω",
        "tag": "w",
        "type": "word",
        "lemma": "λέγω",
        "strong": "G30040",
        "morph": "Gr,V,SAA1,,S,"
      },
      {
        "text": "σοι",
        "tag": "w",
        "type": "word",
        "lemma": "σύ",
        "strong": "G47710",
        "morph": "Gr,RP,,,2D,S,"
      },
      {
        "type": "text",
        "text": ";"
      },
      {
        "text": "μέλλει",
        "tag": "w",
        "type": "word",
        "lemma": "μέλλω",
        "strong": "G31950",
        "morph": "Gr,V,IPA3,,S,"
      },
      {
        "text": "γὰρ",
        "tag": "w",
        "type": "word",
        "lemma": "γάρ",
        "strong": "G10630",
        "morph": "Gr,CC,,,,,,,,"
      },
      {
        "text": "Ἡρῴδης",
        "tag": "w",
        "type": "word",
        "lemma": "Ἡρῴδης",
        "strong": "G22640",
        "morph": "Gr,N,,,,,NMS,",
        "tw": "rc://*/tw/dict/bible/names/herodthegreat"
      },
      {
        "text": "ζητεῖν",
        "tag": "w",
        "type": "word",
        "lemma": "ζητέω",
        "strong": "G22120",
        "morph": "Gr,V,NPA,,,,,",
        "tw": "rc://*/tw/dict/bible/other/seek"
      },
      {
        "text": "τὸ",
        "tag": "w",
        "type": "word",
        "lemma": "ὁ",
        "strong": "G35880",
        "morph": "Gr,EA,,,,ANS,"
      },
      {
        "text": "παιδίον",
        "tag": "w",
        "type": "word",
        "lemma": "παιδίον",
        "strong": "G38130",
        "morph": "Gr,N,,,,,ANSD",
        "tw": "rc://*/tw/dict/bible/kt/children"
      },
      {
        "text": "τοῦ",
        "tag": "w",
        "type": "word",
        "lemma": "ὁ",
        "strong": "G35880",
        "morph": "Gr,RD,,,,GNS,"
      },
      {
        "text": "ἀπολέσαι",
        "tag": "w",
        "type": "word",
        "lemma": "ἀπόλλυμι",
        "strong": "G06220",
        "morph": "Gr,V,NAA,,,,,",
        "tw": "rc://*/tw/dict/bible/other/destroy"
      },
      {
        "text": "αὐτό",
        "tag": "w",
        "type": "word",
        "lemma": "αὐτός",
        "strong": "G08460",
        "morph": "Gr,RP,,,3ANS,"
      },
      {
        "type": "text",
        "text": ".”\n\n"
      }
    ]
  },
  "14": {
    "verseObjects": [
      {
        "text": "ὁ",
        "tag": "w",
        "type": "word",
        "lemma": "ὁ",
        "strong": "G35880",
        "morph": "Gr,RD,,,,NMS,"
      },
      {
        "text": "δὲ",
        "tag": "w",
        "type": "word",
        "lemma": "δέ",
        "strong": "G11610",
        "morph": "Gr,CC,,,,,,,,"
      },
      {
        "text": "ἐγερθεὶς",
        "tag": "w",
        "type": "word",
        "lemma": "ἐγείρω",
        "strong": "G14530",
        "morph": "Gr,V,PAP,NMS,",
        "tw": "rc://*/tw/dict/bible/other/raise"
      },
      {
        "type": "text",
        "text": ","
      },
      {
        "text": "παρέλαβε",
        "tag": "w",
        "type": "word",
        "lemma": "παραλαμβάνω",
        "strong": "G38800",
        "morph": "Gr,V,IAA3,,S,"
      },
      {
        "text": "τὸ",
        "tag": "w",
        "type": "word",
        "lemma": "ὁ",
        "strong": "G35880",
        "morph": "Gr,EA,,,,ANS,"
      },
      {
        "text": "παιδίον",
        "tag": "w",
        "type": "word",
        "lemma": "παιδίον",
        "strong": "G38130",
        "morph": "Gr,N,,,,,ANSD",
        "tw": "rc://*/tw/dict/bible/kt/children"
      },
      {
        "text": "καὶ",
        "tag": "w",
        "type": "word",
        "lemma": "καί",
        "strong": "G25320",
        "morph": "Gr,CC,,,,,,,,"
      },
      {
        "text": "τὴν",
        "tag": "w",
        "type": "word",
        "lemma": "ὁ",
        "strong": "G35880",
        "morph": "Gr,EA,,,,AFS,"
      },
      {
        "text": "μητέρα",
        "tag": "w",
        "type": "word",
        "lemma": "μήτηρ",
        "strong": "G33840",
        "morph": "Gr,N,,,,,AFS,"
      },
      {
        "text": "αὐτοῦ",
        "tag": "w",
        "type": "word",
        "lemma": "αὐτός",
        "strong": "G08460",
        "morph": "Gr,RP,,,3GMS,"
      },
      {
        "text": "νυκτὸς",
        "tag": "w",
        "type": "word",
        "lemma": "νύξ",
        "strong": "G35710",
        "morph": "Gr,N,,,,,GFS,"
      },
      {
        "text": "καὶ",
        "tag": "w",
        "type": "word",
        "lemma": "καί",
        "strong": "G25320",
        "morph": "Gr,CC,,,,,,,,"
      },
      {
        "text": "ἀνεχώρησεν",
        "tag": "w",
        "type": "word",
        "lemma": "ἀναχωρέω",
        "strong": "G04020",
        "morph": "Gr,V,IAA3,,S,"
      },
      {
        "text": "εἰς",
        "tag": "w",
        "type": "word",
        "lemma": "εἰς",
        "strong": "G15190",
        "morph": "Gr,P,,,,,A,,,"
      },
      {
        "text": "Αἴγυπτον",
        "tag": "w",
        "type": "word",
        "lemma": "Αἴγυπτος",
        "strong": "G01250",
        "morph": "Gr,N,,,,,AFS,",
        "tw": "rc://*/tw/dict/bible/names/egypt"
      },
      {
        "type": "text",
        "text": ",\n\n"
      }
    ]
  },
  "15": {
    "verseObjects": [
      {
        "text": "καὶ",
        "tag": "w",
        "type": "word",
        "lemma": "καί",
        "strong": "G25320",
        "morph": "Gr,CC,,,,,,,,"
      },
      {
        "text": "ἦν",
        "tag": "w",
        "type": "word",
        "lemma": "εἰμί",
        "strong": "G15100",
        "morph": "Gr,V,IIA3,,S,"
      },
      {
        "text": "ἐκεῖ",
        "tag": "w",
        "type": "word",
        "lemma": "ἐκεῖ",
        "strong": "G15630",
        "morph": "Gr,D,,,,,,,,,"
      },
      {
        "text": "ἕως",
        "tag": "w",
        "type": "word",
        "lemma": "ἕως",
        "strong": "G21930",
        "morph": "Gr,PI,,,,G,,,"
      },
      {
        "text": "τῆς",
        "tag": "w",
        "type": "word",
        "lemma": "ὁ",
        "strong": "G35880",
        "morph": "Gr,EA,,,,GFS,"
      },
      {
        "text": "τελευτῆς",
        "tag": "w",
        "type": "word",
        "lemma": "τελευτή",
        "strong": "G50540",
        "morph": "Gr,N,,,,,GFS,",
        "tw": "rc://*/tw/dict/bible/other/death"
      },
      {
        "text": "Ἡρῴδου",
        "tag": "w",
        "type": "word",
        "lemma": "Ἡρῴδης",
        "strong": "G22640",
        "morph": "Gr,N,,,,,GMS,",
        "tw": "rc://*/tw/dict/bible/names/herodthegreat"
      },
      {
        "type": "text",
        "text": ";"
      },
      {
        "text": "ἵνα",
        "tag": "w",
        "type": "word",
        "lemma": "ἵνα",
        "strong": "G24430",
        "morph": "Gr,CS,,,,,,,,"
      },
      {
        "text": "πληρωθῇ",
        "tag": "w",
        "type": "word",
        "lemma": "πληρόω",
        "strong": "G41370",
        "morph": "Gr,V,SAP3,,S,",
        "tw": "rc://*/tw/dict/bible/kt/fulfill"
      },
      {
        "text": "τὸ",
        "tag": "w",
        "type": "word",
        "lemma": "ὁ",
        "strong": "G35880",
        "morph": "Gr,RD,,,,NNS,"
      },
      {
        "text": "ῥηθὲν",
        "tag": "w",
        "type": "word",
        "lemma": "λέγω",
        "strong": "G30040",
        "morph": "Gr,V,PAP,NNS,"
      },
      {
        "text": "ὑπὸ",
        "tag": "w",
        "type": "word",
        "lemma": "ὑπό",
        "strong": "G52590",
        "morph": "Gr,P,,,,,G,,,"
      },
      {
        "text": "Κυρίου",
        "tag": "w",
        "type": "word",
        "lemma": "κύριος",
        "strong": "G29620",
        "morph": "Gr,N,,,,,GMS,",
        "tw": "rc://*/tw/dict/bible/kt/lord"
      },
      {
        "text": "διὰ",
        "tag": "w",
        "type": "word",
        "lemma": "διά",
        "strong": "G12230",
        "morph": "Gr,P,,,,,G,,,"
      },
      {
        "text": "τοῦ",
        "tag": "w",
        "type": "word",
        "lemma": "ὁ",
        "strong": "G35880",
        "morph": "Gr,EA,,,,GMS,"
      },
      {
        "text": "προφήτου",
        "tag": "w",
        "type": "word",
        "lemma": "προφήτης",
        "strong": "G43960",
        "morph": "Gr,N,,,,,GMS,",
        "tw": "rc://*/tw/dict/bible/kt/prophet"
      },
      {
        "text": "λέγοντος",
        "tag": "w",
        "type": "word",
        "lemma": "λέγω",
        "strong": "G30040",
        "morph": "Gr,V,PPA,GMS,"
      },
      {
        "type": "text",
        "text": ",\n“"
      },
      {
        "text": "ἐξ",
        "tag": "w",
        "type": "word",
        "lemma": "ἐκ",
        "strong": "G15370",
        "morph": "Gr,P,,,,,G,,,"
      },
      {
        "text": "Αἰγύπτου",
        "tag": "w",
        "type": "word",
        "lemma": "Αἴγυπτος",
        "strong": "G01250",
        "morph": "Gr,N,,,,,GFS,",
        "tw": "rc://*/tw/dict/bible/names/egypt"
      },
      {
        "text": "ἐκάλεσα",
        "tag": "w",
        "type": "word",
        "lemma": "καλέω",
        "strong": "G25640",
        "morph": "Gr,V,IAA1,,S,",
        "tw": "rc://*/tw/dict/bible/kt/call"
      },
      {
        "text": "τὸν",
        "tag": "w",
        "type": "word",
        "lemma": "ὁ",
        "strong": "G35880",
        "morph": "Gr,EA,,,,AMS,"
      },
      {
        "text": "Υἱόν",
        "tag": "w",
        "type": "word",
        "lemma": "υἱός",
        "strong": "G52070",
        "morph": "Gr,N,,,,,AMS,",
        "tw": "rc://*/tw/dict/bible/kt/sonofgod"
      },
      {
        "text": "μου",
        "tag": "w",
        "type": "word",
        "lemma": "ἐγώ",
        "strong": "G14730",
        "morph": "Gr,RP,,,1G,S,"
      },
      {
        "type": "text",
        "text": ".”\n\n"
      }
    ]
  },
  "16": {
    "verseObjects": [
      {
        "type": "text",
        "text": "\n"
      },
      {
        "tag": "p",
        "type": "paragraph",
        "text": "\n"
      },
      {
        "text": "τότε",
        "tag": "w",
        "type": "word",
        "lemma": "τότε",
        "strong": "G51190",
        "morph": "Gr,D,,,,,,,,,"
      },
      {
        "text": "Ἡρῴδης",
        "tag": "w",
        "type": "word",
        "lemma": "Ἡρῴδης",
        "strong": "G22640",
        "morph": "Gr,N,,,,,NMS,",
        "tw": "rc://*/tw/dict/bible/names/herodthegreat"
      },
      {
        "type": "text",
        "text": ","
      },
      {
        "text": "ἰδὼν",
        "tag": "w",
        "type": "word",
        "lemma": "ὁράω",
        "strong": "G37080",
        "morph": "Gr,V,PAA,NMS,"
      },
      {
        "text": "ὅτι",
        "tag": "w",
        "type": "word",
        "lemma": "ὅτι",
        "strong": "G37540",
        "morph": "Gr,CS,,,,,,,,"
      },
      {
        "text": "ἐνεπαίχθη",
        "tag": "w",
        "type": "word",
        "lemma": "ἐμπαίζω",
        "strong": "G17020",
        "morph": "Gr,V,IAP3,,S,"
      },
      {
        "text": "ὑπὸ",
        "tag": "w",
        "type": "word",
        "lemma": "ὑπό",
        "strong": "G52590",
        "morph": "Gr,P,,,,,G,,,"
      },
      {
        "text": "τῶν",
        "tag": "w",
        "type": "word",
        "lemma": "ὁ",
        "strong": "G35880",
        "morph": "Gr,EA,,,,GMP,"
      },
      {
        "text": "μάγων",
        "tag": "w",
        "type": "word",
        "lemma": "μάγος",
        "strong": "G30970",
        "morph": "Gr,N,,,,,GMP,",
        "tw": "rc://*/tw/dict/bible/other/learnedmen"
      },
      {
        "type": "text",
        "text": ","
      },
      {
        "text": "ἐθυμώθη",
        "tag": "w",
        "type": "word",
        "lemma": "θυμόω",
        "strong": "G23730",
        "morph": "Gr,V,IAP3,,S,"
      },
      {
        "text": "λείαν",
        "tag": "w",
        "type": "word",
        "lemma": "λείαν",
        "strong": "G30290",
        "morph": "Gr,D,,,,,,,,,"
      },
      {
        "text": "καὶ",
        "tag": "w",
        "type": "word",
        "lemma": "καί",
        "strong": "G25320",
        "morph": "Gr,CC,,,,,,,,"
      },
      {
        "text": "ἀποστείλας",
        "tag": "w",
        "type": "word",
        "lemma": "ἀποστέλλω",
        "strong": "G06490",
        "morph": "Gr,V,PAA,NMS,",
        "tw": "rc://*/tw/dict/bible/other/send"
      },
      {
        "type": "text",
        "text": ","
      },
      {
        "text": "ἀνεῖλεν",
        "tag": "w",
        "type": "word",
        "lemma": "ἀναιρέω",
        "strong": "G03370",
        "morph": "Gr,V,IAA3,,S,",
        "tw": "rc://*/tw/dict/bible/other/death"
      },
      {
        "text": "πάντας",
        "tag": "w",
        "type": "word",
        "lemma": "πᾶς",
        "strong": "G39560",
        "morph": "Gr,EQ,,,,AMP,"
      },
      {
        "text": "τοὺς",
        "tag": "w",
        "type": "word",
        "lemma": "ὁ",
        "strong": "G35880",
        "morph": "Gr,EA,,,,AMP,"
      },
      {
        "text": "παῖδας",
        "tag": "w",
        "type": "word",
        "lemma": "παῖς",
        "strong": "G38160",
        "morph": "Gr,N,,,,,AMP,",
        "tw": "rc://*/tw/dict/bible/kt/children"
      },
      {
        "text": "τοὺς",
        "tag": "w",
        "type": "word",
        "lemma": "ὁ",
        "strong": "G35880",
        "morph": "Gr,RD,,,,AMP,"
      },
      {
        "text": "ἐν",
        "tag": "w",
        "type": "word",
        "lemma": "ἐν",
        "strong": "G17220",
        "morph": "Gr,P,,,,,D,,,"
      },
      {
        "text": "Βηθλέεμ",
        "tag": "w",
        "type": "word",
        "lemma": "Βηθλέεμ",
        "strong": "G09650",
        "morph": "Gr,N,,,,,DFSI",
        "tw": "rc://*/tw/dict/bible/names/bethlehem"
      },
      {
        "text": "καὶ",
        "tag": "w",
        "type": "word",
        "lemma": "καί",
        "strong": "G25320",
        "morph": "Gr,CC,,,,,,,,"
      },
      {
        "text": "ἐν",
        "tag": "w",
        "type": "word",
        "lemma": "ἐν",
        "strong": "G17220",
        "morph": "Gr,P,,,,,D,,,"
      },
      {
        "text": "πᾶσι",
        "tag": "w",
        "type": "word",
        "lemma": "πᾶς",
        "strong": "G39560",
        "morph": "Gr,EQ,,,,DNP,"
      },
      {
        "text": "τοῖς",
        "tag": "w",
        "type": "word",
        "lemma": "ὁ",
        "strong": "G35880",
        "morph": "Gr,EA,,,,DNP,"
      },
      {
        "text": "ὁρίοις",
        "tag": "w",
        "type": "word",
        "lemma": "ὅριον",
        "strong": "G37250",
        "morph": "Gr,N,,,,,DNP,"
      },
      {
        "text": "αὐτῆς",
        "tag": "w",
        "type": "word",
        "lemma": "αὐτός",
        "strong": "G08460",
        "morph": "Gr,RP,,,3GFS,"
      },
      {
        "text": "ἀπὸ",
        "tag": "w",
        "type": "word",
        "lemma": "ἀπό",
        "strong": "G05750",
        "morph": "Gr,P,,,,,G,,,"
      },
      {
        "text": "διετοῦς",
        "tag": "w",
        "type": "word",
        "lemma": "διετής",
        "strong": "G13320",
        "morph": "Gr,NS,,,,GMS,"
      },
      {
        "text": "καὶ",
        "tag": "w",
        "type": "word",
        "lemma": "καί",
        "strong": "G25320",
        "morph": "Gr,CC,,,,,,,,"
      },
      {
        "text": "κατωτέρω",
        "tag": "w",
        "type": "word",
        "lemma": "κατωτέρω",
        "strong": "G27375",
        "morph": "Gr,D,,,,,,,,C"
      },
      {
        "type": "text",
        "text": ","
      },
      {
        "text": "κατὰ",
        "tag": "w",
        "type": "word",
        "lemma": "κατά",
        "strong": "G25960",
        "morph": "Gr,P,,,,,A,,,"
      },
      {
        "text": "τὸν",
        "tag": "w",
        "type": "word",
        "lemma": "ὁ",
        "strong": "G35880",
        "morph": "Gr,EA,,,,AMS,"
      },
      {
        "text": "χρόνον",
        "tag": "w",
        "type": "word",
        "lemma": "χρόνος",
        "strong": "G55500",
        "morph": "Gr,N,,,,,AMS,",
        "tw": "rc://*/tw/dict/bible/other/time"
      },
      {
        "text": "ὃν",
        "tag": "w",
        "type": "word",
        "lemma": "ὅς",
        "strong": "G37390",
        "morph": "Gr,RR,,,,AMS,"
      },
      {
        "text": "ἠκρίβωσεν",
        "tag": "w",
        "type": "word",
        "lemma": "ἀκριβόω",
        "strong": "G01980",
        "morph": "Gr,V,IAA3,,S,"
      },
      {
        "text": "παρὰ",
        "tag": "w",
        "type": "word",
        "lemma": "παρά",
        "strong": "G38440",
        "morph": "Gr,P,,,,,G,,,"
      },
      {
        "text": "τῶν",
        "tag": "w",
        "type": "word",
        "lemma": "ὁ",
        "strong": "G35880",
        "morph": "Gr,EA,,,,GMP,"
      },
      {
        "text": "μάγων",
        "tag": "w",
        "type": "word",
        "lemma": "μάγος",
        "strong": "G30970",
        "morph": "Gr,N,,,,,GMP,",
        "tw": "rc://*/tw/dict/bible/other/learnedmen"
      },
      {
        "type": "text",
        "text": ".\n\n"
      }
    ]
  },
  "17": {
    "verseObjects": [
      {
        "text": "τότε",
        "tag": "w",
        "type": "word",
        "lemma": "τότε",
        "strong": "G51190",
        "morph": "Gr,D,,,,,,,,,"
      },
      {
        "text": "ἐπληρώθη",
        "tag": "w",
        "type": "word",
        "lemma": "πληρόω",
        "strong": "G41370",
        "morph": "Gr,V,IAP3,,S,",
        "tw": "rc://*/tw/dict/bible/kt/fulfill"
      },
      {
        "text": "τὸ",
        "tag": "w",
        "type": "word",
        "lemma": "ὁ",
        "strong": "G35880",
        "morph": "Gr,RD,,,,NNS,"
      },
      {
        "text": "ῥηθὲν",
        "tag": "w",
        "type": "word",
        "lemma": "λέγω",
        "strong": "G30040",
        "morph": "Gr,V,PAP,NNS,"
      },
      {
        "text": "διὰ",
        "tag": "w",
        "type": "word",
        "lemma": "διά",
        "strong": "G12230",
        "morph": "Gr,P,,,,,G,,,"
      },
      {
        "text": "Ἰερεμίου",
        "tag": "w",
        "type": "word",
        "lemma": "Ἰερεμίας",
        "strong": "G24080",
        "morph": "Gr,N,,,,,GMS,",
        "tw": "rc://*/tw/dict/bible/names/jeremiah"
      },
      {
        "text": "τοῦ",
        "tag": "w",
        "type": "word",
        "lemma": "ὁ",
        "strong": "G35880",
        "morph": "Gr,EA,,,,GMS,"
      },
      {
        "text": "προφήτου",
        "tag": "w",
        "type": "word",
        "lemma": "προφήτης",
        "strong": "G43960",
        "morph": "Gr,N,,,,,GMS,",
        "tw": "rc://*/tw/dict/bible/kt/prophet"
      },
      {
        "text": "λέγοντος",
        "tag": "w",
        "type": "word",
        "lemma": "λέγω",
        "strong": "G30040",
        "morph": "Gr,V,PPA,GMS,"
      },
      {
        "type": "text",
        "text": ",\n\n"
      }
    ]
  },
  "18": {
    "verseObjects": [
      {
        "type": "text",
        "text": "\n“"
      },
      {
        "text": "φωνὴ",
        "tag": "w",
        "type": "word",
        "lemma": "φωνή",
        "strong": "G54560",
        "morph": "Gr,N,,,,,NFS,",
        "tw": "rc://*/tw/dict/bible/other/voice"
      },
      {
        "text": "ἐν",
        "tag": "w",
        "type": "word",
        "lemma": "ἐν",
        "strong": "G17220",
        "morph": "Gr,P,,,,,D,,,"
      },
      {
        "text": "Ῥαμὰ",
        "tag": "w",
        "type": "word",
        "lemma": "Ῥαμά",
        "strong": "G44710",
        "morph": "Gr,N,,,,,DFSI",
        "tw": "rc://*/tw/dict/bible/names/ramah"
      },
      {
        "text": "ἠκούσθη",
        "tag": "w",
        "type": "word",
        "lemma": "ἀκούω",
        "strong": "G01910",
        "morph": "Gr,V,IAP3,,S,"
      },
      {
        "type": "text",
        "text": ","
      },
      {
        "text": "κλαυθμὸς",
        "tag": "w",
        "type": "word",
        "lemma": "κλαυθμός",
        "strong": "G28050",
        "morph": "Gr,N,,,,,NMS,"
      },
      {
        "text": "καὶ",
        "tag": "w",
        "type": "word",
        "lemma": "καί",
        "strong": "G25320",
        "morph": "Gr,CC,,,,,,,,"
      },
      {
        "text": "ὀδυρμὸς",
        "tag": "w",
        "type": "word",
        "lemma": "ὀδυρμός",
        "strong": "G36020",
        "morph": "Gr,N,,,,,NMS,",
        "tw": "rc://*/tw/dict/bible/other/mourn"
      },
      {
        "text": "πολύς",
        "tag": "w",
        "type": "word",
        "lemma": "πολύς",
        "strong": "G41830",
        "morph": "Gr,EQ,,,,NMS,"
      },
      {
        "type": "text",
        "text": ","
      },
      {
        "text": "Ῥαχὴλ",
        "tag": "w",
        "type": "word",
        "lemma": "Ῥαχήλ",
        "strong": "G44780",
        "morph": "Gr,N,,,,,NFSI",
        "tw": "rc://*/tw/dict/bible/names/rachel"
      },
      {
        "text": "κλαίουσα",
        "tag": "w",
        "type": "word",
        "lemma": "κλαίω",
        "strong": "G27990",
        "morph": "Gr,V,PPA,NFS,",
        "tw": "rc://*/tw/dict/bible/other/cry"
      },
      {
        "text": "τὰ",
        "tag": "w",
        "type": "word",
        "lemma": "ὁ",
        "strong": "G35880",
        "morph": "Gr,EA,,,,ANP,"
      },
      {
        "text": "τέκνα",
        "tag": "w",
        "type": "word",
        "lemma": "τέκνον",
        "strong": "G50430",
        "morph": "Gr,N,,,,,ANP,",
        "tw": "rc://*/tw/dict/bible/kt/children"
      },
      {
        "text": "αὐτῆς",
        "tag": "w",
        "type": "word",
        "lemma": "αὐτός",
        "strong": "G08460",
        "morph": "Gr,RP,,,3GFS,"
      },
      {
        "type": "text",
        "text": ","
      },
      {
        "text": "καὶ",
        "tag": "w",
        "type": "word",
        "lemma": "καί",
        "strong": "G25320",
        "morph": "Gr,CC,,,,,,,,"
      },
      {
        "text": "οὐκ",
        "tag": "w",
        "type": "word",
        "lemma": "οὐ",
        "strong": "G37560",
        "morph": "Gr,D,,,,,,,,,"
      },
      {
        "text": "ἤθελεν",
        "tag": "w",
        "type": "word",
        "lemma": "θέλω",
        "strong": "G23090",
        "morph": "Gr,V,IIA3,,S,"
      },
      {
        "text": "παρακληθῆναι",
        "tag": "w",
        "type": "word",
        "lemma": "παρακαλέω",
        "strong": "G38700",
        "morph": "Gr,V,NAP,,,,,",
        "tw": "rc://*/tw/dict/bible/other/comfort"
      },
      {
        "type": "text",
        "text": ","
      },
      {
        "text": "ὅτι",
        "tag": "w",
        "type": "word",
        "lemma": "ὅτι",
        "strong": "G37540",
        "morph": "Gr,CS,,,,,,,,"
      },
      {
        "text": "οὐκ",
        "tag": "w",
        "type": "word",
        "lemma": "οὐ",
        "strong": "G37560",
        "morph": "Gr,D,,,,,,,,,"
      },
      {
        "text": "εἰσίν",
        "tag": "w",
        "type": "word",
        "lemma": "εἰμί",
        "strong": "G15100",
        "morph": "Gr,V,IPA3,,P,"
      },
      {
        "type": "text",
        "text": ".”\n\n"
      }
    ]
  },
  "19": {
    "verseObjects": [
      {
        "type": "text",
        "text": "\n"
      },
      {
        "tag": "p",
        "type": "paragraph",
        "text": "\n"
      },
      {
        "text": "τελευτήσαντος",
        "tag": "w",
        "type": "word",
        "lemma": "τελευτάω",
        "strong": "G50530",
        "morph": "Gr,V,PAA,GMS,",
        "tw": "rc://*/tw/dict/bible/other/death"
      },
      {
        "text": "δὲ",
        "tag": "w",
        "type": "word",
        "lemma": "δέ",
        "strong": "G11610",
        "morph": "Gr,CC,,,,,,,,"
      },
      {
        "text": "τοῦ",
        "tag": "w",
        "type": "word",
        "lemma": "ὁ",
        "strong": "G35880",
        "morph": "Gr,EA,,,,GMS,"
      },
      {
        "text": "Ἡρῴδου",
        "tag": "w",
        "type": "word",
        "lemma": "Ἡρῴδης",
        "strong": "G22640",
        "morph": "Gr,N,,,,,GMS,",
        "tw": "rc://*/tw/dict/bible/names/herodthegreat"
      },
      {
        "type": "text",
        "text": ","
      },
      {
        "text": "ἰδοὺ",
        "tag": "w",
        "type": "word",
        "lemma": "ὁράω",
        "strong": "G37080",
        "morph": "Gr,IDMAA2,,S,"
      },
      {
        "type": "text",
        "text": ","
      },
      {
        "text": "ἄγγελος",
        "tag": "w",
        "type": "word",
        "lemma": "ἄγγελος",
        "strong": "G00320",
        "morph": "Gr,N,,,,,NMS,",
        "tw": "rc://*/tw/dict/bible/kt/angel"
      },
      {
        "text": "Κυρίου",
        "tag": "w",
        "type": "word",
        "lemma": "κύριος",
        "strong": "G29620",
        "morph": "Gr,N,,,,,GMS,",
        "tw": "rc://*/tw/dict/bible/kt/lord"
      },
      {
        "text": "φαίνεται",
        "tag": "w",
        "type": "word",
        "lemma": "φαίνω",
        "strong": "G53160",
        "morph": "Gr,V,IPM3,,S,"
      },
      {
        "text": "κατ’",
        "tag": "w",
        "type": "word",
        "lemma": "κατά",
        "strong": "G25960",
        "morph": "Gr,P,,,,,A,,,"
      },
      {
        "text": "ὄναρ",
        "tag": "w",
        "type": "word",
        "lemma": "ὄναρ",
        "strong": "G36770",
        "morph": "Gr,N,,,,,ANSI",
        "tw": "rc://*/tw/dict/bible/other/dream"
      },
      {
        "text": "τῷ",
        "tag": "w",
        "type": "word",
        "lemma": "ὁ",
        "strong": "G35880",
        "morph": "Gr,EA,,,,DMS,"
      },
      {
        "text": "Ἰωσὴφ",
        "tag": "w",
        "type": "word",
        "lemma": "Ἰωσήφ",
        "strong": "G25010",
        "morph": "Gr,N,,,,,DMSI",
        "tw": "rc://*/tw/dict/bible/names/josephnt"
      },
      {
        "text": "ἐν",
        "tag": "w",
        "type": "word",
        "lemma": "ἐν",
        "strong": "G17220",
        "morph": "Gr,P,,,,,D,,,"
      },
      {
        "text": "Αἰγύπτῳ",
        "tag": "w",
        "type": "word",
        "lemma": "Αἴγυπτος",
        "strong": "G01250",
        "morph": "Gr,N,,,,,DFS,",
        "tw": "rc://*/tw/dict/bible/names/egypt"
      },
      {
        "type": "text",
        "text": "\n\n"
      }
    ]
  },
  "20": {
    "verseObjects": [
      {
        "text": "λέγων",
        "tag": "w",
        "type": "word",
        "lemma": "λέγω",
        "strong": "G30040",
        "morph": "Gr,V,PPA,NMS,"
      },
      {
        "type": "text",
        "text": ",\n“"
      },
      {
        "text": "ἐγερθεὶς",
        "tag": "w",
        "type": "word",
        "lemma": "ἐγείρω",
        "strong": "G14530",
        "morph": "Gr,V,PAP,NMS,",
        "tw": "rc://*/tw/dict/bible/other/raise"
      },
      {
        "type": "text",
        "text": ","
      },
      {
        "text": "παράλαβε",
        "tag": "w",
        "type": "word",
        "lemma": "παραλαμβάνω",
        "strong": "G38800",
        "morph": "Gr,V,MAA2,,S,"
      },
      {
        "text": "τὸ",
        "tag": "w",
        "type": "word",
        "lemma": "ὁ",
        "strong": "G35880",
        "morph": "Gr,EA,,,,ANS,"
      },
      {
        "text": "παιδίον",
        "tag": "w",
        "type": "word",
        "lemma": "παιδίον",
        "strong": "G38130",
        "morph": "Gr,N,,,,,ANSD",
        "tw": "rc://*/tw/dict/bible/kt/children"
      },
      {
        "text": "καὶ",
        "tag": "w",
        "type": "word",
        "lemma": "καί",
        "strong": "G25320",
        "morph": "Gr,CC,,,,,,,,"
      },
      {
        "text": "τὴν",
        "tag": "w",
        "type": "word",
        "lemma": "ὁ",
        "strong": "G35880",
        "morph": "Gr,EA,,,,AFS,"
      },
      {
        "text": "μητέρα",
        "tag": "w",
        "type": "word",
        "lemma": "μήτηρ",
        "strong": "G33840",
        "morph": "Gr,N,,,,,AFS,"
      },
      {
        "text": "αὐτοῦ",
        "tag": "w",
        "type": "word",
        "lemma": "αὐτός",
        "strong": "G08460",
        "morph": "Gr,RP,,,3GMS,"
      },
      {
        "type": "text",
        "text": ","
      },
      {
        "text": "καὶ",
        "tag": "w",
        "type": "word",
        "lemma": "καί",
        "strong": "G25320",
        "morph": "Gr,CC,,,,,,,,"
      },
      {
        "text": "πορεύου",
        "tag": "w",
        "type": "word",
        "lemma": "πορεύω",
        "strong": "G41980",
        "morph": "Gr,V,MPM2,,S,"
      },
      {
        "text": "εἰς",
        "tag": "w",
        "type": "word",
        "lemma": "εἰς",
        "strong": "G15190",
        "morph": "Gr,P,,,,,A,,,"
      },
      {
        "text": "γῆν",
        "tag": "w",
        "type": "word",
        "lemma": "γῆ",
        "strong": "G10930",
        "morph": "Gr,N,,,,,AFS,"
      },
      {
        "text": "Ἰσραήλ",
        "tag": "w",
        "type": "word",
        "lemma": "Ἰσραήλ",
        "strong": "G24740",
        "morph": "Gr,N,,,,,GMSI",
        "tw": "rc://*/tw/dict/bible/kt/israel"
      },
      {
        "type": "text",
        "text": ";"
      },
      {
        "text": "τεθνήκασιν",
        "tag": "w",
        "type": "word",
        "lemma": "θνῄσκω",
        "strong": "G23480",
        "morph": "Gr,V,IEA3,,P,",
        "tw": "rc://*/tw/dict/bible/other/death"
      },
      {
        "text": "γὰρ",
        "tag": "w",
        "type": "word",
        "lemma": "γάρ",
        "strong": "G10630",
        "morph": "Gr,CC,,,,,,,,"
      },
      {
        "text": "οἱ",
        "tag": "w",
        "type": "word",
        "lemma": "ὁ",
        "strong": "G35880",
        "morph": "Gr,RD,,,,NMP,"
      },
      {
        "text": "ζητοῦντες",
        "tag": "w",
        "type": "word",
        "lemma": "ζητέω",
        "strong": "G22120",
        "morph": "Gr,V,PPA,NMP,",
        "tw": "rc://*/tw/dict/bible/other/seek"
      },
      {
        "text": "τὴν",
        "tag": "w",
        "type": "word",
        "lemma": "ὁ",
        "strong": "G35880",
        "morph": "Gr,EA,,,,AFS,"
      },
      {
        "text": "ψυχὴν",
        "tag": "w",
        "type": "word",
        "lemma": "ψυχή",
        "strong": "G55900",
        "morph": "Gr,N,,,,,AFS,",
        "tw": "rc://*/tw/dict/bible/kt/life"
      },
      {
        "text": "τοῦ",
        "tag": "w",
        "type": "word",
        "lemma": "ὁ",
        "strong": "G35880",
        "morph": "Gr,EA,,,,GNS,"
      },
      {
        "text": "παιδίου",
        "tag": "w",
        "type": "word",
        "lemma": "παιδίον",
        "strong": "G38130",
        "morph": "Gr,N,,,,,GNSD",
        "tw": "rc://*/tw/dict/bible/kt/children"
      },
      {
        "type": "text",
        "text": ".”\n\n"
      }
    ]
  },
  "21": {
    "verseObjects": [
      {
        "text": "ὁ",
        "tag": "w",
        "type": "word",
        "lemma": "ὁ",
        "strong": "G35880",
        "morph": "Gr,RD,,,,NMS,"
      },
      {
        "text": "δὲ",
        "tag": "w",
        "type": "word",
        "lemma": "δέ",
        "strong": "G11610",
        "morph": "Gr,CC,,,,,,,,"
      },
      {
        "text": "ἐγερθεὶς",
        "tag": "w",
        "type": "word",
        "lemma": "ἐγείρω",
        "strong": "G14530",
        "morph": "Gr,V,PAP,NMS,",
        "tw": "rc://*/tw/dict/bible/other/raise"
      },
      {
        "type": "text",
        "text": ","
      },
      {
        "text": "παρέλαβε",
        "tag": "w",
        "type": "word",
        "lemma": "παραλαμβάνω",
        "strong": "G38800",
        "morph": "Gr,V,IAA3,,S,"
      },
      {
        "text": "τὸ",
        "tag": "w",
        "type": "word",
        "lemma": "ὁ",
        "strong": "G35880",
        "morph": "Gr,EA,,,,ANS,"
      },
      {
        "text": "παιδίον",
        "tag": "w",
        "type": "word",
        "lemma": "παιδίον",
        "strong": "G38130",
        "morph": "Gr,N,,,,,ANSD",
        "tw": "rc://*/tw/dict/bible/kt/children"
      },
      {
        "text": "καὶ",
        "tag": "w",
        "type": "word",
        "lemma": "καί",
        "strong": "G25320",
        "morph": "Gr,CC,,,,,,,,"
      },
      {
        "text": "τὴν",
        "tag": "w",
        "type": "word",
        "lemma": "ὁ",
        "strong": "G35880",
        "morph": "Gr,EA,,,,AFS,"
      },
      {
        "text": "μητέρα",
        "tag": "w",
        "type": "word",
        "lemma": "μήτηρ",
        "strong": "G33840",
        "morph": "Gr,N,,,,,AFS,"
      },
      {
        "text": "αὐτοῦ",
        "tag": "w",
        "type": "word",
        "lemma": "αὐτός",
        "strong": "G08460",
        "morph": "Gr,RP,,,3GMS,"
      },
      {
        "type": "text",
        "text": ","
      },
      {
        "text": "καὶ",
        "tag": "w",
        "type": "word",
        "lemma": "καί",
        "strong": "G25320",
        "morph": "Gr,CC,,,,,,,,"
      },
      {
        "text": "εἰσῆλθεν",
        "tag": "w",
        "type": "word",
        "lemma": "εἰσέρχομαι",
        "strong": "G15250",
        "morph": "Gr,V,IAA3,,S,"
      },
      {
        "text": "εἰς",
        "tag": "w",
        "type": "word",
        "lemma": "εἰς",
        "strong": "G15190",
        "morph": "Gr,P,,,,,A,,,"
      },
      {
        "text": "γῆν",
        "tag": "w",
        "type": "word",
        "lemma": "γῆ",
        "strong": "G10930",
        "morph": "Gr,N,,,,,AFS,"
      },
      {
        "text": "Ἰσραήλ",
        "tag": "w",
        "type": "word",
        "lemma": "Ἰσραήλ",
        "strong": "G24740",
        "morph": "Gr,N,,,,,GMSI",
        "tw": "rc://*/tw/dict/bible/kt/israel"
      },
      {
        "type": "text",
        "text": ".\n\n"
      }
    ]
  },
  "22": {
    "verseObjects": [
      {
        "text": "ἀκούσας",
        "tag": "w",
        "type": "word",
        "lemma": "ἀκούω",
        "strong": "G01910",
        "morph": "Gr,V,PAA,NMS,"
      },
      {
        "text": "δὲ",
        "tag": "w",
        "type": "word",
        "lemma": "δέ",
        "strong": "G11610",
        "morph": "Gr,CC,,,,,,,,"
      },
      {
        "text": "ὅτι",
        "tag": "w",
        "type": "word",
        "lemma": "ὅτι",
        "strong": "G37540",
        "morph": "Gr,CS,,,,,,,,"
      },
      {
        "text": "Ἀρχέλαος",
        "tag": "w",
        "type": "word",
        "lemma": "Ἀρχέλαος",
        "strong": "G07450",
        "morph": "Gr,N,,,,,NMS,"
      },
      {
        "text": "βασιλεύει",
        "tag": "w",
        "type": "word",
        "lemma": "βασιλεύω",
        "strong": "G09360",
        "morph": "Gr,V,IPA3,,S,",
        "tw": "rc://*/tw/dict/bible/other/reign"
      },
      {
        "text": "τῆς",
        "tag": "w",
        "type": "word",
        "lemma": "ὁ",
        "strong": "G35880",
        "morph": "Gr,EA,,,,GFS,"
      },
      {
        "text": "Ἰουδαίας",
        "tag": "w",
        "type": "word",
        "lemma": "Ἰουδαία",
        "strong": "G24490",
        "morph": "Gr,N,,,,,GFS,",
        "tw": "rc://*/tw/dict/bible/names/judea"
      },
      {
        "text": "ἀντὶ",
        "tag": "w",
        "type": "word",
        "lemma": "ἀντί",
        "strong": "G04730",
        "morph": "Gr,P,,,,,G,,,"
      },
      {
        "text": "τοῦ",
        "tag": "w",
        "type": "word",
        "lemma": "ὁ",
        "strong": "G35880",
        "morph": "Gr,EA,,,,GMS,"
      },
      {
        "text": "πατρὸς",
        "tag": "w",
        "type": "word",
        "lemma": "πατήρ",
        "strong": "G39620",
        "morph": "Gr,N,,,,,GMS,",
        "tw": "rc://*/tw/dict/bible/other/father"
      },
      {
        "text": "αὐτοῦ",
        "tag": "w",
        "type": "word",
        "lemma": "αὐτός",
        "strong": "G08460",
        "morph": "Gr,RP,,,3GMS,"
      },
      {
        "text": "Ἡρῴδου",
        "tag": "w",
        "type": "word",
        "lemma": "Ἡρῴδης",
        "strong": "G22640",
        "morph": "Gr,N,,,,,GMS,",
        "tw": "rc://*/tw/dict/bible/names/herodthegreat"
      },
      {
        "type": "text",
        "text": ","
      },
      {
        "text": "ἐφοβήθη",
        "tag": "w",
        "type": "word",
        "lemma": "φοβέω",
        "strong": "G53990",
        "morph": "Gr,V,IAP3,,S,",
        "tw": "rc://*/tw/dict/bible/kt/fear"
      },
      {
        "text": "ἐκεῖ",
        "tag": "w",
        "type": "word",
        "lemma": "ἐκεῖ",
        "strong": "G15630",
        "morph": "Gr,D,,,,,,,,,"
      },
      {
        "text": "ἀπελθεῖν",
        "tag": "w",
        "type": "word",
        "lemma": "ἀπέρχομαι",
        "strong": "G05650",
        "morph": "Gr,V,NAA,,,,,"
      },
      {
        "type": "text",
        "text": ";"
      },
      {
        "text": "χρηματισθεὶς",
        "tag": "w",
        "type": "word",
        "lemma": "χρηματίζω",
        "strong": "G55370",
        "morph": "Gr,V,PAP,NMS,"
      },
      {
        "text": "δὲ",
        "tag": "w",
        "type": "word",
        "lemma": "δέ",
        "strong": "G11610",
        "morph": "Gr,CC,,,,,,,,"
      },
      {
        "text": "κατ’",
        "tag": "w",
        "type": "word",
        "lemma": "κατά",
        "strong": "G25960",
        "morph": "Gr,P,,,,,A,,,"
      },
      {
        "text": "ὄναρ",
        "tag": "w",
        "type": "word",
        "lemma": "ὄναρ",
        "strong": "G36770",
        "morph": "Gr,N,,,,,ANSI",
        "tw": "rc://*/tw/dict/bible/other/dream"
      },
      {
        "type": "text",
        "text": ","
      },
      {
        "text": "ἀνεχώρησεν",
        "tag": "w",
        "type": "word",
        "lemma": "ἀναχωρέω",
        "strong": "G04020",
        "morph": "Gr,V,IAA3,,S,"
      },
      {
        "text": "εἰς",
        "tag": "w",
        "type": "word",
        "lemma": "εἰς",
        "strong": "G15190",
        "morph": "Gr,P,,,,,A,,,"
      },
      {
        "text": "τὰ",
        "tag": "w",
        "type": "word",
        "lemma": "ὁ",
        "strong": "G35880",
        "morph": "Gr,EA,,,,ANP,"
      },
      {
        "text": "μέρη",
        "tag": "w",
        "type": "word",
        "lemma": "μέρος",
        "strong": "G33130",
        "morph": "Gr,N,,,,,ANP,"
      },
      {
        "text": "τῆς",
        "tag": "w",
        "type": "word",
        "lemma": "ὁ",
        "strong": "G35880",
        "morph": "Gr,EA,,,,GFS,"
      },
      {
        "text": "Γαλιλαίας",
        "tag": "w",
        "type": "word",
        "lemma": "Γαλιλαία",
        "strong": "G10560",
        "morph": "Gr,N,,,,,GFS,",
        "tw": "rc://*/tw/dict/bible/names/galilee"
      },
      {
        "type": "text",
        "text": ",\n\n"
      }
    ]
  },
  "23": {
    "verseObjects": [
      {
        "text": "καὶ",
        "tag": "w",
        "type": "word",
        "lemma": "καί",
        "strong": "G25320",
        "morph": "Gr,CC,,,,,,,,"
      },
      {
        "text": "ἐλθὼν",
        "tag": "w",
        "type": "word",
        "lemma": "ἔρχομαι",
        "strong": "G20640",
        "morph": "Gr,V,PAA,NMS,"
      },
      {
        "type": "text",
        "text": ","
      },
      {
        "text": "κατῴκησεν",
        "tag": "w",
        "type": "word",
        "lemma": "κατοικέω",
        "strong": "G27300",
        "morph": "Gr,V,IAA3,,S,"
      },
      {
        "text": "εἰς",
        "tag": "w",
        "type": "word",
        "lemma": "εἰς",
        "strong": "G15190",
        "morph": "Gr,P,,,,,A,,,"
      },
      {
        "text": "πόλιν",
        "tag": "w",
        "type": "word",
        "lemma": "πόλις",
        "strong": "G41720",
        "morph": "Gr,N,,,,,AFS,"
      },
      {
        "text": "λεγομένην",
        "tag": "w",
        "type": "word",
        "lemma": "λέγω",
        "strong": "G30040",
        "morph": "Gr,V,PPP,AFS,",
        "tw": "rc://*/tw/dict/bible/kt/call"
      },
      {
        "text": "Ναζαρέτ",
        "tag": "w",
        "type": "word",
        "lemma": "Ναζαρέτ",
        "strong": "G34780",
        "morph": "Gr,N,,,,,AFSI",
        "tw": "rc://*/tw/dict/bible/names/nazareth"
      },
      {
        "type": "text",
        "text": ";"
      },
      {
        "text": "ὅπως",
        "tag": "w",
        "type": "word",
        "lemma": "ὅπως",
        "strong": "G37040",
        "morph": "Gr,CS,,,,,,,,"
      },
      {
        "text": "πληρωθῇ",
        "tag": "w",
        "type": "word",
        "lemma": "πληρόω",
        "strong": "G41370",
        "morph": "Gr,V,SAP3,,S,",
        "tw": "rc://*/tw/dict/bible/kt/fulfill"
      },
      {
        "text": "τὸ",
        "tag": "w",
        "type": "word",
        "lemma": "ὁ",
        "strong": "G35880",
        "morph": "Gr,RD,,,,NNS,"
      },
      {
        "text": "ῥηθὲν",
        "tag": "w",
        "type": "word",
        "lemma": "λέγω",
        "strong": "G30040",
        "morph": "Gr,V,PAP,NNS,"
      },
      {
        "text": "διὰ",
        "tag": "w",
        "type": "word",
        "lemma": "διά",
        "strong": "G12230",
        "morph": "Gr,P,,,,,G,,,"
      },
      {
        "text": "τῶν",
        "tag": "w",
        "type": "word",
        "lemma": "ὁ",
        "strong": "G35880",
        "morph": "Gr,EA,,,,GMP,"
      },
      {
        "text": "προφητῶν",
        "tag": "w",
        "type": "word",
        "lemma": "προφήτης",
        "strong": "G43960",
        "morph": "Gr,N,,,,,GMP,",
        "tw": "rc://*/tw/dict/bible/kt/prophet"
      },
      {
        "type": "text",
        "text": ","
      },
      {
        "text": "ὅτι",
        "tag": "w",
        "type": "word",
        "lemma": "ὅτι",
        "strong": "G37540",
        "morph": "Gr,CS,,,,,,,,"
      },
      {
        "type": "text",
        "text": "\n“"
      },
      {
        "text": "Ναζωραῖος",
        "tag": "w",
        "type": "word",
        "lemma": "Ναζωραῖος",
        "strong": "G34800",
        "morph": "Gr,N,,,,,NMS,",
        "tw": "rc://*/tw/dict/bible/names/nazareth"
      },
      {
        "text": "κληθήσεται",
        "tag": "w",
        "type": "word",
        "lemma": "καλέω",
        "strong": "G25640",
        "morph": "Gr,V,IFP3,,S,",
        "tw": "rc://*/tw/dict/bible/kt/call"
      },
      {
        "type": "text",
        "text": ".”\n\n"
      }
    ]
  },
  "front": {
    "verseObjects": [
      {
        "tag": "p",
        "type": "paragraph",
        "text": "\n"
      },
      {
        "type": "text",
        "text": "\n"
      }
    ]
  }
}