{
  "1": {
    "verseObjects": [
      {
        "text": "ὀψὲ",
        "tag": "w",
        "type": "word",
        "lemma": "ὀψέ",
        "strong": "G37960",
        "morph": "Gr,PI,,,,G,,,"
      },
      {
        "text": "δὲ",
        "tag": "w",
        "type": "word",
        "lemma": "δέ",
        "strong": "G11610",
        "morph": "Gr,CC,,,,,,,,"
      },
      {
        "text": "Σαββάτων",
        "tag": "w",
        "type": "word",
        "lemma": "σάββατον",
        "strong": "G45210",
        "morph": "Gr,N,,,,,GNP,",
        "tw": "rc://*/tw/dict/bible/kt/sabbath"
      },
      {
        "type": "text",
        "text": ","
      },
      {
        "text": "τῇ",
        "tag": "w",
        "type": "word",
        "lemma": "ὁ",
        "strong": "G35880",
        "morph": "Gr,RD,,,,DFS,"
      },
      {
        "text": "ἐπιφωσκούσῃ",
        "tag": "w",
        "type": "word",
        "lemma": "ἐπιφώσκω",
        "strong": "G20200",
        "morph": "Gr,V,PPA,DFS,"
      },
      {
        "text": "εἰς",
        "tag": "w",
        "type": "word",
        "lemma": "εἰς",
        "strong": "G15190",
        "morph": "Gr,P,,,,,A,,,"
      },
      {
        "text": "μίαν",
        "tag": "w",
        "type": "word",
        "lemma": "εἷς",
        "strong": "G15200",
        "morph": "Gr,NS,,,,AFS,"
      },
      {
        "text": "σαββάτων",
        "tag": "w",
        "type": "word",
        "lemma": "σάββατον",
        "strong": "G45210",
        "morph": "Gr,N,,,,,GNP,"
      },
      {
        "type": "text",
        "text": ","
      },
      {
        "text": "ἦλθεν",
        "tag": "w",
        "type": "word",
        "lemma": "ἔρχομαι",
        "strong": "G20640",
        "morph": "Gr,V,IAA3,,S,"
      },
      {
        "tag": "k",
        "type": "milestone",
        "tw": "rc://*/tw/dict/bible/names/marymagdalene",
        "children": [
          {
            "text": "Μαρία",
            "tag": "w",
            "type": "word",
            "lemma": "Μαρία",
            "strong": "G31370",
            "morph": "Gr,N,,,,,NFS,"
          },
          {
            "text": "ἡ",
            "tag": "w",
            "type": "word",
            "lemma": "ὁ",
            "strong": "G35880",
            "morph": "Gr,EA,,,,NFS,"
          },
          {
            "text": "Μαγδαληνὴ",
            "tag": "w",
            "type": "word",
            "lemma": "Μαγδαληνή",
            "strong": "G30940",
            "morph": "Gr,N,,,,,NFS,"
          }
        ],
        "endTag": "k-e\\*"
      },
      {
        "text": "καὶ",
        "tag": "w",
        "type": "word",
        "lemma": "καί",
        "strong": "G25320",
        "morph": "Gr,CC,,,,,,,,"
      },
      {
        "text": "ἡ",
        "tag": "w",
        "type": "word",
        "lemma": "ὁ",
        "strong": "G35880",
        "morph": "Gr,EA,,,,NFS,"
      },
      {
        "text": "ἄλλη",
        "tag": "w",
        "type": "word",
        "lemma": "ἄλλος",
        "strong": "G02430",
        "morph": "Gr,EF,,,,NFS,"
      },
      {
        "text": "Μαρία",
        "tag": "w",
        "type": "word",
        "lemma": "Μαρία",
        "strong": "G31370",
        "morph": "Gr,N,,,,,NFS,"
      },
      {
        "type": "text",
        "text": ","
      },
      {
        "text": "θεωρῆσαι",
        "tag": "w",
        "type": "word",
        "lemma": "θεωρέω",
        "strong": "G23340",
        "morph": "Gr,V,NAA,,,,,"
      },
      {
        "text": "τὸν",
        "tag": "w",
        "type": "word",
        "lemma": "ὁ",
        "strong": "G35880",
        "morph": "Gr,EA,,,,AMS,"
      },
      {
        "text": "τάφον",
        "tag": "w",
        "type": "word",
        "lemma": "τάφος",
        "strong": "G50280",
        "morph": "Gr,N,,,,,AMS,",
        "tw": "rc://*/tw/dict/bible/other/tomb"
      },
      {
        "type": "text",
        "text": ".\n\n"
      }
    ]
  },
  "2": {
    "verseObjects": [
      {
        "text": "καὶ",
        "tag": "w",
        "type": "word",
        "lemma": "καί",
        "strong": "G25320",
        "morph": "Gr,CC,,,,,,,,"
      },
      {
        "text": "ἰδοὺ",
        "tag": "w",
        "type": "word",
        "lemma": "ὁράω",
        "strong": "G37080",
        "morph": "Gr,IDMAA2,,S,"
      },
      {
        "type": "text",
        "text": ","
      },
      {
        "text": "σεισμὸς",
        "tag": "w",
        "type": "word",
        "lemma": "σεισμός",
        "strong": "G45780",
        "morph": "Gr,N,,,,,NMS,"
      },
      {
        "text": "ἐγένετο",
        "tag": "w",
        "type": "word",
        "lemma": "γίνομαι",
        "strong": "G10960",
        "morph": "Gr,V,IAM3,,S,"
      },
      {
        "text": "μέγας",
        "tag": "w",
        "type": "word",
        "lemma": "μέγας",
        "strong": "G31730",
        "morph": "Gr,NS,,,,NMS,"
      },
      {
        "type": "text",
        "text": ";"
      },
      {
        "text": "ἄγγελος",
        "tag": "w",
        "type": "word",
        "lemma": "ἄγγελος",
        "strong": "G00320",
        "morph": "Gr,N,,,,,NMS,",
        "tw": "rc://*/tw/dict/bible/kt/angel"
      },
      {
        "text": "γὰρ",
        "tag": "w",
        "type": "word",
        "lemma": "γάρ",
        "strong": "G10630",
        "morph": "Gr,CC,,,,,,,,"
      },
      {
        "text": "Κυρίου",
        "tag": "w",
        "type": "word",
        "lemma": "κύριος",
        "strong": "G29620",
        "morph": "Gr,N,,,,,GMS,",
        "tw": "rc://*/tw/dict/bible/kt/lord"
      },
      {
        "text": "καταβὰς",
        "tag": "w",
        "type": "word",
        "lemma": "καταβαίνω",
        "strong": "G25970",
        "morph": "Gr,V,PAA,NMS,"
      },
      {
        "text": "ἐξ",
        "tag": "w",
        "type": "word",
        "lemma": "ἐκ",
        "strong": "G15370",
        "morph": "Gr,P,,,,,G,,,"
      },
      {
        "text": "οὐρανοῦ",
        "tag": "w",
        "type": "word",
        "lemma": "οὐρανός",
        "strong": "G37720",
        "morph": "Gr,N,,,,,GMS,",
        "tw": "rc://*/tw/dict/bible/kt/heaven"
      },
      {
        "text": "καὶ",
        "tag": "w",
        "type": "word",
        "lemma": "καί",
        "strong": "G25320",
        "morph": "Gr,CC,,,,,,,,"
      },
      {
        "text": "προσελθὼν",
        "tag": "w",
        "type": "word",
        "lemma": "προσέρχομαι",
        "strong": "G43340",
        "morph": "Gr,V,PAA,NMS,"
      },
      {
        "type": "text",
        "text": ","
      },
      {
        "text": "ἀπεκύλισε",
        "tag": "w",
        "type": "word",
        "lemma": "ἀποκυλίω",
        "strong": "G06170",
        "morph": "Gr,V,IAA3,,S,"
      },
      {
        "text": "τὸν",
        "tag": "w",
        "type": "word",
        "lemma": "ὁ",
        "strong": "G35880",
        "morph": "Gr,EA,,,,AMS,"
      },
      {
        "text": "λίθον",
        "tag": "w",
        "type": "word",
        "lemma": "λίθος",
        "strong": "G30370",
        "morph": "Gr,N,,,,,AMS,"
      },
      {
        "text": "καὶ",
        "tag": "w",
        "type": "word",
        "lemma": "καί",
        "strong": "G25320",
        "morph": "Gr,CC,,,,,,,,"
      },
      {
        "text": "ἐκάθητο",
        "tag": "w",
        "type": "word",
        "lemma": "κάθημαι",
        "strong": "G25210",
        "morph": "Gr,V,IIM3,,S,"
      },
      {
        "text": "ἐπάνω",
        "tag": "w",
        "type": "word",
        "lemma": "ἐπάνω",
        "strong": "G18830",
        "morph": "Gr,PI,,,,G,,,"
      },
      {
        "text": "αὐτοῦ",
        "tag": "w",
        "type": "word",
        "lemma": "αὐτός",
        "strong": "G08460",
        "morph": "Gr,RP,,,3GMS,"
      },
      {
        "type": "text",
        "text": ".\n\n"
      }
    ]
  },
  "3": {
    "verseObjects": [
      {
        "text": "ἦν",
        "tag": "w",
        "type": "word",
        "lemma": "εἰμί",
        "strong": "G15100",
        "morph": "Gr,V,IIA3,,S,"
      },
      {
        "text": "δὲ",
        "tag": "w",
        "type": "word",
        "lemma": "δέ",
        "strong": "G11610",
        "morph": "Gr,CC,,,,,,,,"
      },
      {
        "text": "ἡ",
        "tag": "w",
        "type": "word",
        "lemma": "ὁ",
        "strong": "G35880",
        "morph": "Gr,EA,,,,NFS,"
      },
      {
        "text": "εἰδέα",
        "tag": "w",
        "type": "word",
        "lemma": "εἰδέα",
        "strong": "G23970",
        "morph": "Gr,N,,,,,NFS,"
      },
      {
        "text": "αὐτοῦ",
        "tag": "w",
        "type": "word",
        "lemma": "αὐτός",
        "strong": "G08460",
        "morph": "Gr,RP,,,3GMS,"
      },
      {
        "text": "ὡς",
        "tag": "w",
        "type": "word",
        "lemma": "ὡς",
        "strong": "G56130",
        "morph": "Gr,CS,,,,,,,,",
        "tw": "rc://*/tw/dict/bible/other/like"
      },
      {
        "text": "ἀστραπὴ",
        "tag": "w",
        "type": "word",
        "lemma": "ἀστραπή",
        "strong": "G07960",
        "morph": "Gr,N,,,,,NFS,"
      },
      {
        "type": "text",
        "text": ","
      },
      {
        "text": "καὶ",
        "tag": "w",
        "type": "word",
        "lemma": "καί",
        "strong": "G25320",
        "morph": "Gr,CC,,,,,,,,"
      },
      {
        "text": "τὸ",
        "tag": "w",
        "type": "word",
        "lemma": "ὁ",
        "strong": "G35880",
        "morph": "Gr,EA,,,,NNS,"
      },
      {
        "text": "ἔνδυμα",
        "tag": "w",
        "type": "word",
        "lemma": "ἔνδυμα",
        "strong": "G17420",
        "morph": "Gr,N,,,,,NNS,",
        "tw": "rc://*/tw/dict/bible/other/clothed"
      },
      {
        "text": "αὐτοῦ",
        "tag": "w",
        "type": "word",
        "lemma": "αὐτός",
        "strong": "G08460",
        "morph": "Gr,RP,,,3GMS,"
      },
      {
        "text": "λευκὸν",
        "tag": "w",
        "type": "word",
        "lemma": "λευκός",
        "strong": "G30220",
        "morph": "Gr,NP,,,,NNS,"
      },
      {
        "text": "ὡς",
        "tag": "w",
        "type": "word",
        "lemma": "ὡς",
        "strong": "G56130",
        "morph": "Gr,CS,,,,,,,,",
        "tw": "rc://*/tw/dict/bible/other/like"
      },
      {
        "text": "χιών",
        "tag": "w",
        "type": "word",
        "lemma": "χιών",
        "strong": "G55100",
        "morph": "Gr,N,,,,,NFS,",
        "tw": "rc://*/tw/dict/bible/other/snow"
      },
      {
        "type": "text",
        "text": ".\n\n"
      }
    ]
  },
  "4": {
    "verseObjects": [
      {
        "text": "ἀπὸ",
        "tag": "w",
        "type": "word",
        "lemma": "ἀπό",
        "strong": "G05750",
        "morph": "Gr,P,,,,,G,,,"
      },
      {
        "text": "δὲ",
        "tag": "w",
        "type": "word",
        "lemma": "δέ",
        "strong": "G11610",
        "morph": "Gr,CC,,,,,,,,"
      },
      {
        "text": "τοῦ",
        "tag": "w",
        "type": "word",
        "lemma": "ὁ",
        "strong": "G35880",
        "morph": "Gr,EA,,,,GMS,"
      },
      {
        "text": "φόβου",
        "tag": "w",
        "type": "word",
        "lemma": "φόβος",
        "strong": "G54010",
        "morph": "Gr,N,,,,,GMS,",
        "tw": "rc://*/tw/dict/bible/kt/fear"
      },
      {
        "text": "αὐτοῦ",
        "tag": "w",
        "type": "word",
        "lemma": "αὐτός",
        "strong": "G08460",
        "morph": "Gr,RP,,,3GMS,"
      },
      {
        "type": "text",
        "text": ","
      },
      {
        "text": "ἐσείσθησαν",
        "tag": "w",
        "type": "word",
        "lemma": "σείω",
        "strong": "G45790",
        "morph": "Gr,V,IAP3,,P,",
        "tw": "rc://*/tw/dict/bible/other/tremble"
      },
      {
        "text": "οἱ",
        "tag": "w",
        "type": "word",
        "lemma": "ὁ",
        "strong": "G35880",
        "morph": "Gr,RD,,,,NMP,"
      },
      {
        "text": "τηροῦντες",
        "tag": "w",
        "type": "word",
        "lemma": "τηρέω",
        "strong": "G50830",
        "morph": "Gr,V,PPA,NMP,",
        "tw": "rc://*/tw/dict/bible/other/watch"
      },
      {
        "type": "text",
        "text": ","
      },
      {
        "text": "καὶ",
        "tag": "w",
        "type": "word",
        "lemma": "καί",
        "strong": "G25320",
        "morph": "Gr,CC,,,,,,,,"
      },
      {
        "text": "ἐγενήθησαν",
        "tag": "w",
        "type": "word",
        "lemma": "γίνομαι",
        "strong": "G10960",
        "morph": "Gr,V,IAP3,,P,"
      },
      {
        "text": "ὡς",
        "tag": "w",
        "type": "word",
        "lemma": "ὡς",
        "strong": "G56130",
        "morph": "Gr,CS,,,,,,,,",
        "tw": "rc://*/tw/dict/bible/other/like"
      },
      {
        "text": "νεκροί",
        "tag": "w",
        "type": "word",
        "lemma": "νεκρός",
        "strong": "G34980",
        "morph": "Gr,NS,,,,NMP,",
        "tw": "rc://*/tw/dict/bible/other/death"
      },
      {
        "type": "text",
        "text": ".\n\n"
      }
    ]
  },
  "5": {
    "verseObjects": [
      {
        "text": "ἀποκριθεὶς",
        "tag": "w",
        "type": "word",
        "lemma": "ἀποκρίνω",
        "strong": "G06110",
        "morph": "Gr,V,PAP,NMS,"
      },
      {
        "text": "δὲ",
        "tag": "w",
        "type": "word",
        "lemma": "δέ",
        "strong": "G11610",
        "morph": "Gr,CC,,,,,,,,"
      },
      {
        "text": "ὁ",
        "tag": "w",
        "type": "word",
        "lemma": "ὁ",
        "strong": "G35880",
        "morph": "Gr,EA,,,,NMS,"
      },
      {
        "text": "ἄγγελος",
        "tag": "w",
        "type": "word",
        "lemma": "ἄγγελος",
        "strong": "G00320",
        "morph": "Gr,N,,,,,NMS,",
        "tw": "rc://*/tw/dict/bible/kt/angel"
      },
      {
        "text": "εἶπεν",
        "tag": "w",
        "type": "word",
        "lemma": "λέγω",
        "strong": "G30040",
        "morph": "Gr,V,IAA3,,S,"
      },
      {
        "text": "ταῖς",
        "tag": "w",
        "type": "word",
        "lemma": "ὁ",
        "strong": "G35880",
        "morph": "Gr,EA,,,,DFP,"
      },
      {
        "text": "γυναιξίν",
        "tag": "w",
        "type": "word",
        "lemma": "γυνή",
        "strong": "G11350",
        "morph": "Gr,N,,,,,DFP,"
      },
      {
        "type": "text",
        "text": ",\n“"
      },
      {
        "text": "μὴ",
        "tag": "w",
        "type": "word",
        "lemma": "μή",
        "strong": "G33610",
        "morph": "Gr,D,,,,,,,,,"
      },
      {
        "text": "φοβεῖσθε",
        "tag": "w",
        "type": "word",
        "lemma": "φοβέω",
        "strong": "G53990",
        "morph": "Gr,V,MPM2,,P,",
        "tw": "rc://*/tw/dict/bible/kt/fear"
      },
      {
        "text": "ὑμεῖς",
        "tag": "w",
        "type": "word",
        "lemma": "σύ",
        "strong": "G47710",
        "morph": "Gr,RP,,,2N,P,"
      },
      {
        "type": "text",
        "text": ";"
      },
      {
        "text": "οἶδα",
        "tag": "w",
        "type": "word",
        "lemma": "οἶδα",
        "strong": "G14920",
        "morph": "Gr,V,IEA1,,S,",
        "tw": "rc://*/tw/dict/bible/other/know"
      },
      {
        "text": "γὰρ",
        "tag": "w",
        "type": "word",
        "lemma": "γάρ",
        "strong": "G10630",
        "morph": "Gr,CC,,,,,,,,"
      },
      {
        "text": "ὅτι",
        "tag": "w",
        "type": "word",
        "lemma": "ὅτι",
        "strong": "G37540",
        "morph": "Gr,CS,,,,,,,,"
      },
      {
        "text": "Ἰησοῦν",
        "tag": "w",
        "type": "word",
        "lemma": "Ἰησοῦς",
        "strong": "G24240",
        "morph": "Gr,N,,,,,AMS,",
        "tw": "rc://*/tw/dict/bible/kt/jesus"
      },
      {
        "type": "text",
        "text": ","
      },
      {
        "text": "τὸν",
        "tag": "w",
        "type": "word",
        "lemma": "ὁ",
        "strong": "G35880",
        "morph": "Gr,RD,,,,AMS,"
      },
      {
        "text": "ἐσταυρωμένον",
        "tag": "w",
        "type": "word",
        "lemma": "σταυρόω",
        "strong": "G47170",
        "morph": "Gr,V,PEP,AMS,",
        "tw": "rc://*/tw/dict/bible/kt/crucify"
      },
      {
        "type": "text",
        "text": ","
      },
      {
        "text": "ζητεῖτε",
        "tag": "w",
        "type": "word",
        "lemma": "ζητέω",
        "strong": "G22120",
        "morph": "Gr,V,IPA2,,P,",
        "tw": "rc://*/tw/dict/bible/other/seek"
      },
      {
        "type": "text",
        "text": ".\n\n"
      }
    ]
  },
  "6": {
    "verseObjects": [
      {
        "text": "οὐκ",
        "tag": "w",
        "type": "word",
        "lemma": "οὐ",
        "strong": "G37560",
        "morph": "Gr,D,,,,,,,,,"
      },
      {
        "text": "ἔστιν",
        "tag": "w",
        "type": "word",
        "lemma": "εἰμί",
        "strong": "G15100",
        "morph": "Gr,V,IPA3,,S,"
      },
      {
        "text": "ὧδε",
        "tag": "w",
        "type": "word",
        "lemma": "ὧδε",
        "strong": "G56020",
        "morph": "Gr,D,,,,,,,,,"
      },
      {
        "type": "text",
        "text": ","
      },
      {
        "text": "ἠγέρθη",
        "tag": "w",
        "type": "word",
        "lemma": "ἐγείρω",
        "strong": "G14530",
        "morph": "Gr,V,IAP3,,S,",
        "tw": "rc://*/tw/dict/bible/other/raise"
      },
      {
        "text": "γὰρ",
        "tag": "w",
        "type": "word",
        "lemma": "γάρ",
        "strong": "G10630",
        "morph": "Gr,CC,,,,,,,,"
      },
      {
        "text": "καθὼς",
        "tag": "w",
        "type": "word",
        "lemma": "καθώς",
        "strong": "G25310",
        "morph": "Gr,D,,,,,,,,,",
        "tw": "rc://*/tw/dict/bible/other/like"
      },
      {
        "text": "εἶπεν",
        "tag": "w",
        "type": "word",
        "lemma": "λέγω",
        "strong": "G30040",
        "morph": "Gr,V,IAA3,,S,"
      },
      {
        "type": "text",
        "text": "."
      },
      {
        "text": "δεῦτε",
        "tag": "w",
        "type": "word",
        "lemma": "δεῦτε",
        "strong": "G12050",
        "morph": "Gr,V,MAA2,,P,"
      },
      {
        "text": "ἴδετε",
        "tag": "w",
        "type": "word",
        "lemma": "ὁράω",
        "strong": "G37080",
        "morph": "Gr,V,MAA2,,P,"
      },
      {
        "text": "τὸν",
        "tag": "w",
        "type": "word",
        "lemma": "ὁ",
        "strong": "G35880",
        "morph": "Gr,EA,,,,AMS,"
      },
      {
        "text": "τόπον",
        "tag": "w",
        "type": "word",
        "lemma": "τόπος",
        "strong": "G51170",
        "morph": "Gr,N,,,,,AMS,"
      },
      {
        "text": "ὅπου",
        "tag": "w",
        "type": "word",
        "lemma": "ὅπου",
        "strong": "G36990",
        "morph": "Gr,D,,,,,,,,,"
      },
      {
        "text": "ἔκειτο",
        "tag": "w",
        "type": "word",
        "lemma": "κεῖμαι",
        "strong": "G27490",
        "morph": "Gr,V,IIM3,,S,"
      },
      {
        "type": "text",
        "text": ".\n\n"
      }
    ]
  },
  "7": {
    "verseObjects": [
      {
        "text": "καὶ",
        "tag": "w",
        "type": "word",
        "lemma": "καί",
        "strong": "G25320",
        "morph": "Gr,CC,,,,,,,,"
      },
      {
        "text": "ταχὺ",
        "tag": "w",
        "type": "word",
        "lemma": "ταχύ",
        "strong": "G50350",
        "morph": "Gr,D,,,,,,,,,"
      },
      {
        "text": "πορευθεῖσαι",
        "tag": "w",
        "type": "word",
        "lemma": "πορεύω",
        "strong": "G41980",
        "morph": "Gr,V,PAP,NFP,"
      },
      {
        "type": "text",
        "text": ","
      },
      {
        "text": "εἴπατε",
        "tag": "w",
        "type": "word",
        "lemma": "λέγω",
        "strong": "G30040",
        "morph": "Gr,V,MAA2,,P,"
      },
      {
        "text": "τοῖς",
        "tag": "w",
        "type": "word",
        "lemma": "ὁ",
        "strong": "G35880",
        "morph": "Gr,EA,,,,DMP,"
      },
      {
        "text": "μαθηταῖς",
        "tag": "w",
        "type": "word",
        "lemma": "μαθητής",
        "strong": "G31010",
        "morph": "Gr,N,,,,,DMP,",
        "tw": "rc://*/tw/dict/bible/kt/disciple"
      },
      {
        "text": "αὐτοῦ",
        "tag": "w",
        "type": "word",
        "lemma": "αὐτός",
        "strong": "G08460",
        "morph": "Gr,RP,,,3GMS,"
      },
      {
        "type": "text",
        "text": ","
      },
      {
        "text": "ὅτι",
        "tag": "w",
        "type": "word",
        "lemma": "ὅτι",
        "strong": "G37540",
        "morph": "Gr,CS,,,,,,,,"
      },
      {
        "text": "ἠγέρθη",
        "tag": "w",
        "type": "word",
        "lemma": "ἐγείρω",
        "strong": "G14530",
        "morph": "Gr,V,IAP3,,S,",
        "tw": "rc://*/tw/dict/bible/other/raise"
      },
      {
        "text": "ἀπὸ",
        "tag": "w",
        "type": "word",
        "lemma": "ἀπό",
        "strong": "G05750",
        "morph": "Gr,P,,,,,G,,,"
      },
      {
        "text": "τῶν",
        "tag": "w",
        "type": "word",
        "lemma": "ὁ",
        "strong": "G35880",
        "morph": "Gr,EA,,,,GMP,"
      },
      {
        "text": "νεκρῶν",
        "tag": "w",
        "type": "word",
        "lemma": "νεκρός",
        "strong": "G34980",
        "morph": "Gr,NS,,,,GMP,",
        "tw": "rc://*/tw/dict/bible/other/death"
      },
      {
        "type": "text",
        "text": ";"
      },
      {
        "text": "καὶ",
        "tag": "w",
        "type": "word",
        "lemma": "καί",
        "strong": "G25320",
        "morph": "Gr,CC,,,,,,,,"
      },
      {
        "text": "ἰδοὺ",
        "tag": "w",
        "type": "word",
        "lemma": "ὁράω",
        "strong": "G37080",
        "morph": "Gr,IDMAA2,,S,"
      },
      {
        "type": "text",
        "text": ","
      },
      {
        "text": "προάγει",
        "tag": "w",
        "type": "word",
        "lemma": "προάγω",
        "strong": "G42540",
        "morph": "Gr,V,IPA3,,S,"
      },
      {
        "text": "ὑμᾶς",
        "tag": "w",
        "type": "word",
        "lemma": "σύ",
        "strong": "G47710",
        "morph": "Gr,RP,,,2A,P,"
      },
      {
        "text": "εἰς",
        "tag": "w",
        "type": "word",
        "lemma": "εἰς",
        "strong": "G15190",
        "morph": "Gr,P,,,,,A,,,"
      },
      {
        "text": "τὴν",
        "tag": "w",
        "type": "word",
        "lemma": "ὁ",
        "strong": "G35880",
        "morph": "Gr,EA,,,,AFS,"
      },
      {
        "text": "Γαλιλαίαν",
        "tag": "w",
        "type": "word",
        "lemma": "Γαλιλαία",
        "strong": "G10560",
        "morph": "Gr,N,,,,,AFS,",
        "tw": "rc://*/tw/dict/bible/names/galilee"
      },
      {
        "type": "text",
        "text": ";"
      },
      {
        "text": "ἐκεῖ",
        "tag": "w",
        "type": "word",
        "lemma": "ἐκεῖ",
        "strong": "G15630",
        "morph": "Gr,D,,,,,,,,,"
      },
      {
        "text": "αὐτὸν",
        "tag": "w",
        "type": "word",
        "lemma": "αὐτός",
        "strong": "G08460",
        "morph": "Gr,RP,,,3AMS,"
      },
      {
        "text": "ὄψεσθε",
        "tag": "w",
        "type": "word",
        "lemma": "ὁράω",
        "strong": "G37080",
        "morph": "Gr,V,IFM2,,P,"
      },
      {
        "type": "text",
        "text": "."
      },
      {
        "text": "ἰδοὺ",
        "tag": "w",
        "type": "word",
        "lemma": "ὁράω",
        "strong": "G37080",
        "morph": "Gr,IDMAA2,,S,"
      },
      {
        "type": "text",
        "text": ","
      },
      {
        "text": "εἶπον",
        "tag": "w",
        "type": "word",
        "lemma": "λέγω",
        "strong": "G30040",
        "morph": "Gr,V,IAA1,,S,"
      },
      {
        "text": "ὑμῖν",
        "tag": "w",
        "type": "word",
        "lemma": "σύ",
        "strong": "G47710",
        "morph": "Gr,RP,,,2D,P,"
      },
      {
        "type": "text",
        "text": ".”\n\n"
      }
    ]
  },
  "8": {
    "verseObjects": [
      {
        "text": "καὶ",
        "tag": "w",
        "type": "word",
        "lemma": "καί",
        "strong": "G25320",
        "morph": "Gr,CC,,,,,,,,"
      },
      {
        "text": "ἀπελθοῦσαι",
        "tag": "w",
        "type": "word",
        "lemma": "ἀπέρχομαι",
        "strong": "G05650",
        "morph": "Gr,V,PAA,NFP,"
      },
      {
        "text": "ταχὺ",
        "tag": "w",
        "type": "word",
        "lemma": "ταχύ",
        "strong": "G50350",
        "morph": "Gr,D,,,,,,,,,"
      },
      {
        "text": "ἀπὸ",
        "tag": "w",
        "type": "word",
        "lemma": "ἀπό",
        "strong": "G05750",
        "morph": "Gr,P,,,,,G,,,"
      },
      {
        "text": "τοῦ",
        "tag": "w",
        "type": "word",
        "lemma": "ὁ",
        "strong": "G35880",
        "morph": "Gr,EA,,,,GNS,"
      },
      {
        "text": "μνημείου",
        "tag": "w",
        "type": "word",
        "lemma": "μνημεῖον",
        "strong": "G34190",
        "morph": "Gr,N,,,,,GNS,",
        "tw": "rc://*/tw/dict/bible/other/tomb"
      },
      {
        "type": "text",
        "text": ","
      },
      {
        "text": "μετὰ",
        "tag": "w",
        "type": "word",
        "lemma": "μετά",
        "strong": "G33260",
        "morph": "Gr,P,,,,,G,,,"
      },
      {
        "text": "φόβου",
        "tag": "w",
        "type": "word",
        "lemma": "φόβος",
        "strong": "G54010",
        "morph": "Gr,N,,,,,GMS,",
        "tw": "rc://*/tw/dict/bible/kt/fear"
      },
      {
        "text": "καὶ",
        "tag": "w",
        "type": "word",
        "lemma": "καί",
        "strong": "G25320",
        "morph": "Gr,CC,,,,,,,,"
      },
      {
        "text": "χαρᾶς",
        "tag": "w",
        "type": "word",
        "lemma": "χαρά",
        "strong": "G54790",
        "morph": "Gr,N,,,,,GFS,",
        "tw": "rc://*/tw/dict/bible/other/joy"
      },
      {
        "text": "μεγάλης",
        "tag": "w",
        "type": "word",
        "lemma": "μέγας",
        "strong": "G31730",
        "morph": "Gr,AA,,,,GFS,"
      },
      {
        "type": "text",
        "text": ","
      },
      {
        "text": "ἔδραμον",
        "tag": "w",
        "type": "word",
        "lemma": "τρέχω",
        "strong": "G51430",
        "morph": "Gr,V,IAA3,,P,"
      },
      {
        "text": "ἀπαγγεῖλαι",
        "tag": "w",
        "type": "word",
        "lemma": "ἀπαγγέλλω",
        "strong": "G05180",
        "morph": "Gr,V,NAA,,,,,",
        "tw": "rc://*/tw/dict/bible/other/report"
      },
      {
        "text": "τοῖς",
        "tag": "w",
        "type": "word",
        "lemma": "ὁ",
        "strong": "G35880",
        "morph": "Gr,EA,,,,DMP,"
      },
      {
        "text": "μαθηταῖς",
        "tag": "w",
        "type": "word",
        "lemma": "μαθητής",
        "strong": "G31010",
        "morph": "Gr,N,,,,,DMP,",
        "tw": "rc://*/tw/dict/bible/kt/disciple"
      },
      {
        "text": "αὐτοῦ",
        "tag": "w",
        "type": "word",
        "lemma": "αὐτός",
        "strong": "G08460",
        "morph": "Gr,RP,,,3GMS,"
      },
      {
        "type": "text",
        "text": ".\n\n"
      }
    ]
  },
  "9": {
    "verseObjects": [
      {
        "text": "καὶ",
        "tag": "w",
        "type": "word",
        "lemma": "καί",
        "strong": "G25320",
        "morph": "Gr,CC,,,,,,,,"
      },
      {
        "text": "ἰδοὺ",
        "tag": "w",
        "type": "word",
        "lemma": "ὁράω",
        "strong": "G37080",
        "morph": "Gr,IDMAA2,,S,"
      },
      {
        "type": "text",
        "text": ","
      },
      {
        "text": "Ἰησοῦς",
        "tag": "w",
        "type": "word",
        "lemma": "Ἰησοῦς",
        "strong": "G24240",
        "morph": "Gr,N,,,,,NMS,",
        "tw": "rc://*/tw/dict/bible/kt/jesus"
      },
      {
        "text": "ὑπήντησεν",
        "tag": "w",
        "type": "word",
        "lemma": "ὑπαντάω",
        "strong": "G52210",
        "morph": "Gr,V,IAA3,,S,"
      },
      {
        "text": "αὐταῖς",
        "tag": "w",
        "type": "word",
        "lemma": "αὐτός",
        "strong": "G08460",
        "morph": "Gr,RP,,,3DFP,"
      },
      {
        "text": "λέγων",
        "tag": "w",
        "type": "word",
        "lemma": "λέγω",
        "strong": "G30040",
        "morph": "Gr,V,PPA,NMS,"
      },
      {
        "type": "text",
        "text": ",\n“"
      },
      {
        "text": "χαίρετε",
        "tag": "w",
        "type": "word",
        "lemma": "χαίρω",
        "strong": "G54630",
        "morph": "Gr,IEMPA2,,P,"
      },
      {
        "type": "text",
        "text": "!”"
      },
      {
        "text": "αἱ",
        "tag": "w",
        "type": "word",
        "lemma": "ὁ",
        "strong": "G35880",
        "morph": "Gr,RD,,,,NFP,"
      },
      {
        "text": "δὲ",
        "tag": "w",
        "type": "word",
        "lemma": "δέ",
        "strong": "G11610",
        "morph": "Gr,CC,,,,,,,,"
      },
      {
        "text": "προσελθοῦσαι",
        "tag": "w",
        "type": "word",
        "lemma": "προσέρχομαι",
        "strong": "G43340",
        "morph": "Gr,V,PAA,NFP,"
      },
      {
        "type": "text",
        "text": ","
      },
      {
        "text": "ἐκράτησαν",
        "tag": "w",
        "type": "word",
        "lemma": "κρατέω",
        "strong": "G29020",
        "morph": "Gr,V,IAA3,,P,"
      },
      {
        "text": "αὐτοῦ",
        "tag": "w",
        "type": "word",
        "lemma": "αὐτός",
        "strong": "G08460",
        "morph": "Gr,RP,,,3GMS,"
      },
      {
        "text": "τοὺς",
        "tag": "w",
        "type": "word",
        "lemma": "ὁ",
        "strong": "G35880",
        "morph": "Gr,EA,,,,AMP,"
      },
      {
        "text": "πόδας",
        "tag": "w",
        "type": "word",
        "lemma": "πούς",
        "strong": "G42280",
        "morph": "Gr,N,,,,,AMP,"
      },
      {
        "text": "καὶ",
        "tag": "w",
        "type": "word",
        "lemma": "καί",
        "strong": "G25320",
        "morph": "Gr,CC,,,,,,,,"
      },
      {
        "text": "προσεκύνησαν",
        "tag": "w",
        "type": "word",
        "lemma": "προσκυνέω",
        "strong": "G43520",
        "morph": "Gr,V,IAA3,,P,",
        "tw": "rc://*/tw/dict/bible/kt/worship"
      },
      {
        "text": "αὐτῷ",
        "tag": "w",
        "type": "word",
        "lemma": "αὐτός",
        "strong": "G08460",
        "morph": "Gr,RP,,,3DMS,"
      },
      {
        "type": "text",
        "text": ".\n\n"
      }
    ]
  },
  "10": {
    "verseObjects": [
      {
        "text": "τότε",
        "tag": "w",
        "type": "word",
        "lemma": "τότε",
        "strong": "G51190",
        "morph": "Gr,D,,,,,,,,,"
      },
      {
        "text": "λέγει",
        "tag": "w",
        "type": "word",
        "lemma": "λέγω",
        "strong": "G30040",
        "morph": "Gr,V,IPA3,,S,"
      },
      {
        "text": "αὐταῖς",
        "tag": "w",
        "type": "word",
        "lemma": "αὐτός",
        "strong": "G08460",
        "morph": "Gr,RP,,,3DFP,"
      },
      {
        "text": "ὁ",
        "tag": "w",
        "type": "word",
        "lemma": "ὁ",
        "strong": "G35880",
        "morph": "Gr,EA,,,,NMS,"
      },
      {
        "text": "Ἰησοῦς",
        "tag": "w",
        "type": "word",
        "lemma": "Ἰησοῦς",
        "strong": "G24240",
        "morph": "Gr,N,,,,,NMS,",
        "tw": "rc://*/tw/dict/bible/kt/jesus"
      },
      {
        "type": "text",
        "text": ",\n“"
      },
      {
        "text": "μὴ",
        "tag": "w",
        "type": "word",
        "lemma": "μή",
        "strong": "G33610",
        "morph": "Gr,D,,,,,,,,,"
      },
      {
        "text": "φοβεῖσθε",
        "tag": "w",
        "type": "word",
        "lemma": "φοβέω",
        "strong": "G53990",
        "morph": "Gr,V,MPM2,,P,",
        "tw": "rc://*/tw/dict/bible/kt/fear"
      },
      {
        "type": "text",
        "text": "."
      },
      {
        "text": "ὑπάγετε",
        "tag": "w",
        "type": "word",
        "lemma": "ὑπάγω",
        "strong": "G52170",
        "morph": "Gr,V,MPA2,,P,"
      },
      {
        "text": "ἀπαγγείλατε",
        "tag": "w",
        "type": "word",
        "lemma": "ἀπαγγέλλω",
        "strong": "G05180",
        "morph": "Gr,V,MAA2,,P,",
        "tw": "rc://*/tw/dict/bible/other/report"
      },
      {
        "text": "τοῖς",
        "tag": "w",
        "type": "word",
        "lemma": "ὁ",
        "strong": "G35880",
        "morph": "Gr,EA,,,,DMP,"
      },
      {
        "text": "ἀδελφοῖς",
        "tag": "w",
        "type": "word",
        "lemma": "ἀδελφός",
        "strong": "G00800",
        "morph": "Gr,N,,,,,DMP,",
        "tw": "rc://*/tw/dict/bible/kt/brother"
      },
      {
        "text": "μου",
        "tag": "w",
        "type": "word",
        "lemma": "ἐγώ",
        "strong": "G14730",
        "morph": "Gr,RP,,,1G,S,"
      },
      {
        "type": "text",
        "text": ","
      },
      {
        "text": "ἵνα",
        "tag": "w",
        "type": "word",
        "lemma": "ἵνα",
        "strong": "G24430",
        "morph": "Gr,CS,,,,,,,,"
      },
      {
        "text": "ἀπέλθωσιν",
        "tag": "w",
        "type": "word",
        "lemma": "ἀπέρχομαι",
        "strong": "G05650",
        "morph": "Gr,V,SAA3,,P,"
      },
      {
        "text": "εἰς",
        "tag": "w",
        "type": "word",
        "lemma": "εἰς",
        "strong": "G15190",
        "morph": "Gr,P,,,,,A,,,"
      },
      {
        "text": "τὴν",
        "tag": "w",
        "type": "word",
        "lemma": "ὁ",
        "strong": "G35880",
        "morph": "Gr,EA,,,,AFS,"
      },
      {
        "text": "Γαλιλαίαν",
        "tag": "w",
        "type": "word",
        "lemma": "Γαλιλαία",
        "strong": "G10560",
        "morph": "Gr,N,,,,,AFS,",
        "tw": "rc://*/tw/dict/bible/names/galilee"
      },
      {
        "type": "text",
        "text": ","
      },
      {
        "text": "καὶ",
        "tag": "w",
        "type": "word",
        "lemma": "καί",
        "strong": "G25320",
        "morph": "Gr,CC,,,,,,,,"
      },
      {
        "text": "ἐκεῖ",
        "tag": "w",
        "type": "word",
        "lemma": "ἐκεῖ",
        "strong": "G15630",
        "morph": "Gr,D,,,,,,,,,"
      },
      {
        "text": "με",
        "tag": "w",
        "type": "word",
        "lemma": "ἐγώ",
        "strong": "G14730",
        "morph": "Gr,RP,,,1A,S,"
      },
      {
        "text": "ὄψονται",
        "tag": "w",
        "type": "word",
        "lemma": "ὁράω",
        "strong": "G37080",
        "morph": "Gr,V,IFM3,,P,"
      },
      {
        "type": "text",
        "text": ".”\n\n"
      }
    ]
  },
  "11": {
    "verseObjects": [
      {
        "type": "text",
        "text": "\n"
      },
      {
        "tag": "p",
        "type": "paragraph"
      },
      {
        "text": "πορευομένων",
        "tag": "w",
        "type": "word",
        "lemma": "πορεύω",
        "strong": "G41980",
        "morph": "Gr,V,PPM,GFP,"
      },
      {
        "text": "δὲ",
        "tag": "w",
        "type": "word",
        "lemma": "δέ",
        "strong": "G11610",
        "morph": "Gr,CC,,,,,,,,"
      },
      {
        "text": "αὐτῶν",
        "tag": "w",
        "type": "word",
        "lemma": "αὐτός",
        "strong": "G08460",
        "morph": "Gr,RP,,,3GFP,"
      },
      {
        "type": "text",
        "text": ","
      },
      {
        "text": "ἰδού",
        "tag": "w",
        "type": "word",
        "lemma": "ὁράω",
        "strong": "G37080",
        "morph": "Gr,IDMAA2,,S,"
      },
      {
        "type": "text",
        "text": ","
      },
      {
        "text": "τινες",
        "tag": "w",
        "type": "word",
        "lemma": "τις",
        "strong": "G51000",
        "morph": "Gr,RI,,,,NMP,"
      },
      {
        "text": "τῆς",
        "tag": "w",
        "type": "word",
        "lemma": "ὁ",
        "strong": "G35880",
        "morph": "Gr,EA,,,,GFS,"
      },
      {
        "text": "κουστωδίας",
        "tag": "w",
        "type": "word",
        "lemma": "κουστωδία",
        "strong": "G28920",
        "morph": "Gr,N,,,,,GFS,"
      },
      {
        "text": "ἐλθόντες",
        "tag": "w",
        "type": "word",
        "lemma": "ἔρχομαι",
        "strong": "G20640",
        "morph": "Gr,V,PAA,NMP,"
      },
      {
        "text": "εἰς",
        "tag": "w",
        "type": "word",
        "lemma": "εἰς",
        "strong": "G15190",
        "morph": "Gr,P,,,,,A,,,"
      },
      {
        "text": "τὴν",
        "tag": "w",
        "type": "word",
        "lemma": "ὁ",
        "strong": "G35880",
        "morph": "Gr,EA,,,,AFS,"
      },
      {
        "text": "πόλιν",
        "tag": "w",
        "type": "word",
        "lemma": "πόλις",
        "strong": "G41720",
        "morph": "Gr,N,,,,,AFS,"
      },
      {
        "type": "text",
        "text": ","
      },
      {
        "text": "ἀπήγγειλαν",
        "tag": "w",
        "type": "word",
        "lemma": "ἀπαγγέλλω",
        "strong": "G05180",
        "morph": "Gr,V,IAA3,,P,",
        "tw": "rc://*/tw/dict/bible/other/report"
      },
      {
        "text": "τοῖς",
        "tag": "w",
        "type": "word",
        "lemma": "ὁ",
        "strong": "G35880",
        "morph": "Gr,EA,,,,DMP,"
      },
      {
        "text": "ἀρχιερεῦσιν",
        "tag": "w",
        "type": "word",
        "lemma": "ἀρχιερεύς",
        "strong": "G07490",
        "morph": "Gr,N,,,,,DMP,",
        "tw": "rc://*/tw/dict/bible/other/chiefpriests"
      },
      {
        "text": "ἅπαντα",
        "tag": "w",
        "type": "word",
        "lemma": "ἅπας",
        "strong": "G05370",
        "morph": "Gr,RI,,,,ANP,"
      },
      {
        "text": "τὰ",
        "tag": "w",
        "type": "word",
        "lemma": "ὁ",
        "strong": "G35880",
        "morph": "Gr,RD,,,,ANP,"
      },
      {
        "text": "γενόμενα",
        "tag": "w",
        "type": "word",
        "lemma": "γίνομαι",
        "strong": "G10960",
        "morph": "Gr,V,PAM,ANP,"
      },
      {
        "type": "text",
        "text": ".\n\n"
      }
    ]
  },
  "12": {
    "verseObjects": [
      {
        "text": "καὶ",
        "tag": "w",
        "type": "word",
        "lemma": "καί",
        "strong": "G25320",
        "morph": "Gr,CC,,,,,,,,"
      },
      {
        "text": "συναχθέντες",
        "tag": "w",
        "type": "word",
        "lemma": "συνάγω",
        "strong": "G48630",
        "morph": "Gr,V,PAP,NMP,",
        "tw": "rc://*/tw/dict/bible/other/assembly"
      },
      {
        "text": "μετὰ",
        "tag": "w",
        "type": "word",
        "lemma": "μετά",
        "strong": "G33260",
        "morph": "Gr,P,,,,,G,,,"
      },
      {
        "text": "τῶν",
        "tag": "w",
        "type": "word",
        "lemma": "ὁ",
        "strong": "G35880",
        "morph": "Gr,EA,,,,GMP,"
      },
      {
        "text": "πρεσβυτέρων",
        "tag": "w",
        "type": "word",
        "lemma": "πρεσβύτερος",
        "strong": "G42450",
        "morph": "Gr,NS,,,,GMPC",
        "tw": "rc://*/tw/dict/bible/other/elder"
      },
      {
        "text": "συμβούλιόν",
        "tag": "w",
        "type": "word",
        "lemma": "συμβούλιον",
        "strong": "G48240",
        "morph": "Gr,N,,,,,ANS,",
        "tw": "rc://*/tw/dict/bible/other/counselor"
      },
      {
        "text": "τε",
        "tag": "w",
        "type": "word",
        "lemma": "τέ",
        "strong": "G50370",
        "morph": "Gr,CC,,,,,,,,"
      },
      {
        "text": "λαβόντες",
        "tag": "w",
        "type": "word",
        "lemma": "λαμβάνω",
        "strong": "G29830",
        "morph": "Gr,V,PAA,NMP,"
      },
      {
        "type": "text",
        "text": ","
      },
      {
        "text": "ἀργύρια",
        "tag": "w",
        "type": "word",
        "lemma": "ἀργύριον",
        "strong": "G06940",
        "morph": "Gr,N,,,,,ANP,",
        "tw": "rc://*/tw/dict/bible/other/silver"
      },
      {
        "text": "ἱκανὰ",
        "tag": "w",
        "type": "word",
        "lemma": "ἱκανός",
        "strong": "G24250",
        "morph": "Gr,AA,,,,ANP,"
      },
      {
        "text": "ἔδωκαν",
        "tag": "w",
        "type": "word",
        "lemma": "δίδωμι",
        "strong": "G13250",
        "morph": "Gr,V,IAA3,,P,"
      },
      {
        "text": "τοῖς",
        "tag": "w",
        "type": "word",
        "lemma": "ὁ",
        "strong": "G35880",
        "morph": "Gr,EA,,,,DMP,"
      },
      {
        "text": "στρατιώταις",
        "tag": "w",
        "type": "word",
        "lemma": "στρατιώτης",
        "strong": "G47570",
        "morph": "Gr,N,,,,,DMP,",
        "tw": "rc://*/tw/dict/bible/other/warrior"
      },
      {
        "type": "text",
        "text": "\n\n"
      }
    ]
  },
  "13": {
    "verseObjects": [
      {
        "text": "λέγοντες",
        "tag": "w",
        "type": "word",
        "lemma": "λέγω",
        "strong": "G30040",
        "morph": "Gr,V,PPA,NMP,"
      },
      {
        "type": "text",
        "text": ",\n“"
      },
      {
        "text": "εἴπατε",
        "tag": "w",
        "type": "word",
        "lemma": "λέγω",
        "strong": "G30040",
        "morph": "Gr,V,MAA2,,P,"
      },
      {
        "text": "ὅτι",
        "tag": "w",
        "type": "word",
        "lemma": "ὅτι",
        "strong": "G37540",
        "morph": "Gr,CS,,,,,,,,"
      },
      {
        "type": "text",
        "text": ","
      },
      {
        "text": "οἱ",
        "tag": "w",
        "type": "word",
        "lemma": "ὁ",
        "strong": "G35880",
        "morph": "Gr,EA,,,,NMP,"
      },
      {
        "type": "text",
        "text": "‘"
      },
      {
        "text": "μαθηταὶ",
        "tag": "w",
        "type": "word",
        "lemma": "μαθητής",
        "strong": "G31010",
        "morph": "Gr,N,,,,,NMP,",
        "tw": "rc://*/tw/dict/bible/kt/disciple"
      },
      {
        "text": "αὐτοῦ",
        "tag": "w",
        "type": "word",
        "lemma": "αὐτός",
        "strong": "G08460",
        "morph": "Gr,RP,,,3GMS,"
      },
      {
        "text": "νυκτὸς",
        "tag": "w",
        "type": "word",
        "lemma": "νύξ",
        "strong": "G35710",
        "morph": "Gr,N,,,,,GFS,"
      },
      {
        "text": "ἐλθόντες",
        "tag": "w",
        "type": "word",
        "lemma": "ἔρχομαι",
        "strong": "G20640",
        "morph": "Gr,V,PAA,NMP,"
      },
      {
        "text": "ἔκλεψαν",
        "tag": "w",
        "type": "word",
        "lemma": "κλέπτω",
        "strong": "G28130",
        "morph": "Gr,V,IAA3,,P,"
      },
      {
        "text": "αὐτὸν",
        "tag": "w",
        "type": "word",
        "lemma": "αὐτός",
        "strong": "G08460",
        "morph": "Gr,RP,,,3AMS,"
      },
      {
        "type": "text",
        "text": ","
      },
      {
        "text": "ἡμῶν",
        "tag": "w",
        "type": "word",
        "lemma": "ἐγώ",
        "strong": "G14730",
        "morph": "Gr,RP,,,1G,P,"
      },
      {
        "text": "κοιμωμένων",
        "tag": "w",
        "type": "word",
        "lemma": "κοιμάω",
        "strong": "G28370",
        "morph": "Gr,V,PPM,GMP,",
        "tw": "rc://*/tw/dict/bible/other/sleep"
      },
      {
        "type": "text",
        "text": ".’\n\n"
      }
    ]
  },
  "14": {
    "verseObjects": [
      {
        "text": "καὶ",
        "tag": "w",
        "type": "word",
        "lemma": "καί",
        "strong": "G25320",
        "morph": "Gr,CC,,,,,,,,"
      },
      {
        "text": "ἐὰν",
        "tag": "w",
        "type": "word",
        "lemma": "ἐάν",
        "strong": "G14370",
        "morph": "Gr,CS,,,,,,,,"
      },
      {
        "text": "ἀκουσθῇ",
        "tag": "w",
        "type": "word",
        "lemma": "ἀκούω",
        "strong": "G01910",
        "morph": "Gr,V,SAP3,,S,"
      },
      {
        "text": "τοῦτο",
        "tag": "w",
        "type": "word",
        "lemma": "οὗτος",
        "strong": "G37780",
        "morph": "Gr,RD,,,,NNS,"
      },
      {
        "text": "ἐπὶ",
        "tag": "w",
        "type": "word",
        "lemma": "ἐπί",
        "strong": "G19090",
        "morph": "Gr,P,,,,,G,,,"
      },
      {
        "text": "τοῦ",
        "tag": "w",
        "type": "word",
        "lemma": "ὁ",
        "strong": "G35880",
        "morph": "Gr,EA,,,,GMS,"
      },
      {
        "text": "ἡγεμόνος",
        "tag": "w",
        "type": "word",
        "lemma": "ἡγεμών",
        "strong": "G22320",
        "morph": "Gr,N,,,,,GMS,",
        "tw": "rc://*/tw/dict/bible/other/governor"
      },
      {
        "type": "text",
        "text": ","
      },
      {
        "text": "ἡμεῖς",
        "tag": "w",
        "type": "word",
        "lemma": "ἐγώ",
        "strong": "G14730",
        "morph": "Gr,RP,,,1N,P,"
      },
      {
        "text": "πείσομεν",
        "tag": "w",
        "type": "word",
        "lemma": "πείθω",
        "strong": "G39820",
        "morph": "Gr,V,IFA1,,P,"
      },
      {
        "text": "καὶ",
        "tag": "w",
        "type": "word",
        "lemma": "καί",
        "strong": "G25320",
        "morph": "Gr,CC,,,,,,,,"
      },
      {
        "text": "ὑμᾶς",
        "tag": "w",
        "type": "word",
        "lemma": "σύ",
        "strong": "G47710",
        "morph": "Gr,RP,,,2A,P,"
      },
      {
        "text": "ἀμερίμνους",
        "tag": "w",
        "type": "word",
        "lemma": "ἀμέριμνος",
        "strong": "G02750",
        "morph": "Gr,NS,,,,AMP,"
      },
      {
        "text": "ποιήσομεν",
        "tag": "w",
        "type": "word",
        "lemma": "ποιέω",
        "strong": "G41600",
        "morph": "Gr,V,IFA1,,P,"
      },
      {
        "type": "text",
        "text": ".”\n\n"
      }
    ]
  },
  "15": {
    "verseObjects": [
      {
        "text": "οἱ",
        "tag": "w",
        "type": "word",
        "lemma": "ὁ",
        "strong": "G35880",
        "morph": "Gr,RP,,,,NMP,"
      },
      {
        "text": "δὲ",
        "tag": "w",
        "type": "word",
        "lemma": "δέ",
        "strong": "G11610",
        "morph": "Gr,CC,,,,,,,,"
      },
      {
        "text": "λαβόντες",
        "tag": "w",
        "type": "word",
        "lemma": "λαμβάνω",
        "strong": "G29830",
        "morph": "Gr,V,PAA,NMP,"
      },
      {
        "text": "ἀργύρια",
        "tag": "w",
        "type": "word",
        "lemma": "ἀργύριον",
        "strong": "G06940",
        "morph": "Gr,N,,,,,ANP,",
        "tw": "rc://*/tw/dict/bible/other/silver"
      },
      {
        "text": "ἐποίησαν",
        "tag": "w",
        "type": "word",
        "lemma": "ποιέω",
        "strong": "G41600",
        "morph": "Gr,V,IAA3,,P,"
      },
      {
        "text": "ὡς",
        "tag": "w",
        "type": "word",
        "lemma": "ὡς",
        "strong": "G56130",
        "morph": "Gr,CS,,,,,,,,",
        "tw": "rc://*/tw/dict/bible/other/like"
      },
      {
        "text": "ἐδιδάχθησαν",
        "tag": "w",
        "type": "word",
        "lemma": "διδάσκω",
        "strong": "G13210",
        "morph": "Gr,V,IAP3,,P,",
        "tw": "rc://*/tw/dict/bible/other/instruct"
      },
      {
        "type": "text",
        "text": "."
      },
      {
        "text": "καὶ",
        "tag": "w",
        "type": "word",
        "lemma": "καί",
        "strong": "G25320",
        "morph": "Gr,CC,,,,,,,,"
      },
      {
        "text": "διεφημίσθη",
        "tag": "w",
        "type": "word",
        "lemma": "διαφημίζω",
        "strong": "G13100",
        "morph": "Gr,V,IAP3,,S,"
      },
      {
        "text": "ὁ",
        "tag": "w",
        "type": "word",
        "lemma": "ὁ",
        "strong": "G35880",
        "morph": "Gr,EA,,,,NMS,"
      },
      {
        "text": "λόγος",
        "tag": "w",
        "type": "word",
        "lemma": "λόγος",
        "strong": "G30560",
        "morph": "Gr,N,,,,,NMS,",
        "tw": "rc://*/tw/dict/bible/other/report"
      },
      {
        "text": "οὗτος",
        "tag": "w",
        "type": "word",
        "lemma": "οὗτος",
        "strong": "G37780",
        "morph": "Gr,ED,,,,NMS,"
      },
      {
        "text": "παρὰ",
        "tag": "w",
        "type": "word",
        "lemma": "παρά",
        "strong": "G38440",
        "morph": "Gr,P,,,,,D,,,"
      },
      {
        "text": "Ἰουδαίοις",
        "tag": "w",
        "type": "word",
        "lemma": "Ἰουδαῖος",
        "strong": "G24530",
        "morph": "Gr,NS,,,,DMP,",
        "tw": "rc://*/tw/dict/bible/kt/jew"
      },
      {
        "text": "μέχρι",
        "tag": "w",
        "type": "word",
        "lemma": "μέχρι",
        "strong": "G33600",
        "morph": "Gr,PI,,,,G,,,"
      },
      {
        "text": "τῆς",
        "tag": "w",
        "type": "word",
        "lemma": "ὁ",
        "strong": "G35880",
        "morph": "Gr,EA,,,,GFS,"
      },
      {
        "text": "σήμερον",
        "tag": "w",
        "type": "word",
        "lemma": "σήμερον",
        "strong": "G45940",
        "morph": "Gr,D,,,,,,,,,"
      },
      {
        "text": "ἡμέρας",
        "tag": "w",
        "type": "word",
        "lemma": "ἡμέρα",
        "strong": "G22500",
        "morph": "Gr,N,,,,,GFS,",
        "tw": "rc://*/tw/dict/bible/other/biblicaltimeday"
      },
      {
        "type": "text",
        "text": ".\n\n"
      }
    ]
  },
  "16": {
    "verseObjects": [
      {
        "type": "text",
        "text": "\n"
      },
      {
        "tag": "p",
        "type": "paragraph"
      },
      {
        "text": "οἱ",
        "tag": "w",
        "type": "word",
        "lemma": "ὁ",
        "strong": "G35880",
        "morph": "Gr,EA,,,,NMP,"
      },
      {
        "text": "δὲ",
        "tag": "w",
        "type": "word",
        "lemma": "δέ",
        "strong": "G11610",
        "morph": "Gr,CC,,,,,,,,"
      },
      {
        "tag": "k",
        "type": "milestone",
        "tw": "rc://*/tw/dict/bible/kt/thetwelve",
        "children": [
          {
            "text": "ἕνδεκα",
            "tag": "w",
            "type": "word",
            "lemma": "ἕνδεκα",
            "strong": "G17330",
            "morph": "Gr,EN,,,,NMPI"
          },
          {
            "text": "μαθηταὶ",
            "tag": "w",
            "type": "word",
            "lemma": "μαθητής",
            "strong": "G31010",
            "morph": "Gr,N,,,,,NMP,",
            "tw": "rc://*/tw/dict/bible/kt/disciple"
          }
        ],
        "endTag": "k-e\\*"
      },
      {
        "text": "ἐπορεύθησαν",
        "tag": "w",
        "type": "word",
        "lemma": "πορεύω",
        "strong": "G41980",
        "morph": "Gr,V,IAP3,,P,"
      },
      {
        "text": "εἰς",
        "tag": "w",
        "type": "word",
        "lemma": "εἰς",
        "strong": "G15190",
        "morph": "Gr,P,,,,,A,,,"
      },
      {
        "text": "τὴν",
        "tag": "w",
        "type": "word",
        "lemma": "ὁ",
        "strong": "G35880",
        "morph": "Gr,EA,,,,AFS,"
      },
      {
        "text": "Γαλιλαίαν",
        "tag": "w",
        "type": "word",
        "lemma": "Γαλιλαία",
        "strong": "G10560",
        "morph": "Gr,N,,,,,AFS,",
        "tw": "rc://*/tw/dict/bible/names/galilee"
      },
      {
        "type": "text",
        "text": ","
      },
      {
        "text": "εἰς",
        "tag": "w",
        "type": "word",
        "lemma": "εἰς",
        "strong": "G15190",
        "morph": "Gr,P,,,,,A,,,"
      },
      {
        "text": "τὸ",
        "tag": "w",
        "type": "word",
        "lemma": "ὁ",
        "strong": "G35880",
        "morph": "Gr,EA,,,,ANS,"
      },
      {
        "text": "ὄρος",
        "tag": "w",
        "type": "word",
        "lemma": "ὄρος",
        "strong": "G37350",
        "morph": "Gr,N,,,,,ANS,"
      },
      {
        "text": "οὗ",
        "tag": "w",
        "type": "word",
        "lemma": "οὗ",
        "strong": "G37570",
        "morph": "Gr,D,,,,,,,,,"
      },
      {
        "text": "ἐτάξατο",
        "tag": "w",
        "type": "word",
        "lemma": "τάσσω",
        "strong": "G50210",
        "morph": "Gr,V,IAM3,,S,"
      },
      {
        "text": "αὐτοῖς",
        "tag": "w",
        "type": "word",
        "lemma": "αὐτός",
        "strong": "G08460",
        "morph": "Gr,RP,,,3DMP,"
      },
      {
        "text": "ὁ",
        "tag": "w",
        "type": "word",
        "lemma": "ὁ",
        "strong": "G35880",
        "morph": "Gr,EA,,,,NMS,"
      },
      {
        "text": "Ἰησοῦς",
        "tag": "w",
        "type": "word",
        "lemma": "Ἰησοῦς",
        "strong": "G24240",
        "morph": "Gr,N,,,,,NMS,",
        "tw": "rc://*/tw/dict/bible/kt/jesus"
      },
      {
        "type": "text",
        "text": ".\n\n"
      }
    ]
  },
  "17": {
    "verseObjects": [
      {
        "text": "καὶ",
        "tag": "w",
        "type": "word",
        "lemma": "καί",
        "strong": "G25320",
        "morph": "Gr,CC,,,,,,,,"
      },
      {
        "text": "ἰδόντες",
        "tag": "w",
        "type": "word",
        "lemma": "ὁράω",
        "strong": "G37080",
        "morph": "Gr,V,PAA,NMP,"
      },
      {
        "text": "αὐτὸν",
        "tag": "w",
        "type": "word",
        "lemma": "αὐτός",
        "strong": "G08460",
        "morph": "Gr,RP,,,3AMS,"
      },
      {
        "text": "προσεκύνησαν",
        "tag": "w",
        "type": "word",
        "lemma": "προσκυνέω",
        "strong": "G43520",
        "morph": "Gr,V,IAA3,,P,",
        "tw": "rc://*/tw/dict/bible/kt/worship"
      },
      {
        "type": "text",
        "text": ","
      },
      {
        "text": "οἱ",
        "tag": "w",
        "type": "word",
        "lemma": "ὁ",
        "strong": "G35880",
        "morph": "Gr,RP,,,,NMP,"
      },
      {
        "text": "δὲ",
        "tag": "w",
        "type": "word",
        "lemma": "δέ",
        "strong": "G11610",
        "morph": "Gr,CC,,,,,,,,"
      },
      {
        "text": "ἐδίστασαν",
        "tag": "w",
        "type": "word",
        "lemma": "διστάζω",
        "strong": "G13650",
        "morph": "Gr,V,IAA3,,P,"
      },
      {
        "type": "text",
        "text": ".\n\n"
      }
    ]
  },
  "18": {
    "verseObjects": [
      {
        "text": "καὶ",
        "tag": "w",
        "type": "word",
        "lemma": "καί",
        "strong": "G25320",
        "morph": "Gr,CC,,,,,,,,"
      },
      {
        "text": "προσελθὼν",
        "tag": "w",
        "type": "word",
        "lemma": "προσέρχομαι",
        "strong": "G43340",
        "morph": "Gr,V,PAA,NMS,"
      },
      {
        "type": "text",
        "text": ","
      },
      {
        "text": "ὁ",
        "tag": "w",
        "type": "word",
        "lemma": "ὁ",
        "strong": "G35880",
        "morph": "Gr,EA,,,,NMS,"
      },
      {
        "text": "Ἰησοῦς",
        "tag": "w",
        "type": "word",
        "lemma": "Ἰησοῦς",
        "strong": "G24240",
        "morph": "Gr,N,,,,,NMS,",
        "tw": "rc://*/tw/dict/bible/kt/jesus"
      },
      {
        "text": "ἐλάλησεν",
        "tag": "w",
        "type": "word",
        "lemma": "λαλέω",
        "strong": "G29800",
        "morph": "Gr,V,IAA3,,S,"
      },
      {
        "text": "αὐτοῖς",
        "tag": "w",
        "type": "word",
        "lemma": "αὐτός",
        "strong": "G08460",
        "morph": "Gr,RP,,,3DMP,"
      },
      {
        "text": "λέγων",
        "tag": "w",
        "type": "word",
        "lemma": "λέγω",
        "strong": "G30040",
        "morph": "Gr,V,PPA,NMS,"
      },
      {
        "type": "text",
        "text": ",\n“"
      },
      {
        "text": "ἐδόθη",
        "tag": "w",
        "type": "word",
        "lemma": "δίδωμι",
        "strong": "G13250",
        "morph": "Gr,V,IAP3,,S,"
      },
      {
        "text": "μοι",
        "tag": "w",
        "type": "word",
        "lemma": "ἐγώ",
        "strong": "G14730",
        "morph": "Gr,RP,,,1D,S,"
      },
      {
        "text": "πᾶσα",
        "tag": "w",
        "type": "word",
        "lemma": "πᾶς",
        "strong": "G39560",
        "morph": "Gr,EQ,,,,NFS,"
      },
      {
        "text": "ἐξουσία",
        "tag": "w",
        "type": "word",
        "lemma": "ἐξουσία",
        "strong": "G18490",
        "morph": "Gr,N,,,,,NFS,",
        "tw": "rc://*/tw/dict/bible/kt/authority"
      },
      {
        "text": "ἐν",
        "tag": "w",
        "type": "word",
        "lemma": "ἐν",
        "strong": "G17220",
        "morph": "Gr,P,,,,,D,,,"
      },
      {
        "text": "οὐρανῷ",
        "tag": "w",
        "type": "word",
        "lemma": "οὐρανός",
        "strong": "G37720",
        "morph": "Gr,N,,,,,DMS,",
        "tw": "rc://*/tw/dict/bible/kt/heaven"
      },
      {
        "text": "καὶ",
        "tag": "w",
        "type": "word",
        "lemma": "καί",
        "strong": "G25320",
        "morph": "Gr,CC,,,,,,,,"
      },
      {
        "text": "ἐπὶ",
        "tag": "w",
        "type": "word",
        "lemma": "ἐπί",
        "strong": "G19090",
        "morph": "Gr,P,,,,,G,,,"
      },
      {
        "text": "τῆς",
        "tag": "w",
        "type": "word",
        "lemma": "ὁ",
        "strong": "G35880",
        "morph": "Gr,EA,,,,GFS,"
      },
      {
        "text": "γῆς",
        "tag": "w",
        "type": "word",
        "lemma": "γῆ",
        "strong": "G10930",
        "morph": "Gr,N,,,,,GFS,",
        "tw": "rc://*/tw/dict/bible/other/earth"
      },
      {
        "type": "text",
        "text": ".\n\n"
      }
    ]
  },
  "19": {
    "verseObjects": [
      {
        "text": "πορευθέντες",
        "tag": "w",
        "type": "word",
        "lemma": "πορεύω",
        "strong": "G41980",
        "morph": "Gr,V,PAP,NMP,"
      },
      {
        "text": "οὖν",
        "tag": "w",
        "type": "word",
        "lemma": "οὖν",
        "strong": "G37670",
        "morph": "Gr,CC,,,,,,,,"
      },
      {
        "type": "text",
        "text": ","
      },
      {
        "text": "μαθητεύσατε",
        "tag": "w",
        "type": "word",
        "lemma": "μαθητεύω",
        "strong": "G31000",
        "morph": "Gr,V,MAA2,,P,",
        "tw": "rc://*/tw/dict/bible/kt/disciple"
      },
      {
        "text": "πάντα",
        "tag": "w",
        "type": "word",
        "lemma": "πᾶς",
        "strong": "G39560",
        "morph": "Gr,EQ,,,,ANP,"
      },
      {
        "text": "τὰ",
        "tag": "w",
        "type": "word",
        "lemma": "ὁ",
        "strong": "G35880",
        "morph": "Gr,EA,,,,ANP,"
      },
      {
        "text": "ἔθνη",
        "tag": "w",
        "type": "word",
        "lemma": "ἔθνος",
        "strong": "G14840",
        "morph": "Gr,N,,,,,ANP,",
        "tw": "rc://*/tw/dict/bible/other/nation"
      },
      {
        "type": "text",
        "text": ","
      },
      {
        "text": "βαπτίζοντες",
        "tag": "w",
        "type": "word",
        "lemma": "βαπτίζω",
        "strong": "G09070",
        "morph": "Gr,V,PPA,NMP,",
        "tw": "rc://*/tw/dict/bible/kt/baptize"
      },
      {
        "text": "αὐτοὺς",
        "tag": "w",
        "type": "word",
        "lemma": "αὐτός",
        "strong": "G08460",
        "morph": "Gr,RP,,,3AMP,"
      },
      {
        "text": "εἰς",
        "tag": "w",
        "type": "word",
        "lemma": "εἰς",
        "strong": "G15190",
        "morph": "Gr,P,,,,,A,,,"
      },
      {
        "text": "τὸ",
        "tag": "w",
        "type": "word",
        "lemma": "ὁ",
        "strong": "G35880",
        "morph": "Gr,EA,,,,ANS,"
      },
      {
        "text": "ὄνομα",
        "tag": "w",
        "type": "word",
        "lemma": "ὄνομα",
        "strong": "G36860",
        "morph": "Gr,N,,,,,ANS,",
        "tw": "rc://*/tw/dict/bible/kt/name"
      },
      {
        "text": "τοῦ",
        "tag": "w",
        "type": "word",
        "lemma": "ὁ",
        "strong": "G35880",
        "morph": "Gr,EA,,,,GMS,"
      },
      {
        "text": "Πατρὸς",
        "tag": "w",
        "type": "word",
        "lemma": "πατήρ",
        "strong": "G39620",
        "morph": "Gr,N,,,,,GMS,",
        "tw": "rc://*/tw/dict/bible/kt/godthefather"
      },
      {
        "type": "text",
        "text": ","
      },
      {
        "text": "καὶ",
        "tag": "w",
        "type": "word",
        "lemma": "καί",
        "strong": "G25320",
        "morph": "Gr,CC,,,,,,,,"
      },
      {
        "text": "τοῦ",
        "tag": "w",
        "type": "word",
        "lemma": "ὁ",
        "strong": "G35880",
        "morph": "Gr,EA,,,,GMS,"
      },
      {
        "text": "Υἱοῦ",
        "tag": "w",
        "type": "word",
        "lemma": "υἱός",
        "strong": "G52070",
        "morph": "Gr,N,,,,,GMS,",
        "tw": "rc://*/tw/dict/bible/kt/sonofgod"
      },
      {
        "type": "text",
        "text": ","
      },
      {
        "text": "καὶ",
        "tag": "w",
        "type": "word",
        "lemma": "καί",
        "strong": "G25320",
        "morph": "Gr,CC,,,,,,,,"
      },
      {
        "text": "τοῦ",
        "tag": "w",
        "type": "word",
        "lemma": "ὁ",
        "strong": "G35880",
        "morph": "Gr,EA,,,,GNS,"
      },
      {
        "tag": "k",
        "type": "milestone",
        "tw": "rc://*/tw/dict/bible/kt/holyspirit",
        "children": [
          {
            "text": "Ἁγίου",
            "tag": "w",
            "type": "word",
            "lemma": "ἅγιος",
            "strong": "G00400",
            "morph": "Gr,AA,,,,GNS,",
            "tw": "rc://*/tw/dict/bible/kt/holy"
          },
          {
            "text": "Πνεύματος",
            "tag": "w",
            "type": "word",
            "lemma": "πνεῦμα",
            "strong": "G41510",
            "morph": "Gr,N,,,,,GNS,"
          }
        ],
        "endTag": "k-e\\*"
      },
      {
        "type": "text",
        "text": ";\n\n"
      }
    ]
  },
  "20": {
    "verseObjects": [
      {
        "text": "διδάσκοντες",
        "tag": "w",
        "type": "word",
        "lemma": "διδάσκω",
        "strong": "G13210",
        "morph": "Gr,V,PPA,NMP,",
        "tw": "rc://*/tw/dict/bible/other/teach"
      },
      {
        "text": "αὐτοὺς",
        "tag": "w",
        "type": "word",
        "lemma": "αὐτός",
        "strong": "G08460",
        "morph": "Gr,RP,,,3AMP,"
      },
      {
        "text": "τηρεῖν",
        "tag": "w",
        "type": "word",
        "lemma": "τηρέω",
        "strong": "G50830",
        "morph": "Gr,V,NPA,,,,,",
        "tw": "rc://*/tw/dict/bible/other/obey"
      },
      {
        "text": "πάντα",
        "tag": "w",
        "type": "word",
        "lemma": "πᾶς",
        "strong": "G39560",
        "morph": "Gr,RI,,,,ANP,"
      },
      {
        "text": "ὅσα",
        "tag": "w",
        "type": "word",
        "lemma": "ὅσος",
        "strong": "G37450",
        "morph": "Gr,RR,,,,ANP,"
      },
      {
        "text": "ἐνετειλάμην",
        "tag": "w",
        "type": "word",
        "lemma": "ἐντέλλω",
        "strong": "G17810",
        "morph": "Gr,V,IAM1,,S,",
        "tw": "rc://*/tw/dict/bible/kt/command"
      },
      {
        "text": "ὑμῖν",
        "tag": "w",
        "type": "word",
        "lemma": "σύ",
        "strong": "G47710",
        "morph": "Gr,RP,,,2D,P,"
      },
      {
        "type": "text",
        "text": "."
      },
      {
        "text": "καὶ",
        "tag": "w",
        "type": "word",
        "lemma": "καί",
        "strong": "G25320",
        "morph": "Gr,CC,,,,,,,,"
      },
      {
        "text": "ἰδοὺ",
        "tag": "w",
        "type": "word",
        "lemma": "ὁράω",
        "strong": "G37080",
        "morph": "Gr,IDMAA2,,S,"
      },
      {
        "type": "text",
        "text": ","
      },
      {
        "text": "ἐγὼ",
        "tag": "w",
        "type": "word",
        "lemma": "ἐγώ",
        "strong": "G14730",
        "morph": "Gr,RP,,,1N,S,"
      },
      {
        "text": "μεθ’",
        "tag": "w",
        "type": "word",
        "lemma": "μετά",
        "strong": "G33260",
        "morph": "Gr,P,,,,,G,,,"
      },
      {
        "text": "ὑμῶν",
        "tag": "w",
        "type": "word",
        "lemma": "σύ",
        "strong": "G47710",
        "morph": "Gr,RP,,,2G,P,"
      },
      {
        "text": "εἰμι",
        "tag": "w",
        "type": "word",
        "lemma": "εἰμί",
        "strong": "G15100",
        "morph": "Gr,V,IPA1,,S,"
      },
      {
        "text": "πάσας",
        "tag": "w",
        "type": "word",
        "lemma": "πᾶς",
        "strong": "G39560",
        "morph": "Gr,EQ,,,,AFP,"
      },
      {
        "text": "τὰς",
        "tag": "w",
        "type": "word",
        "lemma": "ὁ",
        "strong": "G35880",
        "morph": "Gr,EA,,,,AFP,"
      },
      {
        "text": "ἡμέρας",
        "tag": "w",
        "type": "word",
        "lemma": "ἡμέρα",
        "strong": "G22500",
        "morph": "Gr,N,,,,,AFP,",
        "tw": "rc://*/tw/dict/bible/other/biblicaltimeday"
      },
      {
        "type": "text",
        "text": ","
      },
      {
        "text": "ἕως",
        "tag": "w",
        "type": "word",
        "lemma": "ἕως",
        "strong": "G21930",
        "morph": "Gr,PI,,,,G,,,"
      },
      {
        "text": "τῆς",
        "tag": "w",
        "type": "word",
        "lemma": "ὁ",
        "strong": "G35880",
        "morph": "Gr,EA,,,,GFS,"
      },
      {
        "text": "συντελείας",
        "tag": "w",
        "type": "word",
        "lemma": "συντέλεια",
        "strong": "G49300",
        "morph": "Gr,N,,,,,GFS,"
      },
      {
        "text": "τοῦ",
        "tag": "w",
        "type": "word",
        "lemma": "ὁ",
        "strong": "G35880",
        "morph": "Gr,EA,,,,GMS,"
      },
      {
        "text": "αἰῶνος",
        "tag": "w",
        "type": "word",
        "lemma": "αἰών",
        "strong": "G01650",
        "morph": "Gr,N,,,,,GMS,",
        "tw": "rc://*/tw/dict/bible/other/age"
      },
      {
        "type": "text",
        "text": ".”\n"
      }
    ]
  },
  "front": {
    "verseObjects": [
      {
        "tag": "p",
        "nextChar": "\n",
        "type": "paragraph"
      },
      {
        "type": "text",
        "text": "\n"
      }
    ]
  }
}