{
  "1": {
    "verseObjects": [
      {
        "text": "ἐν",
        "tag": "w",
        "type": "word",
        "lemma": "ἐν",
        "strong": "G17220",
        "morph": "Gr,P,,,,,D,,,"
      },
      {
        "text": "δὲ",
        "tag": "w",
        "type": "word",
        "lemma": "δέ",
        "strong": "G11610",
        "morph": "Gr,CC,,,,,,,,"
      },
      {
        "text": "ταῖς",
        "tag": "w",
        "type": "word",
        "lemma": "ὁ",
        "strong": "G35880",
        "morph": "Gr,EA,,,,DFP,"
      },
      {
        "text": "ἡμέραις",
        "tag": "w",
        "type": "word",
        "lemma": "ἡμέρα",
        "strong": "G22500",
        "morph": "Gr,N,,,,,DFP,",
        "tw": "rc://*/tw/dict/bible/other/biblicaltimeday"
      },
      {
        "text": "ἐκείναις",
        "tag": "w",
        "type": "word",
        "lemma": "ἐκεῖνος",
        "strong": "G15650",
        "morph": "Gr,ED,,,,DFP,"
      },
      {
        "text": "παραγίνεται",
        "tag": "w",
        "type": "word",
        "lemma": "παραγίνομαι",
        "strong": "G38540",
        "morph": "Gr,V,IPM3,,S,"
      },
      {
        "tag": "k",
        "type": "milestone",
        "tw": "rc://*/tw/dict/bible/names/johnthebaptist",
        "children": [
          {
            "text": "Ἰωάννης",
            "tag": "w",
            "type": "word",
            "lemma": "Ἰωάννης",
            "strong": "G24910",
            "morph": "Gr,N,,,,,NMS,"
          },
          {
            "text": "ὁ",
            "tag": "w",
            "type": "word",
            "lemma": "ὁ",
            "strong": "G35880",
            "morph": "Gr,EA,,,,NMS,"
          },
          {
            "text": "Βαπτιστὴς",
            "tag": "w",
            "type": "word",
            "lemma": "βαπτιστής",
            "strong": "G09100",
            "morph": "Gr,N,,,,,NMS,"
          }
        ],
        "endTag": "k-e\\*"
      },
      {
        "type": "text",
        "text": ","
      },
      {
        "text": "κηρύσσων",
        "tag": "w",
        "type": "word",
        "lemma": "κηρύσσω",
        "strong": "G27840",
        "morph": "Gr,V,PPA,NMS,",
        "tw": "rc://*/tw/dict/bible/other/preach"
      },
      {
        "text": "ἐν",
        "tag": "w",
        "type": "word",
        "lemma": "ἐν",
        "strong": "G17220",
        "morph": "Gr,P,,,,,D,,,"
      },
      {
        "text": "τῇ",
        "tag": "w",
        "type": "word",
        "lemma": "ὁ",
        "strong": "G35880",
        "morph": "Gr,EA,,,,DFS,"
      },
      {
        "text": "ἐρήμῳ",
        "tag": "w",
        "type": "word",
        "lemma": "ἔρημος",
        "strong": "G20480",
        "morph": "Gr,NS,,,,DFS,",
        "tw": "rc://*/tw/dict/bible/other/desert"
      },
      {
        "text": "τῆς",
        "tag": "w",
        "type": "word",
        "lemma": "ὁ",
        "strong": "G35880",
        "morph": "Gr,EA,,,,GFS,"
      },
      {
        "text": "Ἰουδαίας",
        "tag": "w",
        "type": "word",
        "lemma": "Ἰουδαία",
        "strong": "G24490",
        "morph": "Gr,N,,,,,GFS,",
        "tw": "rc://*/tw/dict/bible/names/judea"
      },
      {
        "type": "text",
        "text": "\n\n"
      }
    ]
  },
  "2": {
    "verseObjects": [
      {
        "text": "λέγων",
        "tag": "w",
        "type": "word",
        "lemma": "λέγω",
        "strong": "G30040",
        "morph": "Gr,V,PPA,NMS,"
      },
      {
        "type": "text",
        "text": ",\n“"
      },
      {
        "text": "μετανοεῖτε",
        "tag": "w",
        "type": "word",
        "lemma": "μετανοέω",
        "strong": "G33400",
        "morph": "Gr,V,MPA2,,P,",
        "tw": "rc://*/tw/dict/bible/kt/repent"
      },
      {
        "type": "text",
        "text": ","
      },
      {
        "text": "ἤγγικεν",
        "tag": "w",
        "type": "word",
        "lemma": "ἐγγίζω",
        "strong": "G14480",
        "morph": "Gr,V,IEA3,,S,"
      },
      {
        "text": "γὰρ",
        "tag": "w",
        "type": "word",
        "lemma": "γάρ",
        "strong": "G10630",
        "morph": "Gr,CC,,,,,,,,"
      },
      {
        "text": "ἡ",
        "tag": "w",
        "type": "word",
        "lemma": "ὁ",
        "strong": "G35880",
        "morph": "Gr,EA,,,,NFS,"
      },
      {
        "tag": "k",
        "type": "milestone",
        "tw": "rc://*/tw/dict/bible/kt/kingdomofgod",
        "children": [
          {
            "text": "Βασιλεία",
            "tag": "w",
            "type": "word",
            "lemma": "βασιλεία",
            "strong": "G09320",
            "morph": "Gr,N,,,,,NFS,",
            "tw": "rc://*/tw/dict/bible/other/kingdom"
          },
          {
            "text": "τῶν",
            "tag": "w",
            "type": "word",
            "lemma": "ὁ",
            "strong": "G35880",
            "morph": "Gr,EA,,,,GMP,"
          },
          {
            "text": "Οὐρανῶν",
            "tag": "w",
            "type": "word",
            "lemma": "οὐρανός",
            "strong": "G37720",
            "morph": "Gr,N,,,,,GMP,",
            "tw": "rc://*/tw/dict/bible/kt/heaven"
          }
        ],
        "endTag": "k-e\\*"
      },
      {
        "type": "text",
        "text": ".”\n\n"
      }
    ]
  },
  "3": {
    "verseObjects": [
      {
        "text": "οὗτος",
        "tag": "w",
        "type": "word",
        "lemma": "οὗτος",
        "strong": "G37780",
        "morph": "Gr,RD,,,,NMS,"
      },
      {
        "text": "γάρ",
        "tag": "w",
        "type": "word",
        "lemma": "γάρ",
        "strong": "G10630",
        "morph": "Gr,CC,,,,,,,,"
      },
      {
        "text": "ἐστιν",
        "tag": "w",
        "type": "word",
        "lemma": "εἰμί",
        "strong": "G15100",
        "morph": "Gr,V,IPA3,,S,"
      },
      {
        "text": "ὁ",
        "tag": "w",
        "type": "word",
        "lemma": "ὁ",
        "strong": "G35880",
        "morph": "Gr,RD,,,,NMS,"
      },
      {
        "text": "ῥηθεὶς",
        "tag": "w",
        "type": "word",
        "lemma": "λέγω",
        "strong": "G30040",
        "morph": "Gr,V,PAP,NMS,"
      },
      {
        "text": "διὰ",
        "tag": "w",
        "type": "word",
        "lemma": "διά",
        "strong": "G12230",
        "morph": "Gr,P,,,,,G,,,"
      },
      {
        "text": "Ἠσαΐου",
        "tag": "w",
        "type": "word",
        "lemma": "Ἠσαΐας",
        "strong": "G22680",
        "morph": "Gr,N,,,,,GMS,",
        "tw": "rc://*/tw/dict/bible/names/isaiah"
      },
      {
        "text": "τοῦ",
        "tag": "w",
        "type": "word",
        "lemma": "ὁ",
        "strong": "G35880",
        "morph": "Gr,EA,,,,GMS,"
      },
      {
        "text": "προφήτου",
        "tag": "w",
        "type": "word",
        "lemma": "προφήτης",
        "strong": "G43960",
        "morph": "Gr,N,,,,,GMS,",
        "tw": "rc://*/tw/dict/bible/kt/prophet"
      },
      {
        "text": "λέγοντος",
        "tag": "w",
        "type": "word",
        "lemma": "λέγω",
        "strong": "G30040",
        "morph": "Gr,V,PPA,GMS,"
      },
      {
        "type": "text",
        "text": ",\n“"
      },
      {
        "text": "φωνὴ",
        "tag": "w",
        "type": "word",
        "lemma": "φωνή",
        "strong": "G54560",
        "morph": "Gr,N,,,,,NFS,",
        "tw": "rc://*/tw/dict/bible/other/voice"
      },
      {
        "text": "βοῶντος",
        "tag": "w",
        "type": "word",
        "lemma": "βοάω",
        "strong": "G09940",
        "morph": "Gr,V,PPA,GMS,",
        "tw": "rc://*/tw/dict/bible/other/cry"
      },
      {
        "text": "ἐν",
        "tag": "w",
        "type": "word",
        "lemma": "ἐν",
        "strong": "G17220",
        "morph": "Gr,P,,,,,D,,,"
      },
      {
        "text": "τῇ",
        "tag": "w",
        "type": "word",
        "lemma": "ὁ",
        "strong": "G35880",
        "morph": "Gr,EA,,,,DFS,"
      },
      {
        "text": "ἐρήμῳ",
        "tag": "w",
        "type": "word",
        "lemma": "ἔρημος",
        "strong": "G20480",
        "morph": "Gr,NS,,,,DFS,",
        "tw": "rc://*/tw/dict/bible/other/desert"
      },
      {
        "type": "text",
        "text": ":"
      },
      {
        "text": "ἑτοιμάσατε",
        "tag": "w",
        "type": "word",
        "lemma": "ἑτοιμάζω",
        "strong": "G20900",
        "morph": "Gr,V,MAA2,,P,"
      },
      {
        "type": "text",
        "text": "‘"
      },
      {
        "text": "τὴν",
        "tag": "w",
        "type": "word",
        "lemma": "ὁ",
        "strong": "G35880",
        "morph": "Gr,EA,,,,AFS,"
      },
      {
        "text": "ὁδὸν",
        "tag": "w",
        "type": "word",
        "lemma": "ὁδός",
        "strong": "G35980",
        "morph": "Gr,N,,,,,AFS,"
      },
      {
        "text": "Κυρίου",
        "tag": "w",
        "type": "word",
        "lemma": "κύριος",
        "strong": "G29620",
        "morph": "Gr,N,,,,,GMS,",
        "tw": "rc://*/tw/dict/bible/kt/lord"
      },
      {
        "type": "text",
        "text": ";"
      },
      {
        "text": "εὐθείας",
        "tag": "w",
        "type": "word",
        "lemma": "εὐθύς",
        "strong": "G21170",
        "morph": "Gr,NS,,,,AFP,"
      },
      {
        "text": "ποιεῖτε",
        "tag": "w",
        "type": "word",
        "lemma": "ποιέω",
        "strong": "G41600",
        "morph": "Gr,V,MPA2,,P,"
      },
      {
        "text": "τὰς",
        "tag": "w",
        "type": "word",
        "lemma": "ὁ",
        "strong": "G35880",
        "morph": "Gr,EA,,,,AFP,"
      },
      {
        "text": "τρίβους",
        "tag": "w",
        "type": "word",
        "lemma": "τρίβος",
        "strong": "G51470",
        "morph": "Gr,N,,,,,AFP,"
      },
      {
        "text": "αὐτοῦ",
        "tag": "w",
        "type": "word",
        "lemma": "αὐτός",
        "strong": "G08460",
        "morph": "Gr,RP,,,3GMS,"
      },
      {
        "type": "text",
        "text": ".’”\n\n"
      }
    ]
  },
  "4": {
    "verseObjects": [
      {
        "text": "αὐτὸς",
        "tag": "w",
        "type": "word",
        "lemma": "αὐτός",
        "strong": "G08460",
        "morph": "Gr,RE,,,3NMS,"
      },
      {
        "text": "δὲ",
        "tag": "w",
        "type": "word",
        "lemma": "δέ",
        "strong": "G11610",
        "morph": "Gr,CC,,,,,,,,"
      },
      {
        "text": "ὁ",
        "tag": "w",
        "type": "word",
        "lemma": "ὁ",
        "strong": "G35880",
        "morph": "Gr,EA,,,,NMS,"
      },
      {
        "text": "Ἰωάννης",
        "tag": "w",
        "type": "word",
        "lemma": "Ἰωάννης",
        "strong": "G24910",
        "morph": "Gr,N,,,,,NMS,",
        "tw": "rc://*/tw/dict/bible/names/johnthebaptist"
      },
      {
        "text": "εἶχεν",
        "tag": "w",
        "type": "word",
        "lemma": "ἔχω",
        "strong": "G21920",
        "morph": "Gr,V,IIA3,,S,"
      },
      {
        "text": "τὸ",
        "tag": "w",
        "type": "word",
        "lemma": "ὁ",
        "strong": "G35880",
        "morph": "Gr,EA,,,,ANS,"
      },
      {
        "text": "ἔνδυμα",
        "tag": "w",
        "type": "word",
        "lemma": "ἔνδυμα",
        "strong": "G17420",
        "morph": "Gr,N,,,,,ANS,",
        "tw": "rc://*/tw/dict/bible/other/clothed"
      },
      {
        "text": "αὐτοῦ",
        "tag": "w",
        "type": "word",
        "lemma": "αὐτός",
        "strong": "G08460",
        "morph": "Gr,RP,,,3GMS,"
      },
      {
        "text": "ἀπὸ",
        "tag": "w",
        "type": "word",
        "lemma": "ἀπό",
        "strong": "G05750",
        "morph": "Gr,P,,,,,G,,,"
      },
      {
        "text": "τριχῶν",
        "tag": "w",
        "type": "word",
        "lemma": "θρίξ",
        "strong": "G23590",
        "morph": "Gr,N,,,,,GFP,"
      },
      {
        "text": "καμήλου",
        "tag": "w",
        "type": "word",
        "lemma": "κάμηλος",
        "strong": "G25740",
        "morph": "Gr,N,,,,,GFS,",
        "tw": "rc://*/tw/dict/bible/other/camel"
      },
      {
        "text": "καὶ",
        "tag": "w",
        "type": "word",
        "lemma": "καί",
        "strong": "G25320",
        "morph": "Gr,CC,,,,,,,,"
      },
      {
        "text": "ζώνην",
        "tag": "w",
        "type": "word",
        "lemma": "ζώνη",
        "strong": "G22230",
        "morph": "Gr,N,,,,,AFS,"
      },
      {
        "text": "δερματίνην",
        "tag": "w",
        "type": "word",
        "lemma": "δερμάτινος",
        "strong": "G11930",
        "morph": "Gr,AA,,,,AFS,"
      },
      {
        "text": "περὶ",
        "tag": "w",
        "type": "word",
        "lemma": "περί",
        "strong": "G40120",
        "morph": "Gr,P,,,,,A,,,"
      },
      {
        "text": "τὴν",
        "tag": "w",
        "type": "word",
        "lemma": "ὁ",
        "strong": "G35880",
        "morph": "Gr,EA,,,,AFS,"
      },
      {
        "text": "ὀσφὺν",
        "tag": "w",
        "type": "word",
        "lemma": "ὀσφύς",
        "strong": "G37510",
        "morph": "Gr,N,,,,,AFS,",
        "tw": "rc://*/tw/dict/bible/other/loins"
      },
      {
        "text": "αὐτοῦ",
        "tag": "w",
        "type": "word",
        "lemma": "αὐτός",
        "strong": "G08460",
        "morph": "Gr,RP,,,3GMS,"
      },
      {
        "type": "text",
        "text": ","
      },
      {
        "text": "ἡ",
        "tag": "w",
        "type": "word",
        "lemma": "ὁ",
        "strong": "G35880",
        "morph": "Gr,EA,,,,NFS,"
      },
      {
        "text": "δὲ",
        "tag": "w",
        "type": "word",
        "lemma": "δέ",
        "strong": "G11610",
        "morph": "Gr,CC,,,,,,,,"
      },
      {
        "text": "τροφὴ",
        "tag": "w",
        "type": "word",
        "lemma": "τροφή",
        "strong": "G51600",
        "morph": "Gr,N,,,,,NFS,"
      },
      {
        "text": "ἦν",
        "tag": "w",
        "type": "word",
        "lemma": "εἰμί",
        "strong": "G15100",
        "morph": "Gr,V,IIA3,,S,"
      },
      {
        "text": "αὐτοῦ",
        "tag": "w",
        "type": "word",
        "lemma": "αὐτός",
        "strong": "G08460",
        "morph": "Gr,RP,,,3GMS,"
      },
      {
        "text": "ἀκρίδες",
        "tag": "w",
        "type": "word",
        "lemma": "ἀκρίς",
        "strong": "G02000",
        "morph": "Gr,N,,,,,NFP,",
        "tw": "rc://*/tw/dict/bible/other/locust"
      },
      {
        "text": "καὶ",
        "tag": "w",
        "type": "word",
        "lemma": "καί",
        "strong": "G25320",
        "morph": "Gr,CC,,,,,,,,"
      },
      {
        "text": "μέλι",
        "tag": "w",
        "type": "word",
        "lemma": "μέλι",
        "strong": "G31920",
        "morph": "Gr,N,,,,,NNS,",
        "tw": "rc://*/tw/dict/bible/other/honey"
      },
      {
        "text": "ἄγριον",
        "tag": "w",
        "type": "word",
        "lemma": "ἄγριος",
        "strong": "G00660",
        "morph": "Gr,AA,,,,NNS,"
      },
      {
        "type": "text",
        "text": ".\n\n"
      }
    ]
  },
  "5": {
    "verseObjects": [
      {
        "text": "τότε",
        "tag": "w",
        "type": "word",
        "lemma": "τότε",
        "strong": "G51190",
        "morph": "Gr,D,,,,,,,,,"
      },
      {
        "text": "ἐξεπορεύετο",
        "tag": "w",
        "type": "word",
        "lemma": "ἐκπορεύομαι",
        "strong": "G16070",
        "morph": "Gr,V,IIM3,,S,"
      },
      {
        "text": "πρὸς",
        "tag": "w",
        "type": "word",
        "lemma": "πρός",
        "strong": "G43140",
        "morph": "Gr,P,,,,,A,,,"
      },
      {
        "text": "αὐτὸν",
        "tag": "w",
        "type": "word",
        "lemma": "αὐτός",
        "strong": "G08460",
        "morph": "Gr,RP,,,3AMS,"
      },
      {
        "text": "Ἱεροσόλυμα",
        "tag": "w",
        "type": "word",
        "lemma": "Ἱεροσόλυμα",
        "strong": "G24140",
        "morph": "Gr,N,,,,,NFS,",
        "tw": "rc://*/tw/dict/bible/names/jerusalem"
      },
      {
        "type": "text",
        "text": ","
      },
      {
        "text": "καὶ",
        "tag": "w",
        "type": "word",
        "lemma": "καί",
        "strong": "G25320",
        "morph": "Gr,CC,,,,,,,,"
      },
      {
        "text": "πᾶσα",
        "tag": "w",
        "type": "word",
        "lemma": "πᾶς",
        "strong": "G39560",
        "morph": "Gr,EQ,,,,NFS,"
      },
      {
        "text": "ἡ",
        "tag": "w",
        "type": "word",
        "lemma": "ὁ",
        "strong": "G35880",
        "morph": "Gr,EA,,,,NFS,"
      },
      {
        "text": "Ἰουδαία",
        "tag": "w",
        "type": "word",
        "lemma": "Ἰουδαία",
        "strong": "G24490",
        "morph": "Gr,N,,,,,NFS,",
        "tw": "rc://*/tw/dict/bible/names/judea"
      },
      {
        "type": "text",
        "text": ","
      },
      {
        "text": "καὶ",
        "tag": "w",
        "type": "word",
        "lemma": "καί",
        "strong": "G25320",
        "morph": "Gr,CC,,,,,,,,"
      },
      {
        "text": "πᾶσα",
        "tag": "w",
        "type": "word",
        "lemma": "πᾶς",
        "strong": "G39560",
        "morph": "Gr,EQ,,,,NFS,"
      },
      {
        "text": "ἡ",
        "tag": "w",
        "type": "word",
        "lemma": "ὁ",
        "strong": "G35880",
        "morph": "Gr,EA,,,,NFS,"
      },
      {
        "text": "περίχωρος",
        "tag": "w",
        "type": "word",
        "lemma": "περίχωρος",
        "strong": "G40660",
        "morph": "Gr,NS,,,,NFS,"
      },
      {
        "text": "τοῦ",
        "tag": "w",
        "type": "word",
        "lemma": "ὁ",
        "strong": "G35880",
        "morph": "Gr,EA,,,,GMS,"
      },
      {
        "text": "Ἰορδάνου",
        "tag": "w",
        "type": "word",
        "lemma": "Ἰορδάνης",
        "strong": "G24460",
        "morph": "Gr,N,,,,,GMS,",
        "tw": "rc://*/tw/dict/bible/names/jordanriver"
      },
      {
        "type": "text",
        "text": ",\n\n"
      }
    ]
  },
  "6": {
    "verseObjects": [
      {
        "text": "καὶ",
        "tag": "w",
        "type": "word",
        "lemma": "καί",
        "strong": "G25320",
        "morph": "Gr,CC,,,,,,,,"
      },
      {
        "text": "ἐβαπτίζοντο",
        "tag": "w",
        "type": "word",
        "lemma": "βαπτίζω",
        "strong": "G09070",
        "morph": "Gr,V,IIP3,,P,",
        "tw": "rc://*/tw/dict/bible/kt/baptize"
      },
      {
        "text": "ἐν",
        "tag": "w",
        "type": "word",
        "lemma": "ἐν",
        "strong": "G17220",
        "morph": "Gr,P,,,,,D,,,"
      },
      {
        "text": "τῷ",
        "tag": "w",
        "type": "word",
        "lemma": "ὁ",
        "strong": "G35880",
        "morph": "Gr,EA,,,,DMS,"
      },
      {
        "tag": "k",
        "type": "milestone",
        "tw": "rc://*/tw/dict/bible/names/jordanriver",
        "children": [
          {
            "text": "Ἰορδάνῃ",
            "tag": "w",
            "type": "word",
            "lemma": "Ἰορδάνης",
            "strong": "G24460",
            "morph": "Gr,N,,,,,DMS,"
          },
          {
            "text": "Ποταμῷ",
            "tag": "w",
            "type": "word",
            "lemma": "ποταμός",
            "strong": "G42150",
            "morph": "Gr,N,,,,,DMS,"
          }
        ],
        "endTag": "k-e\\*"
      },
      {
        "text": "ὑπ’",
        "tag": "w",
        "type": "word",
        "lemma": "ὑπό",
        "strong": "G52590",
        "morph": "Gr,P,,,,,G,,,"
      },
      {
        "text": "αὐτοῦ",
        "tag": "w",
        "type": "word",
        "lemma": "αὐτός",
        "strong": "G08460",
        "morph": "Gr,RP,,,3GMS,"
      },
      {
        "type": "text",
        "text": ","
      },
      {
        "text": "ἐξομολογούμενοι",
        "tag": "w",
        "type": "word",
        "lemma": "ἐξομολογέω",
        "strong": "G18430",
        "morph": "Gr,V,PPM,NMP,",
        "tw": "rc://*/tw/dict/bible/kt/confess"
      },
      {
        "text": "τὰς",
        "tag": "w",
        "type": "word",
        "lemma": "ὁ",
        "strong": "G35880",
        "morph": "Gr,EA,,,,AFP,"
      },
      {
        "text": "ἁμαρτίας",
        "tag": "w",
        "type": "word",
        "lemma": "ἁμαρτία",
        "strong": "G02660",
        "morph": "Gr,N,,,,,AFP,",
        "tw": "rc://*/tw/dict/bible/kt/sin"
      },
      {
        "text": "αὐτῶν",
        "tag": "w",
        "type": "word",
        "lemma": "αὐτός",
        "strong": "G08460",
        "morph": "Gr,RP,,,3GMP,"
      },
      {
        "type": "text",
        "text": ".\n\n"
      }
    ]
  },
  "7": {
    "verseObjects": [
      {
        "type": "text",
        "text": "\n"
      },
      {
        "tag": "p",
        "type": "paragraph"
      },
      {
        "text": "ἰδὼν",
        "tag": "w",
        "type": "word",
        "lemma": "ὁράω",
        "strong": "G37080",
        "morph": "Gr,V,PAA,NMS,"
      },
      {
        "text": "δὲ",
        "tag": "w",
        "type": "word",
        "lemma": "δέ",
        "strong": "G11610",
        "morph": "Gr,CC,,,,,,,,"
      },
      {
        "text": "πολλοὺς",
        "tag": "w",
        "type": "word",
        "lemma": "πολλός",
        "strong": "G41830",
        "morph": "Gr,RI,,,,AMP,"
      },
      {
        "text": "τῶν",
        "tag": "w",
        "type": "word",
        "lemma": "ὁ",
        "strong": "G35880",
        "morph": "Gr,EA,,,,GMP,"
      },
      {
        "text": "Φαρισαίων",
        "tag": "w",
        "type": "word",
        "lemma": "Φαρισαῖος",
        "strong": "G53300",
        "morph": "Gr,N,,,,,GMP,",
        "tw": "rc://*/tw/dict/bible/kt/pharisee"
      },
      {
        "text": "καὶ",
        "tag": "w",
        "type": "word",
        "lemma": "καί",
        "strong": "G25320",
        "morph": "Gr,CC,,,,,,,,"
      },
      {
        "text": "Σαδδουκαίων",
        "tag": "w",
        "type": "word",
        "lemma": "Σαδδουκαῖος",
        "strong": "G45230",
        "morph": "Gr,N,,,,,GMP,",
        "tw": "rc://*/tw/dict/bible/kt/sadducee"
      },
      {
        "text": "ἐρχομένους",
        "tag": "w",
        "type": "word",
        "lemma": "ἔρχομαι",
        "strong": "G20640",
        "morph": "Gr,V,PPM,AMP,"
      },
      {
        "text": "ἐπὶ",
        "tag": "w",
        "type": "word",
        "lemma": "ἐπί",
        "strong": "G19090",
        "morph": "Gr,P,,,,,A,,,"
      },
      {
        "text": "τὸ",
        "tag": "w",
        "type": "word",
        "lemma": "ὁ",
        "strong": "G35880",
        "morph": "Gr,EA,,,,ANS,"
      },
      {
        "text": "βάπτισμα",
        "tag": "w",
        "type": "word",
        "lemma": "βάπτισμα",
        "strong": "G09080",
        "morph": "Gr,N,,,,,ANS,",
        "tw": "rc://*/tw/dict/bible/kt/baptize"
      },
      {
        "text": "αὐτοῦ",
        "tag": "w",
        "type": "word",
        "lemma": "αὐτός",
        "strong": "G08460",
        "morph": "Gr,RP,,,3GMS,"
      },
      {
        "type": "text",
        "text": ","
      },
      {
        "text": "εἶπεν",
        "tag": "w",
        "type": "word",
        "lemma": "λέγω",
        "strong": "G30040",
        "morph": "Gr,V,IAA3,,S,"
      },
      {
        "text": "αὐτοῖς",
        "tag": "w",
        "type": "word",
        "lemma": "αὐτός",
        "strong": "G08460",
        "morph": "Gr,RP,,,3DMP,"
      },
      {
        "type": "text",
        "text": ",\n“"
      },
      {
        "text": "γεννήματα",
        "tag": "w",
        "type": "word",
        "lemma": "γέννημα",
        "strong": "G10810",
        "morph": "Gr,N,,,,,VNP,"
      },
      {
        "text": "ἐχιδνῶν",
        "tag": "w",
        "type": "word",
        "lemma": "ἔχιδνα",
        "strong": "G21910",
        "morph": "Gr,N,,,,,GFP,",
        "tw": "rc://*/tw/dict/bible/other/serpent"
      },
      {
        "type": "text",
        "text": ","
      },
      {
        "text": "τίς",
        "tag": "w",
        "type": "word",
        "lemma": "τίς",
        "strong": "G51010",
        "morph": "Gr,RT,,,,NMS,"
      },
      {
        "text": "ὑπέδειξεν",
        "tag": "w",
        "type": "word",
        "lemma": "ὑποδείκνυμι",
        "strong": "G52630",
        "morph": "Gr,V,IAA3,,S,"
      },
      {
        "text": "ὑμῖν",
        "tag": "w",
        "type": "word",
        "lemma": "σύ",
        "strong": "G47710",
        "morph": "Gr,RP,,,2D,P,"
      },
      {
        "text": "φυγεῖν",
        "tag": "w",
        "type": "word",
        "lemma": "φεύγω",
        "strong": "G53430",
        "morph": "Gr,V,NAA,,,,,"
      },
      {
        "text": "ἀπὸ",
        "tag": "w",
        "type": "word",
        "lemma": "ἀπό",
        "strong": "G05750",
        "morph": "Gr,P,,,,,G,,,"
      },
      {
        "text": "τῆς",
        "tag": "w",
        "type": "word",
        "lemma": "ὁ",
        "strong": "G35880",
        "morph": "Gr,EA,,,,GFS,"
      },
      {
        "text": "μελλούσης",
        "tag": "w",
        "type": "word",
        "lemma": "μέλλω",
        "strong": "G31950",
        "morph": "Gr,V,PPA,GFS,"
      },
      {
        "text": "ὀργῆς",
        "tag": "w",
        "type": "word",
        "lemma": "ὀργή",
        "strong": "G37090",
        "morph": "Gr,N,,,,,GFS,",
        "tw": "rc://*/tw/dict/bible/kt/wrath"
      },
      {
        "type": "text",
        "text": "?\n\n"
      }
    ]
  },
  "8": {
    "verseObjects": [
      {
        "text": "ποιήσατε",
        "tag": "w",
        "type": "word",
        "lemma": "ποιέω",
        "strong": "G41600",
        "morph": "Gr,V,MAA2,,P,"
      },
      {
        "text": "οὖν",
        "tag": "w",
        "type": "word",
        "lemma": "οὖν",
        "strong": "G37670",
        "morph": "Gr,CC,,,,,,,,"
      },
      {
        "text": "καρπὸν",
        "tag": "w",
        "type": "word",
        "lemma": "καρπός",
        "strong": "G25900",
        "morph": "Gr,N,,,,,AMS,",
        "tw": "rc://*/tw/dict/bible/other/fruit"
      },
      {
        "text": "ἄξιον",
        "tag": "w",
        "type": "word",
        "lemma": "ἄξιος",
        "strong": "G05140",
        "morph": "Gr,AA,,,,AMS,",
        "tw": "rc://*/tw/dict/bible/kt/worthy"
      },
      {
        "text": "τῆς",
        "tag": "w",
        "type": "word",
        "lemma": "ὁ",
        "strong": "G35880",
        "morph": "Gr,EA,,,,GFS,"
      },
      {
        "text": "μετανοίας",
        "tag": "w",
        "type": "word",
        "lemma": "μετάνοια",
        "strong": "G33410",
        "morph": "Gr,N,,,,,GFS,",
        "tw": "rc://*/tw/dict/bible/kt/repent"
      },
      {
        "type": "text",
        "text": ".\n\n"
      }
    ]
  },
  "9": {
    "verseObjects": [
      {
        "text": "καὶ",
        "tag": "w",
        "type": "word",
        "lemma": "καί",
        "strong": "G25320",
        "morph": "Gr,CC,,,,,,,,"
      },
      {
        "text": "μὴ",
        "tag": "w",
        "type": "word",
        "lemma": "μή",
        "strong": "G33610",
        "morph": "Gr,D,,,,,,,,,"
      },
      {
        "text": "δόξητε",
        "tag": "w",
        "type": "word",
        "lemma": "δοκέω",
        "strong": "G13800",
        "morph": "Gr,V,SAA2,,P,"
      },
      {
        "text": "λέγειν",
        "tag": "w",
        "type": "word",
        "lemma": "λέγω",
        "strong": "G30040",
        "morph": "Gr,V,NPA,,,,,"
      },
      {
        "text": "ἐν",
        "tag": "w",
        "type": "word",
        "lemma": "ἐν",
        "strong": "G17220",
        "morph": "Gr,P,,,,,D,,,"
      },
      {
        "text": "ἑαυτοῖς",
        "tag": "w",
        "type": "word",
        "lemma": "ἑαυτοῦ",
        "strong": "G14380",
        "morph": "Gr,RE,,,2DMP,"
      },
      {
        "type": "text",
        "text": ","
      },
      {
        "text": "πατέρα",
        "tag": "w",
        "type": "word",
        "lemma": "πατήρ",
        "strong": "G39620",
        "morph": "Gr,N,,,,,AMS,",
        "tw": "rc://*/tw/dict/bible/other/father"
      },
      {
        "text": "ἔχομεν",
        "tag": "w",
        "type": "word",
        "lemma": "ἔχω",
        "strong": "G21920",
        "morph": "Gr,V,IPA1,,P,"
      },
      {
        "text": "τὸν",
        "tag": "w",
        "type": "word",
        "lemma": "ὁ",
        "strong": "G35880",
        "morph": "Gr,EA,,,,AMS,"
      },
      {
        "text": "Ἀβραάμ",
        "tag": "w",
        "type": "word",
        "lemma": "Ἀβραάμ",
        "strong": "G00110",
        "morph": "Gr,N,,,,,AMSI",
        "tw": "rc://*/tw/dict/bible/names/abraham"
      },
      {
        "type": "text",
        "text": ";"
      },
      {
        "text": "λέγω",
        "tag": "w",
        "type": "word",
        "lemma": "λέγω",
        "strong": "G30040",
        "morph": "Gr,V,IPA1,,S,"
      },
      {
        "text": "γὰρ",
        "tag": "w",
        "type": "word",
        "lemma": "γάρ",
        "strong": "G10630",
        "morph": "Gr,CC,,,,,,,,"
      },
      {
        "text": "ὑμῖν",
        "tag": "w",
        "type": "word",
        "lemma": "σύ",
        "strong": "G47710",
        "morph": "Gr,RP,,,2D,P,"
      },
      {
        "type": "text",
        "text": ","
      },
      {
        "text": "ὅτι",
        "tag": "w",
        "type": "word",
        "lemma": "ὅτι",
        "strong": "G37540",
        "morph": "Gr,CS,,,,,,,,"
      },
      {
        "text": "δύναται",
        "tag": "w",
        "type": "word",
        "lemma": "δύναμαι",
        "strong": "G14100",
        "morph": "Gr,V,IPM3,,S,",
        "tw": "rc://*/tw/dict/bible/kt/power"
      },
      {
        "text": "ὁ",
        "tag": "w",
        "type": "word",
        "lemma": "ὁ",
        "strong": "G35880",
        "morph": "Gr,EA,,,,NMS,"
      },
      {
        "text": "Θεὸς",
        "tag": "w",
        "type": "word",
        "lemma": "θεός",
        "strong": "G23160",
        "morph": "Gr,N,,,,,NMS,",
        "tw": "rc://*/tw/dict/bible/kt/god"
      },
      {
        "text": "ἐκ",
        "tag": "w",
        "type": "word",
        "lemma": "ἐκ",
        "strong": "G15370",
        "morph": "Gr,P,,,,,G,,,"
      },
      {
        "text": "τῶν",
        "tag": "w",
        "type": "word",
        "lemma": "ὁ",
        "strong": "G35880",
        "morph": "Gr,EA,,,,GMP,"
      },
      {
        "text": "λίθων",
        "tag": "w",
        "type": "word",
        "lemma": "λίθος",
        "strong": "G30370",
        "morph": "Gr,N,,,,,GMP,"
      },
      {
        "text": "τούτων",
        "tag": "w",
        "type": "word",
        "lemma": "οὗτος",
        "strong": "G37780",
        "morph": "Gr,ED,,,,GMP,"
      },
      {
        "text": "ἐγεῖραι",
        "tag": "w",
        "type": "word",
        "lemma": "ἐγείρω",
        "strong": "G14530",
        "morph": "Gr,V,NAA,,,,,",
        "tw": "rc://*/tw/dict/bible/other/raise"
      },
      {
        "text": "τέκνα",
        "tag": "w",
        "type": "word",
        "lemma": "τέκνον",
        "strong": "G50430",
        "morph": "Gr,N,,,,,ANP,",
        "tw": "rc://*/tw/dict/bible/kt/children"
      },
      {
        "text": "τῷ",
        "tag": "w",
        "type": "word",
        "lemma": "ὁ",
        "strong": "G35880",
        "morph": "Gr,EA,,,,DMS,"
      },
      {
        "text": "Ἀβραάμ",
        "tag": "w",
        "type": "word",
        "lemma": "Ἀβραάμ",
        "strong": "G00110",
        "morph": "Gr,N,,,,,DMSI",
        "tw": "rc://*/tw/dict/bible/names/abraham"
      },
      {
        "type": "text",
        "text": ".\n\n"
      }
    ]
  },
  "10": {
    "verseObjects": [
      {
        "text": "ἤδη",
        "tag": "w",
        "type": "word",
        "lemma": "ἤδη",
        "strong": "G22350",
        "morph": "Gr,D,,,,,,,,,"
      },
      {
        "text": "δὲ",
        "tag": "w",
        "type": "word",
        "lemma": "δέ",
        "strong": "G11610",
        "morph": "Gr,CC,,,,,,,,"
      },
      {
        "text": "ἡ",
        "tag": "w",
        "type": "word",
        "lemma": "ὁ",
        "strong": "G35880",
        "morph": "Gr,EA,,,,NFS,"
      },
      {
        "text": "ἀξίνη",
        "tag": "w",
        "type": "word",
        "lemma": "ἀξίνη",
        "strong": "G05130",
        "morph": "Gr,N,,,,,NFS,",
        "tw": "rc://*/tw/dict/bible/other/ax"
      },
      {
        "text": "πρὸς",
        "tag": "w",
        "type": "word",
        "lemma": "πρός",
        "strong": "G43140",
        "morph": "Gr,P,,,,,A,,,"
      },
      {
        "text": "τὴν",
        "tag": "w",
        "type": "word",
        "lemma": "ὁ",
        "strong": "G35880",
        "morph": "Gr,EA,,,,AFS,"
      },
      {
        "text": "ῥίζαν",
        "tag": "w",
        "type": "word",
        "lemma": "ῥίζα",
        "strong": "G44910",
        "morph": "Gr,N,,,,,AFS,"
      },
      {
        "text": "τῶν",
        "tag": "w",
        "type": "word",
        "lemma": "ὁ",
        "strong": "G35880",
        "morph": "Gr,EA,,,,GNP,"
      },
      {
        "text": "δένδρων",
        "tag": "w",
        "type": "word",
        "lemma": "δένδρον",
        "strong": "G11860",
        "morph": "Gr,N,,,,,GNP,"
      },
      {
        "text": "κεῖται",
        "tag": "w",
        "type": "word",
        "lemma": "κεῖμαι",
        "strong": "G27490",
        "morph": "Gr,V,IPM3,,S,"
      },
      {
        "type": "text",
        "text": ";"
      },
      {
        "text": "πᾶν",
        "tag": "w",
        "type": "word",
        "lemma": "πᾶς",
        "strong": "G39560",
        "morph": "Gr,EQ,,,,NNS,"
      },
      {
        "text": "οὖν",
        "tag": "w",
        "type": "word",
        "lemma": "οὖν",
        "strong": "G37670",
        "morph": "Gr,CC,,,,,,,,"
      },
      {
        "text": "δένδρον",
        "tag": "w",
        "type": "word",
        "lemma": "δένδρον",
        "strong": "G11860",
        "morph": "Gr,N,,,,,NNS,"
      },
      {
        "text": "μὴ",
        "tag": "w",
        "type": "word",
        "lemma": "μή",
        "strong": "G33610",
        "morph": "Gr,D,,,,,,,,,"
      },
      {
        "text": "ποιοῦν",
        "tag": "w",
        "type": "word",
        "lemma": "ποιέω",
        "strong": "G41600",
        "morph": "Gr,V,PPA,NNS,"
      },
      {
        "text": "καρπὸν",
        "tag": "w",
        "type": "word",
        "lemma": "καρπός",
        "strong": "G25900",
        "morph": "Gr,N,,,,,AMS,",
        "tw": "rc://*/tw/dict/bible/other/fruit"
      },
      {
        "text": "καλὸν",
        "tag": "w",
        "type": "word",
        "lemma": "καλός",
        "strong": "G25700",
        "morph": "Gr,AA,,,,AMS,",
        "tw": "rc://*/tw/dict/bible/kt/good"
      },
      {
        "text": "ἐκκόπτεται",
        "tag": "w",
        "type": "word",
        "lemma": "ἐκκόπτω",
        "strong": "G15810",
        "morph": "Gr,V,IPP3,,S,"
      },
      {
        "text": "καὶ",
        "tag": "w",
        "type": "word",
        "lemma": "καί",
        "strong": "G25320",
        "morph": "Gr,CC,,,,,,,,"
      },
      {
        "text": "εἰς",
        "tag": "w",
        "type": "word",
        "lemma": "εἰς",
        "strong": "G15190",
        "morph": "Gr,P,,,,,A,,,"
      },
      {
        "text": "πῦρ",
        "tag": "w",
        "type": "word",
        "lemma": "πῦρ",
        "strong": "G44420",
        "morph": "Gr,N,,,,,ANS,",
        "tw": "rc://*/tw/dict/bible/other/fire"
      },
      {
        "text": "βάλλεται",
        "tag": "w",
        "type": "word",
        "lemma": "βάλλω",
        "strong": "G09060",
        "morph": "Gr,V,IPP3,,S,"
      },
      {
        "type": "text",
        "text": ".\n\n"
      }
    ]
  },
  "11": {
    "verseObjects": [
      {
        "type": "text",
        "text": "\n"
      },
      {
        "tag": "p",
        "type": "paragraph"
      },
      {
        "text": "ἐγὼ",
        "tag": "w",
        "type": "word",
        "lemma": "ἐγώ",
        "strong": "G14730",
        "morph": "Gr,RP,,,1N,S,"
      },
      {
        "text": "μὲν",
        "tag": "w",
        "type": "word",
        "lemma": "μέν",
        "strong": "G33030",
        "morph": "Gr,DO,,,,,,,,"
      },
      {
        "text": "ὑμᾶς",
        "tag": "w",
        "type": "word",
        "lemma": "σύ",
        "strong": "G47710",
        "morph": "Gr,RP,,,2A,P,"
      },
      {
        "text": "βαπτίζω",
        "tag": "w",
        "type": "word",
        "lemma": "βαπτίζω",
        "strong": "G09070",
        "morph": "Gr,V,IPA1,,S,",
        "tw": "rc://*/tw/dict/bible/kt/baptize"
      },
      {
        "text": "ἐν",
        "tag": "w",
        "type": "word",
        "lemma": "ἐν",
        "strong": "G17220",
        "morph": "Gr,P,,,,,D,,,"
      },
      {
        "text": "ὕδατι",
        "tag": "w",
        "type": "word",
        "lemma": "ὕδωρ",
        "strong": "G52040",
        "morph": "Gr,N,,,,,DNS,",
        "tw": "rc://*/tw/dict/bible/other/water"
      },
      {
        "text": "εἰς",
        "tag": "w",
        "type": "word",
        "lemma": "εἰς",
        "strong": "G15190",
        "morph": "Gr,P,,,,,A,,,"
      },
      {
        "text": "μετάνοιαν",
        "tag": "w",
        "type": "word",
        "lemma": "μετάνοια",
        "strong": "G33410",
        "morph": "Gr,N,,,,,AFS,",
        "tw": "rc://*/tw/dict/bible/kt/repent"
      },
      {
        "type": "text",
        "text": ","
      },
      {
        "text": "ὁ",
        "tag": "w",
        "type": "word",
        "lemma": "ὁ",
        "strong": "G35880",
        "morph": "Gr,RD,,,,NMS,"
      },
      {
        "text": "δὲ",
        "tag": "w",
        "type": "word",
        "lemma": "δέ",
        "strong": "G11610",
        "morph": "Gr,CO,,,,,,,,"
      },
      {
        "text": "ὀπίσω",
        "tag": "w",
        "type": "word",
        "lemma": "ὀπίσω",
        "strong": "G36940",
        "morph": "Gr,PI,,,,G,,,"
      },
      {
        "text": "μου",
        "tag": "w",
        "type": "word",
        "lemma": "ἐγώ",
        "strong": "G14730",
        "morph": "Gr,RP,,,1G,S,"
      },
      {
        "text": "ἐρχόμενος",
        "tag": "w",
        "type": "word",
        "lemma": "ἔρχομαι",
        "strong": "G20640",
        "morph": "Gr,V,PPM,NMS,"
      },
      {
        "text": "ἰσχυρότερός",
        "tag": "w",
        "type": "word",
        "lemma": "ἰσχυρότερος",
        "strong": "G24785",
        "morph": "Gr,NP,,,,NMSC",
        "tw": "rc://*/tw/dict/bible/other/mighty"
      },
      {
        "text": "μού",
        "tag": "w",
        "type": "word",
        "lemma": "ἐγώ",
        "strong": "G14730",
        "morph": "Gr,RP,,,1G,S,"
      },
      {
        "text": "ἐστιν",
        "tag": "w",
        "type": "word",
        "lemma": "εἰμί",
        "strong": "G15100",
        "morph": "Gr,V,IPA3,,S,"
      },
      {
        "type": "text",
        "text": ","
      },
      {
        "text": "οὗ",
        "tag": "w",
        "type": "word",
        "lemma": "ὅς",
        "strong": "G37390",
        "morph": "Gr,RR,,,,GMS,"
      },
      {
        "text": "οὐκ",
        "tag": "w",
        "type": "word",
        "lemma": "οὐ",
        "strong": "G37560",
        "morph": "Gr,D,,,,,,,,,"
      },
      {
        "text": "εἰμὶ",
        "tag": "w",
        "type": "word",
        "lemma": "εἰμί",
        "strong": "G15100",
        "morph": "Gr,V,IPA1,,S,"
      },
      {
        "text": "ἱκανὸς",
        "tag": "w",
        "type": "word",
        "lemma": "ἱκανός",
        "strong": "G24250",
        "morph": "Gr,NP,,,,NMS,",
        "tw": "rc://*/tw/dict/bible/kt/worthy"
      },
      {
        "text": "τὰ",
        "tag": "w",
        "type": "word",
        "lemma": "ὁ",
        "strong": "G35880",
        "morph": "Gr,EA,,,,ANP,"
      },
      {
        "text": "ὑποδήματα",
        "tag": "w",
        "type": "word",
        "lemma": "ὑπόδημα",
        "strong": "G52660",
        "morph": "Gr,N,,,,,ANP,",
        "tw": "rc://*/tw/dict/bible/other/sandal"
      },
      {
        "text": "βαστάσαι",
        "tag": "w",
        "type": "word",
        "lemma": "βαστάζω",
        "strong": "G09410",
        "morph": "Gr,V,NAA,,,,,",
        "tw": "rc://*/tw/dict/bible/other/bear"
      },
      {
        "type": "text",
        "text": "."
      },
      {
        "text": "αὐτὸς",
        "tag": "w",
        "type": "word",
        "lemma": "αὐτός",
        "strong": "G08460",
        "morph": "Gr,RP,,,3NMS,"
      },
      {
        "text": "ὑμᾶς",
        "tag": "w",
        "type": "word",
        "lemma": "σύ",
        "strong": "G47710",
        "morph": "Gr,RP,,,2A,P,"
      },
      {
        "text": "βαπτίσει",
        "tag": "w",
        "type": "word",
        "lemma": "βαπτίζω",
        "strong": "G09070",
        "morph": "Gr,V,IFA3,,S,",
        "tw": "rc://*/tw/dict/bible/kt/baptize"
      },
      {
        "text": "ἐν",
        "tag": "w",
        "type": "word",
        "lemma": "ἐν",
        "strong": "G17220",
        "morph": "Gr,P,,,,,D,,,"
      },
      {
        "tag": "k",
        "type": "milestone",
        "tw": "rc://*/tw/dict/bible/kt/holyspirit",
        "children": [
          {
            "text": "Πνεύματι",
            "tag": "w",
            "type": "word",
            "lemma": "πνεῦμα",
            "strong": "G41510",
            "morph": "Gr,N,,,,,DNS,"
          },
          {
            "text": "Ἁγίῳ",
            "tag": "w",
            "type": "word",
            "lemma": "ἅγιος",
            "strong": "G00400",
            "morph": "Gr,AA,,,,DNS,",
            "tw": "rc://*/tw/dict/bible/kt/holy"
          }
        ],
        "endTag": "k-e\\*"
      },
      {
        "text": "καὶ",
        "tag": "w",
        "type": "word",
        "lemma": "καί",
        "strong": "G25320",
        "morph": "Gr,CC,,,,,,,,"
      },
      {
        "text": "πυρί",
        "tag": "w",
        "type": "word",
        "lemma": "πῦρ",
        "strong": "G44420",
        "morph": "Gr,N,,,,,DNS,",
        "tw": "rc://*/tw/dict/bible/other/fire"
      },
      {
        "type": "text",
        "text": ".\n\n"
      }
    ]
  },
  "12": {
    "verseObjects": [
      {
        "text": "οὗ",
        "tag": "w",
        "type": "word",
        "lemma": "ὅς",
        "strong": "G37390",
        "morph": "Gr,RR,,,,GMS,"
      },
      {
        "text": "τὸ",
        "tag": "w",
        "type": "word",
        "lemma": "ὁ",
        "strong": "G35880",
        "morph": "Gr,EA,,,,NNS,"
      },
      {
        "text": "πτύον",
        "tag": "w",
        "type": "word",
        "lemma": "πτύον",
        "strong": "G44250",
        "morph": "Gr,N,,,,,NNS,",
        "tw": "rc://*/tw/dict/bible/other/winnow"
      },
      {
        "text": "ἐν",
        "tag": "w",
        "type": "word",
        "lemma": "ἐν",
        "strong": "G17220",
        "morph": "Gr,P,,,,,D,,,"
      },
      {
        "text": "τῇ",
        "tag": "w",
        "type": "word",
        "lemma": "ὁ",
        "strong": "G35880",
        "morph": "Gr,EA,,,,DFS,"
      },
      {
        "text": "χειρὶ",
        "tag": "w",
        "type": "word",
        "lemma": "χείρ",
        "strong": "G54950",
        "morph": "Gr,N,,,,,DFS,",
        "tw": "rc://*/tw/dict/bible/other/hand"
      },
      {
        "text": "αὐτοῦ",
        "tag": "w",
        "type": "word",
        "lemma": "αὐτός",
        "strong": "G08460",
        "morph": "Gr,RP,,,3GMS,"
      },
      {
        "type": "text",
        "text": ";"
      },
      {
        "text": "καὶ",
        "tag": "w",
        "type": "word",
        "lemma": "καί",
        "strong": "G25320",
        "morph": "Gr,CC,,,,,,,,"
      },
      {
        "text": "διακαθαριεῖ",
        "tag": "w",
        "type": "word",
        "lemma": "διακαθαρίζω",
        "strong": "G12450",
        "morph": "Gr,V,IFA3,,S,"
      },
      {
        "text": "τὴν",
        "tag": "w",
        "type": "word",
        "lemma": "ὁ",
        "strong": "G35880",
        "morph": "Gr,EA,,,,AFS,"
      },
      {
        "text": "ἅλωνα",
        "tag": "w",
        "type": "word",
        "lemma": "ἅλων",
        "strong": "G02570",
        "morph": "Gr,N,,,,,AFS,",
        "tw": "rc://*/tw/dict/bible/other/thresh"
      },
      {
        "text": "αὐτοῦ",
        "tag": "w",
        "type": "word",
        "lemma": "αὐτός",
        "strong": "G08460",
        "morph": "Gr,RP,,,3GMS,"
      },
      {
        "type": "text",
        "text": ","
      },
      {
        "text": "καὶ",
        "tag": "w",
        "type": "word",
        "lemma": "καί",
        "strong": "G25320",
        "morph": "Gr,CC,,,,,,,,"
      },
      {
        "text": "συνάξει",
        "tag": "w",
        "type": "word",
        "lemma": "συνάγω",
        "strong": "G48630",
        "morph": "Gr,V,IFA3,,S,"
      },
      {
        "text": "τὸν",
        "tag": "w",
        "type": "word",
        "lemma": "ὁ",
        "strong": "G35880",
        "morph": "Gr,EA,,,,AMS,"
      },
      {
        "text": "σῖτον",
        "tag": "w",
        "type": "word",
        "lemma": "σῖτος",
        "strong": "G46210",
        "morph": "Gr,N,,,,,AMS,",
        "tw": "rc://*/tw/dict/bible/other/wheat"
      },
      {
        "text": "αὐτοῦ",
        "tag": "w",
        "type": "word",
        "lemma": "αὐτός",
        "strong": "G08460",
        "morph": "Gr,RP,,,3GMS,"
      },
      {
        "text": "εἰς",
        "tag": "w",
        "type": "word",
        "lemma": "εἰς",
        "strong": "G15190",
        "morph": "Gr,P,,,,,A,,,"
      },
      {
        "text": "τὴν",
        "tag": "w",
        "type": "word",
        "lemma": "ὁ",
        "strong": "G35880",
        "morph": "Gr,EA,,,,AFS,"
      },
      {
        "text": "ἀποθήκην",
        "tag": "w",
        "type": "word",
        "lemma": "ἀποθήκη",
        "strong": "G05960",
        "morph": "Gr,N,,,,,AFS,"
      },
      {
        "type": "text",
        "text": ";"
      },
      {
        "text": "τὸ",
        "tag": "w",
        "type": "word",
        "lemma": "ὁ",
        "strong": "G35880",
        "morph": "Gr,EA,,,,ANS,"
      },
      {
        "text": "δὲ",
        "tag": "w",
        "type": "word",
        "lemma": "δέ",
        "strong": "G11610",
        "morph": "Gr,CC,,,,,,,,"
      },
      {
        "text": "ἄχυρον",
        "tag": "w",
        "type": "word",
        "lemma": "ἄχυρον",
        "strong": "G08920",
        "morph": "Gr,N,,,,,ANS,",
        "tw": "rc://*/tw/dict/bible/other/chaff"
      },
      {
        "text": "κατακαύσει",
        "tag": "w",
        "type": "word",
        "lemma": "κατακαίω",
        "strong": "G26180",
        "morph": "Gr,V,IFA3,,S,"
      },
      {
        "text": "πυρὶ",
        "tag": "w",
        "type": "word",
        "lemma": "πῦρ",
        "strong": "G44420",
        "morph": "Gr,N,,,,,DNS,",
        "tw": "rc://*/tw/dict/bible/other/fire"
      },
      {
        "text": "ἀσβέστῳ",
        "tag": "w",
        "type": "word",
        "lemma": "ἄσβεστος",
        "strong": "G07620",
        "morph": "Gr,AA,,,,DNS,"
      },
      {
        "type": "text",
        "text": ".”\n\n"
      }
    ]
  },
  "13": {
    "verseObjects": [
      {
        "type": "text",
        "text": "\n"
      },
      {
        "tag": "p",
        "type": "paragraph"
      },
      {
        "text": "τότε",
        "tag": "w",
        "type": "word",
        "lemma": "τότε",
        "strong": "G51190",
        "morph": "Gr,D,,,,,,,,,"
      },
      {
        "text": "παραγίνεται",
        "tag": "w",
        "type": "word",
        "lemma": "παραγίνομαι",
        "strong": "G38540",
        "morph": "Gr,V,IPM3,,S,"
      },
      {
        "text": "ὁ",
        "tag": "w",
        "type": "word",
        "lemma": "ὁ",
        "strong": "G35880",
        "morph": "Gr,EA,,,,NMS,"
      },
      {
        "text": "Ἰησοῦς",
        "tag": "w",
        "type": "word",
        "lemma": "Ἰησοῦς",
        "strong": "G24240",
        "morph": "Gr,N,,,,,NMS,",
        "tw": "rc://*/tw/dict/bible/kt/jesus"
      },
      {
        "text": "ἀπὸ",
        "tag": "w",
        "type": "word",
        "lemma": "ἀπό",
        "strong": "G05750",
        "morph": "Gr,P,,,,,G,,,"
      },
      {
        "text": "τῆς",
        "tag": "w",
        "type": "word",
        "lemma": "ὁ",
        "strong": "G35880",
        "morph": "Gr,EA,,,,GFS,"
      },
      {
        "text": "Γαλιλαίας",
        "tag": "w",
        "type": "word",
        "lemma": "Γαλιλαία",
        "strong": "G10560",
        "morph": "Gr,N,,,,,GFS,",
        "tw": "rc://*/tw/dict/bible/names/galilee"
      },
      {
        "text": "ἐπὶ",
        "tag": "w",
        "type": "word",
        "lemma": "ἐπί",
        "strong": "G19090",
        "morph": "Gr,P,,,,,A,,,"
      },
      {
        "text": "τὸν",
        "tag": "w",
        "type": "word",
        "lemma": "ὁ",
        "strong": "G35880",
        "morph": "Gr,EA,,,,AMS,"
      },
      {
        "text": "Ἰορδάνην",
        "tag": "w",
        "type": "word",
        "lemma": "Ἰορδάνης",
        "strong": "G24460",
        "morph": "Gr,N,,,,,AMS,",
        "tw": "rc://*/tw/dict/bible/names/jordanriver"
      },
      {
        "text": "πρὸς",
        "tag": "w",
        "type": "word",
        "lemma": "πρός",
        "strong": "G43140",
        "morph": "Gr,P,,,,,A,,,"
      },
      {
        "text": "τὸν",
        "tag": "w",
        "type": "word",
        "lemma": "ὁ",
        "strong": "G35880",
        "morph": "Gr,EA,,,,AMS,"
      },
      {
        "text": "Ἰωάννην",
        "tag": "w",
        "type": "word",
        "lemma": "Ἰωάννης",
        "strong": "G24910",
        "morph": "Gr,N,,,,,AMS,",
        "tw": "rc://*/tw/dict/bible/names/johnthebaptist"
      },
      {
        "type": "text",
        "text": ","
      },
      {
        "text": "τοῦ",
        "tag": "w",
        "type": "word",
        "lemma": "ὁ",
        "strong": "G35880",
        "morph": "Gr,RD,,,,GNS,"
      },
      {
        "text": "βαπτισθῆναι",
        "tag": "w",
        "type": "word",
        "lemma": "βαπτίζω",
        "strong": "G09070",
        "morph": "Gr,V,NAP,,,,,",
        "tw": "rc://*/tw/dict/bible/kt/baptize"
      },
      {
        "text": "ὑπ’",
        "tag": "w",
        "type": "word",
        "lemma": "ὑπό",
        "strong": "G52590",
        "morph": "Gr,P,,,,,G,,,"
      },
      {
        "text": "αὐτοῦ",
        "tag": "w",
        "type": "word",
        "lemma": "αὐτός",
        "strong": "G08460",
        "morph": "Gr,RP,,,3GMS,"
      },
      {
        "type": "text",
        "text": ".\n\n"
      }
    ]
  },
  "14": {
    "verseObjects": [
      {
        "text": "ὁ",
        "tag": "w",
        "type": "word",
        "lemma": "ὁ",
        "strong": "G35880",
        "morph": "Gr,EA,,,,NMS,"
      },
      {
        "text": "δὲ",
        "tag": "w",
        "type": "word",
        "lemma": "δέ",
        "strong": "G11610",
        "morph": "Gr,CC,,,,,,,,"
      },
      {
        "text": "Ἰωάννης",
        "tag": "w",
        "type": "word",
        "lemma": "Ἰωάννης",
        "strong": "G24910",
        "morph": "Gr,N,,,,,NMS,",
        "tw": "rc://*/tw/dict/bible/names/johnthebaptist"
      },
      {
        "text": "διεκώλυεν",
        "tag": "w",
        "type": "word",
        "lemma": "διακωλύω",
        "strong": "G12540",
        "morph": "Gr,V,IIA3,,S,"
      },
      {
        "text": "αὐτὸν",
        "tag": "w",
        "type": "word",
        "lemma": "αὐτός",
        "strong": "G08460",
        "morph": "Gr,RP,,,3AMS,"
      },
      {
        "text": "λέγων",
        "tag": "w",
        "type": "word",
        "lemma": "λέγω",
        "strong": "G30040",
        "morph": "Gr,V,PPA,NMS,"
      },
      {
        "type": "text",
        "text": ",\n“"
      },
      {
        "text": "ἐγὼ",
        "tag": "w",
        "type": "word",
        "lemma": "ἐγώ",
        "strong": "G14730",
        "morph": "Gr,RP,,,1N,S,"
      },
      {
        "text": "χρείαν",
        "tag": "w",
        "type": "word",
        "lemma": "χρεία",
        "strong": "G55320",
        "morph": "Gr,N,,,,,AFS,"
      },
      {
        "text": "ἔχω",
        "tag": "w",
        "type": "word",
        "lemma": "ἔχω",
        "strong": "G21920",
        "morph": "Gr,V,IPA1,,S,"
      },
      {
        "text": "ὑπὸ",
        "tag": "w",
        "type": "word",
        "lemma": "ὑπό",
        "strong": "G52590",
        "morph": "Gr,P,,,,,G,,,"
      },
      {
        "text": "σοῦ",
        "tag": "w",
        "type": "word",
        "lemma": "σύ",
        "strong": "G47710",
        "morph": "Gr,RP,,,2G,S,"
      },
      {
        "text": "βαπτισθῆναι",
        "tag": "w",
        "type": "word",
        "lemma": "βαπτίζω",
        "strong": "G09070",
        "morph": "Gr,V,NAP,,,,,",
        "tw": "rc://*/tw/dict/bible/kt/baptize"
      },
      {
        "type": "text",
        "text": ","
      },
      {
        "text": "καὶ",
        "tag": "w",
        "type": "word",
        "lemma": "καί",
        "strong": "G25320",
        "morph": "Gr,CC,,,,,,,,"
      },
      {
        "text": "σὺ",
        "tag": "w",
        "type": "word",
        "lemma": "σύ",
        "strong": "G47710",
        "morph": "Gr,RP,,,2N,S,"
      },
      {
        "text": "ἔρχῃ",
        "tag": "w",
        "type": "word",
        "lemma": "ἔρχομαι",
        "strong": "G20640",
        "morph": "Gr,V,IPM2,,S,"
      },
      {
        "text": "πρός",
        "tag": "w",
        "type": "word",
        "lemma": "πρός",
        "strong": "G43140",
        "morph": "Gr,P,,,,,A,,,"
      },
      {
        "text": "με",
        "tag": "w",
        "type": "word",
        "lemma": "ἐγώ",
        "strong": "G14730",
        "morph": "Gr,RP,,,1A,S,"
      },
      {
        "type": "text",
        "text": "?”\n\n"
      }
    ]
  },
  "15": {
    "verseObjects": [
      {
        "text": "ἀποκριθεὶς",
        "tag": "w",
        "type": "word",
        "lemma": "ἀποκρίνω",
        "strong": "G06110",
        "morph": "Gr,V,PAP,NMS,"
      },
      {
        "text": "δὲ",
        "tag": "w",
        "type": "word",
        "lemma": "δέ",
        "strong": "G11610",
        "morph": "Gr,CC,,,,,,,,"
      },
      {
        "text": "ὁ",
        "tag": "w",
        "type": "word",
        "lemma": "ὁ",
        "strong": "G35880",
        "morph": "Gr,EA,,,,NMS,"
      },
      {
        "text": "Ἰησοῦς",
        "tag": "w",
        "type": "word",
        "lemma": "Ἰησοῦς",
        "strong": "G24240",
        "morph": "Gr,N,,,,,NMS,",
        "tw": "rc://*/tw/dict/bible/kt/jesus"
      },
      {
        "text": "εἶπεν",
        "tag": "w",
        "type": "word",
        "lemma": "λέγω",
        "strong": "G30040",
        "morph": "Gr,V,IAA3,,S,"
      },
      {
        "text": "πρὸς",
        "tag": "w",
        "type": "word",
        "lemma": "πρός",
        "strong": "G43140",
        "morph": "Gr,P,,,,,A,,,"
      },
      {
        "text": "αὐτόν",
        "tag": "w",
        "type": "word",
        "lemma": "αὐτός",
        "strong": "G08460",
        "morph": "Gr,RP,,,3AMS,"
      },
      {
        "type": "text",
        "text": ",\n“"
      },
      {
        "text": "ἄφες",
        "tag": "w",
        "type": "word",
        "lemma": "ἀφίημι",
        "strong": "G08630",
        "morph": "Gr,V,MAA2,,S,"
      },
      {
        "text": "ἄρτι",
        "tag": "w",
        "type": "word",
        "lemma": "ἄρτι",
        "strong": "G07370",
        "morph": "Gr,D,,,,,,,,,"
      },
      {
        "type": "text",
        "text": ";"
      },
      {
        "text": "οὕτως",
        "tag": "w",
        "type": "word",
        "lemma": "οὕτως",
        "strong": "G37790",
        "morph": "Gr,D,,,,,,,,,"
      },
      {
        "text": "γὰρ",
        "tag": "w",
        "type": "word",
        "lemma": "γάρ",
        "strong": "G10630",
        "morph": "Gr,CC,,,,,,,,"
      },
      {
        "text": "πρέπον",
        "tag": "w",
        "type": "word",
        "lemma": "πρέπω",
        "strong": "G42410",
        "morph": "Gr,V,PPA,NNS,"
      },
      {
        "text": "ἐστὶν",
        "tag": "w",
        "type": "word",
        "lemma": "εἰμί",
        "strong": "G15100",
        "morph": "Gr,V,IPA3,,S,"
      },
      {
        "text": "ἡμῖν",
        "tag": "w",
        "type": "word",
        "lemma": "ἐγώ",
        "strong": "G14730",
        "morph": "Gr,RP,,,1D,P,"
      },
      {
        "text": "πληρῶσαι",
        "tag": "w",
        "type": "word",
        "lemma": "πληρόω",
        "strong": "G41370",
        "morph": "Gr,V,NAA,,,,,",
        "tw": "rc://*/tw/dict/bible/kt/fulfill"
      },
      {
        "text": "πᾶσαν",
        "tag": "w",
        "type": "word",
        "lemma": "πᾶς",
        "strong": "G39560",
        "morph": "Gr,EQ,,,,AFS,"
      },
      {
        "text": "δικαιοσύνην",
        "tag": "w",
        "type": "word",
        "lemma": "δικαιοσύνη",
        "strong": "G13430",
        "morph": "Gr,N,,,,,AFS,",
        "tw": "rc://*/tw/dict/bible/kt/righteous"
      },
      {
        "type": "text",
        "text": ".”"
      },
      {
        "text": "τότε",
        "tag": "w",
        "type": "word",
        "lemma": "τότε",
        "strong": "G51190",
        "morph": "Gr,D,,,,,,,,,"
      },
      {
        "text": "ἀφίησιν",
        "tag": "w",
        "type": "word",
        "lemma": "ἀφίημι",
        "strong": "G08630",
        "morph": "Gr,V,IPA3,,S,"
      },
      {
        "text": "αὐτόν",
        "tag": "w",
        "type": "word",
        "lemma": "αὐτός",
        "strong": "G08460",
        "morph": "Gr,RP,,,3AMS,"
      },
      {
        "type": "text",
        "text": ".\n\n"
      }
    ]
  },
  "16": {
    "verseObjects": [
      {
        "text": "βαπτισθεὶς",
        "tag": "w",
        "type": "word",
        "lemma": "βαπτίζω",
        "strong": "G09070",
        "morph": "Gr,V,PAP,NMS,",
        "tw": "rc://*/tw/dict/bible/kt/baptize"
      },
      {
        "text": "δὲ",
        "tag": "w",
        "type": "word",
        "lemma": "δέ",
        "strong": "G11610",
        "morph": "Gr,CC,,,,,,,,"
      },
      {
        "type": "text",
        "text": ","
      },
      {
        "text": "ὁ",
        "tag": "w",
        "type": "word",
        "lemma": "ὁ",
        "strong": "G35880",
        "morph": "Gr,EA,,,,NMS,"
      },
      {
        "text": "Ἰησοῦς",
        "tag": "w",
        "type": "word",
        "lemma": "Ἰησοῦς",
        "strong": "G24240",
        "morph": "Gr,N,,,,,NMS,",
        "tw": "rc://*/tw/dict/bible/kt/jesus"
      },
      {
        "text": "εὐθὺς",
        "tag": "w",
        "type": "word",
        "lemma": "εὐθύς",
        "strong": "G21120",
        "morph": "Gr,D,,,,,,,,,"
      },
      {
        "text": "ἀνέβη",
        "tag": "w",
        "type": "word",
        "lemma": "ἀναβαίνω",
        "strong": "G03050",
        "morph": "Gr,V,IAA3,,S,"
      },
      {
        "text": "ἀπὸ",
        "tag": "w",
        "type": "word",
        "lemma": "ἀπό",
        "strong": "G05750",
        "morph": "Gr,P,,,,,G,,,"
      },
      {
        "text": "τοῦ",
        "tag": "w",
        "type": "word",
        "lemma": "ὁ",
        "strong": "G35880",
        "morph": "Gr,EA,,,,GNS,"
      },
      {
        "text": "ὕδατος",
        "tag": "w",
        "type": "word",
        "lemma": "ὕδωρ",
        "strong": "G52040",
        "morph": "Gr,N,,,,,GNS,",
        "tw": "rc://*/tw/dict/bible/other/water"
      },
      {
        "type": "text",
        "text": ";"
      },
      {
        "text": "καὶ",
        "tag": "w",
        "type": "word",
        "lemma": "καί",
        "strong": "G25320",
        "morph": "Gr,CC,,,,,,,,"
      },
      {
        "text": "ἰδοὺ",
        "tag": "w",
        "type": "word",
        "lemma": "ὁράω",
        "strong": "G37080",
        "morph": "Gr,IDMAA2,,S,"
      },
      {
        "type": "text",
        "text": ","
      },
      {
        "text": "ἀνεῴχθησαν",
        "tag": "w",
        "type": "word",
        "lemma": "ἀνεώγω",
        "strong": "G04550",
        "morph": "Gr,V,IAP3,,P,"
      },
      {
        "text": "αὐτῷ",
        "tag": "w",
        "type": "word",
        "lemma": "αὐτός",
        "strong": "G08460",
        "morph": "Gr,RP,,,3DMS,"
      },
      {
        "text": "οἱ",
        "tag": "w",
        "type": "word",
        "lemma": "ὁ",
        "strong": "G35880",
        "morph": "Gr,EA,,,,NMP,"
      },
      {
        "text": "οὐρανοί",
        "tag": "w",
        "type": "word",
        "lemma": "οὐρανός",
        "strong": "G37720",
        "morph": "Gr,N,,,,,NMP,",
        "tw": "rc://*/tw/dict/bible/kt/heaven"
      },
      {
        "type": "text",
        "text": ","
      },
      {
        "text": "καὶ",
        "tag": "w",
        "type": "word",
        "lemma": "καί",
        "strong": "G25320",
        "morph": "Gr,CC,,,,,,,,"
      },
      {
        "text": "εἶδεν",
        "tag": "w",
        "type": "word",
        "lemma": "ὁράω",
        "strong": "G37080",
        "morph": "Gr,V,IAA3,,S,"
      },
      {
        "text": "τὸ",
        "tag": "w",
        "type": "word",
        "lemma": "ὁ",
        "strong": "G35880",
        "morph": "Gr,EA,,,,ANS,"
      },
      {
        "tag": "k",
        "type": "milestone",
        "tw": "rc://*/tw/dict/bible/kt/holyspirit",
        "children": [
          {
            "text": "Πνεῦμα",
            "tag": "w",
            "type": "word",
            "lemma": "πνεῦμα",
            "strong": "G41510",
            "morph": "Gr,N,,,,,ANS,"
          },
          {
            "text": "τοῦ",
            "tag": "w",
            "type": "word",
            "lemma": "ὁ",
            "strong": "G35880",
            "morph": "Gr,EA,,,,GMS,"
          },
          {
            "text": "Θεοῦ",
            "tag": "w",
            "type": "word",
            "lemma": "θεός",
            "strong": "G23160",
            "morph": "Gr,N,,,,,GMS,",
            "tw": "rc://*/tw/dict/bible/kt/god"
          }
        ],
        "endTag": "k-e\\*"
      },
      {
        "text": "καταβαῖνον",
        "tag": "w",
        "type": "word",
        "lemma": "καταβαίνω",
        "strong": "G25970",
        "morph": "Gr,V,PPA,ANS,"
      },
      {
        "text": "ὡσεὶ",
        "tag": "w",
        "type": "word",
        "lemma": "ὡσεί",
        "strong": "G56160",
        "morph": "Gr,CS,,,,,,,,",
        "tw": "rc://*/tw/dict/bible/other/like"
      },
      {
        "text": "περιστερὰν",
        "tag": "w",
        "type": "word",
        "lemma": "περιστερά",
        "strong": "G40580",
        "morph": "Gr,N,,,,,AFS,",
        "tw": "rc://*/tw/dict/bible/other/dove"
      },
      {
        "text": "ἐρχόμενον",
        "tag": "w",
        "type": "word",
        "lemma": "ἔρχομαι",
        "strong": "G20640",
        "morph": "Gr,V,PPM,ANS,"
      },
      {
        "text": "ἐπ’",
        "tag": "w",
        "type": "word",
        "lemma": "ἐπί",
        "strong": "G19090",
        "morph": "Gr,P,,,,,A,,,"
      },
      {
        "text": "αὐτόν",
        "tag": "w",
        "type": "word",
        "lemma": "αὐτός",
        "strong": "G08460",
        "morph": "Gr,RP,,,3AMS,"
      },
      {
        "type": "text",
        "text": ".\n\n"
      }
    ]
  },
  "17": {
    "verseObjects": [
      {
        "text": "καὶ",
        "tag": "w",
        "type": "word",
        "lemma": "καί",
        "strong": "G25320",
        "morph": "Gr,CC,,,,,,,,"
      },
      {
        "text": "ἰδοὺ",
        "tag": "w",
        "type": "word",
        "lemma": "ὁράω",
        "strong": "G37080",
        "morph": "Gr,IDMAA2,,S,"
      },
      {
        "type": "text",
        "text": ","
      },
      {
        "text": "φωνὴ",
        "tag": "w",
        "type": "word",
        "lemma": "φωνή",
        "strong": "G54560",
        "morph": "Gr,N,,,,,NFS,",
        "tw": "rc://*/tw/dict/bible/other/voice"
      },
      {
        "text": "ἐκ",
        "tag": "w",
        "type": "word",
        "lemma": "ἐκ",
        "strong": "G15370",
        "morph": "Gr,P,,,,,G,,,"
      },
      {
        "text": "τῶν",
        "tag": "w",
        "type": "word",
        "lemma": "ὁ",
        "strong": "G35880",
        "morph": "Gr,EA,,,,GMP,"
      },
      {
        "text": "οὐρανῶν",
        "tag": "w",
        "type": "word",
        "lemma": "οὐρανός",
        "strong": "G37720",
        "morph": "Gr,N,,,,,GMP,",
        "tw": "rc://*/tw/dict/bible/kt/heaven"
      },
      {
        "text": "λέγουσα",
        "tag": "w",
        "type": "word",
        "lemma": "λέγω",
        "strong": "G30040",
        "morph": "Gr,V,PPA,NFS,"
      },
      {
        "type": "text",
        "text": ",\n“"
      },
      {
        "text": "οὗτός",
        "tag": "w",
        "type": "word",
        "lemma": "οὗτος",
        "strong": "G37780",
        "morph": "Gr,RD,,,,NMS,"
      },
      {
        "text": "ἐστιν",
        "tag": "w",
        "type": "word",
        "lemma": "εἰμί",
        "strong": "G15100",
        "morph": "Gr,V,IPA3,,S,"
      },
      {
        "text": "ὁ",
        "tag": "w",
        "type": "word",
        "lemma": "ὁ",
        "strong": "G35880",
        "morph": "Gr,EA,,,,NMS,"
      },
      {
        "text": "Υἱός",
        "tag": "w",
        "type": "word",
        "lemma": "υἱός",
        "strong": "G52070",
        "morph": "Gr,N,,,,,NMS,",
        "tw": "rc://*/tw/dict/bible/kt/sonofgod"
      },
      {
        "text": "μου",
        "tag": "w",
        "type": "word",
        "lemma": "ἐγώ",
        "strong": "G14730",
        "morph": "Gr,RP,,,1G,S,"
      },
      {
        "type": "text",
        "text": ","
      },
      {
        "text": "ὁ",
        "tag": "w",
        "type": "word",
        "lemma": "ὁ",
        "strong": "G35880",
        "morph": "Gr,EA,,,,NMS,"
      },
      {
        "text": "ἀγαπητός",
        "tag": "w",
        "type": "word",
        "lemma": "ἀγαπητός",
        "strong": "G00270",
        "morph": "Gr,NS,,,,NMS,",
        "tw": "rc://*/tw/dict/bible/kt/beloved"
      },
      {
        "text": "ἐν",
        "tag": "w",
        "type": "word",
        "lemma": "ἐν",
        "strong": "G17220",
        "morph": "Gr,P,,,,,D,,,"
      },
      {
        "text": "ᾧ",
        "tag": "w",
        "type": "word",
        "lemma": "ὅς",
        "strong": "G37390",
        "morph": "Gr,RR,,,,DMS,"
      },
      {
        "text": "εὐδόκησα",
        "tag": "w",
        "type": "word",
        "lemma": "εὐδοκέω",
        "strong": "G21060",
        "morph": "Gr,V,IAA1,,S,",
        "tw": "rc://*/tw/dict/bible/other/delight"
      },
      {
        "type": "text",
        "text": ".”\n\n"
      }
    ]
  },
  "front": {
    "verseObjects": [
      {
        "tag": "p",
        "nextChar": "\n",
        "type": "paragraph"
      },
      {
        "type": "text",
        "text": "\n"
      }
    ]
  }
}