{
  "1": {
    "verseObjects": [
      {
        "type": "text",
        "text": "I give this solemn command before God and Christ Jesus, who will judge the living and the dead, and because of his appearing and his kingdom:\n"
      }
    ]
  },
  "2": {
    "verseObjects": [
      {
        "type": "text",
        "text": "Preach the word; be ready when it is convenient and when it is not. Reprove, rebuke, exhort, with all patience and teaching.\n\n"
      },
      {
        "tag": "s5",
        "type": "section",
        "text": "\n"
      }
    ]
  },
  "3": {
    "verseObjects": [
      {
        "type": "text",
        "text": "For the time will come when people will not endure sound teaching. Instead, they will heap up for themselves teachers according to their own desires, who say what their itching ears want to hear. \n"
      }
    ]
  },
  "4": {
    "verseObjects": [
      {
        "type": "text",
        "text": "They will turn their hearing away from the truth, and they will turn aside to myths.\n"
      }
    ]
  },
  "5": {
    "verseObjects": [
      {
        "type": "text",
        "text": "But you, be sober-minded in all things. Suffer hardship; do the work of an evangelist; fulfill your service.\n\n"
      },
      {
        "tag": "s5",
        "type": "section",
        "text": "\n"
      }
    ]
  },
  "6": {
    "verseObjects": [
      {
        "type": "text",
        "text": "For I am already being poured out. The time of my departure has come.\n"
      }
    ]
  },
  "7": {
    "verseObjects": [
      {
        "type": "text",
        "text": "I have competed in the good contest; I have finished the race; I have kept the faith.\n"
      }
    ]
  },
  "8": {
    "verseObjects": [
      {
        "type": "text",
        "text": "The crown of righteousness has been reserved for me, which the Lord, the righteous judge, will give to me on that day, and not to me only, but also to all those who have loved his appearing.\n\n"
      },
      {
        "tag": "s5",
        "type": "section",
        "text": "\n"
      },
      {
        "tag": "p",
        "type": "paragraph",
        "text": "\n"
      }
    ]
  },
  "9": {
    "verseObjects": [
      {
        "type": "text",
        "text": "Do your best to come to me quickly.\n"
      }
    ]
  },
  "10": {
    "verseObjects": [
      {
        "type": "text",
        "text": "For Demas has left me. He loves this present world and has gone to Thessalonica. Crescens went to Galatia, and Titus went to Dalmatia.\n\n"
      },
      {
        "tag": "s5",
        "type": "section",
        "text": "\n"
      }
    ]
  },
  "11": {
    "verseObjects": [
      {
        "type": "text",
        "text": "Only Luke is with me. Get Mark and bring him with you because he is useful to me in the work.\n"
      }
    ]
  },
  "12": {
    "verseObjects": [
      {
        "type": "text",
        "text": "Tychicus I sent to Ephesus.\n"
      }
    ]
  },
  "13": {
    "verseObjects": [
      {
        "type": "text",
        "text": "The cloak that I left at Troas with Carpus, bring it when you come, and the books, especially the parchments.\n\n"
      },
      {
        "tag": "s5",
        "type": "section",
        "text": "\n"
      }
    ]
  },
  "14": {
    "verseObjects": [
      {
        "type": "text",
        "text": "Alexander the coppersmith displayed many evil deeds against me. The Lord will repay him according to his deeds.\n"
      }
    ]
  },
  "15": {
    "verseObjects": [
      {
        "type": "text",
        "text": "You also should guard yourself against him, because he greatly opposed our words.\n"
      }
    ]
  },
  "16": {
    "verseObjects": [
      {
        "type": "text",
        "text": "At my first defense, no one stood with me. Instead, everyone left me. May it not be counted against them.\n\n"
      },
      {
        "tag": "s5",
        "type": "section",
        "text": "\n"
      }
    ]
  },
  "17": {
    "verseObjects": [
      {
        "type": "text",
        "text": "But the Lord stood by me and strengthened me so that, through me, the message might be fully proclaimed, and that all the Gentiles might hear it; and that I was rescued out of the lion's mouth.\n"
      }
    ]
  },
  "18": {
    "verseObjects": [
      {
        "type": "text",
        "text": "The Lord will rescue me from every evil deed and will save me for his heavenly kingdom. To him be the glory forever and ever. Amen.\n\n"
      },
      {
        "tag": "s5",
        "type": "section",
        "text": "\n"
      },
      {
        "tag": "p",
        "type": "paragraph",
        "text": "\n"
      }
    ]
  },
  "19": {
    "verseObjects": [
      {
        "type": "text",
        "text": "Greet Priscilla, Aquila, and the house of Onesiphorus.\n"
      }
    ]
  },
  "20": {
    "verseObjects": [
      {
        "type": "text",
        "text": "Erastus remained at Corinth, but Trophimus I left sick at Miletus.\n"
      }
    ]
  },
  "21": {
    "verseObjects": [
      {
        "type": "text",
        "text": "Do your best to come before winter. Eubulus greets you, also Pudens, Linus, Claudia, and all the brothers.\n"
      },
      {
        "tag": "p",
        "type": "paragraph",
        "text": "\n"
      }
    ]
  },
  "22": {
    "verseObjects": [
      {
        "type": "text",
        "text": "May the Lord be with your spirit. May grace be with you.\n\n"
      }
    ]
  },
  "front": {
    "verseObjects": [
      {
        "tag": "p",
        "type": "paragraph",
        "text": "\n"
      }
    ]
  }
}