{
  "1": {
    "verseObjects": [
      {
        "type": "text",
        "text": "Then Hiram king of Tyre sent messengers to David, and cedar trees, carpenters, and masons. They built a house for him.\n"
      }
    ]
  },
  "2": {
    "verseObjects": [
      {
        "type": "text",
        "text": "David knew that Yahweh had established him as king over Israel, and that his kingdom was exalted on high for the sake of his people Israel.\n\n"
      },
      {
        "tag": "s5",
        "nextChar": "\n",
        "type": "section"
      },
      {
        "tag": "p",
        "nextChar": "\n",
        "type": "paragraph"
      }
    ]
  },
  "3": {
    "verseObjects": [
      {
        "type": "text",
        "text": "In Jerusalem, David took more wives, and he became the father of more sons and daughters.\n"
      }
    ]
  },
  "4": {
    "verseObjects": [
      {
        "type": "text",
        "text": "These were the names of the children who were born to him in Jerusalem: Shammua, Shobab, Nathan, Solomon,\n"
      }
    ]
  },
  "5": {
    "verseObjects": [
      {
        "type": "text",
        "text": "Ibhar, Elishua, Elpelet,\n"
      }
    ]
  },
  "6": {
    "verseObjects": [
      {
        "type": "text",
        "text": "Nogah, Nepheg, Japhia,\n"
      }
    ]
  },
  "7": {
    "verseObjects": [
      {
        "type": "text",
        "text": "Elishama, Beeliada, and Eliphelet.\n\n"
      },
      {
        "tag": "s5",
        "nextChar": "\n",
        "type": "section"
      },
      {
        "tag": "p",
        "nextChar": "\n",
        "type": "paragraph"
      }
    ]
  },
  "8": {
    "verseObjects": [
      {
        "type": "text",
        "text": "Now when the Philistines heard that David had been anointed as king over all Israel, they all went out looking for him. But David heard about it and went out against them.\n"
      }
    ]
  },
  "9": {
    "verseObjects": [
      {
        "type": "text",
        "text": "Now the Philistines had come and made a raid in the Valley of Rephaim.\n\n"
      },
      {
        "tag": "s5",
        "nextChar": "\n",
        "type": "section"
      }
    ]
  },
  "10": {
    "verseObjects": [
      {
        "type": "text",
        "text": "Then David asked for help from God. He said, \"Should I attack the Philistines? Will you give victory over them?\" Yahweh said to him, \"Attack, for I will certainly give them to you.\"\n"
      }
    ]
  },
  "11": {
    "verseObjects": [
      {
        "type": "text",
        "text": "So they came up to Baal Perazim, and there he defeated them. He commented, \"God has burst through my enemies by my hand like a bursting flood of water.\" So the name of that place became Baal Perazim.\n"
      }
    ]
  },
  "12": {
    "verseObjects": [
      {
        "type": "text",
        "text": "The Philistines abandoned their gods there, and David gave an order that they should be burned.\n\n"
      },
      {
        "tag": "s5",
        "nextChar": "\n",
        "type": "section"
      },
      {
        "tag": "p",
        "nextChar": "\n",
        "type": "paragraph"
      }
    ]
  },
  "13": {
    "verseObjects": [
      {
        "type": "text",
        "text": "Then the Philistines raided the valley yet again.\n"
      }
    ]
  },
  "14": {
    "verseObjects": [
      {
        "type": "text",
        "text": "So David asked for help from God again. God said to him, \"You must not attack their front, but rather circle around behind them and come on them through the balsam woods.\n\n"
      },
      {
        "tag": "s5",
        "nextChar": "\n",
        "type": "section"
      }
    ]
  },
  "15": {
    "verseObjects": [
      {
        "type": "text",
        "text": "When you hear the sound of marching in the wind blowing through the balsam treetops, then attack with force. Do this because God will have gone out before you to attack the army of the Philistines.\"\n"
      }
    ]
  },
  "16": {
    "verseObjects": [
      {
        "type": "text",
        "text": "So David did as God had commanded him. He defeated the army of the Philistines from Gibeon all the way to Gezer.\n"
      }
    ]
  },
  "17": {
    "verseObjects": [
      {
        "type": "text",
        "text": "Then David's fame went out into all lands, and Yahweh caused all nations to fear him.\n\n\n"
      },
      {
        "tag": "s5",
        "nextChar": "\n",
        "type": "section"
      }
    ]
  },
  "front": {
    "verseObjects": [
      {
        "tag": "p",
        "nextChar": "\n",
        "type": "paragraph"
      }
    ]
  }
}