{
  "1": {
    "verseObjects": [
      {
        "type": "text",
        "text": "David built houses for himself in the city of David. He prepared a place for the ark of God and set up a tent for it.\n"
      }
    ]
  },
  "2": {
    "verseObjects": [
      {
        "type": "text",
        "text": "Then David said, \"Only the Levites may carry the ark of God, for they had been chosen by Yahweh to carry the ark of Yahweh, and to serve him forever.\"\n"
      }
    ]
  },
  "3": {
    "verseObjects": [
      {
        "type": "text",
        "text": "Then David assembled all Israel at Jerusalem, to bring up the ark of Yahweh to the place he had prepared for it.\n\n"
      },
      {
        "tag": "s5",
        "type": "section",
        "text": "\n"
      }
    ]
  },
  "4": {
    "verseObjects": [
      {
        "type": "text",
        "text": "David gathered together Aaron's descendants and the Levites.\n"
      }
    ]
  },
  "5": {
    "verseObjects": [
      {
        "type": "text",
        "text": "From the descendants of Kohath, there was Uriel the leader and his relatives, 120 men.\n"
      }
    ]
  },
  "6": {
    "verseObjects": [
      {
        "type": "text",
        "text": "From the descendants of Merari, there was Asaiah the leader and his relatives, 220 men.\n\n"
      },
      {
        "tag": "s5",
        "type": "section",
        "text": "\n"
      }
    ]
  },
  "7": {
    "verseObjects": [
      {
        "type": "text",
        "text": "From the descendants of Gershom, there was Joel the leader and his relatives, 130 men.\n"
      }
    ]
  },
  "8": {
    "verseObjects": [
      {
        "type": "text",
        "text": "From the descendants of Elizaphan, there was Shemaiah the leader and his relatives, 200 men.\n"
      }
    ]
  },
  "9": {
    "verseObjects": [
      {
        "type": "text",
        "text": "From the descendants of Hebron, there was Eliel the leader and his relatives, eighty men.\n"
      }
    ]
  },
  "10": {
    "verseObjects": [
      {
        "type": "text",
        "text": "From the descendants of Uzziel, there was Amminadab the leader and his relatives, 112 men.\n\n"
      },
      {
        "tag": "s5",
        "type": "section",
        "text": "\n"
      }
    ]
  },
  "11": {
    "verseObjects": [
      {
        "type": "text",
        "text": "David called for Zadok and Abiathar the priests, and the Levites Uriel, Asaiah, Joel, Shemaiah, Eliel, and Amminadab.\n"
      }
    ]
  },
  "12": {
    "verseObjects": [
      {
        "type": "text",
        "text": "He said to them, \"You are the leaders of the Levite families. Consecrate yourselves, both you and your brothers, so that you may bring up the ark of Yahweh, the God of Israel, to the place that I have prepared for it.\n\n"
      },
      {
        "tag": "s5",
        "type": "section",
        "text": "\n"
      }
    ]
  },
  "13": {
    "verseObjects": [
      {
        "type": "text",
        "text": "You did not carry it the first time. That is why Yahweh our God broke out against us, for we did not seek him or obey his decree.\"\n"
      }
    ]
  },
  "14": {
    "verseObjects": [
      {
        "type": "text",
        "text": "So the priests and the Levites consecrated themselves so they could bring up the ark of Yahweh, the God of Israel.\n"
      }
    ]
  },
  "15": {
    "verseObjects": [
      {
        "type": "text",
        "text": "So the Levites carried the ark of God on their shoulders with the poles, as Moses had commanded—following the rules given by the word of Yahweh.\n\n"
      },
      {
        "tag": "s5",
        "type": "section",
        "text": "\n"
      },
      {
        "tag": "p",
        "type": "paragraph",
        "text": "\n"
      }
    ]
  },
  "16": {
    "verseObjects": [
      {
        "type": "text",
        "text": "David spoke to the leaders of the Levites to assign their brothers to be musicians with musical instruments, stringed instruments, harps and cymbals, playing loudly and joyfully lifting up their voices.\n"
      }
    ]
  },
  "17": {
    "verseObjects": [
      {
        "type": "text",
        "text": "So the Levites appointed Heman son of Joel and one of his brothers, Asaph son of Berechiah. They also appointed kinsmen from Merari's descendants and Ethan son of Kushaiah.\n"
      }
    ]
  },
  "18": {
    "verseObjects": [
      {
        "type": "text",
        "text": "With them were their kinsmen of second rank: Zechariah, "
      },
      {
        "tag": "f",
        "type": "footnote",
        "content": "+ \\ft Some ancient copies add the name or prefix, \"ben,\" assuming perhaps the name of Zechariah's father was omitted. "
      },
      {
        "type": "text",
        "text": " Jaaziel, Shemiramoth, Jehiel, Unni, Eliab, Benaiah, Maaseiah, Mattithiah, Eliphelehu, Mikneiah, Obed Edom, and Jeiel, the gatekeepers.\n\n"
      },
      {
        "tag": "s5",
        "type": "section",
        "text": "\n"
      }
    ]
  },
  "19": {
    "verseObjects": [
      {
        "type": "text",
        "text": "The musicians Heman, Asaph, and Ethan were appointed to play loud bronze cymbals.\n"
      }
    ]
  },
  "20": {
    "verseObjects": [
      {
        "type": "text",
        "text": "Zechariah, Aziel, Shemiramoth, Jehiel, Unni, Eliab, Maaseiah, and Benaiah played the stringed instruments, set to Alamoth.\n"
      }
    ]
  },
  "21": {
    "verseObjects": [
      {
        "type": "text",
        "text": "Mattithiah, Eliphelehu, Mikneiah, Obed Edom, Jeiel, and Azaziah led the way with harps set to the Sheminith.\n\n"
      },
      {
        "tag": "s5",
        "type": "section",
        "text": "\n"
      }
    ]
  },
  "22": {
    "verseObjects": [
      {
        "type": "text",
        "text": "Kenaniah, leader of the Levites, was the director of the singing because he was a teacher of music.\n"
      }
    ]
  },
  "23": {
    "verseObjects": [
      {
        "type": "text",
        "text": "Berechiah and Elkanah were guards for the ark.\n"
      }
    ]
  },
  "24": {
    "verseObjects": [
      {
        "type": "text",
        "text": "Shebaniah, Joshaphat, Nethanel, Amasai, Zechariah, Benaiah, and Eliezer, the priests, were to blow the trumpets before the ark of God. Obed Edom and Jehiah were guards for the ark.\n\n"
      },
      {
        "tag": "s5",
        "type": "section",
        "text": "\n"
      },
      {
        "tag": "p",
        "type": "paragraph",
        "text": "\n"
      }
    ]
  },
  "25": {
    "verseObjects": [
      {
        "type": "text",
        "text": "So David, the elders of Israel, and the commanders over thousands went to bring up the ark of the covenant of Yahweh out of Obed Edom's house with rejoicing.\n"
      }
    ]
  },
  "26": {
    "verseObjects": [
      {
        "type": "text",
        "text": "While God helped the Levites who carried the ark of the covenant of Yahweh, they sacrificed seven bulls and seven rams.\n\n"
      },
      {
        "tag": "s5",
        "type": "section",
        "text": "\n"
      }
    ]
  },
  "27": {
    "verseObjects": [
      {
        "type": "text",
        "text": "David was clothed with a robe of fine linen, as were the Levites who carried the ark, the singers, and Kenaniah, the leader of the song with the singers. David was wearing a linen ephod.\n"
      }
    ]
  },
  "28": {
    "verseObjects": [
      {
        "type": "text",
        "text": "So all Israel brought up the ark of the covenant of Yahweh with joyful shouting, and with the sound of horns and trumpets, with cymbals, and with stringed instruments and harps.\n\n"
      },
      {
        "tag": "s5",
        "type": "section",
        "text": "\n"
      },
      {
        "tag": "p",
        "type": "paragraph",
        "text": "\n"
      }
    ]
  },
  "29": {
    "verseObjects": [
      {
        "type": "text",
        "text": "But as the ark of the covenant of Yahweh came to the city of David, Michal daughter of Saul, looked out the window. She saw King David dancing and celebrating. Then she despised him in her heart.\n\n\n"
      },
      {
        "tag": "s5",
        "type": "section",
        "text": "\n"
      }
    ]
  },
  "front": {
    "verseObjects": [
      {
        "tag": "p",
        "type": "paragraph",
        "text": "\n"
      }
    ]
  }
}