{
  "1": {
    "verseObjects": [
      {
        "type": "text",
        "text": "These were Israel's sons: Reuben, Simeon, Levi, Judah, Issachar, Zebulun,\n"
      }
    ]
  },
  "2": {
    "verseObjects": [
      {
        "type": "text",
        "text": "Dan, Joseph, Benjamin, Naphtali, Gad, and Asher.\n\n"
      },
      {
        "tag": "s5",
        "type": "section",
        "text": "\n"
      },
      {
        "tag": "p",
        "type": "paragraph",
        "text": "\n"
      }
    ]
  },
  "3": {
    "verseObjects": [
      {
        "type": "text",
        "text": "Judah's sons were Er, Onan, and Shelah, who were born to him by Shua's daughter, a Canaanite woman. Er, Judah's firstborn, was wicked in the sight of Yahweh, and Yahweh killed him.\n"
      }
    ]
  },
  "4": {
    "verseObjects": [
      {
        "type": "text",
        "text": "Tamar, his daughter-in-law, bore him Perez and Zerah. Judah had five sons.\n\n"
      },
      {
        "tag": "s5",
        "type": "section",
        "text": "\n"
      },
      {
        "tag": "p",
        "type": "paragraph",
        "text": "\n"
      }
    ]
  },
  "5": {
    "verseObjects": [
      {
        "type": "text",
        "text": "Perez's sons were Hezron and Hamul.\n"
      }
    ]
  },
  "6": {
    "verseObjects": [
      {
        "type": "text",
        "text": "Zerah's sons were Zimri, Ethan, Heman, Kalkol, and Darda, five in all.\n"
      }
    ]
  },
  "7": {
    "verseObjects": [
      {
        "type": "text",
        "text": "Karmi's son was Achar, who brought trouble on Israel when he stole what was reserved for God. "
      },
      {
        "tag": "f",
        "type": "footnote",
        "content": "+ \\ft Some versions have \\fqa Achan \\fqa* instead of \\fqa Achar \\fqa* . "
      },
      {
        "type": "text",
        "text": "\n"
      }
    ]
  },
  "8": {
    "verseObjects": [
      {
        "type": "text",
        "text": "Ethan's son was Azariah.\n \n"
      },
      {
        "tag": "s5",
        "type": "section",
        "text": "\n"
      },
      {
        "tag": "p",
        "type": "paragraph",
        "text": "\n"
      }
    ]
  },
  "9": {
    "verseObjects": [
      {
        "type": "text",
        "text": "Hezron's sons were Jerahmeel, Ram, and Caleb.\n"
      }
    ]
  },
  "10": {
    "verseObjects": [
      {
        "type": "text",
        "text": "Ram became the father of Amminadab, and Amminadab became the father of Nahshon, a leader among Judah's descendants.\n"
      }
    ]
  },
  "11": {
    "verseObjects": [
      {
        "type": "text",
        "text": "Nahshon became the father of Salmon, and Salmon became the father of Boaz.\n"
      }
    ]
  },
  "12": {
    "verseObjects": [
      {
        "type": "text",
        "text": "Boaz became the father of Obed, and Obed became the father of Jesse.\n\n"
      },
      {
        "tag": "s5",
        "type": "section",
        "text": "\n"
      }
    ]
  },
  "13": {
    "verseObjects": [
      {
        "type": "text",
        "text": "Jesse became the father of his firstborn Eliab, Abinadab the second, Shimea the third,\n"
      }
    ]
  },
  "14": {
    "verseObjects": [
      {
        "type": "text",
        "text": "Nethanel the fourth, Raddai the fifth,\n"
      }
    ]
  },
  "15": {
    "verseObjects": [
      {
        "type": "text",
        "text": "Ozem the sixth, and David the seventh.\n\n"
      },
      {
        "tag": "s5",
        "type": "section",
        "text": "\n"
      }
    ]
  },
  "16": {
    "verseObjects": [
      {
        "type": "text",
        "text": "Their sisters were Zeruiah and Abigail. The sons of Zeruiah were Abishai, Joab, and Asahel, three of them.\n"
      }
    ]
  },
  "17": {
    "verseObjects": [
      {
        "type": "text",
        "text": "Abigail bore Amasa, whose father was Jether the Ishmaelite.\n\n"
      },
      {
        "tag": "s5",
        "type": "section",
        "text": "\n"
      },
      {
        "tag": "p",
        "type": "paragraph",
        "text": "\n"
      }
    ]
  },
  "18": {
    "verseObjects": [
      {
        "type": "text",
        "text": "Caleb son of Hezron became the father of children by Azubah, his wife, and by Jerioth. His sons were Jesher, Shobab, and Ardon.\n"
      }
    ]
  },
  "19": {
    "verseObjects": [
      {
        "type": "text",
        "text": "Azubah died, and then Caleb married Ephrath, who bore him Hur.\n"
      }
    ]
  },
  "20": {
    "verseObjects": [
      {
        "type": "text",
        "text": "Hur became the father of Uri, and Uri became the father of Bezalel.\n\n"
      },
      {
        "tag": "s5",
        "type": "section",
        "text": "\n"
      },
      {
        "tag": "p",
        "type": "paragraph",
        "text": "\n"
      }
    ]
  },
  "21": {
    "verseObjects": [
      {
        "type": "text",
        "text": "Later Hezron (when he was sixty years old) married the daughter of Makir, the father of Gilead. She bore him Segub.\n"
      }
    ]
  },
  "22": {
    "verseObjects": [
      {
        "type": "text",
        "text": "Segub became the father of Jair, who controlled twenty-three cities in the land of Gilead.\n\n"
      },
      {
        "tag": "s5",
        "type": "section",
        "text": "\n"
      }
    ]
  },
  "23": {
    "verseObjects": [
      {
        "type": "text",
        "text": "Geshur and Aram took Havvoth Jair and Kenath, as well as sixty surrounding towns. All these inhabitants were descendants of Makir, the father of Gilead.\n"
      }
    ]
  },
  "24": {
    "verseObjects": [
      {
        "type": "text",
        "text": "After the death of Hezron, Caleb slept with Ephrathah, the wife of his father Hezron. She bore him Ashhur, the father of Tekoa.\n"
      },
      {
        "tag": "f",
        "type": "footnote",
        "content": "+ \\ft Some versions read, \\fqa After Hezron's death in Caleb Ephrathah, his wife Abijah bore him a son, Ashhur the father of Tekoa \\fqa* . "
      },
      {
        "type": "text",
        "text": "\n\n"
      },
      {
        "tag": "s5",
        "type": "section",
        "text": "\n"
      },
      {
        "tag": "p",
        "type": "paragraph",
        "text": "\n"
      }
    ]
  },
  "25": {
    "verseObjects": [
      {
        "type": "text",
        "text": "The sons of Jerahmeel, the firstborn of Hezron, were Ram the firstborn, Bunah, Oren, Ozem, and Ahijah.\n"
      }
    ]
  },
  "26": {
    "verseObjects": [
      {
        "type": "text",
        "text": "Jerahmeel had another wife, whose name was Atarah. She was the mother of Onam.\n"
      }
    ]
  },
  "27": {
    "verseObjects": [
      {
        "type": "text",
        "text": "The sons of Ram, the firstborn of Jerahmeel, were Maaz, Jamin, and Eker.\n"
      }
    ]
  },
  "28": {
    "verseObjects": [
      {
        "type": "text",
        "text": "The sons of Onam were Shammai and Jada. The sons of Shammai were Nadab and Abishur.\n\n"
      },
      {
        "tag": "s5",
        "type": "section",
        "text": "\n"
      }
    ]
  },
  "29": {
    "verseObjects": [
      {
        "type": "text",
        "text": "The name of the wife of Abishur was Abihail, and she bore him Ahban and Molid.\n"
      }
    ]
  },
  "30": {
    "verseObjects": [
      {
        "type": "text",
        "text": "The sons of Nadab were Seled and Appaim, but Seled died without children.\n"
      }
    ]
  },
  "31": {
    "verseObjects": [
      {
        "type": "text",
        "text": "The son of Appaim was Ishi. The son of Ishi was Sheshan. The son of Sheshan was Ahlai.\n"
      }
    ]
  },
  "32": {
    "verseObjects": [
      {
        "type": "text",
        "text": "The sons of Jada, the brother of Shammai, were Jether and Jonathan. Jether died without children.\n"
      }
    ]
  },
  "33": {
    "verseObjects": [
      {
        "type": "text",
        "text": "The sons of Jonathan were Peleth and Zaza. These were the descendants of Jerahmeel.\n\n"
      },
      {
        "tag": "s5",
        "type": "section",
        "text": "\n"
      }
    ]
  },
  "34": {
    "verseObjects": [
      {
        "type": "text",
        "text": "Now Sheshan had no sons, only daughters. Sheshan had a servant, an Egyptian, whose name was Jarha.\n"
      }
    ]
  },
  "35": {
    "verseObjects": [
      {
        "type": "text",
        "text": "Sheshan gave his daughter to Jarha his servant as his wife. She bore him Attai.\n\n"
      },
      {
        "tag": "s5",
        "type": "section",
        "text": "\n"
      }
    ]
  },
  "36": {
    "verseObjects": [
      {
        "type": "text",
        "text": "Attai became the father of Nathan, and Nathan became the father of Zabad.\n"
      }
    ]
  },
  "37": {
    "verseObjects": [
      {
        "type": "text",
        "text": "Zabad became the father of Ephlal, and Ephlal became the father of Obed.\n"
      }
    ]
  },
  "38": {
    "verseObjects": [
      {
        "type": "text",
        "text": "Obed became the father of Jehu, and Jehu became the father of Azariah.\n\n"
      },
      {
        "tag": "s5",
        "type": "section",
        "text": "\n"
      }
    ]
  },
  "39": {
    "verseObjects": [
      {
        "type": "text",
        "text": "Azariah became the father of Helez, and Helez became the father of Eleasah.\n"
      }
    ]
  },
  "40": {
    "verseObjects": [
      {
        "type": "text",
        "text": "Eleasah became the father of Sismai, and Sismai became the father of Shallum.\n"
      }
    ]
  },
  "41": {
    "verseObjects": [
      {
        "type": "text",
        "text": "Shallum became the father of Jekamiah, and Jekamiah became the father of Elishama.\n\n"
      },
      {
        "tag": "s5",
        "type": "section",
        "text": "\n"
      },
      {
        "tag": "p",
        "type": "paragraph",
        "text": "\n"
      }
    ]
  },
  "42": {
    "verseObjects": [
      {
        "type": "text",
        "text": "The sons of Caleb, the brother of Jerahmeel, were Mesha his firstborn, who was the father of Ziph. His second son, Mareshah, was the father of Hebron.\n"
      }
    ]
  },
  "43": {
    "verseObjects": [
      {
        "type": "text",
        "text": "The sons of Hebron were Korah, Tappuah, Rekem, and Shema.\n"
      }
    ]
  },
  "44": {
    "verseObjects": [
      {
        "type": "text",
        "text": "Shema became the father of Raham, the father of Jorkeam. Rekem became the father of Shammai.\n\n"
      },
      {
        "tag": "s5",
        "type": "section",
        "text": "\n"
      }
    ]
  },
  "45": {
    "verseObjects": [
      {
        "type": "text",
        "text": "The son of Shammai was Maon, and Maon was the father of Beth Zur.\n"
      }
    ]
  },
  "46": {
    "verseObjects": [
      {
        "type": "text",
        "text": "Ephah, Caleb's concubine, bore Haran, Moza, and Gazez. Haran became the father of Gazez.\n"
      }
    ]
  },
  "47": {
    "verseObjects": [
      {
        "type": "text",
        "text": "The sons of Jahdai were Regem, Jotham, Geshan, Pelet, Ephah, and Shaaph.\n\n"
      },
      {
        "tag": "s5",
        "type": "section",
        "text": "\n"
      }
    ]
  },
  "48": {
    "verseObjects": [
      {
        "type": "text",
        "text": "Maakah, Caleb's concubine, bore Sheber and Tirhanah.\n"
      }
    ]
  },
  "49": {
    "verseObjects": [
      {
        "type": "text",
        "text": "She also bore Shaaph the father of Madmannah, Sheva the father of Makbenah and the father of Gibea. The daughter of Caleb was Aksah. These were the descendants of Caleb.\n\n"
      },
      {
        "tag": "s5",
        "type": "section",
        "text": "\n"
      },
      {
        "tag": "p",
        "type": "paragraph",
        "text": "\n"
      }
    ]
  },
  "50": {
    "verseObjects": [
      {
        "type": "text",
        "text": "These were the sons of Hur, his firstborn by Ephrathah: Shobal the father of Kiriath Jearim,\n"
      }
    ]
  },
  "51": {
    "verseObjects": [
      {
        "type": "text",
        "text": "Salma the father of Bethlehem, and Hareph the father of Beth Gader.\n\n"
      },
      {
        "tag": "s5",
        "type": "section",
        "text": "\n"
      }
    ]
  },
  "52": {
    "verseObjects": [
      {
        "type": "text",
        "text": "Shobal the father of Kiriath Jearim had descendants: Haroeh, half of the Manahathites,\n"
      }
    ]
  },
  "53": {
    "verseObjects": [
      {
        "type": "text",
        "text": "and the clans of Kiriath Jearim: the Ithrites, Puthites, Shumathites, and Mishraites. The Zorathites and Eshtaolites descended from these.\n\n"
      },
      {
        "tag": "s5",
        "type": "section",
        "text": "\n"
      }
    ]
  },
  "54": {
    "verseObjects": [
      {
        "type": "text",
        "text": "The clans of Salma were the following: Bethlehem, the Netophathites, Atroth Beth Joab, and half of the Manahathites—the Zorites,\n"
      }
    ]
  },
  "55": {
    "verseObjects": [
      {
        "type": "text",
        "text": "the clans of the scribes who lived at Jabez: the Tirathites, Shimeathites, and Sucathites. These were the Kenites who descended from Hammath, the ancestor of the Rekabites.\n\n\n"
      },
      {
        "tag": "s5",
        "type": "section",
        "text": "\n"
      }
    ]
  },
  "front": {
    "verseObjects": [
      {
        "tag": "p",
        "type": "paragraph",
        "text": "\n"
      }
    ]
  }
}