{
  "1": {
    "verseObjects": [
      {
        "type": "text",
        "text": "मुझ प्राचीन की ओर से उस चुनी हुई महिला और उसके बच्चों के नाम जिनसे मैं सच्‍चा प्रेम रखता हूँ, और केवल मैं ही नहीं, वरन् वह सब भी प्रेम रखते हैं, जो सच्चाई को जानते हैं।\n"
      }
    ]
  },
  "2": {
    "verseObjects": [
      {
        "type": "text",
        "text": "वह सत्य जो हम में स्थिर रहता है*, और सर्वदा हमारे साथ अटल रहेगा;\n"
      }
    ]
  },
  "3": {
    "verseObjects": [
      {
        "type": "text",
        "text": "परमेश्‍वर पिता, और पिता के पुत्र यीशु मसीह की ओर से अनुग्रह, दया, और शान्ति हमारे साथ सत्य और प्रेम सहित रहेंगे।।\n"
      },
      {
        "tag": "s",
        "type": "section",
        "content": "मसीह की आज्ञाओं में चलना\n"
      },
      {
        "tag": "p",
        "nextChar": "\n",
        "type": "paragraph"
      },
      {
        "tag": "s5",
        "nextChar": "\n",
        "type": "section"
      }
    ]
  },
  "4": {
    "verseObjects": [
      {
        "type": "text",
        "text": "मैं बहुत आनन्दित हुआ, कि मैंने तेरे कुछ बच्चों को उस आज्ञा के अनुसार, जो हमें पिता की ओर से मिली थी, सत्य पर चलते हुए पाया।\n"
      }
    ]
  },
  "5": {
    "verseObjects": [
      {
        "type": "text",
        "text": "अब हे महिला, मैं तुझे कोई नई आज्ञा नहीं, पर वही जो आरम्भ से हमारे पास है, लिखता हूँ; और तुझ से विनती करता हूँ, कि हम एक दूसरे से प्रेम रखें।\n"
      }
    ]
  },
  "6": {
    "verseObjects": [
      {
        "type": "text",
        "text": "और प्रेम यह है कि हम उसकी आज्ञाओं के अनुसार चलें: यह वही आज्ञा है, जो तुम ने आरम्भ से सुनी है और तुम्हें इस पर चलना भी चाहिए।\n"
      },
      {
        "tag": "s",
        "type": "section",
        "content": "मसीह विरोधी के धोखे से सावधान\n"
      },
      {
        "tag": "p",
        "nextChar": "\n",
        "type": "paragraph"
      },
      {
        "tag": "s5",
        "nextChar": "\n",
        "type": "section"
      }
    ]
  },
  "7": {
    "verseObjects": [
      {
        "type": "text",
        "text": "क्योंकि बहुत से ऐसे भरमानेवाले जगत में निकल आए हैं, जो यह नहीं मानते, कि यीशु मसीह शरीर में होकर आया; भरमानेवाला और मसीह का विरोधी यही है।\n"
      }
    ]
  },
  "8": {
    "verseObjects": [
      {
        "type": "text",
        "text": "अपने विषय में चौकस रहो; कि जो परिश्रम हम सब ने किया है, उसको तुम न खोना, वरन् उसका पूरा प्रतिफल पाओ।\n"
      },
      {
        "tag": "p",
        "nextChar": "\n",
        "type": "paragraph"
      },
      {
        "tag": "s5",
        "nextChar": "\n",
        "type": "section"
      }
    ]
  },
  "9": {
    "verseObjects": [
      {
        "type": "text",
        "text": "जो कोई आगे बढ़ जाता है, और मसीह की शिक्षा में बना नहीं रहता, उसके पास परमेश्‍वर नहीं*। जो कोई उसकी शिक्षा में स्थिर रहता है, उसके पास पिता भी है, और पुत्र भी।\n"
      }
    ]
  },
  "10": {
    "verseObjects": [
      {
        "type": "text",
        "text": "यदि कोई तुम्हारे पास आए, और यही शिक्षा न दे, उसे न तो घर में आने दो, और न नमस्कार करो।\n"
      }
    ]
  },
  "11": {
    "verseObjects": [
      {
        "type": "text",
        "text": "क्योंकि जो कोई ऐसे जन को नमस्कार करता है, वह उसके बुरे कामों में सहभागी होता है।\n"
      },
      {
        "tag": "s",
        "type": "section",
        "content": "अन्तिम अभिवादन\n"
      },
      {
        "tag": "p",
        "nextChar": "\n",
        "type": "paragraph"
      },
      {
        "tag": "s5",
        "nextChar": "\n",
        "type": "section"
      }
    ]
  },
  "12": {
    "verseObjects": [
      {
        "type": "text",
        "text": "मुझे बहुत सी बातें तुम्हें लिखनी हैं, पर कागज और स्याही से लिखना नहीं चाहता; पर आशा है, कि मैं तुम्हारे पास आऊँ, और सम्मुख होकर बातचीत करूँ: जिससे हमारा आनन्द पूरा हो। (1 यूह. 1:4, 3 यूह. 1:13)\n"
      }
    ]
  },
  "13": {
    "verseObjects": [
      {
        "type": "text",
        "text": "तेरी चुनी हुई बहन के बच्चे तुझे नमस्कार करते हैं।"
      }
    ]
  },
  "front": {
    "verseObjects": [
      {
        "tag": "s",
        "type": "section",
        "content": "प्राचीनों की ओर से चुने हुओं को अभिवादन\n"
      },
      {
        "tag": "p",
        "nextChar": "\n",
        "type": "paragraph"
      }
    ]
  }
}