{
  "1": {
    "verseObjects": [
      {
        "type": "text",
        "text": "\"Brothers and fathers, listen to my defense which I will now make to you.\"\n"
      },
      {
        "tag": "p",
        "type": "paragraph",
        "text": "\n"
      }
    ]
  },
  "2": {
    "verseObjects": [
      {
        "type": "text",
        "text": "When the crowd heard Paul speak to them in the Hebrew language, they became quiet. He said,\n"
      },
      {
        "tag": "s5",
        "type": "section",
        "text": "\n"
      },
      {
        "tag": "p",
        "type": "paragraph",
        "text": "\n"
      }
    ]
  },
  "3": {
    "verseObjects": [
      {
        "type": "text",
        "text": "\"I am a Jew, born in Tarsus of Cilicia, but educated in this city at the feet of Gamaliel. I was instructed according to the strict ways of the law of our fathers. I am zealous for God, just as all of you are today.\n"
      }
    ]
  },
  "4": {
    "verseObjects": [
      {
        "type": "text",
        "text": "I persecuted this Way to the death, binding up and delivering them to prison both men and women,\n"
      }
    ]
  },
  "5": {
    "verseObjects": [
      {
        "type": "text",
        "text": "as the high priest and all the elders can bear witness. I received letters from them for the brothers in Damascus, and went there to bring them back in bonds to Jerusalem in order for them to be punished.\n\n"
      },
      {
        "tag": "s5",
        "type": "section",
        "text": "\n"
      }
    ]
  },
  "6": {
    "verseObjects": [
      {
        "type": "text",
        "text": "It happened that when I was traveling and nearing Damascus, about noon suddenly a great light from heaven began to shine around me.\n"
      }
    ]
  },
  "7": {
    "verseObjects": [
      {
        "type": "text",
        "text": "I fell to the ground and heard a voice say to me, 'Saul, Saul, why are you persecuting me?'\n"
      }
    ]
  },
  "8": {
    "verseObjects": [
      {
        "type": "text",
        "text": "I answered, 'Who are you, Lord?' He said to me, 'I am Jesus of Nazareth, whom you are persecuting.'\n\n"
      },
      {
        "tag": "s5",
        "type": "section",
        "text": "\n"
      }
    ]
  },
  "9": {
    "verseObjects": [
      {
        "type": "text",
        "text": "Those who were with me saw the light, but they did not understand the voice of him who spoke to me.\n"
      }
    ]
  },
  "10": {
    "verseObjects": [
      {
        "type": "text",
        "text": "I said, 'What should I do, Lord?' The Lord said to me, 'Arise and go into Damascus; there you will be told everything that you must do.'\n"
      }
    ]
  },
  "11": {
    "verseObjects": [
      {
        "type": "text",
        "text": "I could not see because of that light's brightness, and being led by the hands of those who were with me, I came into Damascus.\n\n"
      },
      {
        "tag": "s5",
        "type": "section",
        "text": "\n"
      }
    ]
  },
  "12": {
    "verseObjects": [
      {
        "type": "text",
        "text": "There I met a man named Ananias, a devout man according to the law and well spoken of by all the Jews who lived there.\n"
      }
    ]
  },
  "13": {
    "verseObjects": [
      {
        "type": "text",
        "text": "He came to me, stood by me, and said, 'Brother Saul, receive your sight.' In that very hour I saw him.\n\n"
      },
      {
        "tag": "s5",
        "type": "section",
        "text": "\n"
      }
    ]
  },
  "14": {
    "verseObjects": [
      {
        "type": "text",
        "text": "Then he said, 'The God of our fathers has chosen you to know his will, to see the Righteous One, and to hear the voice coming from his own mouth.\n"
      }
    ]
  },
  "15": {
    "verseObjects": [
      {
        "type": "text",
        "text": "For you shall be a witness for him to all men about what you have seen and heard.\n"
      }
    ]
  },
  "16": {
    "verseObjects": [
      {
        "type": "text",
        "text": "Now why are you waiting? Arise, be baptized, and wash away your sins, calling on his name.'\n\n"
      },
      {
        "tag": "s5",
        "type": "section",
        "text": "\n"
      }
    ]
  },
  "17": {
    "verseObjects": [
      {
        "type": "text",
        "text": "After I had returned to Jerusalem, and while I was praying in the temple, it happened that I was given a vision.\n"
      }
    ]
  },
  "18": {
    "verseObjects": [
      {
        "type": "text",
        "text": "I saw him say to me, 'Hurry and leave Jerusalem quickly, because they will not accept your testimony about me.'\n\n"
      },
      {
        "tag": "s5",
        "type": "section",
        "text": "\n"
      }
    ]
  },
  "19": {
    "verseObjects": [
      {
        "type": "text",
        "text": "I said, 'Lord, they themselves know that I imprisoned and beat those who believed in you in every synagogue.\n"
      }
    ]
  },
  "20": {
    "verseObjects": [
      {
        "type": "text",
        "text": "When the blood of Stephen your witness was spilled, I also was standing by and agreeing, and I was guarding the cloaks of those who killed him.'\n"
      }
    ]
  },
  "21": {
    "verseObjects": [
      {
        "type": "text",
        "text": "But he said to me, 'Go, because I will send you far away to the Gentiles.'\"\n\n"
      },
      {
        "tag": "s5",
        "type": "section",
        "text": "\n"
      },
      {
        "tag": "p",
        "type": "paragraph",
        "text": "\n"
      }
    ]
  },
  "22": {
    "verseObjects": [
      {
        "type": "text",
        "text": "They listened to him until he said this. Then they shouted and said, \"Away with such a fellow from the earth, for it is not right that he should live.\"\n"
      }
    ]
  },
  "23": {
    "verseObjects": [
      {
        "type": "text",
        "text": "As they were shouting, throwing off their cloaks, and throwing dust into the air,\n"
      }
    ]
  },
  "24": {
    "verseObjects": [
      {
        "type": "text",
        "text": "the chief captain commanded Paul to be brought into the fortress. He ordered that he should be questioned with scourging, so that he himself might know why they were shouting against him like that.\n\n"
      },
      {
        "tag": "s5",
        "type": "section",
        "text": "\n"
      }
    ]
  },
  "25": {
    "verseObjects": [
      {
        "type": "text",
        "text": "When they had tied him up with the thongs, Paul said to the centurion who was standing by, \"Is it lawful for you to scourge a man who is a Roman and who has not been put on trial?\"\n"
      }
    ]
  },
  "26": {
    "verseObjects": [
      {
        "type": "text",
        "text": "When the centurion heard this, he went to the chief captain and told him, saying, \"What are you about to do? For this man is a Roman citizen.\"\n\n"
      },
      {
        "tag": "s5",
        "type": "section",
        "text": "\n"
      }
    ]
  },
  "27": {
    "verseObjects": [
      {
        "type": "text",
        "text": "The chief captain came and said to him, \"Tell me, are you a Roman citizen?\" Paul said, \"Yes.\"\n"
      }
    ]
  },
  "28": {
    "verseObjects": [
      {
        "type": "text",
        "text": "The chief captain answered, \"It was only with a large amount of money that I acquired citizenship.\" But Paul said, \"I was born a Roman citizen.\"\n"
      }
    ]
  },
  "29": {
    "verseObjects": [
      {
        "type": "text",
        "text": "Then the men who were going to question him left him immediately. The chief captain also was afraid, when he learned that Paul was a Roman citizen, because he had tied him up.\n\n"
      },
      {
        "tag": "s5",
        "type": "section",
        "text": "\n"
      },
      {
        "tag": "p",
        "type": "paragraph",
        "text": "\n"
      }
    ]
  },
  "30": {
    "verseObjects": [
      {
        "type": "text",
        "text": "On the next day, the chief captain wanted to know the truth about the Jews' accusations against Paul. So he untied his bonds and ordered the chief priests and all the council to meet. Then he brought Paul down and placed him in their midst.\n\n\n"
      },
      {
        "tag": "s5",
        "type": "section",
        "text": "\n"
      }
    ]
  },
  "front": {
    "verseObjects": [
      {
        "tag": "p",
        "type": "paragraph",
        "text": "\n"
      }
    ]
  }
}