{
  "1": {
    "verseObjects": [
      {
        "text": "αὐτὸς",
        "tag": "w",
        "type": "word",
        "lemma": "αὐτός",
        "strong": "G08460",
        "morph": "Gr,RE,,,1NMS,"
      },
      {
        "text": "δὲ",
        "tag": "w",
        "type": "word",
        "lemma": "δέ",
        "strong": "G11610",
        "morph": "Gr,CC,,,,,,,,"
      },
      {
        "text": "ἐγὼ",
        "tag": "w",
        "type": "word",
        "lemma": "ἐγώ",
        "strong": "G14730",
        "morph": "Gr,RP,,,1N,S,"
      },
      {
        "type": "text",
        "text": ","
      },
      {
        "text": "Παῦλος",
        "tag": "w",
        "type": "word",
        "lemma": "Παῦλος",
        "strong": "G39720",
        "morph": "Gr,N,,,,,NMS,",
        "tw": "rc://*/tw/dict/bible/names/paul"
      },
      {
        "type": "text",
        "text": ","
      },
      {
        "text": "παρακαλῶ",
        "tag": "w",
        "type": "word",
        "lemma": "παρακαλέω",
        "strong": "G38700",
        "morph": "Gr,V,IPA1,,S,",
        "tw": "rc://*/tw/dict/bible/kt/exhort"
      },
      {
        "text": "ὑμᾶς",
        "tag": "w",
        "type": "word",
        "lemma": "σύ",
        "strong": "G47710",
        "morph": "Gr,RP,,,2A,P,"
      },
      {
        "text": "διὰ",
        "tag": "w",
        "type": "word",
        "lemma": "διά",
        "strong": "G12230",
        "morph": "Gr,P,,,,,G,,,"
      },
      {
        "text": "τῆς",
        "tag": "w",
        "type": "word",
        "lemma": "ὁ",
        "strong": "G35880",
        "morph": "Gr,EA,,,,GFS,"
      },
      {
        "text": "πραΰτητος",
        "tag": "w",
        "type": "word",
        "lemma": "πραΰτης",
        "strong": "G42400",
        "morph": "Gr,N,,,,,GFS,",
        "tw": "rc://*/tw/dict/bible/other/meek"
      },
      {
        "text": "καὶ",
        "tag": "w",
        "type": "word",
        "lemma": "καί",
        "strong": "G25320",
        "morph": "Gr,CC,,,,,,,,"
      },
      {
        "text": "ἐπιεικείας",
        "tag": "w",
        "type": "word",
        "lemma": "ἐπιείκεια",
        "strong": "G19320",
        "morph": "Gr,N,,,,,GFS,"
      },
      {
        "text": "τοῦ",
        "tag": "w",
        "type": "word",
        "lemma": "ὁ",
        "strong": "G35880",
        "morph": "Gr,EA,,,,GMS,"
      },
      {
        "text": "Χριστοῦ",
        "tag": "w",
        "type": "word",
        "lemma": "χριστός",
        "strong": "G55470",
        "morph": "Gr,N,,,,,GMS,",
        "tw": "rc://*/tw/dict/bible/kt/christ"
      },
      {
        "type": "text",
        "text": ","
      },
      {
        "text": "ὃς",
        "tag": "w",
        "type": "word",
        "lemma": "ὅς",
        "strong": "G37390",
        "morph": "Gr,RR,,,,NMS,"
      },
      {
        "text": "κατὰ",
        "tag": "w",
        "type": "word",
        "lemma": "κατά",
        "strong": "G25960",
        "morph": "Gr,P,,,,,A,,,"
      },
      {
        "text": "πρόσωπον",
        "tag": "w",
        "type": "word",
        "lemma": "πρόσωπον",
        "strong": "G43830",
        "morph": "Gr,N,,,,,ANS,"
      },
      {
        "text": "μὲν",
        "tag": "w",
        "type": "word",
        "lemma": "μέν",
        "strong": "G33030",
        "morph": "Gr,D,,,,,,,,,"
      },
      {
        "text": "ταπεινὸς",
        "tag": "w",
        "type": "word",
        "lemma": "ταπεινός",
        "strong": "G50110",
        "morph": "Gr,NP,,,,NMS,",
        "tw": "rc://*/tw/dict/bible/kt/humble"
      },
      {
        "text": "ἐν",
        "tag": "w",
        "type": "word",
        "lemma": "ἐν",
        "strong": "G17220",
        "morph": "Gr,P,,,,,D,,,"
      },
      {
        "text": "ὑμῖν",
        "tag": "w",
        "type": "word",
        "lemma": "σύ",
        "strong": "G47710",
        "morph": "Gr,RP,,,2D,P,"
      },
      {
        "type": "text",
        "text": ","
      },
      {
        "text": "ἀπὼν",
        "tag": "w",
        "type": "word",
        "lemma": "ἄπειμι",
        "strong": "G05480",
        "morph": "Gr,V,PPA,NMS,"
      },
      {
        "text": "δὲ",
        "tag": "w",
        "type": "word",
        "lemma": "δέ",
        "strong": "G11610",
        "morph": "Gr,CC,,,,,,,,"
      },
      {
        "text": "θαρρῶ",
        "tag": "w",
        "type": "word",
        "lemma": "θαρρέω",
        "strong": "G22920",
        "morph": "Gr,V,IPA1,,S,",
        "tw": "rc://*/tw/dict/bible/other/bold"
      },
      {
        "text": "εἰς",
        "tag": "w",
        "type": "word",
        "lemma": "εἰς",
        "strong": "G15190",
        "morph": "Gr,P,,,,,A,,,"
      },
      {
        "text": "ὑμᾶς",
        "tag": "w",
        "type": "word",
        "lemma": "σύ",
        "strong": "G47710",
        "morph": "Gr,RP,,,2A,P,"
      },
      {
        "type": "text",
        "text": ".\n\n"
      }
    ]
  },
  "2": {
    "verseObjects": [
      {
        "text": "δέομαι",
        "tag": "w",
        "type": "word",
        "lemma": "δέω",
        "strong": "G12100",
        "morph": "Gr,V,IPM1,,S,"
      },
      {
        "text": "δὲ",
        "tag": "w",
        "type": "word",
        "lemma": "δέ",
        "strong": "G11610",
        "morph": "Gr,CC,,,,,,,,"
      },
      {
        "text": "τὸ",
        "tag": "w",
        "type": "word",
        "lemma": "ὁ",
        "strong": "G35880",
        "morph": "Gr,RD,,,,ANS,"
      },
      {
        "text": "μὴ",
        "tag": "w",
        "type": "word",
        "lemma": "μή",
        "strong": "G33610",
        "morph": "Gr,D,,,,,,,,,"
      },
      {
        "type": "text",
        "text": ","
      },
      {
        "text": "παρὼν",
        "tag": "w",
        "type": "word",
        "lemma": "πάρειμι",
        "strong": "G39180",
        "morph": "Gr,V,PPA,NMS,"
      },
      {
        "text": "θαρρῆσαι",
        "tag": "w",
        "type": "word",
        "lemma": "θαρρέω",
        "strong": "G22920",
        "morph": "Gr,V,NAA,,,,,",
        "tw": "rc://*/tw/dict/bible/other/bold"
      },
      {
        "text": "τῇ",
        "tag": "w",
        "type": "word",
        "lemma": "ὁ",
        "strong": "G35880",
        "morph": "Gr,EA,,,,DFS,"
      },
      {
        "text": "πεποιθήσει",
        "tag": "w",
        "type": "word",
        "lemma": "πεποίθησις",
        "strong": "G40060",
        "morph": "Gr,N,,,,,DFS,",
        "tw": "rc://*/tw/dict/bible/other/confidence"
      },
      {
        "text": "ᾗ",
        "tag": "w",
        "type": "word",
        "lemma": "ὅς",
        "strong": "G37390",
        "morph": "Gr,RR,,,,DFS,"
      },
      {
        "text": "λογίζομαι",
        "tag": "w",
        "type": "word",
        "lemma": "λογίζομαι",
        "strong": "G30490",
        "morph": "Gr,V,IPM1,,S,"
      },
      {
        "type": "text",
        "text": ","
      },
      {
        "text": "τολμῆσαι",
        "tag": "w",
        "type": "word",
        "lemma": "τολμάω",
        "strong": "G51110",
        "morph": "Gr,V,NAA,,,,,"
      },
      {
        "text": "ἐπί",
        "tag": "w",
        "type": "word",
        "lemma": "ἐπί",
        "strong": "G19090",
        "morph": "Gr,P,,,,,A,,,"
      },
      {
        "text": "τινας",
        "tag": "w",
        "type": "word",
        "lemma": "τις",
        "strong": "G51000",
        "morph": "Gr,RI,,,,AMP,"
      },
      {
        "text": "τοὺς",
        "tag": "w",
        "type": "word",
        "lemma": "ὁ",
        "strong": "G35880",
        "morph": "Gr,RD,,,,AMP,"
      },
      {
        "text": "λογιζομένους",
        "tag": "w",
        "type": "word",
        "lemma": "λογίζομαι",
        "strong": "G30490",
        "morph": "Gr,V,PPM,AMP,"
      },
      {
        "text": "ἡμᾶς",
        "tag": "w",
        "type": "word",
        "lemma": "ἐγώ",
        "strong": "G14730",
        "morph": "Gr,RP,,,1A,P,"
      },
      {
        "type": "text",
        "text": ","
      },
      {
        "text": "ὡς",
        "tag": "w",
        "type": "word",
        "lemma": "ὡς",
        "strong": "G56130",
        "morph": "Gr,CS,,,,,,,,",
        "tw": "rc://*/tw/dict/bible/other/like"
      },
      {
        "text": "κατὰ",
        "tag": "w",
        "type": "word",
        "lemma": "κατά",
        "strong": "G25960",
        "morph": "Gr,P,,,,,A,,,"
      },
      {
        "text": "σάρκα",
        "tag": "w",
        "type": "word",
        "lemma": "σάρξ",
        "strong": "G45610",
        "morph": "Gr,N,,,,,AFS,",
        "tw": "rc://*/tw/dict/bible/kt/flesh"
      },
      {
        "text": "περιπατοῦντας",
        "tag": "w",
        "type": "word",
        "lemma": "περιπατέω",
        "strong": "G40430",
        "morph": "Gr,V,PPA,AMP,",
        "tw": "rc://*/tw/dict/bible/other/walk"
      },
      {
        "type": "text",
        "text": ".\n\n"
      }
    ]
  },
  "3": {
    "verseObjects": [
      {
        "text": "ἐν",
        "tag": "w",
        "type": "word",
        "lemma": "ἐν",
        "strong": "G17220",
        "morph": "Gr,P,,,,,D,,,"
      },
      {
        "text": "σαρκὶ",
        "tag": "w",
        "type": "word",
        "lemma": "σάρξ",
        "strong": "G45610",
        "morph": "Gr,N,,,,,DFS,",
        "tw": "rc://*/tw/dict/bible/kt/flesh"
      },
      {
        "text": "γὰρ",
        "tag": "w",
        "type": "word",
        "lemma": "γάρ",
        "strong": "G10630",
        "morph": "Gr,CC,,,,,,,,"
      },
      {
        "text": "περιπατοῦντες",
        "tag": "w",
        "type": "word",
        "lemma": "περιπατέω",
        "strong": "G40430",
        "morph": "Gr,V,PPA,NMP,",
        "tw": "rc://*/tw/dict/bible/other/walk"
      },
      {
        "type": "text",
        "text": ","
      },
      {
        "text": "οὐ",
        "tag": "w",
        "type": "word",
        "lemma": "οὐ",
        "strong": "G37560",
        "morph": "Gr,D,,,,,,,,,"
      },
      {
        "text": "κατὰ",
        "tag": "w",
        "type": "word",
        "lemma": "κατά",
        "strong": "G25960",
        "morph": "Gr,P,,,,,A,,,"
      },
      {
        "text": "σάρκα",
        "tag": "w",
        "type": "word",
        "lemma": "σάρξ",
        "strong": "G45610",
        "morph": "Gr,N,,,,,AFS,",
        "tw": "rc://*/tw/dict/bible/kt/flesh"
      },
      {
        "text": "στρατευόμεθα",
        "tag": "w",
        "type": "word",
        "lemma": "στρατεύω",
        "strong": "G47540",
        "morph": "Gr,V,IPM1,,P,"
      },
      {
        "type": "text",
        "text": ".\n\n"
      }
    ]
  },
  "4": {
    "verseObjects": [
      {
        "text": "τὰ",
        "tag": "w",
        "type": "word",
        "lemma": "ὁ",
        "strong": "G35880",
        "morph": "Gr,EA,,,,NNP,"
      },
      {
        "text": "γὰρ",
        "tag": "w",
        "type": "word",
        "lemma": "γάρ",
        "strong": "G10630",
        "morph": "Gr,CC,,,,,,,,"
      },
      {
        "text": "ὅπλα",
        "tag": "w",
        "type": "word",
        "lemma": "ὅπλον",
        "strong": "G36960",
        "morph": "Gr,N,,,,,NNP,",
        "tw": "rc://*/tw/dict/bible/other/armor"
      },
      {
        "text": "τῆς",
        "tag": "w",
        "type": "word",
        "lemma": "ὁ",
        "strong": "G35880",
        "morph": "Gr,EA,,,,GFS,"
      },
      {
        "text": "στρατείας",
        "tag": "w",
        "type": "word",
        "lemma": "στρατεία",
        "strong": "G47520",
        "morph": "Gr,N,,,,,GFS,"
      },
      {
        "text": "ἡμῶν",
        "tag": "w",
        "type": "word",
        "lemma": "ἐγώ",
        "strong": "G14730",
        "morph": "Gr,RP,,,1G,P,"
      },
      {
        "text": "οὐ",
        "tag": "w",
        "type": "word",
        "lemma": "οὐ",
        "strong": "G37560",
        "morph": "Gr,DO,,,,,,,,"
      },
      {
        "text": "σαρκικὰ",
        "tag": "w",
        "type": "word",
        "lemma": "σαρκικός",
        "strong": "G45590",
        "morph": "Gr,NP,,,,NNP,",
        "tw": "rc://*/tw/dict/bible/kt/flesh"
      },
      {
        "type": "text",
        "text": ","
      },
      {
        "text": "ἀλλὰ",
        "tag": "w",
        "type": "word",
        "lemma": "ἀλλά",
        "strong": "G02350",
        "morph": "Gr,CO,,,,,,,,"
      },
      {
        "text": "δυνατὰ",
        "tag": "w",
        "type": "word",
        "lemma": "δυνατός",
        "strong": "G14150",
        "morph": "Gr,NP,,,,NNP,",
        "tw": "rc://*/tw/dict/bible/kt/power"
      },
      {
        "text": "τῷ",
        "tag": "w",
        "type": "word",
        "lemma": "ὁ",
        "strong": "G35880",
        "morph": "Gr,EA,,,,DMS,"
      },
      {
        "text": "Θεῷ",
        "tag": "w",
        "type": "word",
        "lemma": "θεός",
        "strong": "G23160",
        "morph": "Gr,N,,,,,DMS,",
        "tw": "rc://*/tw/dict/bible/kt/divine"
      },
      {
        "text": "πρὸς",
        "tag": "w",
        "type": "word",
        "lemma": "πρός",
        "strong": "G43140",
        "morph": "Gr,P,,,,,A,,,"
      },
      {
        "text": "καθαίρεσιν",
        "tag": "w",
        "type": "word",
        "lemma": "καθαίρεσις",
        "strong": "G25060",
        "morph": "Gr,N,,,,,AFS,"
      },
      {
        "text": "ὀχυρωμάτων",
        "tag": "w",
        "type": "word",
        "lemma": "ὀχύρωμα",
        "strong": "G37940",
        "morph": "Gr,N,,,,,GNP,"
      },
      {
        "type": "text",
        "text": ","
      },
      {
        "text": "λογισμοὺς",
        "tag": "w",
        "type": "word",
        "lemma": "λογισμός",
        "strong": "G30530",
        "morph": "Gr,N,,,,,AMP,"
      },
      {
        "text": "καθαιροῦντες",
        "tag": "w",
        "type": "word",
        "lemma": "καθαιρέω",
        "strong": "G25070",
        "morph": "Gr,V,PPA,NMP,",
        "tw": "rc://*/tw/dict/bible/other/stronghold"
      },
      {
        "type": "text",
        "text": ",\n\n"
      }
    ]
  },
  "5": {
    "verseObjects": [
      {
        "text": "καὶ",
        "tag": "w",
        "type": "word",
        "lemma": "καί",
        "strong": "G25320",
        "morph": "Gr,CC,,,,,,,,"
      },
      {
        "text": "πᾶν",
        "tag": "w",
        "type": "word",
        "lemma": "πᾶς",
        "strong": "G39560",
        "morph": "Gr,EQ,,,,ANS,"
      },
      {
        "text": "ὕψωμα",
        "tag": "w",
        "type": "word",
        "lemma": "ὕψωμα",
        "strong": "G53130",
        "morph": "Gr,N,,,,,ANS,"
      },
      {
        "text": "ἐπαιρόμενον",
        "tag": "w",
        "type": "word",
        "lemma": "ἐπαίρω",
        "strong": "G18690",
        "morph": "Gr,V,PPM,ANS,"
      },
      {
        "text": "κατὰ",
        "tag": "w",
        "type": "word",
        "lemma": "κατά",
        "strong": "G25960",
        "morph": "Gr,P,,,,,G,,,"
      },
      {
        "text": "τῆς",
        "tag": "w",
        "type": "word",
        "lemma": "ὁ",
        "strong": "G35880",
        "morph": "Gr,EA,,,,GFS,"
      },
      {
        "text": "γνώσεως",
        "tag": "w",
        "type": "word",
        "lemma": "γνῶσις",
        "strong": "G11080",
        "morph": "Gr,N,,,,,GFS,",
        "tw": "rc://*/tw/dict/bible/other/know"
      },
      {
        "text": "τοῦ",
        "tag": "w",
        "type": "word",
        "lemma": "ὁ",
        "strong": "G35880",
        "morph": "Gr,EA,,,,GMS,"
      },
      {
        "text": "Θεοῦ",
        "tag": "w",
        "type": "word",
        "lemma": "θεός",
        "strong": "G23160",
        "morph": "Gr,N,,,,,GMS,",
        "tw": "rc://*/tw/dict/bible/kt/god"
      },
      {
        "type": "text",
        "text": ","
      },
      {
        "text": "καὶ",
        "tag": "w",
        "type": "word",
        "lemma": "καί",
        "strong": "G25320",
        "morph": "Gr,CC,,,,,,,,"
      },
      {
        "text": "αἰχμαλωτίζοντες",
        "tag": "w",
        "type": "word",
        "lemma": "αἰχμαλωτίζω",
        "strong": "G01630",
        "morph": "Gr,V,PPA,NMP,",
        "tw": "rc://*/tw/dict/bible/other/captive"
      },
      {
        "text": "πᾶν",
        "tag": "w",
        "type": "word",
        "lemma": "πᾶς",
        "strong": "G39560",
        "morph": "Gr,EQ,,,,ANS,"
      },
      {
        "text": "νόημα",
        "tag": "w",
        "type": "word",
        "lemma": "νόημα",
        "strong": "G35400",
        "morph": "Gr,N,,,,,ANS,"
      },
      {
        "text": "εἰς",
        "tag": "w",
        "type": "word",
        "lemma": "εἰς",
        "strong": "G15190",
        "morph": "Gr,P,,,,,A,,,"
      },
      {
        "text": "τὴν",
        "tag": "w",
        "type": "word",
        "lemma": "ὁ",
        "strong": "G35880",
        "morph": "Gr,EA,,,,AFS,"
      },
      {
        "text": "ὑπακοὴν",
        "tag": "w",
        "type": "word",
        "lemma": "ὑπακοή",
        "strong": "G52180",
        "morph": "Gr,N,,,,,AFS,",
        "tw": "rc://*/tw/dict/bible/other/obey"
      },
      {
        "text": "τοῦ",
        "tag": "w",
        "type": "word",
        "lemma": "ὁ",
        "strong": "G35880",
        "morph": "Gr,EA,,,,GMS,"
      },
      {
        "text": "Χριστοῦ",
        "tag": "w",
        "type": "word",
        "lemma": "χριστός",
        "strong": "G55470",
        "morph": "Gr,N,,,,,GMS,",
        "tw": "rc://*/tw/dict/bible/kt/christ"
      },
      {
        "type": "text",
        "text": ";\n\n"
      }
    ]
  },
  "6": {
    "verseObjects": [
      {
        "text": "καὶ",
        "tag": "w",
        "type": "word",
        "lemma": "καί",
        "strong": "G25320",
        "morph": "Gr,CC,,,,,,,,"
      },
      {
        "text": "ἐν",
        "tag": "w",
        "type": "word",
        "lemma": "ἐν",
        "strong": "G17220",
        "morph": "Gr,P,,,,,D,,,"
      },
      {
        "text": "ἑτοίμῳ",
        "tag": "w",
        "type": "word",
        "lemma": "ἕτοιμος",
        "strong": "G20920",
        "morph": "Gr,NS,,,,DNS,"
      },
      {
        "text": "ἔχοντες",
        "tag": "w",
        "type": "word",
        "lemma": "ἔχω",
        "strong": "G21920",
        "morph": "Gr,V,PPA,NMP,"
      },
      {
        "type": "text",
        "text": ","
      },
      {
        "text": "ἐκδικῆσαι",
        "tag": "w",
        "type": "word",
        "lemma": "ἐκδικέω",
        "strong": "G15560",
        "morph": "Gr,V,NAA,,,,,",
        "tw": "rc://*/tw/dict/bible/other/avenge"
      },
      {
        "text": "πᾶσαν",
        "tag": "w",
        "type": "word",
        "lemma": "πᾶς",
        "strong": "G39560",
        "morph": "Gr,EQ,,,,AFS,"
      },
      {
        "text": "παρακοήν",
        "tag": "w",
        "type": "word",
        "lemma": "παρακοή",
        "strong": "G38760",
        "morph": "Gr,N,,,,,AFS,",
        "tw": "rc://*/tw/dict/bible/other/disobey"
      },
      {
        "type": "text",
        "text": ","
      },
      {
        "text": "ὅταν",
        "tag": "w",
        "type": "word",
        "lemma": "ὅταν",
        "strong": "G37520",
        "morph": "Gr,CS,,,,,,,,"
      },
      {
        "text": "πληρωθῇ",
        "tag": "w",
        "type": "word",
        "lemma": "πληρόω",
        "strong": "G41370",
        "morph": "Gr,V,SAP3,,S,",
        "tw": "rc://*/tw/dict/bible/kt/fulfill"
      },
      {
        "text": "ὑμῶν",
        "tag": "w",
        "type": "word",
        "lemma": "σύ",
        "strong": "G47710",
        "morph": "Gr,RP,,,2G,P,"
      },
      {
        "text": "ἡ",
        "tag": "w",
        "type": "word",
        "lemma": "ὁ",
        "strong": "G35880",
        "morph": "Gr,EA,,,,NFS,"
      },
      {
        "text": "ὑπακοή",
        "tag": "w",
        "type": "word",
        "lemma": "ὑπακοή",
        "strong": "G52180",
        "morph": "Gr,N,,,,,NFS,",
        "tw": "rc://*/tw/dict/bible/other/obey"
      },
      {
        "type": "text",
        "text": ".\n\n"
      }
    ]
  },
  "7": {
    "verseObjects": [
      {
        "type": "text",
        "text": "\n"
      },
      {
        "tag": "p",
        "type": "paragraph",
        "text": "\n"
      },
      {
        "text": "τὰ",
        "tag": "w",
        "type": "word",
        "lemma": "ὁ",
        "strong": "G35880",
        "morph": "Gr,RD,,,,ANP,"
      },
      {
        "text": "κατὰ",
        "tag": "w",
        "type": "word",
        "lemma": "κατά",
        "strong": "G25960",
        "morph": "Gr,P,,,,,A,,,"
      },
      {
        "text": "πρόσωπον",
        "tag": "w",
        "type": "word",
        "lemma": "πρόσωπον",
        "strong": "G43830",
        "morph": "Gr,N,,,,,ANS,"
      },
      {
        "text": "βλέπετε",
        "tag": "w",
        "type": "word",
        "lemma": "βλέπω",
        "strong": "G09910",
        "morph": "Gr,V,IPA2,,P,"
      },
      {
        "type": "text",
        "text": "."
      },
      {
        "text": "εἴ",
        "tag": "w",
        "type": "word",
        "lemma": "εἰ",
        "strong": "G14870",
        "morph": "Gr,CS,,,,,,,,"
      },
      {
        "text": "τις",
        "tag": "w",
        "type": "word",
        "lemma": "τις",
        "strong": "G51000",
        "morph": "Gr,RI,,,,NMS,"
      },
      {
        "text": "πέποιθεν",
        "tag": "w",
        "type": "word",
        "lemma": "πείθω",
        "strong": "G39820",
        "morph": "Gr,V,IEA3,,S,"
      },
      {
        "text": "ἑαυτῷ",
        "tag": "w",
        "type": "word",
        "lemma": "ἑαυτοῦ",
        "strong": "G14380",
        "morph": "Gr,RE,,,3DMS,"
      },
      {
        "text": "Χριστοῦ",
        "tag": "w",
        "type": "word",
        "lemma": "χριστός",
        "strong": "G55470",
        "morph": "Gr,N,,,,,GMS,",
        "tw": "rc://*/tw/dict/bible/kt/christ"
      },
      {
        "text": "εἶναι",
        "tag": "w",
        "type": "word",
        "lemma": "εἰμί",
        "strong": "G15100",
        "morph": "Gr,V,NPA,,,,,"
      },
      {
        "type": "text",
        "text": ","
      },
      {
        "text": "τοῦτο",
        "tag": "w",
        "type": "word",
        "lemma": "οὗτος",
        "strong": "G37780",
        "morph": "Gr,RD,,,,ANS,"
      },
      {
        "text": "λογιζέσθω",
        "tag": "w",
        "type": "word",
        "lemma": "λογίζομαι",
        "strong": "G30490",
        "morph": "Gr,V,MPM3,,S,"
      },
      {
        "text": "πάλιν",
        "tag": "w",
        "type": "word",
        "lemma": "πάλιν",
        "strong": "G38250",
        "morph": "Gr,D,,,,,,,,,"
      },
      {
        "text": "ἐφ’",
        "tag": "w",
        "type": "word",
        "lemma": "ἐπί",
        "strong": "G19090",
        "morph": "Gr,P,,,,,G,,,"
      },
      {
        "text": "ἑαυτοῦ",
        "tag": "w",
        "type": "word",
        "lemma": "ἑαυτοῦ",
        "strong": "G14380",
        "morph": "Gr,RE,,,3GMS,"
      },
      {
        "type": "text",
        "text": ","
      },
      {
        "text": "ὅτι",
        "tag": "w",
        "type": "word",
        "lemma": "ὅτι",
        "strong": "G37540",
        "morph": "Gr,CS,,,,,,,,"
      },
      {
        "text": "καθὼς",
        "tag": "w",
        "type": "word",
        "lemma": "καθώς",
        "strong": "G25310",
        "morph": "Gr,D,,,,,,,,,",
        "tw": "rc://*/tw/dict/bible/other/like"
      },
      {
        "text": "αὐτὸς",
        "tag": "w",
        "type": "word",
        "lemma": "αὐτός",
        "strong": "G08460",
        "morph": "Gr,RP,,,3NMS,"
      },
      {
        "text": "Χριστοῦ",
        "tag": "w",
        "type": "word",
        "lemma": "χριστός",
        "strong": "G55470",
        "morph": "Gr,N,,,,,GMS,",
        "tw": "rc://*/tw/dict/bible/kt/christ"
      },
      {
        "type": "text",
        "text": ","
      },
      {
        "text": "οὕτως",
        "tag": "w",
        "type": "word",
        "lemma": "οὕτως",
        "strong": "G37790",
        "morph": "Gr,D,,,,,,,,,"
      },
      {
        "text": "καὶ",
        "tag": "w",
        "type": "word",
        "lemma": "καί",
        "strong": "G25320",
        "morph": "Gr,D,,,,,,,,,"
      },
      {
        "text": "ἡμεῖς",
        "tag": "w",
        "type": "word",
        "lemma": "ἐγώ",
        "strong": "G14730",
        "morph": "Gr,RP,,,1N,P,"
      },
      {
        "type": "text",
        "text": ".\n\n"
      }
    ]
  },
  "8": {
    "verseObjects": [
      {
        "text": "ἐάν",
        "tag": "w",
        "type": "word",
        "lemma": "ἐάν",
        "strong": "G14370",
        "morph": "Gr,CS,,,,,,,,"
      },
      {
        "text": "τε",
        "tag": "w",
        "type": "word",
        "lemma": "τέ",
        "strong": "G50370",
        "morph": "Gr,CC,,,,,,,,"
      },
      {
        "text": "γὰρ",
        "tag": "w",
        "type": "word",
        "lemma": "γάρ",
        "strong": "G10630",
        "morph": "Gr,CC,,,,,,,,"
      },
      {
        "text": "περισσότερόν",
        "tag": "w",
        "type": "word",
        "lemma": "περισσότερον",
        "strong": "G40560",
        "morph": "Gr,D,,,,,,,,C"
      },
      {
        "text": "τι",
        "tag": "w",
        "type": "word",
        "lemma": "τις",
        "strong": "G51000",
        "morph": "Gr,RI,,,,ANS,"
      },
      {
        "text": "καυχήσωμαι",
        "tag": "w",
        "type": "word",
        "lemma": "καυχάομαι",
        "strong": "G27440",
        "morph": "Gr,V,SAM1,,S,",
        "tw": "rc://*/tw/dict/bible/kt/boast"
      },
      {
        "text": "περὶ",
        "tag": "w",
        "type": "word",
        "lemma": "περί",
        "strong": "G40120",
        "morph": "Gr,P,,,,,G,,,"
      },
      {
        "text": "τῆς",
        "tag": "w",
        "type": "word",
        "lemma": "ὁ",
        "strong": "G35880",
        "morph": "Gr,EA,,,,GFS,"
      },
      {
        "text": "ἐξουσίας",
        "tag": "w",
        "type": "word",
        "lemma": "ἐξουσία",
        "strong": "G18490",
        "morph": "Gr,N,,,,,GFS,",
        "tw": "rc://*/tw/dict/bible/kt/authority"
      },
      {
        "text": "ἡμῶν",
        "tag": "w",
        "type": "word",
        "lemma": "ἐγώ",
        "strong": "G14730",
        "morph": "Gr,RP,,,1G,P,"
      },
      {
        "type": "text",
        "text": ","
      },
      {
        "text": "ἧς",
        "tag": "w",
        "type": "word",
        "lemma": "ὅς",
        "strong": "G37390",
        "morph": "Gr,RR,,,,GFS,"
      },
      {
        "text": "ἔδωκεν",
        "tag": "w",
        "type": "word",
        "lemma": "δίδωμι",
        "strong": "G13250",
        "morph": "Gr,V,IAA3,,S,"
      },
      {
        "text": "ὁ",
        "tag": "w",
        "type": "word",
        "lemma": "ὁ",
        "strong": "G35880",
        "morph": "Gr,EA,,,,NMS,"
      },
      {
        "text": "Κύριος",
        "tag": "w",
        "type": "word",
        "lemma": "κύριος",
        "strong": "G29620",
        "morph": "Gr,N,,,,,NMS,",
        "tw": "rc://*/tw/dict/bible/kt/lord"
      },
      {
        "text": "εἰς",
        "tag": "w",
        "type": "word",
        "lemma": "εἰς",
        "strong": "G15190",
        "morph": "Gr,P,,,,,A,,,"
      },
      {
        "text": "οἰκοδομὴν",
        "tag": "w",
        "type": "word",
        "lemma": "οἰκοδομή",
        "strong": "G36190",
        "morph": "Gr,N,,,,,AFS,"
      },
      {
        "text": "καὶ",
        "tag": "w",
        "type": "word",
        "lemma": "καί",
        "strong": "G25320",
        "morph": "Gr,CC,,,,,,,,"
      },
      {
        "text": "οὐκ",
        "tag": "w",
        "type": "word",
        "lemma": "οὐ",
        "strong": "G37560",
        "morph": "Gr,D,,,,,,,,,"
      },
      {
        "text": "εἰς",
        "tag": "w",
        "type": "word",
        "lemma": "εἰς",
        "strong": "G15190",
        "morph": "Gr,P,,,,,A,,,"
      },
      {
        "text": "καθαίρεσιν",
        "tag": "w",
        "type": "word",
        "lemma": "καθαίρεσις",
        "strong": "G25060",
        "morph": "Gr,N,,,,,AFS,"
      },
      {
        "text": "ὑμῶν",
        "tag": "w",
        "type": "word",
        "lemma": "σύ",
        "strong": "G47710",
        "morph": "Gr,RP,,,2G,P,"
      },
      {
        "type": "text",
        "text": ","
      },
      {
        "text": "οὐκ",
        "tag": "w",
        "type": "word",
        "lemma": "οὐ",
        "strong": "G37560",
        "morph": "Gr,D,,,,,,,,,"
      },
      {
        "text": "αἰσχυνθήσομαι",
        "tag": "w",
        "type": "word",
        "lemma": "αἰσχύνω",
        "strong": "G01530",
        "morph": "Gr,V,IFP1,,S,",
        "tw": "rc://*/tw/dict/bible/other/shame"
      },
      {
        "type": "text",
        "text": ",\n\n"
      }
    ]
  },
  "9": {
    "verseObjects": [
      {
        "text": "ἵνα",
        "tag": "w",
        "type": "word",
        "lemma": "ἵνα",
        "strong": "G24430",
        "morph": "Gr,CS,,,,,,,,"
      },
      {
        "text": "μὴ",
        "tag": "w",
        "type": "word",
        "lemma": "μή",
        "strong": "G33610",
        "morph": "Gr,D,,,,,,,,,"
      },
      {
        "text": "δόξω",
        "tag": "w",
        "type": "word",
        "lemma": "δοκέω",
        "strong": "G13800",
        "morph": "Gr,V,SAA1,,S,"
      },
      {
        "text": "ὡς",
        "tag": "w",
        "type": "word",
        "lemma": "ὡς",
        "strong": "G56130",
        "morph": "Gr,CS,,,,,,,,",
        "tw": "rc://*/tw/dict/bible/other/like"
      },
      {
        "text": "ἂν",
        "tag": "w",
        "type": "word",
        "lemma": "ἄν",
        "strong": "G03020",
        "morph": "Gr,T,,,,,,,,,"
      },
      {
        "text": "ἐκφοβεῖν",
        "tag": "w",
        "type": "word",
        "lemma": "ἐκφοβέω",
        "strong": "G16290",
        "morph": "Gr,V,NPA,,,,,"
      },
      {
        "text": "ὑμᾶς",
        "tag": "w",
        "type": "word",
        "lemma": "σύ",
        "strong": "G47710",
        "morph": "Gr,RP,,,2A,P,"
      },
      {
        "text": "διὰ",
        "tag": "w",
        "type": "word",
        "lemma": "διά",
        "strong": "G12230",
        "morph": "Gr,P,,,,,G,,,"
      },
      {
        "text": "τῶν",
        "tag": "w",
        "type": "word",
        "lemma": "ὁ",
        "strong": "G35880",
        "morph": "Gr,EP,,,,GFP,"
      },
      {
        "text": "ἐπιστολῶν",
        "tag": "w",
        "type": "word",
        "lemma": "ἐπιστολή",
        "strong": "G19920",
        "morph": "Gr,N,,,,,GFP,",
        "tw": "rc://*/tw/dict/bible/other/letter"
      },
      {
        "type": "text",
        "text": ".\n\n"
      }
    ]
  },
  "10": {
    "verseObjects": [
      {
        "text": "ὅτι",
        "tag": "w",
        "type": "word",
        "lemma": "ὅτι",
        "strong": "G37540",
        "morph": "Gr,CS,,,,,,,,"
      },
      {
        "type": "text",
        "text": ",\n“"
      },
      {
        "text": "αἱ",
        "tag": "w",
        "type": "word",
        "lemma": "ὁ",
        "strong": "G35880",
        "morph": "Gr,EP,,,,NFP,"
      },
      {
        "text": "ἐπιστολαὶ",
        "tag": "w",
        "type": "word",
        "lemma": "ἐπιστολή",
        "strong": "G19920",
        "morph": "Gr,N,,,,,NFP,",
        "tw": "rc://*/tw/dict/bible/other/letter"
      },
      {
        "text": "μέν",
        "tag": "w",
        "type": "word",
        "lemma": "μέν",
        "strong": "G33030",
        "morph": "Gr,D,,,,,,,,,"
      },
      {
        "type": "text",
        "text": "”,"
      },
      {
        "text": "φησίν",
        "tag": "w",
        "type": "word",
        "lemma": "φημί",
        "strong": "G53460",
        "morph": "Gr,V,IPA3,,S,"
      },
      {
        "type": "text",
        "text": ",\n“"
      },
      {
        "text": "βαρεῖαι",
        "tag": "w",
        "type": "word",
        "lemma": "βαρύς",
        "strong": "G09260",
        "morph": "Gr,NS,,,,NFP,"
      },
      {
        "text": "καὶ",
        "tag": "w",
        "type": "word",
        "lemma": "καί",
        "strong": "G25320",
        "morph": "Gr,CC,,,,,,,,"
      },
      {
        "text": "ἰσχυραί",
        "tag": "w",
        "type": "word",
        "lemma": "ἰσχυρός",
        "strong": "G24780",
        "morph": "Gr,NS,,,,NFP,",
        "tw": "rc://*/tw/dict/bible/other/strength"
      },
      {
        "type": "text",
        "text": ","
      },
      {
        "text": "ἡ",
        "tag": "w",
        "type": "word",
        "lemma": "ὁ",
        "strong": "G35880",
        "morph": "Gr,EA,,,,NFS,"
      },
      {
        "text": "δὲ",
        "tag": "w",
        "type": "word",
        "lemma": "δέ",
        "strong": "G11610",
        "morph": "Gr,CC,,,,,,,,"
      },
      {
        "text": "παρουσία",
        "tag": "w",
        "type": "word",
        "lemma": "παρουσία",
        "strong": "G39520",
        "morph": "Gr,N,,,,,NFS,"
      },
      {
        "text": "τοῦ",
        "tag": "w",
        "type": "word",
        "lemma": "ὁ",
        "strong": "G35880",
        "morph": "Gr,EP,,,,GNS,"
      },
      {
        "text": "σώματος",
        "tag": "w",
        "type": "word",
        "lemma": "σῶμα",
        "strong": "G49830",
        "morph": "Gr,N,,,,,GNS,",
        "tw": "rc://*/tw/dict/bible/kt/body"
      },
      {
        "text": "ἀσθενὴς",
        "tag": "w",
        "type": "word",
        "lemma": "ἀσθενής",
        "strong": "G07720",
        "morph": "Gr,NP,,,,NFS,"
      },
      {
        "type": "text",
        "text": ","
      },
      {
        "text": "καὶ",
        "tag": "w",
        "type": "word",
        "lemma": "καί",
        "strong": "G25320",
        "morph": "Gr,CC,,,,,,,,"
      },
      {
        "text": "ὁ",
        "tag": "w",
        "type": "word",
        "lemma": "ὁ",
        "strong": "G35880",
        "morph": "Gr,EP,,,,NMS,"
      },
      {
        "text": "λόγος",
        "tag": "w",
        "type": "word",
        "lemma": "λόγος",
        "strong": "G30560",
        "morph": "Gr,N,,,,,NMS,",
        "tw": "rc://*/tw/dict/bible/other/word"
      },
      {
        "text": "ἐξουθενημένος",
        "tag": "w",
        "type": "word",
        "lemma": "ἐξουθενέω",
        "strong": "G18480",
        "morph": "Gr,V,PEP,NMS,"
      },
      {
        "type": "text",
        "text": ".”\n\n"
      }
    ]
  },
  "11": {
    "verseObjects": [
      {
        "text": "τοῦτο",
        "tag": "w",
        "type": "word",
        "lemma": "οὗτος",
        "strong": "G37780",
        "morph": "Gr,RD,,,,ANS,"
      },
      {
        "text": "λογιζέσθω",
        "tag": "w",
        "type": "word",
        "lemma": "λογίζομαι",
        "strong": "G30490",
        "morph": "Gr,V,MPM3,,S,"
      },
      {
        "text": "ὁ",
        "tag": "w",
        "type": "word",
        "lemma": "ὁ",
        "strong": "G35880",
        "morph": "Gr,EA,,,,NMS,"
      },
      {
        "text": "τοιοῦτος",
        "tag": "w",
        "type": "word",
        "lemma": "τοιοῦτος",
        "strong": "G51080",
        "morph": "Gr,RD,,,,NMS,"
      },
      {
        "type": "text",
        "text": ","
      },
      {
        "text": "ὅτι",
        "tag": "w",
        "type": "word",
        "lemma": "ὅτι",
        "strong": "G37540",
        "morph": "Gr,CS,,,,,,,,"
      },
      {
        "text": "οἷοί",
        "tag": "w",
        "type": "word",
        "lemma": "οἷος",
        "strong": "G36340",
        "morph": "Gr,RR,,,,NMP,"
      },
      {
        "text": "ἐσμεν",
        "tag": "w",
        "type": "word",
        "lemma": "εἰμί",
        "strong": "G15100",
        "morph": "Gr,V,IPA1,,P,"
      },
      {
        "text": "τῷ",
        "tag": "w",
        "type": "word",
        "lemma": "ὁ",
        "strong": "G35880",
        "morph": "Gr,EA,,,,DMS,"
      },
      {
        "text": "λόγῳ",
        "tag": "w",
        "type": "word",
        "lemma": "λόγος",
        "strong": "G30560",
        "morph": "Gr,N,,,,,DMS,",
        "tw": "rc://*/tw/dict/bible/other/word"
      },
      {
        "text": "δι’",
        "tag": "w",
        "type": "word",
        "lemma": "διά",
        "strong": "G12230",
        "morph": "Gr,P,,,,,G,,,"
      },
      {
        "text": "ἐπιστολῶν",
        "tag": "w",
        "type": "word",
        "lemma": "ἐπιστολή",
        "strong": "G19920",
        "morph": "Gr,N,,,,,GFP,",
        "tw": "rc://*/tw/dict/bible/other/letter"
      },
      {
        "text": "ἀπόντες",
        "tag": "w",
        "type": "word",
        "lemma": "ἄπειμι",
        "strong": "G05480",
        "morph": "Gr,V,PPA,NMP,"
      },
      {
        "type": "text",
        "text": ","
      },
      {
        "text": "τοιοῦτοι",
        "tag": "w",
        "type": "word",
        "lemma": "τοιοῦτος",
        "strong": "G51080",
        "morph": "Gr,RD,,,,NMP,"
      },
      {
        "text": "καὶ",
        "tag": "w",
        "type": "word",
        "lemma": "καί",
        "strong": "G25320",
        "morph": "Gr,D,,,,,,,,,"
      },
      {
        "text": "παρόντες",
        "tag": "w",
        "type": "word",
        "lemma": "πάρειμι",
        "strong": "G39180",
        "morph": "Gr,V,PPA,NMP,"
      },
      {
        "text": "τῷ",
        "tag": "w",
        "type": "word",
        "lemma": "ὁ",
        "strong": "G35880",
        "morph": "Gr,EA,,,,DNS,"
      },
      {
        "text": "ἔργῳ",
        "tag": "w",
        "type": "word",
        "lemma": "ἔργον",
        "strong": "G20410",
        "morph": "Gr,N,,,,,DNS,",
        "tw": "rc://*/tw/dict/bible/kt/works"
      },
      {
        "type": "text",
        "text": ".\n\n"
      }
    ]
  },
  "12": {
    "verseObjects": [
      {
        "type": "text",
        "text": "\n"
      },
      {
        "tag": "p",
        "type": "paragraph",
        "text": "\n"
      },
      {
        "text": "οὐ",
        "tag": "w",
        "type": "word",
        "lemma": "οὐ",
        "strong": "G37560",
        "morph": "Gr,D,,,,,,,,,"
      },
      {
        "text": "γὰρ",
        "tag": "w",
        "type": "word",
        "lemma": "γάρ",
        "strong": "G10630",
        "morph": "Gr,CC,,,,,,,,"
      },
      {
        "text": "τολμῶμεν",
        "tag": "w",
        "type": "word",
        "lemma": "τολμάω",
        "strong": "G51110",
        "morph": "Gr,V,IPA1,,P,"
      },
      {
        "text": "ἐνκρῖναι",
        "tag": "w",
        "type": "word",
        "lemma": "ἐνκρίνω",
        "strong": "G14690",
        "morph": "Gr,V,NAA,,,,,"
      },
      {
        "text": "ἢ",
        "tag": "w",
        "type": "word",
        "lemma": "ἤ",
        "strong": "G22280",
        "morph": "Gr,CC,,,,,,,,"
      },
      {
        "text": "συνκρῖναι",
        "tag": "w",
        "type": "word",
        "lemma": "συνκρίνω",
        "strong": "G47930",
        "morph": "Gr,V,NAA,,,,,"
      },
      {
        "text": "ἑαυτούς",
        "tag": "w",
        "type": "word",
        "lemma": "ἑαυτοῦ",
        "strong": "G14380",
        "morph": "Gr,RE,,,1AMP,"
      },
      {
        "type": "text",
        "text": ","
      },
      {
        "text": "τισιν",
        "tag": "w",
        "type": "word",
        "lemma": "τις",
        "strong": "G51000",
        "morph": "Gr,RI,,,,DMP,"
      },
      {
        "text": "τῶν",
        "tag": "w",
        "type": "word",
        "lemma": "ὁ",
        "strong": "G35880",
        "morph": "Gr,RD,,,,GMP,"
      },
      {
        "text": "ἑαυτοὺς",
        "tag": "w",
        "type": "word",
        "lemma": "ἑαυτοῦ",
        "strong": "G14380",
        "morph": "Gr,RE,,,3AMP,"
      },
      {
        "text": "συνιστανόντων",
        "tag": "w",
        "type": "word",
        "lemma": "συνιστάνω",
        "strong": "G49210",
        "morph": "Gr,V,PPA,GMP,"
      },
      {
        "type": "text",
        "text": ";"
      },
      {
        "text": "ἀλλὰ",
        "tag": "w",
        "type": "word",
        "lemma": "ἀλλά",
        "strong": "G02350",
        "morph": "Gr,CC,,,,,,,,"
      },
      {
        "text": "αὐτοὶ",
        "tag": "w",
        "type": "word",
        "lemma": "αὐτός",
        "strong": "G08460",
        "morph": "Gr,RP,,,3NMP,"
      },
      {
        "text": "ἐν",
        "tag": "w",
        "type": "word",
        "lemma": "ἐν",
        "strong": "G17220",
        "morph": "Gr,P,,,,,D,,,"
      },
      {
        "text": "ἑαυτοῖς",
        "tag": "w",
        "type": "word",
        "lemma": "ἑαυτοῦ",
        "strong": "G14380",
        "morph": "Gr,RE,,,3DMP,"
      },
      {
        "type": "text",
        "text": ","
      },
      {
        "text": "ἑαυτοὺς",
        "tag": "w",
        "type": "word",
        "lemma": "ἑαυτοῦ",
        "strong": "G14380",
        "morph": "Gr,RE,,,3AMP,"
      },
      {
        "text": "μετροῦντες",
        "tag": "w",
        "type": "word",
        "lemma": "μετρέω",
        "strong": "G33540",
        "morph": "Gr,V,PPA,NMP,"
      },
      {
        "text": "καὶ",
        "tag": "w",
        "type": "word",
        "lemma": "καί",
        "strong": "G25320",
        "morph": "Gr,CC,,,,,,,,"
      },
      {
        "text": "συνκρίνοντες",
        "tag": "w",
        "type": "word",
        "lemma": "συνκρίνω",
        "strong": "G47930",
        "morph": "Gr,V,PPA,NMP,"
      },
      {
        "text": "ἑαυτοὺς",
        "tag": "w",
        "type": "word",
        "lemma": "ἑαυτοῦ",
        "strong": "G14380",
        "morph": "Gr,RE,,,3AMP,"
      },
      {
        "text": "ἑαυτοῖς",
        "tag": "w",
        "type": "word",
        "lemma": "ἑαυτοῦ",
        "strong": "G14380",
        "morph": "Gr,RE,,,3DMP,"
      },
      {
        "type": "text",
        "text": ","
      },
      {
        "text": "οὐ",
        "tag": "w",
        "type": "word",
        "lemma": "οὐ",
        "strong": "G37560",
        "morph": "Gr,D,,,,,,,,,"
      },
      {
        "text": "συνιᾶσιν",
        "tag": "w",
        "type": "word",
        "lemma": "συνίημι",
        "strong": "G49200",
        "morph": "Gr,V,IPA3,,P,",
        "tw": "rc://*/tw/dict/bible/other/understand"
      },
      {
        "type": "text",
        "text": ".\n\n"
      }
    ]
  },
  "13": {
    "verseObjects": [
      {
        "text": "ἡμεῖς",
        "tag": "w",
        "type": "word",
        "lemma": "ἐγώ",
        "strong": "G14730",
        "morph": "Gr,RP,,,1N,P,"
      },
      {
        "text": "δὲ",
        "tag": "w",
        "type": "word",
        "lemma": "δέ",
        "strong": "G11610",
        "morph": "Gr,CC,,,,,,,,"
      },
      {
        "text": "οὐκ",
        "tag": "w",
        "type": "word",
        "lemma": "οὐ",
        "strong": "G37560",
        "morph": "Gr,DO,,,,,,,,"
      },
      {
        "text": "εἰς",
        "tag": "w",
        "type": "word",
        "lemma": "εἰς",
        "strong": "G15190",
        "morph": "Gr,P,,,,,A,,,"
      },
      {
        "text": "τὰ",
        "tag": "w",
        "type": "word",
        "lemma": "ὁ",
        "strong": "G35880",
        "morph": "Gr,EA,,,,ANP,"
      },
      {
        "text": "ἄμετρα",
        "tag": "w",
        "type": "word",
        "lemma": "ἄμετρος",
        "strong": "G02800",
        "morph": "Gr,NS,,,,ANP,"
      },
      {
        "text": "καυχησόμεθα",
        "tag": "w",
        "type": "word",
        "lemma": "καυχάομαι",
        "strong": "G27440",
        "morph": "Gr,V,IFM1,,P,",
        "tw": "rc://*/tw/dict/bible/kt/boast"
      },
      {
        "type": "text",
        "text": ","
      },
      {
        "text": "ἀλλὰ",
        "tag": "w",
        "type": "word",
        "lemma": "ἀλλά",
        "strong": "G02350",
        "morph": "Gr,CO,,,,,,,,"
      },
      {
        "text": "κατὰ",
        "tag": "w",
        "type": "word",
        "lemma": "κατά",
        "strong": "G25960",
        "morph": "Gr,P,,,,,A,,,"
      },
      {
        "text": "τὸ",
        "tag": "w",
        "type": "word",
        "lemma": "ὁ",
        "strong": "G35880",
        "morph": "Gr,EA,,,,ANS,"
      },
      {
        "text": "μέτρον",
        "tag": "w",
        "type": "word",
        "lemma": "μέτρον",
        "strong": "G33580",
        "morph": "Gr,N,,,,,ANS,"
      },
      {
        "text": "τοῦ",
        "tag": "w",
        "type": "word",
        "lemma": "ὁ",
        "strong": "G35880",
        "morph": "Gr,EA,,,,GMS,"
      },
      {
        "text": "κανόνος",
        "tag": "w",
        "type": "word",
        "lemma": "κανών",
        "strong": "G25830",
        "morph": "Gr,N,,,,,GMS,"
      },
      {
        "type": "text",
        "text": ","
      },
      {
        "text": "οὗ",
        "tag": "w",
        "type": "word",
        "lemma": "ὅς",
        "strong": "G37390",
        "morph": "Gr,RD,,,,GMS,"
      },
      {
        "text": "ἐμέρισεν",
        "tag": "w",
        "type": "word",
        "lemma": "μερίζω",
        "strong": "G33070",
        "morph": "Gr,V,IAA3,,S,",
        "tw": "rc://*/tw/dict/bible/other/assign"
      },
      {
        "text": "ἡμῖν",
        "tag": "w",
        "type": "word",
        "lemma": "ἐγώ",
        "strong": "G14730",
        "morph": "Gr,RP,,,1D,P,"
      },
      {
        "text": "ὁ",
        "tag": "w",
        "type": "word",
        "lemma": "ὁ",
        "strong": "G35880",
        "morph": "Gr,EA,,,,NMS,"
      },
      {
        "text": "Θεὸς",
        "tag": "w",
        "type": "word",
        "lemma": "θεός",
        "strong": "G23160",
        "morph": "Gr,N,,,,,NMS,",
        "tw": "rc://*/tw/dict/bible/kt/god"
      },
      {
        "text": "μέτρου",
        "tag": "w",
        "type": "word",
        "lemma": "μέτρον",
        "strong": "G33580",
        "morph": "Gr,N,,,,,GNS,"
      },
      {
        "type": "text",
        "text": ","
      },
      {
        "text": "ἐφικέσθαι",
        "tag": "w",
        "type": "word",
        "lemma": "ἐφικνέομαι",
        "strong": "G21850",
        "morph": "Gr,V,NAM,,,,,"
      },
      {
        "text": "ἄχρι",
        "tag": "w",
        "type": "word",
        "lemma": "ἄχρι",
        "strong": "G08910",
        "morph": "Gr,PI,,,,G,,,"
      },
      {
        "text": "καὶ",
        "tag": "w",
        "type": "word",
        "lemma": "καί",
        "strong": "G25320",
        "morph": "Gr,D,,,,,,,,,"
      },
      {
        "text": "ὑμῶν",
        "tag": "w",
        "type": "word",
        "lemma": "σύ",
        "strong": "G47710",
        "morph": "Gr,RP,,,2G,P,"
      },
      {
        "type": "text",
        "text": ".\n\n"
      }
    ]
  },
  "14": {
    "verseObjects": [
      {
        "text": "οὐ",
        "tag": "w",
        "type": "word",
        "lemma": "οὐ",
        "strong": "G37560",
        "morph": "Gr,D,,,,,,,,,"
      },
      {
        "text": "γὰρ",
        "tag": "w",
        "type": "word",
        "lemma": "γάρ",
        "strong": "G10630",
        "morph": "Gr,CC,,,,,,,,"
      },
      {
        "text": "ὡς",
        "tag": "w",
        "type": "word",
        "lemma": "ὡς",
        "strong": "G56130",
        "morph": "Gr,CS,,,,,,,,",
        "tw": "rc://*/tw/dict/bible/other/like"
      },
      {
        "text": "μὴ",
        "tag": "w",
        "type": "word",
        "lemma": "μή",
        "strong": "G33610",
        "morph": "Gr,D,,,,,,,,,"
      },
      {
        "text": "ἐφικνούμενοι",
        "tag": "w",
        "type": "word",
        "lemma": "ἐφικνέομαι",
        "strong": "G21850",
        "morph": "Gr,V,PPM,NMP,"
      },
      {
        "text": "εἰς",
        "tag": "w",
        "type": "word",
        "lemma": "εἰς",
        "strong": "G15190",
        "morph": "Gr,P,,,,,A,,,"
      },
      {
        "text": "ὑμᾶς",
        "tag": "w",
        "type": "word",
        "lemma": "σύ",
        "strong": "G47710",
        "morph": "Gr,RP,,,2A,P,"
      },
      {
        "type": "text",
        "text": ","
      },
      {
        "text": "ὑπερεκτείνομεν",
        "tag": "w",
        "type": "word",
        "lemma": "ὑπερεκτείνω",
        "strong": "G52390",
        "morph": "Gr,V,IPA1,,P,"
      },
      {
        "text": "ἑαυτούς",
        "tag": "w",
        "type": "word",
        "lemma": "ἑαυτοῦ",
        "strong": "G14380",
        "morph": "Gr,RE,,,1AMP,"
      },
      {
        "type": "text",
        "text": ","
      },
      {
        "text": "ἄχρι",
        "tag": "w",
        "type": "word",
        "lemma": "ἄχρι",
        "strong": "G08910",
        "morph": "Gr,PI,,,,G,,,"
      },
      {
        "text": "γὰρ",
        "tag": "w",
        "type": "word",
        "lemma": "γάρ",
        "strong": "G10630",
        "morph": "Gr,CC,,,,,,,,"
      },
      {
        "text": "καὶ",
        "tag": "w",
        "type": "word",
        "lemma": "καί",
        "strong": "G25320",
        "morph": "Gr,D,,,,,,,,,"
      },
      {
        "text": "ὑμῶν",
        "tag": "w",
        "type": "word",
        "lemma": "σύ",
        "strong": "G47710",
        "morph": "Gr,RP,,,2G,P,"
      },
      {
        "text": "ἐφθάσαμεν",
        "tag": "w",
        "type": "word",
        "lemma": "φθάνω",
        "strong": "G53480",
        "morph": "Gr,V,IAA1,,P,"
      },
      {
        "text": "ἐν",
        "tag": "w",
        "type": "word",
        "lemma": "ἐν",
        "strong": "G17220",
        "morph": "Gr,P,,,,,D,,,"
      },
      {
        "text": "τῷ",
        "tag": "w",
        "type": "word",
        "lemma": "ὁ",
        "strong": "G35880",
        "morph": "Gr,EA,,,,DNS,"
      },
      {
        "text": "εὐαγγελίῳ",
        "tag": "w",
        "type": "word",
        "lemma": "εὐαγγέλιον",
        "strong": "G20980",
        "morph": "Gr,N,,,,,DNS,",
        "tw": "rc://*/tw/dict/bible/kt/goodnews"
      },
      {
        "text": "τοῦ",
        "tag": "w",
        "type": "word",
        "lemma": "ὁ",
        "strong": "G35880",
        "morph": "Gr,EA,,,,GMS,"
      },
      {
        "text": "Χριστοῦ",
        "tag": "w",
        "type": "word",
        "lemma": "χριστός",
        "strong": "G55470",
        "morph": "Gr,N,,,,,GMS,",
        "tw": "rc://*/tw/dict/bible/kt/christ"
      },
      {
        "type": "text",
        "text": ";\n\n"
      }
    ]
  },
  "15": {
    "verseObjects": [
      {
        "text": "οὐκ",
        "tag": "w",
        "type": "word",
        "lemma": "οὐ",
        "strong": "G37560",
        "morph": "Gr,D,,,,,,,,,"
      },
      {
        "text": "εἰς",
        "tag": "w",
        "type": "word",
        "lemma": "εἰς",
        "strong": "G15190",
        "morph": "Gr,P,,,,,A,,,"
      },
      {
        "text": "τὰ",
        "tag": "w",
        "type": "word",
        "lemma": "ὁ",
        "strong": "G35880",
        "morph": "Gr,EA,,,,ANP,"
      },
      {
        "text": "ἄμετρα",
        "tag": "w",
        "type": "word",
        "lemma": "ἄμετρος",
        "strong": "G02800",
        "morph": "Gr,NS,,,,ANP,"
      },
      {
        "text": "καυχώμενοι",
        "tag": "w",
        "type": "word",
        "lemma": "καυχάομαι",
        "strong": "G27440",
        "morph": "Gr,V,PPM,NMP,",
        "tw": "rc://*/tw/dict/bible/kt/boast"
      },
      {
        "text": "ἐν",
        "tag": "w",
        "type": "word",
        "lemma": "ἐν",
        "strong": "G17220",
        "morph": "Gr,P,,,,,D,,,"
      },
      {
        "text": "ἀλλοτρίοις",
        "tag": "w",
        "type": "word",
        "lemma": "ἀλλότριος",
        "strong": "G02450",
        "morph": "Gr,EF,,,,DMP,"
      },
      {
        "text": "κόποις",
        "tag": "w",
        "type": "word",
        "lemma": "κόπος",
        "strong": "G28730",
        "morph": "Gr,N,,,,,DMP,",
        "tw": "rc://*/tw/dict/bible/other/labor"
      },
      {
        "type": "text",
        "text": ","
      },
      {
        "text": "ἐλπίδα",
        "tag": "w",
        "type": "word",
        "lemma": "ἐλπίς",
        "strong": "G16800",
        "morph": "Gr,N,,,,,AFS,",
        "tw": "rc://*/tw/dict/bible/kt/hope"
      },
      {
        "text": "δὲ",
        "tag": "w",
        "type": "word",
        "lemma": "δέ",
        "strong": "G11610",
        "morph": "Gr,CC,,,,,,,,"
      },
      {
        "text": "ἔχοντες",
        "tag": "w",
        "type": "word",
        "lemma": "ἔχω",
        "strong": "G21920",
        "morph": "Gr,V,PPA,NMP,"
      },
      {
        "type": "text",
        "text": ","
      },
      {
        "text": "αὐξανομένης",
        "tag": "w",
        "type": "word",
        "lemma": "αὐξάνω",
        "strong": "G08370",
        "morph": "Gr,V,PPP,GFS,"
      },
      {
        "text": "τῆς",
        "tag": "w",
        "type": "word",
        "lemma": "ὁ",
        "strong": "G35880",
        "morph": "Gr,EA,,,,GFS,"
      },
      {
        "text": "πίστεως",
        "tag": "w",
        "type": "word",
        "lemma": "πίστις",
        "strong": "G41020",
        "morph": "Gr,N,,,,,GFS,",
        "tw": "rc://*/tw/dict/bible/kt/faith"
      },
      {
        "text": "ὑμῶν",
        "tag": "w",
        "type": "word",
        "lemma": "σύ",
        "strong": "G47710",
        "morph": "Gr,RP,,,2G,P,"
      },
      {
        "type": "text",
        "text": ","
      },
      {
        "text": "ἐν",
        "tag": "w",
        "type": "word",
        "lemma": "ἐν",
        "strong": "G17220",
        "morph": "Gr,P,,,,,D,,,"
      },
      {
        "text": "ὑμῖν",
        "tag": "w",
        "type": "word",
        "lemma": "σύ",
        "strong": "G47710",
        "morph": "Gr,RP,,,2D,P,"
      },
      {
        "text": "μεγαλυνθῆναι",
        "tag": "w",
        "type": "word",
        "lemma": "μεγαλύνω",
        "strong": "G31700",
        "morph": "Gr,V,NAP,,,,,"
      },
      {
        "text": "κατὰ",
        "tag": "w",
        "type": "word",
        "lemma": "κατά",
        "strong": "G25960",
        "morph": "Gr,P,,,,,A,,,"
      },
      {
        "text": "τὸν",
        "tag": "w",
        "type": "word",
        "lemma": "ὁ",
        "strong": "G35880",
        "morph": "Gr,EA,,,,AMS,"
      },
      {
        "text": "κανόνα",
        "tag": "w",
        "type": "word",
        "lemma": "κανών",
        "strong": "G25830",
        "morph": "Gr,N,,,,,AMS,"
      },
      {
        "text": "ἡμῶν",
        "tag": "w",
        "type": "word",
        "lemma": "ἐγώ",
        "strong": "G14730",
        "morph": "Gr,RP,,,1G,P,"
      },
      {
        "text": "εἰς",
        "tag": "w",
        "type": "word",
        "lemma": "εἰς",
        "strong": "G15190",
        "morph": "Gr,P,,,,,A,,,"
      },
      {
        "text": "περισσείαν",
        "tag": "w",
        "type": "word",
        "lemma": "περισσεία",
        "strong": "G40500",
        "morph": "Gr,N,,,,,AFS,"
      },
      {
        "type": "text",
        "text": ",\n\n"
      }
    ]
  },
  "16": {
    "verseObjects": [
      {
        "text": "εἰς",
        "tag": "w",
        "type": "word",
        "lemma": "εἰς",
        "strong": "G15190",
        "morph": "Gr,P,,,,,A,,,"
      },
      {
        "text": "τὰ",
        "tag": "w",
        "type": "word",
        "lemma": "ὁ",
        "strong": "G35880",
        "morph": "Gr,RD,,,,ANP,"
      },
      {
        "text": "ὑπερέκεινα",
        "tag": "w",
        "type": "word",
        "lemma": "ὑπερέκεινα",
        "strong": "G52380",
        "morph": "Gr,PI,,,,G,,,"
      },
      {
        "text": "ὑμῶν",
        "tag": "w",
        "type": "word",
        "lemma": "σύ",
        "strong": "G47710",
        "morph": "Gr,RP,,,2G,P,"
      },
      {
        "text": "εὐαγγελίσασθαι",
        "tag": "w",
        "type": "word",
        "lemma": "εὐαγγελίζω",
        "strong": "G20970",
        "morph": "Gr,V,NAM,,,,,",
        "tw": "rc://*/tw/dict/bible/other/preach"
      },
      {
        "type": "text",
        "text": ","
      },
      {
        "text": "οὐκ",
        "tag": "w",
        "type": "word",
        "lemma": "οὐ",
        "strong": "G37560",
        "morph": "Gr,D,,,,,,,,,"
      },
      {
        "text": "ἐν",
        "tag": "w",
        "type": "word",
        "lemma": "ἐν",
        "strong": "G17220",
        "morph": "Gr,P,,,,,D,,,"
      },
      {
        "text": "ἀλλοτρίῳ",
        "tag": "w",
        "type": "word",
        "lemma": "ἀλλότριος",
        "strong": "G02450",
        "morph": "Gr,EF,,,,DMS,"
      },
      {
        "text": "κανόνι",
        "tag": "w",
        "type": "word",
        "lemma": "κανών",
        "strong": "G25830",
        "morph": "Gr,N,,,,,DMS,"
      },
      {
        "text": "εἰς",
        "tag": "w",
        "type": "word",
        "lemma": "εἰς",
        "strong": "G15190",
        "morph": "Gr,P,,,,,A,,,"
      },
      {
        "text": "τὰ",
        "tag": "w",
        "type": "word",
        "lemma": "ὁ",
        "strong": "G35880",
        "morph": "Gr,EA,,,,ANP,"
      },
      {
        "text": "ἕτοιμα",
        "tag": "w",
        "type": "word",
        "lemma": "ἕτοιμος",
        "strong": "G20920",
        "morph": "Gr,NS,,,,ANP,"
      },
      {
        "text": "καυχήσασθαι",
        "tag": "w",
        "type": "word",
        "lemma": "καυχάομαι",
        "strong": "G27440",
        "morph": "Gr,V,NAM,,,,,",
        "tw": "rc://*/tw/dict/bible/kt/boast"
      },
      {
        "type": "text",
        "text": ".\n\n"
      }
    ]
  },
  "17": {
    "verseObjects": [
      {
        "text": "ὁ",
        "tag": "w",
        "type": "word",
        "lemma": "ὁ",
        "strong": "G35880",
        "morph": "Gr,RD,,,,NMS,"
      },
      {
        "text": "δὲ",
        "tag": "w",
        "type": "word",
        "lemma": "δέ",
        "strong": "G11610",
        "morph": "Gr,CC,,,,,,,,"
      },
      {
        "text": "καυχώμενος",
        "tag": "w",
        "type": "word",
        "lemma": "καυχάομαι",
        "strong": "G27440",
        "morph": "Gr,V,PPM,NMS,",
        "tw": "rc://*/tw/dict/bible/kt/boast"
      },
      {
        "type": "text",
        "text": ","
      },
      {
        "tag": "k",
        "type": "milestone",
        "tw": "rc://*/tw/dict/bible/kt/inchrist",
        "children": [
          {
            "text": "ἐν",
            "tag": "w",
            "type": "word",
            "lemma": "ἐν",
            "strong": "G17220",
            "morph": "Gr,P,,,,,D,,,"
          },
          {
            "text": "Κυρίῳ",
            "tag": "w",
            "type": "word",
            "lemma": "κύριος",
            "strong": "G29620",
            "morph": "Gr,N,,,,,DMS,",
            "tw": "rc://*/tw/dict/bible/kt/lord"
          }
        ]
      },
      {
        "text": "καυχάσθω",
        "tag": "w",
        "type": "word",
        "lemma": "καυχάομαι",
        "strong": "G27440",
        "morph": "Gr,V,MPM3,,S,",
        "tw": "rc://*/tw/dict/bible/kt/boast"
      },
      {
        "type": "text",
        "text": ".\n\n"
      }
    ]
  },
  "18": {
    "verseObjects": [
      {
        "text": "οὐ",
        "tag": "w",
        "type": "word",
        "lemma": "οὐ",
        "strong": "G37560",
        "morph": "Gr,DO,,,,,,,,"
      },
      {
        "text": "γὰρ",
        "tag": "w",
        "type": "word",
        "lemma": "γάρ",
        "strong": "G10630",
        "morph": "Gr,CC,,,,,,,,"
      },
      {
        "text": "ὁ",
        "tag": "w",
        "type": "word",
        "lemma": "ὁ",
        "strong": "G35880",
        "morph": "Gr,RD,,,,NMS,"
      },
      {
        "text": "ἑαυτὸν",
        "tag": "w",
        "type": "word",
        "lemma": "ἑαυτοῦ",
        "strong": "G14380",
        "morph": "Gr,RE,,,3AMS,"
      },
      {
        "text": "συνιστάνων",
        "tag": "w",
        "type": "word",
        "lemma": "συνιστάνω",
        "strong": "G49210",
        "morph": "Gr,V,PPA,NMS,"
      },
      {
        "type": "text",
        "text": ","
      },
      {
        "text": "ἐκεῖνός",
        "tag": "w",
        "type": "word",
        "lemma": "ἐκεῖνος",
        "strong": "G15650",
        "morph": "Gr,RD,,,,NMS,"
      },
      {
        "text": "ἐστιν",
        "tag": "w",
        "type": "word",
        "lemma": "εἰμί",
        "strong": "G15100",
        "morph": "Gr,V,IPA3,,S,"
      },
      {
        "text": "δόκιμος",
        "tag": "w",
        "type": "word",
        "lemma": "δόκιμος",
        "strong": "G13840",
        "morph": "Gr,NP,,,,NMS,"
      },
      {
        "type": "text",
        "text": ","
      },
      {
        "text": "ἀλλὰ",
        "tag": "w",
        "type": "word",
        "lemma": "ἀλλά",
        "strong": "G02350",
        "morph": "Gr,CO,,,,,,,,"
      },
      {
        "text": "ὃν",
        "tag": "w",
        "type": "word",
        "lemma": "ὅς",
        "strong": "G37390",
        "morph": "Gr,RR,,,,AMS,"
      },
      {
        "text": "ὁ",
        "tag": "w",
        "type": "word",
        "lemma": "ὁ",
        "strong": "G35880",
        "morph": "Gr,EA,,,,NMS,"
      },
      {
        "text": "Κύριος",
        "tag": "w",
        "type": "word",
        "lemma": "κύριος",
        "strong": "G29620",
        "morph": "Gr,N,,,,,NMS,",
        "tw": "rc://*/tw/dict/bible/kt/lord"
      },
      {
        "text": "συνίστησιν",
        "tag": "w",
        "type": "word",
        "lemma": "συνίστημι",
        "strong": "G49210",
        "morph": "Gr,V,IPA3,,S,"
      },
      {
        "type": "text",
        "text": ".\n\n"
      }
    ]
  },
  "front": {
    "verseObjects": [
      {
        "tag": "p",
        "type": "paragraph",
        "text": "\n"
      },
      {
        "type": "text",
        "text": "\n"
      }
    ]
  }
}