{
  "1": {
    "verseObjects": [
      {
        "text": "καυχᾶσθαι",
        "tag": "w",
        "type": "word",
        "lemma": "καυχάομαι",
        "strong": "G27440",
        "morph": "Gr,V,NPM,,,,,",
        "tw": "rc://*/tw/dict/bible/kt/boast"
      },
      {
        "text": "δεῖ",
        "tag": "w",
        "type": "word",
        "lemma": "δέω",
        "strong": "G12100",
        "morph": "Gr,V,IPA3,,S,"
      },
      {
        "type": "text",
        "text": ","
      },
      {
        "text": "οὐ",
        "tag": "w",
        "type": "word",
        "lemma": "οὐ",
        "strong": "G37560",
        "morph": "Gr,D,,,,,,,,,"
      },
      {
        "text": "συμφέρον",
        "tag": "w",
        "type": "word",
        "lemma": "συμφέρω",
        "strong": "G48510",
        "morph": "Gr,V,PPA,NNS,",
        "tw": "rc://*/tw/dict/bible/other/profit"
      },
      {
        "text": "μέν",
        "tag": "w",
        "type": "word",
        "lemma": "μέν",
        "strong": "G33030",
        "morph": "Gr,D,,,,,,,,,"
      },
      {
        "type": "text",
        "text": ";"
      },
      {
        "text": "ἐλεύσομαι",
        "tag": "w",
        "type": "word",
        "lemma": "ἔρχομαι",
        "strong": "G20640",
        "morph": "Gr,V,IFM1,,S,"
      },
      {
        "text": "δὲ",
        "tag": "w",
        "type": "word",
        "lemma": "δέ",
        "strong": "G11610",
        "morph": "Gr,CC,,,,,,,,"
      },
      {
        "text": "εἰς",
        "tag": "w",
        "type": "word",
        "lemma": "εἰς",
        "strong": "G15190",
        "morph": "Gr,P,,,,,A,,,"
      },
      {
        "text": "ὀπτασίας",
        "tag": "w",
        "type": "word",
        "lemma": "ὀπτασία",
        "strong": "G37010",
        "morph": "Gr,N,,,,,AFP,",
        "tw": "rc://*/tw/dict/bible/other/vision"
      },
      {
        "text": "καὶ",
        "tag": "w",
        "type": "word",
        "lemma": "καί",
        "strong": "G25320",
        "morph": "Gr,CC,,,,,,,,"
      },
      {
        "text": "ἀποκαλύψεις",
        "tag": "w",
        "type": "word",
        "lemma": "ἀποκάλυψις",
        "strong": "G06020",
        "morph": "Gr,N,,,,,AFP,",
        "tw": "rc://*/tw/dict/bible/kt/reveal"
      },
      {
        "text": "Κυρίου",
        "tag": "w",
        "type": "word",
        "lemma": "κύριος",
        "strong": "G29620",
        "morph": "Gr,N,,,,,GMS,",
        "tw": "rc://*/tw/dict/bible/kt/lord"
      },
      {
        "type": "text",
        "text": ".\n\n"
      }
    ]
  },
  "2": {
    "verseObjects": [
      {
        "text": "οἶδα",
        "tag": "w",
        "type": "word",
        "lemma": "οἶδα",
        "strong": "G14920",
        "morph": "Gr,V,IEA1,,S,",
        "tw": "rc://*/tw/dict/bible/other/know"
      },
      {
        "text": "ἄνθρωπον",
        "tag": "w",
        "type": "word",
        "lemma": "ἄνθρωπος",
        "strong": "G04440",
        "morph": "Gr,N,,,,,AMS,"
      },
      {
        "tag": "k",
        "type": "milestone",
        "tw": "rc://*/tw/dict/bible/kt/inchrist",
        "children": [
          {
            "text": "ἐν",
            "tag": "w",
            "type": "word",
            "lemma": "ἐν",
            "strong": "G17220",
            "morph": "Gr,P,,,,,D,,,"
          },
          {
            "text": "Χριστῷ",
            "tag": "w",
            "type": "word",
            "lemma": "χριστός",
            "strong": "G55470",
            "morph": "Gr,N,,,,,DMS,",
            "tw": "rc://*/tw/dict/bible/kt/christ"
          }
        ]
      },
      {
        "text": "πρὸ",
        "tag": "w",
        "type": "word",
        "lemma": "πρό",
        "strong": "G42530",
        "morph": "Gr,P,,,,,G,,,"
      },
      {
        "text": "ἐτῶν",
        "tag": "w",
        "type": "word",
        "lemma": "ἔτος",
        "strong": "G20940",
        "morph": "Gr,N,,,,,GNP,",
        "tw": "rc://*/tw/dict/bible/other/biblicaltimeyear"
      },
      {
        "text": "δεκατεσσάρων",
        "tag": "w",
        "type": "word",
        "lemma": "δεκατέσσαρες",
        "strong": "G11800",
        "morph": "Gr,EN,,,,GNP,"
      },
      {
        "text": "εἴτε",
        "tag": "w",
        "type": "word",
        "lemma": "εἴτε",
        "strong": "G15350",
        "morph": "Gr,DO,,,,,,,,"
      },
      {
        "type": "text",
        "text": "("
      },
      {
        "text": "ἐν",
        "tag": "w",
        "type": "word",
        "lemma": "ἐν",
        "strong": "G17220",
        "morph": "Gr,P,,,,,D,,,"
      },
      {
        "text": "σώματι",
        "tag": "w",
        "type": "word",
        "lemma": "σῶμα",
        "strong": "G49830",
        "morph": "Gr,N,,,,,DNS,",
        "tw": "rc://*/tw/dict/bible/kt/body"
      },
      {
        "text": "οὐκ",
        "tag": "w",
        "type": "word",
        "lemma": "οὐ",
        "strong": "G37560",
        "morph": "Gr,D,,,,,,,,,"
      },
      {
        "text": "οἶδα",
        "tag": "w",
        "type": "word",
        "lemma": "οἶδα",
        "strong": "G14920",
        "morph": "Gr,V,IEA1,,S,",
        "tw": "rc://*/tw/dict/bible/other/know"
      },
      {
        "type": "text",
        "text": ","
      },
      {
        "text": "εἴτε",
        "tag": "w",
        "type": "word",
        "lemma": "εἴτε",
        "strong": "G15350",
        "morph": "Gr,CO,,,,,,,,"
      },
      {
        "text": "ἐκτὸς",
        "tag": "w",
        "type": "word",
        "lemma": "ἐκτός",
        "strong": "G16220",
        "morph": "Gr,PI,,,,G,,,"
      },
      {
        "text": "τοῦ",
        "tag": "w",
        "type": "word",
        "lemma": "ὁ",
        "strong": "G35880",
        "morph": "Gr,EA,,,,GNS,"
      },
      {
        "text": "σώματος",
        "tag": "w",
        "type": "word",
        "lemma": "σῶμα",
        "strong": "G49830",
        "morph": "Gr,N,,,,,GNS,",
        "tw": "rc://*/tw/dict/bible/kt/body"
      },
      {
        "text": "οὐκ",
        "tag": "w",
        "type": "word",
        "lemma": "οὐ",
        "strong": "G37560",
        "morph": "Gr,D,,,,,,,,,"
      },
      {
        "text": "οἶδα",
        "tag": "w",
        "type": "word",
        "lemma": "οἶδα",
        "strong": "G14920",
        "morph": "Gr,V,IEA1,,S,",
        "tw": "rc://*/tw/dict/bible/other/know"
      },
      {
        "type": "text",
        "text": ","
      },
      {
        "text": "ὁ",
        "tag": "w",
        "type": "word",
        "lemma": "ὁ",
        "strong": "G35880",
        "morph": "Gr,EA,,,,NMS,"
      },
      {
        "text": "Θεὸς",
        "tag": "w",
        "type": "word",
        "lemma": "θεός",
        "strong": "G23160",
        "morph": "Gr,N,,,,,NMS,",
        "tw": "rc://*/tw/dict/bible/kt/god"
      },
      {
        "text": "οἶδεν",
        "tag": "w",
        "type": "word",
        "lemma": "οἶδα",
        "strong": "G14920",
        "morph": "Gr,V,IEA3,,S,",
        "tw": "rc://*/tw/dict/bible/other/know"
      },
      {
        "type": "text",
        "text": "),"
      },
      {
        "text": "ἁρπαγέντα",
        "tag": "w",
        "type": "word",
        "lemma": "ἁρπάζω",
        "strong": "G07260",
        "morph": "Gr,V,PAP,AMS,",
        "tw": "rc://*/tw/dict/bible/other/caughtup"
      },
      {
        "text": "τὸν",
        "tag": "w",
        "type": "word",
        "lemma": "ὁ",
        "strong": "G35880",
        "morph": "Gr,EA,,,,AMS,"
      },
      {
        "text": "τοιοῦτον",
        "tag": "w",
        "type": "word",
        "lemma": "τοιοῦτος",
        "strong": "G51080",
        "morph": "Gr,RD,,,,AMS,"
      },
      {
        "text": "ἕως",
        "tag": "w",
        "type": "word",
        "lemma": "ἕως",
        "strong": "G21930",
        "morph": "Gr,PI,,,,G,,,"
      },
      {
        "text": "τρίτου",
        "tag": "w",
        "type": "word",
        "lemma": "τρίτος",
        "strong": "G51540",
        "morph": "Gr,EO,,,,GMS,"
      },
      {
        "text": "οὐρανοῦ",
        "tag": "w",
        "type": "word",
        "lemma": "οὐρανός",
        "strong": "G37720",
        "morph": "Gr,N,,,,,GMS,",
        "tw": "rc://*/tw/dict/bible/kt/heaven"
      },
      {
        "type": "text",
        "text": ".\n\n"
      }
    ]
  },
  "3": {
    "verseObjects": [
      {
        "text": "καὶ",
        "tag": "w",
        "type": "word",
        "lemma": "καί",
        "strong": "G25320",
        "morph": "Gr,CC,,,,,,,,"
      },
      {
        "text": "οἶδα",
        "tag": "w",
        "type": "word",
        "lemma": "οἶδα",
        "strong": "G14920",
        "morph": "Gr,V,IEA1,,S,",
        "tw": "rc://*/tw/dict/bible/other/know"
      },
      {
        "text": "τὸν",
        "tag": "w",
        "type": "word",
        "lemma": "ὁ",
        "strong": "G35880",
        "morph": "Gr,EA,,,,AMS,"
      },
      {
        "text": "τοιοῦτον",
        "tag": "w",
        "type": "word",
        "lemma": "τοιοῦτος",
        "strong": "G51080",
        "morph": "Gr,ED,,,,AMS,"
      },
      {
        "text": "ἄνθρωπον",
        "tag": "w",
        "type": "word",
        "lemma": "ἄνθρωπος",
        "strong": "G04440",
        "morph": "Gr,N,,,,,AMS,"
      },
      {
        "text": "εἴτε",
        "tag": "w",
        "type": "word",
        "lemma": "εἴτε",
        "strong": "G15350",
        "morph": "Gr,DO,,,,,,,,"
      },
      {
        "type": "text",
        "text": "("
      },
      {
        "text": "ἐν",
        "tag": "w",
        "type": "word",
        "lemma": "ἐν",
        "strong": "G17220",
        "morph": "Gr,P,,,,,D,,,"
      },
      {
        "text": "σώματι",
        "tag": "w",
        "type": "word",
        "lemma": "σῶμα",
        "strong": "G49830",
        "morph": "Gr,N,,,,,DNS,",
        "tw": "rc://*/tw/dict/bible/kt/body"
      },
      {
        "text": "εἴτε",
        "tag": "w",
        "type": "word",
        "lemma": "εἴτε",
        "strong": "G15350",
        "morph": "Gr,CO,,,,,,,,"
      },
      {
        "text": "χωρὶς",
        "tag": "w",
        "type": "word",
        "lemma": "χωρίς",
        "strong": "G55650",
        "morph": "Gr,PI,,,,G,,,"
      },
      {
        "text": "τοῦ",
        "tag": "w",
        "type": "word",
        "lemma": "ὁ",
        "strong": "G35880",
        "morph": "Gr,EA,,,,GNS,"
      },
      {
        "text": "σώματος",
        "tag": "w",
        "type": "word",
        "lemma": "σῶμα",
        "strong": "G49830",
        "morph": "Gr,N,,,,,GNS,",
        "tw": "rc://*/tw/dict/bible/kt/body"
      },
      {
        "text": "οὐκ",
        "tag": "w",
        "type": "word",
        "lemma": "οὐ",
        "strong": "G37560",
        "morph": "Gr,D,,,,,,,,,"
      },
      {
        "text": "οἶδα",
        "tag": "w",
        "type": "word",
        "lemma": "οἶδα",
        "strong": "G14920",
        "morph": "Gr,V,IEA1,,S,",
        "tw": "rc://*/tw/dict/bible/other/know"
      },
      {
        "type": "text",
        "text": ","
      },
      {
        "text": "ὁ",
        "tag": "w",
        "type": "word",
        "lemma": "ὁ",
        "strong": "G35880",
        "morph": "Gr,EA,,,,NMS,"
      },
      {
        "text": "Θεὸς",
        "tag": "w",
        "type": "word",
        "lemma": "θεός",
        "strong": "G23160",
        "morph": "Gr,N,,,,,NMS,",
        "tw": "rc://*/tw/dict/bible/kt/god"
      },
      {
        "text": "οἶδεν",
        "tag": "w",
        "type": "word",
        "lemma": "οἶδα",
        "strong": "G14920",
        "morph": "Gr,V,IEA3,,S,",
        "tw": "rc://*/tw/dict/bible/other/know"
      },
      {
        "type": "text",
        "text": "),\n\n"
      }
    ]
  },
  "4": {
    "verseObjects": [
      {
        "text": "ὅτι",
        "tag": "w",
        "type": "word",
        "lemma": "ὅτι",
        "strong": "G37540",
        "morph": "Gr,CS,,,,,,,,"
      },
      {
        "text": "ἡρπάγη",
        "tag": "w",
        "type": "word",
        "lemma": "ἁρπάζω",
        "strong": "G07260",
        "morph": "Gr,V,IAP3,,S,",
        "tw": "rc://*/tw/dict/bible/other/caughtup"
      },
      {
        "text": "εἰς",
        "tag": "w",
        "type": "word",
        "lemma": "εἰς",
        "strong": "G15190",
        "morph": "Gr,P,,,,,A,,,"
      },
      {
        "text": "τὸν",
        "tag": "w",
        "type": "word",
        "lemma": "ὁ",
        "strong": "G35880",
        "morph": "Gr,EA,,,,AMS,"
      },
      {
        "text": "Παράδεισον",
        "tag": "w",
        "type": "word",
        "lemma": "παράδεισος",
        "strong": "G38570",
        "morph": "Gr,N,,,,,AMS,"
      },
      {
        "type": "text",
        "text": ","
      },
      {
        "text": "καὶ",
        "tag": "w",
        "type": "word",
        "lemma": "καί",
        "strong": "G25320",
        "morph": "Gr,CC,,,,,,,,"
      },
      {
        "text": "ἤκουσεν",
        "tag": "w",
        "type": "word",
        "lemma": "ἀκούω",
        "strong": "G01910",
        "morph": "Gr,V,IAA3,,S,"
      },
      {
        "text": "ἄρρητα",
        "tag": "w",
        "type": "word",
        "lemma": "ἄρρητος",
        "strong": "G07310",
        "morph": "Gr,AA,,,,ANP,"
      },
      {
        "text": "ῥήματα",
        "tag": "w",
        "type": "word",
        "lemma": "ῥῆμα",
        "strong": "G44870",
        "morph": "Gr,N,,,,,ANP,",
        "tw": "rc://*/tw/dict/bible/other/word"
      },
      {
        "type": "text",
        "text": ","
      },
      {
        "text": "ἃ",
        "tag": "w",
        "type": "word",
        "lemma": "ὅς",
        "strong": "G37390",
        "morph": "Gr,RR,,,,ANP,"
      },
      {
        "text": "οὐκ",
        "tag": "w",
        "type": "word",
        "lemma": "οὐ",
        "strong": "G37560",
        "morph": "Gr,D,,,,,,,,,"
      },
      {
        "text": "ἐξὸν",
        "tag": "w",
        "type": "word",
        "lemma": "ἔξειμι",
        "strong": "G18260",
        "morph": "Gr,V,PPA,NNS,",
        "tw": "rc://*/tw/dict/bible/other/lawful"
      },
      {
        "text": "ἀνθρώπῳ",
        "tag": "w",
        "type": "word",
        "lemma": "ἄνθρωπος",
        "strong": "G04440",
        "morph": "Gr,N,,,,,DMS,"
      },
      {
        "text": "λαλῆσαι",
        "tag": "w",
        "type": "word",
        "lemma": "λαλέω",
        "strong": "G29800",
        "morph": "Gr,V,NAA,,,,,"
      },
      {
        "type": "text",
        "text": ".\n\n"
      }
    ]
  },
  "5": {
    "verseObjects": [
      {
        "text": "ὑπὲρ",
        "tag": "w",
        "type": "word",
        "lemma": "ὑπέρ",
        "strong": "G52280",
        "morph": "Gr,P,,,,,G,,,"
      },
      {
        "text": "τοῦ",
        "tag": "w",
        "type": "word",
        "lemma": "ὁ",
        "strong": "G35880",
        "morph": "Gr,EA,,,,GMS,"
      },
      {
        "text": "τοιούτου",
        "tag": "w",
        "type": "word",
        "lemma": "τοιοῦτος",
        "strong": "G51080",
        "morph": "Gr,RD,,,,GMS,"
      },
      {
        "type": "text",
        "text": ","
      },
      {
        "text": "καυχήσομαι",
        "tag": "w",
        "type": "word",
        "lemma": "καυχάομαι",
        "strong": "G27440",
        "morph": "Gr,V,IFM1,,S,",
        "tw": "rc://*/tw/dict/bible/kt/boast"
      },
      {
        "type": "text",
        "text": ","
      },
      {
        "text": "ὑπὲρ",
        "tag": "w",
        "type": "word",
        "lemma": "ὑπέρ",
        "strong": "G52280",
        "morph": "Gr,P,,,,,G,,,"
      },
      {
        "text": "δὲ",
        "tag": "w",
        "type": "word",
        "lemma": "δέ",
        "strong": "G11610",
        "morph": "Gr,CC,,,,,,,,"
      },
      {
        "text": "ἐμαυτοῦ",
        "tag": "w",
        "type": "word",
        "lemma": "ἐμαυτοῦ",
        "strong": "G16830",
        "morph": "Gr,RE,,,1GMS,"
      },
      {
        "type": "text",
        "text": ","
      },
      {
        "text": "οὐ",
        "tag": "w",
        "type": "word",
        "lemma": "οὐ",
        "strong": "G37560",
        "morph": "Gr,D,,,,,,,,,"
      },
      {
        "text": "καυχήσομαι",
        "tag": "w",
        "type": "word",
        "lemma": "καυχάομαι",
        "strong": "G27440",
        "morph": "Gr,V,IFM1,,S,",
        "tw": "rc://*/tw/dict/bible/kt/boast"
      },
      {
        "type": "text",
        "text": ","
      },
      {
        "text": "εἰ",
        "tag": "w",
        "type": "word",
        "lemma": "εἰ",
        "strong": "G14870",
        "morph": "Gr,PI,,,,,,,,"
      },
      {
        "text": "μὴ",
        "tag": "w",
        "type": "word",
        "lemma": "μή",
        "strong": "G33610",
        "morph": "Gr,D,,,,,,,,,"
      },
      {
        "text": "ἐν",
        "tag": "w",
        "type": "word",
        "lemma": "ἐν",
        "strong": "G17220",
        "morph": "Gr,P,,,,,D,,,"
      },
      {
        "text": "ταῖς",
        "tag": "w",
        "type": "word",
        "lemma": "ὁ",
        "strong": "G35880",
        "morph": "Gr,EP,,,,DFP,"
      },
      {
        "text": "ἀσθενείαις",
        "tag": "w",
        "type": "word",
        "lemma": "ἀσθένεια",
        "strong": "G07690",
        "morph": "Gr,N,,,,,DFP,"
      },
      {
        "type": "text",
        "text": ".\n\n"
      }
    ]
  },
  "6": {
    "verseObjects": [
      {
        "text": "ἐὰν",
        "tag": "w",
        "type": "word",
        "lemma": "ἐάν",
        "strong": "G14370",
        "morph": "Gr,CS,,,,,,,,"
      },
      {
        "text": "γὰρ",
        "tag": "w",
        "type": "word",
        "lemma": "γάρ",
        "strong": "G10630",
        "morph": "Gr,CC,,,,,,,,"
      },
      {
        "text": "θελήσω",
        "tag": "w",
        "type": "word",
        "lemma": "θέλω",
        "strong": "G23090",
        "morph": "Gr,V,SAA1,,S,"
      },
      {
        "text": "καυχήσασθαι",
        "tag": "w",
        "type": "word",
        "lemma": "καυχάομαι",
        "strong": "G27440",
        "morph": "Gr,V,NAM,,,,,",
        "tw": "rc://*/tw/dict/bible/kt/boast"
      },
      {
        "type": "text",
        "text": ","
      },
      {
        "text": "οὐκ",
        "tag": "w",
        "type": "word",
        "lemma": "οὐ",
        "strong": "G37560",
        "morph": "Gr,D,,,,,,,,,"
      },
      {
        "text": "ἔσομαι",
        "tag": "w",
        "type": "word",
        "lemma": "εἰμί",
        "strong": "G15100",
        "morph": "Gr,V,IFM1,,S,"
      },
      {
        "text": "ἄφρων",
        "tag": "w",
        "type": "word",
        "lemma": "ἄφρων",
        "strong": "G08780",
        "morph": "Gr,NP,,,,NMS,",
        "tw": "rc://*/tw/dict/bible/kt/foolish"
      },
      {
        "type": "text",
        "text": ","
      },
      {
        "text": "ἀλήθειαν",
        "tag": "w",
        "type": "word",
        "lemma": "ἀλήθεια",
        "strong": "G02250",
        "morph": "Gr,N,,,,,AFS,",
        "tw": "rc://*/tw/dict/bible/kt/true"
      },
      {
        "text": "γὰρ",
        "tag": "w",
        "type": "word",
        "lemma": "γάρ",
        "strong": "G10630",
        "morph": "Gr,CC,,,,,,,,"
      },
      {
        "text": "ἐρῶ",
        "tag": "w",
        "type": "word",
        "lemma": "λέγω",
        "strong": "G30040",
        "morph": "Gr,V,IFA1,,S,"
      },
      {
        "type": "text",
        "text": ";"
      },
      {
        "text": "φείδομαι",
        "tag": "w",
        "type": "word",
        "lemma": "φείδομαι",
        "strong": "G53390",
        "morph": "Gr,V,IPM1,,S,"
      },
      {
        "text": "δέ",
        "tag": "w",
        "type": "word",
        "lemma": "δέ",
        "strong": "G11610",
        "morph": "Gr,CC,,,,,,,,"
      },
      {
        "type": "text",
        "text": ","
      },
      {
        "text": "μή",
        "tag": "w",
        "type": "word",
        "lemma": "μή",
        "strong": "G33610",
        "morph": "Gr,CS,,,,,,,,"
      },
      {
        "text": "τις",
        "tag": "w",
        "type": "word",
        "lemma": "τις",
        "strong": "G51000",
        "morph": "Gr,RI,,,,NMS,"
      },
      {
        "text": "εἰς",
        "tag": "w",
        "type": "word",
        "lemma": "εἰς",
        "strong": "G15190",
        "morph": "Gr,P,,,,,A,,,"
      },
      {
        "text": "ἐμὲ",
        "tag": "w",
        "type": "word",
        "lemma": "ἐγώ",
        "strong": "G14730",
        "morph": "Gr,RP,,,1A,S,"
      },
      {
        "text": "λογίσηται",
        "tag": "w",
        "type": "word",
        "lemma": "λογίζομαι",
        "strong": "G30490",
        "morph": "Gr,V,SAM3,,S,"
      },
      {
        "text": "ὑπὲρ",
        "tag": "w",
        "type": "word",
        "lemma": "ὑπέρ",
        "strong": "G52280",
        "morph": "Gr,P,,,,,A,,,"
      },
      {
        "text": "ὃ",
        "tag": "w",
        "type": "word",
        "lemma": "ὅς",
        "strong": "G37390",
        "morph": "Gr,RR,,,,ANS,"
      },
      {
        "text": "βλέπει",
        "tag": "w",
        "type": "word",
        "lemma": "βλέπω",
        "strong": "G09910",
        "morph": "Gr,V,IPA3,,S,"
      },
      {
        "text": "με",
        "tag": "w",
        "type": "word",
        "lemma": "ἐγώ",
        "strong": "G14730",
        "morph": "Gr,RP,,,1A,S,"
      },
      {
        "type": "text",
        "text": ","
      },
      {
        "text": "ἢ",
        "tag": "w",
        "type": "word",
        "lemma": "ἤ",
        "strong": "G22280",
        "morph": "Gr,CC,,,,,,,,"
      },
      {
        "text": "ἀκούει",
        "tag": "w",
        "type": "word",
        "lemma": "ἀκούω",
        "strong": "G01910",
        "morph": "Gr,V,IPA3,,S,"
      },
      {
        "text": "ἐξ",
        "tag": "w",
        "type": "word",
        "lemma": "ἐκ",
        "strong": "G15370",
        "morph": "Gr,P,,,,,G,,,"
      },
      {
        "text": "ἐμοῦ",
        "tag": "w",
        "type": "word",
        "lemma": "ἐγώ",
        "strong": "G14730",
        "morph": "Gr,RP,,,1G,S,"
      },
      {
        "type": "text",
        "text": ".\n\n"
      }
    ]
  },
  "7": {
    "verseObjects": [
      {
        "text": "καὶ",
        "tag": "w",
        "type": "word",
        "lemma": "καί",
        "strong": "G25320",
        "morph": "Gr,CC,,,,,,,,"
      },
      {
        "text": "τῇ",
        "tag": "w",
        "type": "word",
        "lemma": "ὁ",
        "strong": "G35880",
        "morph": "Gr,EA,,,,DFS,"
      },
      {
        "text": "ὑπερβολῇ",
        "tag": "w",
        "type": "word",
        "lemma": "ὑπερβολή",
        "strong": "G52360",
        "morph": "Gr,N,,,,,DFS,"
      },
      {
        "text": "τῶν",
        "tag": "w",
        "type": "word",
        "lemma": "ὁ",
        "strong": "G35880",
        "morph": "Gr,EA,,,,GFP,"
      },
      {
        "text": "ἀποκαλύψεων",
        "tag": "w",
        "type": "word",
        "lemma": "ἀποκάλυψις",
        "strong": "G06020",
        "morph": "Gr,N,,,,,GFP,",
        "tw": "rc://*/tw/dict/bible/kt/reveal"
      },
      {
        "type": "text",
        "text": ","
      },
      {
        "text": "διὸ",
        "tag": "w",
        "type": "word",
        "lemma": "διό",
        "strong": "G13520",
        "morph": "Gr,CC,,,,,,,,"
      },
      {
        "text": "ἵνα",
        "tag": "w",
        "type": "word",
        "lemma": "ἵνα",
        "strong": "G24430",
        "morph": "Gr,CS,,,,,,,,"
      },
      {
        "text": "μὴ",
        "tag": "w",
        "type": "word",
        "lemma": "μή",
        "strong": "G33610",
        "morph": "Gr,D,,,,,,,,,"
      },
      {
        "text": "ὑπεραίρωμαι",
        "tag": "w",
        "type": "word",
        "lemma": "ὑπεραίρω",
        "strong": "G52290",
        "morph": "Gr,V,SPP1,,S,",
        "tw": "rc://*/tw/dict/bible/other/puffed-up"
      },
      {
        "type": "text",
        "text": ","
      },
      {
        "text": "ἐδόθη",
        "tag": "w",
        "type": "word",
        "lemma": "δίδωμι",
        "strong": "G13250",
        "morph": "Gr,V,IAP3,,S,"
      },
      {
        "text": "μοι",
        "tag": "w",
        "type": "word",
        "lemma": "ἐγώ",
        "strong": "G14730",
        "morph": "Gr,RP,,,1D,S,"
      },
      {
        "text": "σκόλοψ",
        "tag": "w",
        "type": "word",
        "lemma": "σκόλοψ",
        "strong": "G46470",
        "morph": "Gr,N,,,,,NMS,",
        "tw": "rc://*/tw/dict/bible/other/thorn"
      },
      {
        "text": "τῇ",
        "tag": "w",
        "type": "word",
        "lemma": "ὁ",
        "strong": "G35880",
        "morph": "Gr,EP,,,,DFS,"
      },
      {
        "text": "σαρκί",
        "tag": "w",
        "type": "word",
        "lemma": "σάρξ",
        "strong": "G45610",
        "morph": "Gr,N,,,,,DFS,",
        "tw": "rc://*/tw/dict/bible/kt/flesh"
      },
      {
        "type": "text",
        "text": ","
      },
      {
        "text": "ἄγγελος",
        "tag": "w",
        "type": "word",
        "lemma": "ἄγγελος",
        "strong": "G00320",
        "morph": "Gr,N,,,,,NMS,",
        "tw": "rc://*/tw/dict/bible/other/messenger"
      },
      {
        "text": "Σατανᾶ",
        "tag": "w",
        "type": "word",
        "lemma": "Σατανᾶς",
        "strong": "G45660",
        "morph": "Gr,N,,,,,GMS,",
        "tw": "rc://*/tw/dict/bible/kt/satan"
      },
      {
        "type": "text",
        "text": ","
      },
      {
        "text": "ἵνα",
        "tag": "w",
        "type": "word",
        "lemma": "ἵνα",
        "strong": "G24430",
        "morph": "Gr,CS,,,,,,,,"
      },
      {
        "text": "με",
        "tag": "w",
        "type": "word",
        "lemma": "ἐγώ",
        "strong": "G14730",
        "morph": "Gr,RP,,,1A,S,"
      },
      {
        "text": "κολαφίζῃ",
        "tag": "w",
        "type": "word",
        "lemma": "κολαφίζω",
        "strong": "G28520",
        "morph": "Gr,V,SPA3,,S,",
        "tw": "rc://*/tw/dict/bible/other/torment"
      },
      {
        "type": "text",
        "text": ","
      },
      {
        "text": "ἵνα",
        "tag": "w",
        "type": "word",
        "lemma": "ἵνα",
        "strong": "G24430",
        "morph": "Gr,CS,,,,,,,,"
      },
      {
        "text": "μὴ",
        "tag": "w",
        "type": "word",
        "lemma": "μή",
        "strong": "G33610",
        "morph": "Gr,D,,,,,,,,,"
      },
      {
        "text": "ὑπεραίρωμαι",
        "tag": "w",
        "type": "word",
        "lemma": "ὑπεραίρω",
        "strong": "G52290",
        "morph": "Gr,V,SPP1,,S,",
        "tw": "rc://*/tw/dict/bible/other/puffed-up"
      },
      {
        "type": "text",
        "text": ".\n\n"
      }
    ]
  },
  "8": {
    "verseObjects": [
      {
        "text": "ὑπὲρ",
        "tag": "w",
        "type": "word",
        "lemma": "ὑπέρ",
        "strong": "G52280",
        "morph": "Gr,P,,,,,G,,,"
      },
      {
        "text": "τούτου",
        "tag": "w",
        "type": "word",
        "lemma": "οὗτος",
        "strong": "G37780",
        "morph": "Gr,RD,,,,GMS,"
      },
      {
        "text": "τρὶς",
        "tag": "w",
        "type": "word",
        "lemma": "τρίς",
        "strong": "G51510",
        "morph": "Gr,D,,,,,,,,,"
      },
      {
        "text": "τὸν",
        "tag": "w",
        "type": "word",
        "lemma": "ὁ",
        "strong": "G35880",
        "morph": "Gr,EA,,,,AMS,"
      },
      {
        "text": "Κύριον",
        "tag": "w",
        "type": "word",
        "lemma": "κύριος",
        "strong": "G29620",
        "morph": "Gr,N,,,,,AMS,",
        "tw": "rc://*/tw/dict/bible/kt/lord"
      },
      {
        "text": "παρεκάλεσα",
        "tag": "w",
        "type": "word",
        "lemma": "παρακαλέω",
        "strong": "G38700",
        "morph": "Gr,V,IAA1,,S,",
        "tw": "rc://*/tw/dict/bible/kt/exhort"
      },
      {
        "type": "text",
        "text": ","
      },
      {
        "text": "ἵνα",
        "tag": "w",
        "type": "word",
        "lemma": "ἵνα",
        "strong": "G24430",
        "morph": "Gr,CS,,,,,,,,"
      },
      {
        "text": "ἀποστῇ",
        "tag": "w",
        "type": "word",
        "lemma": "ἀφίστημι",
        "strong": "G08680",
        "morph": "Gr,V,SAA3,,S,"
      },
      {
        "text": "ἀπ’",
        "tag": "w",
        "type": "word",
        "lemma": "ἀπό",
        "strong": "G05750",
        "morph": "Gr,P,,,,,G,,,"
      },
      {
        "text": "ἐμοῦ",
        "tag": "w",
        "type": "word",
        "lemma": "ἐγώ",
        "strong": "G14730",
        "morph": "Gr,RP,,,1G,S,"
      },
      {
        "type": "text",
        "text": ".\n\n"
      }
    ]
  },
  "9": {
    "verseObjects": [
      {
        "text": "καὶ",
        "tag": "w",
        "type": "word",
        "lemma": "καί",
        "strong": "G25320",
        "morph": "Gr,CC,,,,,,,,"
      },
      {
        "text": "εἴρηκέν",
        "tag": "w",
        "type": "word",
        "lemma": "λέγω",
        "strong": "G30040",
        "morph": "Gr,V,IEA3,,S,"
      },
      {
        "text": "μοι",
        "tag": "w",
        "type": "word",
        "lemma": "ἐγώ",
        "strong": "G14730",
        "morph": "Gr,RP,,,1D,S,"
      },
      {
        "type": "text",
        "text": ",\n“"
      },
      {
        "text": "ἀρκεῖ",
        "tag": "w",
        "type": "word",
        "lemma": "ἀρκέω",
        "strong": "G07140",
        "morph": "Gr,V,IPA3,,S,"
      },
      {
        "text": "σοι",
        "tag": "w",
        "type": "word",
        "lemma": "σύ",
        "strong": "G47710",
        "morph": "Gr,RP,,,2D,S,"
      },
      {
        "text": "ἡ",
        "tag": "w",
        "type": "word",
        "lemma": "ὁ",
        "strong": "G35880",
        "morph": "Gr,EA,,,,NFS,"
      },
      {
        "text": "χάρις",
        "tag": "w",
        "type": "word",
        "lemma": "χάρις",
        "strong": "G54850",
        "morph": "Gr,N,,,,,NFS,",
        "tw": "rc://*/tw/dict/bible/kt/grace"
      },
      {
        "text": "μου",
        "tag": "w",
        "type": "word",
        "lemma": "ἐγώ",
        "strong": "G14730",
        "morph": "Gr,RP,,,1G,S,"
      },
      {
        "type": "text",
        "text": ","
      },
      {
        "text": "ἡ",
        "tag": "w",
        "type": "word",
        "lemma": "ὁ",
        "strong": "G35880",
        "morph": "Gr,EA,,,,NFS,"
      },
      {
        "text": "γὰρ",
        "tag": "w",
        "type": "word",
        "lemma": "γάρ",
        "strong": "G10630",
        "morph": "Gr,CC,,,,,,,,"
      },
      {
        "text": "δύναμις",
        "tag": "w",
        "type": "word",
        "lemma": "δύναμις",
        "strong": "G14110",
        "morph": "Gr,N,,,,,NFS,",
        "tw": "rc://*/tw/dict/bible/kt/power"
      },
      {
        "text": "ἐν",
        "tag": "w",
        "type": "word",
        "lemma": "ἐν",
        "strong": "G17220",
        "morph": "Gr,P,,,,,D,,,"
      },
      {
        "text": "ἀσθενείᾳ",
        "tag": "w",
        "type": "word",
        "lemma": "ἀσθένεια",
        "strong": "G07690",
        "morph": "Gr,N,,,,,DFS,"
      },
      {
        "text": "τελεῖται",
        "tag": "w",
        "type": "word",
        "lemma": "τελέω",
        "strong": "G50550",
        "morph": "Gr,V,IPP3,,S,"
      },
      {
        "type": "text",
        "text": ".”"
      },
      {
        "text": "ἥδιστα",
        "tag": "w",
        "type": "word",
        "lemma": "ἥδιστα",
        "strong": "G22360",
        "morph": "Gr,D,,,,,,,,S"
      },
      {
        "text": "οὖν",
        "tag": "w",
        "type": "word",
        "lemma": "οὖν",
        "strong": "G37670",
        "morph": "Gr,CC,,,,,,,,"
      },
      {
        "text": "μᾶλλον",
        "tag": "w",
        "type": "word",
        "lemma": "μᾶλλον",
        "strong": "G31230",
        "morph": "Gr,D,,,,,,,,,"
      },
      {
        "text": "καυχήσομαι",
        "tag": "w",
        "type": "word",
        "lemma": "καυχάομαι",
        "strong": "G27440",
        "morph": "Gr,V,IFM1,,S,",
        "tw": "rc://*/tw/dict/bible/kt/boast"
      },
      {
        "text": "ἐν",
        "tag": "w",
        "type": "word",
        "lemma": "ἐν",
        "strong": "G17220",
        "morph": "Gr,P,,,,,D,,,"
      },
      {
        "text": "ταῖς",
        "tag": "w",
        "type": "word",
        "lemma": "ὁ",
        "strong": "G35880",
        "morph": "Gr,EA,,,,DFP,"
      },
      {
        "text": "ἀσθενείαις",
        "tag": "w",
        "type": "word",
        "lemma": "ἀσθένεια",
        "strong": "G07690",
        "morph": "Gr,N,,,,,DFP,"
      },
      {
        "text": "μου",
        "tag": "w",
        "type": "word",
        "lemma": "ἐγώ",
        "strong": "G14730",
        "morph": "Gr,RP,,,1G,S,"
      },
      {
        "type": "text",
        "text": ","
      },
      {
        "text": "ἵνα",
        "tag": "w",
        "type": "word",
        "lemma": "ἵνα",
        "strong": "G24430",
        "morph": "Gr,CS,,,,,,,,"
      },
      {
        "text": "ἐπισκηνώσῃ",
        "tag": "w",
        "type": "word",
        "lemma": "ἐπισκηνόω",
        "strong": "G19810",
        "morph": "Gr,V,SAA3,,S,"
      },
      {
        "text": "ἐπ’",
        "tag": "w",
        "type": "word",
        "lemma": "ἐπί",
        "strong": "G19090",
        "morph": "Gr,P,,,,,A,,,"
      },
      {
        "text": "ἐμὲ",
        "tag": "w",
        "type": "word",
        "lemma": "ἐγώ",
        "strong": "G14730",
        "morph": "Gr,RP,,,1A,S,"
      },
      {
        "text": "ἡ",
        "tag": "w",
        "type": "word",
        "lemma": "ὁ",
        "strong": "G35880",
        "morph": "Gr,EA,,,,NFS,"
      },
      {
        "text": "δύναμις",
        "tag": "w",
        "type": "word",
        "lemma": "δύναμις",
        "strong": "G14110",
        "morph": "Gr,N,,,,,NFS,",
        "tw": "rc://*/tw/dict/bible/kt/power"
      },
      {
        "text": "τοῦ",
        "tag": "w",
        "type": "word",
        "lemma": "ὁ",
        "strong": "G35880",
        "morph": "Gr,EA,,,,GMS,"
      },
      {
        "text": "Χριστοῦ",
        "tag": "w",
        "type": "word",
        "lemma": "χριστός",
        "strong": "G55470",
        "morph": "Gr,N,,,,,GMS,",
        "tw": "rc://*/tw/dict/bible/kt/christ"
      },
      {
        "type": "text",
        "text": ".\n\n"
      }
    ]
  },
  "10": {
    "verseObjects": [
      {
        "text": "διὸ",
        "tag": "w",
        "type": "word",
        "lemma": "διό",
        "strong": "G13520",
        "morph": "Gr,CC,,,,,,,,"
      },
      {
        "text": "εὐδοκῶ",
        "tag": "w",
        "type": "word",
        "lemma": "εὐδοκέω",
        "strong": "G21060",
        "morph": "Gr,V,IPA1,,S,",
        "tw": "rc://*/tw/dict/bible/other/delight"
      },
      {
        "text": "ἐν",
        "tag": "w",
        "type": "word",
        "lemma": "ἐν",
        "strong": "G17220",
        "morph": "Gr,P,,,,,D,,,"
      },
      {
        "text": "ἀσθενείαις",
        "tag": "w",
        "type": "word",
        "lemma": "ἀσθένεια",
        "strong": "G07690",
        "morph": "Gr,N,,,,,DFP,"
      },
      {
        "type": "text",
        "text": ","
      },
      {
        "text": "ἐν",
        "tag": "w",
        "type": "word",
        "lemma": "ἐν",
        "strong": "G17220",
        "morph": "Gr,P,,,,,D,,,"
      },
      {
        "text": "ὕβρεσιν",
        "tag": "w",
        "type": "word",
        "lemma": "ὕβρις",
        "strong": "G51960",
        "morph": "Gr,N,,,,,DFP,"
      },
      {
        "type": "text",
        "text": ","
      },
      {
        "text": "ἐν",
        "tag": "w",
        "type": "word",
        "lemma": "ἐν",
        "strong": "G17220",
        "morph": "Gr,P,,,,,D,,,"
      },
      {
        "text": "ἀνάγκαις",
        "tag": "w",
        "type": "word",
        "lemma": "ἀνάγκη",
        "strong": "G03180",
        "morph": "Gr,N,,,,,DFP,"
      },
      {
        "type": "text",
        "text": ","
      },
      {
        "text": "ἐν",
        "tag": "w",
        "type": "word",
        "lemma": "ἐν",
        "strong": "G17220",
        "morph": "Gr,P,,,,,D,,,"
      },
      {
        "text": "διωγμοῖς",
        "tag": "w",
        "type": "word",
        "lemma": "διωγμός",
        "strong": "G13750",
        "morph": "Gr,N,,,,,DMP,",
        "tw": "rc://*/tw/dict/bible/other/persecute"
      },
      {
        "type": "text",
        "text": ","
      },
      {
        "text": "καὶ",
        "tag": "w",
        "type": "word",
        "lemma": "καί",
        "strong": "G25320",
        "morph": "Gr,CC,,,,,,,,"
      },
      {
        "text": "στενοχωρίαις",
        "tag": "w",
        "type": "word",
        "lemma": "στενοχωρία",
        "strong": "G47300",
        "morph": "Gr,N,,,,,DFP,"
      },
      {
        "type": "text",
        "text": ","
      },
      {
        "text": "ὑπὲρ",
        "tag": "w",
        "type": "word",
        "lemma": "ὑπέρ",
        "strong": "G52280",
        "morph": "Gr,P,,,,,G,,,"
      },
      {
        "text": "Χριστοῦ",
        "tag": "w",
        "type": "word",
        "lemma": "χριστός",
        "strong": "G55470",
        "morph": "Gr,N,,,,,GMS,",
        "tw": "rc://*/tw/dict/bible/kt/christ"
      },
      {
        "type": "text",
        "text": ";"
      },
      {
        "text": "ὅταν",
        "tag": "w",
        "type": "word",
        "lemma": "ὅταν",
        "strong": "G37520",
        "morph": "Gr,CS,,,,,,,,"
      },
      {
        "text": "γὰρ",
        "tag": "w",
        "type": "word",
        "lemma": "γάρ",
        "strong": "G10630",
        "morph": "Gr,CC,,,,,,,,"
      },
      {
        "text": "ἀσθενῶ",
        "tag": "w",
        "type": "word",
        "lemma": "ἀσθενέω",
        "strong": "G07700",
        "morph": "Gr,V,SPA1,,S,"
      },
      {
        "type": "text",
        "text": ","
      },
      {
        "text": "τότε",
        "tag": "w",
        "type": "word",
        "lemma": "τότε",
        "strong": "G51190",
        "morph": "Gr,D,,,,,,,,,"
      },
      {
        "text": "δυνατός",
        "tag": "w",
        "type": "word",
        "lemma": "δυνατός",
        "strong": "G14150",
        "morph": "Gr,NP,,,,NMS,",
        "tw": "rc://*/tw/dict/bible/kt/power"
      },
      {
        "text": "εἰμι",
        "tag": "w",
        "type": "word",
        "lemma": "εἰμί",
        "strong": "G15100",
        "morph": "Gr,V,IPA1,,S,"
      },
      {
        "type": "text",
        "text": ".\n\n"
      }
    ]
  },
  "11": {
    "verseObjects": [
      {
        "type": "text",
        "text": "\n"
      },
      {
        "tag": "p",
        "type": "paragraph",
        "text": "\n"
      },
      {
        "text": "γέγονα",
        "tag": "w",
        "type": "word",
        "lemma": "γίνομαι",
        "strong": "G10960",
        "morph": "Gr,V,IEA1,,S,"
      },
      {
        "text": "ἄφρων",
        "tag": "w",
        "type": "word",
        "lemma": "ἄφρων",
        "strong": "G08780",
        "morph": "Gr,NP,,,,NMS,",
        "tw": "rc://*/tw/dict/bible/kt/foolish"
      },
      {
        "type": "text",
        "text": ";"
      },
      {
        "text": "ὑμεῖς",
        "tag": "w",
        "type": "word",
        "lemma": "σύ",
        "strong": "G47710",
        "morph": "Gr,RP,,,2N,P,"
      },
      {
        "text": "με",
        "tag": "w",
        "type": "word",
        "lemma": "ἐγώ",
        "strong": "G14730",
        "morph": "Gr,RP,,,1A,S,"
      },
      {
        "text": "ἠναγκάσατε",
        "tag": "w",
        "type": "word",
        "lemma": "ἀναγκάζω",
        "strong": "G03150",
        "morph": "Gr,V,IAA2,,P,"
      },
      {
        "type": "text",
        "text": "."
      },
      {
        "text": "ἐγὼ",
        "tag": "w",
        "type": "word",
        "lemma": "ἐγώ",
        "strong": "G14730",
        "morph": "Gr,RP,,,1N,S,"
      },
      {
        "text": "γὰρ",
        "tag": "w",
        "type": "word",
        "lemma": "γάρ",
        "strong": "G10630",
        "morph": "Gr,CC,,,,,,,,"
      },
      {
        "text": "ὤφειλον",
        "tag": "w",
        "type": "word",
        "lemma": "ὀφείλω",
        "strong": "G37840",
        "morph": "Gr,V,IIA1,,S,"
      },
      {
        "text": "ὑφ’",
        "tag": "w",
        "type": "word",
        "lemma": "ὑπό",
        "strong": "G52590",
        "morph": "Gr,P,,,,,G,,,"
      },
      {
        "text": "ὑμῶν",
        "tag": "w",
        "type": "word",
        "lemma": "σύ",
        "strong": "G47710",
        "morph": "Gr,RP,,,2G,P,"
      },
      {
        "text": "συνίστασθαι",
        "tag": "w",
        "type": "word",
        "lemma": "συνίστημι",
        "strong": "G49210",
        "morph": "Gr,V,NPP,,,,,"
      },
      {
        "type": "text",
        "text": "."
      },
      {
        "text": "οὐδὲν",
        "tag": "w",
        "type": "word",
        "lemma": "οὐδείς",
        "strong": "G37620",
        "morph": "Gr,RI,,,,ANS,"
      },
      {
        "text": "γὰρ",
        "tag": "w",
        "type": "word",
        "lemma": "γάρ",
        "strong": "G10630",
        "morph": "Gr,CC,,,,,,,,"
      },
      {
        "text": "ὑστέρησα",
        "tag": "w",
        "type": "word",
        "lemma": "ὑστερέω",
        "strong": "G53020",
        "morph": "Gr,V,IAA1,,S,"
      },
      {
        "text": "τῶν",
        "tag": "w",
        "type": "word",
        "lemma": "ὁ",
        "strong": "G35880",
        "morph": "Gr,EA,,,,GMP,"
      },
      {
        "text": "ὑπέρ",
        "tag": "w",
        "type": "word",
        "lemma": "ὑπέρ",
        "strong": "G52280",
        "morph": "Gr,P,,,,,G,,,"
      },
      {
        "text": "λίαν",
        "tag": "w",
        "type": "word",
        "lemma": "λίαν",
        "strong": "G30290",
        "morph": "Gr,D,,,,,,,,,"
      },
      {
        "text": "ἀποστόλων",
        "tag": "w",
        "type": "word",
        "lemma": "ἀπόστολος",
        "strong": "G06520",
        "morph": "Gr,N,,,,,GMP,",
        "tw": "rc://*/tw/dict/bible/kt/apostle"
      },
      {
        "type": "text",
        "text": ","
      },
      {
        "text": "εἰ",
        "tag": "w",
        "type": "word",
        "lemma": "εἰ",
        "strong": "G14870",
        "morph": "Gr,CS,,,,,,,,"
      },
      {
        "text": "καὶ",
        "tag": "w",
        "type": "word",
        "lemma": "καί",
        "strong": "G25320",
        "morph": "Gr,D,,,,,,,,,"
      },
      {
        "text": "οὐδέν",
        "tag": "w",
        "type": "word",
        "lemma": "οὐδείς",
        "strong": "G37620",
        "morph": "Gr,RI,,,,NNS,"
      },
      {
        "text": "εἰμι",
        "tag": "w",
        "type": "word",
        "lemma": "εἰμί",
        "strong": "G15100",
        "morph": "Gr,V,IPA1,,S,"
      },
      {
        "type": "text",
        "text": ".\n\n"
      }
    ]
  },
  "12": {
    "verseObjects": [
      {
        "text": "τὰ",
        "tag": "w",
        "type": "word",
        "lemma": "ὁ",
        "strong": "G35880",
        "morph": "Gr,EA,,,,NNP,"
      },
      {
        "text": "μὲν",
        "tag": "w",
        "type": "word",
        "lemma": "μέν",
        "strong": "G33030",
        "morph": "Gr,T,,,,,,,,,",
        "tw": "rc://*/tw/dict/bible/kt/true"
      },
      {
        "text": "σημεῖα",
        "tag": "w",
        "type": "word",
        "lemma": "σημεῖον",
        "strong": "G45920",
        "morph": "Gr,N,,,,,NNP,",
        "tw": "rc://*/tw/dict/bible/kt/sign"
      },
      {
        "text": "τοῦ",
        "tag": "w",
        "type": "word",
        "lemma": "ὁ",
        "strong": "G35880",
        "morph": "Gr,EA,,,,GMS,"
      },
      {
        "text": "ἀποστόλου",
        "tag": "w",
        "type": "word",
        "lemma": "ἀπόστολος",
        "strong": "G06520",
        "morph": "Gr,N,,,,,GMS,",
        "tw": "rc://*/tw/dict/bible/kt/apostle"
      },
      {
        "text": "κατειργάσθη",
        "tag": "w",
        "type": "word",
        "lemma": "κατεργάζομαι",
        "strong": "G27160",
        "morph": "Gr,V,IAP3,,S,"
      },
      {
        "text": "ἐν",
        "tag": "w",
        "type": "word",
        "lemma": "ἐν",
        "strong": "G17220",
        "morph": "Gr,P,,,,,D,,,"
      },
      {
        "text": "ὑμῖν",
        "tag": "w",
        "type": "word",
        "lemma": "σύ",
        "strong": "G47710",
        "morph": "Gr,RP,,,2D,P,"
      },
      {
        "text": "ἐν",
        "tag": "w",
        "type": "word",
        "lemma": "ἐν",
        "strong": "G17220",
        "morph": "Gr,P,,,,,D,,,"
      },
      {
        "text": "πάσῃ",
        "tag": "w",
        "type": "word",
        "lemma": "πᾶς",
        "strong": "G39560",
        "morph": "Gr,EQ,,,,DFS,"
      },
      {
        "text": "ὑπομονῇ",
        "tag": "w",
        "type": "word",
        "lemma": "ὑπομονή",
        "strong": "G52810",
        "morph": "Gr,N,,,,,DFS,",
        "tw": "rc://*/tw/dict/bible/other/endure"
      },
      {
        "type": "text",
        "text": "–"
      },
      {
        "text": "σημείοις",
        "tag": "w",
        "type": "word",
        "lemma": "σημεῖον",
        "strong": "G45920",
        "morph": "Gr,N,,,,,DNP,",
        "tw": "rc://*/tw/dict/bible/kt/sign"
      },
      {
        "text": "τε",
        "tag": "w",
        "type": "word",
        "lemma": "τέ",
        "strong": "G50370",
        "morph": "Gr,CC,,,,,,,,"
      },
      {
        "type": "text",
        "text": ","
      },
      {
        "text": "καὶ",
        "tag": "w",
        "type": "word",
        "lemma": "καί",
        "strong": "G25320",
        "morph": "Gr,CC,,,,,,,,"
      },
      {
        "text": "τέρασιν",
        "tag": "w",
        "type": "word",
        "lemma": "τέρας",
        "strong": "G50590",
        "morph": "Gr,N,,,,,DNP,",
        "tw": "rc://*/tw/dict/bible/other/amazed"
      },
      {
        "type": "text",
        "text": ","
      },
      {
        "text": "καὶ",
        "tag": "w",
        "type": "word",
        "lemma": "καί",
        "strong": "G25320",
        "morph": "Gr,CC,,,,,,,,"
      },
      {
        "text": "δυνάμεσιν",
        "tag": "w",
        "type": "word",
        "lemma": "δύναμις",
        "strong": "G14110",
        "morph": "Gr,N,,,,,DFP,",
        "tw": "rc://*/tw/dict/bible/kt/miracle"
      },
      {
        "type": "text",
        "text": ".\n\n"
      }
    ]
  },
  "13": {
    "verseObjects": [
      {
        "text": "τί",
        "tag": "w",
        "type": "word",
        "lemma": "τίς",
        "strong": "G51010",
        "morph": "Gr,RT,,,,NNS,"
      },
      {
        "text": "γάρ",
        "tag": "w",
        "type": "word",
        "lemma": "γάρ",
        "strong": "G10630",
        "morph": "Gr,CC,,,,,,,,"
      },
      {
        "text": "ἐστιν",
        "tag": "w",
        "type": "word",
        "lemma": "εἰμί",
        "strong": "G15100",
        "morph": "Gr,V,IPA3,,S,"
      },
      {
        "text": "ὃ",
        "tag": "w",
        "type": "word",
        "lemma": "ὅς",
        "strong": "G37390",
        "morph": "Gr,RD,,,,ANS,"
      },
      {
        "text": "ἡσσώθητε",
        "tag": "w",
        "type": "word",
        "lemma": "ἡσσάω",
        "strong": "G22740",
        "morph": "Gr,V,IAP2,,P,"
      },
      {
        "text": "ὑπὲρ",
        "tag": "w",
        "type": "word",
        "lemma": "ὑπέρ",
        "strong": "G52280",
        "morph": "Gr,P,,,,,A,,,"
      },
      {
        "text": "τὰς",
        "tag": "w",
        "type": "word",
        "lemma": "ὁ",
        "strong": "G35880",
        "morph": "Gr,EA,,,,AFP,"
      },
      {
        "text": "λοιπὰς",
        "tag": "w",
        "type": "word",
        "lemma": "λοιπός",
        "strong": "G30620",
        "morph": "Gr,EQ,,,,AFP,"
      },
      {
        "text": "ἐκκλησίας",
        "tag": "w",
        "type": "word",
        "lemma": "ἐκκλησία",
        "strong": "G15770",
        "morph": "Gr,N,,,,,AFP,",
        "tw": "rc://*/tw/dict/bible/kt/church"
      },
      {
        "type": "text",
        "text": ","
      },
      {
        "text": "εἰ",
        "tag": "w",
        "type": "word",
        "lemma": "εἰ",
        "strong": "G14870",
        "morph": "Gr,PI,,,,,,,,"
      },
      {
        "text": "μὴ",
        "tag": "w",
        "type": "word",
        "lemma": "μή",
        "strong": "G33610",
        "morph": "Gr,D,,,,,,,,,"
      },
      {
        "text": "ὅτι",
        "tag": "w",
        "type": "word",
        "lemma": "ὅτι",
        "strong": "G37540",
        "morph": "Gr,CS,,,,,,,,"
      },
      {
        "text": "αὐτὸς",
        "tag": "w",
        "type": "word",
        "lemma": "αὐτός",
        "strong": "G08460",
        "morph": "Gr,RE,,,1NMS,"
      },
      {
        "text": "ἐγὼ",
        "tag": "w",
        "type": "word",
        "lemma": "ἐγώ",
        "strong": "G14730",
        "morph": "Gr,RP,,,1N,S,"
      },
      {
        "text": "οὐ",
        "tag": "w",
        "type": "word",
        "lemma": "οὐ",
        "strong": "G37560",
        "morph": "Gr,D,,,,,,,,,"
      },
      {
        "text": "κατενάρκησα",
        "tag": "w",
        "type": "word",
        "lemma": "καταναρκάω",
        "strong": "G26550",
        "morph": "Gr,V,IAA1,,S,",
        "tw": "rc://*/tw/dict/bible/other/burden"
      },
      {
        "text": "ὑμῶν",
        "tag": "w",
        "type": "word",
        "lemma": "σύ",
        "strong": "G47710",
        "morph": "Gr,RP,,,2G,P,"
      },
      {
        "type": "text",
        "text": "?"
      },
      {
        "text": "χαρίσασθέ",
        "tag": "w",
        "type": "word",
        "lemma": "χαρίζομαι",
        "strong": "G54830",
        "morph": "Gr,V,MAM2,,P,",
        "tw": "rc://*/tw/dict/bible/kt/forgive"
      },
      {
        "text": "μοι",
        "tag": "w",
        "type": "word",
        "lemma": "ἐγώ",
        "strong": "G14730",
        "morph": "Gr,RP,,,1D,S,"
      },
      {
        "text": "τὴν",
        "tag": "w",
        "type": "word",
        "lemma": "ὁ",
        "strong": "G35880",
        "morph": "Gr,EA,,,,AFS,"
      },
      {
        "text": "ἀδικίαν",
        "tag": "w",
        "type": "word",
        "lemma": "ἀδικία",
        "strong": "G00930",
        "morph": "Gr,N,,,,,AFS,",
        "tw": "rc://*/tw/dict/bible/other/wrong"
      },
      {
        "text": "ταύτην",
        "tag": "w",
        "type": "word",
        "lemma": "οὗτος",
        "strong": "G37780",
        "morph": "Gr,ED,,,,AFS,"
      },
      {
        "type": "text",
        "text": "!\n\n"
      }
    ]
  },
  "14": {
    "verseObjects": [
      {
        "type": "text",
        "text": "\n"
      },
      {
        "tag": "p",
        "type": "paragraph",
        "text": "\n"
      },
      {
        "text": "ἰδοὺ",
        "tag": "w",
        "type": "word",
        "lemma": "ὁράω",
        "strong": "G37080",
        "morph": "Gr,IDMAA2,,S,"
      },
      {
        "type": "text",
        "text": ","
      },
      {
        "text": "τρίτον",
        "tag": "w",
        "type": "word",
        "lemma": "τρίτος",
        "strong": "G51540",
        "morph": "Gr,NS,,,,ANS,"
      },
      {
        "text": "τοῦτο",
        "tag": "w",
        "type": "word",
        "lemma": "οὗτος",
        "strong": "G37780",
        "morph": "Gr,ED,,,,ANS,"
      },
      {
        "text": "ἑτοίμως",
        "tag": "w",
        "type": "word",
        "lemma": "ἑτοίμως",
        "strong": "G20930",
        "morph": "Gr,D,,,,,,,,,"
      },
      {
        "text": "ἔχω",
        "tag": "w",
        "type": "word",
        "lemma": "ἔχω",
        "strong": "G21920",
        "morph": "Gr,V,IPA1,,S,"
      },
      {
        "text": "ἐλθεῖν",
        "tag": "w",
        "type": "word",
        "lemma": "ἔρχομαι",
        "strong": "G20640",
        "morph": "Gr,V,NAA,,,,,"
      },
      {
        "text": "πρὸς",
        "tag": "w",
        "type": "word",
        "lemma": "πρός",
        "strong": "G43140",
        "morph": "Gr,P,,,,,A,,,"
      },
      {
        "text": "ὑμᾶς",
        "tag": "w",
        "type": "word",
        "lemma": "σύ",
        "strong": "G47710",
        "morph": "Gr,RP,,,2A,P,"
      },
      {
        "type": "text",
        "text": ","
      },
      {
        "text": "καὶ",
        "tag": "w",
        "type": "word",
        "lemma": "καί",
        "strong": "G25320",
        "morph": "Gr,CC,,,,,,,,"
      },
      {
        "text": "οὐ",
        "tag": "w",
        "type": "word",
        "lemma": "οὐ",
        "strong": "G37560",
        "morph": "Gr,D,,,,,,,,,"
      },
      {
        "text": "καταναρκήσω",
        "tag": "w",
        "type": "word",
        "lemma": "καταναρκάω",
        "strong": "G26550",
        "morph": "Gr,V,IFA1,,S,",
        "tw": "rc://*/tw/dict/bible/other/burden"
      },
      {
        "type": "text",
        "text": ";"
      },
      {
        "text": "οὐ",
        "tag": "w",
        "type": "word",
        "lemma": "οὐ",
        "strong": "G37560",
        "morph": "Gr,DO,,,,,,,,"
      },
      {
        "text": "γὰρ",
        "tag": "w",
        "type": "word",
        "lemma": "γάρ",
        "strong": "G10630",
        "morph": "Gr,CC,,,,,,,,"
      },
      {
        "text": "ζητῶ",
        "tag": "w",
        "type": "word",
        "lemma": "ζητέω",
        "strong": "G22120",
        "morph": "Gr,V,IPA1,,S,",
        "tw": "rc://*/tw/dict/bible/other/seek"
      },
      {
        "text": "τὰ",
        "tag": "w",
        "type": "word",
        "lemma": "ὁ",
        "strong": "G35880",
        "morph": "Gr,RR,,,,ANP,"
      },
      {
        "text": "ὑμῶν",
        "tag": "w",
        "type": "word",
        "lemma": "σύ",
        "strong": "G47710",
        "morph": "Gr,RP,,,2G,P,"
      },
      {
        "type": "text",
        "text": ","
      },
      {
        "text": "ἀλλὰ",
        "tag": "w",
        "type": "word",
        "lemma": "ἀλλά",
        "strong": "G02350",
        "morph": "Gr,CO,,,,,,,,"
      },
      {
        "text": "ὑμᾶς",
        "tag": "w",
        "type": "word",
        "lemma": "σύ",
        "strong": "G47710",
        "morph": "Gr,RP,,,2A,P,"
      },
      {
        "type": "text",
        "text": ";"
      },
      {
        "text": "οὐ",
        "tag": "w",
        "type": "word",
        "lemma": "οὐ",
        "strong": "G37560",
        "morph": "Gr,DO,,,,,,,,"
      },
      {
        "text": "γὰρ",
        "tag": "w",
        "type": "word",
        "lemma": "γάρ",
        "strong": "G10630",
        "morph": "Gr,CC,,,,,,,,"
      },
      {
        "text": "ὀφείλει",
        "tag": "w",
        "type": "word",
        "lemma": "ὀφείλω",
        "strong": "G37840",
        "morph": "Gr,V,IPA3,,S,"
      },
      {
        "text": "τὰ",
        "tag": "w",
        "type": "word",
        "lemma": "ὁ",
        "strong": "G35880",
        "morph": "Gr,EA,,,,NNP,"
      },
      {
        "text": "τέκνα",
        "tag": "w",
        "type": "word",
        "lemma": "τέκνον",
        "strong": "G50430",
        "morph": "Gr,N,,,,,NNP,",
        "tw": "rc://*/tw/dict/bible/kt/children"
      },
      {
        "text": "τοῖς",
        "tag": "w",
        "type": "word",
        "lemma": "ὁ",
        "strong": "G35880",
        "morph": "Gr,EA,,,,DMP,"
      },
      {
        "text": "γονεῦσιν",
        "tag": "w",
        "type": "word",
        "lemma": "γονεύς",
        "strong": "G11180",
        "morph": "Gr,N,,,,,DMP,"
      },
      {
        "text": "θησαυρίζειν",
        "tag": "w",
        "type": "word",
        "lemma": "θησαυρίζω",
        "strong": "G23430",
        "morph": "Gr,V,NPA,,,,,"
      },
      {
        "type": "text",
        "text": ","
      },
      {
        "text": "ἀλλὰ",
        "tag": "w",
        "type": "word",
        "lemma": "ἀλλά",
        "strong": "G02350",
        "morph": "Gr,CO,,,,,,,,"
      },
      {
        "text": "οἱ",
        "tag": "w",
        "type": "word",
        "lemma": "ὁ",
        "strong": "G35880",
        "morph": "Gr,EA,,,,NMP,"
      },
      {
        "text": "γονεῖς",
        "tag": "w",
        "type": "word",
        "lemma": "γονεύς",
        "strong": "G11180",
        "morph": "Gr,N,,,,,NMP,"
      },
      {
        "text": "τοῖς",
        "tag": "w",
        "type": "word",
        "lemma": "ὁ",
        "strong": "G35880",
        "morph": "Gr,EA,,,,DNP,"
      },
      {
        "text": "τέκνοις",
        "tag": "w",
        "type": "word",
        "lemma": "τέκνον",
        "strong": "G50430",
        "morph": "Gr,N,,,,,DNP,",
        "tw": "rc://*/tw/dict/bible/kt/children"
      },
      {
        "type": "text",
        "text": ".\n\n"
      }
    ]
  },
  "15": {
    "verseObjects": [
      {
        "text": "ἐγὼ",
        "tag": "w",
        "type": "word",
        "lemma": "ἐγώ",
        "strong": "G14730",
        "morph": "Gr,RP,,,1N,S,"
      },
      {
        "text": "δὲ",
        "tag": "w",
        "type": "word",
        "lemma": "δέ",
        "strong": "G11610",
        "morph": "Gr,CC,,,,,,,,"
      },
      {
        "text": "ἥδιστα",
        "tag": "w",
        "type": "word",
        "lemma": "ἥδιστα",
        "strong": "G22360",
        "morph": "Gr,D,,,,,,,,S"
      },
      {
        "text": "δαπανήσω",
        "tag": "w",
        "type": "word",
        "lemma": "δαπανάω",
        "strong": "G11590",
        "morph": "Gr,V,IFA1,,S,"
      },
      {
        "text": "καὶ",
        "tag": "w",
        "type": "word",
        "lemma": "καί",
        "strong": "G25320",
        "morph": "Gr,CC,,,,,,,,"
      },
      {
        "text": "ἐκδαπανηθήσομαι",
        "tag": "w",
        "type": "word",
        "lemma": "ἐκδαπανάω",
        "strong": "G15500",
        "morph": "Gr,V,IFP1,,S,"
      },
      {
        "text": "ὑπὲρ",
        "tag": "w",
        "type": "word",
        "lemma": "ὑπέρ",
        "strong": "G52280",
        "morph": "Gr,P,,,,,G,,,"
      },
      {
        "text": "τῶν",
        "tag": "w",
        "type": "word",
        "lemma": "ὁ",
        "strong": "G35880",
        "morph": "Gr,EA,,,,GFP,"
      },
      {
        "text": "ψυχῶν",
        "tag": "w",
        "type": "word",
        "lemma": "ψυχή",
        "strong": "G55900",
        "morph": "Gr,N,,,,,GFP,",
        "tw": "rc://*/tw/dict/bible/kt/soul"
      },
      {
        "text": "ὑμῶν",
        "tag": "w",
        "type": "word",
        "lemma": "σύ",
        "strong": "G47710",
        "morph": "Gr,RP,,,2G,P,"
      },
      {
        "type": "text",
        "text": "."
      },
      {
        "text": "εἰ",
        "tag": "w",
        "type": "word",
        "lemma": "εἰ",
        "strong": "G14870",
        "morph": "Gr,CS,,,,,,,,"
      },
      {
        "text": "περισσοτέρως",
        "tag": "w",
        "type": "word",
        "lemma": "περισσοτέρως",
        "strong": "G40560",
        "morph": "Gr,D,,,,,,,,C"
      },
      {
        "text": "ὑμᾶς",
        "tag": "w",
        "type": "word",
        "lemma": "σύ",
        "strong": "G47710",
        "morph": "Gr,RP,,,2A,P,"
      },
      {
        "text": "ἀγαπῶν",
        "tag": "w",
        "type": "word",
        "lemma": "ἀγαπάω",
        "strong": "G00250",
        "morph": "Gr,V,PPA,NMS,",
        "tw": "rc://*/tw/dict/bible/kt/love"
      },
      {
        "type": "text",
        "text": ","
      },
      {
        "text": "ἧσσον",
        "tag": "w",
        "type": "word",
        "lemma": "ἥσσον",
        "strong": "G22755",
        "morph": "Gr,D,,,,,,,,C"
      },
      {
        "text": "ἀγαπῶμαι",
        "tag": "w",
        "type": "word",
        "lemma": "ἀγαπάω",
        "strong": "G00250",
        "morph": "Gr,V,IPP1,,S,",
        "tw": "rc://*/tw/dict/bible/kt/love"
      },
      {
        "type": "text",
        "text": "?\n\n"
      }
    ]
  },
  "16": {
    "verseObjects": [
      {
        "text": "ἔστω",
        "tag": "w",
        "type": "word",
        "lemma": "εἰμί",
        "strong": "G15100",
        "morph": "Gr,V,MPA3,,S,"
      },
      {
        "text": "δέ",
        "tag": "w",
        "type": "word",
        "lemma": "δέ",
        "strong": "G11610",
        "morph": "Gr,CC,,,,,,,,"
      },
      {
        "type": "text",
        "text": ","
      },
      {
        "text": "ἐγὼ",
        "tag": "w",
        "type": "word",
        "lemma": "ἐγώ",
        "strong": "G14730",
        "morph": "Gr,RP,,,1N,S,"
      },
      {
        "text": "οὐ",
        "tag": "w",
        "type": "word",
        "lemma": "οὐ",
        "strong": "G37560",
        "morph": "Gr,D,,,,,,,,,"
      },
      {
        "text": "κατεβάρησα",
        "tag": "w",
        "type": "word",
        "lemma": "καταβαρέω",
        "strong": "G25990",
        "morph": "Gr,V,IAA1,,S,",
        "tw": "rc://*/tw/dict/bible/other/burden"
      },
      {
        "text": "ὑμᾶς",
        "tag": "w",
        "type": "word",
        "lemma": "σύ",
        "strong": "G47710",
        "morph": "Gr,RP,,,2A,P,"
      },
      {
        "type": "text",
        "text": ";"
      },
      {
        "text": "ἀλλὰ",
        "tag": "w",
        "type": "word",
        "lemma": "ἀλλά",
        "strong": "G02350",
        "morph": "Gr,CC,,,,,,,,"
      },
      {
        "text": "ὑπάρχων",
        "tag": "w",
        "type": "word",
        "lemma": "ὑπάρχω",
        "strong": "G52250",
        "morph": "Gr,V,PPA,NMS,"
      },
      {
        "text": "πανοῦργος",
        "tag": "w",
        "type": "word",
        "lemma": "πανοῦργος",
        "strong": "G38350",
        "morph": "Gr,NP,,,,NMS,"
      },
      {
        "text": "δόλῳ",
        "tag": "w",
        "type": "word",
        "lemma": "δόλος",
        "strong": "G13880",
        "morph": "Gr,N,,,,,DMS,",
        "tw": "rc://*/tw/dict/bible/other/deceive"
      },
      {
        "type": "text",
        "text": ","
      },
      {
        "text": "ὑμᾶς",
        "tag": "w",
        "type": "word",
        "lemma": "σύ",
        "strong": "G47710",
        "morph": "Gr,RP,,,2A,P,"
      },
      {
        "text": "ἔλαβον",
        "tag": "w",
        "type": "word",
        "lemma": "λαμβάνω",
        "strong": "G29830",
        "morph": "Gr,V,IAA1,,S,"
      },
      {
        "type": "text",
        "text": ".\n\n"
      }
    ]
  },
  "17": {
    "verseObjects": [
      {
        "text": "μή",
        "tag": "w",
        "type": "word",
        "lemma": "μή",
        "strong": "G33610",
        "morph": "Gr,T,,,,,,,,,"
      },
      {
        "text": "τινα",
        "tag": "w",
        "type": "word",
        "lemma": "τις",
        "strong": "G51000",
        "morph": "Gr,RI,,,,AMS,"
      },
      {
        "text": "ὧν",
        "tag": "w",
        "type": "word",
        "lemma": "ὅς",
        "strong": "G37390",
        "morph": "Gr,RR,,,,GMP,"
      },
      {
        "text": "ἀπέσταλκα",
        "tag": "w",
        "type": "word",
        "lemma": "ἀποστέλλω",
        "strong": "G06490",
        "morph": "Gr,V,IEA1,,S,",
        "tw": "rc://*/tw/dict/bible/other/send"
      },
      {
        "text": "πρὸς",
        "tag": "w",
        "type": "word",
        "lemma": "πρός",
        "strong": "G43140",
        "morph": "Gr,P,,,,,A,,,"
      },
      {
        "text": "ὑμᾶς",
        "tag": "w",
        "type": "word",
        "lemma": "σύ",
        "strong": "G47710",
        "morph": "Gr,RP,,,2A,P,"
      },
      {
        "type": "text",
        "text": ","
      },
      {
        "text": "δι’",
        "tag": "w",
        "type": "word",
        "lemma": "διά",
        "strong": "G12230",
        "morph": "Gr,P,,,,,G,,,"
      },
      {
        "text": "αὐτοῦ",
        "tag": "w",
        "type": "word",
        "lemma": "αὐτός",
        "strong": "G08460",
        "morph": "Gr,RP,,,3GMS,"
      },
      {
        "text": "ἐπλεονέκτησα",
        "tag": "w",
        "type": "word",
        "lemma": "πλεονεκτέω",
        "strong": "G41220",
        "morph": "Gr,V,IAA1,,S,"
      },
      {
        "text": "ὑμᾶς",
        "tag": "w",
        "type": "word",
        "lemma": "σύ",
        "strong": "G47710",
        "morph": "Gr,RP,,,2A,P,"
      },
      {
        "type": "text",
        "text": "?\n\n"
      }
    ]
  },
  "18": {
    "verseObjects": [
      {
        "text": "παρεκάλεσα",
        "tag": "w",
        "type": "word",
        "lemma": "παρακαλέω",
        "strong": "G38700",
        "morph": "Gr,V,IAA1,,S,",
        "tw": "rc://*/tw/dict/bible/kt/exhort"
      },
      {
        "text": "Τίτον",
        "tag": "w",
        "type": "word",
        "lemma": "Τίτος",
        "strong": "G51030",
        "morph": "Gr,N,,,,,AMS,",
        "tw": "rc://*/tw/dict/bible/names/titus"
      },
      {
        "text": "καὶ",
        "tag": "w",
        "type": "word",
        "lemma": "καί",
        "strong": "G25320",
        "morph": "Gr,CC,,,,,,,,"
      },
      {
        "text": "συναπέστειλα",
        "tag": "w",
        "type": "word",
        "lemma": "συναποστέλλω",
        "strong": "G48820",
        "morph": "Gr,V,IAA1,,S,",
        "tw": "rc://*/tw/dict/bible/other/send"
      },
      {
        "text": "τὸν",
        "tag": "w",
        "type": "word",
        "lemma": "ὁ",
        "strong": "G35880",
        "morph": "Gr,EA,,,,AMS,"
      },
      {
        "text": "ἀδελφόν",
        "tag": "w",
        "type": "word",
        "lemma": "ἀδελφός",
        "strong": "G00800",
        "morph": "Gr,N,,,,,AMS,",
        "tw": "rc://*/tw/dict/bible/kt/brother"
      },
      {
        "type": "text",
        "text": "."
      },
      {
        "text": "μήτι",
        "tag": "w",
        "type": "word",
        "lemma": "μήτι",
        "strong": "G33850",
        "morph": "Gr,T,,,,,,,,,"
      },
      {
        "text": "ἐπλεονέκτησεν",
        "tag": "w",
        "type": "word",
        "lemma": "πλεονεκτέω",
        "strong": "G41220",
        "morph": "Gr,V,IAA3,,S,"
      },
      {
        "text": "ὑμᾶς",
        "tag": "w",
        "type": "word",
        "lemma": "σύ",
        "strong": "G47710",
        "morph": "Gr,RP,,,2A,P,"
      },
      {
        "text": "Τίτος",
        "tag": "w",
        "type": "word",
        "lemma": "Τίτος",
        "strong": "G51030",
        "morph": "Gr,N,,,,,NMS,",
        "tw": "rc://*/tw/dict/bible/names/titus"
      },
      {
        "type": "text",
        "text": "?"
      },
      {
        "text": "οὐ",
        "tag": "w",
        "type": "word",
        "lemma": "οὐ",
        "strong": "G37560",
        "morph": "Gr,T,,,,,,,,,"
      },
      {
        "text": "τῷ",
        "tag": "w",
        "type": "word",
        "lemma": "ὁ",
        "strong": "G35880",
        "morph": "Gr,EA,,,,DNS,"
      },
      {
        "text": "αὐτῷ",
        "tag": "w",
        "type": "word",
        "lemma": "αὐτός",
        "strong": "G08460",
        "morph": "Gr,EF,,,,DNS,"
      },
      {
        "text": "πνεύματι",
        "tag": "w",
        "type": "word",
        "lemma": "πνεῦμα",
        "strong": "G41510",
        "morph": "Gr,N,,,,,DNS,",
        "tw": "rc://*/tw/dict/bible/kt/holyspirit"
      },
      {
        "text": "περιεπατήσαμεν",
        "tag": "w",
        "type": "word",
        "lemma": "περιπατέω",
        "strong": "G40430",
        "morph": "Gr,V,IAA1,,P,",
        "tw": "rc://*/tw/dict/bible/other/walk"
      },
      {
        "text": "οὐ",
        "tag": "w",
        "type": "word",
        "lemma": "οὐ",
        "strong": "G37560",
        "morph": "Gr,T,,,,,,,,,"
      },
      {
        "text": "τοῖς",
        "tag": "w",
        "type": "word",
        "lemma": "ὁ",
        "strong": "G35880",
        "morph": "Gr,EA,,,,DNP,"
      },
      {
        "text": "αὐτοῖς",
        "tag": "w",
        "type": "word",
        "lemma": "αὐτός",
        "strong": "G08460",
        "morph": "Gr,EF,,,,DNP,"
      },
      {
        "text": "ἴχνεσιν",
        "tag": "w",
        "type": "word",
        "lemma": "ἴχνος",
        "strong": "G24870",
        "morph": "Gr,N,,,,,DNP,"
      },
      {
        "type": "text",
        "text": "?\n\n"
      }
    ]
  },
  "19": {
    "verseObjects": [
      {
        "type": "text",
        "text": "\n"
      },
      {
        "tag": "p",
        "type": "paragraph",
        "text": "\n"
      },
      {
        "text": "πάλαι",
        "tag": "w",
        "type": "word",
        "lemma": "πάλαι",
        "strong": "G38190",
        "morph": "Gr,D,,,,,,,,,"
      },
      {
        "text": "δοκεῖτε",
        "tag": "w",
        "type": "word",
        "lemma": "δοκέω",
        "strong": "G13800",
        "morph": "Gr,V,IPA2,,P,"
      },
      {
        "text": "ὅτι",
        "tag": "w",
        "type": "word",
        "lemma": "ὅτι",
        "strong": "G37540",
        "morph": "Gr,CS,,,,,,,,"
      },
      {
        "text": "ὑμῖν",
        "tag": "w",
        "type": "word",
        "lemma": "σύ",
        "strong": "G47710",
        "morph": "Gr,RP,,,2D,P,"
      },
      {
        "text": "ἀπολογούμεθα",
        "tag": "w",
        "type": "word",
        "lemma": "ἀπολογέομαι",
        "strong": "G06260",
        "morph": "Gr,V,IPM1,,P,"
      },
      {
        "type": "text",
        "text": "?"
      },
      {
        "text": "κατέναντι",
        "tag": "w",
        "type": "word",
        "lemma": "κατέναντι",
        "strong": "G27130",
        "morph": "Gr,PI,,,,G,,,"
      },
      {
        "text": "Θεοῦ",
        "tag": "w",
        "type": "word",
        "lemma": "θεός",
        "strong": "G23160",
        "morph": "Gr,N,,,,,GMS,",
        "tw": "rc://*/tw/dict/bible/kt/god"
      },
      {
        "tag": "k",
        "type": "milestone",
        "tw": "rc://*/tw/dict/bible/kt/inchrist",
        "children": [
          {
            "text": "ἐν",
            "tag": "w",
            "type": "word",
            "lemma": "ἐν",
            "strong": "G17220",
            "morph": "Gr,P,,,,,D,,,"
          },
          {
            "text": "Χριστῷ",
            "tag": "w",
            "type": "word",
            "lemma": "χριστός",
            "strong": "G55470",
            "morph": "Gr,N,,,,,DMS,",
            "tw": "rc://*/tw/dict/bible/kt/christ"
          }
        ]
      },
      {
        "text": "λαλοῦμεν",
        "tag": "w",
        "type": "word",
        "lemma": "λαλέω",
        "strong": "G29800",
        "morph": "Gr,V,IPA1,,P,"
      },
      {
        "type": "text",
        "text": "."
      },
      {
        "text": "τὰ",
        "tag": "w",
        "type": "word",
        "lemma": "ὁ",
        "strong": "G35880",
        "morph": "Gr,RD,,,,NNP,"
      },
      {
        "text": "δὲ",
        "tag": "w",
        "type": "word",
        "lemma": "δέ",
        "strong": "G11610",
        "morph": "Gr,CC,,,,,,,,"
      },
      {
        "text": "πάντα",
        "tag": "w",
        "type": "word",
        "lemma": "πᾶς",
        "strong": "G39560",
        "morph": "Gr,EQ,,,,NNP,"
      },
      {
        "type": "text",
        "text": ","
      },
      {
        "text": "ἀγαπητοί",
        "tag": "w",
        "type": "word",
        "lemma": "ἀγαπητός",
        "strong": "G00270",
        "morph": "Gr,NS,,,,VMP,",
        "tw": "rc://*/tw/dict/bible/kt/beloved"
      },
      {
        "type": "text",
        "text": ","
      },
      {
        "text": "ὑπὲρ",
        "tag": "w",
        "type": "word",
        "lemma": "ὑπέρ",
        "strong": "G52280",
        "morph": "Gr,P,,,,,G,,,"
      },
      {
        "text": "τῆς",
        "tag": "w",
        "type": "word",
        "lemma": "ὁ",
        "strong": "G35880",
        "morph": "Gr,EA,,,,GFS,"
      },
      {
        "text": "ὑμῶν",
        "tag": "w",
        "type": "word",
        "lemma": "σύ",
        "strong": "G47710",
        "morph": "Gr,RP,,,2G,P,"
      },
      {
        "text": "οἰκοδομῆς",
        "tag": "w",
        "type": "word",
        "lemma": "οἰκοδομή",
        "strong": "G36190",
        "morph": "Gr,N,,,,,GFS,"
      },
      {
        "type": "text",
        "text": ".\n\n"
      }
    ]
  },
  "20": {
    "verseObjects": [
      {
        "text": "φοβοῦμαι",
        "tag": "w",
        "type": "word",
        "lemma": "φοβέω",
        "strong": "G53990",
        "morph": "Gr,V,IPM1,,S,",
        "tw": "rc://*/tw/dict/bible/kt/fear"
      },
      {
        "text": "γὰρ",
        "tag": "w",
        "type": "word",
        "lemma": "γάρ",
        "strong": "G10630",
        "morph": "Gr,CC,,,,,,,,"
      },
      {
        "type": "text",
        "text": ","
      },
      {
        "text": "μή",
        "tag": "w",
        "type": "word",
        "lemma": "μή",
        "strong": "G33610",
        "morph": "Gr,CS,,,,,,,,"
      },
      {
        "text": "πως",
        "tag": "w",
        "type": "word",
        "lemma": "πώς",
        "strong": "G44580",
        "morph": "Gr,D,,,,,,,,,"
      },
      {
        "text": "ἐλθὼν",
        "tag": "w",
        "type": "word",
        "lemma": "ἔρχομαι",
        "strong": "G20640",
        "morph": "Gr,V,PAA,NMS,"
      },
      {
        "text": "οὐχ",
        "tag": "w",
        "type": "word",
        "lemma": "οὐ",
        "strong": "G37560",
        "morph": "Gr,D,,,,,,,,,"
      },
      {
        "text": "οἵους",
        "tag": "w",
        "type": "word",
        "lemma": "οἷος",
        "strong": "G36340",
        "morph": "Gr,RR,,,,AMP,"
      },
      {
        "text": "θέλω",
        "tag": "w",
        "type": "word",
        "lemma": "θέλω",
        "strong": "G23090",
        "morph": "Gr,V,IPA1,,S,"
      },
      {
        "type": "text",
        "text": ","
      },
      {
        "text": "εὕρω",
        "tag": "w",
        "type": "word",
        "lemma": "εὑρίσκω",
        "strong": "G21470",
        "morph": "Gr,V,SAA1,,S,"
      },
      {
        "text": "ὑμᾶς",
        "tag": "w",
        "type": "word",
        "lemma": "σύ",
        "strong": "G47710",
        "morph": "Gr,RP,,,2A,P,"
      },
      {
        "type": "text",
        "text": ","
      },
      {
        "text": "κἀγὼ",
        "tag": "w",
        "type": "word",
        "lemma": "κἀγώ",
        "strong": "G25040",
        "morph": "Gr,RP,,,1N,S,"
      },
      {
        "text": "εὑρεθῶ",
        "tag": "w",
        "type": "word",
        "lemma": "εὑρίσκω",
        "strong": "G21470",
        "morph": "Gr,V,SAP1,,S,"
      },
      {
        "text": "ὑμῖν",
        "tag": "w",
        "type": "word",
        "lemma": "σύ",
        "strong": "G47710",
        "morph": "Gr,RP,,,2D,P,"
      },
      {
        "text": "οἷον",
        "tag": "w",
        "type": "word",
        "lemma": "οἷος",
        "strong": "G36340",
        "morph": "Gr,RR,,,,AMS,"
      },
      {
        "text": "οὐ",
        "tag": "w",
        "type": "word",
        "lemma": "οὐ",
        "strong": "G37560",
        "morph": "Gr,D,,,,,,,,,"
      },
      {
        "text": "θέλετε",
        "tag": "w",
        "type": "word",
        "lemma": "θέλω",
        "strong": "G23090",
        "morph": "Gr,V,IPA2,,P,"
      },
      {
        "type": "text",
        "text": ";"
      },
      {
        "text": "μή",
        "tag": "w",
        "type": "word",
        "lemma": "μή",
        "strong": "G33610",
        "morph": "Gr,CS,,,,,,,,"
      },
      {
        "text": "πως",
        "tag": "w",
        "type": "word",
        "lemma": "πώς",
        "strong": "G44580",
        "morph": "Gr,D,,,,,,,,,"
      },
      {
        "text": "ἔρις",
        "tag": "w",
        "type": "word",
        "lemma": "ἔρις",
        "strong": "G20540",
        "morph": "Gr,N,,,,,NFS,"
      },
      {
        "type": "text",
        "text": ","
      },
      {
        "text": "ζῆλος",
        "tag": "w",
        "type": "word",
        "lemma": "ζῆλος",
        "strong": "G22050",
        "morph": "Gr,N,,,,,NMS,",
        "tw": "rc://*/tw/dict/bible/kt/jealous"
      },
      {
        "type": "text",
        "text": ","
      },
      {
        "text": "θυμοί",
        "tag": "w",
        "type": "word",
        "lemma": "θυμός",
        "strong": "G23720",
        "morph": "Gr,N,,,,,NMP,",
        "tw": "rc://*/tw/dict/bible/other/angry"
      },
      {
        "type": "text",
        "text": ","
      },
      {
        "text": "ἐριθεῖαι",
        "tag": "w",
        "type": "word",
        "lemma": "ἐριθεία",
        "strong": "G20520",
        "morph": "Gr,N,,,,,NFP,",
        "tw": "rc://*/tw/dict/bible/other/slander"
      },
      {
        "type": "text",
        "text": ","
      },
      {
        "text": "καταλαλιαί",
        "tag": "w",
        "type": "word",
        "lemma": "καταλαλιά",
        "strong": "G26360",
        "morph": "Gr,N,,,,,NFP,",
        "tw": "rc://*/tw/dict/bible/other/gossip"
      },
      {
        "type": "text",
        "text": ","
      },
      {
        "text": "ψιθυρισμοί",
        "tag": "w",
        "type": "word",
        "lemma": "ψιθυρισμός",
        "strong": "G55870",
        "morph": "Gr,N,,,,,NMP,"
      },
      {
        "type": "text",
        "text": ","
      },
      {
        "text": "φυσιώσεις",
        "tag": "w",
        "type": "word",
        "lemma": "φυσίωσις",
        "strong": "G54500",
        "morph": "Gr,N,,,,,NFP,",
        "tw": "rc://*/tw/dict/bible/other/proud"
      },
      {
        "type": "text",
        "text": ","
      },
      {
        "text": "ἀκαταστασίαι",
        "tag": "w",
        "type": "word",
        "lemma": "ἀκαταστασία",
        "strong": "G01810",
        "morph": "Gr,N,,,,,NFP,"
      },
      {
        "type": "text",
        "text": ";\n\n"
      }
    ]
  },
  "21": {
    "verseObjects": [
      {
        "text": "μὴ",
        "tag": "w",
        "type": "word",
        "lemma": "μή",
        "strong": "G33610",
        "morph": "Gr,CS,,,,,,,,"
      },
      {
        "text": "πάλιν",
        "tag": "w",
        "type": "word",
        "lemma": "πάλιν",
        "strong": "G38250",
        "morph": "Gr,D,,,,,,,,,"
      },
      {
        "text": "ἐλθόντος",
        "tag": "w",
        "type": "word",
        "lemma": "ἔρχομαι",
        "strong": "G20640",
        "morph": "Gr,V,PAA,GMS,"
      },
      {
        "text": "μου",
        "tag": "w",
        "type": "word",
        "lemma": "ἐγώ",
        "strong": "G14730",
        "morph": "Gr,RP,,,1G,S,"
      },
      {
        "type": "text",
        "text": ","
      },
      {
        "text": "ταπεινώσῃ",
        "tag": "w",
        "type": "word",
        "lemma": "ταπεινόω",
        "strong": "G50130",
        "morph": "Gr,V,SAA3,,S,",
        "tw": "rc://*/tw/dict/bible/kt/humble"
      },
      {
        "text": "με",
        "tag": "w",
        "type": "word",
        "lemma": "ἐγώ",
        "strong": "G14730",
        "morph": "Gr,RP,,,1A,S,"
      },
      {
        "text": "ὁ",
        "tag": "w",
        "type": "word",
        "lemma": "ὁ",
        "strong": "G35880",
        "morph": "Gr,EA,,,,NMS,"
      },
      {
        "text": "Θεός",
        "tag": "w",
        "type": "word",
        "lemma": "θεός",
        "strong": "G23160",
        "morph": "Gr,N,,,,,NMS,",
        "tw": "rc://*/tw/dict/bible/kt/god"
      },
      {
        "text": "μου",
        "tag": "w",
        "type": "word",
        "lemma": "ἐγώ",
        "strong": "G14730",
        "morph": "Gr,RP,,,1G,S,"
      },
      {
        "text": "πρὸς",
        "tag": "w",
        "type": "word",
        "lemma": "πρός",
        "strong": "G43140",
        "morph": "Gr,P,,,,,A,,,"
      },
      {
        "text": "ὑμᾶς",
        "tag": "w",
        "type": "word",
        "lemma": "σύ",
        "strong": "G47710",
        "morph": "Gr,RP,,,2A,P,"
      },
      {
        "type": "text",
        "text": ","
      },
      {
        "text": "καὶ",
        "tag": "w",
        "type": "word",
        "lemma": "καί",
        "strong": "G25320",
        "morph": "Gr,CC,,,,,,,,"
      },
      {
        "text": "πενθήσω",
        "tag": "w",
        "type": "word",
        "lemma": "πενθέω",
        "strong": "G39960",
        "morph": "Gr,V,SAA1,,S,",
        "tw": "rc://*/tw/dict/bible/other/mourn"
      },
      {
        "text": "πολλοὺς",
        "tag": "w",
        "type": "word",
        "lemma": "πολλός",
        "strong": "G41830",
        "morph": "Gr,RI,,,,AMP,"
      },
      {
        "text": "τῶν",
        "tag": "w",
        "type": "word",
        "lemma": "ὁ",
        "strong": "G35880",
        "morph": "Gr,RD,,,,GMP,"
      },
      {
        "text": "προημαρτηκότων",
        "tag": "w",
        "type": "word",
        "lemma": "προαμαρτάνω",
        "strong": "G42580",
        "morph": "Gr,V,PEA,GMP,",
        "tw": "rc://*/tw/dict/bible/kt/sin"
      },
      {
        "type": "text",
        "text": ","
      },
      {
        "text": "καὶ",
        "tag": "w",
        "type": "word",
        "lemma": "καί",
        "strong": "G25320",
        "morph": "Gr,CC,,,,,,,,"
      },
      {
        "text": "μὴ",
        "tag": "w",
        "type": "word",
        "lemma": "μή",
        "strong": "G33610",
        "morph": "Gr,D,,,,,,,,,"
      },
      {
        "text": "μετανοησάντων",
        "tag": "w",
        "type": "word",
        "lemma": "μετανοέω",
        "strong": "G33400",
        "morph": "Gr,V,PAA,GMP,",
        "tw": "rc://*/tw/dict/bible/kt/repent"
      },
      {
        "text": "ἐπὶ",
        "tag": "w",
        "type": "word",
        "lemma": "ἐπί",
        "strong": "G19090",
        "morph": "Gr,P,,,,,D,,,"
      },
      {
        "text": "τῇ",
        "tag": "w",
        "type": "word",
        "lemma": "ὁ",
        "strong": "G35880",
        "morph": "Gr,EA,,,,DFS,"
      },
      {
        "text": "ἀκαθαρσίᾳ",
        "tag": "w",
        "type": "word",
        "lemma": "ἀκαθαρσία",
        "strong": "G01670",
        "morph": "Gr,N,,,,,DFS,"
      },
      {
        "type": "text",
        "text": ","
      },
      {
        "text": "καὶ",
        "tag": "w",
        "type": "word",
        "lemma": "καί",
        "strong": "G25320",
        "morph": "Gr,CC,,,,,,,,"
      },
      {
        "text": "πορνείᾳ",
        "tag": "w",
        "type": "word",
        "lemma": "πορνεία",
        "strong": "G42020",
        "morph": "Gr,N,,,,,DFS,",
        "tw": "rc://*/tw/dict/bible/other/fornication"
      },
      {
        "type": "text",
        "text": ","
      },
      {
        "text": "καὶ",
        "tag": "w",
        "type": "word",
        "lemma": "καί",
        "strong": "G25320",
        "morph": "Gr,CC,,,,,,,,"
      },
      {
        "text": "ἀσελγείᾳ",
        "tag": "w",
        "type": "word",
        "lemma": "ἀσέλγεια",
        "strong": "G07660",
        "morph": "Gr,N,,,,,DFS,"
      },
      {
        "type": "text",
        "text": ","
      },
      {
        "text": "ᾗ",
        "tag": "w",
        "type": "word",
        "lemma": "ὅς",
        "strong": "G37390",
        "morph": "Gr,RD,,,,DFS,"
      },
      {
        "text": "ἔπραξαν",
        "tag": "w",
        "type": "word",
        "lemma": "πράσσω",
        "strong": "G42380",
        "morph": "Gr,V,IAA3,,P,"
      },
      {
        "type": "text",
        "text": ".\n\n"
      }
    ]
  },
  "front": {
    "verseObjects": [
      {
        "tag": "p",
        "type": "paragraph",
        "text": "\n"
      },
      {
        "type": "text",
        "text": "\n"
      }
    ]
  }
}