{
  "1": {
    "verseObjects": [
      {
        "type": "text",
        "text": "तब सब इस्राएली दाऊद के पास हेब्रोन में इकट्ठे होकर कहने लगे, “सुन, हम लोग और तू एक ही हड्डी और माँस हैं।\n"
      }
    ]
  },
  "2": {
    "verseObjects": [
      {
        "type": "text",
        "text": "पिछले दिनों में जब शाऊल राजा था, तब भी इस्राएलियों का अगुआ तू ही था, और तेरे परमेश्‍वर यहोवा ने तुझ से कहा, ‘मेरी प्रजा इस्राएल का चरवाहा, और मेरी प्रजा इस्राएल का प्रधान, तू ही होगा’।” (मत्ती 2:6, भज. 78:71)\n"
      }
    ]
  },
  "3": {
    "verseObjects": [
      {
        "type": "text",
        "text": "इसलिए सब इस्राएली पुरनिये हेब्रोन में राजा के पास आए, और दाऊद ने उनके साथ हेब्रोन में यहोवा के सामने वाचा बाँधी; और उन्होंने यहोवा के वचन के अनुसार, जो उसने शमूएल से कहा था, इस्राएल का राजा होने के लिये दाऊद का अभिषेक किया।\n"
      },
      {
        "tag": "p",
        "nextChar": "\n",
        "type": "paragraph"
      },
      {
        "tag": "s5",
        "nextChar": "\n",
        "type": "section"
      }
    ]
  },
  "4": {
    "verseObjects": [
      {
        "type": "text",
        "text": "तब सब इस्राएलियों समेत दाऊद यरूशलेम गया, जो यबूस भी कहलाता था, और वहाँ यबूसी नामक उस देश के निवासी रहते थे।\n"
      }
    ]
  },
  "5": {
    "verseObjects": [
      {
        "type": "text",
        "text": "तब यबूस के निवासियों ने दाऊद से कहा, “तू यहाँ आने नहीं पाएगा।” तो भी दाऊद ने सिय्योन नामक गढ़ को ले लिया, वही दाऊदपुर भी कहलाता है।\n"
      }
    ]
  },
  "6": {
    "verseObjects": [
      {
        "type": "text",
        "text": "दाऊद ने कहा, “जो कोई यबूसियों को सबसे पहले मारेगा, वह मुख्य सेनापति होगा,” तब सरूयाह का पुत्र योआब* सबसे पहले चढ़ गया, और सेनापति बन गया।\n"
      },
      {
        "tag": "s5",
        "nextChar": "\n",
        "type": "section"
      }
    ]
  },
  "7": {
    "verseObjects": [
      {
        "type": "text",
        "text": "तब दाऊद उस गढ़ में रहने लगा, इसलिए उसका नाम दाऊदपुर पड़ा।\n"
      }
    ]
  },
  "8": {
    "verseObjects": [
      {
        "type": "text",
        "text": "और उसने नगर के चारों ओर, अर्थात् मिल्लो से लेकर चारों ओर शहरपनाह बनवाई, और योआब ने शेष नगर के खण्डहरों को फिर बसाया।\n"
      }
    ]
  },
  "9": {
    "verseObjects": [
      {
        "type": "text",
        "text": "और दाऊद की प्रतिष्ठा अधिक बढ़ती गई और सेनाओं का यहोवा उसके संग था।\n"
      },
      {
        "tag": "s",
        "type": "section",
        "content": "दाऊद के शूरवीर\n"
      },
      {
        "tag": "p",
        "nextChar": "\n",
        "type": "paragraph"
      },
      {
        "tag": "s5",
        "nextChar": "\n",
        "type": "section"
      }
    ]
  },
  "10": {
    "verseObjects": [
      {
        "type": "text",
        "text": "यहोवा ने इस्राएल के विषय जो वचन कहा था, उसके अनुसार दाऊद के जिन शूरवीरों ने सब इस्राएलियों समेत उसके राज्य में उसके पक्ष में होकर, उसे राजा बनाने को जोर दिया*, उनमें से मुख्य पुरुष ये हैं।\n"
      }
    ]
  },
  "11": {
    "verseObjects": [
      {
        "type": "text",
        "text": "दाऊद के शूरवीरों की नामावली यह है, अर्थात् एक हक्मोनी का पुत्र याशोबाम जो तीसों में मुख्य था, उसने तीन सौ पुरुषों पर भाला चलाकर, उन्हें एक ही समय में मार डाला।\n"
      },
      {
        "tag": "s5",
        "nextChar": "\n",
        "type": "section"
      }
    ]
  },
  "12": {
    "verseObjects": [
      {
        "type": "text",
        "text": "उसके बाद अहोही दोदो का पुत्र एलीआजर जो तीनों महान वीरों में से एक था।\n"
      }
    ]
  },
  "13": {
    "verseObjects": [
      {
        "type": "text",
        "text": "वह पसदम्मीम में जहाँ जौ का एक खेत था, दाऊद के संग रहा जब पलिश्ती वहाँ युद्ध करने को इकट्ठे हुए थे, और लोग पलिश्तियों के सामने से भाग गए।\n"
      }
    ]
  },
  "14": {
    "verseObjects": [
      {
        "type": "text",
        "text": "तब उन्होंने उस खेत के बीच में खड़े होकर उसकी रक्षा की, और पलिश्तियों को मारा, और यहोवा ने उनका बड़ा उद्धार किया।\n"
      },
      {
        "tag": "s5",
        "nextChar": "\n",
        "type": "section"
      }
    ]
  },
  "15": {
    "verseObjects": [
      {
        "type": "text",
        "text": "तीसों मुख्य पुरुषों में से तीन दाऊद के पास चट्टान को, अर्थात् अदुल्लाम नामक गुफा में गए, और पलिश्तियों की छावनी रपाईम नामक तराई में पड़ी हुई थी।\n"
      }
    ]
  },
  "16": {
    "verseObjects": [
      {
        "type": "text",
        "text": "उस समय दाऊद गढ़ में था, और उस समय पलिश्तियों की एक चौकी बैतलहम में थी।\n"
      }
    ]
  },
  "17": {
    "verseObjects": [
      {
        "type": "text",
        "text": "तब दाऊद ने बड़ी अभिलाषा के साथ कहा, “कौन मुझे बैतलहम के फाटक के पास के कुएँ का पानी पिलाएगा।”\n"
      },
      {
        "tag": "s5",
        "nextChar": "\n",
        "type": "section"
      }
    ]
  },
  "18": {
    "verseObjects": [
      {
        "type": "text",
        "text": "तब वे तीनों जन पलिश्तियों की छावनी पर टूट पड़े और बैतलहम के फाटक के कुएँ से पानी भरकर दाऊद के पास ले आए; परन्तु दाऊद ने पीने से इन्कार किया और यहोवा के सामने अर्घ करके उण्डेला:\n"
      }
    ]
  },
  "19": {
    "verseObjects": [
      {
        "type": "text",
        "text": "और उसने कहा, “मेरा परमेश्‍वर मुझसे ऐसा करना दूर रखे। क्या मैं इन मनुष्यों का लहू पीऊँ जिन्होंने अपने प्राणों पर खेला है? ये तो अपने प्राण पर खेलकर उसे ले आए हैं।” इसलिए उसने वह पानी पीने से इन्कार किया। इन तीन वीरों ने ये ही काम किए।\n"
      },
      {
        "tag": "s5",
        "nextChar": "\n",
        "type": "section"
      }
    ]
  },
  "20": {
    "verseObjects": [
      {
        "type": "text",
        "text": "अबीशै जो योआब का भाई था, वह तीनों में मुख्य था। उसने अपना भाला चलाकर तीन सौ को मार डाला और तीनों में नामी हो गया।\n"
      }
    ]
  },
  "21": {
    "verseObjects": [
      {
        "type": "text",
        "text": "दूसरी श्रेणी के तीनों में वह अधिक प्रतिष्ठित था, और उनका प्रधान हो गया, परन्तु मुख्य तीनों के पद को न पहुँचा\n"
      },
      {
        "tag": "s5",
        "nextChar": "\n",
        "type": "section"
      }
    ]
  },
  "22": {
    "verseObjects": [
      {
        "type": "text",
        "text": "यहोयादा का पुत्र बनायाह था, जो कबसेल के एक वीर का पुत्र था, जिस ने बड़े-बड़े काम किए थे, उसने सिंह समान दो मोआबियों को मार डाला, और हिमऋतु में उसने एक गड्ढे में उतर के एक सिंह को मार डाला।\n"
      }
    ]
  },
  "23": {
    "verseObjects": [
      {
        "type": "text",
        "text": "फिर उसने एक डील-डौलवाले अर्थात् पाँच हाथ लम्बे मिस्री पुरुष को मार डाला, वह मिस्री हाथ में जुलाहों का ढेका-सा एक भाला लिए हुए था, परन्तु बनायाह एक लाठी ही लिए हुए उसके पास गया, और मिस्री के हाथ से भाले को छीनकर उसी के भाले से उसे घात किया।\n"
      },
      {
        "tag": "s5",
        "nextChar": "\n",
        "type": "section"
      }
    ]
  },
  "24": {
    "verseObjects": [
      {
        "type": "text",
        "text": "ऐसे-ऐसे काम करके यहोयादा का पुत्र बनायाह उन तीनों वीरों में नामी हो गया।\n"
      }
    ]
  },
  "25": {
    "verseObjects": [
      {
        "type": "text",
        "text": "वह तो तीसों से अधिक प्रतिष्ठित था, परन्तु मुख्य तीनों के पद को न पहुँचा। उसको दाऊद ने अपने अंगरक्षकों का प्रधान नियुक्त किया।\n"
      },
      {
        "tag": "s5",
        "nextChar": "\n",
        "type": "section"
      }
    ]
  },
  "26": {
    "verseObjects": [
      {
        "type": "text",
        "text": "फिर दलों के वीर ये थे, अर्थात् योआब का भाई असाहेल, बैतलहमी दोदो का पुत्र एल्हनान,\n"
      }
    ]
  },
  "27": {
    "verseObjects": [
      {
        "type": "text",
        "text": "हरोरी शम्मोत, पलोनी हेलेस,\n"
      }
    ]
  },
  "28": {
    "verseObjects": [
      {
        "type": "text",
        "text": "तकोई इक्केश का पुत्र ईरा, अनातोती अबीएजेर,\n"
      }
    ]
  },
  "29": {
    "verseObjects": [
      {
        "type": "text",
        "text": "सिब्बकै हूशाई, अहोही ईलै,\n"
      },
      {
        "tag": "s5",
        "nextChar": "\n",
        "type": "section"
      }
    ]
  },
  "30": {
    "verseObjects": [
      {
        "type": "text",
        "text": "महरै नतोपाई, एक और नतोपाई बानाह का पुत्र हेलेद,\n"
      }
    ]
  },
  "31": {
    "verseObjects": [
      {
        "type": "text",
        "text": "बिन्यामीनियों के गिबा नगरवासी रीबै का पुत्र इतै, पिरातोनी बनायाह,\n"
      }
    ]
  },
  "32": {
    "verseObjects": [
      {
        "type": "text",
        "text": "गाश के नालों के पास रहनेवाला हूरै, अराबावासी अबीएल,\n"
      }
    ]
  },
  "33": {
    "verseObjects": [
      {
        "type": "text",
        "text": "बहूरीमी अज्मावेत, शालबोनी एल्यहबा,\n"
      },
      {
        "tag": "s5",
        "nextChar": "\n",
        "type": "section"
      }
    ]
  },
  "34": {
    "verseObjects": [
      {
        "type": "text",
        "text": "गीजोई हाशेम के पुत्र, फिर हरारी शागे का पुत्र योनातान,\n"
      }
    ]
  },
  "35": {
    "verseObjects": [
      {
        "type": "text",
        "text": "हरारी साकार का पुत्र अहीआम, ऊर का पुत्र एलीपाल,\n"
      }
    ]
  },
  "36": {
    "verseObjects": [
      {
        "type": "text",
        "text": "मकेराई हेपेर, पलोनी अहिय्याह,\n"
      }
    ]
  },
  "37": {
    "verseObjects": [
      {
        "type": "text",
        "text": "कर्मेली हेस्रो, एज्बै का पुत्र नारै,\n"
      },
      {
        "tag": "s5",
        "nextChar": "\n",
        "type": "section"
      }
    ]
  },
  "38": {
    "verseObjects": [
      {
        "type": "text",
        "text": "नातान का भाई योएल, हग्री का पुत्र मिभार,\n"
      }
    ]
  },
  "39": {
    "verseObjects": [
      {
        "type": "text",
        "text": "अम्मोनी सेलेक, बेरोती नहरै जो सरूयाह के पुत्र योआब का हथियार ढोनेवाला था,\n"
      }
    ]
  },
  "40": {
    "verseObjects": [
      {
        "type": "text",
        "text": "येतेरी ईरा और गारेब,\n"
      }
    ]
  },
  "41": {
    "verseObjects": [
      {
        "type": "text",
        "text": "हित्ती ऊरिय्याह, अहलै का पुत्र जाबाद,\n"
      },
      {
        "tag": "s5",
        "nextChar": "\n",
        "type": "section"
      }
    ]
  },
  "42": {
    "verseObjects": [
      {
        "type": "text",
        "text": "तीस पुरुषों समेत रूबेनी शीजा का पुत्र अदीना जो रूबेनियों का मुखिया था,\n"
      }
    ]
  },
  "43": {
    "verseObjects": [
      {
        "type": "text",
        "text": "माका का पुत्र हानान, मेतेनी योशापात,\n"
      }
    ]
  },
  "44": {
    "verseObjects": [
      {
        "type": "text",
        "text": "अश्तारोती उज्जियाह, अरोएरी होताम के पुत्र शामा और यीएल,\n"
      },
      {
        "tag": "s5",
        "nextChar": "\n",
        "type": "section"
      }
    ]
  },
  "45": {
    "verseObjects": [
      {
        "type": "text",
        "text": "शिम्री का पुत्र यदीएल और उसका भाई तीसी, योहा,\n"
      }
    ]
  },
  "46": {
    "verseObjects": [
      {
        "type": "text",
        "text": "महवीमी एलीएल, एलनाम के पुत्र यरीबै और योशव्याह, मोआबी यित्मा,\n"
      }
    ]
  },
  "47": {
    "verseObjects": [
      {
        "type": "text",
        "text": "एलीएल, ओबेद और मसोबाई यासीएल।\n\n"
      },
      {
        "tag": "s5",
        "nextChar": "\n",
        "type": "section"
      }
    ]
  },
  "front": {
    "verseObjects": [
      {
        "tag": "s",
        "type": "section",
        "content": "दाऊद को पूरे इस्राएल का राजा ठहराया गया\n"
      },
      {
        "tag": "p",
        "nextChar": "\n",
        "type": "paragraph"
      }
    ]
  }
}