{
  "1": {
    "verseObjects": [
      {
        "type": "text",
        "text": "जब दाऊद सिकलग में कीश के पुत्र शाऊल के डर के मारे छिपा रहता था, तब ये उसके पास वहाँ आए, और ये उन वीरों में से थे जो युद्ध में उसके सहायक थे।\n"
      }
    ]
  },
  "2": {
    "verseObjects": [
      {
        "type": "text",
        "text": "ये धनुर्धारी थे, जो दायें-बांयें, दोनों हाथों से गोफन के पत्थर और धनुष के तीर चला सकते थे; और ये शाऊल के भाइयों में से बिन्यामीनी* थे,\n"
      },
      {
        "tag": "s5",
        "type": "section",
        "text": "\n"
      }
    ]
  },
  "3": {
    "verseObjects": [
      {
        "type": "text",
        "text": "मुख्य तो अहीएजेर और दूसरा योआश था जो गिबावासी शमाआ का पुत्र था; फिर अज्मावेत के पुत्र यजीएल और पेलेत, फिर बराका और अनातोती येहू,\n"
      }
    ]
  },
  "4": {
    "verseObjects": [
      {
        "type": "text",
        "text": "और गिबोनी यिशमायाह जो तीसों में से एक वीर और उनके ऊपर भी था; फिर यिर्मयाह, यहजीएल, योहानान, गदेरावासी योजाबाद,\n"
      },
      {
        "tag": "s5",
        "type": "section",
        "text": "\n"
      }
    ]
  },
  "5": {
    "verseObjects": [
      {
        "type": "text",
        "text": "एलूजै, यरीमोत, बाल्याह, शेमर्याह, हारूपी शपत्याह,\n"
      }
    ]
  },
  "6": {
    "verseObjects": [
      {
        "type": "text",
        "text": "एल्काना, यिश्शिय्याह, अजरेल, योएजेर, याशोबाम, जो सब कोरहवंशी थे,\n"
      }
    ]
  },
  "7": {
    "verseObjects": [
      {
        "type": "text",
        "text": "और गदोरवासी यरोहाम के पुत्र योएला और जबद्याह।\n"
      },
      {
        "tag": "s5",
        "type": "section",
        "text": "\n"
      }
    ]
  },
  "8": {
    "verseObjects": [
      {
        "type": "text",
        "text": "फिर जब दाऊद जंगल के गढ़ में रहता था, तब ये गादी जो शूरवीर थे, और युद्ध विद्या सीखे हुए और ढाल और भाला काम में लानेवाले थे, और उनके मुँह सिंह के से और वे पहाड़ी मृग के समान वेग से दौड़नेवाले थे, ये और गादियों से अलग होकर उसके पास आए,\n"
      },
      {
        "tag": "s5",
        "type": "section",
        "text": "\n"
      }
    ]
  },
  "9": {
    "verseObjects": [
      {
        "type": "text",
        "text": "अर्थात् मुख्य तो एजेर, दूसरा ओबद्याह, तीसरा एलीआब,\n"
      }
    ]
  },
  "10": {
    "verseObjects": [
      {
        "type": "text",
        "text": "चौथा मिश्मन्ना, पाँचवाँ यिर्मयाह,\n"
      }
    ]
  },
  "11": {
    "verseObjects": [
      {
        "type": "text",
        "text": "छठा अत्तै, सातवाँ एलीएल,\n"
      }
    ]
  },
  "12": {
    "verseObjects": [
      {
        "type": "text",
        "text": "आठवाँ योहानान, नौवाँ एलजाबाद,\n"
      }
    ]
  },
  "13": {
    "verseObjects": [
      {
        "type": "text",
        "text": "दसवाँ यिर्मयाह और ग्यारहवाँ मकबन्नै था,\n"
      },
      {
        "tag": "s5",
        "type": "section",
        "text": "\n"
      }
    ]
  },
  "14": {
    "verseObjects": [
      {
        "type": "text",
        "text": "ये गादी मुख्य योद्धा थे, उनमें से जो सबसे छोटा था वह तो एक सौ के ऊपर, और जो सबसे बड़ा था, वह हजार के ऊपर था।\n"
      }
    ]
  },
  "15": {
    "verseObjects": [
      {
        "type": "text",
        "text": "ये ही वे हैं, जो पहले महीने में जब यरदन नदी सब किनारों के ऊपर-ऊपर बहती थी, तब उसके पार उतरे; और पूर्व और पश्चिम दोनों ओर के सब तराई के रहनेवालों को भगा दिया।\n"
      },
      {
        "tag": "s5",
        "type": "section",
        "text": "\n"
      }
    ]
  },
  "16": {
    "verseObjects": [
      {
        "type": "text",
        "text": "कई एक बिन्यामीनी और यहूदी भी दाऊद के पास गढ़ में आए।\n"
      }
    ]
  },
  "17": {
    "verseObjects": [
      {
        "type": "text",
        "text": "उनसे मिलने को दाऊद निकला और उनसे कहा, “यदि तुम मेरे पास मित्रभाव से मेरी सहायता करने को आए हो, तब तो मेरा मन तुम से लगा रहेगा; परन्तु जो तुम मुझे धोखा देकर मेरे शत्रुओं के हाथ पकड़वाने आए हो, तो हमारे पितरों का परमेश्‍वर इस पर दृष्टि करके डाँटे, क्योंकि मेरे हाथ से कोई उपद्रव नहीं हुआ।” \n"
      },
      {
        "tag": "s5",
        "type": "section",
        "text": "\n"
      }
    ]
  },
  "18": {
    "verseObjects": [
      {
        "type": "text",
        "text": "तब आत्मा अमासै में समाया, जो तीसों वीरों में मुख्य था, और उसने कहा,\n"
      },
      {
        "tag": "q",
        "type": "quote",
        "text": "“हे दाऊद! हम तेरे हैं;\n"
      },
      {
        "tag": "q",
        "type": "quote",
        "text": "हे यिशै के पुत्र! हम तेरी ओर के हैं,\n"
      },
      {
        "tag": "q",
        "type": "quote",
        "text": "तेरा कुशल ही कुशल हो और तेरे सहायकों का कुशल हो,\n"
      },
      {
        "tag": "q",
        "type": "quote",
        "text": "क्योंकि तेरा परमेश्‍वर तेरी सहायता किया करता है।” \n"
      },
      {
        "tag": "p",
        "type": "paragraph",
        "text": "इसलिए दाऊद ने उनको रख लिया, और अपने दल के मुखिये ठहरा दिए।\n"
      },
      {
        "tag": "s5",
        "type": "section",
        "text": "\n"
      }
    ]
  },
  "19": {
    "verseObjects": [
      {
        "type": "text",
        "text": "फिर कुछ मनश्शेई भी उस समय दाऊद के पास भाग आए, जब वह पलिश्तियों के साथ होकर शाऊल से लड़ने को गया, परन्तु वह उसकी कुछ सहायता न कर सका, क्योंकि पलिश्तियों के सरदारों ने सम्मति लेने पर यह कहकर उसे विदा किया, “वह हमारे सिर कटवाकर अपने स्वामी शाऊल से फिर मिल जाएगा।” \n"
      }
    ]
  },
  "20": {
    "verseObjects": [
      {
        "type": "text",
        "text": "जब वह सिकलग को जा रहा था, तब ये मनश्शेई उसके पास भाग आए; अर्थात् अदनह, योजाबाद, यदीएल, मीकाएल, योजाबाद, एलीहू और सिल्लतै जो मनश्शे के हजारों के मुखिये थे।\n"
      },
      {
        "tag": "s5",
        "type": "section",
        "text": "\n"
      }
    ]
  },
  "21": {
    "verseObjects": [
      {
        "type": "text",
        "text": "इन्होंने लुटेरों के दल के विरुद्ध दाऊद की सहायता की, क्योंकि ये सब शूरवीर थे, और सेना के प्रधान भी बन गए।\n"
      }
    ]
  },
  "22": {
    "verseObjects": [
      {
        "type": "text",
        "text": "वरन् प्रतिदिन लोग दाऊद की सहायता करने को उसके पास आते रहे, यहाँ तक कि परमेश्‍वर की सेना के समान एक बड़ी सेना बन गई।\n"
      },
      {
        "tag": "s5",
        "type": "section",
        "text": "\n"
      }
    ]
  },
  "23": {
    "verseObjects": [
      {
        "type": "text",
        "text": "फिर लोग लड़ने के लिये हथियार बाँधे हुए हेब्रोन में दाऊद के पास इसलिए आए कि यहोवा के वचन के अनुसार शाऊल का राज्य उसके हाथ में कर दें: उनके मुखियों की गिनती यह है।\n"
      }
    ]
  },
  "24": {
    "verseObjects": [
      {
        "type": "text",
        "text": "यहूदा के ढाल और भाला लिए हुए छः हजार आठ सौ हथियारबंद लड़ने को आए।\n"
      }
    ]
  },
  "25": {
    "verseObjects": [
      {
        "type": "text",
        "text": "शिमोनी सात हजार एक सौ तैयार शूरवीर लड़ने को आए।\n"
      },
      {
        "tag": "s5",
        "type": "section",
        "text": "\n"
      }
    ]
  },
  "26": {
    "verseObjects": [
      {
        "type": "text",
        "text": "लेवीय चार हजार छः सौ आए।\n"
      }
    ]
  },
  "27": {
    "verseObjects": [
      {
        "type": "text",
        "text": "और हारून के घराने का प्रधान यहोयादा था, और उसके साथ तीन हजार सात सौ आए।\n"
      }
    ]
  },
  "28": {
    "verseObjects": [
      {
        "type": "text",
        "text": "और सादोक नामक एक जवान वीर भी आया, और उसके पिता के घराने के बाईस प्रधान आए।\n"
      },
      {
        "tag": "s5",
        "type": "section",
        "text": "\n"
      }
    ]
  },
  "29": {
    "verseObjects": [
      {
        "type": "text",
        "text": "और शाऊल के भाई बिन्यामीनियों में से तीन हजार आए, क्योंकि उस समय तक आधे बिन्यामीनियों से अधिक शाऊल के घराने का पक्ष करते रहे।\n"
      }
    ]
  },
  "30": {
    "verseObjects": [
      {
        "type": "text",
        "text": "फिर एप्रैमियों में से बड़े वीर और अपने-अपने पितरों के घरानों में नामी पुरुष बीस हजार आठ सौ आए।\n"
      }
    ]
  },
  "31": {
    "verseObjects": [
      {
        "type": "text",
        "text": "मनश्शे के आधे गोत्र में से दाऊद को राजा बनाने के लिये अठारह हजार आए, जिनके नाम बताए गए थे।\n"
      },
      {
        "tag": "s5",
        "type": "section",
        "text": "\n"
      }
    ]
  },
  "32": {
    "verseObjects": [
      {
        "type": "text",
        "text": "इस्साकारियों में से जो समय को पहचानते थे, कि इस्राएल को क्या करना उचित है, उनके प्रधान दो सौ थे; और उनके सब भाई उनकी आज्ञा में रहते थे।\n"
      }
    ]
  },
  "33": {
    "verseObjects": [
      {
        "type": "text",
        "text": "फिर जबूलून में से युद्ध के सब प्रकार के हथियार लिए हुए लड़ने को पाँति बाँधनेवाले योद्धा पचास हजार आए, वे पाँति बाँधनेवाले थेः और चंचल न थे।\n"
      },
      {
        "tag": "s5",
        "type": "section",
        "text": "\n"
      }
    ]
  },
  "34": {
    "verseObjects": [
      {
        "type": "text",
        "text": "फिर नप्ताली में से प्रधान तो एक हजार, और उनके संग ढाल और भाला लिए सैंतीस हजार आए।\n"
      }
    ]
  },
  "35": {
    "verseObjects": [
      {
        "type": "text",
        "text": "दानियों में से लड़ने के लिये पाँति बाँधनेवाले अट्ठाईस हजार छः सौ आए।\n"
      },
      {
        "tag": "s5",
        "type": "section",
        "text": "\n"
      }
    ]
  },
  "36": {
    "verseObjects": [
      {
        "type": "text",
        "text": "और आशेर में से लड़ने को पाँति बाँधनेवाले चालीस हजार योद्धा आए।\n"
      }
    ]
  },
  "37": {
    "verseObjects": [
      {
        "type": "text",
        "text": "और यरदन पार रहनेवाले रूबेनी, गादी और मनश्शे के आधे गोत्रियों में से युद्ध के सब प्रकार के हथियार लिए हुए एक लाख बीस हजार आए।\n"
      },
      {
        "tag": "s5",
        "type": "section",
        "text": "\n"
      }
    ]
  },
  "38": {
    "verseObjects": [
      {
        "type": "text",
        "text": "ये सब युद्ध के लिये पाँति बाँधनेवाले दाऊद को सारे इस्राएल का राजा बनाने के लिये हेब्रोन में सच्चे मन से आए, और अन्य सब इस्राएली भी दाऊद को राजा बनाने के लिये सहमत थे।\n"
      }
    ]
  },
  "39": {
    "verseObjects": [
      {
        "type": "text",
        "text": "वे वहाँ तीन दिन दाऊद के संग खाते पीते रहे, क्योंकि उनके भाइयों ने उनके लिये तैयारी की थी,\n"
      }
    ]
  },
  "40": {
    "verseObjects": [
      {
        "type": "text",
        "text": "और जो उनके निकट वरन् इस्साकार, जबूलून और नप्ताली तक रहते थे, वे भी गदहों, ऊँटों, खच्चरों और बैलों पर मैदा, अंजीरों और किशमिश की टिकियाँ, दाखमधु और तेल आदि भोजनवस्तु लादकर लाए, और बैल और भेड़-बकरियाँ बहुतायत से लाए; क्योंकि इस्राएल में आनन्द मनाया जा रहा था।\n\n"
      },
      {
        "tag": "s5",
        "type": "section",
        "text": "\n"
      }
    ]
  },
  "front": {
    "verseObjects": [
      {
        "tag": "s",
        "type": "section",
        "text": "दाऊद के अनुचर\n"
      },
      {
        "tag": "p",
        "type": "paragraph",
        "text": "\n"
      }
    ]
  }
}