{
  "1": {
    "verseObjects": [
      {
        "type": "text",
        "text": "तब परमेश्‍वर का सन्दूक ले आकर उस तम्बू में रखा गया जो दाऊद ने उसके लिये खड़ा कराया था; और परमेश्‍वर के सामने होमबलि और मेलबलि चढ़ाए गए।\n"
      }
    ]
  },
  "2": {
    "verseObjects": [
      {
        "type": "text",
        "text": "जब दाऊद होमबलि और मेलबलि चढ़ा चुका, तब उसने यहोवा के नाम से प्रजा को आशीर्वाद दिया।\n"
      }
    ]
  },
  "3": {
    "verseObjects": [
      {
        "type": "text",
        "text": "और उसने क्या पुरुष, क्या स्त्री, सब इस्राएलियों को एक-एक रोटी और एक-एक टुकड़ा माँस और किशमिश की एक-एक टिकिया बँटवा दी।\n"
      },
      {
        "tag": "s5",
        "nextChar": "\n",
        "type": "section"
      }
    ]
  },
  "4": {
    "verseObjects": [
      {
        "type": "text",
        "text": "तब उसने कई लेवियों को इसलिए ठहरा दिया, कि यहोवा के सन्दूक के सामने सेवा टहल किया करें, और इस्राएल के परमेश्‍वर यहोवा की चर्चा और उसका धन्यवाद और स्तुति किया करें।\n"
      }
    ]
  },
  "5": {
    "verseObjects": [
      {
        "type": "text",
        "text": "उनका मुखिया तो आसाप था, और उसके नीचे जकर्याह था, फिर यीएल, शमीरामोत, यहीएल, मत्तित्याह, एलीआब बनायाह, ओबेदेदोम और यीएल थे; ये तो सारंगियाँ और वीणाएँ लिये हुए थे, और आसाप झाँझ पर राग बजाता था।\n"
      }
    ]
  },
  "6": {
    "verseObjects": [
      {
        "type": "text",
        "text": "बनायाह और यहजीएल नामक याजक परमेश्‍वर की वाचा के सन्दूक के सामने नित्य तुरहियां बजाने के लिए नियुक्त किए गए।\n"
      },
      {
        "tag": "s",
        "type": "section",
        "content": "दाऊद के द्वारा धन्यवाद गीत\n"
      },
      {
        "tag": "p",
        "nextChar": "\n",
        "type": "paragraph"
      },
      {
        "tag": "s5",
        "nextChar": "\n",
        "type": "section"
      }
    ]
  },
  "7": {
    "verseObjects": [
      {
        "type": "text",
        "text": "तब उसी दिन दाऊद ने यहोवा का धन्यवाद करने का काम आसाप और उसके भाइयों को सौंप दिया।\n"
      },
      {
        "tag": "q",
        "nextChar": "\n",
        "type": "quote"
      }
    ]
  },
  "8": {
    "verseObjects": [
      {
        "type": "text",
        "text": "यहोवा का धन्यवाद करो*, उससे प्रार्थना करो;\n"
      },
      {
        "tag": "q",
        "type": "quote",
        "text": "देश-देश में उसके कामों का प्रचार करो।\n"
      },
      {
        "tag": "q",
        "nextChar": "\n",
        "type": "quote"
      }
    ]
  },
  "9": {
    "verseObjects": [
      {
        "type": "text",
        "text": "उसका गीत गाओ, उसका भजन करो,\n"
      },
      {
        "tag": "q",
        "type": "quote",
        "text": "उसके सब आश्चर्यकर्मों का ध्यान करो।\n"
      },
      {
        "tag": "q",
        "nextChar": "\n",
        "type": "quote"
      },
      {
        "tag": "s5",
        "nextChar": "\n",
        "type": "section"
      }
    ]
  },
  "10": {
    "verseObjects": [
      {
        "type": "text",
        "text": "उसके पवित्र नाम पर घमण्ड करो;\n"
      },
      {
        "tag": "q",
        "type": "quote",
        "text": "यहोवा के खोजियों का हृदय आनन्दित हो।\n"
      },
      {
        "tag": "q",
        "nextChar": "\n",
        "type": "quote"
      }
    ]
  },
  "11": {
    "verseObjects": [
      {
        "type": "text",
        "text": "यहोवा और उसकी सामर्थ्य की खोज करो;\n"
      },
      {
        "tag": "q",
        "type": "quote",
        "text": "उसके दर्शन के लिए लगातार खोज करो।\n"
      },
      {
        "tag": "q",
        "nextChar": "\n",
        "type": "quote"
      },
      {
        "tag": "s5",
        "nextChar": "\n",
        "type": "section"
      }
    ]
  },
  "12": {
    "verseObjects": [
      {
        "type": "text",
        "text": "उसके किए हुए आश्चर्यकर्म,\n"
      },
      {
        "tag": "q",
        "type": "quote",
        "text": "उसके चमत्कार और न्यायवचन स्मरण करो।\n"
      },
      {
        "tag": "q",
        "nextChar": "\n",
        "type": "quote"
      }
    ]
  },
  "13": {
    "verseObjects": [
      {
        "type": "text",
        "text": "हे उसके दास इस्राएल के वंश,\n"
      },
      {
        "tag": "q",
        "type": "quote",
        "text": "हे याकूब की सन्तान तुम जो उसके चुने हुए हो!\n"
      },
      {
        "tag": "q",
        "nextChar": "\n",
        "type": "quote"
      }
    ]
  },
  "14": {
    "verseObjects": [
      {
        "type": "text",
        "text": "वही हमारा परमेश्‍वर यहोवा है,\n"
      },
      {
        "tag": "q",
        "type": "quote",
        "text": "उसके न्याय के काम पृथ्वी भर में होते हैं।\n"
      },
      {
        "tag": "q",
        "nextChar": "\n",
        "type": "quote"
      },
      {
        "tag": "s5",
        "nextChar": "\n",
        "type": "section"
      }
    ]
  },
  "15": {
    "verseObjects": [
      {
        "type": "text",
        "text": "उसकी वाचा को सदा स्मरण रखो,\n"
      },
      {
        "tag": "q",
        "type": "quote",
        "text": "यह वही वचन है जो उसने हजार पीढ़ियों के लिये ठहरा दिया।\n"
      },
      {
        "tag": "q",
        "nextChar": "\n",
        "type": "quote"
      }
    ]
  },
  "16": {
    "verseObjects": [
      {
        "type": "text",
        "text": "वह वाचा उसने अब्राहम के साथ बाँधी\n"
      },
      {
        "tag": "q",
        "type": "quote",
        "text": "ओर उसी के विषय उसने इसहाक से शपथ खाई,\n"
      },
      {
        "tag": "q",
        "nextChar": "\n",
        "type": "quote"
      }
    ]
  },
  "17": {
    "verseObjects": [
      {
        "type": "text",
        "text": "और उसी को उसने याकूब के लिये विधि\n"
      },
      {
        "tag": "q",
        "type": "quote",
        "text": "करके और इस्राएल के लिये सदा की वाचा बाँधकर यह कहकर दृढ़ किया,\n"
      },
      {
        "tag": "q",
        "nextChar": "\n",
        "type": "quote"
      }
    ]
  },
  "18": {
    "verseObjects": [
      {
        "type": "text",
        "text": "“मैं कनान देश तुझी को दूँगा,\n"
      },
      {
        "tag": "q",
        "type": "quote",
        "text": "वह बाँट में तुम्हारा निज भाग होगा।” \n"
      },
      {
        "tag": "q",
        "nextChar": "\n",
        "type": "quote"
      },
      {
        "tag": "s5",
        "nextChar": "\n",
        "type": "section"
      }
    ]
  },
  "19": {
    "verseObjects": [
      {
        "type": "text",
        "text": "उस समय तो तुम गिनती में थोड़े थे,\n"
      },
      {
        "tag": "q",
        "type": "quote",
        "text": "बल्कि बहुत ही थोड़े और उस देश में परदेशी थे।\n"
      },
      {
        "tag": "q",
        "nextChar": "\n",
        "type": "quote"
      }
    ]
  },
  "20": {
    "verseObjects": [
      {
        "type": "text",
        "text": "और वे एक जाति से दूसरी जाति में,\n"
      },
      {
        "tag": "q",
        "type": "quote",
        "text": "और एक राज्य से दूसरे में फिरते तो रहे,\n"
      },
      {
        "tag": "q",
        "nextChar": "\n",
        "type": "quote"
      }
    ]
  },
  "21": {
    "verseObjects": [
      {
        "type": "text",
        "text": "परन्तु उसने किसी मनुष्य को उन पर अंधेर करने न दिया;\n"
      },
      {
        "tag": "q",
        "type": "quote",
        "text": "और वह राजाओं को उनके निमित्त यह धमकी देता था,\n"
      },
      {
        "tag": "q",
        "nextChar": "\n",
        "type": "quote"
      }
    ]
  },
  "22": {
    "verseObjects": [
      {
        "type": "text",
        "text": "“मेरे अभिषिक्तों को मत छूओ,\n"
      },
      {
        "tag": "q",
        "type": "quote",
        "text": "और न मेरे नबियों की हानि करो।” \n"
      },
      {
        "tag": "q",
        "nextChar": "\n",
        "type": "quote"
      },
      {
        "tag": "s5",
        "nextChar": "\n",
        "type": "section"
      }
    ]
  },
  "23": {
    "verseObjects": [
      {
        "type": "text",
        "text": "हे समस्त पृथ्वी के लोगों यहोवा का गीत गाओ।\n"
      },
      {
        "tag": "q",
        "type": "quote",
        "text": "प्रतिदिन उसके किए हुए उद्धार का शुभ समाचार सुनाते रहो।\n"
      },
      {
        "tag": "q",
        "nextChar": "\n",
        "type": "quote"
      }
    ]
  },
  "24": {
    "verseObjects": [
      {
        "type": "text",
        "text": "अन्यजातियों में उसकी महिमा का,\n"
      },
      {
        "tag": "q",
        "type": "quote",
        "text": "और देश-देश के लोगों में उसके आश्चर्यकर्मों का वर्णन करो।\n"
      },
      {
        "tag": "q",
        "nextChar": "\n",
        "type": "quote"
      },
      {
        "tag": "s5",
        "nextChar": "\n",
        "type": "section"
      }
    ]
  },
  "25": {
    "verseObjects": [
      {
        "type": "text",
        "text": "क्योंकि यहोवा महान और स्तुति के अति योग्य है,\n"
      },
      {
        "tag": "q",
        "type": "quote",
        "text": "वह तो सब देवताओं से अधिक भययोग्य है।\n"
      },
      {
        "tag": "q",
        "nextChar": "\n",
        "type": "quote"
      }
    ]
  },
  "26": {
    "verseObjects": [
      {
        "type": "text",
        "text": "क्योंकि देश-देश के सब देवता मूर्तियाँ ही हैं;\n"
      },
      {
        "tag": "q",
        "type": "quote",
        "text": "परन्तु यहोवा ही ने स्वर्ग को बनाया है।\n"
      },
      {
        "tag": "q",
        "nextChar": "\n",
        "type": "quote"
      }
    ]
  },
  "27": {
    "verseObjects": [
      {
        "type": "text",
        "text": "उसके चारों ओर वैभव और ऐश्वर्य है;\n"
      },
      {
        "tag": "q",
        "type": "quote",
        "text": "उसके स्थान में सामर्थ्य और आनन्द है।\n"
      },
      {
        "tag": "q",
        "nextChar": "\n",
        "type": "quote"
      },
      {
        "tag": "s5",
        "nextChar": "\n",
        "type": "section"
      }
    ]
  },
  "28": {
    "verseObjects": [
      {
        "type": "text",
        "text": "हे देश-देश के कुलों, यहोवा का गुणानुवाद करो,\n"
      },
      {
        "tag": "q",
        "type": "quote",
        "text": "यहोवा की महिमा और सामर्थ्य को मानो।\n"
      },
      {
        "tag": "q",
        "nextChar": "\n",
        "type": "quote"
      }
    ]
  },
  "29": {
    "verseObjects": [
      {
        "type": "text",
        "text": "यहोवा के नाम की महिमा ऐसी मानो जो उसके नाम के योग्य है।\n"
      },
      {
        "tag": "q",
        "type": "quote",
        "text": "भेंट लेकर उसके सम्मुख आओ, पवित्रता से शोभायमान होकर यहोवा को दण्डवत् करो।\n"
      },
      {
        "tag": "q",
        "nextChar": "\n",
        "type": "quote"
      },
      {
        "tag": "s5",
        "nextChar": "\n",
        "type": "section"
      }
    ]
  },
  "30": {
    "verseObjects": [
      {
        "type": "text",
        "text": "हे सारी पृथ्वी के लोगों उसके सामने थरथराओ!\n"
      },
      {
        "tag": "q",
        "type": "quote",
        "text": "जगत ऐसा स्थिर है, कि वह टलने का नहीं।\n"
      },
      {
        "tag": "q",
        "nextChar": "\n",
        "type": "quote"
      }
    ]
  },
  "31": {
    "verseObjects": [
      {
        "type": "text",
        "text": "आकाश आनन्द करे और पृथ्वी मगन हो,\n"
      },
      {
        "tag": "q",
        "type": "quote",
        "text": "और जाति-जाति में लोग कहें, “यहोवा राजा हुआ है।” \n"
      },
      {
        "tag": "q",
        "nextChar": "\n",
        "type": "quote"
      },
      {
        "tag": "s5",
        "nextChar": "\n",
        "type": "section"
      }
    ]
  },
  "32": {
    "verseObjects": [
      {
        "type": "text",
        "text": "समुद्र और उसमें की सब वस्तुएँ गरज उठें,\n"
      },
      {
        "tag": "q",
        "type": "quote",
        "text": "मैदान और जो कुछ उसमें है सो प्रफुल्लित हों।\n"
      },
      {
        "tag": "q",
        "nextChar": "\n",
        "type": "quote"
      }
    ]
  },
  "33": {
    "verseObjects": [
      {
        "type": "text",
        "text": "उसी समय वन के वृक्ष यहोवा के सामने जयजयकार करें,\n"
      },
      {
        "tag": "q",
        "type": "quote",
        "text": "क्योंकि वह पृथ्वी का न्याय करने को आनेवाला है।\n"
      },
      {
        "tag": "q",
        "nextChar": "\n",
        "type": "quote"
      },
      {
        "tag": "s5",
        "nextChar": "\n",
        "type": "section"
      }
    ]
  },
  "34": {
    "verseObjects": [
      {
        "type": "text",
        "text": "यहोवा का धन्यवाद करो, क्योंकि वह भला है;\n"
      },
      {
        "tag": "q",
        "type": "quote",
        "text": "उसकी करुणा सदा की है।\n"
      },
      {
        "tag": "q",
        "nextChar": "\n",
        "type": "quote"
      }
    ]
  },
  "35": {
    "verseObjects": [
      {
        "type": "text",
        "text": "और यह कहो, “हे हमारे उद्धार करनेवाले परमेश्‍वर हमारा उद्धार कर,\n"
      },
      {
        "tag": "q",
        "type": "quote",
        "text": "और हमको इकट्ठा करके अन्यजातियों से छुड़ा,\n"
      },
      {
        "tag": "q",
        "type": "quote",
        "text": "कि हम तेरे पवित्र नाम का धन्यवाद करें,\n"
      },
      {
        "tag": "q",
        "type": "quote",
        "text": "और तेरी स्तुति करते हुए तेरे विषय बड़ाई करें। (भज. 106:47)\n"
      },
      {
        "tag": "q",
        "nextChar": "\n",
        "type": "quote"
      },
      {
        "tag": "s5",
        "nextChar": "\n",
        "type": "section"
      }
    ]
  },
  "36": {
    "verseObjects": [
      {
        "type": "text",
        "text": "अनादिकाल से अनन्तकाल तक इस्राएल का\n"
      },
      {
        "tag": "q",
        "type": "quote",
        "text": "परमेश्‍वर यहोवा धन्य है।” \n"
      },
      {
        "tag": "m",
        "type": "paragraph",
        "text": "तब सब प्रजा ने “आमीन” कहा: और यहोवा की स्तुति की। (भज. 106:48)\n"
      },
      {
        "tag": "p",
        "nextChar": "\n",
        "type": "paragraph"
      },
      {
        "tag": "s5",
        "nextChar": "\n",
        "type": "section"
      }
    ]
  },
  "37": {
    "verseObjects": [
      {
        "type": "text",
        "text": "तब उसने वहाँ अर्थात् यहोवा की वाचा के सन्दूक के सामने आसाप और उसके भाइयों को छोड़ दिया, कि प्रतिदिन के प्रयोजन के अनुसार वे सन्दूक के सामने नित्य सेवा टहल किया करें,\n"
      }
    ]
  },
  "38": {
    "verseObjects": [
      {
        "type": "text",
        "text": "और अड़सठ भाइयों समेत ओबेदेदोम को, और द्वारपालों के लिये यदूतून के पुत्र ओबेदेदोम और होसा को छोड़ दिया।\n"
      }
    ]
  },
  "39": {
    "verseObjects": [
      {
        "type": "text",
        "text": "फिर उसने सादोक याजक और उसके भाई याजकों को यहोवा के निवास के सामने, जो गिबोन के ऊँचे स्थान में था, ठहरा दिया,\n"
      },
      {
        "tag": "s5",
        "nextChar": "\n",
        "type": "section"
      }
    ]
  },
  "40": {
    "verseObjects": [
      {
        "type": "text",
        "text": "कि वे नित्य सवेरे और सांझ को होमबलि की वेदी पर* यहोवा को होमबलि चढ़ाया करें, और उन सब के अनुसार किया करें, जो यहोवा की व्यवस्था में लिखा है, जिसे उसने इस्राएल को दिया था।\n"
      }
    ]
  },
  "41": {
    "verseObjects": [
      {
        "type": "text",
        "text": "और उनके संग उसने हेमान और यदूतून और दूसरों को भी जो नाम लेकर चुने गए थे ठहरा दिया, कि यहोवा की सदा की करुणा के कारण उसका धन्यवाद करें।\n"
      },
      {
        "tag": "s5",
        "nextChar": "\n",
        "type": "section"
      }
    ]
  },
  "42": {
    "verseObjects": [
      {
        "type": "text",
        "text": "और उनके संग उसने हेमान और यदूतून को बजानेवालों के लिये तुरहियां और झाँझें और परमेश्‍वर के गीत गाने के लिये बाजे दिए, और यदूतून के बेटों को फाटक की रखवाली करने को ठहरा दिया।\n"
      }
    ]
  },
  "43": {
    "verseObjects": [
      {
        "type": "text",
        "text": "तब प्रजा के सब लोग अपने-अपने घर चले गए, और दाऊद अपने घराने को आशीर्वाद देने लौट गया।\n\n"
      },
      {
        "tag": "s5",
        "nextChar": "\n",
        "type": "section"
      }
    ]
  },
  "front": {
    "verseObjects": [
      {
        "tag": "s",
        "type": "section",
        "content": "सन्दूक का तम्बू में रखा जाना\n"
      },
      {
        "tag": "p",
        "nextChar": "\n",
        "type": "paragraph"
      }
    ]
  }
}