{
  "1": {
    "verseObjects": [
      {
        "type": "text",
        "text": "जब दाऊद अपने भवन में रहने लगा, तब दाऊद ने नातान नबी से कहा, “देख, मैं तो देवदार के बने हुए घर में रहता हूँ, परन्तु यहोवा की वाचा का सन्दूक तम्बू में रहता है।”\n"
      }
    ]
  },
  "2": {
    "verseObjects": [
      {
        "type": "text",
        "text": "नातान ने दाऊद से कहा, “जो कुछ तेरे मन में हो उसे कर, क्योंकि परमेश्‍वर तेरे संग है।”\n"
      },
      {
        "tag": "s5",
        "nextChar": "\n",
        "type": "section"
      }
    ]
  },
  "3": {
    "verseObjects": [
      {
        "type": "text",
        "text": "उसी दिन-रात को परमेश्‍वर का यह वचन नातान के पास पहुँचा, “जाकर मेरे दास दाऊद से कह,\n"
      }
    ]
  },
  "4": {
    "verseObjects": [
      {
        "type": "text",
        "text": "‘यहोवा यह कहता है: मेरे निवास के लिये तू घर बनवाने न पाएगा।\n"
      }
    ]
  },
  "5": {
    "verseObjects": [
      {
        "type": "text",
        "text": "क्योंकि जिस दिन से मैं इस्राएलियों को मिस्र से ले आया, आज के दिन तक मैं कभी घर में नहीं रहा; परन्तु एक तम्बू से दूसरे तम्बू को और एक निवास से दूसरे निवास को आया-जाया करता हूँ।\n"
      }
    ]
  },
  "6": {
    "verseObjects": [
      {
        "type": "text",
        "text": "जहाँ-जहाँ मैंने सब इस्राएलियों के बीच आना जाना किया, क्या मैंने इस्राएल के न्यायियों में से जिनको मैंने अपनी प्रजा की चरवाही करने को ठहराया था, किसी से ऐसी बात कभी कहीं कि तुम लोगों ने मेरे लिये देवदार का घर क्यों नहीं बनवाया?\n"
      },
      {
        "tag": "s5",
        "nextChar": "\n",
        "type": "section"
      }
    ]
  },
  "7": {
    "verseObjects": [
      {
        "type": "text",
        "text": "अतः: अब तू मेरे दास दाऊद से ऐसा कह, कि सेनाओं का यहोवा यह कहता है, कि मैंने तो तुझको भेड़शाला से और भेड़-बकरियों के पीछे-पीछे फिरने से इस मनसा से बुला लिया, कि तू मेरी प्रजा इस्राएल का प्रधान हो जाए;\n"
      }
    ]
  },
  "8": {
    "verseObjects": [
      {
        "type": "text",
        "text": "और जहाँ कहीं तू आया और गया, वहाँ मैं तेरे संग रहा, और तेरे सब शत्रुओं को तेरे सामने से नष्ट किया है। अब मैं तेरे नाम को पृथ्वी के बड़े-बड़े लोगों के नामों के समान बड़ा कर दूँगा।\n"
      },
      {
        "tag": "s5",
        "nextChar": "\n",
        "type": "section"
      }
    ]
  },
  "9": {
    "verseObjects": [
      {
        "type": "text",
        "text": "और मैं अपनी प्रजा इस्राएल के लिये एक स्थान ठहराऊँगा, और उसको स्थिर करूँगा कि वह अपने ही स्थान में बसी रहे और कभी चलायमान न हो; और कुटिल लोग उनको नाश न करने पाएँगे, जैसे कि पहले दिनों में करते थे,\n"
      }
    ]
  },
  "10": {
    "verseObjects": [
      {
        "type": "text",
        "text": "वरन् उस समय भी जब मैं अपनी प्रजा इस्राएल के ऊपर न्यायी ठहराता था; अतः मैं तेरे सब शत्रुओं को दबा दूँगा। फिर मैं तुझे यह भी बताता हूँ, कि यहोवा तेरा घर बनाये रखेगा।\n"
      },
      {
        "tag": "s5",
        "nextChar": "\n",
        "type": "section"
      }
    ]
  },
  "11": {
    "verseObjects": [
      {
        "type": "text",
        "text": "जब तेरी आयु पूरी हो जाएगी और तुझे अपने पितरों के संग जाना पड़ेगा, तब मैं तेरे बाद तेरे वंश को जो तेरे पुत्रों में से होगा, खड़ा करके उसके राज्य को स्थिर करूँगा। (1 राजा. 2:10-11, 2 शमू. 7:12)\n"
      }
    ]
  },
  "12": {
    "verseObjects": [
      {
        "type": "text",
        "text": "मेरे लिये एक घर वही बनाएगा, और मैं उसकी राजगद्दी को सदैव स्थिर रखूँगा।\n"
      },
      {
        "tag": "s5",
        "nextChar": "\n",
        "type": "section"
      }
    ]
  },
  "13": {
    "verseObjects": [
      {
        "type": "text",
        "text": "मैं उसका पिता ठहरूँगा और वह मेरा पुत्र ठहरेगा; और जैसे मैंने अपनी करुणा उस पर से जो तुझ से पहले था हटाई, वैसे मैं उस पर से न हटाऊँगा, (2 शमू. 7:14)\n"
      }
    ]
  },
  "14": {
    "verseObjects": [
      {
        "type": "text",
        "text": "वरन् मैं उसको अपने घर और अपने राज्य में सदैव स्थिर रखूँगा और उसकी राजगद्दी सदैव अटल रहेगी।’” (2 शमू. 7:16)\n"
      }
    ]
  },
  "15": {
    "verseObjects": [
      {
        "type": "text",
        "text": "इन सब बातों और इस दर्शन के अनुसार नातान ने दाऊद को समझा दिया।\n"
      },
      {
        "tag": "s",
        "type": "section",
        "content": "दाऊद द्वारा धन्यवाद की प्रार्थना\n"
      },
      {
        "tag": "p",
        "nextChar": "\n",
        "type": "paragraph"
      },
      {
        "tag": "s5",
        "nextChar": "\n",
        "type": "section"
      }
    ]
  },
  "16": {
    "verseObjects": [
      {
        "type": "text",
        "text": "तब दाऊद राजा भीतर जाकर यहोवा के सम्मुख बैठा, और कहने लगा, “हे यहोवा परमेश्‍वर! मैं क्या हूँ? और मेरा घराना क्या है? कि तूने मुझे यहाँ तक पहुँचाया है?\n"
      }
    ]
  },
  "17": {
    "verseObjects": [
      {
        "type": "text",
        "text": "हे परमेश्‍वर! यह तेरी दृष्टि में छोटी सी बात हुई, क्योंकि तूने अपने दास के घराने के विषय भविष्य के बहुत दिनों तक की चर्चा की है, और हे यहोवा परमेश्‍वर! तूने मुझे ऊँचे पद का मनुष्य* सा जाना है।\n"
      }
    ]
  },
  "18": {
    "verseObjects": [
      {
        "type": "text",
        "text": "जो महिमा तेरे दास पर दिखाई गई है, उसके विषय दाऊद तुझ से और क्या कह सकता है? तू तो अपने दास को जानता है।\n"
      },
      {
        "tag": "s5",
        "nextChar": "\n",
        "type": "section"
      }
    ]
  },
  "19": {
    "verseObjects": [
      {
        "type": "text",
        "text": "हे यहोवा! तूने अपने दास के निमित्त और अपने मन के अनुसार यह बड़ा काम किया है, कि तेरा दास उसको जान ले।\n"
      }
    ]
  },
  "20": {
    "verseObjects": [
      {
        "type": "text",
        "text": "हे यहोवा! जो कुछ हमने अपने कानों से सुना है, उसके अनुसार तेरे तुल्य कोई नहीं, और न तुझे छोड़ और कोई परमेश्‍वर है।\n"
      }
    ]
  },
  "21": {
    "verseObjects": [
      {
        "type": "text",
        "text": "फिर तेरी प्रजा इस्राएल के भी तुल्य कौन है? वह तो पृथ्वी भर में एक ही जाति है, उसे परमेश्‍वर ने जाकर अपनी निज प्रजा करने को छुड़ाया, इसलिए कि तू बड़े और डरावने काम करके अपना नाम करे, और अपनी प्रजा के सामने से जो तूने मिस्र से छुड़ा ली थी, जाति-जाति के लोगों को निकाल दे।\n"
      },
      {
        "tag": "s5",
        "nextChar": "\n",
        "type": "section"
      }
    ]
  },
  "22": {
    "verseObjects": [
      {
        "type": "text",
        "text": "क्योंकि तूने अपनी प्रजा इस्राएल को अपनी सदा की प्रजा होने के लिये ठहराया, और हे यहोवा! तू आप उसका परमेश्‍वर ठहरा।\n"
      }
    ]
  },
  "23": {
    "verseObjects": [
      {
        "type": "text",
        "text": "इसलिए, अब हे यहोवा, तूने जो वचन अपने दास के और उसके घराने के विषय दिया है, वह सदैव अटल रहे, और अपने वचन के अनुसार ही कर।\n"
      }
    ]
  },
  "24": {
    "verseObjects": [
      {
        "type": "text",
        "text": "और तेरा नाम सदैव अटल रहे, और यह कहकर तेरी बड़ाई सदा की जाए*, कि सेनाओं का यहोवा इस्राएल का परमेश्‍वर है, वरन् वह इस्राएल ही के लिये परमेश्‍वर है, और तेरा दास दाऊद का घराना तेरे सामने स्थिर रहे।\n"
      },
      {
        "tag": "s5",
        "nextChar": "\n",
        "type": "section"
      }
    ]
  },
  "25": {
    "verseObjects": [
      {
        "type": "text",
        "text": "क्योंकि हे मेरे परमेश्‍वर, तूने यह कहकर अपने दास पर प्रगट किया है कि मैं तेरा घर बनाए रखूँगा, इस कारण तेरे दास को तेरे सम्मुख प्रार्थना करने का हियाव हुआ है।\n"
      }
    ]
  },
  "26": {
    "verseObjects": [
      {
        "type": "text",
        "text": "और अब हे यहोवा तू ही परमेश्‍वर है, और तूने अपने दास को यह भलाई करने का वचन दिया है;\n"
      }
    ]
  },
  "27": {
    "verseObjects": [
      {
        "type": "text",
        "text": "और अब तूने प्रसन्‍न होकर, अपने दास के घराने पर ऐसी आशीष दी है, कि वह तेरे सम्मुख सदैव बना रहे, क्योंकि हे यहोवा, तू आशीष दे चुका है, इसलिए वह सदैव आशीषित बना रहे।”\n\n"
      },
      {
        "tag": "s5",
        "nextChar": "\n",
        "type": "section"
      }
    ]
  },
  "front": {
    "verseObjects": [
      {
        "tag": "s",
        "type": "section",
        "content": "दाऊद के साथ परमेश्‍वर की वाचा\n"
      },
      {
        "tag": "p",
        "nextChar": "\n",
        "type": "paragraph"
      }
    ]
  }
}