{
  "1": {
    "verseObjects": [
      {
        "type": "text",
        "text": "इसके बाद अम्मोनियों का राजा नाहाश मर गया, और उसका पुत्र उसके स्थान पर राजा हुआ।\n"
      }
    ]
  },
  "2": {
    "verseObjects": [
      {
        "type": "text",
        "text": "तब दाऊद ने यह सोचा, “हानून के पिता नाहाश ने जो मुझ पर प्रीति दिखाई थी, इसलिए मैं भी उस पर प्रीति दिखाऊँगा।” तब दाऊद ने उसके पिता के विषय शान्ति देने के लिये दूत भेजे। और दाऊद के कर्मचारी अम्मोनियों के देश में हानून के पास उसे शान्ति देने को आए।\n"
      }
    ]
  },
  "3": {
    "verseObjects": [
      {
        "type": "text",
        "text": "परन्तु अम्मोनियों के हाकिम हानून से कहने लगे, “दाऊद ने जो तेरे पास शान्ति देनेवाले भेजे हैं, वह क्या तेरी समझ में तेरे पिता का आदर करने की मनसा से भेजे हैं? क्या उसके कर्मचारी इसी मनसा से तेरे पास नहीं आए, कि ढूँढ़-ढाँढ़ करें और नष्ट करें, और देश का भेद लें?” \n"
      },
      {
        "tag": "s5",
        "type": "section",
        "text": "\n"
      }
    ]
  },
  "4": {
    "verseObjects": [
      {
        "type": "text",
        "text": "इसलिए हानून ने दाऊद के कर्मचारियों को पकड़ा, और उनके बाल मुड़वाए, और आधे वस्त्र अर्थात् नितम्ब तक कटवाकर उनको जाने दिया।\n"
      }
    ]
  },
  "5": {
    "verseObjects": [
      {
        "type": "text",
        "text": "तब कुछ लोगों ने जाकर दाऊद को बता दिया कि उन पुरुषों के साथ कैसा बर्ताव किया गया, अतः: उसने लोगों को उनसे मिलने के लिये भेजा क्योंकि वे पुरुष बहुत लज्जित थे, और राजा ने कहा, “जब तक तुम्हारी दाढ़ियाँ बढ़ न जाएँ, तब तक यरीहो में ठहरे रहो, और बाद को लौट आना।” \n"
      },
      {
        "tag": "s5",
        "type": "section",
        "text": "\n"
      }
    ]
  },
  "6": {
    "verseObjects": [
      {
        "type": "text",
        "text": "जब अम्मोनियों ने देखा, कि हम दाऊद को घिनौने लगते हैं, तब हानून और अम्मोनियों ने एक हजार किक्कार चाँदी*, अरम्नहरैम और अरम्माका और सोबा को भेजी, कि रथ और सवार किराये पर बुलाए।\n"
      }
    ]
  },
  "7": {
    "verseObjects": [
      {
        "type": "text",
        "text": "सो उन्होंने बत्तीस हजार रथ, और माका के राजा और उसकी सेना को किराये पर बुलाया, और इन्होंने आकर मेदबा के सामने, अपने डेरे खड़े किए। और अम्मोनी अपने-अपने नगर में से इकट्ठे होकर लड़ने को आए।\n"
      },
      {
        "tag": "s5",
        "type": "section",
        "text": "\n"
      }
    ]
  },
  "8": {
    "verseObjects": [
      {
        "type": "text",
        "text": "यह सुनकर दाऊद ने योआब और शूरवीरों की पूरी सेना को भेजा।\n"
      }
    ]
  },
  "9": {
    "verseObjects": [
      {
        "type": "text",
        "text": "तब अम्मोनी निकले और नगर के फाटक के पास पाँति बाँधी, और जो राजा आए थे, वे उनसे अलग मैदान में थे।\n"
      },
      {
        "tag": "s5",
        "type": "section",
        "text": "\n"
      }
    ]
  },
  "10": {
    "verseObjects": [
      {
        "type": "text",
        "text": "यह देखकर कि आगे पीछे दोनों ओर हमारे विरुद्ध पाँति बंधी हैं, योआब ने सब बड़े-बड़े इस्राएली वीरों में से कुछ को छांटकर अरामियों के सामने उनकी पाँति बँधाई;\n"
      }
    ]
  },
  "11": {
    "verseObjects": [
      {
        "type": "text",
        "text": "और शेष लोगों को अपने भाई अबीशै के हाथ सौंप दिया, और उन्होंने अम्मोनियों के सामने पाँति बाँधी।\n"
      },
      {
        "tag": "s5",
        "type": "section",
        "text": "\n"
      }
    ]
  },
  "12": {
    "verseObjects": [
      {
        "type": "text",
        "text": "और उसने कहा, “यदि अरामी मुझ पर प्रबल होने लगें, तो तू मेरी सहायता करना; और यदि अम्मोनी तुझ पर प्रबल होने लगें, तो मैं तेरी सहायता करूँगा।\n"
      }
    ]
  },
  "13": {
    "verseObjects": [
      {
        "type": "text",
        "text": "तू हियाव बाँध और हम सब अपने लोगों और अपने परमेश्‍वर के नगरों के निमित्त पुरुषार्थ करें; और यहोवा जैसा उसको अच्छा लगे, वैसा ही करेगा।” \n"
      },
      {
        "tag": "s5",
        "type": "section",
        "text": "\n"
      }
    ]
  },
  "14": {
    "verseObjects": [
      {
        "type": "text",
        "text": "तब योआब और जो लोग उसके साथ थे, अरामियों से युद्ध करने को उनके सामने गए, और वे उसके सामने से भागे।\n"
      }
    ]
  },
  "15": {
    "verseObjects": [
      {
        "type": "text",
        "text": "यह देखकर कि अरामी भाग गए हैं, अम्मोनी भी उसके भाई अबीशै के सामने से भागकर नगर के भीतर घुसे। तब योआब यरूशलेम को लौट आया।\n"
      },
      {
        "tag": "s5",
        "type": "section",
        "text": "\n"
      }
    ]
  },
  "16": {
    "verseObjects": [
      {
        "type": "text",
        "text": "फिर यह देखकर कि वे इस्राएलियों से हार गए हैं, अरामियों ने दूत भेजकर फरात के पार के अरामियों को बुलवाया, और हदादेजेर के सेनापति शोपक को अपना प्रधान बनाया।\n"
      }
    ]
  },
  "17": {
    "verseObjects": [
      {
        "type": "text",
        "text": "इसका समाचार पाकर दाऊद ने सब इस्राएलियों को इकट्ठा किया, और यरदन पार होकर उन पर चढ़ाई की और उनके विरुद्ध पाँति बँधाई, तब वे उससे लड़ने लगे।\n"
      },
      {
        "tag": "s5",
        "type": "section",
        "text": "\n"
      }
    ]
  },
  "18": {
    "verseObjects": [
      {
        "type": "text",
        "text": "परन्तु अरामी इस्राएलियों से भागे, और दाऊद ने उनमें से सात हजार रथियों और चालीस हजार प्यादों को मार डाला, और शोपक सेनापति को भी मार डाला।\n"
      }
    ]
  },
  "19": {
    "verseObjects": [
      {
        "type": "text",
        "text": "यह देखकर कि वे इस्राएलियों से हार गए हैं, हदादेजेर के कर्मचारियों ने दाऊद से संधि की और उसके अधीन हो गए; और अरामियों ने अम्मोनियों की सहायता फिर करनी न चाही।\n\n"
      },
      {
        "tag": "s5",
        "type": "section",
        "text": "\n"
      }
    ]
  },
  "front": {
    "verseObjects": [
      {
        "tag": "s",
        "type": "section",
        "text": "अम्मोनियों पर विजय\n"
      },
      {
        "tag": "p",
        "type": "paragraph",
        "text": "\n"
      }
    ]
  }
}