{
  "1": {
    "verseObjects": [
      {
        "type": "text",
        "text": "इस्राएल के ये पुत्र हुए*; रूबेन, शिमोन, लेवी, यहूदा, इस्साकार, जबूलून,\n"
      }
    ]
  },
  "2": {
    "verseObjects": [
      {
        "type": "text",
        "text": "दान, यूसुफ, बिन्यामीन, नप्ताली, गाद और आशेर।\n"
      },
      {
        "tag": "s",
        "type": "section",
        "content": "यहूदा से दाऊद तक की वंशावली\n"
      },
      {
        "tag": "p",
        "nextChar": "\n",
        "type": "paragraph"
      },
      {
        "tag": "s5",
        "nextChar": "\n",
        "type": "section"
      }
    ]
  },
  "3": {
    "verseObjects": [
      {
        "type": "text",
        "text": "यहूदा के ये पुत्र हुए एर, ओनान और शेला, उसके ये तीनों पुत्र, शूआ नामक एक कनानी स्त्री की बेटी से उत्‍पन्‍न हुए। और यहूदा का जेठा एर, यहोवा की दृष्टि में बुरा था, इस कारण उसने उसको मार डाला।\n"
      }
    ]
  },
  "4": {
    "verseObjects": [
      {
        "type": "text",
        "text": "यहूदा की बहू तामार से पेरेस और जेरह उत्‍पन्‍न हुए। यहूदा के कुल पाँच पुत्र हुए।\n"
      },
      {
        "tag": "s5",
        "nextChar": "\n",
        "type": "section"
      }
    ]
  },
  "5": {
    "verseObjects": [
      {
        "type": "text",
        "text": "पेरेस के पुत्र: हेस्रोन और हामूल।\n"
      }
    ]
  },
  "6": {
    "verseObjects": [
      {
        "type": "text",
        "text": "और जेरह के पुत्र: जिम्री, एतान, हेमान, कलकोल और दारा सब मिलकर पाँच पुत्र हुए।\n"
      }
    ]
  },
  "7": {
    "verseObjects": [
      {
        "type": "text",
        "text": "फिर कर्मी का पुत्र: आकार जो अर्पण की हुई वस्तु के विषय में विश्वासघात करके इस्राएलियों को कष्ट देनेवाला हुआ।\n"
      }
    ]
  },
  "8": {
    "verseObjects": [
      {
        "type": "text",
        "text": "और एतान का पुत्र: अजर्याह।\n"
      },
      {
        "tag": "s5",
        "nextChar": "\n",
        "type": "section"
      }
    ]
  },
  "9": {
    "verseObjects": [
      {
        "type": "text",
        "text": "हेस्रोन के जो पुत्र उत्‍पन्‍न हुए यरहमेल, राम और कलूबै। (मत्ती 1:3)\n"
      }
    ]
  },
  "10": {
    "verseObjects": [
      {
        "type": "text",
        "text": "और राम से अम्मीनादाब और अम्मीनादाब से नहशोन उत्‍पन्‍न हुआ जो यहूदा वंशियों का प्रधान बना।\n"
      }
    ]
  },
  "11": {
    "verseObjects": [
      {
        "type": "text",
        "text": "और नहशोन से सल्मा और सल्मा से बोअज;\n"
      }
    ]
  },
  "12": {
    "verseObjects": [
      {
        "type": "text",
        "text": "और बोअज से ओबेद और ओबेद से यिशै उत्‍पन्‍न हुआ। (मत्ती 1:4-5)\n"
      },
      {
        "tag": "s5",
        "nextChar": "\n",
        "type": "section"
      }
    ]
  },
  "13": {
    "verseObjects": [
      {
        "type": "text",
        "text": "और यिशै से उसका जेठा एलीआब और दूसरा अबीनादाब तीसरा शिमा,\n"
      }
    ]
  },
  "14": {
    "verseObjects": [
      {
        "type": "text",
        "text": "चौथा नतनेल और पाँचवाँ रद्दैं।\n"
      }
    ]
  },
  "15": {
    "verseObjects": [
      {
        "type": "text",
        "text": "छठा ओसेम और सातवाँ दाऊद उत्‍पन्‍न हुआ। (लूका 3:31-32)\n"
      },
      {
        "tag": "s5",
        "nextChar": "\n",
        "type": "section"
      }
    ]
  },
  "16": {
    "verseObjects": [
      {
        "type": "text",
        "text": "इनकी बहनें सरूयाह और अबीगैल थीं। और सरूयाह के पुत्र अबीशै, योआब और असाहेल ये तीन थे।\n"
      }
    ]
  },
  "17": {
    "verseObjects": [
      {
        "type": "text",
        "text": "और अबीगैल से अमासा उत्‍पन्‍न हुआ, और अमासा का पिता इश्माएली येतेर था।\n"
      },
      {
        "tag": "s",
        "type": "section",
        "content": "हेस्रोन के वंशज\n"
      },
      {
        "tag": "p",
        "nextChar": "\n",
        "type": "paragraph"
      },
      {
        "tag": "s5",
        "nextChar": "\n",
        "type": "section"
      }
    ]
  },
  "18": {
    "verseObjects": [
      {
        "type": "text",
        "text": "हेस्रोन के पुत्र कालेब* के अजूबा नाम एक स्त्री से, और यरीओत से, बेटे उत्‍पन्‍न हुए; और इसके पुत्र ये हूए; अर्थात् येशेर, शोबाब और अर्दोन।\n"
      }
    ]
  },
  "19": {
    "verseObjects": [
      {
        "type": "text",
        "text": "जब अजूबा मर गई, तब कालेब ने एप्राता को ब्याह लिया; और जिससे हूर उत्‍पन्‍न हुआ।\n"
      }
    ]
  },
  "20": {
    "verseObjects": [
      {
        "type": "text",
        "text": "और हूर से ऊरी और ऊरी से बसलेल उत्‍पन्‍न हुआ।\n"
      },
      {
        "tag": "s5",
        "nextChar": "\n",
        "type": "section"
      }
    ]
  },
  "21": {
    "verseObjects": [
      {
        "type": "text",
        "text": "इसके बाद हेस्रोन गिलाद के पिता माकीर की बेटी के पास गया, जिसे उसने तब ब्याह लिया, जब वह साठ वर्ष का था; और उससे सगूब उत्‍पन्‍न हुआ।\n"
      }
    ]
  },
  "22": {
    "verseObjects": [
      {
        "type": "text",
        "text": "और सगूब से याईर जन्मा, जिसके गिलाद देश में तेईस नगर थे।\n"
      },
      {
        "tag": "s5",
        "nextChar": "\n",
        "type": "section"
      }
    ]
  },
  "23": {
    "verseObjects": [
      {
        "type": "text",
        "text": "और गशूर और अराम ने याईर की बस्तियों को और गाँवों समेत कनात को, उनसे ले लिया; ये सब नगर मिलकर साठ थे। ये सब गिलाद के पिता माकीर के पुत्र थे*।\n"
      }
    ]
  },
  "24": {
    "verseObjects": [
      {
        "type": "text",
        "text": "और जब हेस्रोन कालेब एप्राता में मर गया, तब उसकी अबिय्याह नाम स्त्री से अशहूर उत्‍पन्‍न हुआ जो तकोआ का पिता हुआ।\n"
      },
      {
        "tag": "s",
        "type": "section",
        "content": "यरहमेल के वंशज\n"
      },
      {
        "tag": "p",
        "nextChar": "\n",
        "type": "paragraph"
      },
      {
        "tag": "s5",
        "nextChar": "\n",
        "type": "section"
      }
    ]
  },
  "25": {
    "verseObjects": [
      {
        "type": "text",
        "text": "और हेस्रोन के जेठे यरहमेल के ये पुत्र हुए अर्थात् राम जो उसका जेठा था; और बूना, ओरेन, ओसेम और अहिय्याह।\n"
      }
    ]
  },
  "26": {
    "verseObjects": [
      {
        "type": "text",
        "text": "और यरहमेल की एक और पत्‍नी थी, जिसका नाम अतारा था; वह ओनाम की माता थी।\n"
      }
    ]
  },
  "27": {
    "verseObjects": [
      {
        "type": "text",
        "text": "और यरहमेल के जेठे राम के ये पुत्र हुए, अर्थात् मास, यामीन और एकेर।\n"
      }
    ]
  },
  "28": {
    "verseObjects": [
      {
        "type": "text",
        "text": "और ओनाम के पुत्र शम्मै और यादा हुए। और शम्मै के पुत्र नादाब और अबीशूर हुए।\n"
      },
      {
        "tag": "s5",
        "nextChar": "\n",
        "type": "section"
      }
    ]
  },
  "29": {
    "verseObjects": [
      {
        "type": "text",
        "text": "और अबीशूर की पत्‍नी का नाम अबीहैल था, और उससे अहबान और मोलीद उत्‍पन्‍न हुए।\n"
      }
    ]
  },
  "30": {
    "verseObjects": [
      {
        "type": "text",
        "text": "और नादाब के पुत्र सेलेद और अप्पैम हुए; सेलेद तो निःसन्तान मर गया।\n"
      }
    ]
  },
  "31": {
    "verseObjects": [
      {
        "type": "text",
        "text": "और अप्पैम का पुत्र यिशी और यिशी का पुत्र शेशान और शेशान का पुत्र: अहलै।\n"
      }
    ]
  },
  "32": {
    "verseObjects": [
      {
        "type": "text",
        "text": "फिर शम्मै के भाई यादा के पुत्र: येतेर और योनातान हुए; येतेर तो निःसन्तान मर गया।\n"
      }
    ]
  },
  "33": {
    "verseObjects": [
      {
        "type": "text",
        "text": "योनातान के पुत्र पेलेत और जाजा; यरहमेल के पुत्र ये हुए।\n"
      },
      {
        "tag": "s5",
        "nextChar": "\n",
        "type": "section"
      }
    ]
  },
  "34": {
    "verseObjects": [
      {
        "type": "text",
        "text": "शेशान के तो बेटा न हुआ, केवल बेटियाँ हुई। शेशान के पास यर्हा नाम एक मिस्री दास था।\n"
      }
    ]
  },
  "35": {
    "verseObjects": [
      {
        "type": "text",
        "text": "और शेशान ने उसको अपनी बेटी ब्याह दी, और उससे अत्तै उत्‍पन्‍न हुआ।\n"
      },
      {
        "tag": "s5",
        "nextChar": "\n",
        "type": "section"
      }
    ]
  },
  "36": {
    "verseObjects": [
      {
        "type": "text",
        "text": "और अत्तै से नातान, नातान से जाबाद,\n"
      }
    ]
  },
  "37": {
    "verseObjects": [
      {
        "type": "text",
        "text": "जाबाद से एपलाल, एपलाल से ओबेद,\n"
      }
    ]
  },
  "38": {
    "verseObjects": [
      {
        "type": "text",
        "text": "ओबेद से येहू, येहू से अजर्याह,\n"
      },
      {
        "tag": "s5",
        "nextChar": "\n",
        "type": "section"
      }
    ]
  },
  "39": {
    "verseObjects": [
      {
        "type": "text",
        "text": "अजर्याह से हेलेस, हेलेस से एलासा,\n"
      }
    ]
  },
  "40": {
    "verseObjects": [
      {
        "type": "text",
        "text": "एलासा से सिस्मै, सिस्मै से शल्लूम,\n"
      }
    ]
  },
  "41": {
    "verseObjects": [
      {
        "type": "text",
        "text": "शल्लूम से यकम्याह और यकम्याह से एलीशामा उत्‍पन्‍न हुए।\n"
      },
      {
        "tag": "s",
        "type": "section",
        "content": "कालेब के वंशज\n"
      },
      {
        "tag": "p",
        "nextChar": "\n",
        "type": "paragraph"
      },
      {
        "tag": "s5",
        "nextChar": "\n",
        "type": "section"
      }
    ]
  },
  "42": {
    "verseObjects": [
      {
        "type": "text",
        "text": "फिर यरहमेल के भाई कालेब के ये पुत्र हुए अर्थात् उसका जेठा मेशा जो जीप का पिता हुआ। और मारेशा का पुत्र हेब्रोन भी उसी के वंश में हुआ।\n"
      }
    ]
  },
  "43": {
    "verseObjects": [
      {
        "type": "text",
        "text": "और हेब्रोन के पुत्र कोरह, तप्पूह, रेकेम और शेमा।\n"
      }
    ]
  },
  "44": {
    "verseObjects": [
      {
        "type": "text",
        "text": "और शेमा से योर्काम का पिता रहम और रेकेम से शम्मै उत्‍पन्‍न हुआ था।\n"
      },
      {
        "tag": "s5",
        "nextChar": "\n",
        "type": "section"
      }
    ]
  },
  "45": {
    "verseObjects": [
      {
        "type": "text",
        "text": "और शम्मै का पुत्र माओन हुआ; और माओन बेतसूर का पिता हुआ।\n"
      }
    ]
  },
  "46": {
    "verseObjects": [
      {
        "type": "text",
        "text": "फिर एपा जो कालेब की रखैल थी, उससे हारान, मोसा और गाजेज उत्‍पन्‍न हुए; और हारान से गाजेज उत्‍पन्‍न हुआ।\n"
      }
    ]
  },
  "47": {
    "verseObjects": [
      {
        "type": "text",
        "text": "फिर याहदै के पुत्र रेगेम, योताम, गेशान, पेलेत, एपा और श्राप।\n"
      },
      {
        "tag": "s5",
        "nextChar": "\n",
        "type": "section"
      }
    ]
  },
  "48": {
    "verseObjects": [
      {
        "type": "text",
        "text": "और माका जो कालेब की रखैल थी, उससे शेबेर और तिर्हाना उत्‍पन्‍न हुए।\n"
      }
    ]
  },
  "49": {
    "verseObjects": [
      {
        "type": "text",
        "text": "फिर उससे मदमन्ना का पिता श्राप और मकबेना और गिबा का पिता शवा उत्‍पन्‍न हुए। और कालेब की बेटी अकसा थी। कालेब के वंश में ये हुए।\n"
      }
    ]
  },
  "50": {
    "verseObjects": [
      {
        "type": "text",
        "text": "एप्राता के जेठे हूर का पुत्र : किर्यत्यारीम का पिता शोबाल,\n"
      },
      {
        "tag": "s5",
        "nextChar": "\n",
        "type": "section"
      }
    ]
  },
  "51": {
    "verseObjects": [
      {
        "type": "text",
        "text": "बैतलहम का पिता सल्मा और बेतगादेर का पिता हारेप।\n"
      },
      {
        "tag": "s5",
        "nextChar": "\n",
        "type": "section"
      }
    ]
  },
  "52": {
    "verseObjects": [
      {
        "type": "text",
        "text": "और किर्यत्यारीम के पिता शोबाल के वंश में हारोए आधे मनुहोतवासी,\n"
      }
    ]
  },
  "53": {
    "verseObjects": [
      {
        "type": "text",
        "text": "और किर्यत्यारीम के कुल अर्थात् येतेरी, पूती, शूमाती और मिश्राई और इनसे सोराई और एश्‍ताओली निकले।\n"
      },
      {
        "tag": "s5",
        "nextChar": "\n",
        "type": "section"
      }
    ]
  },
  "54": {
    "verseObjects": [
      {
        "type": "text",
        "text": "फिर सल्मा के वंश में बैतलहम और नतोपाई, अत्रोतबेत्योआब और आधे मानहती, सोरी।\n"
      }
    ]
  },
  "55": {
    "verseObjects": [
      {
        "type": "text",
        "text": "याबेस में रहनेवाले लेखकों के कुल अर्थात् तिराती, शिमाती और सूकाती हुए। ये रेकाब के घराने के मूलपुरुष हम्मत के वंशवाले केनी हैं।\n\n"
      },
      {
        "tag": "s5",
        "nextChar": "\n",
        "type": "section"
      }
    ]
  },
  "front": {
    "verseObjects": [
      {
        "tag": "p",
        "nextChar": "\n",
        "type": "paragraph"
      }
    ]
  }
}