{
  "1": {
    "verseObjects": [
      {
        "type": "text",
        "text": "दाऊद तो बूढ़ा वरन् बहुत बूढ़ा हो गया था, इसलिए उसने अपने पुत्र सुलैमान को इस्राएल पर राजा नियुक्त कर दिया।\n"
      }
    ]
  },
  "2": {
    "verseObjects": [
      {
        "type": "text",
        "text": "तब उसने इस्राएल के सब हाकिमों और याजकों और लेवियों को इकट्ठा किया।\n"
      }
    ]
  },
  "3": {
    "verseObjects": [
      {
        "type": "text",
        "text": "जितने लेवीय तीस वर्ष के और उससे अधिक अवस्था के थे, वे गिने गए, और एक-एक पुरुष के गिनने से उनकी गिनती अड़तीस हजार हुई।\n"
      },
      {
        "tag": "s5",
        "type": "section",
        "text": "\n"
      }
    ]
  },
  "4": {
    "verseObjects": [
      {
        "type": "text",
        "text": "इनमें से चौबीस हजार तो यहोवा के भवन का काम चलाने के लिये नियुक्त हुए, और छः हजार सरदार और न्यायी।\n"
      }
    ]
  },
  "5": {
    "verseObjects": [
      {
        "type": "text",
        "text": "और चार हजार द्वारपाल नियुक्त हुए, और चार हजार उन बाजों से यहोवा की स्तुति करने के लिये ठहराए गए जो दाऊद ने स्तुति करने के लिये बनाए थे।\n"
      }
    ]
  },
  "6": {
    "verseObjects": [
      {
        "type": "text",
        "text": "फिर दाऊद ने उनको गेर्शोन, कहात और मरारी नामक लेवी के पुत्रों के अनुसार दलों में अलग-अलग कर दिया।\n"
      },
      {
        "tag": "s5",
        "type": "section",
        "text": "\n"
      }
    ]
  },
  "7": {
    "verseObjects": [
      {
        "type": "text",
        "text": "गेर्शोनियों में से तो लादान और शिमी थे।\n"
      }
    ]
  },
  "8": {
    "verseObjects": [
      {
        "type": "text",
        "text": "और लादान के पुत्र: सरदार यहीएल, फिर जेताम और योएल ये तीन थे।\n"
      }
    ]
  },
  "9": {
    "verseObjects": [
      {
        "type": "text",
        "text": "शिमी के पुत्र: शलोमीत, हजीएल और हारान ये तीन थे। लादान के कुल के पूर्वजों के घरानों के मुख्य पुरुष ये ही थे।\n"
      },
      {
        "tag": "s5",
        "type": "section",
        "text": "\n"
      }
    ]
  },
  "10": {
    "verseObjects": [
      {
        "type": "text",
        "text": "फिर शिमी के पुत्र: यहत, जीना, यूश, और बरीआ, शिमी के यही चार पुत्र थे।\n"
      }
    ]
  },
  "11": {
    "verseObjects": [
      {
        "type": "text",
        "text": "यहत मुख्य था, और जीजा दूसरा; यूश और बरीआ के बहुत बेटे न हुए, इस कारण वे सब मिलकर पितरों का एक ही घराना ठहरे।\n"
      },
      {
        "tag": "s5",
        "type": "section",
        "text": "\n"
      }
    ]
  },
  "12": {
    "verseObjects": [
      {
        "type": "text",
        "text": "कहात के पुत्र: अम्राम, यिसहार, हेब्रोन और उज्जीएल चार। अम्राम के पुत्र: हारून और मूसा।\n"
      }
    ]
  },
  "13": {
    "verseObjects": [
      {
        "type": "text",
        "text": "हारून तो इसलिए अलग किया गया, कि वह और उसके सन्तान सदा परमपवित्र वस्तुओं को पवित्र ठहराएँ, और सदा यहोवा के सम्मुख धूप जलाया करें और उसकी सेवा टहल करें, और उसके नाम से आशीर्वाद दिया करें।\n"
      }
    ]
  },
  "14": {
    "verseObjects": [
      {
        "type": "text",
        "text": "परन्तु परमेश्‍वर के भक्त मूसा के पुत्रों के नाम लेवी के गोत्र के बीच गिने गए।\n"
      },
      {
        "tag": "s5",
        "type": "section",
        "text": "\n"
      }
    ]
  },
  "15": {
    "verseObjects": [
      {
        "type": "text",
        "text": "मूसा के पुत्र, गेर्शोम और एलीएजेर।\n"
      }
    ]
  },
  "16": {
    "verseObjects": [
      {
        "type": "text",
        "text": "और गेर्शोम का पुत्र शबूएल मुख्य था।\n"
      }
    ]
  },
  "17": {
    "verseObjects": [
      {
        "type": "text",
        "text": "एलीएजेर के पुत्र: रहब्याह मुख्य; और एलीएजेर के और कोई पुत्र न हुआ, परन्तु रहब्याह के बहुत से बेटे हुए।\n"
      }
    ]
  },
  "18": {
    "verseObjects": [
      {
        "type": "text",
        "text": "यिसहार के पुत्रों में से शलोमीत मुख्य ठहरा।\n"
      },
      {
        "tag": "s5",
        "type": "section",
        "text": "\n"
      }
    ]
  },
  "19": {
    "verseObjects": [
      {
        "type": "text",
        "text": "हेब्रोन के पुत्र: यरिय्याह मुख्य, दूसरा अमर्याह, तीसरा यहजीएल, और चौथा यकमाम।\n"
      }
    ]
  },
  "20": {
    "verseObjects": [
      {
        "type": "text",
        "text": "उज्जीएल के पुत्रों में से मुख्य तो मीका और दूसरा यिश्शिय्याह था।\n"
      },
      {
        "tag": "s5",
        "type": "section",
        "text": "\n"
      }
    ]
  },
  "21": {
    "verseObjects": [
      {
        "type": "text",
        "text": "मरारी के पुत्र: महली और मूशी। महली के पुत्र: एलीआजर और कीश।\n"
      }
    ]
  },
  "22": {
    "verseObjects": [
      {
        "type": "text",
        "text": "एलीआजर पुत्रहीन मर गया, उसके केवल बेटियाँ हुई; अतः: कीश के पुत्रों ने जो उनके भाई थे उन्हें ब्याह लिया।\n"
      }
    ]
  },
  "23": {
    "verseObjects": [
      {
        "type": "text",
        "text": "मूशी के पुत्र: महली; एदेर और यरेमोत यह तीन थे।\n"
      },
      {
        "tag": "s5",
        "type": "section",
        "text": "\n"
      }
    ]
  },
  "24": {
    "verseObjects": [
      {
        "type": "text",
        "text": "लेवीय पितरों के घरानों के मुख्य पुरुष ये ही थे, ये नाम ले लेकर, एक-एक पुरुष करके गिने गए, और बीस वर्ष की या उससे अधिक अवस्था के थे और यहोवा के भवन में सेवा टहल करते थे।\n"
      }
    ]
  },
  "25": {
    "verseObjects": [
      {
        "type": "text",
        "text": "क्योंकि दाऊद ने कहा, “इस्राएल के परमेश्‍वर यहोवा ने अपनी प्रजा को विश्राम दिया है, कि वे यरूशलेम में सदैव रह सकें।\n"
      }
    ]
  },
  "26": {
    "verseObjects": [
      {
        "type": "text",
        "text": "और लेवियों को निवास और उसकी उपासना का सामान फिर उठाना न पड़ेगा।” \n"
      },
      {
        "tag": "s5",
        "type": "section",
        "text": "\n"
      }
    ]
  },
  "27": {
    "verseObjects": [
      {
        "type": "text",
        "text": "क्योंकि दाऊद की पिछली आज्ञाओं* के अनुसार बीस वर्ष या उससे अधिक अवस्था के लेवीय गिने गए।\n"
      }
    ]
  },
  "28": {
    "verseObjects": [
      {
        "type": "text",
        "text": "क्योंकि उनका काम तो हारून की सन्तान की सेवा टहल करना था, अर्थात् यह कि वे आँगनों और कोठरियों में, और सब पवित्र वस्तुओं के शुद्ध करने में और परमेश्‍वर के भवन की उपासना के सब कामों में सेवा टहल करें;\n"
      }
    ]
  },
  "29": {
    "verseObjects": [
      {
        "type": "text",
        "text": "और भेंट की रोटी का, अन्नबलियों के मैदे का, और अख़मीरी पपड़ियों का, और तवे पर बनाए हुए और सने हुए का, और मापने और तौलने के सब प्रकार का काम करें।\n"
      },
      {
        "tag": "s5",
        "type": "section",
        "text": "\n"
      }
    ]
  },
  "30": {
    "verseObjects": [
      {
        "type": "text",
        "text": "और प्रति भोर और प्रति सांझ को यहोवा का धन्यवाद और उसकी स्तुति करने के लिये खड़े रहा करें।\n"
      }
    ]
  },
  "31": {
    "verseObjects": [
      {
        "type": "text",
        "text": "और विश्रामदिनों और नये चाँद के दिनों, और नियत पर्वों में गिनती के नियम के अनुसार नित्य यहोवा के सब होमबलियों को चढ़ाएँ*;\n"
      },
      {
        "tag": "s5",
        "type": "section",
        "text": "\n"
      }
    ]
  },
  "32": {
    "verseObjects": [
      {
        "type": "text",
        "text": "और यहोवा के भवन की उपासना के विषय मिलापवाले तम्बू और पवित्रस्‍थान की रक्षा करें, और अपने भाई हारूनियों के सौंपे हुए काम को चौकसी से करें।\n\n"
      },
      {
        "tag": "s5",
        "type": "section",
        "text": "\n"
      }
    ]
  },
  "front": {
    "verseObjects": [
      {
        "tag": "s",
        "type": "section",
        "text": "लेवियों का जिम्मेदारियां बाँटा जाना\n"
      },
      {
        "tag": "p",
        "type": "paragraph",
        "text": "\n"
      }
    ]
  }
}