{
  "1": {
    "verseObjects": [
      {
        "type": "text",
        "text": "यहूदा के पुत्र: पेरेस, हेस्रोन, कर्मी, हूर और शोबाल।\n"
      },
      {
        "tag": "p",
        "type": "paragraph",
        "text": "\n"
      }
    ]
  },
  "2": {
    "verseObjects": [
      {
        "type": "text",
        "text": "और शोबाल के पुत्र: रायाह से यहत और यहत से अहूमै और लहद उत्‍पन्‍न हुए, ये सोराई कुल हैं।\n"
      },
      {
        "tag": "s5",
        "type": "section",
        "text": "\n"
      }
    ]
  },
  "3": {
    "verseObjects": [
      {
        "type": "text",
        "text": "एताम के पिता के ये पुत्र हुए अर्थात् यिज्रेल, यिश्मा और यिद्वाश, जिनकी बहन का नाम हस्सलेलपोनी था;\n"
      }
    ]
  },
  "4": {
    "verseObjects": [
      {
        "type": "text",
        "text": "और गदोर का पिता पनूएल, और हूशाह का पिता एजेर। ये एप्राता के जेठे हूर के सन्तान थे, जो बैतलहम का पिता हुआ।\n"
      },
      {
        "tag": "s5",
        "type": "section",
        "text": "\n"
      }
    ]
  },
  "5": {
    "verseObjects": [
      {
        "type": "text",
        "text": "और तकोआ के पिता अशहूर के हेला और नारा नामक दो स्त्रियाँ थीं।\n"
      }
    ]
  },
  "6": {
    "verseObjects": [
      {
        "type": "text",
        "text": "नारा से अहुज्जाम, हेपेर, तेमनी और हाहशतारी उत्‍पन्‍न हुए, नारा के ये ही पुत्र हुए।\n"
      }
    ]
  },
  "7": {
    "verseObjects": [
      {
        "type": "text",
        "text": "और हेला के पुत्र, सेरेत, यिसहार और एत्ना।\n"
      }
    ]
  },
  "8": {
    "verseObjects": [
      {
        "type": "text",
        "text": "कोस से आनूब और सोबेबा उत्‍पन्‍न हुए और उसके वंश में हारूम के पुत्र अहर्हेल के कुल भी उत्‍पन्‍न हुए।\n"
      },
      {
        "tag": "s5",
        "type": "section",
        "text": "\n"
      }
    ]
  },
  "9": {
    "verseObjects": [
      {
        "type": "text",
        "text": "और याबेस अपने भाइयों से अधिक प्रतिष्ठित हुआ, और उसकी माता ने यह कहकर उसका नाम याबेस रखा, “मैंने इसे पीड़ित होकर उत्‍पन्‍न किया।” \n"
      }
    ]
  },
  "10": {
    "verseObjects": [
      {
        "type": "text",
        "text": "और याबेस ने इस्राएल के परमेश्‍वर को यह कहकर पुकारा, “भला होता, कि तू मुझे सचमुच आशीष देता, और मेरा देश बढ़ाता, और तेरा हाथ मेरे साथ रहता, और तू मुझे बुराई से ऐसा बचा रखता कि मैं उससे पीड़ित न होता!” और जो कुछ उसने माँगा, वह परमेश्‍वर ने उसे दिया।\n"
      },
      {
        "tag": "s5",
        "type": "section",
        "text": "\n"
      }
    ]
  },
  "11": {
    "verseObjects": [
      {
        "type": "text",
        "text": "फिर शूहा के भाई कलूब से एशतोन का पिता महीर उत्‍पन्‍न हुआ।\n"
      }
    ]
  },
  "12": {
    "verseObjects": [
      {
        "type": "text",
        "text": "एशतोन के वंश में बेतरापा का घराना, और पासेह और ईर्नाहाश का पिता तहिन्ना उत्‍पन्‍न हुए, रेका के लोग ये ही हैं।\n"
      },
      {
        "tag": "s5",
        "type": "section",
        "text": "\n"
      }
    ]
  },
  "13": {
    "verseObjects": [
      {
        "type": "text",
        "text": "कनज के पुत्र: ओत्नीएल और सरायाह, और ओत्नीएल का पुत्र हतत।\n"
      }
    ]
  },
  "14": {
    "verseObjects": [
      {
        "type": "text",
        "text": "मोनोतै से ओप्रा और सरायाह से योआब जो गेहराशीम का पिता हुआ; वे कारीगर थे।\n"
      }
    ]
  },
  "15": {
    "verseObjects": [
      {
        "type": "text",
        "text": "और यपुन्‍ने के पुत्र कालेब के पुत्र: ईरू, एला और नाम; और एला के पुत्र: कनज।\n"
      }
    ]
  },
  "16": {
    "verseObjects": [
      {
        "type": "text",
        "text": "यहलेल के पुत्र, जीप, जीपा, तीरया और असरेल।\n"
      },
      {
        "tag": "s5",
        "type": "section",
        "text": "\n"
      }
    ]
  },
  "17": {
    "verseObjects": [
      {
        "type": "text",
        "text": "और एज्रा के पुत्र: येतेर, मेरेद, एपेर और यालोन, और उसकी स्त्री से मिर्याम, शम्मै और एश्तमो का पिता यिशबह उत्‍पन्‍न हुए*।\n"
      }
    ]
  },
  "18": {
    "verseObjects": [
      {
        "type": "text",
        "text": "उसकी यहूदिन स्त्री से गदोर का पिता येरेद, सोको के पिता हेबेर और जानोह के पिता यकूतीएल उत्‍पन्‍न हुए, ये फ़िरौन की बेटी बित्या के पुत्र थे जिसे मेरेद ने ब्याह लिया था।\n"
      },
      {
        "tag": "s5",
        "type": "section",
        "text": "\n"
      }
    ]
  },
  "19": {
    "verseObjects": [
      {
        "type": "text",
        "text": "और होदिय्याह की स्त्री जो नहम की बहन थी, उसके पुत्र: कीला का पिता एक गेरेमी और एश्तमो का पिता एक माकाई।\n"
      }
    ]
  },
  "20": {
    "verseObjects": [
      {
        "type": "text",
        "text": "और शीमोन के पुत्र: अम्नोन, रिन्ना, बेन्हानान और तोलोन; और यिशी के पुत्र: जोहेत और बेनजोहेत।\n"
      },
      {
        "tag": "s5",
        "type": "section",
        "text": "\n"
      }
    ]
  },
  "21": {
    "verseObjects": [
      {
        "type": "text",
        "text": "यहूदा के पुत्र शेला के पुत्र: लेका का पिता एर, मारेशा का पिता लादा और बेत-अशबे में उस घराने के कुल जिसमें सन के कपड़े का काम होता था;\n"
      }
    ]
  },
  "22": {
    "verseObjects": [
      {
        "type": "text",
        "text": "और योकीम और कोजेबा के मनुष्य और योआश और साराप जो मोआब* में प्रभुता करते थे और याशूब, लेहेम इनका वृत्तान्त प्राचीन है।\n"
      }
    ]
  },
  "23": {
    "verseObjects": [
      {
        "type": "text",
        "text": "ये कुम्हार थे, और नताईम और गदेरा में रहते थे जहाँ वे राजा का काम-काज करते हुए उसके पास रहते थे।\n"
      },
      {
        "tag": "s",
        "type": "section",
        "text": "शिमोन के वंशज\n"
      },
      {
        "tag": "p",
        "type": "paragraph",
        "text": "\n"
      },
      {
        "tag": "s5",
        "type": "section",
        "text": "\n"
      }
    ]
  },
  "24": {
    "verseObjects": [
      {
        "type": "text",
        "text": "शिमोन के पुत्र : नमूएल, यामीन, यारीब, जेरह और शाऊल;\n"
      }
    ]
  },
  "25": {
    "verseObjects": [
      {
        "type": "text",
        "text": "और शाऊल का पुत्र शल्लूम, शल्लूम का पुत्र मिबसाम और मिबसाम का मिश्मा हुआ।\n"
      }
    ]
  },
  "26": {
    "verseObjects": [
      {
        "type": "text",
        "text": "और मिश्मा का पुत्र हम्मूएल, उसका पुत्र जक्कूर, और उसका पुत्र शिमी।\n"
      },
      {
        "tag": "s5",
        "type": "section",
        "text": "\n"
      }
    ]
  },
  "27": {
    "verseObjects": [
      {
        "type": "text",
        "text": "शिमी के सोलह बेटे और छः बेटियाँ हुई परन्तु उसके भाइयों के बहुत बेटे न हुए; और उनका सारा कुल यहूदियों के बराबर न बढ़ा।\n"
      }
    ]
  },
  "28": {
    "verseObjects": [
      {
        "type": "text",
        "text": "वे बेर्शेबा, मोलादा, हसर्शूआल,\n"
      },
      {
        "tag": "s5",
        "type": "section",
        "text": "\n"
      }
    ]
  },
  "29": {
    "verseObjects": [
      {
        "type": "text",
        "text": "बिल्हा, एसेम, तोलाद,\n"
      }
    ]
  },
  "30": {
    "verseObjects": [
      {
        "type": "text",
        "text": "बतूएल, होर्मा, सिकलग,\n"
      }
    ]
  },
  "31": {
    "verseObjects": [
      {
        "type": "text",
        "text": "बेत्मर्काबोत, हसर्सूसीम, बेतबिरी और शारैंम में बस गए; दाऊद के राज्य के समय तक उनके ये ही नगर रहे।\n"
      },
      {
        "tag": "s5",
        "type": "section",
        "text": "\n"
      }
    ]
  },
  "32": {
    "verseObjects": [
      {
        "type": "text",
        "text": "और उनके गाँव एताम, ऐन, रिम्मोन, तोकेन और आशान नामक पाँच नगर;\n"
      }
    ]
  },
  "33": {
    "verseObjects": [
      {
        "type": "text",
        "text": "और बाल तक जितने गाँव इन नगरों के आस-पास थे, उनके बसने के स्थान ये ही थे, और यह उनकी वंशावली हैं।\n"
      },
      {
        "tag": "s5",
        "type": "section",
        "text": "\n"
      }
    ]
  },
  "34": {
    "verseObjects": [
      {
        "type": "text",
        "text": "फिर मशोबाब और यम्लेक और अमस्याह का पुत्र योशा,\n"
      }
    ]
  },
  "35": {
    "verseObjects": [
      {
        "type": "text",
        "text": "और योएल और योशिब्याह का पुत्र येहू, जो सरायाह का पोता, और असीएल का परपोता था,\n"
      }
    ]
  },
  "36": {
    "verseObjects": [
      {
        "type": "text",
        "text": "और एल्योएनै और याकोबा, यशोहायाह और असायाह और अदीएल और यसीमीएल और बनायाह,\n"
      }
    ]
  },
  "37": {
    "verseObjects": [
      {
        "type": "text",
        "text": "और शिपी का पुत्र जीजा जो अल्लोन का पुत्र, यह यदायाह का पुत्र, यह शिम्री का पुत्र, यह शमायाह का पुत्र था।\n"
      }
    ]
  },
  "38": {
    "verseObjects": [
      {
        "type": "text",
        "text": "ये जिनके नाम लिखें हुए हैं, अपने-अपने कुल में प्रधान थे; और उनके पितरों के घराने बहुत बढ़ गए।\n"
      },
      {
        "tag": "s5",
        "type": "section",
        "text": "\n"
      }
    ]
  },
  "39": {
    "verseObjects": [
      {
        "type": "text",
        "text": "ये अपनी भेड़-बकरियों के लिये चराई ढूँढ़ने को गदोर की घाटी की तराई की पूर्व ओर तक गए।\n"
      }
    ]
  },
  "40": {
    "verseObjects": [
      {
        "type": "text",
        "text": "और उनको उत्तम से उत्तम चराई मिली, और देश लम्बा-चौड़ा, चैन और शान्ति का था; क्योंकि वहाँ के पहले रहनेवाले हाम के वंश के थे।\n"
      }
    ]
  },
  "41": {
    "verseObjects": [
      {
        "type": "text",
        "text": "और जिनके नाम ऊपर लिखे हैं, उन्होंने यहूदा के राजा हिजकिय्याह के दिनों में वहाँ आकर जो मूनी वहाँ मिले, उनको डेरों समेत मारकर ऐसा सत्यानाश कर डाला कि आज तक उनका पता नहीं है, और वे उनके स्थान में रहने लगे, क्योंकि वहाँ उनकी भेड़-बकरियों के लिये चराई थीं।\n"
      },
      {
        "tag": "s5",
        "type": "section",
        "text": "\n"
      }
    ]
  },
  "42": {
    "verseObjects": [
      {
        "type": "text",
        "text": "और उनमें से अर्थात् शिमोनियों में से पाँच सौ पुरुष अपने ऊपर पलत्याह, नार्याह, रपायाह और उज्जीएल नाम यिशी के पुत्रों को अपना प्रधान ठहराया;\n"
      }
    ]
  },
  "43": {
    "verseObjects": [
      {
        "type": "text",
        "text": "तब वे सेईद पहाड़ को गए, और जो अमालेकी बचकर रह गए थे उनको मारा, और आज के दिन तक वहाँ रहते हैं।\n\n"
      },
      {
        "tag": "s5",
        "type": "section",
        "text": "\n"
      }
    ]
  },
  "front": {
    "verseObjects": [
      {
        "tag": "s",
        "type": "section",
        "text": "यहूदा के वंशावली\n"
      },
      {
        "tag": "p",
        "type": "paragraph",
        "text": "\n"
      }
    ]
  }
}