{
  "1": {
    "verseObjects": [
      {
        "type": "text",
        "text": "Finally, Yahweh said to Samuel, \"I have decided that I will not allow Saul to continue to be the king. So you should not keep feeling sad about what he has done. Put some olive oil in a small container and go to Bethlehem to anoint someone with the oil, and appoint him to be king. I am sending you there to a man named Jesse, because I have chosen one of his sons to be the king of Israel.\"\n\n"
      },
      {
        "tag": "s5",
        "nextChar": "\n",
        "type": "section"
      },
      {
        "tag": "p",
        "nextChar": "\n",
        "type": "paragraph"
      }
    ]
  },
  "2": {
    "verseObjects": [
      {
        "type": "text",
        "text": "But Samuel said, \"I am afraid to go. If Saul hears that I have appointed someone else to be king, he will kill me.\" Yahweh answered, \"Take with you a female cow that has not calved, and say to people that you have come to kill it and offer it as a sacrifice to me.\n"
      },
      {
        "tag": "p",
        "nextChar": "\n",
        "type": "paragraph"
      }
    ]
  },
  "3": {
    "verseObjects": [
      {
        "type": "text",
        "text": "Invite Jesse to come to the sacrifice. When he comes, I will show you what you should do. And I will show you which of his sons I have chosen to be the king. Then you should anoint him with the olive oil to be the king.\"\n\n"
      },
      {
        "tag": "s5",
        "nextChar": "\n",
        "type": "section"
      },
      {
        "tag": "p",
        "nextChar": "\n",
        "type": "paragraph"
      }
    ]
  },
  "4": {
    "verseObjects": [
      {
        "type": "text",
        "text": "Samuel did what Yahweh told him to do. He went to Bethlehem. When the town leaders came to him, they trembled, because they were worried that Samuel had come to rebuke them about something. One of them asked him, \"Have you come to speak peacefully to us?\"\n"
      },
      {
        "tag": "p",
        "nextChar": "\n",
        "type": "paragraph"
      }
    ]
  },
  "5": {
    "verseObjects": [
      {
        "type": "text",
        "text": "Samuel replied, \"Yes. I have come peacefully, to make a sacrifice to Yahweh. Set yourself apart for the honor of Yahweh, and then come with me to where they will offer the sacrifice.\" Then Samuel set apart Jesse to do what honors God, along with his sons, and then he invited them to the sacrifice.\n\n"
      },
      {
        "tag": "s5",
        "nextChar": "\n",
        "type": "section"
      },
      {
        "tag": "p",
        "nextChar": "\n",
        "type": "paragraph"
      }
    ]
  },
  "6": {
    "verseObjects": [
      {
        "type": "text",
        "text": "When they arrived there, Samuel looked at Jesse's oldest son Eliab, and thought, \"Surely this is the one whom Yahweh has appointed be king!\"\n"
      },
      {
        "tag": "p",
        "nextChar": "\n",
        "type": "paragraph"
      }
    ]
  },
  "7": {
    "verseObjects": [
      {
        "type": "text",
        "text": "But Yahweh said to Samuel, \"Do not think that he is the one whom I have chosen because of his being handsome and very tall, because I have not chosen him. I do not evaluate people as people do. You people evaluate people by their appearance, but I evaluate people by what is in their inner beings.\"\n\n"
      },
      {
        "tag": "s5",
        "nextChar": "\n",
        "type": "section"
      },
      {
        "tag": "p",
        "nextChar": "\n",
        "type": "paragraph"
      }
    ]
  },
  "8": {
    "verseObjects": [
      {
        "type": "text",
        "text": "Then Jesse told his next oldest son Abinadab to step forward and walk in front of Samuel. But when he did that, Samuel said, \"Yahweh has not chosen this one, either.\"\n"
      }
    ]
  },
  "9": {
    "verseObjects": [
      {
        "type": "text",
        "text": "Then Jesse told his next oldest son Shammah to step forward. He stepped forward, but Samuel said, \"Yahweh has not chosen this one, either.\"\n"
      }
    ]
  },
  "10": {
    "verseObjects": [
      {
        "type": "text",
        "text": "Similarly, Jesse told his other four sons to walk in front of Samuel. But Samuel said to Jesse, \"Yahweh has not chosen any of these sons of yours.\"\n\n"
      },
      {
        "tag": "s5",
        "nextChar": "\n",
        "type": "section"
      }
    ]
  },
  "11": {
    "verseObjects": [
      {
        "type": "text",
        "text": "Then Samuel asked Jesse, \"Do you have any other sons?\" Jesse replied, \"My youngest son is not here; he is out in the fields taking care of the sheep.\" Samuel said, \"Send someone to bring him here! We will not sit down to eat until he gets here.\"\n"
      },
      {
        "tag": "p",
        "nextChar": "\n",
        "type": "paragraph"
      }
    ]
  },
  "12": {
    "verseObjects": [
      {
        "type": "text",
        "text": "So Jesse sent someone to bring David there. And when David arrived, Samuel saw that he was handsome and healthy, and had bright eyes. Then Yahweh said, \"This is the one whom I have chosen; anoint him to be king.\"\n\n"
      },
      {
        "tag": "s5",
        "nextChar": "\n",
        "type": "section"
      },
      {
        "tag": "p",
        "nextChar": "\n",
        "type": "paragraph"
      }
    ]
  },
  "13": {
    "verseObjects": [
      {
        "type": "text",
        "text": "So as David stood there in front of his older brothers, Samuel took the container of oil that he had brought and poured some of it on David's head to set him apart to serve God. After they all ate, Samuel left there and returned to Ramah. But Yahweh's Spirit came on David powerfully, and stayed with David for the rest of his life.\n\n\n"
      },
      {
        "tag": "s5",
        "nextChar": "\n",
        "type": "section"
      },
      {
        "tag": "p",
        "nextChar": "\n",
        "type": "paragraph"
      }
    ]
  },
  "14": {
    "verseObjects": [
      {
        "type": "text",
        "text": "But Yahweh's Spirit left Saul. Instead of his Spirit staying with Saul, Yahweh sent an evil spirit to Saul to terrify him repeatedly.\n"
      },
      {
        "tag": "p",
        "nextChar": "\n",
        "type": "paragraph"
      }
    ]
  },
  "15": {
    "verseObjects": [
      {
        "type": "text",
        "text": "One of his servants said to him, \"It is evident that an evil spirit sent by God is terrifying you.\n"
      }
    ]
  },
  "16": {
    "verseObjects": [
      {
        "type": "text",
        "text": "So we suggest that you allow us your servants here to search for a man who plays the harp well. He can play the harp whenever the evil spirit bothers you. Then you will calm down and you will be well again.\"\n\n"
      },
      {
        "tag": "s5",
        "nextChar": "\n",
        "type": "section"
      },
      {
        "tag": "p",
        "nextChar": "\n",
        "type": "paragraph"
      }
    ]
  },
  "17": {
    "verseObjects": [
      {
        "type": "text",
        "text": "Saul replied, \"Fine, find for me a man who can play the harp well, and bring him to me.\"\n"
      },
      {
        "tag": "p",
        "nextChar": "\n",
        "type": "paragraph"
      }
    ]
  },
  "18": {
    "verseObjects": [
      {
        "type": "text",
        "text": "One of his servants said to him, \"A man named Jesse, in the city of Bethlehem, has a son who plays the harp very well. Furthermore, he is a brave man, and is a capable soldier. He is handsome and he always speaks wisely. And Yahweh always protects him.\"\n"
      },
      {
        "tag": "p",
        "nextChar": "\n",
        "type": "paragraph"
      }
    ]
  },
  "19": {
    "verseObjects": [
      {
        "type": "text",
        "text": "So Saul sent some messengers to Jesse. He told them to say to Jesse, \"Send your son David to me, the one who takes care of sheep.\"\n\n"
      },
      {
        "tag": "s5",
        "nextChar": "\n",
        "type": "section"
      }
    ]
  },
  "20": {
    "verseObjects": [
      {
        "type": "text",
        "text": "So after they went and told that to Jesse, he agreed and got a young goat, a container of wine, a donkey on which he put some loaves of bread and gave them to David to take to Saul as a present.\n"
      },
      {
        "tag": "p",
        "nextChar": "\n",
        "type": "paragraph"
      }
    ]
  },
  "21": {
    "verseObjects": [
      {
        "type": "text",
        "text": "Then David went to Saul and started to work for him. Saul liked David very much, and he became the man who carried Saul's weapons when Saul went to fight in battles.\n\n"
      },
      {
        "tag": "s5",
        "nextChar": "\n",
        "type": "section"
      }
    ]
  },
  "22": {
    "verseObjects": [
      {
        "type": "text",
        "text": "Then Saul sent a messenger to go to Jesse and tell him, \"I am pleased with David. Please let him stay here and work for me.\"\n"
      },
      {
        "tag": "p",
        "nextChar": "\n",
        "type": "paragraph"
      }
    ]
  },
  "23": {
    "verseObjects": [
      {
        "type": "text",
        "text": "Jesse agreed, and after that, whenever the evil spirit whom God sent tormented Saul, David played the harp. Then Saul would become calm, and the evil spirit would leave him.\n\n\n"
      },
      {
        "tag": "s5",
        "nextChar": "\n",
        "type": "section"
      }
    ]
  },
  "front": {
    "verseObjects": [
      {
        "type": "text",
        "text": "\n"
      },
      {
        "tag": "p",
        "nextChar": "\n",
        "type": "paragraph"
      }
    ]
  }
}