{
  "1": {
    "verseObjects": [
      {
        "type": "text",
        "text": "While he was still a boy, Samuel was serving Yahweh while Eli supervised him. At that time there were very few messages that anyone received from Yahweh, and very few people saw visions that Yahweh gave them.\n"
      },
      {
        "tag": "p",
        "nextChar": "\n",
        "type": "paragraph"
      }
    ]
  },
  "2": {
    "verseObjects": [
      {
        "type": "text",
        "text": "By that time Eli's eyes were very weak; he was almost blind. One night he was sleeping in his room,\n"
      }
    ]
  },
  "3": {
    "verseObjects": [
      {
        "type": "text",
        "text": "and Samuel was sleeping in the temple of Yahweh, where the sacred chest was kept. There was a lamp there that represented the presence of God, and it was still burning.\n"
      }
    ]
  },
  "4": {
    "verseObjects": [
      {
        "type": "text",
        "text": "Just then Yahweh called, \"Samuel! Samuel!\" Samuel replied, \"I am here!\"\n\n"
      },
      {
        "tag": "s5",
        "nextChar": "\n",
        "type": "section"
      },
      {
        "tag": "p",
        "nextChar": "\n",
        "type": "paragraph"
      }
    ]
  },
  "5": {
    "verseObjects": [
      {
        "type": "text",
        "text": "Then he got up and ran to Eli. He said to him, \"I am here, because you called me!\" But Eli replied, \"No, I did not call you. Go back to your bed.\" So Samuel went and lay down again.\n"
      },
      {
        "tag": "p",
        "nextChar": "\n",
        "type": "paragraph"
      }
    ]
  },
  "6": {
    "verseObjects": [
      {
        "type": "text",
        "text": "Then Yahweh called again, \"Samuel!\" So Samuel got up again and went to Eli and said, \"I am here, because you called me!\" But Eli said, \"No, my son, I did not call you. Go back and lie down.\"\n\n"
      },
      {
        "tag": "s5",
        "nextChar": "\n",
        "type": "section"
      },
      {
        "tag": "p",
        "nextChar": "\n",
        "type": "paragraph"
      }
    ]
  },
  "7": {
    "verseObjects": [
      {
        "type": "text",
        "text": "At that time Samuel had not yet known what it was like for Yahweh to speak to him, because Yahweh had not previously revealed anything to him.\n"
      },
      {
        "tag": "p",
        "nextChar": "\n",
        "type": "paragraph"
      }
    ]
  },
  "8": {
    "verseObjects": [
      {
        "type": "text",
        "text": "After Samuel lay down again, Yahweh called him a third time. So again Samuel got up and went to Eli and said, \"I am here, because you called me!\"\n"
      },
      {
        "tag": "p",
        "type": "paragraph",
        "text": "Then Eli realized that it was Yahweh who was calling the boy.\n"
      },
      {
        "type": "text",
        "text": "\n"
      },
      {
        "tag": "s5",
        "nextChar": "\n",
        "type": "section"
      }
    ]
  },
  "9": {
    "verseObjects": [
      {
        "type": "text",
        "text": "So he said to Samuel, \"Go and lie down again. If someone calls you again, say 'Speak to me, Yahweh, because I am listening!'\" So Samuel went and lay down again.\n\n"
      },
      {
        "tag": "s5",
        "nextChar": "\n",
        "type": "section"
      }
    ]
  },
  "10": {
    "verseObjects": [
      {
        "type": "text",
        "text": "Then Yahweh came and stood and called as he had done the other times, \"Samuel! Samuel!\" Then Samuel said, \"Speak to me, because I am listening!\"\n"
      },
      {
        "tag": "p",
        "nextChar": "\n",
        "type": "paragraph"
      }
    ]
  },
  "11": {
    "verseObjects": [
      {
        "type": "text",
        "text": "Then Yahweh said to Samuel, \"Listen carefully. I am about to do something here in Israel that will shock everyone who hears about it.\n\n"
      },
      {
        "tag": "s5",
        "nextChar": "\n",
        "type": "section"
      }
    ]
  },
  "12": {
    "verseObjects": [
      {
        "type": "text",
        "text": "When that happens, I will punish Eli and his family. I will do to them everything that I said that I would do.\n"
      }
    ]
  },
  "13": {
    "verseObjects": [
      {
        "type": "text",
        "text": "His sons have shown great disrespect for me by the disgraceful things they have done, and Eli did not keep them back from doing it. So I told him that I would punish his family forever.\n"
      }
    ]
  },
  "14": {
    "verseObjects": [
      {
        "type": "text",
        "text": "I solemnly promised to Eli's family, 'You will never be able to avoid the consequences for your sin, even if you give me sacrifices or offerings.'\"\n\n"
      },
      {
        "tag": "s5",
        "nextChar": "\n",
        "type": "section"
      },
      {
        "tag": "p",
        "nextChar": "\n",
        "type": "paragraph"
      }
    ]
  },
  "15": {
    "verseObjects": [
      {
        "type": "text",
        "text": "Samuel lay down again until morning. Then he got up and opened the doors of the building as usual. He was afraid to tell Eli about the vision that Yahweh had given him.\n"
      }
    ]
  },
  "16": {
    "verseObjects": [
      {
        "type": "text",
        "text": "But Eli called him and said, \"Samuel, my son!\" Samuel answered, \"I am here!\"\n\n"
      },
      {
        "tag": "s5",
        "nextChar": "\n",
        "type": "section"
      },
      {
        "tag": "p",
        "nextChar": "\n",
        "type": "paragraph"
      }
    ]
  },
  "17": {
    "verseObjects": [
      {
        "type": "text",
        "text": "Eli asked him, \"What was it that Yahweh told you? Do not conceal it! I want God to punish you severely if you do not tell me everything that he said to you.\"\n"
      },
      {
        "tag": "p",
        "nextChar": "\n",
        "type": "paragraph"
      }
    ]
  },
  "18": {
    "verseObjects": [
      {
        "type": "text",
        "text": "So Samuel told him everything. He did not refuse to tell him anything. Then Eli said, \"He is Yahweh. I am willing for him to do what he thinks is best.\"\n\n"
      },
      {
        "tag": "s5",
        "nextChar": "\n",
        "type": "section"
      },
      {
        "tag": "p",
        "nextChar": "\n",
        "type": "paragraph"
      }
    ]
  },
  "19": {
    "verseObjects": [
      {
        "type": "text",
        "text": "As Samuel grew up, Yahweh helped him; he made everything that Samuel predicted to come true.\n"
      }
    ]
  },
  "20": {
    "verseObjects": [
      {
        "type": "text",
        "text": "So all the people of Israel, from the northern end of the country to the southern end, realized that Samuel was truly a prophet of Yahweh.\n"
      }
    ]
  },
  "21": {
    "verseObjects": [
      {
        "type": "text",
        "text": "Yahweh continued to appear to Samuel in Shiloh and give messages to him.\n\n\n"
      },
      {
        "tag": "s5",
        "nextChar": "\n",
        "type": "section"
      }
    ]
  },
  "front": {
    "verseObjects": [
      {
        "type": "text",
        "text": "\n"
      },
      {
        "tag": "p",
        "nextChar": "\n",
        "type": "paragraph"
      }
    ]
  }
}