{
  "1": {
    "verseObjects": [
      {
        "type": "text",
        "text": "When Samuel became old, he appointed his two sons, Joel and Abijah, to lead the people of Israel.\n"
      }
    ]
  },
  "2": {
    "verseObjects": [
      {
        "type": "text",
        "text": "They judged people's disputes in the town of Beersheba.\n"
      }
    ]
  },
  "3": {
    "verseObjects": [
      {
        "type": "text",
        "text": "But they were not like their father. They wanted only to get a lot of money. They accepted bribes, and they did not make honest decisions about people's disputes.\n\n"
      },
      {
        "tag": "s5",
        "nextChar": "\n",
        "type": "section"
      },
      {
        "tag": "p",
        "nextChar": "\n",
        "type": "paragraph"
      }
    ]
  },
  "4": {
    "verseObjects": [
      {
        "type": "text",
        "text": "Finally, the Israelite leaders met in the town of Ramah to discuss the matter with Samuel.\n"
      }
    ]
  },
  "5": {
    "verseObjects": [
      {
        "type": "text",
        "text": "They said to him, \"Listen! You are now old, and your sons are not like you. Appoint a king to rule over us, like the kings that other countries have!\"\n\n"
      },
      {
        "tag": "s5",
        "nextChar": "\n",
        "type": "section"
      },
      {
        "tag": "p",
        "nextChar": "\n",
        "type": "paragraph"
      }
    ]
  },
  "6": {
    "verseObjects": [
      {
        "type": "text",
        "text": "Samuel was very unhappy with them for requesting that, so he prayed to Yahweh about it.\n"
      }
    ]
  },
  "7": {
    "verseObjects": [
      {
        "type": "text",
        "text": "Yahweh replied, \"Do what they have requested you to do. But do not think that you are the one whom they are really rejecting. I have been their king, and I am the one they are really rejecting.\n\n"
      },
      {
        "tag": "s5",
        "nextChar": "\n",
        "type": "section"
      }
    ]
  },
  "8": {
    "verseObjects": [
      {
        "type": "text",
        "text": "Ever since I brought them out of Egypt, they have rejected me, and they have worshiped other gods. And now they are also rejecting you in the same way.\n"
      }
    ]
  },
  "9": {
    "verseObjects": [
      {
        "type": "text",
        "text": "Do what they are asking you to do. But warn them about how their kings will act toward them!\"\n\n"
      },
      {
        "tag": "s5",
        "nextChar": "\n",
        "type": "section"
      },
      {
        "tag": "p",
        "nextChar": "\n",
        "type": "paragraph"
      }
    ]
  },
  "10": {
    "verseObjects": [
      {
        "type": "text",
        "text": "So Samuel told those people what Yahweh had said.\n"
      }
    ]
  },
  "11": {
    "verseObjects": [
      {
        "type": "text",
        "text": "He said, \"If a king rules over you, this is what he will do to you: He will force many of your sons to join the army. He will make some of them run in front of your chariots to clear things out of the way.\n"
      }
    ]
  },
  "12": {
    "verseObjects": [
      {
        "type": "text",
        "text": "Some of them will be commanders of his soldiers, but others will work for him like slaves. He will force some of them to plow his fields and then later harvest his crops. He will force others to make his weapons and equipment for his chariots.\n\n"
      },
      {
        "tag": "s5",
        "nextChar": "\n",
        "type": "section"
      }
    ]
  },
  "13": {
    "verseObjects": [
      {
        "type": "text",
        "text": "The king will take some of your daughters from you and force them to make perfumes for him and cook food for him and bake bread for him.\n"
      }
    ]
  },
  "14": {
    "verseObjects": [
      {
        "type": "text",
        "text": "He will take your best fields and vineyards and olive tree groves, and give them to his own officials.\n"
      }
    ]
  },
  "15": {
    "verseObjects": [
      {
        "type": "text",
        "text": "He will take a tenth of your harvests and distribute it among the officers and servants who work in his palace.\n\n"
      },
      {
        "tag": "s5",
        "nextChar": "\n",
        "type": "section"
      }
    ]
  },
  "16": {
    "verseObjects": [
      {
        "type": "text",
        "text": "He will take from you your male and female servants, your best cattle and donkeys, and force them to work for him.\n"
      }
    ]
  },
  "17": {
    "verseObjects": [
      {
        "type": "text",
        "text": "He will take one tenth of your sheep and goats. And you will become his slaves!\n"
      }
    ]
  },
  "18": {
    "verseObjects": [
      {
        "type": "text",
        "text": "When that time comes, you will complain loudly to the king, the king that you yourselves have chosen, but Yahweh will not pay attention to you.\"\n\n"
      },
      {
        "tag": "s5",
        "nextChar": "\n",
        "type": "section"
      },
      {
        "tag": "p",
        "nextChar": "\n",
        "type": "paragraph"
      }
    ]
  },
  "19": {
    "verseObjects": [
      {
        "type": "text",
        "text": "But the people refused to pay attention to what Samuel said. They said, \"We do not care about what you say! We want a king!\n"
      }
    ]
  },
  "20": {
    "verseObjects": [
      {
        "type": "text",
        "text": "We want to be like the other nations. We want a king to rule us and to lead our soldiers when they go to fight.\"\n\n"
      },
      {
        "tag": "s5",
        "nextChar": "\n",
        "type": "section"
      },
      {
        "tag": "p",
        "nextChar": "\n",
        "type": "paragraph"
      }
    ]
  },
  "21": {
    "verseObjects": [
      {
        "type": "text",
        "text": "When Samuel told Yahweh what the people had said,\n"
      }
    ]
  },
  "22": {
    "verseObjects": [
      {
        "type": "text",
        "text": "Yahweh replied, \"Do what they are telling you to do. Give them a king!\" So Samuel agreed, and then he sent the people home.\n\n\n"
      },
      {
        "tag": "s5",
        "nextChar": "\n",
        "type": "section"
      }
    ]
  },
  "front": {
    "verseObjects": [
      {
        "type": "text",
        "text": "\n"
      },
      {
        "tag": "p",
        "nextChar": "\n",
        "type": "paragraph"
      }
    ]
  }
}