{
  "1": {
    "verseObjects": [
      {
        "type": "text",
        "text": "Now there was a rich and influential man, whose name was Kish. He belonged to the tribe descended from Benjamin. Kish was son of Abiel and the grandson of Zeror. He was from the family of Bekorath and from the clan of Aphiah.\n"
      }
    ]
  },
  "2": {
    "verseObjects": [
      {
        "type": "text",
        "text": "Kish had a son whose name was Saul. He was more handsome than any of the other Israelite men, and he was a head taller than any of the other Israelite men.\n\n"
      },
      {
        "tag": "s5",
        "nextChar": "\n",
        "type": "section"
      },
      {
        "tag": "p",
        "nextChar": "\n",
        "type": "paragraph"
      }
    ]
  },
  "3": {
    "verseObjects": [
      {
        "type": "text",
        "text": "One day, some of Kish's female donkeys wandered off. So Kish told Saul, \"Take one of my servants with you, and go and search for the donkeys!\"\n"
      }
    ]
  },
  "4": {
    "verseObjects": [
      {
        "type": "text",
        "text": "So Saul did that. He took a servant, and they walked through the hill country where the descendants of Ephraim lived, and then they went through the regions of Shalishah and Shaalim, and then they went through all the region belonging to the tribue of Benjamin, but they could not find the donkeys.\n\n"
      },
      {
        "tag": "s5",
        "nextChar": "\n",
        "type": "section"
      },
      {
        "tag": "p",
        "nextChar": "\n",
        "type": "paragraph"
      }
    ]
  },
  "5": {
    "verseObjects": [
      {
        "type": "text",
        "text": "Finally, they came to the region of Zuph. Then Saul said to the servant, \"Let us go back home. If we do not do that, my father will stop worrying about the donkeys and start worrying about us.\"\n"
      },
      {
        "tag": "p",
        "nextChar": "\n",
        "type": "paragraph"
      }
    ]
  },
  "6": {
    "verseObjects": [
      {
        "type": "text",
        "text": "But the servant said, \"I have another idea. There is one of God's prophets who lives in this town. People respect him very much, because everything he predicts comes true. Let us go and talk to him. Perhaps he can tell us where we can go to find the donkeys.\"\n\n"
      },
      {
        "tag": "s5",
        "nextChar": "\n",
        "type": "section"
      },
      {
        "tag": "p",
        "nextChar": "\n",
        "type": "paragraph"
      }
    ]
  },
  "7": {
    "verseObjects": [
      {
        "type": "text",
        "text": "Saul replied to the servant, \"If we go to talk with him, we should give a gift to him, but what can we give to him? We have no more food in our sacks. Do we have anything else to give to him?\"\n"
      },
      {
        "tag": "p",
        "nextChar": "\n",
        "type": "paragraph"
      }
    ]
  },
  "8": {
    "verseObjects": [
      {
        "type": "text",
        "text": "The servant replied, \"Look at this! I have a small piece of silver. I can give this to him, and then he will tell us where to go to find the donkeys.\"\n\n"
      },
      {
        "tag": "s5",
        "nextChar": "\n",
        "type": "section"
      }
    ]
  },
  "12": {
    "verseObjects": [
      {
        "type": "text",
        "text": "The women replied, \"Yes, he is in the town. In fact, he is walking on the road ahead of you. He arrived in the town today because the people are going to offer a sacrifice on the altar where the people gather to worship God.\n"
      }
    ]
  },
  "13": {
    "verseObjects": [
      {
        "type": "text",
        "text": "If you go quickly, you will have time to talk to him before he goes there. The people who have been invited will not start eating until he arrives there and blesses the sacrifice.\"\n\n"
      },
      {
        "tag": "s5",
        "nextChar": "\n",
        "type": "section"
      },
      {
        "tag": "p",
        "nextChar": "\n",
        "type": "paragraph"
      }
    ]
  },
  "14": {
    "verseObjects": [
      {
        "type": "text",
        "text": "So Saul and the servant entered the town. As they went through the gates, they saw Samuel as he was coming toward them; he was on his way to where people were going to offer sacrifices.\n\n"
      },
      {
        "tag": "s5",
        "nextChar": "\n",
        "type": "section"
      },
      {
        "tag": "p",
        "nextChar": "\n",
        "type": "paragraph"
      }
    ]
  },
  "15": {
    "verseObjects": [
      {
        "type": "text",
        "text": "On the previous day, Yahweh had told Samuel,\n"
      }
    ]
  },
  "16": {
    "verseObjects": [
      {
        "type": "text",
        "text": "\"At this time tomorrow, I will send to you a man from the land where the descendants of Benjamin live. Pour olive oil on his head to indicate that he will be the leader of my Israelite people. I have seen that my people are suffering because the Philistine people are oppressing them, and I have heard my people as they have called out to me for help. The man whom you anoint will rescue my people from the power of the Philistine people.\"\n\n"
      },
      {
        "tag": "s5",
        "nextChar": "\n",
        "type": "section"
      },
      {
        "tag": "p",
        "nextChar": "\n",
        "type": "paragraph"
      }
    ]
  },
  "17": {
    "verseObjects": [
      {
        "type": "text",
        "text": "When Samuel saw Saul, Yahweh said to him, \"This is the man I told you about yesterday! He is the one who will rule my people!\"\n"
      },
      {
        "tag": "p",
        "nextChar": "\n",
        "type": "paragraph"
      }
    ]
  },
  "18": {
    "verseObjects": [
      {
        "type": "text",
        "text": "Saul saw Samuel at the town gate, but he did not know that it was Samuel. He went over to him and asked him, \"Can you tell me, where is the house of the man who sees visions from God?\"\n"
      },
      {
        "tag": "p",
        "nextChar": "\n",
        "type": "paragraph"
      }
    ]
  },
  "19": {
    "verseObjects": [
      {
        "type": "text",
        "text": "Samuel replied, \"I am that man. Go ahead of me with your servant to the place where the people make sacrifices. Both of you will eat with me today. Tomorrow morning I will tell you what you are wanting to know, and then I will send you home.\n\n"
      },
      {
        "tag": "s5",
        "nextChar": "\n",
        "type": "section"
      }
    ]
  },
  "20": {
    "verseObjects": [
      {
        "type": "text",
        "text": "Also, do not worry anymore about those donkeys that wandered away three days ago. Someone has found them.\"\n"
      },
      {
        "tag": "p",
        "nextChar": "\n",
        "type": "paragraph"
      }
    ]
  },
  "21": {
    "verseObjects": [
      {
        "type": "text",
        "text": "Saul replied, \"I am from the tribe of Benjamin, the smallest of all tribes! And my family is the least important family in our tribe! So why are you talking to me like this, about the Israelite people wanting me and my family?\"\n\n"
      },
      {
        "tag": "s5",
        "nextChar": "\n",
        "type": "section"
      },
      {
        "tag": "p",
        "nextChar": "\n",
        "type": "paragraph"
      }
    ]
  },
  "22": {
    "verseObjects": [
      {
        "type": "text",
        "text": "Then Samuel brought Saul and the servant into the big dining room, and told them to sit at the head of the table, indicating that he was honoring them more than he was honoring the thirty people who had been invited.\n\n"
      },
      {
        "tag": "s5",
        "nextChar": "\n",
        "type": "section"
      }
    ]
  },
  "23": {
    "verseObjects": [
      {
        "type": "text",
        "text": "Then Samuel told the cook, \"Bring to me the special piece of meat that I told you to set aside.\"\n"
      },
      {
        "tag": "p",
        "nextChar": "\n",
        "type": "paragraph"
      }
    ]
  },
  "24": {
    "verseObjects": [
      {
        "type": "text",
        "text": "So the cook brought the leg and the meat that was on it; he set it in front of Saul. Samuel said to Saul, \"Start eating it. I told the cook to save this for you, so that you could eat it at this time, when all these people whom I invited are here.\" So Saul and Samuel ate together.\n\n"
      },
      {
        "tag": "s5",
        "nextChar": "\n",
        "type": "section"
      },
      {
        "tag": "p",
        "nextChar": "\n",
        "type": "paragraph"
      }
    ]
  },
  "25": {
    "verseObjects": [
      {
        "type": "text",
        "text": "After they finished eating, they returned to the town. Then Samuel took Saul up to the flat roof of his house, and talked with him there.\n"
      },
      {
        "tag": "p",
        "nextChar": "\n",
        "type": "paragraph"
      }
    ]
  },
  "26": {
    "verseObjects": [
      {
        "type": "text",
        "text": "As the sun was rising the next morning, Samuel called up to Saul, \"Get up! It is time for me to send you on the road back home.\" So Samuel got up, and later Samuel and Saul left the house together.\n\n"
      },
      {
        "tag": "s5",
        "nextChar": "\n",
        "type": "section"
      },
      {
        "tag": "p",
        "nextChar": "\n",
        "type": "paragraph"
      }
    ]
  },
  "27": {
    "verseObjects": [
      {
        "type": "text",
        "text": "When they got to the edge of the town, Samuel told Saul to send his servant ahead. After the servant left, Samuel said to Saul, \"Stay here for a few minutes, in order that I can give you a message I received from God.\"\n\n\n"
      },
      {
        "tag": "s5",
        "nextChar": "\n",
        "type": "section"
      }
    ]
  },
  "front": {
    "verseObjects": [
      {
        "type": "text",
        "text": "\n"
      },
      {
        "tag": "p",
        "nextChar": "\n",
        "type": "paragraph"
      }
    ]
  },
  "9-11": {
    "verseObjects": [
      {
        "type": "text",
        "text": "Saul said, \"Very good, let us go talk to him.\" So they went to the town where the prophet lived. As they were going up the hill into the town, they met some young women who were coming out of the town to get some water from a well. One of them asked the women, \"Is the seer in the town today?\" They said that because previously, if people in Israel wanted a message from God, they would say, \"Let us go to the seer,\" and people who now are called prophets were at that time called seers, or \"those who see visions from God.\"\n\n"
      },
      {
        "tag": "s5",
        "nextChar": "\n",
        "type": "section"
      }
    ]
  }
}