{
  "1": {
    "verseObjects": [
      {
        "type": "text",
        "text": "Now about this collection of money for the believers in Jerusalem—all those people whom God has set apart for himself, I really do not need to write anything more to you.\n"
      }
    ]
  },
  "2": {
    "verseObjects": [
      {
        "type": "text",
        "text": "I already know that you want to help, and I praised you for this to the believers of Macedonia. In fact, I told them that you, and the other people of the province of Achaia, have been preparing for this collection since last year. Your enthusiasm is an example that has moved the believers of Macedonia to take action.\n\n"
      },
      {
        "tag": "s5",
        "nextChar": "\n",
        "type": "section"
      }
    ]
  },
  "3": {
    "verseObjects": [
      {
        "type": "text",
        "text": "For I am sending the brothers ahead of me, so that when they meet you, they will see that we did not praise you for nothing; I also sent them ahead of me so that you would be ready to finish the work, as I promised others you would be.\n"
      }
    ]
  },
  "4": {
    "verseObjects": [
      {
        "type": "text",
        "text": "I am afraid that some Macedonians might come with me when I come a little later, and that they might find that you are not ready to give all that you want to give. If that happens, we will be ashamed that we spoke so well about you—and you would be ashamed, too.\n"
      }
    ]
  },
  "5": {
    "verseObjects": [
      {
        "type": "text",
        "text": "I decided it was necessary to make every effort to send the brothers to you, so they could set in order everything necessary to receive the money you have promised to give. In this way, this money will be something you freely offer, rather than a tax that we make you pay.\n\n"
      },
      {
        "tag": "s5",
        "nextChar": "\n",
        "type": "section"
      },
      {
        "tag": "p",
        "nextChar": "\n",
        "type": "paragraph"
      }
    ]
  },
  "6": {
    "verseObjects": [
      {
        "type": "text",
        "text": "The point is, anyone who sows very little seed will also have a small crop to harvest, but anyone who sows a great amount of seed will gather a great harvest.\n"
      }
    ]
  },
  "7": {
    "verseObjects": [
      {
        "type": "text",
        "text": "First decide in your heart how much money to give, so when you give it you will not regret doing it. You should not feel that anyone is forcing you to give, because God loves a person who is happy to give.\n\n"
      },
      {
        "tag": "s5",
        "nextChar": "\n",
        "type": "section"
      }
    ]
  },
  "8": {
    "verseObjects": [
      {
        "type": "text",
        "text": "God can give you all kinds of gifts more and more, so that you will always have what you yourselves need, and also enough to do good things with.\n"
      }
    ]
  },
  "9": {
    "verseObjects": [
      {
        "type": "text",
        "text": "As it is written in the scriptures:\n"
      },
      {
        "tag": "q",
        "type": "quote",
        "text": "\"He gives good things to people everywhere,\n"
      },
      {
        "tag": "q",
        "type": "quote",
        "text": "and he gives to the poor what they need.\n"
      },
      {
        "tag": "q",
        "type": "quote",
        "text": "He does these things forever.\n"
      },
      {
        "type": "text",
        "text": "\n"
      },
      {
        "tag": "s5",
        "nextChar": "\n",
        "type": "section"
      },
      {
        "tag": "p",
        "nextChar": "\n",
        "type": "paragraph"
      }
    ]
  },
  "10": {
    "verseObjects": [
      {
        "type": "text",
        "text": "God gives seed to the one who sows, and he gives bread to one who bakes it. He will also supply your seed and increase what you are able to give away to others.\n"
      }
    ]
  },
  "11": {
    "verseObjects": [
      {
        "type": "text",
        "text": "God will make you rich in many ways, so that you can be generous. As a result, many others will thank God for what they receive through the work that we apostles have done.\n\n"
      },
      {
        "tag": "s5",
        "nextChar": "\n",
        "type": "section"
      },
      {
        "tag": "p",
        "nextChar": "\n",
        "type": "paragraph"
      }
    ]
  },
  "12": {
    "verseObjects": [
      {
        "type": "text",
        "text": "We receive this money, not only to help our Christian brothers and sisters in need; we also do it so that many, many believers will thank God.\n"
      }
    ]
  },
  "13": {
    "verseObjects": [
      {
        "type": "text",
        "text": "Because you began this task, you have shown what kind of people you are. You honor God by obeying him and believing what he says in the good news about Christ. You also honor him by giving generously.\n"
      }
    ]
  },
  "14": {
    "verseObjects": [
      {
        "type": "text",
        "text": "The ones to whom you will give will greatly desire to see you; they will pray for you, because of the wonderful way in which God has been kind to you.\n"
      }
    ]
  },
  "15": {
    "verseObjects": [
      {
        "type": "text",
        "text": "We give thanks to God for this gift from him—his gift is so great we cannot express it in words.\n\n"
      },
      {
        "tag": "s5",
        "nextChar": "\n",
        "type": "section"
      }
    ]
  },
  "front": {
    "verseObjects": [
      {
        "tag": "p",
        "nextChar": "\n",
        "type": "paragraph"
      }
    ]
  }
}