{
  "1": {
    "verseObjects": [
      {
        "type": "text",
        "text": "तुम में जो प्राचीन हैं, मैं उनके समान प्राचीन और मसीह के दुःखों का गवाह और प्रगट होनेवाली महिमा में सहभागी होकर उन्हें यह समझाता हूँ।\n"
      }
    ]
  },
  "2": {
    "verseObjects": [
      {
        "type": "text",
        "text": "कि परमेश्‍वर के उस झुण्ड की, जो तुम्हारे बीच में हैं रखवाली करो; और यह दबाव से नहीं, परन्तु परमेश्‍वर की इच्छा के अनुसार आनन्द से, और नीच-कमाई के लिये नहीं, पर मन लगाकर।\n"
      }
    ]
  },
  "3": {
    "verseObjects": [
      {
        "type": "text",
        "text": "जो लोग तुम्हें सौंपे गए हैं, उन पर अधिकार न जताओ, वरन् झुण्ड के लिये आदर्श बनो।\n"
      }
    ]
  },
  "4": {
    "verseObjects": [
      {
        "type": "text",
        "text": "और जब प्रधान रखवाला प्रगट होगा, तो तुम्हें महिमा का मुकुट दिया जाएगा, जो मुरझाने का नहीं।\n"
      },
      {
        "tag": "s",
        "type": "section",
        "content": "परमेश्‍वर को समर्पित करना और शैतान का विरोध करना\n"
      },
      {
        "tag": "p",
        "nextChar": "\n",
        "type": "paragraph"
      },
      {
        "tag": "s5",
        "nextChar": "\n",
        "type": "section"
      }
    ]
  },
  "5": {
    "verseObjects": [
      {
        "type": "text",
        "text": "हे नवयुवकों, तुम भी वृद्ध पुरुषों के अधीन रहो, वरन् तुम सब के सब एक दूसरे की सेवा के लिये दीनता से कमर बाँधे रहो, क्योंकि\n"
      },
      {
        "tag": "q",
        "type": "quote",
        "text": "“परमेश्‍वर अभिमानियों का विरोध करता है,\n"
      },
      {
        "tag": "q",
        "type": "quote",
        "text": "परन्तु दीनों पर अनुग्रह करता है।”\n"
      }
    ]
  },
  "6": {
    "verseObjects": [
      {
        "type": "text",
        "text": "इसलिए परमेश्‍वर के बलवन्त हाथ के नीचे दीनता से रहो*, जिससे वह तुम्हें उचित समय पर बढ़ाए।\n"
      }
    ]
  },
  "7": {
    "verseObjects": [
      {
        "type": "text",
        "text": "अपनी सारी चिन्ता उसी पर डाल दो, क्योंकि उसको तुम्हारा ध्यान है।\n"
      },
      {
        "tag": "p",
        "nextChar": "\n",
        "type": "paragraph"
      },
      {
        "tag": "s5",
        "nextChar": "\n",
        "type": "section"
      }
    ]
  },
  "8": {
    "verseObjects": [
      {
        "type": "text",
        "text": "सचेत हो*, और जागते रहो, क्योंकि तुम्हारा विरोधी शैतान गर्जनेवाले सिंह के समान इस खोज में रहता है, कि किसको फाड़ खाए।\n"
      }
    ]
  },
  "9": {
    "verseObjects": [
      {
        "type": "text",
        "text": "विश्वास में दृढ़ होकर, और यह जानकर उसका सामना करो, कि तुम्हारे भाई जो संसार में हैं, ऐसे ही दुःख भुगत रहे हैं।\n"
      },
      {
        "tag": "p",
        "nextChar": "\n",
        "type": "paragraph"
      },
      {
        "tag": "s5",
        "nextChar": "\n",
        "type": "section"
      }
    ]
  },
  "10": {
    "verseObjects": [
      {
        "type": "text",
        "text": "अब परमेश्‍वर जो सारे अनुग्रह का दाता है, जिसने तुम्हें मसीह में अपनी अनन्त महिमा के लिये बुलाया, तुम्हारे थोड़ी देर तक दुःख उठाने के बाद आप ही तुम्हें सिद्ध और स्थिर और बलवन्त करेगा*।\n"
      }
    ]
  },
  "11": {
    "verseObjects": [
      {
        "type": "text",
        "text": "उसी का साम्राज्य युगानुयुग रहे। आमीन।\n"
      },
      {
        "tag": "s",
        "type": "section",
        "content": "अन्तिम अभिवादन\n"
      },
      {
        "tag": "p",
        "nextChar": "\n",
        "type": "paragraph"
      },
      {
        "tag": "s5",
        "nextChar": "\n",
        "type": "section"
      }
    ]
  },
  "12": {
    "verseObjects": [
      {
        "type": "text",
        "text": "मैंने सिलवानुस के हाथ, जिसे मैं विश्वासयोग्य भाई समझता हूँ, संक्षेप में लिखकर तुम्हें समझाया है, और यह गवाही दी है कि परमेश्‍वर का सच्चा अनुग्रह यही है, इसी में स्थिर रहो।\n"
      }
    ]
  },
  "13": {
    "verseObjects": [
      {
        "type": "text",
        "text": "जो बाबेल में तुम्हारे समान चुने हुए लोग हैं, वह और मेरा पुत्र मरकुस तुम्हें नमस्कार कहते हैं।\n"
      }
    ]
  },
  "14": {
    "verseObjects": [
      {
        "type": "text",
        "text": "प्रेम से चुम्बन लेकर एक दूसरे को नमस्कार करो।\n"
      },
      {
        "tag": "p",
        "type": "paragraph",
        "text": "तुम सब को जो मसीह में हो शान्ति मिलती रहे।"
      }
    ]
  },
  "front": {
    "verseObjects": [
      {
        "tag": "s",
        "type": "section",
        "content": "झुण्ड का चरवाहा\n"
      },
      {
        "tag": "p",
        "nextChar": "\n",
        "type": "paragraph"
      }
    ]
  }
}