{
  "1": {
    "verseObjects": [
      {
        "type": "text",
        "text": "राजा क्षयर्ष ने देश और समुद्र के टापुओं पर कर लगाया।\n"
      }
    ]
  },
  "2": {
    "verseObjects": [
      {
        "type": "text",
        "text": "उसके माहात्म्य और पराक्रम के कामों, और मोर्दकै की उस बड़ाई का पूरा ब्योरा, जो राजा ने उसकी की थी, क्या वह मादै और फारस के राजाओं के इतिहास की पुस्तक में नहीं लिखा है?\n"
      },
      {
        "tag": "s5",
        "type": "section",
        "text": "\n"
      }
    ]
  },
  "3": {
    "verseObjects": [
      {
        "type": "text",
        "text": "यहूदी मोर्दकै, क्षयर्ष राजा ही के बाद था, और यहूदियों की दृष्टि में बड़ा था, और उसके सब भाई उससे प्रसन्‍न थे, क्योंकि वह अपने लोगों की भलाई की खोज में रहा करता था और अपने सब लोगों से शान्ति की बातें कहा करता था।"
      }
    ]
  },
  "front": {
    "verseObjects": [
      {
        "tag": "s",
        "type": "section",
        "text": "मोर्दकै का माहात्म्य\n"
      },
      {
        "tag": "p",
        "type": "paragraph",
        "text": "\n"
      }
    ]
  }
}