{
  "1": {
    "verseObjects": [
      {
        "type": "text",
        "text": "इन बातों के बाद राजा क्षयर्ष ने अगागी हम्मदाता के पुत्र हामान को उच्च पद दिया, और उसको महत्व देकर उसके लिये उसके साथी हाकिमों के सिंहासनों से ऊँचा सिंहासन ठहराया।\n"
      }
    ]
  },
  "2": {
    "verseObjects": [
      {
        "type": "text",
        "text": "राजा के सब कर्मचारी जो राजभवन के फाटक में रहा करते थे, वे हामान के सामने झुककर दण्डवत् किया करते थे क्योंकि राजा ने उसके विषय ऐसी ही आज्ञा दी थी; परन्तु मोर्दकै न तो झुकता था और न उसको दण्डवत् करता था*।\n"
      },
      {
        "tag": "s5",
        "type": "section",
        "text": "\n"
      }
    ]
  },
  "3": {
    "verseObjects": [
      {
        "type": "text",
        "text": "तब राजा के कर्मचारी जो राजभवन के फाटक में रहा करते थे, उन्होंने मोर्दकै से पूछा, “तू राजा की आज्ञा का क्यों उल्लंघन करता है?” \n"
      }
    ]
  },
  "4": {
    "verseObjects": [
      {
        "type": "text",
        "text": "जब वे उससे प्रतिदिन ऐसा ही कहते रहे, और उसने उनकी एक न मानी, तब उन्होंने यह देखने की इच्छा से कि मोर्दकै की यह बात चलेगी कि नहीं, हामान को बता दिया; उसने उनको बता दिया था कि मैं यहूदी हूँ।\n"
      },
      {
        "tag": "s5",
        "type": "section",
        "text": "\n"
      }
    ]
  },
  "5": {
    "verseObjects": [
      {
        "type": "text",
        "text": "जब हामान ने देखा, कि मोर्दकै नहीं झुकता, और न मुझ को दण्डवत् करता है, तब हामान बहुत ही क्रोधित हुआ।\n"
      }
    ]
  },
  "6": {
    "verseObjects": [
      {
        "type": "text",
        "text": "उसने केवल मोर्दकै पर हाथ उठाना अपनी मर्यादा से कम जाना। क्योंकि उन्होंने हामान को यह बता दिया था, कि मोर्दकै किस जाति का है, इसलिए हामान ने क्षयर्ष के साम्राज्य में रहनेवाले सारे यहूदियों को भी मोर्दकै की जाति जानकर, विनाश कर डालने की युक्ति निकाली।\n"
      },
      {
        "tag": "s5",
        "type": "section",
        "text": "\n"
      }
    ]
  },
  "7": {
    "verseObjects": [
      {
        "type": "text",
        "text": "राजा क्षयर्ष के बारहवें वर्ष के नीसान नामक पहले महीने में, हामान ने अदार नामक बारहवें महीने तक के एक-एक दिन और एक-एक महीने के लिये “पूर” अर्थात् चिट्ठी अपने सामने डलवाई।\n"
      },
      {
        "tag": "s5",
        "type": "section",
        "text": "\n"
      }
    ]
  },
  "8": {
    "verseObjects": [
      {
        "type": "text",
        "text": "हामान ने राजा क्षयर्ष से कहा, “तेरे राज्य के सब प्रान्तों में रहनेवाले देश-देश के लोगों के मध्य में तितर-बितर और छिटकी हुई एक जाति है, जिसके नियम और सब लोगों के नियमों से भिन्न हैं; और वे राजा के कानून पर नहीं चलते, इसलिए उन्हें रहने देना राजा को लाभदायक नहीं है।\n"
      }
    ]
  },
  "9": {
    "verseObjects": [
      {
        "type": "text",
        "text": "यदि राजा को स्वीकार हो तो उन्हें नष्ट करने की आज्ञा लिखी जाए, और मैं राजा के भण्डारियों के हाथ में राजभण्डार में पहुँचाने के लिये, दस हजार किक्कार चाँदी दूँगा।” \n"
      },
      {
        "tag": "s5",
        "type": "section",
        "text": "\n"
      }
    ]
  },
  "10": {
    "verseObjects": [
      {
        "type": "text",
        "text": "तब राजा ने अपनी मुहर वाली अंगूठी अपने हाथ से उतारकर अगागी हम्मदाता के पुत्र हामान को, जो यहूदियों का बैरी था दे दी।\n"
      }
    ]
  },
  "11": {
    "verseObjects": [
      {
        "type": "text",
        "text": "और राजा ने हामान से कहा, “वह चाँदी तुझे दी गई है, और वे लोग भी, ताकि तू उनसे जैसा तेरा जी चाहे वैसा ही व्यवहार करे।” \n"
      },
      {
        "tag": "s5",
        "type": "section",
        "text": "\n"
      }
    ]
  },
  "12": {
    "verseObjects": [
      {
        "type": "text",
        "text": "फिर उसी पहले महीने के तेरहवें दिन को राजा के लेखक बुलाए गए, और हामान की आज्ञा के अनुसार राजा के सब अधिपतियों, और सब प्रान्तों के प्रधानों, और देश-देश के लोगों के हाकिमों के लिये चिट्ठियाँ, एक-एक प्रान्त के अक्षरों में, और एक-एक देश के लोगों की भाषा में राजा क्षयर्ष के नाम से लिखी गईं; और उनमें राजा की मुहर वाली अंगूठी की छाप लगाई गई।\n"
      }
    ]
  },
  "13": {
    "verseObjects": [
      {
        "type": "text",
        "text": "राज्य के सब प्रान्तों में इस आशय की चिट्ठियाँ हर डाकियों के द्वारा भेजी गई कि एक ही दिन में, अर्थात् अदार नामक बारहवें महीने के तेरहवें दिन को, क्या जवान, क्या बूढ़ा, क्या स्त्री, क्या बालक, सब यहूदी घात और नाश किए जाएँ; और उनकी धन सम्पत्ति लूट ली जाए।\n"
      },
      {
        "tag": "s5",
        "type": "section",
        "text": "\n"
      }
    ]
  },
  "14": {
    "verseObjects": [
      {
        "type": "text",
        "text": "उस आज्ञा के लेख की नकलें सब प्रान्तों में खुली हुई भेजी गईं कि सब देशों के लोग उस दिन के लिये तैयार हो जाएँ।\n"
      }
    ]
  },
  "15": {
    "verseObjects": [
      {
        "type": "text",
        "text": "यह आज्ञा शूशन गढ़ में दी गई, और डाकिए राजा की आज्ञा से तुरन्त निकल गए। राजा और हामान तो दाखमधु पीने बैठ गए; परन्तु शूशन नगर में घबराहट फैल गई*।\n\n"
      },
      {
        "tag": "s5",
        "type": "section",
        "text": "\n"
      }
    ]
  },
  "front": {
    "verseObjects": [
      {
        "tag": "s",
        "type": "section",
        "text": "हामान का यहूदियों के विरुद्ध षड्‍यंत्र\n"
      },
      {
        "tag": "p",
        "type": "paragraph",
        "text": "\n"
      }
    ]
  }
}