{
  "1": {
    "verseObjects": [
      {
        "type": "text",
        "text": "जब मोर्दकै ने जान लिया कि क्या-क्या किया गया है तब मोर्दकै वस्त्र फाड़, टाट पहन, राख डालकर, नगर के मध्य जाकर ऊँचे और दुःख भरे शब्द से चिल्लाने लगा;\n"
      }
    ]
  },
  "2": {
    "verseObjects": [
      {
        "type": "text",
        "text": "और वह राजभवन के फाटक के सामने पहुँचा, परन्तु टाट पहने हुए राजभवन के फाटक के भीतर तो किसी के जाने की आज्ञा न थी।\n"
      }
    ]
  },
  "3": {
    "verseObjects": [
      {
        "type": "text",
        "text": "एक-एक प्रान्त में, जहाँ-जहाँ राजा की आज्ञा और नियम पहुँचा, वहाँ-वहाँ यहूदी बड़ा विलाप करने और उपवास करने और रोने पीटने लगे; वरन् बहुत से टाट पहने और राख डाले हुए पड़े रहे।\n"
      },
      {
        "tag": "s5",
        "type": "section",
        "text": "\n"
      }
    ]
  },
  "4": {
    "verseObjects": [
      {
        "type": "text",
        "text": "*एस्तेर रानी की सहेलियों और खोजों ने जाकर उसको बता दिया, तब रानी शोक से भर गई; और मोर्दकै के पास वस्त्र भेजकर यह कहलाया कि टाट उतारकर इन्हें पहन ले, परन्तु उसने उन्हें न लिया।\n"
      }
    ]
  },
  "5": {
    "verseObjects": [
      {
        "type": "text",
        "text": "तब एस्तेर ने राजा के खोजों में से हताक को जिसे राजा ने उसके पास रहने को ठहराया था, बुलवाकर आज्ञा दी, कि मोर्दकै के पास जाकर मालूम कर ले, कि क्या बात है और इसका क्या कारण है।\n"
      },
      {
        "tag": "s5",
        "type": "section",
        "text": "\n"
      }
    ]
  },
  "6": {
    "verseObjects": [
      {
        "type": "text",
        "text": "तब हताक नगर के उस चौक में, जो राजभवन के फाटक के सामने था, मोर्दकै के पास निकल गया।\n"
      }
    ]
  },
  "7": {
    "verseObjects": [
      {
        "type": "text",
        "text": "मोर्दकै ने उसको सब कुछ बता दिया कि मेरे ऊपर क्या-क्या बिता है, और हामान ने यहूदियों के नाश करने की अनुमति पाने के लिये राजभण्डार में कितनी चाँदी भर देने का वचन दिया है, यह भी ठीक-ठीक बता दिया।\n"
      }
    ]
  },
  "8": {
    "verseObjects": [
      {
        "type": "text",
        "text": "फिर यहूदियों को विनाश करने की जो आज्ञा शूशन में दी गई थी, उसकी एक नकल भी उसने हताक के हाथ में, एस्तेर को दिखाने के लिये दी, और उसे सब हाल बताने, और यह आज्ञा देने को कहा, कि भीतर राजा के पास जाकर अपने लोगों के लिये गिड़गिड़ाकर विनती करे।\n"
      },
      {
        "tag": "s5",
        "type": "section",
        "text": "\n"
      }
    ]
  },
  "9": {
    "verseObjects": [
      {
        "type": "text",
        "text": "तब हताक ने एस्तेर के पास जाकर मोर्दकै की बातें कह सुनाईं।\n"
      }
    ]
  },
  "10": {
    "verseObjects": [
      {
        "type": "text",
        "text": "तब एस्तेर ने हताक को मोर्दकै से यह कहने की आज्ञा दी,\n"
      }
    ]
  },
  "11": {
    "verseObjects": [
      {
        "type": "text",
        "text": "“राजा के सब कर्मचारियों, वरन् राजा के प्रान्तों के सब लोगों को भी मालूम है, कि क्या पुरुष क्या स्त्री, कोई क्यों न हो, जो आज्ञा बिना पाए भीतरी आँगन में राजा के पास जाएगा उसके मार डालने ही की आज्ञा है; केवल जिसकी ओर राजा सोने का राजदण्ड* बढ़ाए वही बचता है। परन्तु मैं अब तीस दिन से राजा के पास नहीं बुलाई गई हूँ।” \n"
      }
    ]
  },
  "12": {
    "verseObjects": [
      {
        "type": "text",
        "text": "एस्तेर की ये बातें मोर्दकै को सुनाई गईं।\n"
      },
      {
        "tag": "s5",
        "type": "section",
        "text": "\n"
      }
    ]
  },
  "13": {
    "verseObjects": [
      {
        "type": "text",
        "text": "तब मोर्दकै ने एस्तेर के पास यह कहला भेजा, “तू मन ही मन यह विचार न कर, कि मैं ही राजभवन में रहने के कारण और सब यहूदियों में से बची रहूँगी।\n"
      }
    ]
  },
  "14": {
    "verseObjects": [
      {
        "type": "text",
        "text": "क्योंकि जो तू इस समय चुपचाप रहे, तो और किसी न किसी उपाय से यहूदियों का छुटकारा और उद्धार हो जाएगा, परन्तु तू अपने पिता के घराने समेत नाश होगी। क्या जाने तुझे ऐसे ही कठिन समय के लिये राजपद मिल गया हो?” \n"
      },
      {
        "tag": "s5",
        "type": "section",
        "text": "\n"
      }
    ]
  },
  "15": {
    "verseObjects": [
      {
        "type": "text",
        "text": "तब एस्तेर ने मोर्दकै के पास यह कहला भेजा,\n"
      }
    ]
  },
  "16": {
    "verseObjects": [
      {
        "type": "text",
        "text": "“तू जाकर शूशन के सब यहूदियों को इकट्ठा कर, और तुम सब मिलकर मेरे निमित्त उपवास करो, तीन दिन-रात न तो कुछ खाओ, और न कुछ पीओ। और मैं भी अपनी सहेलियों सहित उसी रीति उपवास करूँगी*। और ऐसी ही दशा में मैं नियम के विरुद्ध राजा के पास भीतर जाऊँगी; और यदि नाश हो गई तो हो गई।” \n"
      }
    ]
  },
  "17": {
    "verseObjects": [
      {
        "type": "text",
        "text": "तब मोर्दकै चला गया और एस्तेर की आज्ञा के अनुसार ही उसने सब कुछ किया।\n\n"
      },
      {
        "tag": "s5",
        "type": "section",
        "text": "\n"
      }
    ]
  },
  "front": {
    "verseObjects": [
      {
        "tag": "s",
        "type": "section",
        "text": "एस्तेर के द्वारा यहूदियों की मदद\n"
      },
      {
        "tag": "p",
        "type": "paragraph",
        "text": "\n"
      }
    ]
  }
}