{
  "1": {
    "verseObjects": [
      {
        "type": "text",
        "text": "उस रात राजा को नींद नहीं आई, इसलिए उसकी आज्ञा से इतिहास की पुस्तक लाई गई, और पढ़कर राजा को सुनाई गई।\n"
      }
    ]
  },
  "2": {
    "verseObjects": [
      {
        "type": "text",
        "text": "उसमें यह लिखा हुआ मिला, कि जब राजा क्षयर्ष के हाकिम जो द्वारपाल भी थे, उनमें से बिगताना और तेरेश नामक दो जनों ने उस पर हाथ चलाने की युक्ति की थी उसे मोर्दकै ने प्रगट किया था।\n"
      }
    ]
  },
  "3": {
    "verseObjects": [
      {
        "type": "text",
        "text": "तब राजा ने पूछा, “इसके बदले मोर्दकै की क्या प्रतिष्ठा और बड़ाई की गई*?” राजा के जो सेवक उसकी सेवा टहल कर रहे थे, उन्होंने उसको उत्तर दिया, “उसके लिये कुछ भी नहीं किया गया।”\n"
      },
      {
        "tag": "s5",
        "type": "section",
        "text": "\n"
      }
    ]
  },
  "4": {
    "verseObjects": [
      {
        "type": "text",
        "text": "राजा ने पूछा, “आँगन में कौन है?” उसी समय हामान राजा के भवन से बाहरी आँगन में इस मनसा से आया था, कि जो खम्भा उसने मोर्दकै के लिये तैयार कराया था, उस पर उसको लटका देने की चर्चा राजा से करे।\n"
      }
    ]
  },
  "5": {
    "verseObjects": [
      {
        "type": "text",
        "text": "तब राजा के सेवकों ने उससे कहा, “आँगन में तो हामान खड़ा है।” राजा ने कहा, “उसे भीतर बुलवा लाओ।”\n"
      }
    ]
  },
  "6": {
    "verseObjects": [
      {
        "type": "text",
        "text": "जब हामान भीतर आया, तब राजा ने उससे पूछा, “जिस मनुष्य की प्रतिष्ठा राजा करना चाहता हो तो उसके लिये क्या करना उचित होगा?” हामान ने यह सोचकर, कि मुझसे अधिक राजा किस की प्रतिष्ठा करना चाहता होगा?\n"
      },
      {
        "tag": "s5",
        "type": "section",
        "text": "\n"
      }
    ]
  },
  "7": {
    "verseObjects": [
      {
        "type": "text",
        "text": "राजा को उत्तर दिया, “जिस मनुष्य की प्रतिष्ठा राजा करना चाहे,\n"
      }
    ]
  },
  "8": {
    "verseObjects": [
      {
        "type": "text",
        "text": "उसके लिये राजकीय वस्त्र लाया जाए, जो राजा पहनता* है, और एक घोड़ा भी, जिस पर राजा सवार होता है, और उसके सिर पर जो राजकीय मुकुट धरा जाता है वह भी लाया जाए।\n"
      }
    ]
  },
  "9": {
    "verseObjects": [
      {
        "type": "text",
        "text": "फिर वह वस्त्र, और वह घोड़ा राजा के किसी बड़े हाकिम को सौंपा जाए, और जिसकी प्रतिष्ठा राजा करना चाहता हो, उसको वह वस्त्र पहनाया जाए, और उस घोड़े पर सवार करके, नगर के चौक में उसे फिराया जाए; और उसके आगे-आगे यह प्रचार किया जाए, ‘जिसकी प्रतिष्ठा राजा करना चाहता है, उसके साथ ऐसा ही किया जाएगा।’ ”\n"
      },
      {
        "tag": "s5",
        "type": "section",
        "text": "\n"
      }
    ]
  },
  "10": {
    "verseObjects": [
      {
        "type": "text",
        "text": "राजा ने हामान से कहा, “फुर्ती करके अपने कहने के अनुसार उस वस्त्र और उस घोड़े को लेकर, उस यहूदी मोर्दकै से जो राजभवन के फाटक में बैठा करता है, वैसा ही कर। जैसा तूने कहा है उसमें कुछ भी कमी होने न पाए।”\n"
      }
    ]
  },
  "11": {
    "verseObjects": [
      {
        "type": "text",
        "text": "तब हामान ने उस वस्त्र, और उस घोड़े को लेकर, मोर्दकै को पहनाया, और उसे घोड़े पर चढ़ाकर, नगर के चौक में इस प्रकार पुकारता हुआ घुमाया, “जिसकी प्रतिष्ठा राजा करना चाहता है उसके साथ ऐसा ही किया जाएगा।”\n"
      },
      {
        "tag": "s5",
        "type": "section",
        "text": "\n"
      }
    ]
  },
  "12": {
    "verseObjects": [
      {
        "type": "text",
        "text": "तब मोर्दकै तो राजभवन के फाटक में लौट गया परन्तु हामान शोक करता हुआ और सिर ढाँपे हुए झट अपने घर को गया।\n"
      }
    ]
  },
  "13": {
    "verseObjects": [
      {
        "type": "text",
        "text": "हामान ने अपनी पत्‍नी जेरेश और अपने सब मित्रों से सब कुछ जो उस पर बीता था वर्णन किया। तब उसके बुद्धिमान मित्रों और उसकी पत्‍नी जेरेश ने उससे कहा, “मोर्दकै जिसे तू नीचा दिखाना चाहता है, यदि वह यहूदियों के वंश में का है, तो तू उस पर प्रबल न होने पाएगा उससे पूरी रीति नीचा हो जाएगा।”\n"
      }
    ]
  },
  "14": {
    "verseObjects": [
      {
        "type": "text",
        "text": "वे उससे बातें कर ही रहे थे, कि राजा के खोजे आकर, हामान को एस्तेर के किए हुए भोज में फुर्ती से बुला ले गए।\n\n"
      },
      {
        "tag": "s5",
        "type": "section",
        "text": "\n"
      }
    ]
  },
  "front": {
    "verseObjects": [
      {
        "tag": "s",
        "type": "section",
        "text": "राजा के द्वारा मोर्दकै का सम्मान\n"
      },
      {
        "tag": "p",
        "type": "paragraph",
        "text": "\n"
      }
    ]
  }
}