{
  "1": {
    "verseObjects": [
      {
        "type": "text",
        "text": "उसी दिन राजा क्षयर्ष ने यहूदियों के विरोधी हामान का घरबार* एस्तेर रानी को दे दिया। मोर्दकै राजा के सामने आया, क्योंकि एस्तेर ने राजा को बताया था, कि उससे उसका क्या नाता था\n"
      }
    ]
  },
  "2": {
    "verseObjects": [
      {
        "type": "text",
        "text": "तब राजा ने अपनी वह मुहर वाली अंगूठी जो उसने हामान से ले ली थी, उतार कर, मोर्दकै को दे दी। एस्तेर ने मोर्दकै को हामान के घरबार पर अधिकारी नियुक्त कर दिया।\n"
      },
      {
        "tag": "s5",
        "type": "section",
        "text": "\n"
      }
    ]
  },
  "3": {
    "verseObjects": [
      {
        "type": "text",
        "text": "फिर एस्तेर दूसरी बार राजा से बोली; और उसके पाँव पर गिर, आँसू बहा बहाकर उससे गिड़गिड़ाकर विनती की, कि अगागी हामान की बुराई और यहूदियों की हानि की उसकी युक्ति निष्फल की जाए।\n"
      }
    ]
  },
  "4": {
    "verseObjects": [
      {
        "type": "text",
        "text": "तब राजा ने एस्तेर की ओर सोने का राजदण्ड बढ़ाया।\n"
      },
      {
        "tag": "s5",
        "type": "section",
        "text": "\n"
      }
    ]
  },
  "5": {
    "verseObjects": [
      {
        "type": "text",
        "text": "तब एस्तेर उठकर राजा के सामने खड़ी हुई; और कहने लगी, “यदि राजा को स्वीकार हो और वह मुझसे प्रसन्‍न है और यह बात उसको ठीक जान पड़े, और मैं भी उसको अच्छी लगती हूँ, तो जो चिट्ठियाँ हम्मदाता अगागी के पुत्र हामान ने राजा के सब प्रान्तों के यहूदियों को नाश करने की युक्ति करके लिखाई थीं, उनको पलटने के लिये लिखा जाए।\n"
      }
    ]
  },
  "6": {
    "verseObjects": [
      {
        "type": "text",
        "text": "क्योंकि मैं अपने जाति के लोगों पर पड़नेवाली उस विपत्ति को किस रीति से देख सकूँगी? और मैं अपने भाइयों के विनाश को कैसे देख सकूँगी?”\n"
      },
      {
        "tag": "s5",
        "type": "section",
        "text": "\n"
      }
    ]
  },
  "7": {
    "verseObjects": [
      {
        "type": "text",
        "text": "तब राजा क्षयर्ष ने एस्तेर रानी से और मोर्दकै यहूदी से कहा, “मैं हामान का घरबार तो एस्तेर को दे चुका हूँ, और वह फांसी के खम्भे पर लटका दिया गया है, इसलिए कि उसने यहूदियों पर हाथ उठाया था।\n"
      }
    ]
  },
  "8": {
    "verseObjects": [
      {
        "type": "text",
        "text": "अतः तुम अपनी समझ के अनुसार राजा के नाम से यहूदियों के नाम पर लिखो, और राजा की मुहर वाली अंगूठी की छाप भी लगाओ; क्योंकि जो चिट्ठी राजा के नाम से लिखी जाए, और उस पर उसकी अंगूठी की छाप लगाई जाए, उसको कोई भी पलट नहीं सकता।”\n"
      },
      {
        "tag": "s5",
        "type": "section",
        "text": "\n"
      }
    ]
  },
  "9": {
    "verseObjects": [
      {
        "type": "text",
        "text": "उसी समय अर्थात् सीवान नामक तीसरे महीने के तेईसवें दिन को राजा के लेखक बुलवाए गए और जिस-जिस बात की आज्ञा मोर्दकै ने उन्हें दी थी, उसे यहूदियों और अधिपतियों और भारत से लेकर कूश तक, जो एक सौ सत्ताईस प्रान्त हैं, उन सभी के अधिपतियों और हाकिमों को एक-एक प्रान्त के अक्षरों में और एक-एक देश के लोगों की भाषा में, और यहूदियों को उनके अक्षरों और भाषा में लिखी गईं।\n"
      },
      {
        "tag": "s5",
        "type": "section",
        "text": "\n"
      }
    ]
  },
  "10": {
    "verseObjects": [
      {
        "type": "text",
        "text": "मोर्दकै ने राजा क्षयर्ष के नाम से चिट्ठियाँ लिखाकर, और उन पर राजा की मुहर वाली अंगूठी की छाप लगाकर, वेग चलनेवाले सरकारी घोड़ों, खच्चरों और साँड़नियों पर सवार हरकारों के हाथ भेज दीं।\n"
      }
    ]
  },
  "11": {
    "verseObjects": [
      {
        "type": "text",
        "text": "इन चिट्ठियों में सब नगरों के यहूदियों को राजा की ओर से अनुमति दी गई, कि वे इकट्ठे हों और अपना-अपना प्राण बचाने के लिये तैयार होकर*, जिस जाति या प्रान्त के लोग अन्याय करके उनको या उनकी स्त्रियों और बाल-बच्चों को दुःख देना चाहें, उनको घात और नाश करें, और उनकी धन सम्पत्ति लूट लें।\n"
      }
    ]
  },
  "12": {
    "verseObjects": [
      {
        "type": "text",
        "text": "और यह राजा क्षयर्ष के सब प्रान्तों में एक ही दिन में किया जाए, अर्थात् अदार नामक बारहवें महीने के तेरहवें दिन को।\n"
      },
      {
        "tag": "s5",
        "type": "section",
        "text": "\n"
      }
    ]
  },
  "13": {
    "verseObjects": [
      {
        "type": "text",
        "text": "इस आज्ञा के लेख की नकलें, समस्त प्रान्तों में सब देशों के लोगों के पास खुली हुई भेजी गईं; ताकि यहूदी उस दिन अपने शत्रुओं से पलटा लेने को तैयार रहें।\n"
      }
    ]
  },
  "14": {
    "verseObjects": [
      {
        "type": "text",
        "text": "अतः हरकारे वेग चलनेवाले सरकारी घोड़ों पर सवार होकर, राजा की आज्ञा से फुर्ती करके जल्दी चले गए, और यह आज्ञा शूशन राजगढ़ में दी गई थी।\n"
      },
      {
        "tag": "s5",
        "type": "section",
        "text": "\n"
      }
    ]
  },
  "15": {
    "verseObjects": [
      {
        "type": "text",
        "text": "तब मोर्दकै नीले और श्वेत रंग के राजकीय वस्त्र पहने और सिर पर सोने का बड़ा मुकुट धरे हुए और सूक्ष्म सन और बैंगनी रंग का बागा पहने हुए, राजा के सम्मुख से निकला, और शूशन नगर के लोग आनन्द के मारे ललकार उठे।\n"
      }
    ]
  },
  "16": {
    "verseObjects": [
      {
        "type": "text",
        "text": "और यहूदियों को आनन्द और हर्ष हुआ और उनकी बड़ी प्रतिष्ठा हुई।\n"
      }
    ]
  },
  "17": {
    "verseObjects": [
      {
        "type": "text",
        "text": "और जिस-जिस प्रान्त, और जिस-जिस नगर में, जहाँ कहीं राजा की आज्ञा और नियम पहुँचे, वहाँ-वहाँ यहूदियों को आनन्द और हर्ष हुआ, और उन्होंने भोज करके उस दिन को खुशी का दिन माना। और उस देश के लोगों में से बहुत लोग यहूदी बन गए, क्योंकि उनके मन में यहूदियों का डर समा गया था।\n\n"
      },
      {
        "tag": "s5",
        "type": "section",
        "text": "\n"
      }
    ]
  },
  "front": {
    "verseObjects": [
      {
        "tag": "s",
        "type": "section",
        "text": "एस्तेर के द्वारा यहूदियों का विजय\n"
      },
      {
        "tag": "p",
        "type": "paragraph",
        "text": "\n"
      }
    ]
  }
}