{
  "1": {
    "verseObjects": [
      {
        "type": "text",
        "text": "अदार नामक बारहवें महीने के तेरहवें दिन को, जिस दिन राजा की आज्ञा और नियम पूरे होने को थे, और यहूदियों के शत्रु उन पर प्रबल होने की आशा रखते थे, परन्तु इसके विपरीत यहूदी अपने बैरियों पर प्रबल हुए; उस दिन,\n"
      }
    ]
  },
  "2": {
    "verseObjects": [
      {
        "type": "text",
        "text": "यहूदी लोग राजा क्षयर्ष के सब प्रान्तों में अपने-अपने नगर में इकट्ठे हुए, कि जो उनकी हानि करने का यत्न करे, उन पर हाथ चलाएँ। कोई उनका सामना न कर सका, क्योंकि उनका भय देश-देश के सब लोगों के मन में समा गया था।\n"
      },
      {
        "tag": "s5",
        "type": "section",
        "text": "\n"
      }
    ]
  },
  "3": {
    "verseObjects": [
      {
        "type": "text",
        "text": "वरन् प्रान्तों के सब हाकिमों और अधिपतियों और प्रधानों और राजा के कर्मचारियों ने यहूदियों की सहायता की*, क्योंकि उनके मन में मोर्दकै का भय समा गया था।\n"
      }
    ]
  },
  "4": {
    "verseObjects": [
      {
        "type": "text",
        "text": "मोर्दकै तो राजा के यहाँ बहुत प्रतिष्ठित था, और उसकी कीर्ति सब प्रान्तों में फैल गई; वरन् उस पुरुष मोर्दकै की महिमा बढ़ती चली गई।\n"
      }
    ]
  },
  "5": {
    "verseObjects": [
      {
        "type": "text",
        "text": "अतः यहूदियों ने अपने सब शत्रुओं को तलवार से मारकर और घात करके नाश कर डाला, और अपने बैरियों से अपनी इच्छा के अनुसार बर्ताव किया।\n"
      },
      {
        "tag": "s5",
        "type": "section",
        "text": "\n"
      }
    ]
  },
  "6": {
    "verseObjects": [
      {
        "type": "text",
        "text": "शूशन राजगढ़ में यहूदियों ने पाँच सौ मनुष्यों को घात करके नाश किया।\n"
      }
    ]
  },
  "7": {
    "verseObjects": [
      {
        "type": "text",
        "text": "उन्होंने पर्शन्दाता, दल्पोन, अस्पाता,\n"
      }
    ]
  },
  "8": {
    "verseObjects": [
      {
        "type": "text",
        "text": "पोराता, अदल्या, अरीदाता,\n"
      }
    ]
  },
  "9": {
    "verseObjects": [
      {
        "type": "text",
        "text": "पर्मशता, अरीसै, अरीदै और वैजाता,\n"
      }
    ]
  },
  "10": {
    "verseObjects": [
      {
        "type": "text",
        "text": "अर्थात् हम्मदाता के पुत्र यहूदियों के विरोधी हामान के दसों पुत्रों को भी घात किया; परन्तु उनके धन को न लूटा।\n"
      },
      {
        "tag": "s5",
        "type": "section",
        "text": "\n"
      }
    ]
  },
  "11": {
    "verseObjects": [
      {
        "type": "text",
        "text": "उसी दिन शूशन राजगढ़ में घात किए हुओं की गिनती राजा को सुनाई गई।\n"
      }
    ]
  },
  "12": {
    "verseObjects": [
      {
        "type": "text",
        "text": "तब राजा ने एस्तेर रानी से कहा, “यहूदियों ने शूशन राजगढ़ ही में पाँच सौ मनुष्यों और हामान के दसों पुत्रों को भी घात करके नाश किया है; फिर राज्य के अन्य प्रान्तों में उन्होंने न जाने क्या-क्या किया होगा! अब इससे अधिक तेरा निवेदन क्या है? वह भी पूरा किया जाएगा। और तू क्या माँगती है? वह भी तुझे दिया जाएगा।” \n"
      },
      {
        "tag": "s5",
        "type": "section",
        "text": "\n"
      }
    ]
  },
  "13": {
    "verseObjects": [
      {
        "type": "text",
        "text": "एस्तेर ने कहा, “यदि राजा को स्वीकार हो तो शूशन के यहूदियों को आज के समान कल भी करने की आज्ञा दी जाए, और हामान के दसों पुत्र फांसी के खम्भों पर लटकाए जाएँ।” \n"
      }
    ]
  },
  "14": {
    "verseObjects": [
      {
        "type": "text",
        "text": "राजा ने आज्ञा दी, “ऐसा किया जाए;” यह आज्ञा शूशन में दी गई, और हामान के दसों पुत्र लटकाए गए।\n"
      },
      {
        "tag": "s5",
        "type": "section",
        "text": "\n"
      }
    ]
  },
  "15": {
    "verseObjects": [
      {
        "type": "text",
        "text": "शूशन के यहूदियों ने अदार महीने के चौदहवें दिन को भी इकट्ठे होकर शूशन में तीन सौ पुरुषों को घात किया, परन्तु धन को न लूटा।\n"
      }
    ]
  },
  "16": {
    "verseObjects": [
      {
        "type": "text",
        "text": "राज्य के अन्य प्रान्तों के यहूदी इकट्ठा होकर अपना-अपना प्राण बचाने के लिये खड़े हुए, और अपने बैरियों में से पचहत्तर हजार मनुष्यों को घात करके अपने शत्रुओं से विश्राम पाया; परन्तु धन को न लूटा।\n"
      },
      {
        "tag": "s5",
        "type": "section",
        "text": "\n"
      }
    ]
  },
  "17": {
    "verseObjects": [
      {
        "type": "text",
        "text": "यह अदार महीने के तेरहवें दिन को किया गया, और चौदहवें दिन को उन्होंने विश्राम करके भोज किया और आनन्द का दिन ठहराया।\n"
      }
    ]
  },
  "18": {
    "verseObjects": [
      {
        "type": "text",
        "text": "परन्तु शूशन के यहूदी अदार महीने के तेरहवें दिन को, और उसी महीने के चौदहवें दिन को इकट्ठा हुए, और उसी महीने के पन्द्रहवें दिन को उन्होंने विश्राम करके भोज का और आनन्द का दिन ठहराया।\n"
      }
    ]
  },
  "19": {
    "verseObjects": [
      {
        "type": "text",
        "text": "इस कारण देहाती यहूदी* जो बिना शहरपनाह की बस्तियों में रहते हैं, वे अदार महीने के चौदहवें दिन को आनन्द और भोज और खुशी और आपस में भोजन सामग्री भेजने का दिन नियुक्त करके मानते हैं।\n"
      },
      {
        "tag": "s5",
        "type": "section",
        "text": "\n"
      }
    ]
  },
  "20": {
    "verseObjects": [
      {
        "type": "text",
        "text": "इन बातों का वृत्तान्त लिखकर, मोर्दकै ने राजा क्षयर्ष के सब प्रान्तों में, क्या निकट क्या दूर रहनेवाले सारे यहूदियों के पास चिट्ठियाँ भेजीं,\n"
      }
    ]
  },
  "21": {
    "verseObjects": [
      {
        "type": "text",
        "text": "और यह आज्ञा दी, कि अदार महीने के चौदहवें और उसी महीने के पन्द्रहवें दिन को प्रति वर्ष माना करें।\n"
      }
    ]
  },
  "22": {
    "verseObjects": [
      {
        "type": "text",
        "text": "जिनमें यहूदियों ने अपने शत्रुओं से विश्राम पाया, और यह महीना जिसमें शोक आनन्द से, और विलाप खुशी से बदला गया; (माना करें) और उनको भोज और आनन्द और एक दूसरे के पास भोजन सामग्री भेजने और कंगालों को दान देने के दिन मानें।\n"
      },
      {
        "tag": "s5",
        "type": "section",
        "text": "\n"
      }
    ]
  },
  "23": {
    "verseObjects": [
      {
        "type": "text",
        "text": "अतः यहूदियों ने जैसा आरम्भ किया था, और जैसा मोर्दकै ने उन्हें लिखा, वैसा ही करने का निश्चय कर लिया।\n"
      }
    ]
  },
  "24": {
    "verseObjects": [
      {
        "type": "text",
        "text": "क्योंकि हम्मदाता अगागी का पुत्र हामान जो सब यहूदियों का विरोधी था, उसने यहूदियों का नाश करने की युक्ति की, और उन्हें मिटा डालने और नाश करने के लिये पूर अर्थात् चिट्ठी डाली थी।\n"
      }
    ]
  },
  "25": {
    "verseObjects": [
      {
        "type": "text",
        "text": "परन्तु जब राजा ने यह जान लिया, तब उसने आज्ञा दी और लिखवाई कि जो दुष्ट युक्ति हामान ने यहूदियों के विरुद्ध की थी वह उसी के सिर पर पलट आए, तब वह और उसके पुत्र फांसी के खम्भों पर लटकाए गए।\n"
      },
      {
        "tag": "s5",
        "type": "section",
        "text": "\n"
      }
    ]
  },
  "26": {
    "verseObjects": [
      {
        "type": "text",
        "text": "इस कारण उन दिनों का नाम पूर शब्द से पूरीम रखा गया। इस चिट्ठी की सब बातों के कारण, और जो कुछ उन्होंने इस विषय में देखा और जो कुछ उन पर बीता था, उसके कारण भी\n"
      }
    ]
  },
  "27": {
    "verseObjects": [
      {
        "type": "text",
        "text": "यहूदियों ने अपने-अपने लिये और अपनी सन्तान के लिये, और उन सभी के लिये भी जो उनमें मिल गए थे यह अटल प्रण किया, कि उस लेख के अनुसार प्रति वर्ष उसके ठहराए हुए समय में वे ये दो दिन मानें।\n"
      }
    ]
  },
  "28": {
    "verseObjects": [
      {
        "type": "text",
        "text": "और पीढ़ी-पीढ़ी, कुल-कुल, प्रान्त-प्रान्त, नगर-नगर में ये दिन स्मरण किए और माने जाएँगे। और पूरीम नाम के दिन यहूदियों में कभी न मिटेंगे और उनका स्मरण उनके वंश से जाता न रहेगा।\n"
      },
      {
        "tag": "s5",
        "type": "section",
        "text": "\n"
      }
    ]
  },
  "29": {
    "verseObjects": [
      {
        "type": "text",
        "text": "फिर अबीहैल की बेटी एस्तेर रानी, और मोर्दकै यहूदी ने, पूरीम के विषय यह दूसरी चिट्ठी बड़े अधिकार के साथ लिखी।\n"
      },
      {
        "tag": "s5",
        "type": "section",
        "text": "\n"
      }
    ]
  },
  "30": {
    "verseObjects": [
      {
        "type": "text",
        "text": "इसकी नकलें मोर्दकै ने क्षयर्ष के राज्य के, एक सौ सत्ताईस प्रान्तों के सब यहूदियों के पास शान्ति देनेवाली और सच्ची बातों के साथ इस आशय से भेजीं,\n"
      }
    ]
  },
  "31": {
    "verseObjects": [
      {
        "type": "text",
        "text": "कि पूरीम के उन दिनों के विशेष ठहराए हुए समयों में मोर्दकै यहूदी और एस्तेर रानी की आज्ञा के अनुसार, और जो यहूदियों ने अपने और अपनी सन्तान के लिये ठान लिया था, उसके अनुसार भी उपवास और विलाप किए जाएँ।\n"
      }
    ]
  },
  "32": {
    "verseObjects": [
      {
        "type": "text",
        "text": "पूरीम के विषय का यह नियम एस्तेर की आज्ञा से भी स्थिर किया गया, और उनकी चर्चा पुस्तक में लिखी गई।\n\n"
      },
      {
        "tag": "s5",
        "type": "section",
        "text": "\n"
      }
    ]
  },
  "front": {
    "verseObjects": [
      {
        "tag": "s",
        "type": "section",
        "text": "पूरीम नाम पर्व का ठहराया जाना\n"
      },
      {
        "tag": "p",
        "type": "paragraph",
        "text": "\n"
      }
    ]
  }
}