{
  "1": {
    "verseObjects": [
      {
        "type": "text",
        "text": "Send out your bread on the waters,\n"
      },
      {
        "tag": "q2",
        "type": "quote",
        "text": "for you will find it again after many days.\n"
      },
      {
        "tag": "q1",
        "type": "quote",
        "text": "\n"
      }
    ]
  },
  "2": {
    "verseObjects": [
      {
        "type": "text",
        "text": "Share it with seven, even eight people,\n"
      },
      {
        "tag": "q2",
        "type": "quote",
        "text": "for you do not know what disasters are coming on the earth.\n"
      },
      {
        "tag": "q1",
        "type": "quote",
        "text": "\n"
      }
    ]
  },
  "3": {
    "verseObjects": [
      {
        "type": "text",
        "text": "If the clouds are full of rain,\n"
      },
      {
        "tag": "q2",
        "type": "quote",
        "text": "they empty themselves on the earth,\n"
      },
      {
        "tag": "q1",
        "type": "quote",
        "text": "and if a tree falls toward the south or toward the north,\n"
      },
      {
        "tag": "q2",
        "type": "quote",
        "text": "wherever the tree falls, there it will remain.\n"
      },
      {
        "type": "text",
        "text": "\n"
      },
      {
        "tag": "s5",
        "type": "section",
        "text": "\n"
      },
      {
        "tag": "q1",
        "type": "quote",
        "text": "\n"
      }
    ]
  },
  "4": {
    "verseObjects": [
      {
        "type": "text",
        "text": "Anyone who watches the wind might not plant,\n"
      },
      {
        "tag": "q2",
        "type": "quote",
        "text": "and anyone who watches the clouds might not harvest.\n"
      },
      {
        "tag": "q1",
        "type": "quote",
        "text": "\n"
      }
    ]
  },
  "5": {
    "verseObjects": [
      {
        "type": "text",
        "text": "As you do not know the path of the wind,\n"
      },
      {
        "tag": "q2",
        "type": "quote",
        "text": "nor how a baby's bones grow in the pregnant womb,\n"
      },
      {
        "tag": "f",
        "type": "footnote",
        "content": "+ \\ft Some modern versions have \\fqa As you do not know the path of the spirit to the baby's bones in the pregnant womb \\fqa* . "
      },
      {
        "type": "text",
        "text": "\n"
      },
      {
        "tag": "q1",
        "type": "quote",
        "text": "so also you cannot comprehend the work of God,\n"
      },
      {
        "tag": "q2",
        "type": "quote",
        "text": "who created everything.\n"
      },
      {
        "type": "text",
        "text": "\n"
      },
      {
        "tag": "s5",
        "type": "section",
        "text": "\n"
      },
      {
        "tag": "q1",
        "type": "quote",
        "text": "\n"
      }
    ]
  },
  "6": {
    "verseObjects": [
      {
        "type": "text",
        "text": "In the morning plant your seed;\n"
      },
      {
        "tag": "q2",
        "type": "quote",
        "text": "until the evening, work with your hands as needed,\n"
      },
      {
        "tag": "q1",
        "type": "quote",
        "text": "for you know not which will prosper,\n"
      },
      {
        "tag": "q2",
        "type": "quote",
        "text": "whether morning or evening, or this or that,\n"
      },
      {
        "tag": "q2",
        "type": "quote",
        "text": "or whether they will both alike be good.\n"
      },
      {
        "tag": "q1",
        "type": "quote",
        "text": "\n"
      }
    ]
  },
  "7": {
    "verseObjects": [
      {
        "type": "text",
        "text": "Truly the light is sweet,\n"
      },
      {
        "tag": "q2",
        "type": "quote",
        "text": "and it is a pleasant thing for the eyes to see the sun.\n"
      },
      {
        "tag": "q1",
        "type": "quote",
        "text": "\n"
      }
    ]
  },
  "8": {
    "verseObjects": [
      {
        "type": "text",
        "text": "If someone lives many years,\n"
      },
      {
        "tag": "q2",
        "type": "quote",
        "text": "let him be happy in all of them,\n"
      },
      {
        "tag": "q1",
        "type": "quote",
        "text": "but let him think about the coming days of darkness,\n"
      },
      {
        "tag": "q2",
        "type": "quote",
        "text": "for they will be many.\n"
      },
      {
        "tag": "q1",
        "type": "quote",
        "text": "Everything to come is vanishing vapor.\n"
      },
      {
        "type": "text",
        "text": "\n"
      },
      {
        "tag": "s5",
        "type": "section",
        "text": "\n"
      },
      {
        "tag": "q1",
        "type": "quote",
        "text": "\n"
      }
    ]
  },
  "9": {
    "verseObjects": [
      {
        "type": "text",
        "text": "Take joy, young man, in your youth,\n"
      },
      {
        "tag": "q2",
        "type": "quote",
        "text": "and let your heart be joyful in the days of your youth.\n"
      },
      {
        "tag": "q1",
        "type": "quote",
        "text": "Pursue the good desires of your heart,\n"
      },
      {
        "tag": "q2",
        "type": "quote",
        "text": "and whatever is within the sight of your eyes.\n"
      },
      {
        "tag": "q1",
        "type": "quote",
        "text": "However, know that God will bring you into judgment for all these things.\n"
      },
      {
        "tag": "q1",
        "type": "quote",
        "text": "\n"
      }
    ]
  },
  "10": {
    "verseObjects": [
      {
        "type": "text",
        "text": "Drive anger away from your heart,\n"
      },
      {
        "tag": "q2",
        "type": "quote",
        "text": "and ignore any pain in your body,\n"
      },
      {
        "tag": "q1",
        "type": "quote",
        "text": "because youth and its strength are vapor.\n"
      },
      {
        "type": "text",
        "text": "\n\n"
      },
      {
        "tag": "s5",
        "type": "section",
        "text": "\n"
      }
    ]
  },
  "front": {
    "verseObjects": [
      {
        "tag": "p",
        "type": "paragraph",
        "text": "\n"
      },
      {
        "tag": "q1",
        "type": "quote",
        "text": "\n"
      }
    ]
  }
}