{
  "1": {
    "verseObjects": [
      {
        "type": "text",
        "text": "Also call to mind your Creator in the days of your youth,\n"
      },
      {
        "tag": "q2",
        "type": "quote",
        "text": "before the days of difficulty come,\n"
      },
      {
        "tag": "q2",
        "type": "quote",
        "text": "and before the years arrive when you say,\n"
      },
      {
        "tag": "q3",
        "type": "quote",
        "text": "\"I have no pleasure in them,\"\n"
      },
      {
        "tag": "q1",
        "type": "quote",
        "text": "\n"
      }
    ]
  },
  "2": {
    "verseObjects": [
      {
        "type": "text",
        "text": "do this before the light of the sun and the moon and the stars grows dark,\n"
      },
      {
        "tag": "q2",
        "type": "quote",
        "text": "and dark clouds return after the rain.\n"
      },
      {
        "type": "text",
        "text": "\n"
      },
      {
        "tag": "s5",
        "type": "section",
        "text": "\n"
      },
      {
        "tag": "q1",
        "type": "quote",
        "text": "\n"
      }
    ]
  },
  "3": {
    "verseObjects": [
      {
        "type": "text",
        "text": "That will be the time when the palace guards will tremble,\n"
      },
      {
        "tag": "q2",
        "type": "quote",
        "text": "and strong men are bent over,\n"
      },
      {
        "tag": "q1",
        "type": "quote",
        "text": "and the women who grind cease because they are few,\n"
      },
      {
        "tag": "q1",
        "type": "quote",
        "text": "and those who look out of windows no longer see clearly.\n"
      },
      {
        "type": "text",
        "text": "\n"
      },
      {
        "tag": "s5",
        "type": "section",
        "text": "\n"
      },
      {
        "tag": "q1",
        "type": "quote",
        "text": "\n"
      }
    ]
  },
  "4": {
    "verseObjects": [
      {
        "type": "text",
        "text": "That will be the time when the doors are shut in the street,\n"
      },
      {
        "tag": "q2",
        "type": "quote",
        "text": "and the sound of grinding stops,\n"
      },
      {
        "tag": "q1",
        "type": "quote",
        "text": "when men are startled at the voice of a bird,\n"
      },
      {
        "tag": "q2",
        "type": "quote",
        "text": "and the singing of girls' voices fades away.\n"
      },
      {
        "type": "text",
        "text": "\n"
      },
      {
        "tag": "s5",
        "type": "section",
        "text": "\n"
      },
      {
        "tag": "q1",
        "type": "quote",
        "text": "\n"
      }
    ]
  },
  "5": {
    "verseObjects": [
      {
        "type": "text",
        "text": "That will be the time when men become afraid of heights\n"
      },
      {
        "tag": "q2",
        "type": "quote",
        "text": "and of dangers along on the road,\n"
      },
      {
        "tag": "q1",
        "type": "quote",
        "text": "and when the almond tree blossoms,\n"
      },
      {
        "tag": "q2",
        "type": "quote",
        "text": "and when grasshoppers drag themselves along,\n"
      },
      {
        "tag": "q2",
        "type": "quote",
        "text": "and when natural desires fail.\n"
      },
      {
        "tag": "q1",
        "type": "quote",
        "text": "Then man goes to his eternal home\n"
      },
      {
        "tag": "q2",
        "type": "quote",
        "text": "and the mourners go down the streets.\n"
      },
      {
        "type": "text",
        "text": "\n"
      },
      {
        "tag": "s5",
        "type": "section",
        "text": "\n"
      },
      {
        "tag": "q1",
        "type": "quote",
        "text": "\n"
      }
    ]
  },
  "6": {
    "verseObjects": [
      {
        "type": "text",
        "text": "Call to mind your Creator\n"
      },
      {
        "tag": "q2",
        "type": "quote",
        "text": "before the silver cord is cut,\n"
      },
      {
        "tag": "q2",
        "type": "quote",
        "text": "or the golden bowl is crushed,\n"
      },
      {
        "tag": "q2",
        "type": "quote",
        "text": "or the pitcher is shattered at the spring,\n"
      },
      {
        "tag": "q2",
        "type": "quote",
        "text": "or the water wheel is broken at the well,\n"
      },
      {
        "tag": "q1",
        "type": "quote",
        "text": "\n"
      }
    ]
  },
  "7": {
    "verseObjects": [
      {
        "type": "text",
        "text": "before the dust returns to the earth where it came from,\n"
      },
      {
        "tag": "q2",
        "type": "quote",
        "text": "and the spirit returns to God who gave it.\n"
      },
      {
        "type": "text",
        "text": "\n"
      },
      {
        "tag": "s5",
        "type": "section",
        "text": "\n"
      },
      {
        "tag": "q1",
        "type": "quote",
        "text": "\n"
      }
    ]
  },
  "8": {
    "verseObjects": [
      {
        "type": "text",
        "text": "\"A mist of vapor,\" says the Teacher, \"everything is vanishing vapor.\"\n"
      }
    ]
  },
  "9": {
    "verseObjects": [
      {
        "type": "text",
        "text": "The Teacher was wise and he taught the people knowledge. He studied and contemplated and set in order many proverbs.\n\n"
      },
      {
        "tag": "s5",
        "type": "section",
        "text": "\n"
      }
    ]
  },
  "10": {
    "verseObjects": [
      {
        "type": "text",
        "text": "The Teacher sought to write using vivid, upright words of truth.\n"
      }
    ]
  },
  "11": {
    "verseObjects": [
      {
        "type": "text",
        "text": "The words of wise people are like goads. Like nails driven deeply are the words of the masters in collections of their proverbs, which are taught by one shepherd.\n\n"
      },
      {
        "tag": "s5",
        "type": "section",
        "text": "\n"
      }
    ]
  },
  "12": {
    "verseObjects": [
      {
        "type": "text",
        "text": "My son, be aware of something more: the making of many books, which has no end and much study brings weariness to the body.\n\n"
      },
      {
        "tag": "s5",
        "type": "section",
        "text": "\n"
      },
      {
        "tag": "q1",
        "type": "quote",
        "text": "\n"
      }
    ]
  },
  "13": {
    "verseObjects": [
      {
        "type": "text",
        "text": "The end of the matter\n"
      },
      {
        "tag": "q2",
        "type": "quote",
        "text": "after everything has been heard,\n"
      },
      {
        "tag": "q1",
        "type": "quote",
        "text": "is that you must fear God and keep his commandments,\n"
      },
      {
        "tag": "q2",
        "type": "quote",
        "text": "for this is the whole duty of mankind.\n"
      },
      {
        "tag": "q1",
        "type": "quote",
        "text": "\n"
      }
    ]
  },
  "14": {
    "verseObjects": [
      {
        "type": "text",
        "text": "For God will bring every deed into judgment,\n"
      },
      {
        "tag": "q2",
        "type": "quote",
        "text": "along with every hidden thing,\n"
      },
      {
        "tag": "q1",
        "type": "quote",
        "text": "whether it is good or evil.\n"
      },
      {
        "type": "text",
        "text": "\n"
      }
    ]
  },
  "front": {
    "verseObjects": [
      {
        "tag": "m",
        "type": "paragraph",
        "text": "\n"
      },
      {
        "tag": "q1",
        "type": "quote",
        "text": "\n"
      }
    ]
  }
}