{
  "1": {
    "verseObjects": [
      {
        "type": "text",
        "text": "I said in my heart, \"Come now, I will test you with happiness. So enjoy pleasure.\" But look, this also was just a temporary breeze.\n"
      }
    ]
  },
  "2": {
    "verseObjects": [
      {
        "type": "text",
        "text": "I said about laughter, \"It is crazy,\" and about pleasure, \"What use is it?\"\n\n"
      },
      {
        "tag": "s5",
        "type": "section",
        "text": "\n"
      }
    ]
  },
  "3": {
    "verseObjects": [
      {
        "type": "text",
        "text": "I explored in my heart how to gratify my desires with wine. I let my mind guide me with wisdom although I was still holding on to folly. I wanted to find out what is good for people to do under heaven during the days of their lives.\n\n"
      },
      {
        "tag": "s5",
        "type": "section",
        "text": "\n"
      }
    ]
  },
  "4": {
    "verseObjects": [
      {
        "type": "text",
        "text": "I accomplished great things. I built houses for myself and planted vineyards.\n"
      }
    ]
  },
  "5": {
    "verseObjects": [
      {
        "type": "text",
        "text": "I built for myself gardens and parks; I planted all kinds of fruit trees in them.\n"
      }
    ]
  },
  "6": {
    "verseObjects": [
      {
        "type": "text",
        "text": "I created pools of water to water a forest where trees were grown.\n\n"
      },
      {
        "tag": "s5",
        "type": "section",
        "text": "\n"
      }
    ]
  },
  "7": {
    "verseObjects": [
      {
        "type": "text",
        "text": "I purchased male slaves and female slaves; I had slaves born in my palace. I also had large herds and flocks of livestock, much more than any king who ruled before me in Jerusalem.\n"
      }
    ]
  },
  "8": {
    "verseObjects": [
      {
        "type": "text",
        "text": "I also accumulated for myself silver and gold, the treasures of kings and provinces. I got male and female singers for myself—the delights of the children of humanity—and many concubines.\n"
      },
      {
        "tag": "f",
        "type": "footnote",
        "content": "+ \\ft Modern versions interpret the last part of this verse in different ways: \\fqa everything that pleases people \\fqa* , \\fqa concubines and everything that pleases men \\fqa* , etc. "
      },
      {
        "type": "text",
        "text": "\n\n"
      },
      {
        "tag": "s5",
        "type": "section",
        "text": "\n"
      }
    ]
  },
  "9": {
    "verseObjects": [
      {
        "type": "text",
        "text": "So I became greater and wealthier than all who were before me in Jerusalem, and my wisdom remained with me.\n"
      },
      {
        "tag": "q1",
        "type": "quote",
        "text": "\n"
      }
    ]
  },
  "10": {
    "verseObjects": [
      {
        "type": "text",
        "text": "Whatever my eyes desired,\n"
      },
      {
        "tag": "q2",
        "type": "quote",
        "text": "I did not withhold from them.\n"
      },
      {
        "tag": "q1",
        "type": "quote",
        "text": "I did not withhold my heart from any pleasure,\n"
      },
      {
        "tag": "q2",
        "type": "quote",
        "text": "because my heart rejoiced in all my labor\n"
      },
      {
        "tag": "q2",
        "type": "quote",
        "text": "and pleasure was my reward for all my work.\n"
      },
      {
        "type": "text",
        "text": "\n"
      },
      {
        "tag": "s5",
        "type": "section",
        "text": "\n"
      },
      {
        "tag": "q1",
        "type": "quote",
        "text": "\n"
      }
    ]
  },
  "11": {
    "verseObjects": [
      {
        "type": "text",
        "text": "Then I looked on all the deeds that my hands had accomplished,\n"
      },
      {
        "tag": "q2",
        "type": "quote",
        "text": "and on the work that I had done,\n"
      },
      {
        "tag": "q1",
        "type": "quote",
        "text": "but again, everything was vapor and an attempt to shepherd the wind.\n"
      },
      {
        "tag": "q2",
        "type": "quote",
        "text": "There was no profit under the sun in it.\n"
      },
      {
        "tag": "q1",
        "type": "quote",
        "text": "\n"
      }
    ]
  },
  "12": {
    "verseObjects": [
      {
        "type": "text",
        "text": "Then I turned to consider wisdom,\n"
      },
      {
        "tag": "q2",
        "type": "quote",
        "text": "and also madness and folly.\n"
      },
      {
        "tag": "q1",
        "type": "quote",
        "text": "For what can the next king do who comes after the king,\n"
      },
      {
        "tag": "q2",
        "type": "quote",
        "text": "which has not already been done?\n"
      },
      {
        "type": "text",
        "text": "\n"
      },
      {
        "tag": "s5",
        "type": "section",
        "text": "\n"
      },
      {
        "tag": "q1",
        "type": "quote",
        "text": "\n"
      }
    ]
  },
  "13": {
    "verseObjects": [
      {
        "type": "text",
        "text": "Then I began to understand\n"
      },
      {
        "tag": "q2",
        "type": "quote",
        "text": "that wisdom has advantages over folly,\n"
      },
      {
        "tag": "q2",
        "type": "quote",
        "text": "just as light is better than darkness.\n"
      },
      {
        "tag": "q1",
        "type": "quote",
        "text": "\n"
      }
    ]
  },
  "14": {
    "verseObjects": [
      {
        "type": "text",
        "text": "The wise man uses his eyes in his head to see where he is going,\n"
      },
      {
        "tag": "q2",
        "type": "quote",
        "text": "but the fool walks in darkness,\n"
      },
      {
        "tag": "q1",
        "type": "quote",
        "text": "although I know the same event happens to all of them.\n"
      },
      {
        "tag": "s5",
        "type": "section",
        "text": "\n"
      },
      {
        "tag": "q1",
        "type": "quote",
        "text": "\n"
      }
    ]
  },
  "15": {
    "verseObjects": [
      {
        "type": "text",
        "text": "Then I said in my heart,\n"
      },
      {
        "tag": "q2",
        "type": "quote",
        "text": "\"What happens to the fool,\n"
      },
      {
        "tag": "q2",
        "type": "quote",
        "text": "will also happen to me.\n"
      },
      {
        "tag": "q1",
        "type": "quote",
        "text": "So what difference does it make if I am very wise?\"\n"
      },
      {
        "tag": "q2",
        "type": "quote",
        "text": "I concluded in my heart,\n"
      },
      {
        "tag": "q2",
        "type": "quote",
        "text": "\"This too is only vapor.\"\n"
      },
      {
        "tag": "q1",
        "type": "quote",
        "text": "\n"
      }
    ]
  },
  "16": {
    "verseObjects": [
      {
        "type": "text",
        "text": "For the wise man, like the fool, is not remembered for very long.\n"
      },
      {
        "tag": "q2",
        "type": "quote",
        "text": "In the days to come everything will have been long forgotten.\n"
      },
      {
        "tag": "q1",
        "type": "quote",
        "text": "The wise man dies just like the fool dies.\n"
      },
      {
        "type": "text",
        "text": "\n"
      },
      {
        "tag": "s5",
        "type": "section",
        "text": "\n"
      }
    ]
  },
  "17": {
    "verseObjects": [
      {
        "type": "text",
        "text": "So I detested life because all the work done under the sun was evil to me. This was because everything is vapor and an attempt to shepherd the wind.\n"
      }
    ]
  },
  "18": {
    "verseObjects": [
      {
        "type": "text",
        "text": "I hated all my accomplishments for which I had worked under the sun because I must leave them behind to the man who comes after me.\n\n"
      },
      {
        "tag": "s5",
        "type": "section",
        "text": "\n"
      }
    ]
  },
  "19": {
    "verseObjects": [
      {
        "type": "text",
        "text": "For who knows whether he will be a wise man or a fool? Yet he will be master over everything under the sun that my work and wisdom have built. This also is vapor.\n"
      }
    ]
  },
  "20": {
    "verseObjects": [
      {
        "type": "text",
        "text": "Therefore my heart began to despair over all the work under the sun that I did.\n\n"
      },
      {
        "tag": "s5",
        "type": "section",
        "text": "\n"
      }
    ]
  },
  "21": {
    "verseObjects": [
      {
        "type": "text",
        "text": "For there might be someone who works with wisdom, with knowledge, and skill, but he will leave everything he has to a man who has not made any of it. This also is vapor and a great tragedy.\n"
      }
    ]
  },
  "22": {
    "verseObjects": [
      {
        "type": "text",
        "text": "For what profit does the person gain who works so hard and tries in his heart to complete his labors under the sun?\n"
      }
    ]
  },
  "23": {
    "verseObjects": [
      {
        "type": "text",
        "text": "Every day his work is painful and stressful, so at night his soul does not find rest. This also is vapor.\n\n"
      },
      {
        "tag": "s5",
        "type": "section",
        "text": "\n"
      }
    ]
  },
  "24": {
    "verseObjects": [
      {
        "type": "text",
        "text": "There is nothing better for anyone than to simply eat and drink and be satisfied with what is good in his work. I saw that this truth comes from God's hand.\n"
      }
    ]
  },
  "25": {
    "verseObjects": [
      {
        "type": "text",
        "text": "For who can eat or who can have any kind of pleasure apart from God?\n\n"
      },
      {
        "tag": "s5",
        "type": "section",
        "text": "\n"
      }
    ]
  },
  "26": {
    "verseObjects": [
      {
        "type": "text",
        "text": "For to anyone who pleases him, God gives wisdom and knowledge and joy. However, to the sinner he gives the work of gathering and storing up so that he may give it away to someone who pleases God. This also amounts to vapor and an attempt to shepherd the wind.\n\n\n"
      },
      {
        "tag": "s5",
        "type": "section",
        "text": "\n"
      }
    ]
  },
  "front": {
    "verseObjects": [
      {
        "tag": "p",
        "type": "paragraph",
        "text": "\n"
      }
    ]
  }
}