{
  "1": {
    "verseObjects": [
      {
        "type": "text",
        "text": "Now, Israel, listen to the laws and the decrees that I am about to teach you, to do them; so that you may live and go in and possess the land that Yahweh, the God of your fathers, is giving you.\n"
      }
    ]
  },
  "2": {
    "verseObjects": [
      {
        "type": "text",
        "text": "You will not add to the words that I command you, neither will you diminish them, so that you may keep the commandments of Yahweh your God that I am about to command you.\n\n"
      },
      {
        "tag": "s5",
        "type": "section",
        "text": "\n"
      }
    ]
  },
  "3": {
    "verseObjects": [
      {
        "type": "text",
        "text": "Your eyes have seen what Yahweh did because of Baal Peor; for all the men who followed the Baal of Peor, Yahweh your God has destroyed them from among you.\n"
      }
    ]
  },
  "4": {
    "verseObjects": [
      {
        "type": "text",
        "text": "But you who clung to Yahweh your God are alive today, every one of you.\n\n"
      },
      {
        "tag": "s5",
        "type": "section",
        "text": "\n"
      }
    ]
  },
  "5": {
    "verseObjects": [
      {
        "type": "text",
        "text": "Look, I have taught you laws and decrees, as Yahweh my God had commanded me, that you should do so in the midst of the land which you are going into in order to possess it.\n"
      }
    ]
  },
  "6": {
    "verseObjects": [
      {
        "type": "text",
        "text": "Therefore keep them and do them; for this is your wisdom and your understanding in the sight of the peoples who will hear about all these statutes and say, 'Surely this great nation is a wise and understanding people.'\n\n"
      },
      {
        "tag": "s5",
        "type": "section",
        "text": "\n"
      }
    ]
  },
  "7": {
    "verseObjects": [
      {
        "type": "text",
        "text": "For what other great nation is there that has a god so near to them, as Yahweh our God is whenever we call upon him?\n"
      }
    ]
  },
  "8": {
    "verseObjects": [
      {
        "type": "text",
        "text": "What other great nation is there that has laws and decrees so righteous as all this law that I am setting before you today?\n\n"
      },
      {
        "tag": "s5",
        "type": "section",
        "text": "\n"
      },
      {
        "tag": "p",
        "type": "paragraph",
        "text": "\n"
      }
    ]
  },
  "9": {
    "verseObjects": [
      {
        "type": "text",
        "text": "Only pay attention and carefully guard yourself, so that you do not forget the things that your eyes have seen, so that they do not leave your heart for all the days of your life. Instead, make them known to your children and your children's children.\n"
      }
    ]
  },
  "10": {
    "verseObjects": [
      {
        "type": "text",
        "text": "On the day that you stood before Yahweh your God at Horeb, when Yahweh said to me, 'Assemble me the people, and I will make them hear my words, that they may learn to fear me all the days that they live on the earth, and that they may teach their children.'\n\n"
      },
      {
        "tag": "s5",
        "type": "section",
        "text": "\n"
      }
    ]
  },
  "11": {
    "verseObjects": [
      {
        "type": "text",
        "text": "You came near and stood at the foot of the mountain. The mountain burned with fire to the heart of heaven, with darkness, cloud, and thick darkness.\n"
      }
    ]
  },
  "12": {
    "verseObjects": [
      {
        "type": "text",
        "text": "Yahweh spoke to you out of the middle of the fire; you heard the voice with its words, but you saw no form; you only heard a voice.\n\n"
      },
      {
        "tag": "s5",
        "type": "section",
        "text": "\n"
      }
    ]
  },
  "13": {
    "verseObjects": [
      {
        "type": "text",
        "text": "He declared to you his covenant that he commanded you to perform, the Ten Commandments. He wrote them on two tablets of stone.\n"
      }
    ]
  },
  "14": {
    "verseObjects": [
      {
        "type": "text",
        "text": "Yahweh commanded me at that time to teach you statutes and rules, so that you might do them in the land that you are crossing over to take possession of it.\n\n"
      },
      {
        "tag": "s5",
        "type": "section",
        "text": "\n"
      },
      {
        "tag": "p",
        "type": "paragraph",
        "text": "\n"
      }
    ]
  },
  "15": {
    "verseObjects": [
      {
        "type": "text",
        "text": "So take great heed to yourselves—for you saw no kind of form on the day that Yahweh spoke to you at Horeb out of the middle of the fire—\n"
      }
    ]
  },
  "16": {
    "verseObjects": [
      {
        "type": "text",
        "text": "that you do not corrupt yourselves and by making a carved image in the form of any figure, in the likeness of male or female,\n"
      }
    ]
  },
  "17": {
    "verseObjects": [
      {
        "type": "text",
        "text": "the likeness of any animal on the earth, the likeness of any winged bird that flies in the heavens,\n"
      }
    ]
  },
  "18": {
    "verseObjects": [
      {
        "type": "text",
        "text": "the likeness of anything that creeps on the ground, or the likeness of any fish that is in the water under the earth.\n\n"
      },
      {
        "tag": "s5",
        "type": "section",
        "text": "\n"
      }
    ]
  },
  "19": {
    "verseObjects": [
      {
        "type": "text",
        "text": "You shall not lift your eyes up to the heavens and look at the sun, the moon, or the stars—all the host of the heavens—and be drawn away to worship them and adore them—those things of which Yahweh your God has given a share all the peoples under the whole sky.\n"
      }
    ]
  },
  "20": {
    "verseObjects": [
      {
        "type": "text",
        "text": "But Yahweh has taken you and brought you out of the iron furnace, out of Egypt, to be to him a people of his own inheritance, as you are today.\n\n"
      },
      {
        "tag": "s5",
        "type": "section",
        "text": "\n"
      }
    ]
  },
  "21": {
    "verseObjects": [
      {
        "type": "text",
        "text": "Yahweh was angry with me because of you; he swore that I should not go over the Jordan, and that I should not go into that good land, the land that Yahweh your God is giving to you as an inheritance.\n"
      }
    ]
  },
  "22": {
    "verseObjects": [
      {
        "type": "text",
        "text": "Instead, I must die in this land; I must not go over the Jordan; but you will go over and possess that good land.\n\n"
      },
      {
        "tag": "s5",
        "type": "section",
        "text": "\n"
      }
    ]
  },
  "23": {
    "verseObjects": [
      {
        "type": "text",
        "text": "Pay attention to yourselves, so that you do not forget the covenant of Yahweh your God, which he made with you, and make for yourselves a carved image in the form of anything that Yahweh your God has forbidden you to make.\n"
      }
    ]
  },
  "24": {
    "verseObjects": [
      {
        "type": "text",
        "text": "For Yahweh your God is a devouring fire, a jealous God.\n\n"
      },
      {
        "tag": "s5",
        "type": "section",
        "text": "\n"
      },
      {
        "tag": "p",
        "type": "paragraph",
        "text": "\n"
      }
    ]
  },
  "25": {
    "verseObjects": [
      {
        "type": "text",
        "text": "When you beget children and children's children, and when you will have been in the land for a long time, and if you corrupt yourselves and make a carved figure in the form of anything, and do what is evil in the sight of Yahweh your God, to provoke him to anger—\n"
      }
    ]
  },
  "26": {
    "verseObjects": [
      {
        "type": "text",
        "text": "I call heaven and earth to witness against you today that you will soon utterly perish from off the land that you are going over the Jordan to possess; you will not prolong your days in it, but you will be completely destroyed.\n\n"
      },
      {
        "tag": "s5",
        "type": "section",
        "text": "\n"
      }
    ]
  },
  "27": {
    "verseObjects": [
      {
        "type": "text",
        "text": "Yahweh will scatter you among the peoples, and you will be left few in number among the nations, where Yahweh will lead you away.\n"
      }
    ]
  },
  "28": {
    "verseObjects": [
      {
        "type": "text",
        "text": "There you will serve other gods, the work of men's hands, wood and stone, which neither see, hear, eat, nor smell.\n\n"
      },
      {
        "tag": "s5",
        "type": "section",
        "text": "\n"
      }
    ]
  },
  "29": {
    "verseObjects": [
      {
        "type": "text",
        "text": "But from there you will seek Yahweh your God, and you will find him, when you search after him with all your heart and with all your soul.\n\n"
      },
      {
        "tag": "s5",
        "type": "section",
        "text": "\n"
      }
    ]
  },
  "30": {
    "verseObjects": [
      {
        "type": "text",
        "text": "When you are in distress, and when all these things will have come on you, in those later days you will return to Yahweh your God and listen to his voice.\n"
      }
    ]
  },
  "31": {
    "verseObjects": [
      {
        "type": "text",
        "text": "For Yahweh your God is a merciful God; he will not fail you nor destroy you, nor forget the covenant of your fathers that he swore to them.\n\n"
      },
      {
        "tag": "s5",
        "type": "section",
        "text": "\n"
      },
      {
        "tag": "p",
        "type": "paragraph",
        "text": "\n"
      }
    ]
  },
  "32": {
    "verseObjects": [
      {
        "type": "text",
        "text": "Ask now about the days that are past, which were before your time, since the day that God created man on the earth, ask from one end of heaven to the other, whether there has been anything so great as this, or has anything like it ever been heard?\n"
      }
    ]
  },
  "33": {
    "verseObjects": [
      {
        "type": "text",
        "text": "Did ever a people hear the voice of God speaking out of the midst of the fire, as you have heard, and live?\n\n"
      },
      {
        "tag": "s5",
        "type": "section",
        "text": "\n"
      }
    ]
  },
  "34": {
    "verseObjects": [
      {
        "type": "text",
        "text": "Or has God ever attempted to go and take for himself a nation from the midst of another nation, by trials, by signs, and by wonders, and by war, and by a mighty hand, and by an outstretched arm, and by great terrors, as everything that Yahweh your God did for you in Egypt before your eyes?\n\n"
      },
      {
        "tag": "s5",
        "type": "section",
        "text": "\n"
      }
    ]
  },
  "35": {
    "verseObjects": [
      {
        "type": "text",
        "text": "To you these things were shown, so that you might know that Yahweh is God, and that there is no one else besides him.\n"
      }
    ]
  },
  "36": {
    "verseObjects": [
      {
        "type": "text",
        "text": "Out of heaven he made you to hear his voice, so that he might instruct you; on earth he made you see his great fire; you heard his words out of the midst of the fire.\n\n"
      },
      {
        "tag": "s5",
        "type": "section",
        "text": "\n"
      }
    ]
  },
  "37": {
    "verseObjects": [
      {
        "type": "text",
        "text": "Because he loved your fathers, he chose their descendants after them, and brought you out of Egypt with his presence, with his great power;\n"
      }
    ]
  },
  "38": {
    "verseObjects": [
      {
        "type": "text",
        "text": "in order to drive out from before you nations greater and mightier than you, to bring you in, to give you their land as an inheritance, as today.\n\n"
      },
      {
        "tag": "s5",
        "type": "section",
        "text": "\n"
      }
    ]
  },
  "39": {
    "verseObjects": [
      {
        "type": "text",
        "text": "Know therefore today, and lay it on your heart, that Yahweh is God in heaven above and on the earth beneath; there is no one else.\n"
      }
    ]
  },
  "40": {
    "verseObjects": [
      {
        "type": "text",
        "text": "You will keep his statutes and his commandments that I command you today, that it may go well with you and with your children after you, and that you may prolong your days in the land that Yahweh your God is giving you forever.\"\n\n"
      },
      {
        "tag": "s5",
        "type": "section",
        "text": "\n"
      },
      {
        "tag": "p",
        "type": "paragraph",
        "text": "\n"
      }
    ]
  },
  "41": {
    "verseObjects": [
      {
        "type": "text",
        "text": "Then Moses selected three cities on the east side of the Jordan,\n"
      }
    ]
  },
  "42": {
    "verseObjects": [
      {
        "type": "text",
        "text": "so that anyone might flee to one of them if he killed another person accidentally, without being his enemy previously. By fleeing to one of these cities, he might survive.\n"
      }
    ]
  },
  "43": {
    "verseObjects": [
      {
        "type": "text",
        "text": "They were: Bezer in the wilderness, the plain country, for the Reubenites; Ramoth in Gilead, for the Gadites; and Golan in Bashan, for the Manassites.\n\n"
      },
      {
        "tag": "s5",
        "type": "section",
        "text": "\n"
      },
      {
        "tag": "p",
        "type": "paragraph",
        "text": "\n"
      }
    ]
  },
  "44": {
    "verseObjects": [
      {
        "type": "text",
        "text": "This is the law that Moses placed before the people of Israel;\n"
      }
    ]
  },
  "45": {
    "verseObjects": [
      {
        "type": "text",
        "text": "these are the covenant decrees, laws, and other decrees that he spoke to the people of Israel when they came out of Egypt,\n"
      }
    ]
  },
  "46": {
    "verseObjects": [
      {
        "type": "text",
        "text": "when they were east of the Jordan, in the valley opposite Beth Peor, in the land of Sihon, king of the Amorites, who had lived at Heshbon, whom Moses and the people of Israel had defeated when they came out of Egypt.\n\n"
      },
      {
        "tag": "s5",
        "type": "section",
        "text": "\n"
      }
    ]
  },
  "47": {
    "verseObjects": [
      {
        "type": "text",
        "text": "They took his land as a possession, and the land of Og king of Bashan—these, the two kings of the Amorites, who were beyond the Jordan toward the east.\n"
      }
    ]
  },
  "48": {
    "verseObjects": [
      {
        "type": "text",
        "text": "This territory went from Aroer, on the edge of the Valley of the Arnon, to Mount Siyon (or Mount Hermon),\n"
      }
    ]
  },
  "49": {
    "verseObjects": [
      {
        "type": "text",
        "text": "and included all of the plain of the Jordan River valley, eastward beyond the Jordan, to the Sea of the Arabah, to the slopes of Mount Pisgah.\n\n\n"
      },
      {
        "tag": "s5",
        "type": "section",
        "text": "\n"
      }
    ]
  },
  "front": {
    "verseObjects": [
      {
        "tag": "p",
        "type": "paragraph",
        "text": "\n"
      }
    ]
  }
}