{
  "1": {
    "verseObjects": [
      {
        "type": "text",
        "text": "Adam, Seth, Enosh,\n"
      }
    ]
  },
  "2": {
    "verseObjects": [
      {
        "type": "text",
        "text": "Kenan, Mahalalel, Jared,\n"
      }
    ]
  },
  "3": {
    "verseObjects": [
      {
        "type": "text",
        "text": "Enoch, Methuselah, Lamech.\n"
      }
    ]
  },
  "4": {
    "verseObjects": [
      {
        "type": "text",
        "text": "The sons of Noah were Shem, Ham, and Japheth.\n"
      },
      {
        "tag": "f",
        "type": "footnote",
        "content": "+ \\ft Some versions do not have the expression \\fqa The sons of \\fqa* , but others include this expression. ",
        "endTag": "f*",
        "nextChar": "\n"
      },
      {
        "type": "text",
        "text": "\n"
      },
      {
        "tag": "s5",
        "nextChar": "\n",
        "type": "section"
      },
      {
        "tag": "p",
        "nextChar": "\n",
        "type": "paragraph"
      }
    ]
  },
  "5": {
    "verseObjects": [
      {
        "type": "text",
        "text": "The sons of Japheth were Gomer, Magog, Madai, Javan, Tubal, Meshek, and Tiras.\n"
      }
    ]
  },
  "6": {
    "verseObjects": [
      {
        "type": "text",
        "text": "The sons of Gomer were Ashkenaz, Riphath, and Togarmah.\n"
      },
      {
        "tag": "f",
        "type": "footnote",
        "content": "+ \\ft Some versions have \\fqa Diphath \\fqa* instead of \\fqa Riphath \\fqa* . However, \\fqa Diphath \\fqa* was probably a misspelling. Many ancient copies correct it to \\fqa Riphath \\fqa* in order to make it agree with the same name in Gen. 10:2. ",
        "endTag": "f*",
        "nextChar": "\n"
      }
    ]
  },
  "7": {
    "verseObjects": [
      {
        "type": "text",
        "text": "The sons of Javan were Elishah, Tarshish, the Kittites, and the Rodanites.\n\n"
      },
      {
        "tag": "s5",
        "nextChar": "\n",
        "type": "section"
      },
      {
        "tag": "p",
        "nextChar": "\n",
        "type": "paragraph"
      }
    ]
  },
  "8": {
    "verseObjects": [
      {
        "type": "text",
        "text": "The sons of Ham were Cush, Egypt, Put, and Canaan.\n"
      }
    ]
  },
  "9": {
    "verseObjects": [
      {
        "type": "text",
        "text": "The sons of Cush were Seba, Havilah, Sabta, Raamah, and Sabteka. The sons of Raamah were Sheba and Dedan.\n"
      }
    ]
  },
  "10": {
    "verseObjects": [
      {
        "type": "text",
        "text": "Cush became the father of Nimrod, who was the first conqueror on the earth.\n\n"
      },
      {
        "tag": "s5",
        "nextChar": "\n",
        "type": "section"
      }
    ]
  },
  "11": {
    "verseObjects": [
      {
        "type": "text",
        "text": "Egypt became the ancestor of the Ludites, Anamites, Lehabites, Naphtuhites,\n"
      }
    ]
  },
  "12": {
    "verseObjects": [
      {
        "type": "text",
        "text": "Pathrusites, Kasluhites (from whom the Philistines came), and the Caphtorites.\n\n"
      },
      {
        "tag": "s5",
        "nextChar": "\n",
        "type": "section"
      }
    ]
  },
  "13": {
    "verseObjects": [
      {
        "type": "text",
        "text": "Canaan became the father of Sidon, his firstborn, and of the Hittites.\n"
      }
    ]
  },
  "14": {
    "verseObjects": [
      {
        "type": "text",
        "text": "He also became the ancestor of the Jebusites, Amorites, Girgashites,\n"
      }
    ]
  },
  "15": {
    "verseObjects": [
      {
        "type": "text",
        "text": "Hivites, Arkites, Sinites,\n"
      }
    ]
  },
  "16": {
    "verseObjects": [
      {
        "type": "text",
        "text": "Arvadites, Zemarites, and the Hamathites.\n\n"
      },
      {
        "tag": "s5",
        "nextChar": "\n",
        "type": "section"
      },
      {
        "tag": "p",
        "nextChar": "\n",
        "type": "paragraph"
      }
    ]
  },
  "17": {
    "verseObjects": [
      {
        "type": "text",
        "text": "The sons of Shem were Elam, Ashur, Arphaxad, Lud, Aram, Uz, Hul, Gether, and Meshek.\n"
      }
    ]
  },
  "18": {
    "verseObjects": [
      {
        "type": "text",
        "text": "Arphaxad became the father of Shelah, and Shelah became the father of Eber.\n"
      }
    ]
  },
  "19": {
    "verseObjects": [
      {
        "type": "text",
        "text": "Eber had two sons. The name of the one was Peleg, for in his days the earth was divided. His brother's name was Joktan.\n\n"
      },
      {
        "tag": "s5",
        "nextChar": "\n",
        "type": "section"
      }
    ]
  },
  "20": {
    "verseObjects": [
      {
        "type": "text",
        "text": "Joktan became the father of Almodad, Sheleph, Hazarmaveth, Jerah,\n"
      }
    ]
  },
  "21": {
    "verseObjects": [
      {
        "type": "text",
        "text": "Hadoram, Uzal, Diklah,\n"
      }
    ]
  },
  "22": {
    "verseObjects": [
      {
        "type": "text",
        "text": "Obal, Abimael, Sheba,\n"
      }
    ]
  },
  "23": {
    "verseObjects": [
      {
        "type": "text",
        "text": "Ophir, Havilah, and Jobab; all these were descendants of Joktan.\n\n"
      },
      {
        "tag": "s5",
        "nextChar": "\n",
        "type": "section"
      },
      {
        "tag": "p",
        "nextChar": "\n",
        "type": "paragraph"
      }
    ]
  },
  "24": {
    "verseObjects": [
      {
        "type": "text",
        "text": "Shem, Arphaxad, Shelah,\n"
      }
    ]
  },
  "25": {
    "verseObjects": [
      {
        "type": "text",
        "text": "Eber, Peleg, Reu,\n"
      }
    ]
  },
  "26": {
    "verseObjects": [
      {
        "type": "text",
        "text": "Serug, Nahor, Terah,\n"
      }
    ]
  },
  "27": {
    "verseObjects": [
      {
        "type": "text",
        "text": "Abram, who was Abraham.\n\n"
      },
      {
        "tag": "s5",
        "nextChar": "\n",
        "type": "section"
      },
      {
        "tag": "p",
        "nextChar": "\n",
        "type": "paragraph"
      }
    ]
  },
  "28": {
    "verseObjects": [
      {
        "type": "text",
        "text": "The sons of Abraham were Isaac and Ishmael.\n"
      }
    ]
  },
  "29": {
    "verseObjects": [
      {
        "type": "text",
        "text": "These are their sons: the firstborn of Ishmael was Nebaioth, then Kedar, Adbeel, Mibsam,\n"
      }
    ]
  },
  "30": {
    "verseObjects": [
      {
        "type": "text",
        "text": "Mishma, Dumah, Massa, Hadad, Tema,\n"
      }
    ]
  },
  "31": {
    "verseObjects": [
      {
        "type": "text",
        "text": "Jetur, Naphish, and Kedemah. These were Ishmael's sons.\n\n"
      },
      {
        "tag": "s5",
        "nextChar": "\n",
        "type": "section"
      },
      {
        "tag": "p",
        "nextChar": "\n",
        "type": "paragraph"
      }
    ]
  },
  "32": {
    "verseObjects": [
      {
        "type": "text",
        "text": "The sons of Keturah, Abraham's concubine, were Zimran, Jokshan, Medan, Midian, Ishbak, and Shuah. The sons of Jokshan were Sheba and Dedan.\n"
      }
    ]
  },
  "33": {
    "verseObjects": [
      {
        "type": "text",
        "text": "Midian's sons were Ephah, Epher, Hanok, Abida, and Eldaah. All these were Keturah's descendants.\n\n"
      },
      {
        "tag": "s5",
        "nextChar": "\n",
        "type": "section"
      },
      {
        "tag": "p",
        "nextChar": "\n",
        "type": "paragraph"
      }
    ]
  },
  "34": {
    "verseObjects": [
      {
        "type": "text",
        "text": "Abraham became the father of Isaac. The sons of Isaac were Esau and Israel.\n"
      },
      {
        "tag": "p",
        "nextChar": "\n",
        "type": "paragraph"
      }
    ]
  },
  "35": {
    "verseObjects": [
      {
        "type": "text",
        "text": "The sons of Esau were Eliphaz, Reuel, Jeush, Jalam, and Korah.\n"
      }
    ]
  },
  "36": {
    "verseObjects": [
      {
        "type": "text",
        "text": "The sons of Eliphaz were Teman, Omar, Zepho, Gatam, Kenaz, Timna, and Amalek.\n"
      }
    ]
  },
  "37": {
    "verseObjects": [
      {
        "type": "text",
        "text": "The sons of Reuel were Nahath, Zerah, Shammah, and Mizzah.\n\n"
      },
      {
        "tag": "s5",
        "nextChar": "\n",
        "type": "section"
      },
      {
        "tag": "p",
        "nextChar": "\n",
        "type": "paragraph"
      }
    ]
  },
  "38": {
    "verseObjects": [
      {
        "type": "text",
        "text": "The sons of Seir were Lotan, Shobal, Zibeon, Anah, Dishon, Ezer, and Dishan.\n"
      }
    ]
  },
  "39": {
    "verseObjects": [
      {
        "type": "text",
        "text": "The sons of Lotan were Hori and Homam, and Timna was Lotan's sister.\n"
      }
    ]
  },
  "40": {
    "verseObjects": [
      {
        "type": "text",
        "text": "The sons of Shobal were Alvan, Manahath, Ebal, Shepho, and Onam. The sons of Zibeon were Aiah and Anah.\n\n"
      },
      {
        "tag": "s5",
        "nextChar": "\n",
        "type": "section"
      }
    ]
  },
  "41": {
    "verseObjects": [
      {
        "type": "text",
        "text": "The son of Anah was Dishon. The sons of Dishon were Hemdan, Eshban, Ithran, and Keran.\n"
      }
    ]
  },
  "42": {
    "verseObjects": [
      {
        "type": "text",
        "text": "The sons of Ezer were Bilhan, Zaavan, and Akan. The sons of Dishan were Uz and Aran.\n\n"
      },
      {
        "tag": "s5",
        "nextChar": "\n",
        "type": "section"
      },
      {
        "tag": "p",
        "nextChar": "\n",
        "type": "paragraph"
      }
    ]
  },
  "43": {
    "verseObjects": [
      {
        "type": "text",
        "text": "These were the kings who reigned in the land of Edom before any king reigned over the Israelites: Bela son of Beor, and the name of his city was Dinhabah.\n"
      }
    ]
  },
  "44": {
    "verseObjects": [
      {
        "type": "text",
        "text": "When Bela died, Jobab son of Zerah of Bozrah reigned in his place.\n"
      }
    ]
  },
  "45": {
    "verseObjects": [
      {
        "type": "text",
        "text": "When Jobab died, Husham of the land of the Temanites reigned in his place.\n\n"
      },
      {
        "tag": "s5",
        "nextChar": "\n",
        "type": "section"
      }
    ]
  },
  "46": {
    "verseObjects": [
      {
        "type": "text",
        "text": "When Husham died, Hadad son of Bedad, who defeated Midian in the land of Moab, reigned in his place. The name of his city was Avith.\n"
      }
    ]
  },
  "47": {
    "verseObjects": [
      {
        "type": "text",
        "text": "When Hadad died, Samlah of Masrekah reigned in his place.\n"
      }
    ]
  },
  "48": {
    "verseObjects": [
      {
        "type": "text",
        "text": "When Samlah died, Shaul of Rehoboth on the river reigned in his place.\n\n"
      },
      {
        "tag": "s5",
        "nextChar": "\n",
        "type": "section"
      }
    ]
  },
  "49": {
    "verseObjects": [
      {
        "type": "text",
        "text": "When Shaul died, Baal-Hanan son of Akbor reigned in his place.\n"
      }
    ]
  },
  "50": {
    "verseObjects": [
      {
        "type": "text",
        "text": "When Baal-Hanan son of Akbor died, Hadad reigned in his place. The name of his city was Pau. His wife's name was Mehetabel daughter of Matred daughter of Me-Zahab.\n\n"
      },
      {
        "tag": "s5",
        "nextChar": "\n",
        "type": "section"
      }
    ]
  },
  "51": {
    "verseObjects": [
      {
        "type": "text",
        "text": "Hadad died.\n"
      },
      {
        "tag": "p",
        "type": "paragraph",
        "text": "The chiefs in Edom were Chief Timna, Chief Alvah, Chief Jetheth,\n"
      }
    ]
  },
  "52": {
    "verseObjects": [
      {
        "type": "text",
        "text": "Chief Oholibamah, Chief Elah, Chief Pinon,\n"
      }
    ]
  },
  "53": {
    "verseObjects": [
      {
        "type": "text",
        "text": "Chief Kenaz, Chief Teman, Chief Mibzar,\n"
      }
    ]
  },
  "54": {
    "verseObjects": [
      {
        "type": "text",
        "text": "Chief Magdiel, and Chief Iram. These were the chiefs of Edom.\n\n"
      },
      {
        "tag": "s5",
        "nextChar": "\n",
        "type": "section"
      }
    ]
  },
  "front": {
    "verseObjects": [
      {
        "tag": "p",
        "nextChar": "\n",
        "type": "paragraph"
      }
    ]
  }
}