{
  "1": {
    "verseObjects": [
      {
        "type": "text",
        "text": "Then all Israel came to David at Hebron and said, \"Look, we are your flesh and bone.\n"
      }
    ]
  },
  "2": {
    "verseObjects": [
      {
        "type": "text",
        "text": "In the recent past, when Saul was king over us, it was you who led the Israelite army. Yahweh your God said to you, 'You will shepherd my people Israel, and you will become a ruler over my people Israel.'\"\n"
      }
    ]
  },
  "3": {
    "verseObjects": [
      {
        "type": "text",
        "text": "So all the elders of Israel came to the king at Hebron, and David made a covenant with them before Yahweh. They anointed David king over Israel. In this way, the word of Yahweh that had been declared by Samuel came true.\n\n"
      },
      {
        "tag": "s5",
        "type": "section",
        "text": "\n"
      },
      {
        "tag": "p",
        "type": "paragraph",
        "text": "\n"
      }
    ]
  },
  "4": {
    "verseObjects": [
      {
        "type": "text",
        "text": "David and all Israel went to Jerusalem (that is, Jebus). Now the Jebusites, the inhabitants of the land, were there.\n"
      }
    ]
  },
  "5": {
    "verseObjects": [
      {
        "type": "text",
        "text": "The inhabitants of Jebus said to David, \"You will not come in here.\" But David took the stronghold of Zion, that is, the city of David.\n"
      }
    ]
  },
  "6": {
    "verseObjects": [
      {
        "type": "text",
        "text": "David had said, \"Whoever attacks the Jebusites first will become chief and commander.\" So Joab son of Zeruiah attacked first, so he was made the chief.\n\n"
      },
      {
        "tag": "s5",
        "type": "section",
        "text": "\n"
      }
    ]
  },
  "7": {
    "verseObjects": [
      {
        "type": "text",
        "text": "Then David began to live in the stronghold. So they called it the city of David.\n"
      }
    ]
  },
  "8": {
    "verseObjects": [
      {
        "type": "text",
        "text": "He built the city all around from the Millo and back to the surrounding wall. Joab restored the rest of the city.\n"
      }
    ]
  },
  "9": {
    "verseObjects": [
      {
        "type": "text",
        "text": "David became greater and greater because Yahweh of hosts was with him.\n\n"
      },
      {
        "tag": "s5",
        "type": "section",
        "text": "\n"
      },
      {
        "tag": "p",
        "type": "paragraph",
        "text": "\n"
      }
    ]
  },
  "10": {
    "verseObjects": [
      {
        "type": "text",
        "text": "These were the leaders David had, who showed themselves strong with him in his kingdom, together with all Israel, to make him king, obeying the word of Yahweh concerning Israel.\n"
      }
    ]
  },
  "11": {
    "verseObjects": [
      {
        "type": "text",
        "text": "This is a list of David's mighty men: Jashobeam, the son of a Hachmonite, was commander of the officers "
      },
      {
        "tag": "f",
        "type": "footnote",
        "content": "+ \\ft The Hebrew could also read \\fqa of the thirty \\fqa* or \\fqa of the three \\fqa* . "
      },
      {
        "type": "text",
        "text": ". He killed three hundred men with his spear on one occasion.\n\n"
      },
      {
        "tag": "s5",
        "type": "section",
        "text": "\n"
      }
    ]
  },
  "12": {
    "verseObjects": [
      {
        "type": "text",
        "text": "After him was Eleazar son of Dodo, the Ahohite, who was one of the three mighty men.\n"
      }
    ]
  },
  "13": {
    "verseObjects": [
      {
        "type": "text",
        "text": "He was with David at Pas Dammim, and there the Philistines assembled together for battle, where there was a barley field and the army fled from the Philistines.\n"
      }
    ]
  },
  "14": {
    "verseObjects": [
      {
        "type": "text",
        "text": "They stood in the middle of the field. They defended it and cut down the Philistines and Yahweh rescued them with a great victory.\n\n"
      },
      {
        "tag": "s5",
        "type": "section",
        "text": "\n"
      },
      {
        "tag": "p",
        "type": "paragraph",
        "text": "\n"
      }
    ]
  },
  "15": {
    "verseObjects": [
      {
        "type": "text",
        "text": "Then three of the thirty leaders went down to the rock to David, to the cave of Adullam. The army of the Philistines was camped in the Valley of Rephaim.\n"
      }
    ]
  },
  "16": {
    "verseObjects": [
      {
        "type": "text",
        "text": "At that time David was in his stronghold, a cave, while the Philistines had established their camp at Bethlehem.\n"
      }
    ]
  },
  "17": {
    "verseObjects": [
      {
        "type": "text",
        "text": "David was longing for water and said, \"If only someone would give me water to drink from the well at Bethlehem, the well that is by the gate!\"\n\n"
      },
      {
        "tag": "s5",
        "type": "section",
        "text": "\n"
      }
    ]
  },
  "18": {
    "verseObjects": [
      {
        "type": "text",
        "text": "So these three mighty men broke through the army of the Philistines and drew water out of the well of Bethlehem, the well at the gate. They took the water and brought it to David, but he refused to drink it. Instead, he poured it out to Yahweh.\n"
      }
    ]
  },
  "19": {
    "verseObjects": [
      {
        "type": "text",
        "text": "Then he said, \"May it be that I should never do this! Should I drink the blood of these men who have risked their lives?\" Because they had put their lives at risk, David refused to drink it. These were the deeds of the three mighty men.\n\n"
      },
      {
        "tag": "s5",
        "type": "section",
        "text": "\n"
      },
      {
        "tag": "p",
        "type": "paragraph",
        "text": "\n"
      }
    ]
  },
  "20": {
    "verseObjects": [
      {
        "type": "text",
        "text": "Abishai brother of Joab was captain over the Three. He once used his spear against three hundred and killed them. He is mentioned along with the Three.\n"
      }
    ]
  },
  "21": {
    "verseObjects": [
      {
        "type": "text",
        "text": "Of the Three, he was given double honor and became their captain, even though he was not one of them.\n"
      },
      {
        "tag": "s5",
        "type": "section",
        "text": "\n"
      },
      {
        "tag": "p",
        "type": "paragraph",
        "text": "\n"
      }
    ]
  },
  "22": {
    "verseObjects": [
      {
        "type": "text",
        "text": "Benaiah son of Jehoiada was a brave warrior from Kabzeel, who did great deeds. He killed the two sons of Ariel of Moab. He also went down into a pit and killed a lion on a day when the snow was falling.\n"
      }
    ]
  },
  "23": {
    "verseObjects": [
      {
        "type": "text",
        "text": "He even killed an Egyptian, a man five cubits tall. The Egyptian had a spear like a weaver's beam, but he went down to him with only a staff. He seized the spear out of the Egyptian's hand and killed him with his own spear.\n\n"
      },
      {
        "tag": "s5",
        "type": "section",
        "text": "\n"
      }
    ]
  },
  "24": {
    "verseObjects": [
      {
        "type": "text",
        "text": "Benaiah son of Jehoiada did these feats, and he was named alongside the three mighty men.\n"
      }
    ]
  },
  "25": {
    "verseObjects": [
      {
        "type": "text",
        "text": "He was more highly regarded than the thirty soldiers in general, but he was not regarded quite as highly as the three mighty men. Yet David put him in charge of his bodyguard.\n\n"
      },
      {
        "tag": "s5",
        "type": "section",
        "text": "\n"
      },
      {
        "tag": "p",
        "type": "paragraph",
        "text": "\n"
      }
    ]
  },
  "26": {
    "verseObjects": [
      {
        "type": "text",
        "text": "The mighty men were Asahel brother of Joab, Elhanan son of Dodo of Bethlehem,\n"
      }
    ]
  },
  "27": {
    "verseObjects": [
      {
        "type": "text",
        "text": "Shammoth the Harorite, Helez the Pelonite,\n"
      }
    ]
  },
  "28": {
    "verseObjects": [
      {
        "type": "text",
        "text": "Ira son of Ikkesh the Tekoite, Abiezer the Anathothite,\n"
      }
    ]
  },
  "29": {
    "verseObjects": [
      {
        "type": "text",
        "text": "Sibbekai the Hushathite, Ilai the Ahohite,\n\n"
      },
      {
        "tag": "s5",
        "type": "section",
        "text": "\n"
      }
    ]
  },
  "30": {
    "verseObjects": [
      {
        "type": "text",
        "text": "Maharai the Netophathite, Heled son of Baanah the Netophathite,\n"
      }
    ]
  },
  "31": {
    "verseObjects": [
      {
        "type": "text",
        "text": "Ithai son of Ribai of Gibeah of Benjamin's descendants, Benaiah the Pirathonite,\n"
      }
    ]
  },
  "32": {
    "verseObjects": [
      {
        "type": "text",
        "text": "Hurai of the valleys of Gaash, Abiel the Arbathite,\n"
      }
    ]
  },
  "33": {
    "verseObjects": [
      {
        "type": "text",
        "text": "Azmaveth the Baharumite, Eliahba the Shaalbonite,\n\n"
      },
      {
        "tag": "s5",
        "type": "section",
        "text": "\n"
      }
    ]
  },
  "34": {
    "verseObjects": [
      {
        "type": "text",
        "text": "the sons of Hashem the Gizonite, Jonathan son of Shagee the Hararite,\n"
      }
    ]
  },
  "35": {
    "verseObjects": [
      {
        "type": "text",
        "text": "Ahiam son of Sakar the Hararite, Eliphal son of Ur,\n"
      }
    ]
  },
  "36": {
    "verseObjects": [
      {
        "type": "text",
        "text": "Hepher the Mekerathite, Ahijah the Pelonite,\n"
      }
    ]
  },
  "37": {
    "verseObjects": [
      {
        "type": "text",
        "text": "Hezro the Carmelite, Naarai son of Ezbai,\n\n"
      },
      {
        "tag": "s5",
        "type": "section",
        "text": "\n"
      }
    ]
  },
  "38": {
    "verseObjects": [
      {
        "type": "text",
        "text": "Joel brother of Nathan, Mibhar son of Hagri,\n"
      }
    ]
  },
  "39": {
    "verseObjects": [
      {
        "type": "text",
        "text": "Zelek the Ammonite, Naharai the Berothite (the armor bearer of Joab son of Zeruiah),\n"
      }
    ]
  },
  "40": {
    "verseObjects": [
      {
        "type": "text",
        "text": "Ira the Ithrite, Gareb the Ithrite,\n"
      }
    ]
  },
  "41": {
    "verseObjects": [
      {
        "type": "text",
        "text": "Uriah the Hittite, Zabad son of Ahlai,\n\n"
      },
      {
        "tag": "s5",
        "type": "section",
        "text": "\n"
      }
    ]
  },
  "42": {
    "verseObjects": [
      {
        "type": "text",
        "text": "Adina son of Shiza the Reubenite (a chief of the Reubenites) and thirty with him,\n"
      }
    ]
  },
  "43": {
    "verseObjects": [
      {
        "type": "text",
        "text": "Hanan son of Maacah, and Joshaphat the Mithnite,\n"
      }
    ]
  },
  "44": {
    "verseObjects": [
      {
        "type": "text",
        "text": "Uzzia the Ashterathite, Shama and Jeiel sons of Hotham the Aroerite,\n\n"
      },
      {
        "tag": "s5",
        "type": "section",
        "text": "\n"
      }
    ]
  },
  "45": {
    "verseObjects": [
      {
        "type": "text",
        "text": "Jediael son of Shimri, Joha (his brother the Tizite),\n"
      }
    ]
  },
  "46": {
    "verseObjects": [
      {
        "type": "text",
        "text": "Eliel the Mahavite, Jeribai and Joshaviah sons of Elnaam, Ithmah the Moabite,\n"
      }
    ]
  },
  "47": {
    "verseObjects": [
      {
        "type": "text",
        "text": "Eliel, Obed, and Jaasiel the Mezobaite.\n\n\n"
      },
      {
        "tag": "s5",
        "type": "section",
        "text": "\n"
      }
    ]
  },
  "front": {
    "verseObjects": [
      {
        "tag": "p",
        "type": "paragraph",
        "text": "\n"
      }
    ]
  }
}