{
  "1": {
    "verseObjects": [
      {
        "type": "text",
        "text": "It came about in the springtime, at the time when kings normally go to war, that Joab led the army into battle and devastated the land of the Ammonites. He went and besieged Rabbah. David remained in Jerusalem. Joab attacked Rabbah and defeated it.\n\n"
      },
      {
        "tag": "s5",
        "type": "section",
        "text": "\n"
      }
    ]
  },
  "2": {
    "verseObjects": [
      {
        "type": "text",
        "text": "David took the crown of their king from off his head, and he found that it weighed a talent of gold, and in it were precious stones. The crown was set on David's head, and he brought out the plunder of the city in large quantities.\n"
      }
    ]
  },
  "3": {
    "verseObjects": [
      {
        "type": "text",
        "text": "He brought out the people who were in the city and forced them to work with saws and iron picks and axes. David required all the cities of the people of Ammon to do this labor. Then David and all the army returned to Jerusalem.\n\n"
      },
      {
        "tag": "s5",
        "type": "section",
        "text": "\n"
      },
      {
        "tag": "p",
        "type": "paragraph",
        "text": "\n"
      }
    ]
  },
  "4": {
    "verseObjects": [
      {
        "type": "text",
        "text": "It came about after this that there was a battle at Gezer with the Philistines. Sibbekai the Hushathite killed Sippai, one of the descendants of the Rephaim, and the Philistines were subdued.\n"
      }
    ]
  },
  "5": {
    "verseObjects": [
      {
        "type": "text",
        "text": "It came about again in a battle with the Philistines at Gob, that Elhanan son of Jair the Bethlehemite killed Lahmi brother of Goliath the Gittite, the staff of whose spear was like a weaver's beam.\n\n"
      },
      {
        "tag": "s5",
        "type": "section",
        "text": "\n"
      }
    ]
  },
  "6": {
    "verseObjects": [
      {
        "type": "text",
        "text": "It came about in another battle at Gath that there was a man of great height who had six fingers on each hand and six toes on each foot. He also was descended from the Rephaim.\n"
      }
    ]
  },
  "7": {
    "verseObjects": [
      {
        "type": "text",
        "text": "When he mocked the army of Israel, Jehonadab son of Shimea, David's brother, killed him.\n"
      }
    ]
  },
  "8": {
    "verseObjects": [
      {
        "type": "text",
        "text": "These were descendants of the Rephaim of Gath, and they were killed by the hand of David and by the hand of his soldiers.\n\n\n"
      },
      {
        "tag": "s5",
        "type": "section",
        "text": "\n"
      }
    ]
  },
  "front": {
    "verseObjects": [
      {
        "tag": "p",
        "type": "paragraph",
        "text": "\n"
      }
    ]
  }
}