{
  "1": {
    "verseObjects": [
      {
        "type": "text",
        "text": "David and the leaders of the army selected some of the sons of Asaph, Heman, and Jeduthun to prophesy with harps, with stringed instruments, and with cymbals. Here is the list of the men who performed this service:\n\n"
      }
    ]
  },
  "2": {
    "verseObjects": [
      {
        "type": "text",
        "text": "From the sons of Asaph: Zaccur, Joseph, Nethaniah, and Asharelah, "
      },
      {
        "tag": "f",
        "type": "footnote",
        "content": "+ \\ft This is the same person referred to in 1 Chronicles 25:14 as Jesarelah "
      },
      {
        "type": "text",
        "text": " the sons of Asaph, under the direction of Asaph, who prophesied under the king's supervision.\n"
      }
    ]
  },
  "3": {
    "verseObjects": [
      {
        "type": "text",
        "text": "From the sons of Jeduthun: Gedaliah, Zeri, "
      },
      {
        "tag": "f",
        "type": "footnote",
        "content": "+ \\ft this is a variant of the name Izri, which is found in 1 Chronicles 25:11, and refers to the same person "
      },
      {
        "type": "text",
        "text": " Jeshaiah, Shimei, Hashabiah, and Mattithiah, six in all, under the direction of their father Jeduthun, who played the harp for giving thanks and praising Yahweh.\n\n"
      },
      {
        "tag": "s5",
        "type": "section",
        "text": "\n"
      }
    ]
  },
  "4": {
    "verseObjects": [
      {
        "type": "text",
        "text": "From the sons of Heman: Bukkiah, Mattaniah, Uzziel, "
      },
      {
        "tag": "f",
        "type": "footnote",
        "content": "+ \\ft Uzziel is the same person referred to in 1 Chronicles 25:18 as Azarel. "
      },
      {
        "type": "text",
        "text": " Shubael, and Jerimoth, Hananiah, Hanani, Eliathah, Giddalti, Romamti-Ezer, Joshbekashah, Mallothi, Hothir, and Mahazioth.\n"
      }
    ]
  },
  "5": {
    "verseObjects": [
      {
        "type": "text",
        "text": "All these were the sons of Heman the king's prophet. God gave Heman fourteen sons and three daughters to lift up his horn.\n\n"
      },
      {
        "tag": "s5",
        "type": "section",
        "text": "\n"
      }
    ]
  },
  "6": {
    "verseObjects": [
      {
        "type": "text",
        "text": "All these were under the direction of their fathers. They were musicians in Yahweh's house, with cymbals and stringed instruments as they served in God's house. Asaph, Jeduthun, and Heman were under the king's supervision.\n"
      }
    ]
  },
  "7": {
    "verseObjects": [
      {
        "type": "text",
        "text": "They and their brothers who were skilled and trained to make music to Yahweh numbered 288.\n"
      }
    ]
  },
  "8": {
    "verseObjects": [
      {
        "type": "text",
        "text": "They cast lots for their duties, all alike, the same for the young as well as the old, the teacher as well as the student.\n\n"
      },
      {
        "tag": "s5",
        "type": "section",
        "text": "\n"
      },
      {
        "tag": "p",
        "type": "paragraph",
        "text": "\n"
      }
    ]
  },
  "9": {
    "verseObjects": [
      {
        "type": "text",
        "text": "Now regarding Asaph's sons: The first lot fell to Joseph's family; the second fell to Gedaliah's family, twelve persons in number;\n"
      }
    ]
  },
  "10": {
    "verseObjects": [
      {
        "type": "text",
        "text": "the third fell to Zaccur, his sons and his relatives, twelve persons in number;\n"
      }
    ]
  },
  "11": {
    "verseObjects": [
      {
        "type": "text",
        "text": "the fourth fell to Izri, "
      },
      {
        "tag": "f",
        "type": "footnote",
        "content": "+ \\ft this is a variant of Zeri, found in 1 Chronicles 25:3, and refers to the same person "
      },
      {
        "type": "text",
        "text": " his sons and his relatives, twelve persons in number;\n"
      }
    ]
  },
  "12": {
    "verseObjects": [
      {
        "type": "text",
        "text": "the fifth fell to Nethaniah, his sons and his relatives, twelve persons in number;\n\n"
      },
      {
        "tag": "s5",
        "type": "section",
        "text": "\n"
      }
    ]
  },
  "13": {
    "verseObjects": [
      {
        "type": "text",
        "text": "the sixth fell to Bukkiah, his sons and his relatives, twelve persons in number;\n"
      }
    ]
  },
  "14": {
    "verseObjects": [
      {
        "type": "text",
        "text": "the seventh fell to Jesarelah, "
      },
      {
        "tag": "f",
        "type": "footnote",
        "content": "+ \\ft This is the same person referred to in 1 Chronicles 25:2 as Asharelah "
      },
      {
        "type": "text",
        "text": " his sons and his relatives, twelve persons in number;\n"
      }
    ]
  },
  "15": {
    "verseObjects": [
      {
        "type": "text",
        "text": "the eighth fell to Jeshaiah, his sons and his relatives, twelve persons in number;\n"
      }
    ]
  },
  "16": {
    "verseObjects": [
      {
        "type": "text",
        "text": "the ninth fell to Mattaniah, his sons and his relatives, twelve persons in number;\n\n"
      },
      {
        "tag": "s5",
        "type": "section",
        "text": "\n"
      }
    ]
  },
  "17": {
    "verseObjects": [
      {
        "type": "text",
        "text": "the tenth fell to Shimei, his sons and his relatives, twelve persons in number;\n"
      }
    ]
  },
  "18": {
    "verseObjects": [
      {
        "type": "text",
        "text": "the eleventh fell to Azarel, "
      },
      {
        "tag": "f",
        "type": "footnote",
        "content": "+ \\ft This is the same person referred to in 1 Chronicles 25:4 as Uzziel "
      },
      {
        "type": "text",
        "text": " his sons and his relatives, twelve persons in number;\n"
      }
    ]
  },
  "19": {
    "verseObjects": [
      {
        "type": "text",
        "text": "the twelfth fell to Hashabiah, his sons and his relatives, twelve persons in number;\n"
      }
    ]
  },
  "20": {
    "verseObjects": [
      {
        "type": "text",
        "text": "the thirteenth fell to Shubael, his sons and his relatives, twelve persons in number;\n\n"
      },
      {
        "tag": "s5",
        "type": "section",
        "text": "\n"
      }
    ]
  },
  "21": {
    "verseObjects": [
      {
        "type": "text",
        "text": "the fourteenth fell to Mattithiah, his sons and his relatives, twelve persons in number;\n"
      }
    ]
  },
  "22": {
    "verseObjects": [
      {
        "type": "text",
        "text": "the fifteenth fell to Jerimoth, his sons and his relatives, twelve persons in number;\n"
      }
    ]
  },
  "23": {
    "verseObjects": [
      {
        "type": "text",
        "text": "the sixteenth fell to Hananiah, his sons and his relatives, twelve persons in number;\n"
      }
    ]
  },
  "24": {
    "verseObjects": [
      {
        "type": "text",
        "text": "the seventeenth fell to Joshbekashah, his sons and his relatives, twelve persons in number;\n\n"
      },
      {
        "tag": "s5",
        "type": "section",
        "text": "\n"
      }
    ]
  },
  "25": {
    "verseObjects": [
      {
        "type": "text",
        "text": "the eighteenth fell to Hanani, his sons and his relatives, twelve persons in number;\n"
      }
    ]
  },
  "26": {
    "verseObjects": [
      {
        "type": "text",
        "text": "the nineteenth fell to Mallothi, his sons and his relatives, twelve persons in number;\n"
      }
    ]
  },
  "27": {
    "verseObjects": [
      {
        "type": "text",
        "text": "the twentieth fell to Eliathah, his sons and his relatives, twelve persons in number;\n"
      }
    ]
  },
  "28": {
    "verseObjects": [
      {
        "type": "text",
        "text": "the twenty-first fell to Hothir, his sons and his relatives, twelve persons in number;\n\n"
      },
      {
        "tag": "s5",
        "type": "section",
        "text": "\n"
      }
    ]
  },
  "29": {
    "verseObjects": [
      {
        "type": "text",
        "text": "the twenty-second fell to Giddalti, his sons and his relatives, twelve persons in number;\n"
      }
    ]
  },
  "30": {
    "verseObjects": [
      {
        "type": "text",
        "text": "the twenty-third fell to Mahazioth, his sons and his relatives, twelve persons in number;\n"
      }
    ]
  },
  "31": {
    "verseObjects": [
      {
        "type": "text",
        "text": "the twenty-fourth fell to Romamti-Ezer, his sons and his relatives, twelve persons in number.\n\n\n"
      },
      {
        "tag": "s5",
        "type": "section",
        "text": "\n"
      }
    ]
  },
  "front": {
    "verseObjects": [
      {
        "tag": "p",
        "type": "paragraph",
        "text": "\n"
      }
    ]
  }
}