{
  "1": {
    "verseObjects": [
      {
        "type": "text",
        "text": "Now these are the sons of David who were born to him in Hebron: the firstborn was Amnon, by Ahinoam from Jezreel; the second was Daniel, by Abigail from Carmel;\n"
      }
    ]
  },
  "2": {
    "verseObjects": [
      {
        "type": "text",
        "text": "the third was Absalom, whose mother was Maakah, daughter of Talmai king of Geshur. The fourth was Adonijah son of Haggith;\n"
      }
    ]
  },
  "3": {
    "verseObjects": [
      {
        "type": "text",
        "text": "the fifth was Shephatiah by Abital; the sixth was Ithream by Eglah his wife.\n"
      },
      {
        "tag": "m",
        "type": "paragraph",
        "text": "\n"
      },
      {
        "type": "text",
        "text": "\n"
      },
      {
        "tag": "s5",
        "type": "section",
        "text": "\n"
      }
    ]
  },
  "4": {
    "verseObjects": [
      {
        "type": "text",
        "text": "These six were born to David in Hebron, where he reigned seven years and six months. He then ruled thirty-three years in Jerusalem.\n"
      }
    ]
  },
  "5": {
    "verseObjects": [
      {
        "type": "text",
        "text": "These four sons, by Bathsheba daughter of Ammiel, were born to him in Jerusalem: Shammua, Shobab, Nathan, and Solomon. "
      },
      {
        "tag": "f",
        "type": "footnote",
        "content": "+ \\ft Some versions have \\fqa Bathseba \\fqa* or \\fqa Bathshua \\fqa* instead of \\fqa Bathsheba \\fqa* . "
      },
      {
        "type": "text",
        "text": "\n\n"
      },
      {
        "tag": "s5",
        "type": "section",
        "text": "\n"
      }
    ]
  },
  "6": {
    "verseObjects": [
      {
        "type": "text",
        "text": "David's other nine sons were: Ibhar, Elishua, Eliphelet,\n"
      }
    ]
  },
  "7": {
    "verseObjects": [
      {
        "type": "text",
        "text": "Nogah, Nepheg, Japhia,\n"
      }
    ]
  },
  "8": {
    "verseObjects": [
      {
        "type": "text",
        "text": "Elishama, Eliada, and Eliphelet.\n"
      }
    ]
  },
  "9": {
    "verseObjects": [
      {
        "type": "text",
        "text": "These were David's sons, not including the sons by his concubines. Tamar was their sister.\n\n"
      },
      {
        "tag": "s5",
        "type": "section",
        "text": "\n"
      },
      {
        "tag": "p",
        "type": "paragraph",
        "text": "\n"
      }
    ]
  },
  "10": {
    "verseObjects": [
      {
        "type": "text",
        "text": "Solomon's son was Rehoboam. Rehoboam's son was Abijah. Abijah's son was Asa. Asa's son was Jehoshaphat.\n"
      }
    ]
  },
  "11": {
    "verseObjects": [
      {
        "type": "text",
        "text": "Jehoshaphat's son was Jehoram. Jehoram's son was Ahaziah. Ahaziah's son was Joash.\n"
      }
    ]
  },
  "12": {
    "verseObjects": [
      {
        "type": "text",
        "text": "Joash's son was Amaziah. Amaziah's son was Azariah. Azariah's son was Jotham.\n\n"
      },
      {
        "tag": "s5",
        "type": "section",
        "text": "\n"
      }
    ]
  },
  "13": {
    "verseObjects": [
      {
        "type": "text",
        "text": "Jotham's son was Ahaz. Ahaz's son was Hezekiah. Hezekiah's son was Manasseh.\n"
      }
    ]
  },
  "14": {
    "verseObjects": [
      {
        "type": "text",
        "text": "Manasseh's son was Amon. Amon's son was Josiah.\n\n"
      },
      {
        "tag": "s5",
        "type": "section",
        "text": "\n"
      }
    ]
  },
  "15": {
    "verseObjects": [
      {
        "type": "text",
        "text": "Josiah's sons were his firstborn Johanan, his second son Jehoiakim, his third son Zedekiah, and his fourth son Shallum.\n"
      }
    ]
  },
  "16": {
    "verseObjects": [
      {
        "type": "text",
        "text": "Jehoiakim's sons were Jehoiachin and Zedekiah.\n\n"
      },
      {
        "tag": "s5",
        "type": "section",
        "text": "\n"
      }
    ]
  },
  "17": {
    "verseObjects": [
      {
        "type": "text",
        "text": "The sons of Jehoiachin, the captive, were Shealtiel,\n"
      }
    ]
  },
  "18": {
    "verseObjects": [
      {
        "type": "text",
        "text": "Malkiram, Pedaiah, Shenazzar, Jekamiah, Hoshama, and Nedabiah.\n\n"
      },
      {
        "tag": "s5",
        "type": "section",
        "text": "\n"
      }
    ]
  },
  "19": {
    "verseObjects": [
      {
        "type": "text",
        "text": "Pedaiah's sons were Zerubbabel and Shimei. Zerubbabel's sons were Meshullam and Hananiah; Shelomith was their sister.\n"
      }
    ]
  },
  "20": {
    "verseObjects": [
      {
        "type": "text",
        "text": "His other five sons were Hashubah, Ohel, Berekiah, Hasadiah, and Jushab-Hesed.\n"
      }
    ]
  },
  "21": {
    "verseObjects": [
      {
        "type": "text",
        "text": "Hananiah's sons were Pelatiah and Jeshaiah. His son was Rephaiah, and further descendants were Arnan, Obadiah, and Shekaniah.\n\n"
      },
      {
        "tag": "s5",
        "type": "section",
        "text": "\n"
      }
    ]
  },
  "22": {
    "verseObjects": [
      {
        "type": "text",
        "text": "Shekaniah's son was Shemaiah. Shemaiah's sons were Hattush, Igal, Bariah, Neariah, and Shaphat.\n"
      }
    ]
  },
  "23": {
    "verseObjects": [
      {
        "type": "text",
        "text": "Neariah's three sons were Elioenai, Hizkiah, and Azrikam.\n"
      }
    ]
  },
  "24": {
    "verseObjects": [
      {
        "type": "text",
        "text": "Elioenai's seven sons were Hodaviah, Eliashib, Pelaiah, Akkub, Johanan, Delaiah, and Anani.\n\n\n"
      },
      {
        "tag": "s5",
        "type": "section",
        "text": "\n"
      }
    ]
  },
  "front": {
    "verseObjects": [
      {
        "tag": "p",
        "type": "paragraph",
        "text": "\n"
      }
    ]
  }
}