{
  "1": {
    "verseObjects": [
      {
        "type": "text",
        "text": "Benjamin's five sons were Bela his firstborn, Ashbel, Aharah,\n"
      }
    ]
  },
  "2": {
    "verseObjects": [
      {
        "type": "text",
        "text": "Nohah, and Rapha.\n"
      }
    ]
  },
  "3": {
    "verseObjects": [
      {
        "type": "text",
        "text": "Bela's sons were Addar, Gera, Abihud,\n"
      }
    ]
  },
  "4": {
    "verseObjects": [
      {
        "type": "text",
        "text": "Abishua, Naaman, Ahoah,\n"
      }
    ]
  },
  "5": {
    "verseObjects": [
      {
        "type": "text",
        "text": "Gera, Shephuphan, and Huram.\n\n"
      },
      {
        "tag": "s5",
        "type": "section",
        "text": "\n"
      }
    ]
  },
  "6": {
    "verseObjects": [
      {
        "type": "text",
        "text": "These were the descendants of Ehud who were heads of fathers' houses for the inhabitants of Geba, who were compelled to move to Manahath:\n"
      }
    ]
  },
  "7": {
    "verseObjects": [
      {
        "type": "text",
        "text": "Naaman, Ahijah, and Gera. The last, Gera, led them in their move. He was the father of Uzza and Ahihud.\n\n"
      },
      {
        "tag": "s5",
        "type": "section",
        "text": "\n"
      }
    ]
  },
  "8": {
    "verseObjects": [
      {
        "type": "text",
        "text": "Shaharaim became the father of children in the land of Moab, after he had divorced his wives Hushim and Baara.\n"
      }
    ]
  },
  "9": {
    "verseObjects": [
      {
        "type": "text",
        "text": "By his wife Hodesh, Shaharaim became the father of Jobab, Zibia, Mesha, Malkam,\n"
      }
    ]
  },
  "10": {
    "verseObjects": [
      {
        "type": "text",
        "text": "Jeuz, Sakia, and Mirmah. These were his sons, heads of fathers' houses.\n"
      }
    ]
  },
  "11": {
    "verseObjects": [
      {
        "type": "text",
        "text": "He had already become the father of Abitub and Elpaal by Hushim.\n\n"
      },
      {
        "tag": "s5",
        "type": "section",
        "text": "\n"
      }
    ]
  },
  "12": {
    "verseObjects": [
      {
        "type": "text",
        "text": "Elpaal's sons were Eber, Misham, and Shemed (who built Ono and Lod with its surrounding villages).\n"
      }
    ]
  },
  "13": {
    "verseObjects": [
      {
        "type": "text",
        "text": "There were also Beriah and Shema. They were heads of the fathers' houses of those living in Aijalon, who drove out the inhabitants of Gath.\n\n"
      },
      {
        "tag": "s5",
        "type": "section",
        "text": "\n"
      }
    ]
  },
  "14": {
    "verseObjects": [
      {
        "type": "text",
        "text": "Beriah had these sons: Ahio, Shashak, Jeremoth,\n"
      }
    ]
  },
  "15": {
    "verseObjects": [
      {
        "type": "text",
        "text": "Zebadiah, Arad, Eder,\n"
      }
    ]
  },
  "16": {
    "verseObjects": [
      {
        "type": "text",
        "text": "Michael, Ishpah, and Joha were the sons of Beriah.\n"
      }
    ]
  },
  "17": {
    "verseObjects": [
      {
        "type": "text",
        "text": "Zebadiah, Meshullam, Hizki, Heber, \n"
      }
    ]
  },
  "18": {
    "verseObjects": [
      {
        "type": "text",
        "text": "Ishmerai, Izliah, and Jobab were the sons of Elpaal.\n\n"
      },
      {
        "tag": "s5",
        "type": "section",
        "text": "\n"
      }
    ]
  },
  "19": {
    "verseObjects": [
      {
        "type": "text",
        "text": "Jakim, Zikri, Zabdi, \n"
      }
    ]
  },
  "20": {
    "verseObjects": [
      {
        "type": "text",
        "text": "Elienai, Zillethai, Eliel, \n"
      }
    ]
  },
  "21": {
    "verseObjects": [
      {
        "type": "text",
        "text": "Adaiah, Beraiah, and Shimrath were the sons of Shimei.\n\n"
      },
      {
        "tag": "s5",
        "type": "section",
        "text": "\n"
      }
    ]
  },
  "22": {
    "verseObjects": [
      {
        "type": "text",
        "text": "Ishpan, Eber, Eliel, \n"
      }
    ]
  },
  "23": {
    "verseObjects": [
      {
        "type": "text",
        "text": "Abdon, Zikri, Hanan, \n"
      }
    ]
  },
  "24": {
    "verseObjects": [
      {
        "type": "text",
        "text": "Hananiah, Elam, Anthothijah, \n"
      }
    ]
  },
  "25": {
    "verseObjects": [
      {
        "type": "text",
        "text": "Iphdeiah, and Penuel were the sons of Shashak\n\n"
      },
      {
        "tag": "s5",
        "type": "section",
        "text": "\n"
      }
    ]
  },
  "26": {
    "verseObjects": [
      {
        "type": "text",
        "text": "Shamsherai, Shehariah, Athaliah, \n"
      }
    ]
  },
  "27": {
    "verseObjects": [
      {
        "type": "text",
        "text": "Jaareshiah, Elijah, and Zikri were the sons of Jeroham.\n"
      }
    ]
  },
  "28": {
    "verseObjects": [
      {
        "type": "text",
        "text": "These were heads of fathers' houses and chief men who lived in Jerusalem.\n\n"
      },
      {
        "tag": "s5",
        "type": "section",
        "text": "\n"
      },
      {
        "tag": "p",
        "type": "paragraph",
        "text": "\n"
      }
    ]
  },
  "29": {
    "verseObjects": [
      {
        "type": "text",
        "text": "The father of Gibeon, Jeiel, whose wife's name was Maakah, lived in Gibeon.\n"
      }
    ]
  },
  "30": {
    "verseObjects": [
      {
        "type": "text",
        "text": "His firstborn was Abdon, followed by Zur, Kish, Baal, Nadab,\n"
      }
    ]
  },
  "31": {
    "verseObjects": [
      {
        "type": "text",
        "text": "Gedor, Ahio, and Zeker.\n\n"
      },
      {
        "tag": "s5",
        "type": "section",
        "text": "\n"
      }
    ]
  },
  "32": {
    "verseObjects": [
      {
        "type": "text",
        "text": "Another of Jeiel's sons was Mikloth, who became the father of Shimeah. They also lived near their relatives in Jerusalem.\n"
      }
    ]
  },
  "33": {
    "verseObjects": [
      {
        "type": "text",
        "text": "Ner was the father of Kish. Kish was the father of Saul. Saul was the father of Jonathan, Malki-Shua, Abinadab, and Esh-Baal.\n"
      }
    ]
  },
  "34": {
    "verseObjects": [
      {
        "type": "text",
        "text": "The son of Jonathan was Merib-Baal. Merib-Baal was the father of Micah.\n\n"
      },
      {
        "tag": "s5",
        "type": "section",
        "text": "\n"
      }
    ]
  },
  "35": {
    "verseObjects": [
      {
        "type": "text",
        "text": "The sons of Micah were Pithon, Melek, Tarea, and Ahaz.\n"
      }
    ]
  },
  "36": {
    "verseObjects": [
      {
        "type": "text",
        "text": "Ahaz became the father of Jehoaddah. Jehoaddah was the father of Alemeth, Azmaveth, and Zimri. Zimri was the father of Moza.\n"
      }
    ]
  },
  "37": {
    "verseObjects": [
      {
        "type": "text",
        "text": "Moza was the father of Binea. Binea was the father of Raphah. Raphah was the father of Eleasah. Eleasah was the father of Azel.\n\n"
      },
      {
        "tag": "s5",
        "type": "section",
        "text": "\n"
      }
    ]
  },
  "38": {
    "verseObjects": [
      {
        "type": "text",
        "text": "Azel had six sons: Azrikam, Bokeru, Ishmael, Sheariah, Obadiah, and Hanan. All these were sons of Azel.\n"
      }
    ]
  },
  "39": {
    "verseObjects": [
      {
        "type": "text",
        "text": "The sons of Eshek, his brother, were Ulam his firstborn, Jeush the second, and Eliphelet the third.\n"
      }
    ]
  },
  "40": {
    "verseObjects": [
      {
        "type": "text",
        "text": "Ulam's sons were fighting men and archers. They had many sons and grandsons, a total of 150. All these belonged to the descendants of Benjamin.\n\n\n"
      },
      {
        "tag": "s5",
        "type": "section",
        "text": "\n"
      }
    ]
  },
  "front": {
    "verseObjects": [
      {
        "tag": "p",
        "type": "paragraph",
        "text": "\n"
      }
    ]
  }
}