{
  "1": {
    "verseObjects": [
      {
        "text": "πιστὸς",
        "tag": "w",
        "type": "word",
        "lemma": "πιστός",
        "strong": "G41030",
        "morph": "Gr,NP,,,,NMS,",
        "tw": "rc://*/tw/dict/bible/kt/faithful"
      },
      {
        "text": "ὁ",
        "tag": "w",
        "type": "word",
        "lemma": "ὁ",
        "strong": "G35880",
        "morph": "Gr,EA,,,,NMS,"
      },
      {
        "text": "λόγος",
        "tag": "w",
        "type": "word",
        "lemma": "λόγος",
        "strong": "G30560",
        "morph": "Gr,N,,,,,NMS,",
        "tw": "rc://*/tw/dict/bible/other/word"
      },
      {
        "type": "text",
        "text": ":\n“"
      },
      {
        "text": "εἴ",
        "tag": "w",
        "type": "word",
        "lemma": "εἰ",
        "strong": "G14870",
        "morph": "Gr,CS,,,,,,,,"
      },
      {
        "text": "τις",
        "tag": "w",
        "type": "word",
        "lemma": "τις",
        "strong": "G51000",
        "morph": "Gr,RI,,,,NMS,"
      },
      {
        "text": "ἐπισκοπῆς",
        "tag": "w",
        "type": "word",
        "lemma": "ἐπισκοπή",
        "strong": "G19840",
        "morph": "Gr,N,,,,,GFS,",
        "tw": "rc://*/tw/dict/bible/other/overseer"
      },
      {
        "text": "ὀρέγεται",
        "tag": "w",
        "type": "word",
        "lemma": "ὀρέγω",
        "strong": "G37130",
        "morph": "Gr,V,IPM3,,S,"
      },
      {
        "type": "text",
        "text": ","
      },
      {
        "text": "καλοῦ",
        "tag": "w",
        "type": "word",
        "lemma": "καλός",
        "strong": "G25700",
        "morph": "Gr,AA,,,,GNS,",
        "tw": "rc://*/tw/dict/bible/kt/good"
      },
      {
        "text": "ἔργου",
        "tag": "w",
        "type": "word",
        "lemma": "ἔργον",
        "strong": "G20410",
        "morph": "Gr,N,,,,,GNS,",
        "tw": "rc://*/tw/dict/bible/kt/works"
      },
      {
        "text": "ἐπιθυμεῖ",
        "tag": "w",
        "type": "word",
        "lemma": "ἐπιθυμέω",
        "strong": "G19370",
        "morph": "Gr,V,IPA3,,S,",
        "tw": "rc://*/tw/dict/bible/other/lust"
      },
      {
        "type": "text",
        "text": ".”\n\n"
      }
    ]
  },
  "2": {
    "verseObjects": [
      {
        "text": "δεῖ",
        "tag": "w",
        "type": "word",
        "lemma": "δέω",
        "strong": "G12100",
        "morph": "Gr,V,IPA3,,S,"
      },
      {
        "text": "οὖν",
        "tag": "w",
        "type": "word",
        "lemma": "οὖν",
        "strong": "G37670",
        "morph": "Gr,CC,,,,,,,,"
      },
      {
        "text": "τὸν",
        "tag": "w",
        "type": "word",
        "lemma": "ὁ",
        "strong": "G35880",
        "morph": "Gr,EA,,,,AMS,"
      },
      {
        "text": "ἐπίσκοπον",
        "tag": "w",
        "type": "word",
        "lemma": "ἐπίσκοπος",
        "strong": "G19850",
        "morph": "Gr,N,,,,,AMS,",
        "tw": "rc://*/tw/dict/bible/other/overseer"
      },
      {
        "text": "ἀνεπίλημπτον",
        "tag": "w",
        "type": "word",
        "lemma": "ἀνεπίλημπτος",
        "strong": "G04230",
        "morph": "Gr,NS,,,,AMS,",
        "tw": "rc://*/tw/dict/bible/other/reproach"
      },
      {
        "text": "εἶναι",
        "tag": "w",
        "type": "word",
        "lemma": "εἰμί",
        "strong": "G15100",
        "morph": "Gr,V,NPA,,,,,"
      },
      {
        "type": "text",
        "text": ","
      },
      {
        "text": "μιᾶς",
        "tag": "w",
        "type": "word",
        "lemma": "εἷς",
        "strong": "G15200",
        "morph": "Gr,EN,,,,GFS,"
      },
      {
        "text": "γυναικὸς",
        "tag": "w",
        "type": "word",
        "lemma": "γυνή",
        "strong": "G11350",
        "morph": "Gr,N,,,,,GFS,"
      },
      {
        "text": "ἄνδρα",
        "tag": "w",
        "type": "word",
        "lemma": "ἀνήρ",
        "strong": "G04350",
        "morph": "Gr,N,,,,,AMS,"
      },
      {
        "type": "text",
        "text": ","
      },
      {
        "text": "νηφάλιον",
        "tag": "w",
        "type": "word",
        "lemma": "νηφάλιος",
        "strong": "G35240",
        "morph": "Gr,NS,,,,AMS,"
      },
      {
        "type": "text",
        "text": ","
      },
      {
        "text": "σώφρονα",
        "tag": "w",
        "type": "word",
        "lemma": "σώφρων",
        "strong": "G49980",
        "morph": "Gr,NS,,,,AMS,",
        "tw": "rc://*/tw/dict/bible/other/selfcontrol"
      },
      {
        "type": "text",
        "text": ","
      },
      {
        "text": "κόσμιον",
        "tag": "w",
        "type": "word",
        "lemma": "κόσμιος",
        "strong": "G28870",
        "morph": "Gr,NS,,,,AMS,"
      },
      {
        "type": "text",
        "text": ","
      },
      {
        "text": "φιλόξενον",
        "tag": "w",
        "type": "word",
        "lemma": "φιλόξενος",
        "strong": "G53820",
        "morph": "Gr,NS,,,,AMS,"
      },
      {
        "type": "text",
        "text": ","
      },
      {
        "text": "διδακτικόν",
        "tag": "w",
        "type": "word",
        "lemma": "διδακτικός",
        "strong": "G13170",
        "morph": "Gr,NS,,,,AMS,",
        "tw": "rc://*/tw/dict/bible/other/teach"
      },
      {
        "type": "text",
        "text": ",\n\n"
      }
    ]
  },
  "3": {
    "verseObjects": [
      {
        "text": "μὴ",
        "tag": "w",
        "type": "word",
        "lemma": "μή",
        "strong": "G33610",
        "morph": "Gr,D,,,,,,,,,"
      },
      {
        "text": "πάροινον",
        "tag": "w",
        "type": "word",
        "lemma": "πάροινος",
        "strong": "G39430",
        "morph": "Gr,NS,,,,AMS,",
        "tw": "rc://*/tw/dict/bible/other/wine"
      },
      {
        "type": "text",
        "text": ","
      },
      {
        "text": "μὴ",
        "tag": "w",
        "type": "word",
        "lemma": "μή",
        "strong": "G33610",
        "morph": "Gr,DO,,,,,,,,"
      },
      {
        "text": "πλήκτην",
        "tag": "w",
        "type": "word",
        "lemma": "πλήκτης",
        "strong": "G41310",
        "morph": "Gr,N,,,,,AMS,"
      },
      {
        "type": "text",
        "text": ","
      },
      {
        "text": "ἀλλὰ",
        "tag": "w",
        "type": "word",
        "lemma": "ἀλλά",
        "strong": "G02350",
        "morph": "Gr,CO,,,,,,,,"
      },
      {
        "text": "ἐπιεικῆ",
        "tag": "w",
        "type": "word",
        "lemma": "ἐπιεικής",
        "strong": "G19330",
        "morph": "Gr,NS,,,,AMS,"
      },
      {
        "type": "text",
        "text": ","
      },
      {
        "text": "ἄμαχον",
        "tag": "w",
        "type": "word",
        "lemma": "ἄμαχος",
        "strong": "G02690",
        "morph": "Gr,NS,,,,AMS,",
        "tw": "rc://*/tw/dict/bible/other/peace"
      },
      {
        "type": "text",
        "text": ","
      },
      {
        "text": "ἀφιλάργυρον",
        "tag": "w",
        "type": "word",
        "lemma": "ἀφιλάργυρος",
        "strong": "G08660",
        "morph": "Gr,NS,,,,AMS,"
      },
      {
        "type": "text",
        "text": ";\n\n"
      }
    ]
  },
  "4": {
    "verseObjects": [
      {
        "text": "τοῦ",
        "tag": "w",
        "type": "word",
        "lemma": "ὁ",
        "strong": "G35880",
        "morph": "Gr,EP,,,,GMS,"
      },
      {
        "text": "ἰδίου",
        "tag": "w",
        "type": "word",
        "lemma": "ἴδιος",
        "strong": "G23980",
        "morph": "Gr,EF,,,,GMS,"
      },
      {
        "text": "οἴκου",
        "tag": "w",
        "type": "word",
        "lemma": "οἶκος",
        "strong": "G36240",
        "morph": "Gr,N,,,,,GMS,",
        "tw": "rc://*/tw/dict/bible/other/household"
      },
      {
        "text": "καλῶς",
        "tag": "w",
        "type": "word",
        "lemma": "καλῶς",
        "strong": "G25730",
        "morph": "Gr,D,,,,,,,,,"
      },
      {
        "text": "προϊστάμενον",
        "tag": "w",
        "type": "word",
        "lemma": "προΐστημι",
        "strong": "G42910",
        "morph": "Gr,V,PPM,AMS,",
        "tw": "rc://*/tw/dict/bible/other/manager"
      },
      {
        "type": "text",
        "text": ","
      },
      {
        "text": "τέκνα",
        "tag": "w",
        "type": "word",
        "lemma": "τέκνον",
        "strong": "G50430",
        "morph": "Gr,N,,,,,ANP,",
        "tw": "rc://*/tw/dict/bible/kt/children"
      },
      {
        "text": "ἔχοντα",
        "tag": "w",
        "type": "word",
        "lemma": "ἔχω",
        "strong": "G21920",
        "morph": "Gr,V,PPA,AMS,"
      },
      {
        "text": "ἐν",
        "tag": "w",
        "type": "word",
        "lemma": "ἐν",
        "strong": "G17220",
        "morph": "Gr,P,,,,,D,,,"
      },
      {
        "text": "ὑποταγῇ",
        "tag": "w",
        "type": "word",
        "lemma": "ὑποταγή",
        "strong": "G52920",
        "morph": "Gr,N,,,,,DFS,",
        "tw": "rc://*/tw/dict/bible/other/submit"
      },
      {
        "type": "text",
        "text": ","
      },
      {
        "text": "μετὰ",
        "tag": "w",
        "type": "word",
        "lemma": "μετά",
        "strong": "G33260",
        "morph": "Gr,P,,,,,G,,,"
      },
      {
        "text": "πάσης",
        "tag": "w",
        "type": "word",
        "lemma": "πᾶς",
        "strong": "G39560",
        "morph": "Gr,EQ,,,,GFS,"
      },
      {
        "text": "σεμνότητος",
        "tag": "w",
        "type": "word",
        "lemma": "σεμνότης",
        "strong": "G45870",
        "morph": "Gr,N,,,,,GFS,"
      },
      {
        "type": "text",
        "text": "\n\n"
      }
    ]
  },
  "5": {
    "verseObjects": [
      {
        "text": "εἰ",
        "tag": "w",
        "type": "word",
        "lemma": "εἰ",
        "strong": "G14870",
        "morph": "Gr,CS,,,,,,,,"
      },
      {
        "type": "text",
        "text": "("
      },
      {
        "text": "δέ",
        "tag": "w",
        "type": "word",
        "lemma": "δέ",
        "strong": "G11610",
        "morph": "Gr,CC,,,,,,,,"
      },
      {
        "text": "τις",
        "tag": "w",
        "type": "word",
        "lemma": "τις",
        "strong": "G51000",
        "morph": "Gr,RI,,,,NMS,"
      },
      {
        "text": "τοῦ",
        "tag": "w",
        "type": "word",
        "lemma": "ὁ",
        "strong": "G35880",
        "morph": "Gr,EP,,,,GMS,"
      },
      {
        "text": "ἰδίου",
        "tag": "w",
        "type": "word",
        "lemma": "ἴδιος",
        "strong": "G23980",
        "morph": "Gr,EF,,,,GMS,"
      },
      {
        "text": "οἴκου",
        "tag": "w",
        "type": "word",
        "lemma": "οἶκος",
        "strong": "G36240",
        "morph": "Gr,N,,,,,GMS,",
        "tw": "rc://*/tw/dict/bible/other/household"
      },
      {
        "text": "προστῆναι",
        "tag": "w",
        "type": "word",
        "lemma": "προΐστημι",
        "strong": "G42910",
        "morph": "Gr,V,NAA,,,,,",
        "tw": "rc://*/tw/dict/bible/other/manager"
      },
      {
        "text": "οὐκ",
        "tag": "w",
        "type": "word",
        "lemma": "οὐ",
        "strong": "G37560",
        "morph": "Gr,D,,,,,,,,,"
      },
      {
        "text": "οἶδεν",
        "tag": "w",
        "type": "word",
        "lemma": "οἶδα",
        "strong": "G14920",
        "morph": "Gr,V,IEA3,,S,",
        "tw": "rc://*/tw/dict/bible/other/know"
      },
      {
        "type": "text",
        "text": ","
      },
      {
        "text": "πῶς",
        "tag": "w",
        "type": "word",
        "lemma": "πῶς",
        "strong": "G44590",
        "morph": "Gr,D,,,,,,,,,"
      },
      {
        "text": "ἐκκλησίας",
        "tag": "w",
        "type": "word",
        "lemma": "ἐκκλησία",
        "strong": "G15770",
        "morph": "Gr,N,,,,,GFS,",
        "tw": "rc://*/tw/dict/bible/kt/church"
      },
      {
        "text": "Θεοῦ",
        "tag": "w",
        "type": "word",
        "lemma": "θεός",
        "strong": "G23160",
        "morph": "Gr,N,,,,,GMS,",
        "tw": "rc://*/tw/dict/bible/kt/god"
      },
      {
        "text": "ἐπιμελήσεται",
        "tag": "w",
        "type": "word",
        "lemma": "ἐπιμελέομαι",
        "strong": "G19590",
        "morph": "Gr,V,IFP3,,S,"
      },
      {
        "type": "text",
        "text": "?)\n\n"
      }
    ]
  },
  "6": {
    "verseObjects": [
      {
        "text": "μὴ",
        "tag": "w",
        "type": "word",
        "lemma": "μή",
        "strong": "G33610",
        "morph": "Gr,D,,,,,,,,,"
      },
      {
        "text": "νεόφυτον",
        "tag": "w",
        "type": "word",
        "lemma": "νεόφυτος",
        "strong": "G35040",
        "morph": "Gr,NP,,,,AMS,"
      },
      {
        "type": "text",
        "text": ","
      },
      {
        "text": "ἵνα",
        "tag": "w",
        "type": "word",
        "lemma": "ἵνα",
        "strong": "G24430",
        "morph": "Gr,CS,,,,,,,,"
      },
      {
        "text": "μὴ",
        "tag": "w",
        "type": "word",
        "lemma": "μή",
        "strong": "G33610",
        "morph": "Gr,D,,,,,,,,,"
      },
      {
        "text": "τυφωθεὶς",
        "tag": "w",
        "type": "word",
        "lemma": "τυφόω",
        "strong": "G51870",
        "morph": "Gr,V,PAP,NMS,",
        "tw": "rc://*/tw/dict/bible/other/proud"
      },
      {
        "type": "text",
        "text": ","
      },
      {
        "text": "εἰς",
        "tag": "w",
        "type": "word",
        "lemma": "εἰς",
        "strong": "G15190",
        "morph": "Gr,P,,,,,A,,,"
      },
      {
        "text": "κρίμα",
        "tag": "w",
        "type": "word",
        "lemma": "κρίμα",
        "strong": "G29170",
        "morph": "Gr,N,,,,,ANS,",
        "tw": "rc://*/tw/dict/bible/kt/judge"
      },
      {
        "text": "ἐμπέσῃ",
        "tag": "w",
        "type": "word",
        "lemma": "ἐμπίπτω",
        "strong": "G17060",
        "morph": "Gr,V,SAA3,,S,"
      },
      {
        "text": "τοῦ",
        "tag": "w",
        "type": "word",
        "lemma": "ὁ",
        "strong": "G35880",
        "morph": "Gr,EA,,,,GMS,"
      },
      {
        "text": "διαβόλου",
        "tag": "w",
        "type": "word",
        "lemma": "διάβολος",
        "strong": "G12280",
        "morph": "Gr,NS,,,,GMS,",
        "tw": "rc://*/tw/dict/bible/kt/satan"
      },
      {
        "type": "text",
        "text": ".\n\n"
      }
    ]
  },
  "7": {
    "verseObjects": [
      {
        "text": "δεῖ",
        "tag": "w",
        "type": "word",
        "lemma": "δέω",
        "strong": "G12100",
        "morph": "Gr,V,IPA3,,S,"
      },
      {
        "text": "δὲ",
        "tag": "w",
        "type": "word",
        "lemma": "δέ",
        "strong": "G11610",
        "morph": "Gr,CC,,,,,,,,"
      },
      {
        "text": "καὶ",
        "tag": "w",
        "type": "word",
        "lemma": "καί",
        "strong": "G25320",
        "morph": "Gr,D,,,,,,,,,"
      },
      {
        "type": "text",
        "text": ","
      },
      {
        "text": "μαρτυρίαν",
        "tag": "w",
        "type": "word",
        "lemma": "μαρτυρία",
        "strong": "G31410",
        "morph": "Gr,N,,,,,AFS,",
        "tw": "rc://*/tw/dict/bible/kt/testimony"
      },
      {
        "text": "καλὴν",
        "tag": "w",
        "type": "word",
        "lemma": "καλός",
        "strong": "G25700",
        "morph": "Gr,AA,,,,AFS,",
        "tw": "rc://*/tw/dict/bible/kt/good"
      },
      {
        "text": "ἔχειν",
        "tag": "w",
        "type": "word",
        "lemma": "ἔχω",
        "strong": "G21920",
        "morph": "Gr,V,NPA,,,,,"
      },
      {
        "text": "ἀπὸ",
        "tag": "w",
        "type": "word",
        "lemma": "ἀπό",
        "strong": "G05750",
        "morph": "Gr,P,,,,,G,,,"
      },
      {
        "text": "τῶν",
        "tag": "w",
        "type": "word",
        "lemma": "ὁ",
        "strong": "G35880",
        "morph": "Gr,RD,,,,GMP,"
      },
      {
        "text": "ἔξωθεν",
        "tag": "w",
        "type": "word",
        "lemma": "ἔξωθεν",
        "strong": "G18550",
        "morph": "Gr,D,,,,,,,,,"
      },
      {
        "type": "text",
        "text": ","
      },
      {
        "text": "ἵνα",
        "tag": "w",
        "type": "word",
        "lemma": "ἵνα",
        "strong": "G24430",
        "morph": "Gr,CS,,,,,,,,"
      },
      {
        "text": "μὴ",
        "tag": "w",
        "type": "word",
        "lemma": "μή",
        "strong": "G33610",
        "morph": "Gr,D,,,,,,,,,"
      },
      {
        "text": "εἰς",
        "tag": "w",
        "type": "word",
        "lemma": "εἰς",
        "strong": "G15190",
        "morph": "Gr,P,,,,,A,,,"
      },
      {
        "text": "ὀνειδισμὸν",
        "tag": "w",
        "type": "word",
        "lemma": "ὀνειδισμός",
        "strong": "G36800",
        "morph": "Gr,N,,,,,AMS,",
        "tw": "rc://*/tw/dict/bible/other/disgrace"
      },
      {
        "text": "ἐμπέσῃ",
        "tag": "w",
        "type": "word",
        "lemma": "ἐμπίπτω",
        "strong": "G17060",
        "morph": "Gr,V,SAA3,,S,"
      },
      {
        "type": "text",
        "text": ","
      },
      {
        "text": "καὶ",
        "tag": "w",
        "type": "word",
        "lemma": "καί",
        "strong": "G25320",
        "morph": "Gr,CC,,,,,,,,"
      },
      {
        "text": "παγίδα",
        "tag": "w",
        "type": "word",
        "lemma": "παγίς",
        "strong": "G38030",
        "morph": "Gr,N,,,,,AFS,",
        "tw": "rc://*/tw/dict/bible/other/snare"
      },
      {
        "text": "τοῦ",
        "tag": "w",
        "type": "word",
        "lemma": "ὁ",
        "strong": "G35880",
        "morph": "Gr,EA,,,,GMS,"
      },
      {
        "text": "διαβόλου",
        "tag": "w",
        "type": "word",
        "lemma": "διάβολος",
        "strong": "G12280",
        "morph": "Gr,NS,,,,GMS,",
        "tw": "rc://*/tw/dict/bible/kt/satan"
      },
      {
        "type": "text",
        "text": ".\n\n"
      }
    ]
  },
  "8": {
    "verseObjects": [
      {
        "type": "text",
        "text": "\n"
      },
      {
        "tag": "p",
        "type": "paragraph",
        "text": "\n"
      },
      {
        "text": "διακόνους",
        "tag": "w",
        "type": "word",
        "lemma": "διάκονος",
        "strong": "G12490",
        "morph": "Gr,N,,,,,AMP,",
        "tw": "rc://*/tw/dict/bible/kt/deacon"
      },
      {
        "text": "ὡσαύτως",
        "tag": "w",
        "type": "word",
        "lemma": "ὡσαύτως",
        "strong": "G56150",
        "morph": "Gr,D,,,,,,,,,",
        "tw": "rc://*/tw/dict/bible/other/like"
      },
      {
        "text": "σεμνούς",
        "tag": "w",
        "type": "word",
        "lemma": "σεμνός",
        "strong": "G45860",
        "morph": "Gr,NS,,,,AMP,",
        "tw": "rc://*/tw/dict/bible/kt/honor"
      },
      {
        "type": "text",
        "text": ","
      },
      {
        "text": "μὴ",
        "tag": "w",
        "type": "word",
        "lemma": "μή",
        "strong": "G33610",
        "morph": "Gr,D,,,,,,,,,"
      },
      {
        "text": "διλόγους",
        "tag": "w",
        "type": "word",
        "lemma": "δίλογος",
        "strong": "G13510",
        "morph": "Gr,NS,,,,AMP,"
      },
      {
        "type": "text",
        "text": ","
      },
      {
        "text": "μὴ",
        "tag": "w",
        "type": "word",
        "lemma": "μή",
        "strong": "G33610",
        "morph": "Gr,D,,,,,,,,,"
      },
      {
        "text": "οἴνῳ",
        "tag": "w",
        "type": "word",
        "lemma": "οἶνος",
        "strong": "G36310",
        "morph": "Gr,N,,,,,DMS,",
        "tw": "rc://*/tw/dict/bible/other/wine"
      },
      {
        "text": "πολλῷ",
        "tag": "w",
        "type": "word",
        "lemma": "πολλός",
        "strong": "G41830",
        "morph": "Gr,EQ,,,,DMS,"
      },
      {
        "text": "προσέχοντας",
        "tag": "w",
        "type": "word",
        "lemma": "προσέχω",
        "strong": "G43370",
        "morph": "Gr,V,PPA,AMP,"
      },
      {
        "type": "text",
        "text": ","
      },
      {
        "text": "μὴ",
        "tag": "w",
        "type": "word",
        "lemma": "μή",
        "strong": "G33610",
        "morph": "Gr,D,,,,,,,,,"
      },
      {
        "text": "αἰσχροκερδεῖς",
        "tag": "w",
        "type": "word",
        "lemma": "αἰσχροκερδής",
        "strong": "G01460",
        "morph": "Gr,NS,,,,AMP,"
      },
      {
        "type": "text",
        "text": ",\n\n"
      }
    ]
  },
  "9": {
    "verseObjects": [
      {
        "text": "ἔχοντας",
        "tag": "w",
        "type": "word",
        "lemma": "ἔχω",
        "strong": "G21920",
        "morph": "Gr,V,PPA,AMP,"
      },
      {
        "text": "τὸ",
        "tag": "w",
        "type": "word",
        "lemma": "ὁ",
        "strong": "G35880",
        "morph": "Gr,EA,,,,ANS,"
      },
      {
        "text": "μυστήριον",
        "tag": "w",
        "type": "word",
        "lemma": "μυστήριον",
        "strong": "G34660",
        "morph": "Gr,N,,,,,ANS,",
        "tw": "rc://*/tw/dict/bible/other/mystery"
      },
      {
        "text": "τῆς",
        "tag": "w",
        "type": "word",
        "lemma": "ὁ",
        "strong": "G35880",
        "morph": "Gr,EA,,,,GFS,"
      },
      {
        "text": "πίστεως",
        "tag": "w",
        "type": "word",
        "lemma": "πίστις",
        "strong": "G41020",
        "morph": "Gr,N,,,,,GFS,",
        "tw": "rc://*/tw/dict/bible/kt/faith"
      },
      {
        "text": "ἐν",
        "tag": "w",
        "type": "word",
        "lemma": "ἐν",
        "strong": "G17220",
        "morph": "Gr,P,,,,,D,,,"
      },
      {
        "text": "καθαρᾷ",
        "tag": "w",
        "type": "word",
        "lemma": "καθαρός",
        "strong": "G25130",
        "morph": "Gr,AA,,,,DFS,",
        "tw": "rc://*/tw/dict/bible/kt/clean"
      },
      {
        "text": "συνειδήσει",
        "tag": "w",
        "type": "word",
        "lemma": "συνείδησις",
        "strong": "G48930",
        "morph": "Gr,N,,,,,DFS,",
        "tw": "rc://*/tw/dict/bible/kt/conscience"
      },
      {
        "type": "text",
        "text": ".\n\n"
      }
    ]
  },
  "10": {
    "verseObjects": [
      {
        "text": "καὶ",
        "tag": "w",
        "type": "word",
        "lemma": "καί",
        "strong": "G25320",
        "morph": "Gr,D,,,,,,,,,"
      },
      {
        "text": "οὗτοι",
        "tag": "w",
        "type": "word",
        "lemma": "οὗτος",
        "strong": "G37780",
        "morph": "Gr,RD,,,,NMP,"
      },
      {
        "text": "δὲ",
        "tag": "w",
        "type": "word",
        "lemma": "δέ",
        "strong": "G11610",
        "morph": "Gr,CC,,,,,,,,"
      },
      {
        "text": "δοκιμαζέσθωσαν",
        "tag": "w",
        "type": "word",
        "lemma": "δοκιμάζω",
        "strong": "G13810",
        "morph": "Gr,V,MPP3,,P,",
        "tw": "rc://*/tw/dict/bible/kt/test"
      },
      {
        "text": "πρῶτον",
        "tag": "w",
        "type": "word",
        "lemma": "πρῶτον",
        "strong": "G44120",
        "morph": "Gr,D,,,,,,,,S"
      },
      {
        "type": "text",
        "text": ";"
      },
      {
        "text": "εἶτα",
        "tag": "w",
        "type": "word",
        "lemma": "εἶτα",
        "strong": "G15340",
        "morph": "Gr,D,,,,,,,,,"
      },
      {
        "text": "διακονείτωσαν",
        "tag": "w",
        "type": "word",
        "lemma": "διακονέω",
        "strong": "G12470",
        "morph": "Gr,V,MPA3,,P,",
        "tw": "rc://*/tw/dict/bible/kt/minister"
      },
      {
        "type": "text",
        "text": ","
      },
      {
        "text": "ἀνέγκλητοι",
        "tag": "w",
        "type": "word",
        "lemma": "ἀνέγκλητος",
        "strong": "G04100",
        "morph": "Gr,NP,,,,NMP,",
        "tw": "rc://*/tw/dict/bible/kt/blameless"
      },
      {
        "text": "ὄντες",
        "tag": "w",
        "type": "word",
        "lemma": "εἰμί",
        "strong": "G15100",
        "morph": "Gr,V,PPA,NMP,"
      },
      {
        "type": "text",
        "text": ".\n\n"
      }
    ]
  },
  "11": {
    "verseObjects": [
      {
        "text": "γυναῖκας",
        "tag": "w",
        "type": "word",
        "lemma": "γυνή",
        "strong": "G11350",
        "morph": "Gr,N,,,,,AFP,"
      },
      {
        "text": "ὡσαύτως",
        "tag": "w",
        "type": "word",
        "lemma": "ὡσαύτως",
        "strong": "G56150",
        "morph": "Gr,D,,,,,,,,,",
        "tw": "rc://*/tw/dict/bible/other/like"
      },
      {
        "text": "σεμνάς",
        "tag": "w",
        "type": "word",
        "lemma": "σεμνός",
        "strong": "G45860",
        "morph": "Gr,NS,,,,AFP,",
        "tw": "rc://*/tw/dict/bible/kt/honor"
      },
      {
        "type": "text",
        "text": ","
      },
      {
        "text": "μὴ",
        "tag": "w",
        "type": "word",
        "lemma": "μή",
        "strong": "G33610",
        "morph": "Gr,D,,,,,,,,,"
      },
      {
        "text": "διαβόλους",
        "tag": "w",
        "type": "word",
        "lemma": "διάβολος",
        "strong": "G12280",
        "morph": "Gr,NS,,,,AFP,",
        "tw": "rc://*/tw/dict/bible/other/slander"
      },
      {
        "type": "text",
        "text": ","
      },
      {
        "text": "νηφαλίους",
        "tag": "w",
        "type": "word",
        "lemma": "νηφάλιος",
        "strong": "G35240",
        "morph": "Gr,NS,,,,AFP,"
      },
      {
        "type": "text",
        "text": ","
      },
      {
        "text": "πιστὰς",
        "tag": "w",
        "type": "word",
        "lemma": "πιστός",
        "strong": "G41030",
        "morph": "Gr,NS,,,,AFP,",
        "tw": "rc://*/tw/dict/bible/kt/faithful"
      },
      {
        "text": "ἐν",
        "tag": "w",
        "type": "word",
        "lemma": "ἐν",
        "strong": "G17220",
        "morph": "Gr,P,,,,,D,,,"
      },
      {
        "text": "πᾶσιν",
        "tag": "w",
        "type": "word",
        "lemma": "πᾶς",
        "strong": "G39560",
        "morph": "Gr,RI,,,,DNP,"
      },
      {
        "type": "text",
        "text": ".\n\n"
      }
    ]
  },
  "12": {
    "verseObjects": [
      {
        "text": "διάκονοι",
        "tag": "w",
        "type": "word",
        "lemma": "διάκονος",
        "strong": "G12490",
        "morph": "Gr,N,,,,,NMP,",
        "tw": "rc://*/tw/dict/bible/kt/deacon"
      },
      {
        "text": "ἔστωσαν",
        "tag": "w",
        "type": "word",
        "lemma": "εἰμί",
        "strong": "G15100",
        "morph": "Gr,V,MPA3,,P,"
      },
      {
        "text": "μιᾶς",
        "tag": "w",
        "type": "word",
        "lemma": "εἷς",
        "strong": "G15200",
        "morph": "Gr,EN,,,,GFS,"
      },
      {
        "text": "γυναικὸς",
        "tag": "w",
        "type": "word",
        "lemma": "γυνή",
        "strong": "G11350",
        "morph": "Gr,N,,,,,GFS,"
      },
      {
        "text": "ἄνδρες",
        "tag": "w",
        "type": "word",
        "lemma": "ἀνήρ",
        "strong": "G04350",
        "morph": "Gr,N,,,,,NMP,"
      },
      {
        "type": "text",
        "text": ","
      },
      {
        "text": "τέκνων",
        "tag": "w",
        "type": "word",
        "lemma": "τέκνον",
        "strong": "G50430",
        "morph": "Gr,N,,,,,GNP,",
        "tw": "rc://*/tw/dict/bible/kt/children"
      },
      {
        "text": "καλῶς",
        "tag": "w",
        "type": "word",
        "lemma": "καλῶς",
        "strong": "G25730",
        "morph": "Gr,D,,,,,,,,,"
      },
      {
        "text": "προϊστάμενοι",
        "tag": "w",
        "type": "word",
        "lemma": "προΐστημι",
        "strong": "G42910",
        "morph": "Gr,V,PPM,NMP,",
        "tw": "rc://*/tw/dict/bible/other/manager"
      },
      {
        "text": "καὶ",
        "tag": "w",
        "type": "word",
        "lemma": "καί",
        "strong": "G25320",
        "morph": "Gr,CC,,,,,,,,"
      },
      {
        "text": "τῶν",
        "tag": "w",
        "type": "word",
        "lemma": "ὁ",
        "strong": "G35880",
        "morph": "Gr,EP,,,,GMP,"
      },
      {
        "text": "ἰδίων",
        "tag": "w",
        "type": "word",
        "lemma": "ἴδιος",
        "strong": "G23980",
        "morph": "Gr,EF,,,,GMP,"
      },
      {
        "text": "οἴκων",
        "tag": "w",
        "type": "word",
        "lemma": "οἶκος",
        "strong": "G36240",
        "morph": "Gr,N,,,,,GMP,",
        "tw": "rc://*/tw/dict/bible/other/household"
      },
      {
        "type": "text",
        "text": ".\n\n"
      }
    ]
  },
  "13": {
    "verseObjects": [
      {
        "text": "οἱ",
        "tag": "w",
        "type": "word",
        "lemma": "ὁ",
        "strong": "G35880",
        "morph": "Gr,RD,,,,NMP,"
      },
      {
        "text": "γὰρ",
        "tag": "w",
        "type": "word",
        "lemma": "γάρ",
        "strong": "G10630",
        "morph": "Gr,CC,,,,,,,,"
      },
      {
        "text": "καλῶς",
        "tag": "w",
        "type": "word",
        "lemma": "καλῶς",
        "strong": "G25730",
        "morph": "Gr,D,,,,,,,,,",
        "tw": "rc://*/tw/dict/bible/kt/good"
      },
      {
        "text": "διακονήσαντες",
        "tag": "w",
        "type": "word",
        "lemma": "διακονέω",
        "strong": "G12470",
        "morph": "Gr,V,PAA,NMP,",
        "tw": "rc://*/tw/dict/bible/kt/minister"
      },
      {
        "type": "text",
        "text": ","
      },
      {
        "text": "βαθμὸν",
        "tag": "w",
        "type": "word",
        "lemma": "βαθμός",
        "strong": "G08980",
        "morph": "Gr,N,,,,,AMS,"
      },
      {
        "text": "ἑαυτοῖς",
        "tag": "w",
        "type": "word",
        "lemma": "ἑαυτοῦ",
        "strong": "G14380",
        "morph": "Gr,RE,,,3DMP,"
      },
      {
        "text": "καλὸν",
        "tag": "w",
        "type": "word",
        "lemma": "καλός",
        "strong": "G25700",
        "morph": "Gr,NS,,,,AMS,",
        "tw": "rc://*/tw/dict/bible/kt/good"
      },
      {
        "text": "περιποιοῦνται",
        "tag": "w",
        "type": "word",
        "lemma": "περιποιέω",
        "strong": "G40460",
        "morph": "Gr,V,IPM3,,P,"
      },
      {
        "type": "text",
        "text": ","
      },
      {
        "text": "καὶ",
        "tag": "w",
        "type": "word",
        "lemma": "καί",
        "strong": "G25320",
        "morph": "Gr,CC,,,,,,,,"
      },
      {
        "text": "πολλὴν",
        "tag": "w",
        "type": "word",
        "lemma": "πολλός",
        "strong": "G41830",
        "morph": "Gr,EQ,,,,AFS,"
      },
      {
        "text": "παρρησίαν",
        "tag": "w",
        "type": "word",
        "lemma": "παρρησία",
        "strong": "G39540",
        "morph": "Gr,N,,,,,AFS,",
        "tw": "rc://*/tw/dict/bible/other/confidence"
      },
      {
        "text": "ἐν",
        "tag": "w",
        "type": "word",
        "lemma": "ἐν",
        "strong": "G17220",
        "morph": "Gr,P,,,,,D,,,"
      },
      {
        "text": "πίστει",
        "tag": "w",
        "type": "word",
        "lemma": "πίστις",
        "strong": "G41020",
        "morph": "Gr,N,,,,,DFS,",
        "tw": "rc://*/tw/dict/bible/kt/faith"
      },
      {
        "text": "τῇ",
        "tag": "w",
        "type": "word",
        "lemma": "ὁ",
        "strong": "G35880",
        "morph": "Gr,RD,,,,DFS,"
      },
      {
        "tag": "k",
        "type": "milestone",
        "tw": "rc://*/tw/dict/bible/kt/inchrist",
        "children": [
          {
            "text": "ἐν",
            "tag": "w",
            "type": "word",
            "lemma": "ἐν",
            "strong": "G17220",
            "morph": "Gr,P,,,,,D,,,"
          },
          {
            "text": "Χριστῷ",
            "tag": "w",
            "type": "word",
            "lemma": "χριστός",
            "strong": "G55470",
            "morph": "Gr,N,,,,,DMS,",
            "tw": "rc://*/tw/dict/bible/kt/christ"
          },
          {
            "text": "Ἰησοῦ",
            "tag": "w",
            "type": "word",
            "lemma": "Ἰησοῦς",
            "strong": "G24240",
            "morph": "Gr,N,,,,,DMS,",
            "tw": "rc://*/tw/dict/bible/kt/jesus"
          }
        ]
      },
      {
        "type": "text",
        "text": ".\n\n"
      }
    ]
  },
  "14": {
    "verseObjects": [
      {
        "type": "text",
        "text": "\n"
      },
      {
        "tag": "p",
        "type": "paragraph",
        "text": "\n"
      },
      {
        "text": "ταῦτά",
        "tag": "w",
        "type": "word",
        "lemma": "οὗτος",
        "strong": "G37780",
        "morph": "Gr,RD,,,,ANP,"
      },
      {
        "text": "σοι",
        "tag": "w",
        "type": "word",
        "lemma": "σύ",
        "strong": "G47710",
        "morph": "Gr,RP,,,2D,S,"
      },
      {
        "text": "γράφω",
        "tag": "w",
        "type": "word",
        "lemma": "γράφω",
        "strong": "G11250",
        "morph": "Gr,V,IPA1,,S,"
      },
      {
        "type": "text",
        "text": ","
      },
      {
        "text": "ἐλπίζων",
        "tag": "w",
        "type": "word",
        "lemma": "ἐλπίζω",
        "strong": "G16790",
        "morph": "Gr,V,PPA,NMS,",
        "tw": "rc://*/tw/dict/bible/kt/hope"
      },
      {
        "text": "ἐλθεῖν",
        "tag": "w",
        "type": "word",
        "lemma": "ἔρχομαι",
        "strong": "G20640",
        "morph": "Gr,V,NAA,,,,,"
      },
      {
        "text": "πρὸς",
        "tag": "w",
        "type": "word",
        "lemma": "πρός",
        "strong": "G43140",
        "morph": "Gr,P,,,,,A,,,"
      },
      {
        "text": "σὲ",
        "tag": "w",
        "type": "word",
        "lemma": "σύ",
        "strong": "G47710",
        "morph": "Gr,RP,,,2A,S,"
      },
      {
        "text": "ἐν",
        "tag": "w",
        "type": "word",
        "lemma": "ἐν",
        "strong": "G17220",
        "morph": "Gr,P,,,,,D,,,"
      },
      {
        "text": "τάχει",
        "tag": "w",
        "type": "word",
        "lemma": "τάχος",
        "strong": "G50340",
        "morph": "Gr,N,,,,,DNS,"
      },
      {
        "type": "text",
        "text": ";\n\n"
      }
    ]
  },
  "15": {
    "verseObjects": [
      {
        "text": "ἐὰν",
        "tag": "w",
        "type": "word",
        "lemma": "ἐάν",
        "strong": "G14370",
        "morph": "Gr,CS,,,,,,,,"
      },
      {
        "text": "δὲ",
        "tag": "w",
        "type": "word",
        "lemma": "δέ",
        "strong": "G11610",
        "morph": "Gr,CC,,,,,,,,"
      },
      {
        "text": "βραδύνω",
        "tag": "w",
        "type": "word",
        "lemma": "βραδύνω",
        "strong": "G10190",
        "morph": "Gr,V,SPA1,,S,"
      },
      {
        "type": "text",
        "text": ","
      },
      {
        "text": "ἵνα",
        "tag": "w",
        "type": "word",
        "lemma": "ἵνα",
        "strong": "G24430",
        "morph": "Gr,CS,,,,,,,,"
      },
      {
        "text": "εἰδῇς",
        "tag": "w",
        "type": "word",
        "lemma": "εἴδω",
        "strong": "G14920",
        "morph": "Gr,V,SEA2,,S,",
        "tw": "rc://*/tw/dict/bible/other/know"
      },
      {
        "text": "πῶς",
        "tag": "w",
        "type": "word",
        "lemma": "πῶς",
        "strong": "G44590",
        "morph": "Gr,D,,,,,,,,,"
      },
      {
        "text": "δεῖ",
        "tag": "w",
        "type": "word",
        "lemma": "δέω",
        "strong": "G12100",
        "morph": "Gr,V,IPA3,,S,"
      },
      {
        "text": "ἐν",
        "tag": "w",
        "type": "word",
        "lemma": "ἐν",
        "strong": "G17220",
        "morph": "Gr,P,,,,,D,,,"
      },
      {
        "text": "οἴκῳ",
        "tag": "w",
        "type": "word",
        "lemma": "οἶκος",
        "strong": "G36240",
        "morph": "Gr,N,,,,,DMS,",
        "tw": "rc://*/tw/dict/bible/other/household"
      },
      {
        "text": "Θεοῦ",
        "tag": "w",
        "type": "word",
        "lemma": "θεός",
        "strong": "G23160",
        "morph": "Gr,N,,,,,GMS,",
        "tw": "rc://*/tw/dict/bible/kt/god"
      },
      {
        "text": "ἀναστρέφεσθαι",
        "tag": "w",
        "type": "word",
        "lemma": "ἀναστρέφω",
        "strong": "G03900",
        "morph": "Gr,V,NPP,,,,,"
      },
      {
        "type": "text",
        "text": ","
      },
      {
        "text": "ἥτις",
        "tag": "w",
        "type": "word",
        "lemma": "ὅστις",
        "strong": "G37480",
        "morph": "Gr,RR,,,,NFS,"
      },
      {
        "text": "ἐστὶν",
        "tag": "w",
        "type": "word",
        "lemma": "εἰμί",
        "strong": "G15100",
        "morph": "Gr,V,IPA3,,S,"
      },
      {
        "text": "ἐκκλησία",
        "tag": "w",
        "type": "word",
        "lemma": "ἐκκλησία",
        "strong": "G15770",
        "morph": "Gr,N,,,,,NFS,",
        "tw": "rc://*/tw/dict/bible/kt/church"
      },
      {
        "text": "Θεοῦ",
        "tag": "w",
        "type": "word",
        "lemma": "θεός",
        "strong": "G23160",
        "morph": "Gr,N,,,,,GMS,",
        "tw": "rc://*/tw/dict/bible/kt/god"
      },
      {
        "text": "ζῶντος",
        "tag": "w",
        "type": "word",
        "lemma": "ζάω",
        "strong": "G21980",
        "morph": "Gr,V,PPA,GMS,",
        "tw": "rc://*/tw/dict/bible/kt/life"
      },
      {
        "type": "text",
        "text": ","
      },
      {
        "text": "στῦλος",
        "tag": "w",
        "type": "word",
        "lemma": "στῦλος",
        "strong": "G47690",
        "morph": "Gr,N,,,,,NMS,",
        "tw": "rc://*/tw/dict/bible/other/pillar"
      },
      {
        "text": "καὶ",
        "tag": "w",
        "type": "word",
        "lemma": "καί",
        "strong": "G25320",
        "morph": "Gr,CC,,,,,,,,"
      },
      {
        "text": "ἑδραίωμα",
        "tag": "w",
        "type": "word",
        "lemma": "ἑδραίωμα",
        "strong": "G14770",
        "morph": "Gr,N,,,,,NNS,"
      },
      {
        "text": "τῆς",
        "tag": "w",
        "type": "word",
        "lemma": "ὁ",
        "strong": "G35880",
        "morph": "Gr,EA,,,,GFS,"
      },
      {
        "text": "ἀληθείας",
        "tag": "w",
        "type": "word",
        "lemma": "ἀλήθεια",
        "strong": "G02250",
        "morph": "Gr,N,,,,,GFS,",
        "tw": "rc://*/tw/dict/bible/kt/true"
      },
      {
        "type": "text",
        "text": ".\n\n"
      }
    ]
  },
  "16": {
    "verseObjects": [
      {
        "text": "καὶ",
        "tag": "w",
        "type": "word",
        "lemma": "καί",
        "strong": "G25320",
        "morph": "Gr,CC,,,,,,,,"
      },
      {
        "text": "ὁμολογουμένως",
        "tag": "w",
        "type": "word",
        "lemma": "ὁμολογουμένως",
        "strong": "G36720",
        "morph": "Gr,D,,,,,,,,,",
        "tw": "rc://*/tw/dict/bible/kt/confess"
      },
      {
        "text": "μέγα",
        "tag": "w",
        "type": "word",
        "lemma": "μέγας",
        "strong": "G31730",
        "morph": "Gr,NP,,,,NNS,"
      },
      {
        "text": "ἐστὶν",
        "tag": "w",
        "type": "word",
        "lemma": "εἰμί",
        "strong": "G15100",
        "morph": "Gr,V,IPA3,,S,"
      },
      {
        "text": "τὸ",
        "tag": "w",
        "type": "word",
        "lemma": "ὁ",
        "strong": "G35880",
        "morph": "Gr,EA,,,,NNS,"
      },
      {
        "text": "τῆς",
        "tag": "w",
        "type": "word",
        "lemma": "ὁ",
        "strong": "G35880",
        "morph": "Gr,EA,,,,GFS,"
      },
      {
        "text": "εὐσεβείας",
        "tag": "w",
        "type": "word",
        "lemma": "εὐσέβεια",
        "strong": "G21500",
        "morph": "Gr,N,,,,,GFS,",
        "tw": "rc://*/tw/dict/bible/kt/godly"
      },
      {
        "text": "μυστήριον",
        "tag": "w",
        "type": "word",
        "lemma": "μυστήριον",
        "strong": "G34660",
        "morph": "Gr,N,,,,,NNS,",
        "tw": "rc://*/tw/dict/bible/other/mystery"
      },
      {
        "type": "text",
        "text": ":\n“"
      },
      {
        "text": "ὃς",
        "tag": "w",
        "type": "word",
        "lemma": "ὅς",
        "strong": "G37390",
        "morph": "Gr,RR,,,,NMS,"
      },
      {
        "text": "ἐφανερώθη",
        "tag": "w",
        "type": "word",
        "lemma": "φανερόω",
        "strong": "G53190",
        "morph": "Gr,V,IAP3,,S,",
        "tw": "rc://*/tw/dict/bible/kt/reveal"
      },
      {
        "text": "ἐν",
        "tag": "w",
        "type": "word",
        "lemma": "ἐν",
        "strong": "G17220",
        "morph": "Gr,P,,,,,D,,,"
      },
      {
        "text": "σαρκί",
        "tag": "w",
        "type": "word",
        "lemma": "σάρξ",
        "strong": "G45610",
        "morph": "Gr,N,,,,,DFS,",
        "tw": "rc://*/tw/dict/bible/kt/flesh"
      },
      {
        "type": "text",
        "text": ","
      },
      {
        "text": "ἐδικαιώθη",
        "tag": "w",
        "type": "word",
        "lemma": "δικαιόω",
        "strong": "G13440",
        "morph": "Gr,V,IAP3,,S,",
        "tw": "rc://*/tw/dict/bible/kt/justice"
      },
      {
        "text": "ἐν",
        "tag": "w",
        "type": "word",
        "lemma": "ἐν",
        "strong": "G17220",
        "morph": "Gr,P,,,,,D,,,"
      },
      {
        "text": "Πνεύματι",
        "tag": "w",
        "type": "word",
        "lemma": "πνεῦμα",
        "strong": "G41510",
        "morph": "Gr,N,,,,,DNS,",
        "tw": "rc://*/tw/dict/bible/kt/spirit"
      },
      {
        "type": "text",
        "text": ","
      },
      {
        "text": "ὤφθη",
        "tag": "w",
        "type": "word",
        "lemma": "ὁράω",
        "strong": "G37080",
        "morph": "Gr,V,IAP3,,S,"
      },
      {
        "text": "ἀγγέλοις",
        "tag": "w",
        "type": "word",
        "lemma": "ἄγγελος",
        "strong": "G00320",
        "morph": "Gr,N,,,,,DMP,",
        "tw": "rc://*/tw/dict/bible/kt/angel"
      },
      {
        "type": "text",
        "text": ","
      },
      {
        "text": "ἐκηρύχθη",
        "tag": "w",
        "type": "word",
        "lemma": "κηρύσσω",
        "strong": "G27840",
        "morph": "Gr,V,IAP3,,S,",
        "tw": "rc://*/tw/dict/bible/other/preach"
      },
      {
        "text": "ἐν",
        "tag": "w",
        "type": "word",
        "lemma": "ἐν",
        "strong": "G17220",
        "morph": "Gr,P,,,,,D,,,"
      },
      {
        "text": "ἔθνεσιν",
        "tag": "w",
        "type": "word",
        "lemma": "ἔθνος",
        "strong": "G14840",
        "morph": "Gr,N,,,,,DNP,",
        "tw": "rc://*/tw/dict/bible/kt/nation"
      },
      {
        "type": "text",
        "text": ","
      },
      {
        "text": "ἐπιστεύθη",
        "tag": "w",
        "type": "word",
        "lemma": "πιστεύω",
        "strong": "G41000",
        "morph": "Gr,V,IAP3,,S,",
        "tw": "rc://*/tw/dict/bible/kt/believe"
      },
      {
        "text": "ἐν",
        "tag": "w",
        "type": "word",
        "lemma": "ἐν",
        "strong": "G17220",
        "morph": "Gr,P,,,,,D,,,"
      },
      {
        "text": "κόσμῳ",
        "tag": "w",
        "type": "word",
        "lemma": "κόσμος",
        "strong": "G28890",
        "morph": "Gr,N,,,,,DMS,",
        "tw": "rc://*/tw/dict/bible/kt/world"
      },
      {
        "type": "text",
        "text": ","
      },
      {
        "text": "ἀνελήμφθη",
        "tag": "w",
        "type": "word",
        "lemma": "ἀναλαμβάνω",
        "strong": "G03530",
        "morph": "Gr,V,IAP3,,S,"
      },
      {
        "text": "ἐν",
        "tag": "w",
        "type": "word",
        "lemma": "ἐν",
        "strong": "G17220",
        "morph": "Gr,P,,,,,D,,,"
      },
      {
        "text": "δόξῃ",
        "tag": "w",
        "type": "word",
        "lemma": "δόξα",
        "strong": "G13910",
        "morph": "Gr,N,,,,,DFS,",
        "tw": "rc://*/tw/dict/bible/kt/glory"
      },
      {
        "type": "text",
        "text": ".”\n\n"
      }
    ]
  },
  "front": {
    "verseObjects": [
      {
        "tag": "p",
        "type": "paragraph",
        "text": "\n"
      },
      {
        "type": "text",
        "text": "\n"
      }
    ]
  }
}