{
  "1": {
    "verseObjects": [
      {
        "type": "text",
        "text": "It came about later that the king of the people of Ammon died, and that Hanun his son became king in his place.\n"
      }
    ]
  },
  "2": {
    "verseObjects": [
      {
        "type": "text",
        "text": "David said, \"I will show kindness to Hanun son of Nahash, as his father showed kindness to me.\" So David sent his servants to comfort Hanun concerning his father. His servants entered the land of the people of Ammon.\n"
      }
    ]
  },
  "3": {
    "verseObjects": [
      {
        "type": "text",
        "text": "But the leaders of the people of Ammon said to Hanun their master, \"Do you really think that David is honoring your father because he has sent men to comfort you? Has not David sent his servants to you to look at the city, to spy it out, in order to overthrow it?\"\n\n"
      },
      {
        "tag": "s5",
        "type": "section",
        "text": "\n"
      }
    ]
  },
  "4": {
    "verseObjects": [
      {
        "type": "text",
        "text": "So Hanun took David's servants, shaved off half their beards, cut off their garments up to their buttocks, and sent them away.\n"
      }
    ]
  },
  "5": {
    "verseObjects": [
      {
        "type": "text",
        "text": "When they explained this to David, he sent to meet with them, for the men were deeply ashamed. The king said, \"Stay at Jericho until your beards have grown back, and then return.\"\n\n"
      },
      {
        "tag": "s5",
        "type": "section",
        "text": "\n"
      },
      {
        "tag": "p",
        "type": "paragraph",
        "text": "\n"
      }
    ]
  },
  "6": {
    "verseObjects": [
      {
        "type": "text",
        "text": "When the people of Ammon saw that they had become a stench to David, the people of Ammon sent messengers and hired the Arameans of Beth Rehob and Zobah, twenty thousand foot soldiers, and the king of Maacah with a thousand men, and the men of Tob with twelve thousand men.\n"
      }
    ]
  },
  "7": {
    "verseObjects": [
      {
        "type": "text",
        "text": "When David heard of it, he sent Joab and all the army of soldiers.\n"
      }
    ]
  },
  "8": {
    "verseObjects": [
      {
        "type": "text",
        "text": "The Ammonites came out and formed a line of battle at the entrance to their city gate, while the Arameans of Zobah and of Rehob, and the men of Tob and Maacah, stood by themselves in the open fields.\n\n"
      },
      {
        "tag": "s5",
        "type": "section",
        "text": "\n"
      },
      {
        "tag": "p",
        "type": "paragraph",
        "text": "\n"
      }
    ]
  },
  "9": {
    "verseObjects": [
      {
        "type": "text",
        "text": "When Joab saw the battle lines facing him both in front and behind, he chose some of Israel's best fighters and arranged them against the Arameans.\n"
      }
    ]
  },
  "10": {
    "verseObjects": [
      {
        "type": "text",
        "text": "The rest of his people he put into the hand of Abishai his brother, and he set them out in position to fight against the army of Ammon.\n\n"
      },
      {
        "tag": "s5",
        "type": "section",
        "text": "\n"
      }
    ]
  },
  "11": {
    "verseObjects": [
      {
        "type": "text",
        "text": "Joab said, \"If the Arameans are too strong for me, then you, Abishai, must rescue me. But if the army of Ammon is too strong for you, then I will come and rescue you.\n"
      }
    ]
  },
  "12": {
    "verseObjects": [
      {
        "type": "text",
        "text": "Be strong, and let us show ourselves to be strong for our people and for the cities of our God, for Yahweh will do what is good for his purpose.\"\n"
      },
      {
        "tag": "s5",
        "type": "section",
        "text": "\n"
      }
    ]
  },
  "13": {
    "verseObjects": [
      {
        "type": "text",
        "text": "So Joab and the soldiers of his army advanced to the battle against the Arameans, who were forced to flee before the army of Israel.\n"
      }
    ]
  },
  "14": {
    "verseObjects": [
      {
        "type": "text",
        "text": "When the army of Ammon saw that the Arameans had fled, they also fled from Abishai and went back into the city. Then Joab returned from the people of Ammon and went back to Jerusalem.\n\n"
      },
      {
        "tag": "s5",
        "type": "section",
        "text": "\n"
      },
      {
        "tag": "p",
        "type": "paragraph",
        "text": "\n"
      }
    ]
  },
  "15": {
    "verseObjects": [
      {
        "type": "text",
        "text": "When the Arameans saw that they were being defeated by Israel, they gathered themselves together again.\n"
      }
    ]
  },
  "16": {
    "verseObjects": [
      {
        "type": "text",
        "text": "Then Hadarezer sent for Aramean troops from beyond the Euphrates River. They came to Helam, and Shobak, the commander of Hadarezer's army, went before them.\n\n"
      },
      {
        "tag": "s5",
        "type": "section",
        "text": "\n"
      }
    ]
  },
  "17": {
    "verseObjects": [
      {
        "type": "text",
        "text": "When David was told this, he gathered all Israel together, crossed the Jordan, and arrived at Helam. The Arameans arranged themselves in battle lines against David and fought him.\n"
      }
    ]
  },
  "18": {
    "verseObjects": [
      {
        "type": "text",
        "text": "The Arameans fled from Israel, and David killed seven hundred of their men in chariots and forty thousand horsemen. Shobak the commander of their army was wounded and died there.\n"
      }
    ]
  },
  "19": {
    "verseObjects": [
      {
        "type": "text",
        "text": "When all the kings who were servants of Hadarezer saw that they were defeated by Israel, they made peace with Israel and became their subjects. So the Arameans were afraid to help the people of Ammon anymore.\n\n\n"
      },
      {
        "tag": "s5",
        "type": "section",
        "text": "\n"
      }
    ]
  },
  "front": {
    "verseObjects": [
      {
        "tag": "p",
        "type": "paragraph",
        "text": "\n"
      }
    ]
  }
}