{
  "1": {
    "verseObjects": [
      {
        "type": "text",
        "text": "After Yahweh had rescued David from Saul and his other enemies, David sang a song to Yahweh.\n"
      }
    ]
  },
  "2": {
    "verseObjects": [
      {
        "type": "text",
        "text": "This is what he sang:\n"
      },
      {
        "tag": "q1",
        "type": "quote",
        "text": "\"Yahweh, you are like a huge rock on top of which I can hide.\n"
      },
      {
        "tag": "q2",
        "type": "quote",
        "text": "You are like a fortress, and you rescue me.\n"
      },
      {
        "type": "text",
        "text": "\n"
      },
      {
        "tag": "s5",
        "nextChar": "\n",
        "type": "section"
      },
      {
        "tag": "q1",
        "nextChar": "\n",
        "type": "quote"
      }
    ]
  },
  "3": {
    "verseObjects": [
      {
        "type": "text",
        "text": "Yahweh, you protect me. You are like a shield,\n"
      },
      {
        "tag": "q2",
        "type": "quote",
        "text": "and you are the powerful one who saves me.\n"
      },
      {
        "tag": "q1",
        "type": "quote",
        "text": "You are like a place where I find refuge.\n"
      },
      {
        "tag": "q2",
        "type": "quote",
        "text": "You save me from those who act violently toward me.\n"
      },
      {
        "tag": "q1",
        "nextChar": "\n",
        "type": "quote"
      }
    ]
  },
  "4": {
    "verseObjects": [
      {
        "type": "text",
        "text": "I call out to you, Yahweh.\n"
      },
      {
        "tag": "q2",
        "type": "quote",
        "text": "You deserve to be praised,\n"
      },
      {
        "tag": "q2",
        "type": "quote",
        "text": "and you rescue me from my enemies.\n"
      },
      {
        "type": "text",
        "text": "\n"
      },
      {
        "tag": "s5",
        "nextChar": "\n",
        "type": "section"
      },
      {
        "tag": "q1",
        "nextChar": "\n",
        "type": "quote"
      }
    ]
  },
  "5": {
    "verseObjects": [
      {
        "type": "text",
        "text": "I almost died. It was as if a huge wave had crashed over me,\n"
      },
      {
        "tag": "q1",
        "type": "quote",
        "text": "and almost destroyed me like a flood.\n"
      },
      {
        "tag": "q1",
        "nextChar": "\n",
        "type": "quote"
      }
    ]
  },
  "6": {
    "verseObjects": [
      {
        "type": "text",
        "text": "I thought that I would die. It was as though death had wrapped ropes around me,\n"
      },
      {
        "tag": "q2",
        "type": "quote",
        "text": "and it was as though I were in a trap where I would surely die.\n"
      },
      {
        "tag": "s5",
        "nextChar": "\n",
        "type": "section"
      },
      {
        "tag": "q1",
        "nextChar": "\n",
        "type": "quote"
      }
    ]
  },
  "7": {
    "verseObjects": [
      {
        "type": "text",
        "text": "But when I was very distressed, I called out to you, Yahweh.\n"
      },
      {
        "tag": "q2",
        "type": "quote",
        "text": "I cried out to you, my God.\n"
      },
      {
        "tag": "q1",
        "type": "quote",
        "text": "You heard me from your temple.\n"
      },
      {
        "tag": "q2",
        "type": "quote",
        "text": "You listened when I called to you to help me.\n"
      },
      {
        "type": "text",
        "text": "\n"
      },
      {
        "tag": "s5",
        "nextChar": "\n",
        "type": "section"
      },
      {
        "tag": "q1",
        "nextChar": "\n",
        "type": "quote"
      }
    ]
  },
  "8": {
    "verseObjects": [
      {
        "type": "text",
        "text": "Then it was as though the earth quaked and shook.\n"
      },
      {
        "tag": "q2",
        "type": "quote",
        "text": "It was as though the foundations that held up the sky trembled,\n"
      },
      {
        "tag": "q2",
        "type": "quote",
        "text": "because you were angry.\n"
      },
      {
        "tag": "q1",
        "nextChar": "\n",
        "type": "quote"
      }
    ]
  },
  "9": {
    "verseObjects": [
      {
        "type": "text",
        "text": "It was as though smoke poured out of your nostrils\n"
      },
      {
        "tag": "q2",
        "type": "quote",
        "text": "and burning coals and fire that burns everything came out of your mouth.\n"
      },
      {
        "type": "text",
        "text": "\n"
      },
      {
        "tag": "s5",
        "nextChar": "\n",
        "type": "section"
      },
      {
        "tag": "q1",
        "nextChar": "\n",
        "type": "quote"
      }
    ]
  },
  "10": {
    "verseObjects": [
      {
        "type": "text",
        "text": "You tore open the skies and came down.\n"
      },
      {
        "tag": "q2",
        "type": "quote",
        "text": "There was a thick dark cloud under your feet.\n"
      },
      {
        "tag": "q1",
        "nextChar": "\n",
        "type": "quote"
      }
    ]
  },
  "11": {
    "verseObjects": [
      {
        "type": "text",
        "text": "You rode through the sky on a winged creature.\n"
      },
      {
        "tag": "q2",
        "type": "quote",
        "text": "The wind enabled you to travel swiftly, like a bird.\n"
      },
      {
        "tag": "q1",
        "nextChar": "\n",
        "type": "quote"
      }
    ]
  },
  "12": {
    "verseObjects": [
      {
        "type": "text",
        "text": "The darkness was around you, like a blanket\n"
      },
      {
        "tag": "q2",
        "type": "quote",
        "text": "thick clouds that were full of water surrounded you.\n"
      },
      {
        "type": "text",
        "text": "\n"
      },
      {
        "tag": "s5",
        "nextChar": "\n",
        "type": "section"
      },
      {
        "tag": "q1",
        "nextChar": "\n",
        "type": "quote"
      }
    ]
  },
  "13": {
    "verseObjects": [
      {
        "type": "text",
        "text": "Out of the lightning in front of you\n"
      },
      {
        "tag": "q2",
        "type": "quote",
        "text": "fire from burning coals flamed.\n"
      },
      {
        "tag": "q1",
        "nextChar": "\n",
        "type": "quote"
      }
    ]
  },
  "14": {
    "verseObjects": [
      {
        "type": "text",
        "text": "Then, Yahweh, you spoke like thunder from the sky.\n"
      },
      {
        "tag": "q2",
        "type": "quote",
        "text": "It was your voice, God, you who are greater than all other gods, that was heard.\n"
      },
      {
        "tag": "q1",
        "nextChar": "\n",
        "type": "quote"
      }
    ]
  },
  "15": {
    "verseObjects": [
      {
        "type": "text",
        "text": "When you sent flashes of lightning,\n"
      },
      {
        "tag": "q2",
        "type": "quote",
        "text": "it was as though you shot your arrows and scattered your enemies.\n"
      },
      {
        "type": "text",
        "text": "\n"
      },
      {
        "tag": "s5",
        "nextChar": "\n",
        "type": "section"
      },
      {
        "tag": "q1",
        "nextChar": "\n",
        "type": "quote"
      }
    ]
  },
  "16": {
    "verseObjects": [
      {
        "type": "text",
        "text": "Then the bottom of the ocean was uncovered.\n"
      },
      {
        "tag": "q2",
        "type": "quote",
        "text": "The foundations of the world could be seen\n"
      },
      {
        "tag": "q1",
        "type": "quote",
        "text": "when you shouted, going into battle against our enemies\n"
      },
      {
        "tag": "q2",
        "type": "quote",
        "text": "and angry at them.\n"
      },
      {
        "type": "text",
        "text": "\n"
      },
      {
        "tag": "s5",
        "nextChar": "\n",
        "type": "section"
      },
      {
        "tag": "q1",
        "nextChar": "\n",
        "type": "quote"
      }
    ]
  },
  "17": {
    "verseObjects": [
      {
        "type": "text",
        "text": "Yahweh, you reached down from heaven and lifted me up.\n"
      },
      {
        "tag": "q2",
        "type": "quote",
        "text": "You pulled me up from the deep water.\n"
      },
      {
        "tag": "q1",
        "nextChar": "\n",
        "type": "quote"
      }
    ]
  },
  "18": {
    "verseObjects": [
      {
        "type": "text",
        "text": "You rescued me from my strong enemies,\n"
      },
      {
        "tag": "q2",
        "type": "quote",
        "text": "from those who hated me.\n"
      },
      {
        "tag": "q1",
        "type": "quote",
        "text": "I could not defeat them because they were very strong.\n"
      },
      {
        "type": "text",
        "text": "\n"
      },
      {
        "tag": "s5",
        "nextChar": "\n",
        "type": "section"
      },
      {
        "tag": "q1",
        "nextChar": "\n",
        "type": "quote"
      }
    ]
  },
  "19": {
    "verseObjects": [
      {
        "type": "text",
        "text": "They attacked me when I was experiencing troubles,\n"
      },
      {
        "tag": "q2",
        "type": "quote",
        "text": "but Yahweh, you protected me.\n"
      },
      {
        "tag": "q1",
        "nextChar": "\n",
        "type": "quote"
      }
    ]
  },
  "20": {
    "verseObjects": [
      {
        "type": "text",
        "text": "You brought me into a place where I was safe.\n"
      },
      {
        "tag": "q2",
        "type": "quote",
        "text": "You rescued me because you were pleased with me.\n"
      },
      {
        "tag": "q1",
        "nextChar": "\n",
        "type": "quote"
      }
    ]
  },
  "21": {
    "verseObjects": [
      {
        "type": "text",
        "text": "Yahweh, you rewarded me because I do what is right.\n"
      },
      {
        "tag": "q2",
        "type": "quote",
        "text": "You did good things for me because I was innocent.\n"
      },
      {
        "type": "text",
        "text": "\n"
      },
      {
        "tag": "s5",
        "nextChar": "\n",
        "type": "section"
      },
      {
        "tag": "q1",
        "nextChar": "\n",
        "type": "quote"
      }
    ]
  },
  "22": {
    "verseObjects": [
      {
        "type": "text",
        "text": "Yahweh, I have obeyed your laws.\n"
      },
      {
        "tag": "q2",
        "type": "quote",
        "text": "I have not stopped worshiping you, my God.\n"
      },
      {
        "tag": "q1",
        "nextChar": "\n",
        "type": "quote"
      }
    ]
  },
  "23": {
    "verseObjects": [
      {
        "type": "text",
        "text": "All of your decrees were in my mind,\n"
      },
      {
        "tag": "q2",
        "type": "quote",
        "text": "and I did not stop obeying all your decrees.\n"
      },
      {
        "type": "text",
        "text": "\n"
      },
      {
        "tag": "s5",
        "nextChar": "\n",
        "type": "section"
      },
      {
        "tag": "q1",
        "nextChar": "\n",
        "type": "quote"
      }
    ]
  },
  "24": {
    "verseObjects": [
      {
        "type": "text",
        "text": "You know that I have not done anything that is evil.\n"
      },
      {
        "tag": "q2",
        "type": "quote",
        "text": "I have kept myself from doing things for which you would punish me.\n"
      },
      {
        "tag": "q1",
        "nextChar": "\n",
        "type": "quote"
      }
    ]
  },
  "25": {
    "verseObjects": [
      {
        "type": "text",
        "text": "So you have rewarded me in return for my doing what is right,\n"
      },
      {
        "tag": "q2",
        "type": "quote",
        "text": "because you know that I am innocent of doing wrong things.\n"
      },
      {
        "type": "text",
        "text": "\n"
      },
      {
        "tag": "s5",
        "nextChar": "\n",
        "type": "section"
      },
      {
        "tag": "q1",
        "nextChar": "\n",
        "type": "quote"
      }
    ]
  },
  "26": {
    "verseObjects": [
      {
        "type": "text",
        "text": "Yahweh, you are faithful to those who always trust in you,\n"
      },
      {
        "tag": "q2",
        "type": "quote",
        "text": "and you always do what is good to those whose behavior is always good.\n"
      },
      {
        "tag": "q1",
        "nextChar": "\n",
        "type": "quote"
      }
    ]
  },
  "27": {
    "verseObjects": [
      {
        "type": "text",
        "text": "You act sincerely toward those whose inner beings are pure,\n"
      },
      {
        "tag": "q2",
        "type": "quote",
        "text": "but you are hostile to those who are perverse.\n"
      },
      {
        "type": "text",
        "text": "\n"
      },
      {
        "tag": "s5",
        "nextChar": "\n",
        "type": "section"
      },
      {
        "tag": "q1",
        "nextChar": "\n",
        "type": "quote"
      }
    ]
  },
  "28": {
    "verseObjects": [
      {
        "type": "text",
        "text": "You rescue those who are humble,\n"
      },
      {
        "tag": "q2",
        "type": "quote",
        "text": "but you watch those who are proud and humiliate them.\n"
      },
      {
        "tag": "q1",
        "nextChar": "\n",
        "type": "quote"
      }
    ]
  },
  "29": {
    "verseObjects": [
      {
        "type": "text",
        "text": "Yahweh, you are like a lamp\n"
      },
      {
        "tag": "q2",
        "type": "quote",
        "text": "that causes it to become light when I am in the darkness.\n"
      },
      {
        "type": "text",
        "text": "\n"
      },
      {
        "tag": "s5",
        "nextChar": "\n",
        "type": "section"
      },
      {
        "tag": "q1",
        "nextChar": "\n",
        "type": "quote"
      }
    ]
  },
  "30": {
    "verseObjects": [
      {
        "type": "text",
        "text": "With your strength I can break through a line of soldiers blocking my way;\n"
      },
      {
        "tag": "q2",
        "type": "quote",
        "text": "I can climb over the wall that surrounds their city.\n"
      },
      {
        "tag": "q1",
        "nextChar": "\n",
        "type": "quote"
      }
    ]
  },
  "31": {
    "verseObjects": [
      {
        "type": "text",
        "text": "My God whom I worship, everything that you do is perfect.\n"
      },
      {
        "tag": "q2",
        "type": "quote",
        "text": "You always do what you promise that you will do.\n"
      },
      {
        "tag": "q1",
        "type": "quote",
        "text": "You are like a shield to all those who request you to protect them.\n"
      },
      {
        "type": "text",
        "text": "\n"
      },
      {
        "tag": "s5",
        "nextChar": "\n",
        "type": "section"
      },
      {
        "tag": "q1",
        "nextChar": "\n",
        "type": "quote"
      }
    ]
  },
  "32": {
    "verseObjects": [
      {
        "type": "text",
        "text": "Yahweh, you are the only one who is God.\n"
      },
      {
        "tag": "q2",
        "type": "quote",
        "text": "Only you are like a huge rock on top of which which we are protected.\n"
      },
      {
        "tag": "q1",
        "nextChar": "\n",
        "type": "quote"
      }
    ]
  },
  "33": {
    "verseObjects": [
      {
        "type": "text",
        "text": "God, you whom I worship are a strong refuge for me.\n"
      },
      {
        "tag": "q2",
        "type": "quote",
        "text": "You lead anyone who is pure in the way he should go.\n"
      },
      {
        "type": "text",
        "text": "\n"
      },
      {
        "tag": "s5",
        "nextChar": "\n",
        "type": "section"
      },
      {
        "tag": "q1",
        "nextChar": "\n",
        "type": "quote"
      }
    ]
  },
  "34": {
    "verseObjects": [
      {
        "type": "text",
        "text": "When I walk in the mountains,\n"
      },
      {
        "tag": "q2",
        "type": "quote",
        "text": "you enable me to walk safely\n"
      },
      {
        "tag": "q2",
        "type": "quote",
        "text": "as a deer runs, without stumbling.\n"
      },
      {
        "tag": "q1",
        "nextChar": "\n",
        "type": "quote"
      }
    ]
  },
  "35": {
    "verseObjects": [
      {
        "type": "text",
        "text": "You teach me how to fight in a battle\n"
      },
      {
        "tag": "q2",
        "type": "quote",
        "text": "in order that I can shoot arrows well from a very strong bow.\n"
      },
      {
        "type": "text",
        "text": "\n"
      },
      {
        "tag": "s5",
        "nextChar": "\n",
        "type": "section"
      },
      {
        "tag": "q1",
        "nextChar": "\n",
        "type": "quote"
      }
    ]
  },
  "36": {
    "verseObjects": [
      {
        "type": "text",
        "text": "It is as though you have given me a shield\n"
      },
      {
        "tag": "q2",
        "type": "quote",
        "text": "by which you have saved me,\n"
      },
      {
        "tag": "q2",
        "type": "quote",
        "text": "and you have answered my prayers and caused me to become famous.\n"
      },
      {
        "tag": "q1",
        "nextChar": "\n",
        "type": "quote"
      }
    ]
  },
  "37": {
    "verseObjects": [
      {
        "type": "text",
        "text": "You have not allowed my enemies to capture me,\n"
      },
      {
        "tag": "q2",
        "type": "quote",
        "text": "and I have not fallen down during battle.\n"
      },
      {
        "type": "text",
        "text": "\n"
      },
      {
        "tag": "s5",
        "nextChar": "\n",
        "type": "section"
      },
      {
        "tag": "q1",
        "nextChar": "\n",
        "type": "quote"
      }
    ]
  },
  "38": {
    "verseObjects": [
      {
        "type": "text",
        "text": "I pursued my enemies and defeated them.\n"
      },
      {
        "tag": "q2",
        "type": "quote",
        "text": "I did not stop fighting them until they were all killed.\n"
      },
      {
        "tag": "q1",
        "nextChar": "\n",
        "type": "quote"
      }
    ]
  },
  "39": {
    "verseObjects": [
      {
        "type": "text",
        "text": "I struck them down. I stabbed them with my sword,\n"
      },
      {
        "tag": "q1",
        "type": "quote",
        "text": "and they fell down at my feet and did not stand up again.\n"
      },
      {
        "type": "text",
        "text": "\n"
      },
      {
        "tag": "s5",
        "nextChar": "\n",
        "type": "section"
      },
      {
        "tag": "q1",
        "nextChar": "\n",
        "type": "quote"
      }
    ]
  },
  "40": {
    "verseObjects": [
      {
        "type": "text",
        "text": "You have given me strength for fighting battles\n"
      },
      {
        "tag": "q2",
        "type": "quote",
        "text": "and caused those who were attacking me to fall down; I trampled on them.\n"
      },
      {
        "tag": "q1",
        "nextChar": "\n",
        "type": "quote"
      }
    ]
  },
  "41": {
    "verseObjects": [
      {
        "type": "text",
        "text": "You caused my enemies to turn and run away from me.\n"
      },
      {
        "tag": "q2",
        "type": "quote",
        "text": "I destroyed those who hated me.\n"
      },
      {
        "type": "text",
        "text": "\n"
      },
      {
        "tag": "s5",
        "nextChar": "\n",
        "type": "section"
      },
      {
        "tag": "q1",
        "nextChar": "\n",
        "type": "quote"
      }
    ]
  },
  "42": {
    "verseObjects": [
      {
        "type": "text",
        "text": "They looked for someone to rescue them, but no one did.\n"
      },
      {
        "tag": "q2",
        "type": "quote",
        "text": "They cried out to you, Yahweh, for help, but you did not answer them.\n"
      },
      {
        "tag": "q1",
        "nextChar": "\n",
        "type": "quote"
      }
    ]
  },
  "43": {
    "verseObjects": [
      {
        "type": "text",
        "text": "I crushed them, and they became like tiny particles of dust.\n"
      },
      {
        "tag": "q2",
        "type": "quote",
        "text": "I trampled them, and they became like mud in the streets.\n"
      },
      {
        "type": "text",
        "text": "\n"
      },
      {
        "tag": "s5",
        "nextChar": "\n",
        "type": "section"
      },
      {
        "tag": "q1",
        "nextChar": "\n",
        "type": "quote"
      }
    ]
  },
  "44": {
    "verseObjects": [
      {
        "type": "text",
        "text": "You rescued me from those who tried to rebel against me,\n"
      },
      {
        "tag": "q2",
        "type": "quote",
        "text": "and you appointed me to rule many nations.\n"
      },
      {
        "tag": "q2",
        "type": "quote",
        "text": "People whom I did not know previously are now under my authority.\n"
      },
      {
        "tag": "q1",
        "nextChar": "\n",
        "type": "quote"
      }
    ]
  },
  "45": {
    "verseObjects": [
      {
        "type": "text",
        "text": "Foreigners humbly bowed down in front of me.\n"
      },
      {
        "tag": "q2",
        "type": "quote",
        "text": "As soon as they heard about me, they obeyed me.\n"
      },
      {
        "tag": "q1",
        "nextChar": "\n",
        "type": "quote"
      }
    ]
  },
  "46": {
    "verseObjects": [
      {
        "type": "text",
        "text": "They became afraid,\n"
      },
      {
        "tag": "q2",
        "type": "quote",
        "text": "and they came to me, trembling, from the places where they were hiding.\n"
      },
      {
        "type": "text",
        "text": "\n"
      },
      {
        "tag": "s5",
        "nextChar": "\n",
        "type": "section"
      },
      {
        "tag": "q1",
        "nextChar": "\n",
        "type": "quote"
      }
    ]
  },
  "47": {
    "verseObjects": [
      {
        "type": "text",
        "text": "Yahweh, you are alive! I praise you! You are like a huge rock on top of which I am safe!\n"
      },
      {
        "tag": "q2",
        "type": "quote",
        "text": "You are the one who rescues me.\n"
      },
      {
        "tag": "q2",
        "type": "quote",
        "text": "Everyone should exalt you.\n"
      },
      {
        "tag": "q1",
        "nextChar": "\n",
        "type": "quote"
      }
    ]
  },
  "48": {
    "verseObjects": [
      {
        "type": "text",
        "text": "You enable me to conquer my enemies,\n"
      },
      {
        "tag": "q2",
        "type": "quote",
        "text": "and you cause people of other nations to be under my authority.\n"
      },
      {
        "tag": "q1",
        "nextChar": "\n",
        "type": "quote"
      }
    ]
  },
  "49": {
    "verseObjects": [
      {
        "type": "text",
        "text": "You delivered me from my enemies,\n"
      },
      {
        "tag": "q1",
        "type": "quote",
        "text": "and you caused me to be honored more than they were.\n"
      },
      {
        "tag": "q2",
        "type": "quote",
        "text": "You rescued me from men who always acted violently.\n"
      },
      {
        "type": "text",
        "text": "\n"
      },
      {
        "tag": "s5",
        "nextChar": "\n",
        "type": "section"
      },
      {
        "tag": "q1",
        "nextChar": "\n",
        "type": "quote"
      }
    ]
  },
  "50": {
    "verseObjects": [
      {
        "type": "text",
        "text": "Because of all this, I praise you among many people groups,\n"
      },
      {
        "tag": "q2",
        "type": "quote",
        "text": "and I sing to praise you.\n"
      },
      {
        "tag": "q1",
        "nextChar": "\n",
        "type": "quote"
      }
    ]
  },
  "51": {
    "verseObjects": [
      {
        "type": "text",
        "text": "You enable me, whom you appointed to be king, to conquer my enemies.\n"
      },
      {
        "tag": "q2",
        "type": "quote",
        "text": "You faithfully love me, David, and you will love my descendants forever.\"\n"
      },
      {
        "type": "text",
        "text": "\n\n"
      },
      {
        "tag": "s5",
        "nextChar": "\n",
        "type": "section"
      }
    ]
  },
  "front": {
    "verseObjects": [
      {
        "type": "text",
        "text": "\n"
      },
      {
        "tag": "p",
        "nextChar": "\n",
        "type": "paragraph"
      }
    ]
  }
}