{
  "1": {
    "verseObjects": [
      {
        "type": "text",
        "text": "David son of Jesse, was a man whom God caused to become great.\n"
      },
      {
        "tag": "q1",
        "type": "quote",
        "text": "The God whom Jacob worshiped made him king of Israel.\n"
      },
      {
        "tag": "q1",
        "type": "quote",
        "text": "David wrote beautiful songs for the people of Israel.\n"
      },
      {
        "tag": "q1",
        "type": "quote",
        "text": "This is the last song that he wrote:\n"
      },
      {
        "tag": "q1",
        "nextChar": "\n",
        "type": "quote"
      }
    ]
  },
  "2": {
    "verseObjects": [
      {
        "type": "text",
        "text": "\"The Spirit of Yahweh tells me what to say.\n"
      },
      {
        "tag": "q1",
        "type": "quote",
        "text": "The message that I speak comes from him.\n"
      },
      {
        "type": "text",
        "text": "\n"
      },
      {
        "tag": "s5",
        "nextChar": "\n",
        "type": "section"
      },
      {
        "tag": "q1",
        "nextChar": "\n",
        "type": "quote"
      }
    ]
  },
  "3": {
    "verseObjects": [
      {
        "type": "text",
        "text": "God, the one whom we Israelite people worship, has spoken.\n"
      },
      {
        "tag": "q2",
        "type": "quote",
        "text": "The one who protects us people of Israel said to me,\n"
      },
      {
        "tag": "q1",
        "type": "quote",
        "text": "'Kings who rule fairly over people\n"
      },
      {
        "tag": "q1",
        "type": "quote",
        "text": "have an awesome respect for me, God.\n"
      },
      {
        "tag": "q1",
        "nextChar": "\n",
        "type": "quote"
      }
    ]
  },
  "4": {
    "verseObjects": [
      {
        "type": "text",
        "text": "They are like the sun that shines at dawn\n"
      },
      {
        "tag": "q2",
        "type": "quote",
        "text": "and causes the grass to sprout after the rain ends.'\n"
      },
      {
        "type": "text",
        "text": "\n"
      },
      {
        "tag": "s5",
        "nextChar": "\n",
        "type": "section"
      },
      {
        "tag": "q1",
        "nextChar": "\n",
        "type": "quote"
      }
    ]
  },
  "5": {
    "verseObjects": [
      {
        "type": "text",
        "text": "And truly, that is how God will surely bless my family\n"
      },
      {
        "tag": "q2",
        "type": "quote",
        "text": "because he made a covenant with me that will last forever,\n"
      },
      {
        "tag": "q2",
        "type": "quote",
        "text": "a covenant in which he promises that no part of it will ever be changed.\n"
      },
      {
        "tag": "q1",
        "type": "quote",
        "text": "He will surely cause me to prosper,\n"
      },
      {
        "tag": "q2",
        "type": "quote",
        "text": "and he will always help me,\n"
      },
      {
        "tag": "q1",
        "type": "quote",
        "text": "and that is all that I desire.\n"
      },
      {
        "type": "text",
        "text": "\n"
      },
      {
        "tag": "s5",
        "nextChar": "\n",
        "type": "section"
      },
      {
        "tag": "q1",
        "nextChar": "\n",
        "type": "quote"
      }
    ]
  },
  "6": {
    "verseObjects": [
      {
        "type": "text",
        "text": "But he will get rid of people who do not honor him, just as people throw away thorns\n"
      },
      {
        "tag": "q2",
        "type": "quote",
        "text": "that injure people if they try to pick them up with their hands.\n"
      },
      {
        "tag": "q1",
        "nextChar": "\n",
        "type": "quote"
      }
    ]
  },
  "7": {
    "verseObjects": [
      {
        "type": "text",
        "text": "Someone who wants to get rid of thornbushes does not grab them,\n"
      },
      {
        "tag": "q2",
        "type": "quote",
        "text": "but he uses an iron shovel or a spear to dig them out\n"
      },
      {
        "tag": "q2",
        "type": "quote",
        "text": "and then he burns them completely.\"\n"
      },
      {
        "type": "text",
        "text": "\n\n"
      },
      {
        "tag": "s5",
        "nextChar": "\n",
        "type": "section"
      },
      {
        "tag": "p",
        "nextChar": "\n",
        "type": "paragraph"
      }
    ]
  },
  "8": {
    "verseObjects": [
      {
        "type": "text",
        "text": "These are the names of David's greatest soldiers.\n"
      },
      {
        "tag": "p",
        "type": "paragraph",
        "text": "The first was Jeshbaal, from the Hachmon clan. He was the leader of the greatest soldiers. Once he fought against eight hundred enemies and killed them all with his spear.\n"
      },
      {
        "type": "text",
        "text": "\n"
      },
      {
        "tag": "s5",
        "nextChar": "\n",
        "type": "section"
      },
      {
        "tag": "p",
        "nextChar": "\n",
        "type": "paragraph"
      }
    ]
  },
  "9": {
    "verseObjects": [
      {
        "type": "text",
        "text": "The second of the greatest warriors was Eleazar son of Dodo, who was from the clan of Ahoh. One day he was with David when they defied the soldiers of Philistia who had gathered there for the battle. The other Israelite soldiers retreated,\n"
      }
    ]
  },
  "10": {
    "verseObjects": [
      {
        "type": "text",
        "text": "but Eleazar stood there and fought the soldiers of Philistia until his arm became very tired, with the result that his hand cramped and he could not stop gripping his sword. Yahweh won a great victory on that day. And afterwards the other Israelite soldiers returned to where Eleazar was, and stripped off the armor from the men whom he had killed.\n\n"
      },
      {
        "tag": "s5",
        "nextChar": "\n",
        "type": "section"
      },
      {
        "tag": "p",
        "nextChar": "\n",
        "type": "paragraph"
      }
    ]
  },
  "11": {
    "verseObjects": [
      {
        "type": "text",
        "text": "The third of the greatest warriors was Shammah son of Agee from the clan of Harar. One time the Philistine soldiers gathered at the city of Lehi, where there was a field full of lentils that they wanted to steal. The other Israelite soldiers ran away from the Philistine troops,\n"
      }
    ]
  },
  "12": {
    "verseObjects": [
      {
        "type": "text",
        "text": "but Shammah stood there in the field and did not let the Philistine soldiers steal the peas, and killed them. Yahweh won a great victory on that day.\n\n\n"
      },
      {
        "tag": "s5",
        "nextChar": "\n",
        "type": "section"
      },
      {
        "tag": "p",
        "nextChar": "\n",
        "type": "paragraph"
      }
    ]
  },
  "13": {
    "verseObjects": [
      {
        "type": "text",
        "text": "At one time, when it was almost time to harvest the crops, three of those thirty men went down to the Cave of Adullam, where David was staying. A group of men from the Philistine army had set up their tents in the Valley of Rephaim near Jerusalem.\n"
      }
    ]
  },
  "14": {
    "verseObjects": [
      {
        "type": "text",
        "text": "David and his soldiers were in the cave because it was safe there, and another group of Philistine soldiers was occupying Bethlehem.\n\n"
      },
      {
        "tag": "s5",
        "nextChar": "\n",
        "type": "section"
      }
    ]
  },
  "15": {
    "verseObjects": [
      {
        "type": "text",
        "text": "One day David very much wanted some water to drink, and said, \"I wish that someone would bring me some water from the well near the gate at Bethlehem!\"\n"
      }
    ]
  },
  "16": {
    "verseObjects": [
      {
        "type": "text",
        "text": "So his three greatest warriors forced through the camp of Philistine soldiers and drew some water from the well, and brought it to David. But he would not drink it. Instead, he poured it out on the ground to be an offering to Yahweh.\n"
      }
    ]
  },
  "17": {
    "verseObjects": [
      {
        "type": "text",
        "text": "He said, \"Yahweh, it would certainly not be right for me to drink this water! That would be like drinking the blood of these men who were willing to die for me!\" So he refused to drink it.\n"
      },
      {
        "tag": "p",
        "type": "paragraph",
        "text": "That was one of the things that those three great warriors did.\n"
      },
      {
        "type": "text",
        "text": "\n\n"
      },
      {
        "tag": "s5",
        "nextChar": "\n",
        "type": "section"
      },
      {
        "tag": "p",
        "nextChar": "\n",
        "type": "paragraph"
      }
    ]
  },
  "18": {
    "verseObjects": [
      {
        "type": "text",
        "text": "Abishai, Joab's younger brother, was the leader of David's greatest soldiers. One day he fought against three hundred men and killed them all with his spear. As a result, he also became famous.\n"
      }
    ]
  },
  "19": {
    "verseObjects": [
      {
        "type": "text",
        "text": "He was the most famous of the greatest soldiers, and he became their leader, but even he was not one of the three greatest warriors.\n\n"
      },
      {
        "tag": "s5",
        "nextChar": "\n",
        "type": "section"
      },
      {
        "tag": "p",
        "nextChar": "\n",
        "type": "paragraph"
      }
    ]
  },
  "20": {
    "verseObjects": [
      {
        "type": "text",
        "text": "Jehoiada's son Benaiah, from the city of Kabzeel, also did great deeds. He killed two of the best warriors from the Moab people group. Also, he went down into a pit on a day when snow was falling on the ground, and killed a lion there.\n"
      }
    ]
  },
  "21": {
    "verseObjects": [
      {
        "type": "text",
        "text": "He also killed a huge soldier from Egypt who carried a spear. Benaiah had only his club, but he attacked the giant with it. Then he snatched the spear from the man's hand and killed him with his own spear.\n\n"
      },
      {
        "tag": "s5",
        "nextChar": "\n",
        "type": "section"
      }
    ]
  },
  "22": {
    "verseObjects": [
      {
        "type": "text",
        "text": "Those are some of the things that Benaiah did. As a result, he became famous, like the three greatest warriors were.\n"
      }
    ]
  },
  "23": {
    "verseObjects": [
      {
        "type": "text",
        "text": "He was more honored than the other greatest soldiers, but not as famous as the three greatest. David appointed him to be the commander of his bodyguards.\n\n"
      },
      {
        "tag": "s5",
        "nextChar": "\n",
        "type": "section"
      },
      {
        "tag": "q2",
        "nextChar": "\n",
        "type": "quote"
      }
    ]
  },
  "24": {
    "verseObjects": [
      {
        "type": "text",
        "text": "These are the names of the great warriors:\n"
      },
      {
        "tag": "li3",
        "content": "Asahel, the younger brother of Joab,\n"
      },
      {
        "tag": "li3",
        "content": "Elhanan son of Dodo, from Bethlehem,\n"
      },
      {
        "tag": "li3",
        "nextChar": "\n"
      }
    ]
  },
  "25": {
    "verseObjects": [
      {
        "type": "text",
        "text": "Shammah and Elika, from the clan of Harod,\n"
      },
      {
        "tag": "li3",
        "nextChar": "\n"
      }
    ]
  },
  "26": {
    "verseObjects": [
      {
        "type": "text",
        "text": "Helez, from the city of Pelet,\n"
      },
      {
        "tag": "li3",
        "content": "Ira son of Ikkesh, from the city of Tekoa,\n"
      },
      {
        "tag": "li3",
        "nextChar": "\n"
      }
    ]
  },
  "27": {
    "verseObjects": [
      {
        "type": "text",
        "text": "Abiezer, from the city of Anathoth,\n"
      },
      {
        "tag": "li3",
        "content": "Mebunnai whose other name was Sibbekai, from Hushah's clan,\n"
      },
      {
        "tag": "li3",
        "nextChar": "\n"
      }
    ]
  },
  "28": {
    "verseObjects": [
      {
        "type": "text",
        "text": "Zalmon whose other name was Ilai, from Ahoh's clan,\n"
      },
      {
        "tag": "li3",
        "content": "Maharai, from the city of Netophah,\n"
      },
      {
        "type": "text",
        "text": "\n"
      },
      {
        "tag": "s5",
        "nextChar": "\n",
        "type": "section"
      },
      {
        "tag": "li3",
        "nextChar": "\n"
      }
    ]
  },
  "29": {
    "verseObjects": [
      {
        "type": "text",
        "text": "Heleb son of Baanah, also from Netophah,\n"
      },
      {
        "tag": "li3",
        "content": "Ithai son of Ribai, from the city of Gibeah in the land that belonged to the tribe of Benjamin,\n"
      },
      {
        "tag": "li3",
        "nextChar": "\n"
      }
    ]
  },
  "30": {
    "verseObjects": [
      {
        "type": "text",
        "text": "Benaiah, from the city of Pirathon,\n"
      },
      {
        "tag": "li3",
        "content": "Hiddai, from the valleys near the valleys of Gaash,\n"
      },
      {
        "tag": "li3",
        "nextChar": "\n"
      }
    ]
  },
  "31": {
    "verseObjects": [
      {
        "type": "text",
        "text": "Abi-Albon, from the clan of Arabah,\n"
      },
      {
        "tag": "li3",
        "content": "Azmaveth, from the city of Bahurim,\n"
      },
      {
        "tag": "li3",
        "nextChar": "\n"
      }
    ]
  },
  "32": {
    "verseObjects": [
      {
        "type": "text",
        "text": "Eliahba, from the city of Shaalbon—\n"
      },
      {
        "tag": "li3",
        "content": "The sons of Jashen,\n"
      },
      {
        "tag": "li3",
        "content": "Jonathan son of Shammah from the city of Harar,\n"
      },
      {
        "type": "text",
        "text": "\n"
      },
      {
        "tag": "s5",
        "nextChar": "\n",
        "type": "section"
      },
      {
        "tag": "li3",
        "nextChar": "\n"
      }
    ]
  },
  "33": {
    "verseObjects": [
      {
        "type": "text",
        "text": "Ahiam the son of Sharar, from Harar,\n"
      },
      {
        "tag": "li3",
        "nextChar": "\n"
      }
    ]
  },
  "34": {
    "verseObjects": [
      {
        "type": "text",
        "text": "Eliphelet son of Ahasbai, from the city of Maacah,\n"
      },
      {
        "tag": "li3",
        "content": "Eliam son of Ahithophel, from the city of Gilo,\n"
      },
      {
        "tag": "li3",
        "nextChar": "\n"
      }
    ]
  },
  "35": {
    "verseObjects": [
      {
        "type": "text",
        "text": "Hezro, from the city of Carmel,\n"
      },
      {
        "tag": "li3",
        "content": "Paarai, from the city of Arba,\n"
      },
      {
        "tag": "li3",
        "nextChar": "\n"
      }
    ]
  },
  "36": {
    "verseObjects": [
      {
        "type": "text",
        "text": "Igal son of Nathan, from the city of Zobah,\n"
      },
      {
        "tag": "li3",
        "content": "Bani, from the tribe of Gad;\n"
      },
      {
        "type": "text",
        "text": "\n"
      },
      {
        "tag": "s5",
        "nextChar": "\n",
        "type": "section"
      },
      {
        "tag": "li3",
        "nextChar": "\n"
      }
    ]
  },
  "37": {
    "verseObjects": [
      {
        "type": "text",
        "text": "Zelek, from the Ammon people group,\n"
      },
      {
        "tag": "li3",
        "content": "Naharai, the man who carried Joab's weapons, from the city of Beeroth,\n"
      },
      {
        "tag": "li3",
        "nextChar": "\n"
      }
    ]
  },
  "38": {
    "verseObjects": [
      {
        "type": "text",
        "text": "Ira and Gareb, from the city of Jattir,\n"
      },
      {
        "tag": "li3",
        "nextChar": "\n"
      }
    ]
  },
  "39": {
    "verseObjects": [
      {
        "type": "text",
        "text": "Uriah, Bathsheba's husband, from the Heth people group.\n"
      },
      {
        "tag": "q2",
        "type": "quote",
        "text": "Altogether, there were thirty-seven famous soldiers.\n"
      },
      {
        "type": "text",
        "text": "\n\n"
      },
      {
        "tag": "s5",
        "nextChar": "\n",
        "type": "section"
      }
    ]
  },
  "front": {
    "verseObjects": [
      {
        "type": "text",
        "text": "\n"
      },
      {
        "tag": "p",
        "nextChar": "\n",
        "type": "paragraph"
      }
    ]
  }
}