{
  "1": {
    "verseObjects": [
      {
        "type": "text",
        "text": "दाऊद का पुत्र सुलैमान राज्य में स्थिर हो गया, और उसका परमेश्‍वर यहोवा उसके संग रहा और उसको बहुत ही बढ़ाया।\n"
      },
      {
        "tag": "s5",
        "nextChar": "\n",
        "type": "section"
      }
    ]
  },
  "2": {
    "verseObjects": [
      {
        "type": "text",
        "text": "सुलैमान ने सारे इस्राएल से, अर्थात् सहस्‍त्रपतियों, शतपतियों, न्यायियों और इस्राएल के सब प्रधानों से जो पितरों के घरानों के मुख्य-मुख्य पुरुष थे, बातें की।\n"
      }
    ]
  },
  "3": {
    "verseObjects": [
      {
        "type": "text",
        "text": "तब सुलैमान पूरी मण्डली समेत गिबोन के ऊँचे स्थान पर गया, क्योंकि परमेश्‍वर का मिलापवाला तम्बू, जिसे यहोवा के दास मूसा ने जंगल में बनाया था, वह वहीं पर था।\n"
      }
    ]
  },
  "4": {
    "verseObjects": [
      {
        "type": "text",
        "text": "परन्तु परमेश्‍वर के सन्दूक को दाऊद किर्यत्यारीम से उस स्थान पर ले आया था जिसे उसने उसके लिये तैयार किया था, उसने तो उसके लिये यरूशलेम में एक तम्बू खड़ा कराया था।\n"
      }
    ]
  },
  "5": {
    "verseObjects": [
      {
        "type": "text",
        "text": "पर पीतल की जो वेदी ऊरी के पुत्र बसलेल ने, जो हूर का पोता था, बनाई थी, वह गिबोन में यहोवा के निवास के सामने थी। इसलिए सुलैमान मण्डली समेत उसके पास गया।\n"
      },
      {
        "tag": "s5",
        "nextChar": "\n",
        "type": "section"
      }
    ]
  },
  "6": {
    "verseObjects": [
      {
        "type": "text",
        "text": "सुलैमान ने वहीं उस पीतल की वेदी के पास जाकर, जो यहोवा के सामने मिलापवाले तम्बू के पास थी, उस पर एक हजार होमबलि चढ़ाए।\n"
      },
      {
        "tag": "s",
        "type": "section",
        "content": "बुद्धि के लिए सुलैमान की प्रार्थना\n"
      },
      {
        "tag": "p",
        "nextChar": "\n",
        "type": "paragraph"
      }
    ]
  },
  "7": {
    "verseObjects": [
      {
        "type": "text",
        "text": "उसी दिन-रात को परमेश्‍वर ने सुलैमान को दर्शन देकर उससे कहा, “जो कुछ तू चाहे कि मैं तुझे दूँ, वह माँग।” \n"
      },
      {
        "tag": "s5",
        "nextChar": "\n",
        "type": "section"
      }
    ]
  },
  "8": {
    "verseObjects": [
      {
        "type": "text",
        "text": "सुलैमान ने परमेश्‍वर से कहा, “तू मेरे पिता दाऊद पर बड़ी करुणा करता रहा और मुझ को उसके स्थान पर राजा बनाया है।\n"
      }
    ]
  },
  "9": {
    "verseObjects": [
      {
        "type": "text",
        "text": "अब हे यहोवा परमेश्‍वर! जो वचन तूने मेरे पिता दाऊद को दिया था, वह पूरा हो; तूने तो मुझे ऐसी प्रजा का राजा बनाया है जो भूमि की धूल के किनकों के समान बहुत है।\n"
      }
    ]
  },
  "10": {
    "verseObjects": [
      {
        "type": "text",
        "text": "अब मुझे ऐसी बुद्धि और ज्ञान दे कि मैं इस प्रजा के सामने अन्दर- बाहर आना-जाना कर सकूँ, क्योंकि कौन ऐसा है कि तेरी इतनी बड़ी प्रजा का न्याय कर सके?” \n"
      }
    ]
  },
  "11": {
    "verseObjects": [
      {
        "type": "text",
        "text": "परमेश्‍वर ने सुलैमान से कहा, “तेरी जो ऐसी ही इच्छा हुई, अर्थात् तूने न तो धन सम्पत्ति माँगी है, न ऐश्वर्य और न अपने बैरियों का प्राण और न अपनी दीर्घायु माँगी, केवल बुद्धि और ज्ञान का वर माँगा है, जिससे तू मेरी प्रजा का जिसके ऊपर मैंने तुझे राजा नियुक्त किया है, न्याय कर सके,\n"
      },
      {
        "tag": "s5",
        "nextChar": "\n",
        "type": "section"
      }
    ]
  },
  "12": {
    "verseObjects": [
      {
        "type": "text",
        "text": "इस कारण बुद्धि और ज्ञान तुझे दिया जाता है। मैं तुझे इतनी धन सम्पत्ति और ऐश्वर्य भी दूँगा*, जितना न तो तुझ से पहले किसी राजा को मिला और न तेरे बाद किसी राजा को मिलेगा।” \n"
      },
      {
        "tag": "s",
        "type": "section",
        "content": "सुलैमान की सैन्य और आर्थिक शक्ति\n"
      },
      {
        "tag": "p",
        "nextChar": "\n",
        "type": "paragraph"
      }
    ]
  },
  "13": {
    "verseObjects": [
      {
        "type": "text",
        "text": "तब सुलैमान गिबोन के ऊँचे स्थान से, अर्थात् मिलापवाले तम्बू के सामने से यरूशलेम को आया और वहाँ इस्राएल पर राज्य करने लगा।\n"
      },
      {
        "tag": "s5",
        "nextChar": "\n",
        "type": "section"
      }
    ]
  },
  "14": {
    "verseObjects": [
      {
        "type": "text",
        "text": "फिर सुलैमान ने रथ और सवार इकट्ठे कर लिये; और उसके चौदह सौ रथ और बारह हजार सवार थे, और उनको उसने रथों के नगरों में, और यरूशलेम में राजा के पास ठहरा रखा।\n"
      }
    ]
  },
  "15": {
    "verseObjects": [
      {
        "type": "text",
        "text": "राजा ने ऐसा किया कि यरूशलेम में सोने-चाँदी का मूल्य बहुतायत के कारण पत्थरों का सा, और देवदार का मूल्य नीचे के देश के गूलरों का सा बना दिया।\n"
      }
    ]
  },
  "16": {
    "verseObjects": [
      {
        "type": "text",
        "text": "जो घोड़े सुलैमान रखता था, वे मिस्र से आते थे, और राजा के व्यापारी उन्हें झुण्ड के झुण्ड ठहराए हुए दाम पर लिया करते थे।\n"
      }
    ]
  },
  "17": {
    "verseObjects": [
      {
        "type": "text",
        "text": "एक रथ तो छः सौ शेकेल चाँदी पर, और एक घोड़ा डेढ़ सौ शेकेल पर मिस्र से आता था; और इसी दाम पर वे हित्तियों के सब राजाओं और अराम के राजाओं के लिये उन्हीं के द्वारा लाया करते थे।\n\n"
      },
      {
        "tag": "s5",
        "nextChar": "\n",
        "type": "section"
      }
    ]
  },
  "front": {
    "verseObjects": [
      {
        "tag": "s",
        "type": "section",
        "content": "सुलैमान के राज्य का आरम्भ\n"
      },
      {
        "tag": "p",
        "nextChar": "\n",
        "type": "paragraph"
      }
    ]
  }
}