{
  "1": {
    "verseObjects": [
      {
        "type": "text",
        "text": "यहोशापात बड़ा धनवान और ऐश्वर्यवान हो गया; और उसने अहाब के साथ विवाह-सम्बन्ध स्थापित किया।\n"
      }
    ]
  },
  "2": {
    "verseObjects": [
      {
        "type": "text",
        "text": "कुछ वर्ष के बाद* वह सामरिया में अहाब के पास गया, तब अहाब ने उसके और उसके संगियों के लिये बहुत सी भेड़-बकरियाँ और गाय-बैल काटकर, उसे गिलाद के रामोत पर चढ़ाई करने को उकसाया।\n"
      }
    ]
  },
  "3": {
    "verseObjects": [
      {
        "type": "text",
        "text": "इस्राएल के राजा अहाब ने यहूदा के राजा यहोशापात से कहा, “क्या तू मेरे साथ गिलाद के रामोत पर चढ़ाई करेगा?” उसने उसे उत्तर दिया, “जैसा तू वैसा मैं भी हूँ, और जैसी तेरी प्रजा, वैसी मेरी भी प्रजा है। हम लोग युद्ध में तेरा साथ देंगे।”\n"
      },
      {
        "tag": "s5",
        "nextChar": "\n",
        "type": "section"
      }
    ]
  },
  "4": {
    "verseObjects": [
      {
        "type": "text",
        "text": "फिर यहोशापात ने इस्राएल के राजा से कहा, “आओ, पहले यहोवा का वचन मालूम करें।”\n"
      }
    ]
  },
  "5": {
    "verseObjects": [
      {
        "type": "text",
        "text": "तब इस्राएल के राजा ने नबियों को जो चार सौ पुरुष थे, इकट्ठा करके उनसे पूछा, “क्या हम गिलाद के रामोत पर युद्ध करने को चढ़ाई करें, अथवा मैं रुका रहूँ?” उन्होंने उत्तर दिया, “चढ़ाई कर, क्योंकि परमेश्‍वर उसको राजा के हाथ कर देगा।”\n"
      },
      {
        "tag": "s5",
        "nextChar": "\n",
        "type": "section"
      }
    ]
  },
  "6": {
    "verseObjects": [
      {
        "type": "text",
        "text": "परन्तु यहोशापात ने पूछा, “क्या यहाँ यहोवा का और भी कोई नबी नहीं है जिससे हम पूछ लें?”\n"
      }
    ]
  },
  "7": {
    "verseObjects": [
      {
        "type": "text",
        "text": "इस्राएल के राजा ने यहोशापात से कहा, “हाँ, एक पुरुष और है, जिसके द्वारा हम यहोवा से पूछ सकते हैं; परन्तु मैं उससे घृणा करता हूँ; क्योंकि वह मेरे विषय कभी कल्याण की नहीं, सदा हानि ही की नबूवत करता है। वह यिम्ला का पुत्र मीकायाह है।” यहोशापात ने कहा, “राजा ऐसा न कहे।”\n"
      }
    ]
  },
  "8": {
    "verseObjects": [
      {
        "type": "text",
        "text": "तब इस्राएल के राजा ने एक हाकिम को बुलवाकर कहा, “यिम्ला के पुत्र मीकायाह को फुर्ती से ले आ।”\n"
      },
      {
        "tag": "s5",
        "nextChar": "\n",
        "type": "section"
      }
    ]
  },
  "9": {
    "verseObjects": [
      {
        "type": "text",
        "text": "इस्राएल का राजा और यहूदा का राजा यहोशापात अपने-अपने राजवस्त्र पहने हुए, अपने-अपने सिंहासन पर बैठे हुए थे; वे सामरिया के फाटक में एक खुले स्थान में बैठे थे और सब नबी उनके सामने नबूवत कर रहे थे।\n"
      }
    ]
  },
  "10": {
    "verseObjects": [
      {
        "type": "text",
        "text": "तब कनाना के पुत्र सिदकिय्याह ने लोहे के सींग बनवाकर कहा, “यहोवा यह कहता है, कि इनसे तू अरामियों को मारते-मारते नाश कर डालेगा।”\n"
      }
    ]
  },
  "11": {
    "verseObjects": [
      {
        "type": "text",
        "text": "सब नबियों ने इसी आशय की नबूवत करके कहा, “गिलाद के रामोत पर चढ़ाई कर और तू कृतार्थ होवे; क्योंकि यहोवा उसे राजा के हाथ कर देगा।”\n"
      },
      {
        "tag": "s",
        "type": "section",
        "content": "मीकायाह द्वारा हार का सन्देश\n"
      },
      {
        "tag": "p",
        "nextChar": "\n",
        "type": "paragraph"
      },
      {
        "tag": "s5",
        "nextChar": "\n",
        "type": "section"
      }
    ]
  },
  "12": {
    "verseObjects": [
      {
        "type": "text",
        "text": "जो दूत मीकायाह को बुलाने गया था, उसने उससे कहा, “सुन, नबी लोग एक ही मुँह से राजा के विषय शुभ वचन कहते हैं; इसलिए तेरी बात उनकी सी हो, तू भी शुभ वचन कहना।”\n"
      }
    ]
  },
  "13": {
    "verseObjects": [
      {
        "type": "text",
        "text": "मीकायाह ने कहा, “यहोवा के जीवन की शपथ, जो कुछ मेरा परमेश्‍वर कहे वही मैं भी कहूँगा।”\n"
      }
    ]
  },
  "14": {
    "verseObjects": [
      {
        "type": "text",
        "text": "जब वह राजा के पास आया, तब राजा ने उससे पूछा, “हे मीकायाह, क्या हम गिलाद के रामोत पर युद्ध करने को चढ़ाई करें अथवा मैं रुका रहूँ?” उसने कहा, “हाँ, तुम लोग चढ़ाई करो, और कृतार्थ हो; और वे तुम्हारे हाथ में कर दिए जाएँगे।”\n"
      },
      {
        "tag": "s5",
        "nextChar": "\n",
        "type": "section"
      }
    ]
  },
  "15": {
    "verseObjects": [
      {
        "type": "text",
        "text": "राजा ने उससे कहा, “मुझे कितनी बार तुझे शपथ धराकर चिताना होगा, कि तू यहोवा का स्मरण करके मुझसे सच ही कह।”\n"
      }
    ]
  },
  "16": {
    "verseObjects": [
      {
        "type": "text",
        "text": "मीकायाह ने कहा, “मुझे सारा इस्राएल बिना चरवाहे की भेड़-बकरियों के समान पहाड़ों पर तितर-बितर दिखाई पड़ा, और यहोवा का वचन आया कि वे तो अनाथ हैं, इसलिए हर एक अपने-अपने घर कुशल क्षेम से लौट जाएँ।” (मत्ती 9:36, मर. 6:34)\n"
      },
      {
        "tag": "s5",
        "nextChar": "\n",
        "type": "section"
      }
    ]
  },
  "17": {
    "verseObjects": [
      {
        "type": "text",
        "text": "तब इस्राएल के राजा ने यहोशापात से कहा, “क्या मैंने तुझ से न कहा था, कि वह मेरे विषय कल्याण की नहीं, हानि ही की नबूवत करेगा?”\n"
      }
    ]
  },
  "18": {
    "verseObjects": [
      {
        "type": "text",
        "text": "मीकायाह ने कहा, “इस कारण तुम लोग यहोवा का यह वचन सुनो मुझे सिंहासन पर विराजमान यहोवा और उसके दाएँ-बाएँ खड़ी हुई स्वर्ग की सारी सेना दिखाई पड़ी। (दानी. 7:9)\n"
      },
      {
        "tag": "s5",
        "nextChar": "\n",
        "type": "section"
      }
    ]
  },
  "19": {
    "verseObjects": [
      {
        "type": "text",
        "text": "तब यहोवा ने पूछा, ‘इस्राएल के राजा अहाब को कौन ऐसा बहकाएगा, कि वह गिलाद के रामोत पर चढ़ाई करे।’ तब किसी ने कुछ और किसी ने कुछ कहा।\n"
      },
      {
        "tag": "s5",
        "nextChar": "\n",
        "type": "section"
      }
    ]
  },
  "20": {
    "verseObjects": [
      {
        "type": "text",
        "text": "अन्त में एक आत्मा पास आकर यहोवा के सम्मुख खड़ी हुई, और कहने लगी, ‘मैं उसको बहकाऊँगी।’\n"
      }
    ]
  },
  "21": {
    "verseObjects": [
      {
        "type": "text",
        "text": "यहोवा ने पूछा, ‘किस उपाय से?’ उसने कहा, ‘मैं जाकर उसके सब नबियों में पैठ के उनसे झूठ बुलवाऊँगी।’ यहोवा ने कहा, ‘तेरा उसको बहकाना सफल होगा, जाकर ऐसा ही कर।’\n"
      },
      {
        "tag": "s5",
        "nextChar": "\n",
        "type": "section"
      }
    ]
  },
  "22": {
    "verseObjects": [
      {
        "type": "text",
        "text": "इसलिए सुन, अब यहोवा ने तेरे इन नबियों के मुँह में एक झूठ बोलनेवाली आत्मा बैठाई है, और यहोवा ने तेरे विषय हानि की बात कही है।”\n"
      },
      {
        "tag": "s5",
        "nextChar": "\n",
        "type": "section"
      }
    ]
  },
  "23": {
    "verseObjects": [
      {
        "type": "text",
        "text": "तब कनाना के पुत्र सिदकिय्याह ने निकट जा, मीकायाह के गाल पर थप्पड़ मारकर पूछा, “यहोवा का आत्मा मुझे छोड़कर तुझ से बातें करने को किधर गया।”\n"
      }
    ]
  },
  "24": {
    "verseObjects": [
      {
        "type": "text",
        "text": "उसने कहा, “जिस दिन तू छिपने के लिये कोठरी से कोठरी में भागेगा, तब जान लेगा।”\n"
      },
      {
        "tag": "s5",
        "nextChar": "\n",
        "type": "section"
      }
    ]
  },
  "25": {
    "verseObjects": [
      {
        "type": "text",
        "text": "इस पर इस्राएल के राजा ने कहा, “मीकायाह को नगर के हाकिम आमोन और राजकुमार योआश के पास लौटाकर,\n"
      }
    ]
  },
  "26": {
    "verseObjects": [
      {
        "type": "text",
        "text": "उनसे कहो, ‘राजा यह कहता है, कि इसको बन्दीगृह में डालो, और जब तक मैं कुशल से न आऊँ, तब तक इसे दुःख की रोटी और पानी दिया करो।’ ” (2 इति. 16:10)\n"
      }
    ]
  },
  "27": {
    "verseObjects": [
      {
        "type": "text",
        "text": "तब मीकायाह ने कहा, “यदि तू कभी कुशल से लौटे, तो जान कि यहोवा ने मेरे द्वारा नहीं कहा।” फिर उसने कहा, “हे लोगों, तुम सब के सब सुन लो।”\n"
      },
      {
        "tag": "s",
        "type": "section",
        "content": "अहाब की मृत्यु\n"
      },
      {
        "tag": "p",
        "nextChar": "\n",
        "type": "paragraph"
      },
      {
        "tag": "s5",
        "nextChar": "\n",
        "type": "section"
      }
    ]
  },
  "28": {
    "verseObjects": [
      {
        "type": "text",
        "text": "तब इस्राएल के राजा और यहूदा के राजा यहोशापात दोनों ने गिलाद के रामोत पर चढ़ाई की।\n"
      }
    ]
  },
  "29": {
    "verseObjects": [
      {
        "type": "text",
        "text": "इस्राएल के राजा ने यहोशापात से कहा, “मैं तो भेष बदलकर युद्ध में जाऊँगा, परन्तु तू अपने ही वस्त्र पहने रह।” इस्राएल के राजा ने भेष बदला और वे दोनों युद्ध में गए।\n"
      }
    ]
  },
  "30": {
    "verseObjects": [
      {
        "type": "text",
        "text": "अराम के राजा ने तो अपने रथों के प्रधानों को आज्ञा दी थी, “न तो छोटे से लड़ो और न बड़े से, केवल इस्राएल के राजा से लड़ो।”\n"
      },
      {
        "tag": "s5",
        "nextChar": "\n",
        "type": "section"
      }
    ]
  },
  "31": {
    "verseObjects": [
      {
        "type": "text",
        "text": "इसलिए जब रथों के प्रधानों ने यहोशापात को देखा, तब कहा, “इस्राएल का राजा वही है,” और वे उसी से लड़ने को मुड़ें। इस पर यहोशापात चिल्ला उठा, तब यहोवा ने उसकी सहायता की*। परमेश्‍वर ने उनको उसके पास से फिर जाने को प्रेरित किया।\n"
      }
    ]
  },
  "32": {
    "verseObjects": [
      {
        "type": "text",
        "text": "यह देखकर कि वह इस्राएल का राजा नहीं है, रथों के प्रधान उसका पीछा छोड़कर लौट गए।\n"
      },
      {
        "tag": "s5",
        "nextChar": "\n",
        "type": "section"
      }
    ]
  },
  "33": {
    "verseObjects": [
      {
        "type": "text",
        "text": "तब किसी ने यूँ ही एक तीर चलाया, और वह इस्राएल के राजा के झिलम और निचले वस्त्र के बीच छेदकर लगा; तब उसने अपने सारथी से कहा, “मैं घायल हो गया हूँ, इसलिए लगाम फेरकर मुझे सेना में से बाहर ले चल।”\n"
      }
    ]
  },
  "34": {
    "verseObjects": [
      {
        "type": "text",
        "text": "और उस दिन युद्ध बढ़ता गया और इस्राएल का राजा अपने रथ में अरामियों के सम्मुख सांझ तक खड़ा रहा, परन्तु सूर्य अस्त होते-होते वह मर गया।\n\n"
      },
      {
        "tag": "s5",
        "nextChar": "\n",
        "type": "section"
      }
    ]
  },
  "front": {
    "verseObjects": [
      {
        "tag": "s",
        "type": "section",
        "content": "अहाब के साथ यहोशापात की संधि\n"
      },
      {
        "tag": "p",
        "nextChar": "\n",
        "type": "paragraph"
      }
    ]
  }
}