{
  "1": {
    "verseObjects": [
      {
        "type": "text",
        "text": "यहूदा का राजा यहोशापात यरूशलेम को अपने भवन में कुशल से लौट गया।\n"
      }
    ]
  },
  "2": {
    "verseObjects": [
      {
        "type": "text",
        "text": "तब हनानी नामक दर्शी का पुत्र येहू यहोशापात राजा से भेंट करने को निकला और उससे कहने लगा, “क्या दुष्टों की सहायता करनी* और यहोवा के बैरियों से प्रेम रखना चाहिये? इस काम के कारण यहोवा की ओर से तुझ पर क्रोध भड़का है।\n"
      }
    ]
  },
  "3": {
    "verseObjects": [
      {
        "type": "text",
        "text": "तो भी तुझ में कुछ अच्छी बातें पाई जाती हैं। तूने तो देश में से अशेरों को नाश किया और अपने मन को परमेश्‍वर की खोज में लगाया है।” \n"
      },
      {
        "tag": "s",
        "type": "section",
        "text": "यहोशापात के सुधार\n"
      },
      {
        "tag": "p",
        "type": "paragraph",
        "text": "\n"
      },
      {
        "tag": "s5",
        "type": "section",
        "text": "\n"
      }
    ]
  },
  "4": {
    "verseObjects": [
      {
        "type": "text",
        "text": "यहोशापात यरूशलेम में रहता था, और उसने बेर्शेबा से लेकर एप्रैम के पहाड़ी देश तक अपनी प्रजा में फिर दौरा करके, उनको उनके पितरों के परमेश्‍वर यहोवा की ओर फेर दिया।\n"
      }
    ]
  },
  "5": {
    "verseObjects": [
      {
        "type": "text",
        "text": "फिर उसने यहूदा के एक-एक गढ़वाले नगर में न्यायी ठहराया।\n"
      },
      {
        "tag": "s5",
        "type": "section",
        "text": "\n"
      }
    ]
  },
  "6": {
    "verseObjects": [
      {
        "type": "text",
        "text": "और उसने न्यायियों से कहा, “सोचो कि क्या करते हो, क्योंकि तुम जो न्याय करोगे, वह मनुष्य के लिये नहीं, यहोवा के लिये करोगे; और वह न्याय करते समय तुम्हारे साथ रहेगा।\n"
      }
    ]
  },
  "7": {
    "verseObjects": [
      {
        "type": "text",
        "text": "अब यहोवा का भय तुम में बना रहे; चौकसी से काम करना, क्योंकि हमारे परमेश्‍वर यहोवा में कुछ कुटिलता नहीं है, और न वह किसी का पक्ष करता और न घूस लेता है।” (रोम. 2:11)\n"
      },
      {
        "tag": "s5",
        "type": "section",
        "text": "\n"
      }
    ]
  },
  "8": {
    "verseObjects": [
      {
        "type": "text",
        "text": "यरूशलेम में भी यहोशापात ने लेवियों और याजकों और इस्राएल के पितरों के घरानों के कुछ मुख्य पुरुषों को यहोवा की ओर से न्याय करने और मुकद्दमों को जाँचने* के लिये ठहराया। उनका न्याय-आसन यरूशलेम में था।\n"
      }
    ]
  },
  "9": {
    "verseObjects": [
      {
        "type": "text",
        "text": "उसने उनको आज्ञा दी, “यहोवा का भय मानकर, सच्चाई और निष्कपट मन से ऐसा करना।\n"
      },
      {
        "tag": "s5",
        "type": "section",
        "text": "\n"
      }
    ]
  },
  "10": {
    "verseObjects": [
      {
        "type": "text",
        "text": "तुम्हारे भाई जो अपने-अपने नगर में रहते हैं, उनमें से जिसका कोई मुकद्दमा तुम्हारे सामने आए, चाहे वह खून का हो, चाहे व्यवस्था, अथवा किसी आज्ञा या विधि या नियम के विषय हो, उनको चिता देना कि यहोवा के विषय दोषी न हो। ऐसा न हो कि तुम पर और तुम्हारे भाइयों पर उसका क्रोध भड़के। ऐसा करो तो तुम दोषी न ठहरोगे।\n"
      },
      {
        "tag": "s5",
        "type": "section",
        "text": "\n"
      }
    ]
  },
  "11": {
    "verseObjects": [
      {
        "type": "text",
        "text": "और देखो, यहोवा के विषय के सब मुकद्दमों में तो अमर्याह महायाजक, और राजा के विषय के सब मुकद्दमों में यहूदा के घराने का प्रधान इश्माएल का पुत्र जबद्याह तुम्हारे ऊपर अधिकारी है; और लेवीय तुम्हारे सामने सरदारों का काम करेंगे। इसलिए हियाव बाँधकर काम करो और भले मनुष्य के साथ यहोवा रहेगा।” \n\n"
      },
      {
        "tag": "s5",
        "type": "section",
        "text": "\n"
      }
    ]
  },
  "front": {
    "verseObjects": [
      {
        "tag": "s",
        "type": "section",
        "text": "येहू की फटकार\n"
      },
      {
        "tag": "p",
        "type": "paragraph",
        "text": "\n"
      }
    ]
  }
}