{
  "1": {
    "verseObjects": [
      {
        "type": "text",
        "text": "अब सुलैमान ने यहोवा के नाम का एक भवन और अपना राजभवन बनाने का विचार किया।\n"
      }
    ]
  },
  "2": {
    "verseObjects": [
      {
        "type": "text",
        "text": "इसलिए सुलैमान ने सत्तर हजार बोझा ढोनेवाले और अस्सी हजार पहाड़ से पत्थर काटनेवाले और वृक्ष काटनेवाले, और इन पर तीन हजार छः सौ मुखिये गिनती करके ठहराए।\n"
      }
    ]
  },
  "3": {
    "verseObjects": [
      {
        "type": "text",
        "text": "तब सुलैमान ने सोर के राजा हीराम के पास कहला भेजा, “जैसा तूने मेरे पिता दाऊद से बर्ताव किया, अर्थात् उसके रहने का भवन बनाने को देवदार भेजे थे, वैसा ही अब मुझसे भी बर्ताव कर।\n"
      },
      {
        "tag": "s5",
        "nextChar": "\n",
        "type": "section"
      }
    ]
  },
  "4": {
    "verseObjects": [
      {
        "type": "text",
        "text": "देख, मैं अपने परमेश्‍वर यहोवा के नाम का एक भवन बनाने पर हूँ, कि उसे उसके लिये पवित्र करूँ और उसके सम्मुख सुगन्धित धूप जलाऊँ, और नित्य भेंट की रोटी उसमें रखी जाए; और प्रतिदिन सवेरे और सांझ को, और विश्राम और नये चाँद के दिनों में और हमारे परमेश्‍वर यहोवा के सब नियत पर्वों* में होमबलि चढ़ाया जाए। इस्राएल के लिये ऐसी ही सदा की विधि है।\n"
      }
    ]
  },
  "5": {
    "verseObjects": [
      {
        "type": "text",
        "text": "जो भवन मैं बनाने पर हूँ, वह महान होगा; क्योंकि हमारा परमेश्‍वर सब देवताओं में महान है।\n"
      },
      {
        "tag": "s5",
        "nextChar": "\n",
        "type": "section"
      }
    ]
  },
  "6": {
    "verseObjects": [
      {
        "type": "text",
        "text": "परन्तु किस में इतनी शक्ति है, कि उसके लिये भवन बनाए, वह तो स्वर्ग में वरन् सबसे ऊँचे स्वर्ग में भी नहीं समाता? मैं क्या हूँ कि उसके सामने धूप जलाने को छोड़ और किसी विचार से उसका भवन बनाऊँ?\n"
      }
    ]
  },
  "7": {
    "verseObjects": [
      {
        "type": "text",
        "text": "इसलिए अब तू मेरे पास एक ऐसा मनुष्य भेज दे, जो सोने, चाँदी, पीतल, लोहे और बैंगनी, लाल और नीले कपड़े की कारीगरी में निपुण हो और नक्काशी भी जानता हो, कि वह मेरे पिता दाऊद के ठहराए हुए निपुण मनुष्यों के साथ होकर जो मेरे पास यहूदा और यरूशलेम में रहते हैं, काम करे।\n"
      },
      {
        "tag": "s5",
        "nextChar": "\n",
        "type": "section"
      }
    ]
  },
  "8": {
    "verseObjects": [
      {
        "type": "text",
        "text": "फिर लबानोन से मेरे पास देवदार, सनोवर और चंदन की लकड़ी भेजना, क्योंकि मैं जानता हूँ कि तेरे दास लबानोन में वृक्ष काटना जानते हैं, और तेरे दासों के संग मेरे दास भी रहकर,\n"
      }
    ]
  },
  "9": {
    "verseObjects": [
      {
        "type": "text",
        "text": "मेरे लिये बहुत सी लकड़ी तैयार करेंगे, क्योंकि जो भवन मैं बनाना चाहता हूँ, वह बड़ा और अचम्भे के योग्य होगा।\n"
      }
    ]
  },
  "10": {
    "verseObjects": [
      {
        "type": "text",
        "text": "तेरे दास जो लकड़ी काटेंगे, उनको मैं बीस हजार कोर कूटा हुआ गेहूँ, बीस हजार कोर जौ, बीस हजार बत दाखमधु और बीस हजार बत तेल दूँगा।”\n"
      },
      {
        "tag": "s5",
        "nextChar": "\n",
        "type": "section"
      }
    ]
  },
  "11": {
    "verseObjects": [
      {
        "type": "text",
        "text": "तब सोर के राजा हीराम ने चिट्ठी लिखकर सुलैमान के पास भेजी: “यहोवा अपनी प्रजा से प्रेम रखता है, इससे उसने तुझे उनका राजा कर दिया।”\n"
      }
    ]
  },
  "12": {
    "verseObjects": [
      {
        "type": "text",
        "text": "फिर हीराम ने यह भी लिखा, “धन्य है इस्राएल का परमेश्‍वर यहोवा, जो आकाश और पृथ्वी का सृजनहार है, और उसने दाऊद राजा को एक बुद्धिमान, चतुर और समझदार पुत्र दिया है, ताकि वह यहोवा का एक भवन और अपना राजभवन भी बनाए।\n"
      },
      {
        "tag": "s5",
        "nextChar": "\n",
        "type": "section"
      }
    ]
  },
  "13": {
    "verseObjects": [
      {
        "type": "text",
        "text": "इसलिए अब मैं एक बुद्धिमान और समझदार पुरुष को, अर्थात् हूराम-अबी को भेजता हूँ,\n"
      }
    ]
  },
  "14": {
    "verseObjects": [
      {
        "type": "text",
        "text": "जो एक दान-वंशी स्त्री का बेटा है, और उसका पिता सोर का था। वह सोने, चाँदी, पीतल, लोहे, पत्थर, लकड़ी, बैंगनी और नीले और लाल और सूक्ष्म सन के कपड़े का काम, और सब प्रकार की नक्काशी को जानता और सब भाँति की कारीगरी बना सकता है: इसलिए तेरे चतुर मनुष्यों के संग, और मेरे प्रभु तेरे पिता दाऊद के चतुर मनुष्यों के संग, उसको भी काम मिले।\n"
      },
      {
        "tag": "s5",
        "nextChar": "\n",
        "type": "section"
      }
    ]
  },
  "15": {
    "verseObjects": [
      {
        "type": "text",
        "text": "मेरे प्रभु ने जो गेहूँ, जौ, तेल और दाखमधु भेजने की चर्चा की है, उसे अपने दासों के पास भिजवा दे।\n"
      }
    ]
  },
  "16": {
    "verseObjects": [
      {
        "type": "text",
        "text": "और हम लोग जितनी लकड़ी का तुझे प्रयोजन हो उतनी लबानोन पर से काटेंगे, और बेड़े बनवाकर समुद्र के मार्ग से याफा को पहुँचाएँगे, और तू उसे यरूशलेम को ले जाना।”\n"
      },
      {
        "tag": "s",
        "type": "section",
        "content": "सुलैमान के कार्यबल\n"
      },
      {
        "tag": "p",
        "nextChar": "\n",
        "type": "paragraph"
      }
    ]
  },
  "17": {
    "verseObjects": [
      {
        "type": "text",
        "text": "तब सुलैमान ने इस्राएली देश के सब परदेशियों* की गिनती ली, यह उस गिनती के बाद हुई जो उसके पिता दाऊद ने ली थी; और वे एक लाख तिरपन हजार छः सौ पुरुष निकले।\n"
      }
    ]
  },
  "18": {
    "verseObjects": [
      {
        "type": "text",
        "text": "उनमें से उसने सत्तर हजार बोझ ढोनेवाले, अस्सी हजार पहाड़ पर पत्थर काटनेवाले और वृक्ष काटनेवाले और तीन हजार छः सौ उन लोगों से काम करानेवाले मुखिया नियुक्त किए।\n\n"
      },
      {
        "tag": "s5",
        "nextChar": "\n",
        "type": "section"
      }
    ]
  },
  "front": {
    "verseObjects": [
      {
        "tag": "s",
        "type": "section",
        "content": "मन्दिर बनाने की योजना\n"
      },
      {
        "tag": "p",
        "nextChar": "\n",
        "type": "paragraph"
      }
    ]
  }
}