{
  "1": {
    "verseObjects": [
      {
        "type": "text",
        "text": "इसके बाद मोआबियों और अम्मोनियों ने और उनके साथ कई मूनियों ने युद्ध करने के लिये यहोशापात पर चढ़ाई की।\n"
      }
    ]
  },
  "2": {
    "verseObjects": [
      {
        "type": "text",
        "text": "तब लोगों ने आकर यहोशापात को बता दिया, “ताल के पार से एदोम देश की ओर से एक बड़ी भीड़ तुझ पर चढ़ाई कर रही है; और देख, वह हसासोन्तामार तक जो एनगदी भी कहलाता है, पहुँच गई है।”\n"
      },
      {
        "tag": "s5",
        "type": "section",
        "text": "\n"
      }
    ]
  },
  "3": {
    "verseObjects": [
      {
        "type": "text",
        "text": "तब यहोशापात डर गया और यहोवा की खोज में लग गया, और पूरे यहूदा में उपवास का प्रचार करवाया।\n"
      }
    ]
  },
  "4": {
    "verseObjects": [
      {
        "type": "text",
        "text": "अतः यहूदी यहोवा से सहायता माँगने के लिये इकट्ठा हुए, वरन् वे यहूदा के सब नगरों से यहोवा से भेंट करने को आए।\n"
      },
      {
        "tag": "s",
        "type": "section",
        "text": "यहोशापात की प्रार्थना\n"
      },
      {
        "tag": "p",
        "type": "paragraph",
        "text": "\n"
      },
      {
        "tag": "s5",
        "type": "section",
        "text": "\n"
      }
    ]
  },
  "5": {
    "verseObjects": [
      {
        "type": "text",
        "text": "तब यहोशापात यहोवा के भवन में नये आँगन के सामने यहूदियों और यरूशलेमियों की मण्डली में खड़ा होकर\n"
      }
    ]
  },
  "6": {
    "verseObjects": [
      {
        "type": "text",
        "text": "यह कहने लगा, “हे हमारे पितरों के परमेश्‍वर यहोवा! क्या तू स्वर्ग में परमेश्‍वर नहीं है? और क्या तू जाति-जाति के सब राज्यों के ऊपर प्रभुता नहीं करता? और क्या तेरे हाथ में ऐसा बल और पराक्रम नहीं है कि तेरा सामना कोई नहीं कर सकता?\n"
      }
    ]
  },
  "7": {
    "verseObjects": [
      {
        "type": "text",
        "text": "हे हमारे परमेश्‍वर! क्या तूने इस देश के निवासियों को अपनी प्रजा इस्राएल के सामने से निकालकर इन्हें अपने मित्र अब्राहम* के वंश को सदा के लिये नहीं दे दिया? (याकू. 2:23)\n"
      },
      {
        "tag": "s5",
        "type": "section",
        "text": "\n"
      }
    ]
  },
  "8": {
    "verseObjects": [
      {
        "type": "text",
        "text": "वे इसमें बस गए और इसमें तेरे नाम का एक पवित्रस्‍थान बनाकर कहा,\n"
      }
    ]
  },
  "9": {
    "verseObjects": [
      {
        "type": "text",
        "text": "‘यदि तलवार या मरी अथवा अकाल या और कोई विपत्ति हम पर पड़े, तो भी हम इसी भवन के सामने और तेरे सामने (तेरा नाम तो इस भवन में बसा है) खड़े होकर, अपने क्लेश के कारण तेरी दुहाई देंगे और तू सुनकर बचाएगा।’\n"
      },
      {
        "tag": "s5",
        "type": "section",
        "text": "\n"
      }
    ]
  },
  "10": {
    "verseObjects": [
      {
        "type": "text",
        "text": "और अब अम्मोनी और मोआबी और सेईर के पहाड़ी देश के लोग जिन पर तूने इस्राएल को मिस्र देश से आते समय चढ़ाई करने न दिया, और वे उनकी ओर से मुड़ गए और उनको विनाश न किया,\n"
      }
    ]
  },
  "11": {
    "verseObjects": [
      {
        "type": "text",
        "text": "देख, वे ही लोग तेरे दिए हुए अधिकार के इस देश में से जिसका अधिकार तूने हमें दिया है, हमको निकालकर कैसा बदला हमें दे रहे हैं।\n"
      },
      {
        "tag": "s5",
        "type": "section",
        "text": "\n"
      }
    ]
  },
  "12": {
    "verseObjects": [
      {
        "type": "text",
        "text": "हे हमारे परमेश्‍वर, क्या तू उनका न्याय न करेगा? यह जो बड़ी भीड़ हम पर चढ़ाई कर रही है, उसके सामने हमारा तो बस नहीं चलता और हमें कुछ सूझता नहीं कि क्या करना चाहिये? परन्तु हमारी आँखें तेरी ओर लगी हैं।”\n"
      },
      {
        "tag": "s",
        "type": "section",
        "text": "परमेश्‍वर का उत्तर\n"
      },
      {
        "tag": "p",
        "type": "paragraph",
        "text": "\n"
      }
    ]
  },
  "13": {
    "verseObjects": [
      {
        "type": "text",
        "text": "और सब यहूदी अपने-अपने बाल-बच्चों, स्त्रियों और पुत्रों समेत यहोवा के सम्मुख खड़े रहे।\n"
      },
      {
        "tag": "s5",
        "type": "section",
        "text": "\n"
      }
    ]
  },
  "14": {
    "verseObjects": [
      {
        "type": "text",
        "text": "तब आसाप के वंश में से यहजीएल नामक एक लेवीय जो जकर्याह का पुत्र और बनायाह का पोता और मत्तन्याह के पुत्र यीएल का परपोता था, उसमें मण्डली के बीच यहोवा का आत्मा समाया।\n"
      }
    ]
  },
  "15": {
    "verseObjects": [
      {
        "type": "text",
        "text": "तब वह कहने लगा, “हे सब यहूदियों, हे यरूशलेम के रहनेवालों, हे राजा यहोशापात, तुम सब ध्यान दो; यहोवा तुम से यह कहता है, ‘तुम इस बड़ी भीड़ से मत डरो और तुम्हारा मन कच्चा न हो; क्योंकि युद्ध तुम्हारा नहीं, परमेश्‍वर का है।\n"
      },
      {
        "tag": "s5",
        "type": "section",
        "text": "\n"
      }
    ]
  },
  "16": {
    "verseObjects": [
      {
        "type": "text",
        "text": "कल उनका सामना करने को जाना। देखो वे सीस की चढ़ाई पर चढ़े आते हैं और यरूएल नामक जंगल के सामने नाले के सिरे पर तुम्हें मिलेंगे।\n"
      }
    ]
  },
  "17": {
    "verseObjects": [
      {
        "type": "text",
        "text": "इस लड़ाई में तुम्हें लड़ना न होगा; हे यहूदा, और हे यरूशलेम, ठहरे रहना, और खड़े रहकर यहोवा की ओर से अपना बचाव देखना;’ मत डरो, और तुम्हारा मन कच्चा न हो; कल उनका सामना करने को चलना और यहोवा तुम्हारे साथ रहेगा।”\n"
      },
      {
        "tag": "s5",
        "type": "section",
        "text": "\n"
      }
    ]
  },
  "18": {
    "verseObjects": [
      {
        "type": "text",
        "text": "तब यहोशापात भूमि की ओर मुँह करके झुका और सब यहूदियों और यरूशलेम के निवासियों ने यहोवा के सामने गिरकर यहोवा को दण्डवत् किया।\n"
      }
    ]
  },
  "19": {
    "verseObjects": [
      {
        "type": "text",
        "text": "कहातियों और कोरहियों में से कुछ लेवीय खड़े होकर इस्राएल के परमेश्‍वर यहोवा की स्तुति अत्यन्त ऊँचे स्वर से करने लगे।\n"
      },
      {
        "tag": "s",
        "type": "section",
        "text": "विजय और लूट\n"
      },
      {
        "tag": "p",
        "type": "paragraph",
        "text": "\n"
      },
      {
        "tag": "s5",
        "type": "section",
        "text": "\n"
      }
    ]
  },
  "20": {
    "verseObjects": [
      {
        "type": "text",
        "text": "वे सवेरे उठकर तकोआ के जंगल की ओर निकल गए; और चलते समय यहोशापात ने खड़े होकर कहा, “हे यहूदियों, हे यरूशलेम के निवासियों, मेरी सुनो, अपने परमेश्‍वर यहोवा पर विश्वास रखो, तब तुम स्थिर रहोगे; उसके नबियों पर विश्वास करो, तब तुम कृतार्थ हो जाओगे।”\n"
      }
    ]
  },
  "21": {
    "verseObjects": [
      {
        "type": "text",
        "text": "तब उसने प्रजा के साथ सम्मति करके कितनों को ठहराया, जो कि पवित्रता से शोभायमान होकर हथियारबन्दों के आगे-आगे चलते हुए यहोवा के गीत गाएँ, और यह कहते हुए उसकी स्तुति करें, “यहोवा का धन्यवाद करो, क्योंकि उसकी करुणा सदा की है।”\n"
      },
      {
        "tag": "s5",
        "type": "section",
        "text": "\n"
      }
    ]
  },
  "22": {
    "verseObjects": [
      {
        "type": "text",
        "text": "जिस समय वे गाकर स्तुति करने लगे, उसी समय यहोवा ने अम्मोनियों, मोआबियों और सेईर के पहाड़ी देश के लोगों पर जो यहूदा के विरुद्ध आ रहे थे, घातकों को बैठा दिया* और वे मारे गए।\n"
      }
    ]
  },
  "23": {
    "verseObjects": [
      {
        "type": "text",
        "text": "क्योंकि अम्मोनियों और मोआबियों ने सेईर के पहाड़ी देश के निवासियों को डराने और सत्यानाश करने के लिये उन पर चढ़ाई की, और जब वे सेईर के पहाड़ी देश के निवासियों का अन्त कर चुके, तब उन सभी ने एक दूसरे का नाश करने में हाथ लगाया।\n"
      },
      {
        "tag": "s5",
        "type": "section",
        "text": "\n"
      }
    ]
  },
  "24": {
    "verseObjects": [
      {
        "type": "text",
        "text": "जब यहूदियों ने जंगल की चौकी पर पहुँचकर उस भीड़ की ओर दृष्टि की, तब क्या देखा कि वे भूमि पर पड़े हुए शव हैं; और कोई नहीं बचा।\n"
      },
      {
        "tag": "s5",
        "type": "section",
        "text": "\n"
      }
    ]
  },
  "25": {
    "verseObjects": [
      {
        "type": "text",
        "text": "तब यहोशापात और उसकी प्रजा लूट लेने को गए और शवों के बीच बहुत सी सम्पत्ति और मनभावने गहने मिले; उन्होंने इतने गहने उतार लिये कि उनको न ले जा सके, वरन् लूट इतनी मिली, कि बटोरते-बटोरते तीन दिन बीत गए।\n"
      }
    ]
  },
  "26": {
    "verseObjects": [
      {
        "type": "text",
        "text": "चौथे दिन वे बराका नामक तराई में इकट्ठे हुए और वहाँ यहोवा का धन्यवाद किया; इस कारण उस स्थान का नाम बराका की तराई पड़ा, जो आज तक है।\n"
      },
      {
        "tag": "s5",
        "type": "section",
        "text": "\n"
      }
    ]
  },
  "27": {
    "verseObjects": [
      {
        "type": "text",
        "text": "तब वे, अर्थात् यहूदा और यरूशलेम नगर के सब पुरुष और उनके आगे-आगे यहोशापात, आनन्द के साथ यरूशलेम लौटे क्योंकि यहोवा ने उन्हें शत्रुओं पर आनन्दित किया था।\n"
      }
    ]
  },
  "28": {
    "verseObjects": [
      {
        "type": "text",
        "text": "अतः वे सारंगियाँ, वीणाएँ और तुरहियां बजाते हुए यरूशलेम में यहोवा के भवन को आए।\n"
      },
      {
        "tag": "s5",
        "type": "section",
        "text": "\n"
      }
    ]
  },
  "29": {
    "verseObjects": [
      {
        "type": "text",
        "text": "और जब देश-देश के सब राज्यों के लोगों ने सुना कि इस्राएल के शत्रुओं से यहोवा लड़ा, तब उनके मन में परमेश्‍वर का डर समा गया।\n"
      }
    ]
  },
  "30": {
    "verseObjects": [
      {
        "type": "text",
        "text": "इस प्रकार यहोशापात के राज्य को चैन मिला, क्योंकि उसके परमेश्‍वर ने उसको चारों ओर से विश्राम दिया।\n"
      },
      {
        "tag": "s",
        "type": "section",
        "text": "यहोशापात के शासनकाल का सारांश\n"
      },
      {
        "tag": "p",
        "type": "paragraph",
        "text": "\n"
      },
      {
        "tag": "s5",
        "type": "section",
        "text": "\n"
      }
    ]
  },
  "31": {
    "verseObjects": [
      {
        "type": "text",
        "text": "अतः यहोशापात ने यहूदा पर राज्य किया। जब वह राज्य करने लगा तब वह पैंतीस वर्ष का था, और पच्चीस वर्ष तक यरूशलेम में राज्य करता रहा। और उसकी माता का नाम अजूबा था, जो शिल्ही की बेटी थी।\n"
      }
    ]
  },
  "32": {
    "verseObjects": [
      {
        "type": "text",
        "text": "वह अपने पिता आसा की लीक पर चला और उससे न मुड़ा, अर्थात् जो यहोवा की दृष्टि में ठीक है वही वह करता रहा।\n"
      }
    ]
  },
  "33": {
    "verseObjects": [
      {
        "type": "text",
        "text": "तो भी ऊँचे स्थान ढाए न गए, वरन् अब तक प्रजा के लोगों ने अपना मन अपने पितरों के परमेश्‍वर की ओर न लगाया था।\n"
      },
      {
        "tag": "s5",
        "type": "section",
        "text": "\n"
      }
    ]
  },
  "34": {
    "verseObjects": [
      {
        "type": "text",
        "text": "आदि से अन्त तक यहोशापात के और काम, हनानी के पुत्र येहू के विषय उस वृत्तान्त में लिखे हैं, जो इस्राएल के राजाओं के वृत्तान्त में पाया जाता है।\n"
      },
      {
        "tag": "s5",
        "type": "section",
        "text": "\n"
      }
    ]
  },
  "35": {
    "verseObjects": [
      {
        "type": "text",
        "text": "इसके बाद यहूदा के राजा यहोशापात ने इस्राएल के राजा अहज्याह से जो बड़ी दुष्टता करता था, मेल किया।\n"
      }
    ]
  },
  "36": {
    "verseObjects": [
      {
        "type": "text",
        "text": "अर्थात् उसने उसके साथ इसलिए मेल किया कि तर्शीश जाने को जहाज बनवाए, और उन्होंने ऐसे जहाज एस्योनगेबेर में बनवाए।\n"
      }
    ]
  },
  "37": {
    "verseObjects": [
      {
        "type": "text",
        "text": "तब दोदावाह के पुत्र मारेशावासी एलीएजेर ने यहोशापात के विरुद्ध यह नबूवत की, “तूने जो अहज्याह से मेल किया, इस कारण यहोवा तेरी बनवाई हुई वस्तुओं को तोड़ डालेगा।” अतः जहाज टूट गए और तर्शीश को न जा सके।\n\n"
      },
      {
        "tag": "s5",
        "type": "section",
        "text": "\n"
      }
    ]
  },
  "front": {
    "verseObjects": [
      {
        "tag": "s",
        "type": "section",
        "text": "एदोम के साथ युद्ध\n"
      },
      {
        "tag": "p",
        "type": "paragraph",
        "text": "\n"
      }
    ]
  }
}