{
  "1": {
    "verseObjects": [
      {
        "type": "text",
        "text": "सातवें वर्ष में यहोयादा ने हियाव बाँधकर यरोहाम के पुत्र अजर्याह, यहोहानान के पुत्र इश्माएल, ओबेद के पुत्र अजर्याह, अदायाह के पुत्र मासेयाह और जिक्री के पुत्र एलीशापात, इन शतपतियों से वाचा बाँधी।\n"
      }
    ]
  },
  "2": {
    "verseObjects": [
      {
        "type": "text",
        "text": "तब वे यहूदा में घूमकर यहूदा के सब नगरों में से लेवियों को और इस्राएल के पितरों के घरानों के मुख्य-मुख्य पुरुषों को इकट्ठा करके यरूशलेम को ले आए।\n"
      }
    ]
  },
  "3": {
    "verseObjects": [
      {
        "type": "text",
        "text": "उस सारी मण्डली ने परमेश्‍वर के भवन में राजा के साथ वाचा बाँधी, और यहोयादा ने उनसे कहा, “सुनो, यह राजकुमार राज्य करेगा जैसे कि यहोवा ने दाऊद के वंश के विषय कहा है।\n"
      },
      {
        "tag": "s5",
        "nextChar": "\n",
        "type": "section"
      }
    ]
  },
  "4": {
    "verseObjects": [
      {
        "type": "text",
        "text": "तो तुम एक काम करो: अर्थात् तुम याजकों और लेवियों की एक तिहाई लोग जो विश्रामदिन को आनेवाले हो, वे द्वारपाली करें,\n"
      }
    ]
  },
  "5": {
    "verseObjects": [
      {
        "type": "text",
        "text": "एक तिहाई लोग राजभवन में रहें, और एक तिहाई लोग नींव के फाटक के पास रहें; और सब लोग यहोवा के भवन के आँगनों में रहें।\n"
      },
      {
        "tag": "s5",
        "nextChar": "\n",
        "type": "section"
      }
    ]
  },
  "6": {
    "verseObjects": [
      {
        "type": "text",
        "text": "परन्तु याजकों और सेवा टहल करनेवाले लेवियों को छोड़ और कोई यहोवा के भवन के भीतर न आने पाए; वे तो भीतर आएँ, क्योंकि वे पवित्र हैं परन्तु सब लोग यहोवा के भवन की चौकसी करें*।\n"
      }
    ]
  },
  "7": {
    "verseObjects": [
      {
        "type": "text",
        "text": "लेवीय लोग अपने-अपने हाथ में हथियार लिये हुए राजा के चारों ओर रहें और जो कोई भवन के भीतर घुसे, वह मार डाला जाए। और तुम राजा के आते-जाते उसके साथ रहना।” \n"
      },
      {
        "tag": "s5",
        "nextChar": "\n",
        "type": "section"
      }
    ]
  },
  "8": {
    "verseObjects": [
      {
        "type": "text",
        "text": "यहोयादा याजक की इन सब आज्ञाओं के अनुसार लेवियों और सब यहूदियों ने किया। उन्होंने विश्रामदिन को आनेवाले और विश्रामदिन को जानेवाले दोनों दलों के, अपने-अपने जनों को अपने साथ कर लिया, क्योंकि यहोयादा याजक ने किसी दल के लेवियों को विदा न किया था।\n"
      }
    ]
  },
  "9": {
    "verseObjects": [
      {
        "type": "text",
        "text": "तब यहोयादा याजक ने शतपतियों को राजा दाऊद के बर्छे और भाले और ढालें जो परमेश्‍वर के भवन में थीं, दे दीं।\n"
      },
      {
        "tag": "s5",
        "nextChar": "\n",
        "type": "section"
      }
    ]
  },
  "10": {
    "verseObjects": [
      {
        "type": "text",
        "text": "फिर उसने उन सब लोगों को अपने-अपने हाथ में हथियार लिये हुए भवन के दक्षिणी कोने से लेकर, उत्तरी कोने तक वेदी और भवन के पास राजा के चारों ओर उसकी आड़ करके खड़ा कर दिया।\n"
      }
    ]
  },
  "11": {
    "verseObjects": [
      {
        "type": "text",
        "text": "तब उन्होंने राजकुमार को बाहर ला, उसके सिर पर मुकुट रखा और साक्षीपत्र देकर उसे राजा बनाया; और यहोयादा और उसके पुत्रों ने उसका अभिषेक किया, और लोग बोल उठे, राजा जीवित रहे।\n"
      },
      {
        "tag": "s5",
        "nextChar": "\n",
        "type": "section"
      }
    ]
  },
  "12": {
    "verseObjects": [
      {
        "type": "text",
        "text": "जब अतल्याह को उन लोगों का हल्ला, जो दौड़ते और राजा को सराहते थे सुनाई पड़ा, तब वह लोगों के पास यहोवा के भवन में गई।\n"
      }
    ]
  },
  "13": {
    "verseObjects": [
      {
        "type": "text",
        "text": "उसने क्या देखा, कि राजा द्वार के निकट* खम्भे के पास खड़ा है, और राजा के पास प्रधान और तुरही बजानेवाले खड़े हैं, और सब लोग आनन्द कर रहे हैं और तुरहियां बजा रहे हैं और गाने बजानेवाले बाजे बजाते और स्तुति करते हैं। तब अतल्याह अपने वस्त्र फाड़कर पुकारने लगी, राजद्रोह, राजद्रोह!\n"
      },
      {
        "tag": "s5",
        "nextChar": "\n",
        "type": "section"
      }
    ]
  },
  "14": {
    "verseObjects": [
      {
        "type": "text",
        "text": "तब यहोयादा याजक ने दल के अधिकारी शतपतियों को बाहर लाकर उनसे कहा, “उसे अपनी पंक्तियों के बीच से निकाल ले जाओ; और जो कोई उसके पीछे चले, वह तलवार से मार डाला जाए।” याजक ने कहा, “उसे यहोवा के भवन में न मार डालो।” \n"
      }
    ]
  },
  "15": {
    "verseObjects": [
      {
        "type": "text",
        "text": "तब उन्होंने दोनों ओर से उसको जगह दी, और वह राजभवन के घोड़ाफाटक के द्वार तक गई, और वहाँ उन्होंने उसको मार डाला।\n"
      },
      {
        "tag": "s",
        "type": "section",
        "content": "यहोयादा के सुधार\n"
      },
      {
        "tag": "p",
        "nextChar": "\n",
        "type": "paragraph"
      },
      {
        "tag": "s5",
        "nextChar": "\n",
        "type": "section"
      }
    ]
  },
  "16": {
    "verseObjects": [
      {
        "type": "text",
        "text": "तब यहोयादा ने अपने और सारी प्रजा के और राजा के बीच यहोवा की प्रजा होने की वाचा बँधाई।\n"
      }
    ]
  },
  "17": {
    "verseObjects": [
      {
        "type": "text",
        "text": "तब सब लोगों ने बाल के भवन को जाकर ढा दिया; और उसकी वेदियों और मूरतों को टुकड़े-टुकड़े किया, और मत्तान नामक बाल के याजक को वेदियों के सामने ही घात किया।\n"
      },
      {
        "tag": "s5",
        "nextChar": "\n",
        "type": "section"
      }
    ]
  },
  "18": {
    "verseObjects": [
      {
        "type": "text",
        "text": "तब यहोयादा ने यहोवा के भवन की सेवा के लिये उन लेवीय याजकों* को ठहरा दिया, जिन्हें दाऊद ने यहोवा के भवन पर दल-दल करके इसलिए ठहराया था, कि जैसे मूसा की व्यवस्था में लिखा है, वैसे ही वे यहोवा को होमबलि चढ़ाया करें, और दाऊद की चलाई हुई विधि के अनुसार आनन्द करें और गाएँ।\n"
      }
    ]
  },
  "19": {
    "verseObjects": [
      {
        "type": "text",
        "text": "उसने यहोवा के भवन के फाटकों पर द्वारपालों को इसलिए खड़ा किया, कि जो किसी रीति से अशुद्ध हो, वह भीतर जाने न पाए।\n"
      },
      {
        "tag": "s5",
        "nextChar": "\n",
        "type": "section"
      }
    ]
  },
  "20": {
    "verseObjects": [
      {
        "type": "text",
        "text": "वह शतपतियों और रईसों और प्रजा पर प्रभुता करनेवालों और देश के सब लोगों को साथ करके राजा को यहोवा के भवन से नीचे ले गया और ऊँचे फाटक से होकर राजभवन में आया, और राजा को राजगद्दी पर बैठाया।\n"
      }
    ]
  },
  "21": {
    "verseObjects": [
      {
        "type": "text",
        "text": "तब सब लोग आनन्दित हुए और नगर में शान्ति हुई। अतल्याह तो तलवार से मार ही डाली गई थी।\n\n"
      },
      {
        "tag": "s5",
        "nextChar": "\n",
        "type": "section"
      }
    ]
  },
  "front": {
    "verseObjects": [
      {
        "tag": "s",
        "type": "section",
        "content": "अतल्याह की पराजय\n"
      },
      {
        "tag": "p",
        "nextChar": "\n",
        "type": "paragraph"
      }
    ]
  }
}