{
  "1": {
    "verseObjects": [
      {
        "type": "text",
        "text": "जब योताम राज्य करने लगा तब वह पच्चीस वर्ष का था, और यरूशलेम में सोलह वर्ष तक राज्य करता रहा। और उसकी माता का नाम यरूशा था, जो सादोक की बेटी थी।\n"
      }
    ]
  },
  "2": {
    "verseObjects": [
      {
        "type": "text",
        "text": "उसने वह किया, जो यहोवा की दृष्टि में ठीक है, अर्थात् जैसा उसके पिता उज्जियाह ने किया था, ठीक वैसा ही उसने भी किया तो भी वह यहोवा के मन्दिर में न घुसा; और प्रजा के लोग तब भी बिगड़ी चाल चलते थे।\n"
      },
      {
        "tag": "s5",
        "type": "section",
        "text": "\n"
      }
    ]
  },
  "3": {
    "verseObjects": [
      {
        "type": "text",
        "text": "उसी ने यहोवा के भवन के ऊपरवाले फाटक को बनाया, और ओपेल* की शहरपनाह पर बहुत कुछ बनवाया।\n"
      }
    ]
  },
  "4": {
    "verseObjects": [
      {
        "type": "text",
        "text": "फिर उसने यहूदा के पहाड़ी देश में कई नगर दृढ़ किए, और जंगलों में गढ़ और गुम्मट बनाए।\n"
      },
      {
        "tag": "s5",
        "type": "section",
        "text": "\n"
      }
    ]
  },
  "5": {
    "verseObjects": [
      {
        "type": "text",
        "text": "वह अम्मोनियों के राजा से युद्ध करके उन पर प्रबल हो गया*। उसी वर्ष अम्मोनियों ने उसको सौ किक्कार चाँदी, और दस-दस हजार कोर गेहूँ और जौ दिया। फिर दूसरे और तीसरे वर्ष में भी उन्होंने उसे उतना ही दिया।\n"
      },
      {
        "tag": "s5",
        "type": "section",
        "text": "\n"
      }
    ]
  },
  "6": {
    "verseObjects": [
      {
        "type": "text",
        "text": "अतः योताम सामर्थी हो गया, क्योंकि वह अपने आपको अपने परमेश्‍वर यहोवा के सम्मुख जानकर सीधी चाल चलता था।\n"
      }
    ]
  },
  "7": {
    "verseObjects": [
      {
        "type": "text",
        "text": "योताम के और काम और उसके सब युद्ध और उसकी चाल चलन, इन सब बातों का वर्णन इस्राएल और यहूदा के राजाओं के इतिहास में लिखा है।\n"
      },
      {
        "tag": "s5",
        "type": "section",
        "text": "\n"
      }
    ]
  },
  "8": {
    "verseObjects": [
      {
        "type": "text",
        "text": "जब वह राजा हुआ, तब पच्चीस वर्ष का था; और वह यरूशलेम में सोलह वर्ष तक राज्य करता रहा।\n"
      }
    ]
  },
  "9": {
    "verseObjects": [
      {
        "type": "text",
        "text": "अन्त में योताम मर कर अपने पुरखाओं के संग जा मिला और उसे दाऊदपुर में मिट्टी दी गई। और उसका पुत्र आहाज उसके स्थान पर राज्य करने लगा।\n\n"
      },
      {
        "tag": "s5",
        "type": "section",
        "text": "\n"
      }
    ]
  },
  "front": {
    "verseObjects": [
      {
        "tag": "s",
        "type": "section",
        "text": "योताम का राज्य\n"
      },
      {
        "tag": "p",
        "type": "paragraph",
        "text": "\n"
      }
    ]
  }
}