{
  "1": {
    "verseObjects": [
      {
        "type": "text",
        "text": "फिर हिजकिय्याह ने सारे इस्राएल और यहूदा में कहला भेजा, और एप्रैम और मनश्शे के पास इस आशय के पत्र लिख भेजे, कि तुम यरूशलेम को यहोवा के भवन में इस्राएल के परमेश्‍वर यहोवा के लिये फसह मनाने को आओ।\n"
      }
    ]
  },
  "2": {
    "verseObjects": [
      {
        "type": "text",
        "text": "राजा और उसके हाकिमों और यरूशलेम की मण्डली ने सम्मति की थी कि फसह को दूसरे महीने में मनाएँ।\n"
      }
    ]
  },
  "3": {
    "verseObjects": [
      {
        "type": "text",
        "text": "वे उसे उस समय इस कारण न मना सकते थे, क्योंकि थोड़े ही याजकों ने अपने-अपने को पवित्र किया था, और प्रजा के लोग यरूशलेम में इकट्ठे न हुए थे।\n"
      },
      {
        "tag": "s5",
        "nextChar": "\n",
        "type": "section"
      }
    ]
  },
  "4": {
    "verseObjects": [
      {
        "type": "text",
        "text": "यह बात राजा और सारी मण्डली को अच्छी लगी।\n"
      }
    ]
  },
  "5": {
    "verseObjects": [
      {
        "type": "text",
        "text": "तब उन्होंने यह ठहरा दिया, कि बेर्शेबा से लेकर दान के सारे इस्राएलियों में यह प्रचार किया जाये, कि यरूशलेम में इस्राएल के परमेश्‍वर यहोवा के लिये फसह मनाने को चले आओ; क्योंकि उन्होंने इतनी बड़ी संख्या में उसको इस प्रकार न मनाया था* जैसा कि लिखा है।\n"
      },
      {
        "tag": "s5",
        "nextChar": "\n",
        "type": "section"
      }
    ]
  },
  "6": {
    "verseObjects": [
      {
        "type": "text",
        "text": "इसलिए हरकारे राजा और उसके हाकिमों से चिट्ठियाँ लेकर, राजा की आज्ञा के अनुसार सारे इस्राएल और यहूदा में घूमे*, और यह कहते गए, “हे इस्राएलियों! अब्राहम, इसहाक, और इस्राएल के परमेश्‍वर यहोवा की ओर फिरो, कि वह अश्शूर के राजाओं के हाथ से बचे हुए तुम लोगों की ओर फिरे।\n"
      },
      {
        "tag": "s5",
        "nextChar": "\n",
        "type": "section"
      }
    ]
  },
  "7": {
    "verseObjects": [
      {
        "type": "text",
        "text": "और अपने पुरखाओं और भाइयों के समान मत बनो, जिन्होंने अपने पूर्वजों के परमेश्‍वर यहोवा से विश्वासघात किया था, और उसने उन्हें चकित होने का कारण कर दिया, जैसा कि तुम स्वयं देख रहे हो।\n"
      }
    ]
  },
  "8": {
    "verseObjects": [
      {
        "type": "text",
        "text": "अब अपने पुरखाओं के समान हठ न करो, वरन् यहोवा के अधीन होकर उसके उस पवित्रस्‍थान में आओ जिसे उसने सदा के लिये पवित्र किया है, और अपने परमेश्‍वर यहोवा की उपासना करो, कि उसका भड़का हुआ क्रोध तुम पर से दूर हो जाए।\n"
      }
    ]
  },
  "9": {
    "verseObjects": [
      {
        "type": "text",
        "text": "यदि तुम यहोवा की ओर फिरोगे तो जो तुम्हारे भाइयों और बाल-बच्चों को बन्दी बनाकर ले गए हैं, वे उन पर दया करेंगे, और वे इस देश में लौट सकेंगे क्योंकि तुम्हारा परमेश्‍वर यहोवा अनुग्रहकारी और दयालु है, और यदि तुम उसकी ओर फिरोगे तो वह अपना मुँह तुम से न मोड़ेगा।” \n"
      },
      {
        "tag": "s5",
        "nextChar": "\n",
        "type": "section"
      }
    ]
  },
  "10": {
    "verseObjects": [
      {
        "type": "text",
        "text": "इस प्रकार हरकारे एप्रैम और मनश्शे के देशों में नगर-नगर होते हुए जबूलून तक गए; परन्तु उन्होंने उनकी हँसी की, और उन्हें उपहास में उड़ाया।\n"
      }
    ]
  },
  "11": {
    "verseObjects": [
      {
        "type": "text",
        "text": "तो भी आशेर, मनश्शे और जबूलून में से कुछ लोग दीन होकर यरूशलेम को आए।\n"
      }
    ]
  },
  "12": {
    "verseObjects": [
      {
        "type": "text",
        "text": "यहूदा में भी परमेश्‍वर की ऐसी शक्ति हुई, कि वे एक मन होकर, जो आज्ञा राजा और हाकिमों ने यहोवा के वचन के अनुसार दी थी, उसे मानने को तैयार हुए।\n"
      },
      {
        "tag": "s",
        "type": "section",
        "content": "फसह का मनाया जाना\n"
      },
      {
        "tag": "p",
        "nextChar": "\n",
        "type": "paragraph"
      },
      {
        "tag": "s5",
        "nextChar": "\n",
        "type": "section"
      }
    ]
  },
  "13": {
    "verseObjects": [
      {
        "type": "text",
        "text": "इस प्रकार अधिक लोग यरूशलेम में इसलिए इकट्ठे हुए, कि दूसरे महीने में अख़मीरी रोटी का पर्व मानें। और बहुत बड़ी सभा इकट्ठी हो गई।\n"
      }
    ]
  },
  "14": {
    "verseObjects": [
      {
        "type": "text",
        "text": "उन्होंने उठकर, यरूशलेम में की वेदियों और धूप जलाने के सब स्थानों को उठाकर किद्रोन नाले में फेंक दिया।\n"
      }
    ]
  },
  "15": {
    "verseObjects": [
      {
        "type": "text",
        "text": "तब दूसरे महीने के चौदहवें दिन को उन्होंने फसह के पशु बलि किए तब याजक और लेवीय लज्जित हुए और अपने को पवित्र करके होमबलियों को यहोवा के भवन में ले आए।\n"
      },
      {
        "tag": "s5",
        "nextChar": "\n",
        "type": "section"
      }
    ]
  },
  "16": {
    "verseObjects": [
      {
        "type": "text",
        "text": "वे अपने नियम के अनुसार, अर्थात् परमेश्‍वर के जन मूसा की व्यवस्था के अनुसार, अपने-अपने स्थान पर खड़े हुए, और याजकों ने रक्त को लेवियों के हाथ से लेकर छिड़क दिया।\n"
      }
    ]
  },
  "17": {
    "verseObjects": [
      {
        "type": "text",
        "text": "क्योंकि सभा में बहुत ऐसे थे जिन्होंने अपने को पवित्र न किया था; इसलिए सब अशुद्ध लोगों के फसह के पशुओं को बलि करने का अधिकार लेवियों को दिया गया, कि उनको यहोवा के लिये पवित्र करें। (यूह.11:55)\n"
      },
      {
        "tag": "s5",
        "nextChar": "\n",
        "type": "section"
      }
    ]
  },
  "18": {
    "verseObjects": [
      {
        "type": "text",
        "text": "बहुत से लोगों ने अर्थात् एप्रैम, मनश्शे, इस्साकार और जबूलून में से बहुतों ने अपने को शुद्ध नहीं किया था, तो भी वे फसह के पशु का माँस लिखी हुई विधि के विरुद्ध खाते थे। क्योंकि हिजकिय्याह ने उनके लिये यह प्रार्थना की थी, “यहोवा जो भला है, वह उन सभी के पाप ढाँप दे;\n"
      }
    ]
  },
  "19": {
    "verseObjects": [
      {
        "type": "text",
        "text": "जो परमेश्‍वर की अर्थात् अपने पूर्वजों के परमेश्‍वर यहोवा की खोज में मन लगाए हुए हैं, चाहे वे पवित्रस्‍थान की विधि के अनुसार शुद्ध न भी हों।” \n"
      }
    ]
  },
  "20": {
    "verseObjects": [
      {
        "type": "text",
        "text": "और यहोवा ने हिजकिय्याह की यह प्रार्थना सुनकर लोगों को चंगा किया।\n"
      },
      {
        "tag": "s5",
        "nextChar": "\n",
        "type": "section"
      }
    ]
  },
  "21": {
    "verseObjects": [
      {
        "type": "text",
        "text": "जो इस्राएली यरूशलेम में उपस्थित थे, वे सात दिन तक अख़मीरी रोटी का पर्व बड़े आनन्द से मनाते रहे; और प्रतिदिन लेवीय और याजक ऊँचे शब्द के बाजे यहोवा के लिये बजाकर यहोवा की स्तुति करते रहे।\n"
      }
    ]
  },
  "22": {
    "verseObjects": [
      {
        "type": "text",
        "text": "जितने लेवीय यहोवा का भजन बुद्धिमानी के साथ करते थे, उनको हिजकिय्याह ने शान्ति के वचन कहे। इस प्रकार वे मेलबलि चढ़ाकर और अपने पूर्वजों के परमेश्‍वर यहोवा के सम्मुख अंगीकार करते रहे और उस नियत पर्व के सातों दिन तक खाते रहे।\n"
      },
      {
        "tag": "s",
        "type": "section",
        "content": "फसह का दूसरी बार मनाया जाना\n"
      },
      {
        "tag": "p",
        "nextChar": "\n",
        "type": "paragraph"
      },
      {
        "tag": "s5",
        "nextChar": "\n",
        "type": "section"
      }
    ]
  },
  "23": {
    "verseObjects": [
      {
        "type": "text",
        "text": "तब सारी सभा ने सम्मति की कि हम और सात दिन पर्व मानेंगे; अतः उन्होंने और सात दिन आनन्द से पर्व मनाया*।\n"
      }
    ]
  },
  "24": {
    "verseObjects": [
      {
        "type": "text",
        "text": "क्योंकि यहूदा के राजा हिजकिय्याह ने सभा को एक हजार बछड़े और सात हजार भेड़-बकरियाँ दे दीं, और हाकिमों ने सभा को एक हजार बछड़े और दस हजार भेड़-बकरियाँ दीं, और बहुत से याजकों ने अपने को पवित्र किया।\n"
      },
      {
        "tag": "s5",
        "nextChar": "\n",
        "type": "section"
      }
    ]
  },
  "25": {
    "verseObjects": [
      {
        "type": "text",
        "text": "तब याजकों और लेवियों समेत यहूदा की सारी सभा, और इस्राएल से आए हुओं की सभा, और इस्राएल के देश से आए हुए, और यहूदा में रहनेवाले परदेशी, इन सभी ने आनन्द किया।\n"
      }
    ]
  },
  "26": {
    "verseObjects": [
      {
        "type": "text",
        "text": "इस प्रकार यरूशलेम में बड़ा आनन्द हुआ, क्योंकि दाऊद के पुत्र इस्राएल के राजा सुलैमान के दिनों से ऐसी बात यरूशलेम में न हुई थी।\n"
      }
    ]
  },
  "27": {
    "verseObjects": [
      {
        "type": "text",
        "text": "अन्त में लेवीय याजकों ने खड़े होकर प्रजा को आशीर्वाद दिया, और उनकी सुनी गई, और उनकी प्रार्थना उसके पवित्र धाम तक अर्थात् स्वर्ग तक पहुँची।\n\n"
      },
      {
        "tag": "s5",
        "nextChar": "\n",
        "type": "section"
      }
    ]
  },
  "front": {
    "verseObjects": [
      {
        "tag": "s",
        "type": "section",
        "content": "हिजकिय्याह द्वारा फसह पर्व की तैयारी\n"
      },
      {
        "tag": "p",
        "nextChar": "\n",
        "type": "paragraph"
      }
    ]
  }
}