{
  "1": {
    "verseObjects": [
      {
        "type": "text",
        "text": "जब मनश्शे राज्य करने लगा तब वह बारह वर्ष का था, और यरूशलेम में पचपन वर्ष तक राज्य करता रहा।\n"
      }
    ]
  },
  "2": {
    "verseObjects": [
      {
        "type": "text",
        "text": "उसने वह किया, जो यहोवा की दृष्टि में बुरा था, अर्थात् उन जातियों के घिनौने कामों के अनुसार जिनको यहोवा ने इस्राएलियों के सामने से देश से निकाल दिया था।\n"
      }
    ]
  },
  "3": {
    "verseObjects": [
      {
        "type": "text",
        "text": "उसने उन ऊँचे स्थानों को जिन्हें उसके पिता हिजकिय्याह ने तोड़ दिया था, फिर बनाया, और बाल नामक देवताओं के लिये वेदियाँ और अशेरा नामक मूरतें बनाईं, और आकाश के सारे गणों को दण्डवत् करता, और उनकी उपासना करता रहा।\n"
      },
      {
        "tag": "s5",
        "nextChar": "\n",
        "type": "section"
      }
    ]
  },
  "4": {
    "verseObjects": [
      {
        "type": "text",
        "text": "उसने यहोवा के उस भवन में वेदियाँ बनाईं जिसके विषय यहोवा ने कहा था “यरूशलेम में मेरा नाम सदा बना रहेगा।” \n"
      }
    ]
  },
  "5": {
    "verseObjects": [
      {
        "type": "text",
        "text": "वरन् यहोवा के भवन के दोनों आँगनों में भी उसने आकाश के सारे गणों के लिये वेदियाँ बनाईं।\n"
      }
    ]
  },
  "6": {
    "verseObjects": [
      {
        "type": "text",
        "text": "फिर उसने हिन्नोम के बेटे की तराई में अपने बेटों को होम करके चढ़ाया, और शुभ-अशुभ मुहूर्त्तों को मानता, और टोना और तंत्र-मंत्र करता, और ओझों और भूतसिद्धिवालों से सम्बन्ध रखता था। वरन् उसने ऐसे बहुत से काम किए, जो यहोवा की दृष्टि में बुरे हैं और जिनसे वह अप्रसन्न होता है।\n"
      },
      {
        "tag": "s5",
        "nextChar": "\n",
        "type": "section"
      }
    ]
  },
  "7": {
    "verseObjects": [
      {
        "type": "text",
        "text": "और उसने अपनी खुदवाई हुई मूर्ति परमेश्‍वर के उस भवन में स्थापित की जिसके विषय परमेश्‍वर ने दाऊद और उसके पुत्र सुलैमान से कहा था, “इस भवन में, और यरूशलेम में, जिसको मैंने इस्राएल के सब गोत्रों में से चुन लिया है मैं अपना नाम सर्वदा रखूँगा,\n"
      }
    ]
  },
  "8": {
    "verseObjects": [
      {
        "type": "text",
        "text": "और मैं ऐसा न करूँगा कि जो देश मैंने तुम्हारे पुरखाओं को दिया था, उसमें से इस्राएल फिर मारा-मारा फिरे; इतना अवश्य हो कि वे मेरी सब आज्ञाओं को अर्थात् मूसा की दी हुई सारी व्यवस्था और विधियों और नियमों को पालन करने की चौकसी करें।” \n"
      }
    ]
  },
  "9": {
    "verseObjects": [
      {
        "type": "text",
        "text": "मनश्शे ने यहूदा और यरूशलेम के निवासियों को यहाँ तक भटका दिया कि उन्होंने उन जातियों से भी बढ़कर बुराई की, जिन्हें यहोवा ने इस्राएलियों के सामने से विनाश किया था।\n"
      },
      {
        "tag": "s",
        "type": "section",
        "content": "मनश्शे का पश्चाताप\n"
      },
      {
        "tag": "p",
        "nextChar": "\n",
        "type": "paragraph"
      },
      {
        "tag": "s5",
        "nextChar": "\n",
        "type": "section"
      }
    ]
  },
  "10": {
    "verseObjects": [
      {
        "type": "text",
        "text": "यहोवा ने मनश्शे और उसकी प्रजा से बातें की, परन्तु उन्होंने कुछ ध्यान नहीं दिया।\n"
      }
    ]
  },
  "11": {
    "verseObjects": [
      {
        "type": "text",
        "text": "तब यहोवा ने उन पर अश्शूर के सेनापतियों से चढ़ाई कराई, और वे मनश्शे को नकेल डालकर, और पीतल की बेड़ियों से जकड़कर, उसे बाबेल को ले गए*।\n"
      },
      {
        "tag": "s5",
        "nextChar": "\n",
        "type": "section"
      }
    ]
  },
  "12": {
    "verseObjects": [
      {
        "type": "text",
        "text": "तब संकट में पड़कर वह अपने परमेश्‍वर यहोवा को मानने लगा, और अपने पूर्वजों के परमेश्‍वर के सामने बहुत दीन हुआ, और उससे प्रार्थना की।\n"
      }
    ]
  },
  "13": {
    "verseObjects": [
      {
        "type": "text",
        "text": "तब उसने प्रसन्‍न होकर उसकी विनती सुनी, और उसको यरूशलेम में पहुँचाकर उसका राज्य लौटा दिया। तब मनश्शे को निश्चय हो गया कि यहोवा ही परमेश्‍वर है।\n"
      },
      {
        "tag": "s5",
        "nextChar": "\n",
        "type": "section"
      }
    ]
  },
  "14": {
    "verseObjects": [
      {
        "type": "text",
        "text": "इसके बाद उसने दाऊदपुर से बाहर गीहोन के पश्चिम की ओर नाले में मछली फाटक तक एक शहरपनाह बनवाई, फिर ओपेल को घेरकर बहुत ऊँचा कर दिया; और यहूदा के सब गढ़वाले नगरों में सेनापति ठहरा दिए।\n"
      }
    ]
  },
  "15": {
    "verseObjects": [
      {
        "type": "text",
        "text": "फिर उसने पराये देवताओं को और यहोवा के भवन में की मूर्ति को, और जितनी वेदियाँ उसने यहोवा के भवन के पर्वत पर, और यरूशलेम में बनवाई थीं, उन सबको दूर करके नगर से बाहर फेंकवा दिया।\n"
      },
      {
        "tag": "s5",
        "nextChar": "\n",
        "type": "section"
      }
    ]
  },
  "16": {
    "verseObjects": [
      {
        "type": "text",
        "text": "तब उसने यहोवा की वेदी की मरम्मत की, और उस पर मेलबलि और धन्यवाद-बलि चढ़ाने लगा, और यहूदियों को इस्राएल के परमेश्‍वर यहोवा की उपासना करने की आज्ञा दी।\n"
      }
    ]
  },
  "17": {
    "verseObjects": [
      {
        "type": "text",
        "text": "तो भी प्रजा के लोग ऊँचे स्थानों पर बलिदान करते रहे, परन्तु केवल अपने परमेश्‍वर यहोवा के लिये।\n"
      },
      {
        "tag": "s",
        "type": "section",
        "content": "मनश्शे की मृत्यु\n"
      },
      {
        "tag": "p",
        "nextChar": "\n",
        "type": "paragraph"
      },
      {
        "tag": "s5",
        "nextChar": "\n",
        "type": "section"
      }
    ]
  },
  "18": {
    "verseObjects": [
      {
        "type": "text",
        "text": "मनश्शे के और काम, और उसने जो प्रार्थना अपने परमेश्‍वर से की, और उन दर्शियों के वचन जो इस्राएल के परमेश्‍वर यहोवा के नाम से उससे बातें करते थे, यह सब इस्राएल के राजाओं के इतिहास में लिखा हुआ है।\n"
      }
    ]
  },
  "19": {
    "verseObjects": [
      {
        "type": "text",
        "text": "और उसकी प्रार्थना और वह कैसे सुनी गई, और उसका सारा पाप और विश्वासघात और उसने दीन होने से पहले कहाँ-कहाँ ऊँचे स्थान बनवाए, और अशेरा नामक और खुदी हुई मूर्तियाँ खड़ी कराईं, यह सब होशे के वचनों में लिखा है।\n"
      }
    ]
  },
  "20": {
    "verseObjects": [
      {
        "type": "text",
        "text": "अन्त में मनश्शे मर कर अपने पुरखाओं के संग जा मिला और उसे उसी के घर में मिट्टी दी गई; और उसका पुत्र आमोन उसके स्थान पर राज्य करने लगा।\n"
      },
      {
        "tag": "s",
        "type": "section",
        "content": "आमोन का राज्य\n"
      },
      {
        "tag": "p",
        "nextChar": "\n",
        "type": "paragraph"
      },
      {
        "tag": "s5",
        "nextChar": "\n",
        "type": "section"
      }
    ]
  },
  "21": {
    "verseObjects": [
      {
        "type": "text",
        "text": "जब आमोन राज्य करने लगा, तब वह बाईस वर्ष का था, और यरूशलेम में दो वर्ष तक राज्य करता रहा।\n"
      }
    ]
  },
  "22": {
    "verseObjects": [
      {
        "type": "text",
        "text": "उसने अपने पिता मनश्शे के समान वह किया जो यहोवा की दृष्टि में बुरा है। और जितनी मूर्तियाँ उसके पिता मनश्शे ने खोदकर बनवाई थीं, वह भी उन सभी के सामने बलिदान करता और उन सभी की उपासना भी करता था।\n"
      }
    ]
  },
  "23": {
    "verseObjects": [
      {
        "type": "text",
        "text": "जैसे उसका पिता मनश्शे यहोवा के सामने दीन हुआ, वैसे वह दीन न हुआ, वरन् आमोन अधिक दोषी होता गया।\n"
      },
      {
        "tag": "s5",
        "nextChar": "\n",
        "type": "section"
      }
    ]
  },
  "24": {
    "verseObjects": [
      {
        "type": "text",
        "text": "उसके कर्मचारियों ने द्रोह की गोष्ठी करके, उसको उसी के भवन में मार डाला।\n"
      }
    ]
  },
  "25": {
    "verseObjects": [
      {
        "type": "text",
        "text": "तब साधारण लोगों ने उन सभी को मार डाला, जिन्होंने राजा आमोन से द्रोह की गोष्ठी की थी; और लोगों ने उसके पुत्र योशिय्याह को उसके स्थान पर राजा बनाया।\n\n"
      },
      {
        "tag": "s5",
        "nextChar": "\n",
        "type": "section"
      }
    ]
  },
  "front": {
    "verseObjects": [
      {
        "tag": "s",
        "type": "section",
        "content": "मनश्शे का राज्य\n"
      },
      {
        "tag": "p",
        "nextChar": "\n",
        "type": "paragraph"
      }
    ]
  }
}