{
  "1": {
    "verseObjects": [
      {
        "type": "text",
        "text": "इस प्रकार सुलैमान ने यहोवा के भवन के लिये जो-जो काम बनवाया वह सब पूरा हो गया। तब सुलैमान ने अपने पिता दाऊद के पवित्र किए हुए सोने, चाँदी और सब पात्रों को भीतर पहुँचाकर परमेश्‍वर के भवन के भण्डारों में रखवा दिया। (2 राजा. 7:51)\n"
      },
      {
        "tag": "s5",
        "nextChar": "\n",
        "type": "section"
      }
    ]
  },
  "2": {
    "verseObjects": [
      {
        "type": "text",
        "text": "तब सुलैमान ने इस्राएल के पुरनियों को और गोत्रों के सब मुख्य पुरुष, जो इस्राएलियों के पितरों के घरानों के प्रधान थे, उनको भी यरूशलेम में इस उद्देश्य से इकट्ठा किया कि वे यहोवा की वाचा का सन्दूक दाऊदपुर से अर्थात् सिय्योन से ऊपर ले आएँ।\n"
      }
    ]
  },
  "3": {
    "verseObjects": [
      {
        "type": "text",
        "text": "सब इस्राएली पुरुष सातवें महीने के पर्व के समय राजा के पास इकट्ठा हुए।\n"
      },
      {
        "tag": "s5",
        "nextChar": "\n",
        "type": "section"
      }
    ]
  },
  "4": {
    "verseObjects": [
      {
        "type": "text",
        "text": "जब इस्राएल के सब पुरनिये आए, तब लेवियों ने सन्दूक को उठा लिया*।\n"
      }
    ]
  },
  "5": {
    "verseObjects": [
      {
        "type": "text",
        "text": "और लेवीय याजक सन्दूक और मिलापवाले तम्बू और जितने पवित्र पात्र उस तम्बू में थे उन सभी को ऊपर ले गए।\n"
      }
    ]
  },
  "6": {
    "verseObjects": [
      {
        "type": "text",
        "text": "और राजा सुलैमान और सब इस्राएली मण्डली के लोग जो उसके पास इकट्ठा हुए थे, उन्होंने सन्दूक के सामने इतने भेड़ और बैल बलि किए, जिनकी गिनती और हिसाब बहुतायत के कारण न हो सकता था।\n"
      },
      {
        "tag": "s5",
        "nextChar": "\n",
        "type": "section"
      }
    ]
  },
  "7": {
    "verseObjects": [
      {
        "type": "text",
        "text": "तब याजकों ने यहोवा की वाचा का सन्दूक उसके स्थान में, अर्थात् भवन की भीतरी कोठरी में जो परमपवित्र स्थान है, पहुँचाकर, करूबों के पंखों के तले रख दिया। (1 राजा. 8:6-7)\n"
      }
    ]
  },
  "8": {
    "verseObjects": [
      {
        "type": "text",
        "text": "सन्दूक के स्थान के ऊपर करूब पंख फैलाए हुए थे, जिससे वे ऊपर से सन्दूक और उसके डंडों को ढाँके थे।\n"
      },
      {
        "tag": "s5",
        "nextChar": "\n",
        "type": "section"
      }
    ]
  },
  "9": {
    "verseObjects": [
      {
        "type": "text",
        "text": "डंडे तो इतने लम्बे थे, कि उनके सिरे सन्दूक से निकले हुए भीतरी कोठरी के सामने देख पड़ते थे, परन्तु बाहर से वे दिखाई न पड़ते थे। वे आज के दिन तक वहीं हैं।\n"
      }
    ]
  },
  "10": {
    "verseObjects": [
      {
        "type": "text",
        "text": "सन्दूक में पत्थर की उन दो पटियाओं को छोड़ कुछ न था, जिन्हें मूसा ने होरेब में उसके भीतर उस समय रखा, जब यहोवा ने इस्राएलियों के मिस्र से निकलने के बाद उनके साथ वाचा बाँधी थी।\n"
      },
      {
        "tag": "s",
        "type": "section",
        "content": "परमेश्‍वर की महिमा\n"
      },
      {
        "tag": "p",
        "nextChar": "\n",
        "type": "paragraph"
      },
      {
        "tag": "s5",
        "nextChar": "\n",
        "type": "section"
      }
    ]
  },
  "11": {
    "verseObjects": [
      {
        "type": "text",
        "text": "जब याजक पवित्रस्‍थान से निकले (जितने याजक उपस्थित थे, उन सभी ने अपने-अपने को पवित्र किया था, और अलग-अलग दलों में होकर सेवा न करते थे;\n"
      }
    ]
  },
  "12": {
    "verseObjects": [
      {
        "type": "text",
        "text": "और जितने लेवीय गायक थे, वे सब के सब अर्थात् पुत्रों और भाइयों समेत आसाप, हेमान और यदूतून सन के वस्त्र पहने झाँझ, सारंगियाँ और वीणाएँ लिये हुए, वेदी के पूर्व की ओर खड़े थे, और उनके साथ एक सौ बीस याजक तुरहियां बजा रहे थे।)\n"
      }
    ]
  },
  "13": {
    "verseObjects": [
      {
        "type": "text",
        "text": "और जब तुरहियां बजानेवाले और गानेवाले एक स्वर से यहोवा की स्तुति और धन्यवाद करने लगे, और तुरहियां, झाँझ आदि बाजे बजाते हुए यहोवा की यह स्तुति ऊँचे शब्द से करने लगे, “वह भला है और उसकी करुणा सदा की है,” तब यहोवा के भवन में बादल छा गया,*\n"
      }
    ]
  },
  "14": {
    "verseObjects": [
      {
        "type": "text",
        "text": "और बादल के कारण याजक लोग सेवा-टहल करने को खड़े न रह सके, क्योंकि यहोवा का तेज परमेश्‍वर के भवन में भर गया था। (प्रका. 15:8, निर्ग. 40:35)\n\n"
      },
      {
        "tag": "s5",
        "nextChar": "\n",
        "type": "section"
      }
    ]
  },
  "front": {
    "verseObjects": [
      {
        "tag": "s",
        "type": "section",
        "content": "पवित्र सन्दूक मन्दिर में लाया जाना\n"
      },
      {
        "tag": "p",
        "nextChar": "\n",
        "type": "paragraph"
      }
    ]
  }
}