{
  "1": {
    "verseObjects": [
      {
        "type": "text",
        "text": "तब सुलैमान कहने लगा,\n"
      },
      {
        "tag": "q",
        "type": "quote",
        "text": "“यहोवा ने कहा था, कि मैं घोर अंधकार मैं वास किए रहूँगा।\n"
      },
      {
        "tag": "q",
        "nextChar": "\n",
        "type": "quote"
      }
    ]
  },
  "2": {
    "verseObjects": [
      {
        "type": "text",
        "text": "परन्तु मैंने तेरे लिये एक वासस्थान वरन् ऐसा दृढ़ स्थान बनाया है, जिसमें तू युग-युग रहे।”\n"
      },
      {
        "tag": "p",
        "type": "paragraph",
        "text": "(भज. 132:13-14)\n"
      }
    ]
  },
  "3": {
    "verseObjects": [
      {
        "type": "text",
        "text": "तब राजा ने इस्राएल की पूरी सभा की ओर मुँह फेरकर उसको आशीर्वाद दिया, और इस्राएल की पूरी सभा खड़ी रही।\n"
      },
      {
        "tag": "s5",
        "nextChar": "\n",
        "type": "section"
      }
    ]
  },
  "4": {
    "verseObjects": [
      {
        "type": "text",
        "text": "और उसने कहा, “धन्य है इस्राएल का परमेश्‍वर यहोवा, जिसने अपने मुँह से मेरे पिता दाऊद को यह वचन दिया था, और अपने हाथों से इसे पूरा किया है,\n"
      }
    ]
  },
  "5": {
    "verseObjects": [
      {
        "type": "text",
        "text": "‘जिस दिन से मैं अपनी प्रजा को मिस्र देश से निकाल लाया, तब से मैंने न तो इस्राएल के किसी गोत्र का कोई नगर चुना जिसमें मेरे नाम के निवास के लिये भवन बनाया जाए, और न कोई मनुष्य चुना कि वह मेरी प्रजा इस्राएल पर प्रधान हो।\n"
      }
    ]
  },
  "6": {
    "verseObjects": [
      {
        "type": "text",
        "text": "परन्तु मैंने यरूशलेम को इसलिए चुना है, कि मेरा नाम वहाँ हो, और दाऊद को चुन लिया है कि वह मेरी प्रजा इस्राएल पर प्रधान हो।’\n"
      },
      {
        "tag": "s5",
        "nextChar": "\n",
        "type": "section"
      }
    ]
  },
  "7": {
    "verseObjects": [
      {
        "type": "text",
        "text": "मेरे पिता दाऊद की यह इच्छा थी कि इस्राएल के परमेश्‍वर यहोवा के नाम का एक भवन बनवाए।\n"
      }
    ]
  },
  "8": {
    "verseObjects": [
      {
        "type": "text",
        "text": "परन्तु यहोवा ने मेरे पिता दाऊद से कहा, ‘तेरी जो इच्छा है कि यहोवा के नाम का एक भवन बनाए, ऐसी इच्छा करके तूने भला तो किया; (1 राजा. 8:18)\n"
      }
    ]
  },
  "9": {
    "verseObjects": [
      {
        "type": "text",
        "text": "तो भी तू उस भवन को बनाने न पाएगा : तेरा जो निज पुत्र होगा, वही मेरे नाम का भवन बनाएगा।’\n"
      },
      {
        "tag": "s5",
        "nextChar": "\n",
        "type": "section"
      }
    ]
  },
  "10": {
    "verseObjects": [
      {
        "type": "text",
        "text": "यह वचन जो यहोवा ने कहा था, उसे उसने पूरा भी किया है; और मैं अपने पिता दाऊद के स्थान पर उठकर यहोवा के वचन के अनुसार इस्राएल की गद्दी पर विराजमान हूँ, और इस्राएल के परमेश्‍वर यहोवा के नाम के इस भवन को बनाया है। (1 राजा. 2:12)\n"
      }
    ]
  },
  "11": {
    "verseObjects": [
      {
        "type": "text",
        "text": "इसमें मैंने उस सन्दूक को रख दिया है, जिसमें यहोवा की वह वाचा है, जो उसने इस्राएलियों से बाँधी थी।”\n"
      },
      {
        "tag": "s",
        "type": "section",
        "content": "सुलैमान की प्रार्थना\n"
      },
      {
        "tag": "p",
        "nextChar": "\n",
        "type": "paragraph"
      },
      {
        "tag": "s5",
        "nextChar": "\n",
        "type": "section"
      }
    ]
  },
  "12": {
    "verseObjects": [
      {
        "type": "text",
        "text": "तब वह इस्राएल की सारी सभा के देखते यहोवा की वेदी के सामने खड़ा हुआ और अपने हाथ फैलाएं।\n"
      }
    ]
  },
  "13": {
    "verseObjects": [
      {
        "type": "text",
        "text": "सुलैमान ने पाँच हाथ लम्बी, पाँच हाथ चौड़ी और तीन हाथ ऊँची पीतल की एक चौकी बनाकर आँगन के बीच रखवाई थी; उसी पर खड़े होकर उसने सारे इस्राएल की सभा के सामने घुटने टेककर स्वर्ग की ओर हाथ फैलाएं हुए कहा,\n"
      },
      {
        "tag": "s5",
        "nextChar": "\n",
        "type": "section"
      }
    ]
  },
  "14": {
    "verseObjects": [
      {
        "type": "text",
        "text": "“हे यहोवा, हे इस्राएल के परमेश्‍वर, तेरे समान न तो स्वर्ग में और न पृथ्वी पर कोई परमेश्‍वर है: तेरे जो दास अपने सारे मन से अपने को तेरे सम्मुख जानकर चलते हैं, उनके लिये तू अपनी वाचा पूरी करता और करुणा करता रहता है।\n"
      }
    ]
  },
  "15": {
    "verseObjects": [
      {
        "type": "text",
        "text": "तूने जो वचन मेरे पिता दाऊद को दिया था, उसका तूने पालन किया है; जैसा तूने अपने मुँह से कहा था, वैसा ही अपने हाथ से उसको हमारी आँखों के सामने पूरा भी किया है।\n"
      },
      {
        "tag": "s5",
        "nextChar": "\n",
        "type": "section"
      }
    ]
  },
  "16": {
    "verseObjects": [
      {
        "type": "text",
        "text": "इसलिए अब हे इस्राएल के परमेश्‍वर यहोवा, इस वचन को भी पूरा कर, जो तूने अपने दास मेरे पिता दाऊद को दिया था, ‘तेरे कुल में मेरे सामने इस्राएल की गद्दी पर विराजनेवाले सदा बने रहेंगे, यह हो कि जैसे तू अपने को मेरे सम्मुख जानकर चलता रहा, वैसे ही तेरे वंश के लोग अपनी चाल चलन में ऐसी चौकसी करें, कि मेरी व्यवस्था पर चलें।’\n"
      }
    ]
  },
  "17": {
    "verseObjects": [
      {
        "type": "text",
        "text": "अब हे इस्राएल के परमेश्‍वर यहोवा, जो वचन तूने अपने दास दाऊद को दिया था, वह सच्चा किया जाए।\n"
      },
      {
        "tag": "p",
        "nextChar": "\n",
        "type": "paragraph"
      },
      {
        "tag": "s5",
        "nextChar": "\n",
        "type": "section"
      }
    ]
  },
  "18": {
    "verseObjects": [
      {
        "type": "text",
        "text": "“परन्तु क्या परमेश्‍वर सचमुच मनुष्यों के संग पृथ्वी पर वास करेगा? स्वर्ग में वरन् सबसे ऊँचे स्वर्ग में भी तू नहीं समाता, फिर मेरे बनाए हुए इस भवन में तू कैसे समाएगा?\n"
      }
    ]
  },
  "19": {
    "verseObjects": [
      {
        "type": "text",
        "text": "तो भी हे मेरे परमेश्‍वर यहोवा, अपने दास की प्रार्थना और गिड़गिड़ाहट की ओर ध्यान दे और मेरी पुकार और यह प्रार्थना सुन, जो मैं तेरे सामने कर रहा हूँ।\n"
      }
    ]
  },
  "20": {
    "verseObjects": [
      {
        "type": "text",
        "text": "वह यह है कि तेरी आँखें इस भवन की ओर, अर्थात् इसी स्थान की ओर जिसके विषय में तूने कहा है कि मैं उसमें अपना नाम रखूँगा, रात-दिन खुली रहें, और जो प्रार्थना तेरा दास इस स्थान की ओर करे, उसे तू सुन ले।\n"
      },
      {
        "tag": "s5",
        "nextChar": "\n",
        "type": "section"
      }
    ]
  },
  "21": {
    "verseObjects": [
      {
        "type": "text",
        "text": "और अपने दास, और अपनी प्रजा इस्राएल की प्रार्थना जिसको वे इस स्थान की ओर मुँह किए हुए गिड़गिड़ाकर करें, उसे सुन लेना; स्वर्ग में से जो तेरा निवास-स्थान है, सुन लेना; और सुनकर क्षमा करना।\n"
      },
      {
        "tag": "p",
        "nextChar": "\n",
        "type": "paragraph"
      },
      {
        "tag": "s5",
        "nextChar": "\n",
        "type": "section"
      }
    ]
  },
  "22": {
    "verseObjects": [
      {
        "type": "text",
        "text": "“जब कोई मनुष्य किसी दूसरे के विरुद्ध अपराध करे और उसको शपथ खिलाई जाए, और वह आकर इस भवन में तेरी वेदी के सामने शपथ खाए,\n"
      }
    ]
  },
  "23": {
    "verseObjects": [
      {
        "type": "text",
        "text": "तब तू स्वर्ग में से सुनना और मानना, और अपने दासों का न्याय करके दुष्ट को बदला देना, और उसकी चाल उसी के सिर लौटा देना, और निर्दोष को निर्दोष ठहराकर, उसके धार्मिकता के अनुसार उसको फल देना।\n"
      },
      {
        "tag": "p",
        "nextChar": "\n",
        "type": "paragraph"
      },
      {
        "tag": "s5",
        "nextChar": "\n",
        "type": "section"
      }
    ]
  },
  "24": {
    "verseObjects": [
      {
        "type": "text",
        "text": "“फिर यदि तेरी प्रजा इस्राएल तेरे विरुद्ध पाप करने के कारण अपने शत्रुओं से हार जाए, और तेरी ओर फिरकर तेरा नाम मानें, और इस भवन में तुझ से प्रार्थना करें और गिड़गिड़ाए,\n"
      }
    ]
  },
  "25": {
    "verseObjects": [
      {
        "type": "text",
        "text": "तो तू स्वर्ग में से सुनना; और अपनी प्रजा इस्राएल का पाप क्षमा करना, और उन्हें इस देश में लौटा ले आना जिसे तूने उनको और उनके पुरखाओं को दिया है।\n"
      },
      {
        "tag": "p",
        "nextChar": "\n",
        "type": "paragraph"
      },
      {
        "tag": "s5",
        "nextChar": "\n",
        "type": "section"
      }
    ]
  },
  "26": {
    "verseObjects": [
      {
        "type": "text",
        "text": "“जब वे तेरे विरुद्ध पाप करें, और इस कारण आकाश इतना बन्द हो जाए कि वर्षा न हो, ऐसे समय यदि वे इस स्थान की ओर प्रार्थना करके तेरे नाम को मानें, और तू जो उन्हें दुःख देता है, इस कारण वे अपने पाप से फिरें,\n"
      }
    ]
  },
  "27": {
    "verseObjects": [
      {
        "type": "text",
        "text": "तो तू स्वर्ग में से सुनना, और अपने दासों और अपनी प्रजा इस्राएल के पाप को क्षमा करना; तू जो उनको वह भला मार्ग दिखाता है जिस पर उन्हें चलना चाहिये, इसलिए अपने इस देश पर जिसे तूने अपनी प्रजा का भाग कर के दिया है, पानी बरसा देना।\n"
      },
      {
        "tag": "p",
        "nextChar": "\n",
        "type": "paragraph"
      },
      {
        "tag": "s5",
        "nextChar": "\n",
        "type": "section"
      }
    ]
  },
  "28": {
    "verseObjects": [
      {
        "type": "text",
        "text": "“जब इस देश में अकाल या मरी या झुलस हो या गेरूई या टिड्डियाँ या कीड़े लगें, या उनके शत्रु उनके देश के फाटकों में उन्हें घेर रखें, या कोई विपत्ति या रोग हो;\n"
      }
    ]
  },
  "29": {
    "verseObjects": [
      {
        "type": "text",
        "text": "तब यदि कोई मनुष्य या तेरी सारी प्रजा इस्राएल जो अपना-अपना दुःख और अपना-अपना खेद जानकर और गिड़गिड़ाहट के साथ प्रार्थना करके अपने हाथ इस भवन की ओर फैलाएं;\n"
      }
    ]
  },
  "30": {
    "verseObjects": [
      {
        "type": "text",
        "text": "तो तू अपने स्वर्गीय निवास-स्थान से सुनकर क्षमा करना, और एक-एक के मन की जानकर उसकी चाल के अनुसार उसे फल देना; (तू ही तो आदमियों के मन का जाननेवाला है);\n"
      }
    ]
  },
  "31": {
    "verseObjects": [
      {
        "type": "text",
        "text": "कि वे जितने दिन इस देश में रहें, जिसे तूने उनके पुरखाओं को दिया था, उतने दिन तक तेरा भय मानते हुए तेरे मार्गों पर चलते रहें।\n"
      },
      {
        "tag": "p",
        "nextChar": "\n",
        "type": "paragraph"
      },
      {
        "tag": "s5",
        "nextChar": "\n",
        "type": "section"
      }
    ]
  },
  "32": {
    "verseObjects": [
      {
        "type": "text",
        "text": "“फिर परदेशी भी जो तेरी प्रजा इस्राएल का न हो, जब वह तेरे बड़े नाम और बलवन्त हाथ और बढ़ाई हुई भुजा के कारण दूर देश से आए, और आकर इस भवन की ओर मुँह किए हुए प्रार्थना करे,\n"
      }
    ]
  },
  "33": {
    "verseObjects": [
      {
        "type": "text",
        "text": "तब तू अपने स्वर्गीय निवास-स्थान में से सुने, और जिस बात के लिये ऐसा परदेशी तुझे पुकारे, उसके अनुसार करना; जिससे पृथ्वी के सब देशों के लोग तेरा नाम जानकर, तेरी प्रजा इस्राएल के समान तेरा भय मानें; और निश्चय करें, कि यह भवन जो मैंने बनाया है, वह तेरा ही कहलाता है।\n"
      },
      {
        "tag": "p",
        "nextChar": "\n",
        "type": "paragraph"
      },
      {
        "tag": "s5",
        "nextChar": "\n",
        "type": "section"
      }
    ]
  },
  "34": {
    "verseObjects": [
      {
        "type": "text",
        "text": "“जब तेरी प्रजा के लोग जहाँ कहीं तू उन्हें भेजे वहाँ अपने शत्रुओं से लड़ाई करने को निकल जाएँ, और इस नगर की ओर जिसे तूने चुना है, और इस भवन की ओर जिसे मैंने तेरे नाम का बनाया है, मुँह किए हुए तुझ से प्रार्थना करें,\n"
      }
    ]
  },
  "35": {
    "verseObjects": [
      {
        "type": "text",
        "text": "तब तू स्वर्ग में से उनकी प्रार्थना और गिड़गिड़ाहट सुनना, और उनका न्याय करना।\n"
      },
      {
        "tag": "p",
        "nextChar": "\n",
        "type": "paragraph"
      },
      {
        "tag": "s5",
        "nextChar": "\n",
        "type": "section"
      }
    ]
  },
  "36": {
    "verseObjects": [
      {
        "type": "text",
        "text": "“निष्पाप तो कोई मनुष्य नहीं है यदि वे भी तेरे विरुद्ध पाप करें और तू उन पर कोप करके उन्हें शत्रुओं के हाथ कर दे, और वे उन्हें बन्दी बनाकर किसी देश को, चाहे वह दूर हो, चाहे निकट, ले जाएँ,\n"
      }
    ]
  },
  "37": {
    "verseObjects": [
      {
        "type": "text",
        "text": "तो यदि वे बँधुआई के देश में सोच विचार करें, और फिरकर अपने बन्दी बनानेवालों के देश में तुझ से गिड़गिड़ाकर कहें, ‘हमने पाप किया, और कुटिलता और दुष्टता की है,’\n"
      }
    ]
  },
  "38": {
    "verseObjects": [
      {
        "type": "text",
        "text": "इसलिए यदि वे अपनी बँधुआई के देश में जहाँ वे उन्हें बन्दी बनाकर ले गए हों अपने पूरे मन और सारे जीव से तेरी ओर फिरें, और अपने इस देश की ओर जो तूने उनके पुरखाओं को दिया था, और इस नगर की ओर जिसे तूने चुना है, और इस भवन की ओर जिसे मैंने तेरे नाम का बनाया है, मुँह किए हुए तुझ से प्रार्थना करें,\n"
      }
    ]
  },
  "39": {
    "verseObjects": [
      {
        "type": "text",
        "text": "तो तू अपने स्वर्गीय निवास-स्थान में से उनकी प्रार्थना और गिड़गिड़ाहट सुनना, और उनका न्याय करना और जो पाप तेरी प्रजा के लोग तेरे विरुद्ध करें, उन्हें क्षमा करना।\n"
      }
    ]
  },
  "40": {
    "verseObjects": [
      {
        "type": "text",
        "text": "और हे मेरे परमेश्‍वर! जो प्रार्थना इस स्थान में की जाए उसकी ओर अपनी आँखें खोले रह और अपने कान लगाए रख।\n"
      },
      {
        "tag": "q",
        "nextChar": "\n",
        "type": "quote"
      }
    ]
  },
  "41": {
    "verseObjects": [
      {
        "type": "text",
        "text": "“अब हे यहोवा परमेश्‍वर, उठकर अपने सामर्थ्य के सन्दूक समेत अपने विश्रामस्थान में आ*,\n"
      },
      {
        "tag": "q",
        "type": "quote",
        "text": "हे यहोवा परमेश्‍वर तेरे याजक उद्धाररूपी वस्त्र पहने रहें,\n"
      },
      {
        "tag": "q",
        "type": "quote",
        "text": "और तेरे भक्त लोग भलाई के कारण आनन्द करते रहें।\n"
      },
      {
        "tag": "q",
        "nextChar": "\n",
        "type": "quote"
      }
    ]
  },
  "42": {
    "verseObjects": [
      {
        "type": "text",
        "text": "हे यहोवा परमेश्‍वर, अपने अभिषिक्त की प्रार्थना को अनसुनी न कर*,\n"
      },
      {
        "tag": "q",
        "type": "quote",
        "text": "तू अपने दास दाऊद पर की गई करुणा के काम स्मरण रख।”\n"
      },
      {
        "type": "text",
        "text": "\n"
      },
      {
        "tag": "s5",
        "nextChar": "\n",
        "type": "section"
      }
    ]
  },
  "front": {
    "verseObjects": [
      {
        "tag": "s",
        "type": "section",
        "content": "मन्दिर के लिए सुलैमान का समर्पण\n"
      },
      {
        "tag": "p",
        "nextChar": "\n",
        "type": "paragraph"
      }
    ]
  }
}