{
  "1": {
    "verseObjects": [
      {
        "type": "text",
        "text": "सुलैमान को यहोवा के भवन और अपने भवन के बनाने में बीस वर्ष लगे।\n"
      }
    ]
  },
  "2": {
    "verseObjects": [
      {
        "type": "text",
        "text": "तब जो नगर हीराम ने सुलैमान को दिए थे, उन्हें सुलैमान ने दृढ़ करके उनमें इस्राएलियों को बसाया।\n"
      },
      {
        "tag": "s5",
        "type": "section",
        "text": "\n"
      }
    ]
  },
  "3": {
    "verseObjects": [
      {
        "type": "text",
        "text": "तब सुलैमान सोबा के हमात* को जाकर, उस पर जयवन्त हुआ।\n"
      }
    ]
  },
  "4": {
    "verseObjects": [
      {
        "type": "text",
        "text": "उसने तदमोर को जो जंगल में है, और हमात के सब भण्डार-नगरों को दृढ़ किया।\n"
      },
      {
        "tag": "s5",
        "type": "section",
        "text": "\n"
      }
    ]
  },
  "5": {
    "verseObjects": [
      {
        "type": "text",
        "text": "फिर उसने ऊपरवाले और नीचेवाले दोनों बेथोरोन को शहरपनाह और फाटकों और बेंड़ों से दृढ़ किया।\n"
      }
    ]
  },
  "6": {
    "verseObjects": [
      {
        "type": "text",
        "text": "उसने बालात को और सुलैमान के जितने भण्डार-नगर थे और उसके रथों और सवारों के जितने नगर थे उनको, और जो कुछ सुलैमान ने यरूशलेम, लबानोन और अपने राज्य के सब देश में बनाना चाहा, उन सबको बनाया।\n"
      },
      {
        "tag": "s5",
        "type": "section",
        "text": "\n"
      }
    ]
  },
  "7": {
    "verseObjects": [
      {
        "type": "text",
        "text": "हित्तियों, एमोरियों, परिज्जियों, हिव्वियों और यबूसियों के बचे हुए लोग जो इस्राएल के न थे,\n"
      }
    ]
  },
  "8": {
    "verseObjects": [
      {
        "type": "text",
        "text": "उनके वंश जो उनके बाद देश में रह गए, और जिनका इस्राएलियों ने अन्त न किया था, उनमें से तो बहुतों को सुलैमान ने बेगार में रखा और आज तक उनकी वही दशा है।\n"
      },
      {
        "tag": "s5",
        "type": "section",
        "text": "\n"
      }
    ]
  },
  "9": {
    "verseObjects": [
      {
        "type": "text",
        "text": "परन्तु इस्राएलियों में से सुलैमान ने अपने काम के लिये किसी को दास न बनाया, वे तो योद्धा और उसके हाकिम, उसके सरदार और उसके रथों और सवारों के प्रधान हुए।\n"
      }
    ]
  },
  "10": {
    "verseObjects": [
      {
        "type": "text",
        "text": "सुलैमान के सरदारों के प्रधान जो प्रजा के लोगों पर प्रभुता करनेवाले थे, वे ढाई सौ थे।\n"
      },
      {
        "tag": "s5",
        "type": "section",
        "text": "\n"
      }
    ]
  },
  "11": {
    "verseObjects": [
      {
        "type": "text",
        "text": "फिर सुलैमान फ़िरौन की बेटी को दाऊदपुर में से उस भवन में ले आया जो उसने उसके लिये बनाया था, क्योंकि उसने कहा, “जिस-जिस स्थान में यहोवा का सन्दूक आया है, वह पवित्र है, इसलिए मेरी रानी इस्राएल के राजा दाऊद के भवन में न रहने पाएगी।”\n"
      },
      {
        "tag": "s5",
        "type": "section",
        "text": "\n"
      }
    ]
  },
  "12": {
    "verseObjects": [
      {
        "type": "text",
        "text": "तब सुलैमान ने यहोवा की उस वेदी पर जो उसने ओसारे के आगे बनाई थी, यहोवा को होमबलि चढ़ाई।\n"
      }
    ]
  },
  "13": {
    "verseObjects": [
      {
        "type": "text",
        "text": "वह मूसा की आज्ञा और प्रति-दिन के नियम के अनुसार, अर्थात् विश्राम और नये चाँद और प्रति वर्ष तीन बार ठहराए हुए पर्वों अर्थात् अख़मीरी रोटी के पर्व, और सप्ताहों के पर्व, और झोपड़ियों के पर्व में बलि चढ़ाया करता था।\n"
      },
      {
        "tag": "s5",
        "type": "section",
        "text": "\n"
      }
    ]
  },
  "14": {
    "verseObjects": [
      {
        "type": "text",
        "text": "उसने अपने पिता दाऊद के नियम के अनुसार याजकों के सेवाकार्यों के लिये उनके दल ठहराए, और लेवियों को उनके कामों पर ठहराया, कि हर एक दिन के प्रयोजन के अनुसार वे यहोवा की स्तुति और याजकों के सामने सेवा-टहल किया करें, और एक-एक फाटक के पास द्वारपालों को दल-दल करके ठहरा दिया; क्योंकि परमेश्‍वर के भक्त दाऊद ने ऐसी आज्ञा दी थी।\n"
      }
    ]
  },
  "15": {
    "verseObjects": [
      {
        "type": "text",
        "text": "राजा ने भण्डारों या किसी और बात के सम्बन्ध में याजकों और लेवियों को जो-जो आज्ञा दी थी, उन्होंने उसे न टाला।\n"
      },
      {
        "tag": "s5",
        "type": "section",
        "text": "\n"
      }
    ]
  },
  "16": {
    "verseObjects": [
      {
        "type": "text",
        "text": "सुलैमान का सब काम जो उसने यहोवा के भवन की नींव डालने से लेकर उसके पूरा करने तक किया वह ठीक हुआ। इस प्रकार यहोवा का भवन पूरा हुआ।\n"
      }
    ]
  },
  "17": {
    "verseObjects": [
      {
        "type": "text",
        "text": "तब सुलैमान एस्योनगेबेर और एलोत को गया, जो एदोम के देश में समुद्र के किनारे स्थित हैं।\n"
      }
    ]
  },
  "18": {
    "verseObjects": [
      {
        "type": "text",
        "text": "हीराम ने उसके पास अपने जहाजियों के द्वारा जहाज और समुद्र के जानकार मल्लाह भेज दिए, और उन्होंने सुलैमान के जहाजियों के संग ओपीर को जाकर वहाँ से साढ़े चार सौ किक्कार सोना राजा सुलैमान को ला दिया।\n\n"
      },
      {
        "tag": "s5",
        "type": "section",
        "text": "\n"
      }
    ]
  },
  "front": {
    "verseObjects": [
      {
        "tag": "s",
        "type": "section",
        "text": "सुलैमान का चरित्र\n"
      },
      {
        "tag": "p",
        "type": "paragraph",
        "text": "\n"
      }
    ]
  }
}