{
  "1": {
    "verseObjects": [
      {
        "text": "I",
        "tag": "w",
        "type": "word",
        "occurrence": 1,
        "occurrences": 1
      },
      {
        "type": "text",
        "text": ","
      },
      {
        "text": "John",
        "tag": "w",
        "type": "word",
        "occurrence": 1,
        "occurrences": 1
      },
      {
        "type": "text",
        "text": ","
      },
      {
        "text": "am",
        "tag": "w",
        "type": "word",
        "occurrence": 1,
        "occurrences": 1
      },
      {
        "text": "writing",
        "tag": "w",
        "type": "word",
        "occurrence": 1,
        "occurrences": 1
      },
      {
        "text": "to",
        "tag": "w",
        "type": "word",
        "occurrence": 1,
        "occurrences": 2
      },
      {
        "text": "you",
        "tag": "w",
        "type": "word",
        "occurrence": 1,
        "occurrences": 1
      },
      {
        "text": "about",
        "tag": "w",
        "type": "word",
        "occurrence": 1,
        "occurrences": 2
      },
      {
        "tag": "zaln",
        "type": "milestone",
        "strong": "G37390",
        "lemma": "ὅς",
        "morph": "Gr,RR,,,,NNS,",
        "occurrence": 1,
        "occurrences": 4,
        "content": "ὃ",
        "children": [
          {
            "text": "the",
            "tag": "w",
            "type": "word",
            "occurrence": 1,
            "occurrences": 4
          },
          {
            "text": "one",
            "tag": "w",
            "type": "word",
            "occurrence": 1,
            "occurrences": 3
          }
        ],
        "endTag": "zaln-e\\*"
      },
      {
        "tag": "zaln",
        "type": "milestone",
        "strong": "G15100",
        "lemma": "εἰμί",
        "morph": "Gr,V,IIA3,,S,",
        "occurrence": 1,
        "occurrences": 1,
        "content": "ἦν",
        "children": [
          {
            "text": "who",
            "tag": "w",
            "type": "word",
            "occurrence": 1,
            "occurrences": 2
          },
          {
            "text": "existed",
            "tag": "w",
            "type": "word",
            "occurrence": 1,
            "occurrences": 1
          }
        ],
        "endTag": "zaln-e\\*"
      },
      {
        "tag": "zaln",
        "type": "milestone",
        "strong": "G05750",
        "lemma": "ἀπό",
        "morph": "Gr,P,,,,,G,,,",
        "occurrence": 1,
        "occurrences": 1,
        "content": "ἀπ’",
        "children": [
          {
            "tag": "zaln",
            "type": "milestone",
            "strong": "G07460",
            "lemma": "ἀρχή",
            "morph": "Gr,N,,,,,GFS,",
            "occurrence": 1,
            "occurrences": 1,
            "content": "ἀρχῆς",
            "children": [
              {
                "text": "before",
                "tag": "w",
                "type": "word",
                "occurrence": 1,
                "occurrences": 1
              },
              {
                "text": "there",
                "tag": "w",
                "type": "word",
                "occurrence": 1,
                "occurrences": 1
              },
              {
                "text": "was",
                "tag": "w",
                "type": "word",
                "occurrence": 1,
                "occurrences": 1
              },
              {
                "text": "anything",
                "tag": "w",
                "type": "word",
                "occurrence": 1,
                "occurrences": 1
              }
            ],
            "endTag": "zaln-e\\*"
          }
        ],
        "endTag": "zaln-e\\*"
      },
      {
        "text": "else",
        "tag": "w",
        "type": "word",
        "occurrence": 1,
        "occurrences": 1
      },
      {
        "type": "text",
        "text": "."
      },
      {
        "text": "He",
        "tag": "w",
        "type": "word",
        "occurrence": 1,
        "occurrences": 2
      },
      {
        "text": "is",
        "tag": "w",
        "type": "word",
        "occurrence": 1,
        "occurrences": 2
      },
      {
        "tag": "zaln",
        "type": "milestone",
        "strong": "G37390",
        "lemma": "ὅς",
        "morph": "Gr,RR,,,,ANS,",
        "occurrence": 2,
        "occurrences": 4,
        "content": "ὃ",
        "children": [
          {
            "tag": "zaln",
            "type": "milestone",
            "strong": "G01910",
            "lemma": "ἀκούω",
            "morph": "Gr,V,IEA1,,P,",
            "occurrence": 1,
            "occurrences": 1,
            "content": "ἀκηκόαμεν",
            "children": [
              {
                "text": "the",
                "tag": "w",
                "type": "word",
                "occurrence": 2,
                "occurrences": 4
              },
              {
                "text": "one",
                "tag": "w",
                "type": "word",
                "occurrence": 2,
                "occurrences": 3
              },
              {
                "text": "whom",
                "tag": "w",
                "type": "word",
                "occurrence": 1,
                "occurrences": 1
              },
              {
                "text": "we",
                "tag": "w",
                "type": "word",
                "occurrence": 1,
                "occurrences": 1
              }
            ],
            "endTag": "zaln-e\\*"
          }
        ],
        "endTag": "zaln-e\\*"
      },
      {
        "text": "apostles",
        "tag": "w",
        "type": "word",
        "occurrence": 1,
        "occurrences": 1
      },
      {
        "tag": "zaln",
        "type": "milestone",
        "strong": "G37390",
        "lemma": "ὅς",
        "morph": "Gr,RR,,,,ANS,",
        "occurrence": 2,
        "occurrences": 4,
        "content": "ὃ",
        "children": [
          {
            "tag": "zaln",
            "type": "milestone",
            "strong": "G01910",
            "lemma": "ἀκούω",
            "morph": "Gr,V,IEA1,,P,",
            "occurrence": 1,
            "occurrences": 1,
            "content": "ἀκηκόαμεν",
            "children": [
              {
                "text": "listened",
                "tag": "w",
                "type": "word",
                "occurrence": 1,
                "occurrences": 1
              },
              {
                "text": "to",
                "tag": "w",
                "type": "word",
                "occurrence": 2,
                "occurrences": 2
              }
            ],
            "endTag": "zaln-e\\*"
          }
        ],
        "endTag": "zaln-e\\*"
      },
      {
        "text": "as",
        "tag": "w",
        "type": "word",
        "occurrence": 1,
        "occurrences": 1
      },
      {
        "text": "he",
        "tag": "w",
        "type": "word",
        "occurrence": 1,
        "occurrences": 1
      },
      {
        "text": "taught",
        "tag": "w",
        "type": "word",
        "occurrence": 1,
        "occurrences": 2
      },
      {
        "text": "us",
        "tag": "w",
        "type": "word",
        "occurrence": 1,
        "occurrences": 2
      },
      {
        "type": "text",
        "text": "."
      },
      {
        "text": "We",
        "tag": "w",
        "type": "word",
        "occurrence": 1,
        "occurrences": 2
      },
      {
        "tag": "zaln",
        "type": "milestone",
        "strong": "G37390",
        "lemma": "ὅς",
        "morph": "Gr,RR,,,,ANS,",
        "occurrence": 3,
        "occurrences": 4,
        "content": "ὃ",
        "children": [
          {
            "tag": "zaln",
            "type": "milestone",
            "strong": "G37080",
            "lemma": "ὁράω",
            "morph": "Gr,V,IEA1,,P,",
            "occurrence": 1,
            "occurrences": 1,
            "content": "ἑωράκαμεν",
            "children": [
              {
                "text": "saw",
                "tag": "w",
                "type": "word",
                "occurrence": 1,
                "occurrences": 1
              }
            ],
            "endTag": "zaln-e\\*"
          }
        ],
        "endTag": "zaln-e\\*"
      },
      {
        "text": "him",
        "tag": "w",
        "type": "word",
        "occurrence": 1,
        "occurrences": 3
      },
      {
        "type": "text",
        "text": "."
      },
      {
        "text": "We",
        "tag": "w",
        "type": "word",
        "occurrence": 2,
        "occurrences": 2
      },
      {
        "text": "ourselves",
        "tag": "w",
        "type": "word",
        "occurrence": 1,
        "occurrences": 1
      },
      {
        "tag": "zaln",
        "type": "milestone",
        "strong": "G23000",
        "lemma": "θεάομαι",
        "morph": "Gr,V,IAM1,,P,",
        "occurrence": 1,
        "occurrences": 1,
        "content": "ἐθεασάμεθα",
        "children": [
          {
            "text": "looked",
            "tag": "w",
            "type": "word",
            "occurrence": 1,
            "occurrences": 1
          }
        ],
        "endTag": "zaln-e\\*"
      },
      {
        "text": "at",
        "tag": "w",
        "type": "word",
        "occurrence": 1,
        "occurrences": 1
      },
      {
        "text": "him",
        "tag": "w",
        "type": "word",
        "occurrence": 2,
        "occurrences": 3
      },
      {
        "text": "and",
        "tag": "w",
        "type": "word",
        "occurrence": 1,
        "occurrences": 1
      },
      {
        "tag": "zaln",
        "type": "milestone",
        "strong": "G55840",
        "lemma": "ψηλαφάω",
        "morph": "Gr,V,IAA3,,P,",
        "occurrence": 1,
        "occurrences": 1,
        "content": "ἐψηλάφησαν",
        "children": [
          {
            "text": "touched",
            "tag": "w",
            "type": "word",
            "occurrence": 1,
            "occurrences": 1
          }
        ],
        "endTag": "zaln-e\\*"
      },
      {
        "text": "him",
        "tag": "w",
        "type": "word",
        "occurrence": 3,
        "occurrences": 3
      },
      {
        "type": "text",
        "text": "."
      },
      {
        "text": "He",
        "tag": "w",
        "type": "word",
        "occurrence": 2,
        "occurrences": 2
      },
      {
        "text": "is",
        "tag": "w",
        "type": "word",
        "occurrence": 2,
        "occurrences": 2
      },
      {
        "text": "the",
        "tag": "w",
        "type": "word",
        "occurrence": 3,
        "occurrences": 4
      },
      {
        "text": "one",
        "tag": "w",
        "type": "word",
        "occurrence": 3,
        "occurrences": 3
      },
      {
        "text": "who",
        "tag": "w",
        "type": "word",
        "occurrence": 2,
        "occurrences": 2
      },
      {
        "text": "taught",
        "tag": "w",
        "type": "word",
        "occurrence": 2,
        "occurrences": 2
      },
      {
        "tag": "zaln",
        "type": "milestone",
        "strong": "G14730",
        "lemma": "ἐγώ",
        "morph": "Gr,RP,,,1G,P,",
        "occurrence": 2,
        "occurrences": 2,
        "content": "ἡμῶν",
        "children": [
          {
            "text": "us",
            "tag": "w",
            "type": "word",
            "occurrence": 2,
            "occurrences": 2
          }
        ],
        "endTag": "zaln-e\\*"
      },
      {
        "tag": "zaln",
        "type": "milestone",
        "strong": "G35880",
        "lemma": "ὁ",
        "morph": "Gr,EA,,,,GMS,",
        "occurrence": 1,
        "occurrences": 1,
        "content": "τοῦ",
        "children": [
          {
            "text": "the",
            "tag": "w",
            "type": "word",
            "occurrence": 4,
            "occurrences": 4
          }
        ],
        "endTag": "zaln-e\\*"
      },
      {
        "tag": "zaln",
        "type": "milestone",
        "strong": "G30560",
        "lemma": "λόγος",
        "morph": "Gr,N,,,,,GMS,",
        "occurrence": 1,
        "occurrences": 1,
        "content": "λόγου",
        "children": [
          {
            "text": "message",
            "tag": "w",
            "type": "word",
            "occurrence": 1,
            "occurrences": 1
          }
        ],
        "endTag": "zaln-e\\*"
      },
      {
        "tag": "zaln",
        "type": "milestone",
        "strong": "G40120",
        "lemma": "περί",
        "morph": "Gr,P,,,,,G,,,",
        "occurrence": 1,
        "occurrences": 1,
        "content": "περὶ",
        "children": [
          {
            "text": "about",
            "tag": "w",
            "type": "word",
            "occurrence": 2,
            "occurrences": 2
          }
        ],
        "endTag": "zaln-e\\*"
      },
      {
        "text": "eternal",
        "tag": "w",
        "type": "word",
        "occurrence": 1,
        "occurrences": 1
      },
      {
        "tag": "zaln",
        "type": "milestone",
        "strong": "G35880",
        "lemma": "ὁ",
        "morph": "Gr,EA,,,,GFS,",
        "occurrence": 1,
        "occurrences": 1,
        "content": "τῆς",
        "children": [
          {
            "tag": "zaln",
            "type": "milestone",
            "strong": "G22220",
            "lemma": "ζωή",
            "morph": "Gr,N,,,,,GFS,",
            "occurrence": 1,
            "occurrences": 1,
            "content": "ζωῆς",
            "children": [
              {
                "text": "life",
                "tag": "w",
                "type": "word",
                "occurrence": 1,
                "occurrences": 1
              }
            ],
            "endTag": "zaln-e\\*"
          }
        ],
        "endTag": "zaln-e\\*"
      },
      {
        "type": "text",
        "text": ". \n"
      }
    ]
  },
  "2": {
    "verseObjects": [
      {
        "type": "text",
        "text": "("
      },
      {
        "text": "Because",
        "tag": "w",
        "type": "word",
        "occurrence": 1,
        "occurrences": 1
      },
      {
        "text": "he",
        "tag": "w",
        "type": "word",
        "occurrence": 1,
        "occurrences": 2
      },
      {
        "text": "came",
        "tag": "w",
        "type": "word",
        "occurrence": 1,
        "occurrences": 2
      },
      {
        "text": "here",
        "tag": "w",
        "type": "word",
        "occurrence": 1,
        "occurrences": 1
      },
      {
        "text": "to",
        "tag": "w",
        "type": "word",
        "occurrence": 1,
        "occurrences": 3
      },
      {
        "text": "the",
        "tag": "w",
        "type": "word",
        "occurrence": 1,
        "occurrences": 3
      },
      {
        "text": "earth",
        "tag": "w",
        "type": "word",
        "occurrence": 1,
        "occurrences": 1
      },
      {
        "tag": "zaln",
        "type": "milestone",
        "strong": "G25320",
        "lemma": "καί",
        "morph": "Gr,CC,,,,,,,,",
        "occurrence": 2,
        "occurrences": 5,
        "content": "καὶ",
        "children": [
          {
            "text": "and",
            "tag": "w",
            "type": "word",
            "occurrence": 1,
            "occurrences": 1
          }
        ],
        "endTag": "zaln-e\\*"
      },
      {
        "tag": "zaln",
        "type": "milestone",
        "strong": "G37080",
        "lemma": "ὁράω",
        "morph": "Gr,V,IEA1,,P,",
        "occurrence": 1,
        "occurrences": 1,
        "content": "ἑωράκαμεν",
        "children": [
          {
            "text": "we",
            "tag": "w",
            "type": "word",
            "occurrence": 1,
            "occurrences": 3
          },
          {
            "text": "have",
            "tag": "w",
            "type": "word",
            "occurrence": 1,
            "occurrences": 2
          },
          {
            "text": "seen",
            "tag": "w",
            "type": "word",
            "occurrence": 1,
            "occurrences": 2
          }
        ],
        "endTag": "zaln-e\\*"
      },
      {
        "text": "him",
        "tag": "w",
        "type": "word",
        "occurrence": 1,
        "occurrences": 1
      },
      {
        "type": "text",
        "text": ","
      },
      {
        "tag": "zaln",
        "type": "milestone",
        "strong": "G05180",
        "lemma": "ἀπαγγέλλω",
        "morph": "Gr,V,IPA1,,P,",
        "occurrence": 1,
        "occurrences": 1,
        "content": "ἀπαγγέλλομεν",
        "children": [
          {
            "text": "we",
            "tag": "w",
            "type": "word",
            "occurrence": 2,
            "occurrences": 3
          },
          {
            "text": "proclaim",
            "tag": "w",
            "type": "word",
            "occurrence": 1,
            "occurrences": 1
          }
        ],
        "endTag": "zaln-e\\*"
      },
      {
        "tag": "zaln",
        "type": "milestone",
        "strong": "G47710",
        "lemma": "σύ",
        "morph": "Gr,RP,,,2D,P,",
        "occurrence": 1,
        "occurrences": 1,
        "content": "ὑμῖν",
        "children": [
          {
            "text": "to",
            "tag": "w",
            "type": "word",
            "occurrence": 2,
            "occurrences": 3
          },
          {
            "text": "you",
            "tag": "w",
            "type": "word",
            "occurrence": 1,
            "occurrences": 1
          }
        ],
        "endTag": "zaln-e\\*"
      },
      {
        "text": "clearly",
        "tag": "w",
        "type": "word",
        "occurrence": 1,
        "occurrences": 1
      },
      {
        "text": "that",
        "tag": "w",
        "type": "word",
        "occurrence": 1,
        "occurrences": 1
      },
      {
        "text": "the",
        "tag": "w",
        "type": "word",
        "occurrence": 2,
        "occurrences": 3
      },
      {
        "text": "one",
        "tag": "w",
        "type": "word",
        "occurrence": 1,
        "occurrences": 2
      },
      {
        "text": "whom",
        "tag": "w",
        "type": "word",
        "occurrence": 1,
        "occurrences": 1
      },
      {
        "text": "we",
        "tag": "w",
        "type": "word",
        "occurrence": 3,
        "occurrences": 3
      },
      {
        "text": "have",
        "tag": "w",
        "type": "word",
        "occurrence": 2,
        "occurrences": 2
      },
      {
        "text": "seen",
        "tag": "w",
        "type": "word",
        "occurrence": 2,
        "occurrences": 2
      },
      {
        "text": "is",
        "tag": "w",
        "type": "word",
        "occurrence": 1,
        "occurrences": 1
      },
      {
        "text": "the",
        "tag": "w",
        "type": "word",
        "occurrence": 3,
        "occurrences": 3
      },
      {
        "text": "one",
        "tag": "w",
        "type": "word",
        "occurrence": 2,
        "occurrences": 2
      },
      {
        "text": "who",
        "tag": "w",
        "type": "word",
        "occurrence": 1,
        "occurrences": 1
      },
      {
        "text": "has",
        "tag": "w",
        "type": "word",
        "occurrence": 1,
        "occurrences": 1
      },
      {
        "tag": "zaln",
        "type": "milestone",
        "strong": "G35880",
        "lemma": "ὁ",
        "morph": "Gr,EA,,,,AFS,",
        "occurrence": 2,
        "occurrences": 2,
        "content": "τὴν",
        "children": [
          {
            "tag": "zaln",
            "type": "milestone",
            "strong": "G01660",
            "lemma": "αἰώνιος",
            "morph": "Gr,AR,,,,AFS,",
            "occurrence": 1,
            "occurrences": 1,
            "content": "αἰώνιον",
            "children": [
              {
                "text": "always",
                "tag": "w",
                "type": "word",
                "occurrence": 1,
                "occurrences": 1
              }
            ],
            "endTag": "zaln-e\\*"
          }
        ],
        "endTag": "zaln-e\\*"
      },
      {
        "tag": "zaln",
        "type": "milestone",
        "strong": "G35880",
        "lemma": "ὁ",
        "morph": "Gr,EA,,,,AFS,",
        "occurrence": 1,
        "occurrences": 2,
        "content": "τὴν",
        "children": [
          {
            "tag": "zaln",
            "type": "milestone",
            "strong": "G22220",
            "lemma": "ζωή",
            "morph": "Gr,N,,,,,AFS,",
            "occurrence": 1,
            "occurrences": 1,
            "content": "ζωὴν",
            "children": [
              {
                "text": "lived",
                "tag": "w",
                "type": "word",
                "occurrence": 1,
                "occurrences": 1
              }
            ],
            "endTag": "zaln-e\\*"
          }
        ],
        "endTag": "zaln-e\\*"
      },
      {
        "type": "text",
        "text": "."
      },
      {
        "text": "He",
        "tag": "w",
        "type": "word",
        "occurrence": 1,
        "occurrences": 1
      },
      {
        "text": "was",
        "tag": "w",
        "type": "word",
        "occurrence": 1,
        "occurrences": 1
      },
      {
        "text": "previously",
        "tag": "w",
        "type": "word",
        "occurrence": 1,
        "occurrences": 1
      },
      {
        "tag": "zaln",
        "type": "milestone",
        "strong": "G43140",
        "lemma": "πρός",
        "morph": "Gr,P,,,,,A,,,",
        "occurrence": 1,
        "occurrences": 1,
        "content": "πρὸς",
        "children": [
          {
            "text": "with",
            "tag": "w",
            "type": "word",
            "occurrence": 1,
            "occurrences": 1
          }
        ],
        "endTag": "zaln-e\\*"
      },
      {
        "text": "his",
        "tag": "w",
        "type": "word",
        "occurrence": 1,
        "occurrences": 1
      },
      {
        "tag": "zaln",
        "type": "milestone",
        "strong": "G35880",
        "lemma": "ὁ",
        "morph": "Gr,EA,,,,AMS,",
        "occurrence": 1,
        "occurrences": 1,
        "content": "τὸν",
        "children": [
          {
            "tag": "zaln",
            "type": "milestone",
            "strong": "G39620",
            "lemma": "πατήρ",
            "morph": "Gr,N,,,,,AMS,",
            "occurrence": 1,
            "occurrences": 1,
            "content": "Πατέρα",
            "children": [
              {
                "text": "Father",
                "tag": "w",
                "type": "word",
                "occurrence": 1,
                "occurrences": 1
              }
            ],
            "endTag": "zaln-e\\*"
          }
        ],
        "endTag": "zaln-e\\*"
      },
      {
        "text": "in",
        "tag": "w",
        "type": "word",
        "occurrence": 1,
        "occurrences": 1
      },
      {
        "text": "heaven",
        "tag": "w",
        "type": "word",
        "occurrence": 1,
        "occurrences": 1
      },
      {
        "type": "text",
        "text": ","
      },
      {
        "tag": "zaln",
        "type": "milestone",
        "strong": "G25320",
        "lemma": "καί",
        "morph": "Gr,CC,,,,,,,,",
        "occurrence": 5,
        "occurrences": 5,
        "content": "καὶ",
        "children": [
          {
            "text": "but",
            "tag": "w",
            "type": "word",
            "occurrence": 1,
            "occurrences": 1
          }
        ],
        "endTag": "zaln-e\\*"
      },
      {
        "text": "he",
        "tag": "w",
        "type": "word",
        "occurrence": 2,
        "occurrences": 2
      },
      {
        "tag": "zaln",
        "type": "milestone",
        "strong": "G53190",
        "lemma": "φανερόω",
        "morph": "Gr,V,IAP3,,S,",
        "occurrence": 2,
        "occurrences": 2,
        "content": "ἐφανερώθη",
        "children": [
          {
            "text": "came",
            "tag": "w",
            "type": "word",
            "occurrence": 2,
            "occurrences": 2
          }
        ],
        "endTag": "zaln-e\\*"
      },
      {
        "tag": "zaln",
        "type": "milestone",
        "strong": "G14730",
        "lemma": "ἐγώ",
        "morph": "Gr,RP,,,1D,P,",
        "occurrence": 1,
        "occurrences": 1,
        "content": "ἡμῖν",
        "children": [
          {
            "text": "to",
            "tag": "w",
            "type": "word",
            "occurrence": 3,
            "occurrences": 3
          }
        ],
        "endTag": "zaln-e\\*"
      },
      {
        "text": "live",
        "tag": "w",
        "type": "word",
        "occurrence": 1,
        "occurrences": 1
      },
      {
        "text": "among",
        "tag": "w",
        "type": "word",
        "occurrence": 1,
        "occurrences": 1
      },
      {
        "tag": "zaln",
        "type": "milestone",
        "strong": "G14730",
        "lemma": "ἐγώ",
        "morph": "Gr,RP,,,1D,P,",
        "occurrence": 1,
        "occurrences": 1,
        "content": "ἡμῖν",
        "children": [
          {
            "text": "us",
            "tag": "w",
            "type": "word",
            "occurrence": 1,
            "occurrences": 1
          }
        ],
        "endTag": "zaln-e\\*"
      },
      {
        "type": "text",
        "text": ".)"
      },
      {
        "tag": "s5",
        "type": "section",
        "content": " \n"
      }
    ]
  },
  "3": {
    "verseObjects": [
      {
        "tag": "zaln",
        "type": "milestone",
        "strong": "G05180",
        "lemma": "ἀπαγγέλλω",
        "morph": "Gr,V,IPA1,,P,",
        "occurrence": 1,
        "occurrences": 1,
        "content": "ἀπαγγέλλομεν",
        "children": [
          {
            "text": "We",
            "tag": "w",
            "type": "word",
            "occurrence": 1,
            "occurrences": 1
          },
          {
            "text": "are",
            "tag": "w",
            "type": "word",
            "occurrence": 1,
            "occurrences": 2
          },
          {
            "text": "proclaiming",
            "tag": "w",
            "type": "word",
            "occurrence": 1,
            "occurrences": 1
          }
        ],
        "endTag": "zaln-e\\*"
      },
      {
        "tag": "zaln",
        "type": "milestone",
        "strong": "G47710",
        "lemma": "σύ",
        "morph": "Gr,RP,,,2D,P,",
        "occurrence": 1,
        "occurrences": 1,
        "content": "ὑμῖν",
        "children": [
          {
            "text": "to",
            "tag": "w",
            "type": "word",
            "occurrence": 1,
            "occurrences": 1
          },
          {
            "text": "you",
            "tag": "w",
            "type": "word",
            "occurrence": 1,
            "occurrences": 2
          }
        ],
        "endTag": "zaln-e\\*"
      },
      {
        "text": "the",
        "tag": "w",
        "type": "word",
        "occurrence": 1,
        "occurrences": 3
      },
      {
        "text": "message",
        "tag": "w",
        "type": "word",
        "occurrence": 1,
        "occurrences": 1
      },
      {
        "text": "about",
        "tag": "w",
        "type": "word",
        "occurrence": 1,
        "occurrences": 1
      },
      {
        "text": "Jesus",
        "tag": "w",
        "type": "word",
        "occurrence": 1,
        "occurrences": 2
      },
      {
        "type": "text",
        "text": ","
      },
      {
        "tag": "zaln",
        "type": "milestone",
        "strong": "G37390",
        "lemma": "ὅς",
        "morph": "Gr,RR,,,,ANS,",
        "occurrence": 1,
        "occurrences": 1,
        "content": "ὃ",
        "children": [
          {
            "tag": "zaln",
            "type": "milestone",
            "strong": "G37080",
            "lemma": "ὁράω",
            "morph": "Gr,V,IEA1,,P,",
            "occurrence": 1,
            "occurrences": 1,
            "content": "ἑωράκαμεν",
            "children": [
              {
                "text": "the",
                "tag": "w",
                "type": "word",
                "occurrence": 2,
                "occurrences": 3
              },
              {
                "text": "one",
                "tag": "w",
                "type": "word",
                "occurrence": 1,
                "occurrences": 1
              },
              {
                "text": "whom",
                "tag": "w",
                "type": "word",
                "occurrence": 1,
                "occurrences": 2
              },
              {
                "text": "we",
                "tag": "w",
                "type": "word",
                "occurrence": 1,
                "occurrences": 2
              },
              {
                "text": "saw",
                "tag": "w",
                "type": "word",
                "occurrence": 1,
                "occurrences": 1
              }
            ],
            "endTag": "zaln-e\\*"
          }
        ],
        "endTag": "zaln-e\\*"
      },
      {
        "tag": "zaln",
        "type": "milestone",
        "strong": "G25320",
        "lemma": "καί",
        "morph": "Gr,CC,,,,,,,,",
        "occurrence": 1,
        "occurrences": 5,
        "content": "καὶ",
        "children": [
          {
            "text": "and",
            "tag": "w",
            "type": "word",
            "occurrence": 1,
            "occurrences": 2
          }
        ],
        "endTag": "zaln-e\\*"
      },
      {
        "tag": "zaln",
        "type": "milestone",
        "strong": "G01910",
        "lemma": "ἀκούω",
        "morph": "Gr,V,IEA1,,P,",
        "occurrence": 1,
        "occurrences": 1,
        "content": "ἀκηκόαμεν",
        "children": [
          {
            "text": "heard",
            "tag": "w",
            "type": "word",
            "occurrence": 1,
            "occurrences": 1
          }
        ],
        "endTag": "zaln-e\\*"
      },
      {
        "type": "text",
        "text": ","
      },
      {
        "tag": "zaln",
        "type": "milestone",
        "strong": "G24430",
        "lemma": "ἵνα",
        "morph": "Gr,CS,,,,,,,,",
        "occurrence": 1,
        "occurrences": 1,
        "content": "ἵνα",
        "children": [
          {
            "text": "in",
            "tag": "w",
            "type": "word",
            "occurrence": 1,
            "occurrences": 1
          },
          {
            "text": "order",
            "tag": "w",
            "type": "word",
            "occurrence": 1,
            "occurrences": 1
          },
          {
            "text": "that",
            "tag": "w",
            "type": "word",
            "occurrence": 1,
            "occurrences": 1
          }
        ],
        "endTag": "zaln-e\\*"
      },
      {
        "tag": "zaln",
        "type": "milestone",
        "strong": "G47710",
        "lemma": "σύ",
        "morph": "Gr,RP,,,2N,P,",
        "occurrence": 1,
        "occurrences": 1,
        "content": "ὑμεῖς",
        "children": [
          {
            "text": "you",
            "tag": "w",
            "type": "word",
            "occurrence": 2,
            "occurrences": 2
          }
        ],
        "endTag": "zaln-e\\*"
      },
      {
        "text": "may",
        "tag": "w",
        "type": "word",
        "occurrence": 1,
        "occurrences": 1
      },
      {
        "tag": "zaln",
        "type": "milestone",
        "strong": "G28420",
        "lemma": "κοινωνία",
        "morph": "Gr,N,,,,,AFS,",
        "occurrence": 1,
        "occurrences": 1,
        "content": "κοινωνίαν",
        "children": [
          {
            "text": "join",
            "tag": "w",
            "type": "word",
            "occurrence": 1,
            "occurrences": 1
          },
          {
            "text": "together",
            "tag": "w",
            "type": "word",
            "occurrence": 1,
            "occurrences": 1
          }
        ],
        "endTag": "zaln-e\\*"
      },
      {
        "tag": "zaln",
        "type": "milestone",
        "strong": "G33260",
        "lemma": "μετά",
        "morph": "Gr,P,,,,,G,,,",
        "occurrence": 1,
        "occurrences": 1,
        "content": "μεθ’",
        "children": [
          {
            "text": "with",
            "tag": "w",
            "type": "word",
            "occurrence": 1,
            "occurrences": 2
          }
        ],
        "endTag": "zaln-e\\*"
      },
      {
        "tag": "zaln",
        "type": "milestone",
        "strong": "G14730",
        "lemma": "ἐγώ",
        "morph": "Gr,RP,,,1G,P,",
        "occurrence": 1,
        "occurrences": 1,
        "content": "ἡμῶν",
        "children": [
          {
            "text": "us",
            "tag": "w",
            "type": "word",
            "occurrence": 1,
            "occurrences": 1
          }
        ],
        "endTag": "zaln-e\\*"
      },
      {
        "type": "text",
        "text": "."
      },
      {
        "text": "The",
        "tag": "w",
        "type": "word",
        "occurrence": 1,
        "occurrences": 1
      },
      {
        "text": "ones",
        "tag": "w",
        "type": "word",
        "occurrence": 1,
        "occurrences": 1
      },
      {
        "text": "with",
        "tag": "w",
        "type": "word",
        "occurrence": 2,
        "occurrences": 2
      },
      {
        "text": "whom",
        "tag": "w",
        "type": "word",
        "occurrence": 2,
        "occurrences": 2
      },
      {
        "text": "we",
        "tag": "w",
        "type": "word",
        "occurrence": 2,
        "occurrences": 2
      },
      {
        "text": "have",
        "tag": "w",
        "type": "word",
        "occurrence": 1,
        "occurrences": 1
      },
      {
        "tag": "zaln",
        "type": "milestone",
        "strong": "G28420",
        "lemma": "κοινωνία",
        "morph": "Gr,N,,,,,NFS,",
        "occurrence": 1,
        "occurrences": 1,
        "content": "κοινωνία",
        "children": [
          {
            "text": "joined",
            "tag": "w",
            "type": "word",
            "occurrence": 1,
            "occurrences": 1
          }
        ],
        "endTag": "zaln-e\\*"
      },
      {
        "text": "are",
        "tag": "w",
        "type": "word",
        "occurrence": 2,
        "occurrences": 2
      },
      {
        "text": "God",
        "tag": "w",
        "type": "word",
        "occurrence": 1,
        "occurrences": 1
      },
      {
        "text": "our",
        "tag": "w",
        "type": "word",
        "occurrence": 1,
        "occurrences": 1
      },
      {
        "tag": "zaln",
        "type": "milestone",
        "strong": "G39620",
        "lemma": "πατήρ",
        "morph": "Gr,N,,,,,GMS,",
        "occurrence": 1,
        "occurrences": 1,
        "content": "Πατρὸς",
        "children": [
          {
            "text": "Father",
            "tag": "w",
            "type": "word",
            "occurrence": 1,
            "occurrences": 1
          }
        ],
        "endTag": "zaln-e\\*"
      },
      {
        "text": "and",
        "tag": "w",
        "type": "word",
        "occurrence": 2,
        "occurrences": 2
      },
      {
        "text": "his",
        "tag": "w",
        "type": "word",
        "occurrence": 1,
        "occurrences": 1
      },
      {
        "tag": "zaln",
        "type": "milestone",
        "strong": "G52070",
        "lemma": "υἱός",
        "morph": "Gr,N,,,,,GMS,",
        "occurrence": 1,
        "occurrences": 1,
        "content": "Υἱοῦ",
        "children": [
          {
            "text": "Son",
            "tag": "w",
            "type": "word",
            "occurrence": 1,
            "occurrences": 1
          }
        ],
        "endTag": "zaln-e\\*"
      },
      {
        "tag": "zaln",
        "type": "milestone",
        "strong": "G24240",
        "lemma": "Ἰησοῦς",
        "morph": "Gr,N,,,,,GMS,",
        "occurrence": 1,
        "occurrences": 1,
        "content": "Ἰησοῦ",
        "children": [
          {
            "text": "Jesus",
            "tag": "w",
            "type": "word",
            "occurrence": 2,
            "occurrences": 2
          }
        ],
        "endTag": "zaln-e\\*"
      },
      {
        "text": "the",
        "tag": "w",
        "type": "word",
        "occurrence": 3,
        "occurrences": 3
      },
      {
        "tag": "zaln",
        "type": "milestone",
        "strong": "G55470",
        "lemma": "χριστός",
        "morph": "Gr,N,,,,,GMS,",
        "occurrence": 1,
        "occurrences": 1,
        "content": "Χριστοῦ",
        "children": [
          {
            "text": "Messiah",
            "tag": "w",
            "type": "word",
            "occurrence": 1,
            "occurrences": 1
          }
        ],
        "endTag": "zaln-e\\*"
      },
      {
        "type": "text",
        "text": ". \n"
      }
    ]
  },
  "4": {
    "verseObjects": [
      {
        "tag": "zaln",
        "type": "milestone",
        "strong": "G11250",
        "lemma": "γράφω",
        "morph": "Gr,V,IPA1,,P,",
        "occurrence": 1,
        "occurrences": 1,
        "content": "γράφομεν",
        "children": [
          {
            "text": "I",
            "tag": "w",
            "type": "word",
            "occurrence": 1,
            "occurrences": 1
          },
          {
            "text": "am",
            "tag": "w",
            "type": "word",
            "occurrence": 1,
            "occurrences": 1
          },
          {
            "text": "writing",
            "tag": "w",
            "type": "word",
            "occurrence": 1,
            "occurrences": 1
          }
        ],
        "endTag": "zaln-e\\*"
      },
      {
        "tag": "zaln",
        "type": "milestone",
        "strong": "G14730",
        "lemma": "ἐγώ",
        "morph": "Gr,RP,,,1N,P,",
        "occurrence": 1,
        "occurrences": 1,
        "content": "ἡμεῖς",
        "children": [
          {
            "text": "to",
            "tag": "w",
            "type": "word",
            "occurrence": 1,
            "occurrences": 1
          },
          {
            "text": "you",
            "tag": "w",
            "type": "word",
            "occurrence": 1,
            "occurrences": 2
          }
        ],
        "endTag": "zaln-e\\*"
      },
      {
        "text": "about",
        "tag": "w",
        "type": "word",
        "occurrence": 1,
        "occurrences": 1
      },
      {
        "tag": "zaln",
        "type": "milestone",
        "strong": "G37780",
        "lemma": "οὗτος",
        "morph": "Gr,RD,,,,ANP,",
        "occurrence": 1,
        "occurrences": 1,
        "content": "ταῦτα",
        "children": [
          {
            "text": "these",
            "tag": "w",
            "type": "word",
            "occurrence": 1,
            "occurrences": 1
          },
          {
            "text": "things",
            "tag": "w",
            "type": "word",
            "occurrence": 1,
            "occurrences": 1
          }
        ],
        "endTag": "zaln-e\\*"
      },
      {
        "tag": "zaln",
        "type": "milestone",
        "strong": "G24430",
        "lemma": "ἵνα",
        "morph": "Gr,CS,,,,,,,,",
        "occurrence": 1,
        "occurrences": 1,
        "content": "ἵνα",
        "children": [
          {
            "text": "so",
            "tag": "w",
            "type": "word",
            "occurrence": 1,
            "occurrences": 1
          },
          {
            "text": "that",
            "tag": "w",
            "type": "word",
            "occurrence": 1,
            "occurrences": 3
          }
        ],
        "endTag": "zaln-e\\*"
      },
      {
        "text": "you",
        "tag": "w",
        "type": "word",
        "occurrence": 2,
        "occurrences": 2
      },
      {
        "text": "will",
        "tag": "w",
        "type": "word",
        "occurrence": 1,
        "occurrences": 1
      },
      {
        "text": "be",
        "tag": "w",
        "type": "word",
        "occurrence": 1,
        "occurrences": 2
      },
      {
        "text": "convinced",
        "tag": "w",
        "type": "word",
        "occurrence": 1,
        "occurrences": 1
      },
      {
        "text": "that",
        "tag": "w",
        "type": "word",
        "occurrence": 2,
        "occurrences": 3
      },
      {
        "text": "they",
        "tag": "w",
        "type": "word",
        "occurrence": 1,
        "occurrences": 1
      },
      {
        "text": "are",
        "tag": "w",
        "type": "word",
        "occurrence": 1,
        "occurrences": 1
      },
      {
        "text": "true",
        "tag": "w",
        "type": "word",
        "occurrence": 1,
        "occurrences": 1
      },
      {
        "type": "text",
        "text": ","
      },
      {
        "text": "and",
        "tag": "w",
        "type": "word",
        "occurrence": 1,
        "occurrences": 1
      },
      {
        "text": "that",
        "tag": "w",
        "type": "word",
        "occurrence": 3,
        "occurrences": 3
      },
      {
        "text": "as",
        "tag": "w",
        "type": "word",
        "occurrence": 1,
        "occurrences": 1
      },
      {
        "text": "a",
        "tag": "w",
        "type": "word",
        "occurrence": 1,
        "occurrences": 1
      },
      {
        "text": "result",
        "tag": "w",
        "type": "word",
        "occurrence": 1,
        "occurrences": 1
      },
      {
        "tag": "zaln",
        "type": "milestone",
        "strong": "G14730",
        "lemma": "ἐγώ",
        "morph": "Gr,RP,,,1G,P,",
        "occurrence": 1,
        "occurrences": 1,
        "content": "ἡμῶν",
        "children": [
          {
            "text": "we",
            "tag": "w",
            "type": "word",
            "occurrence": 1,
            "occurrences": 1
          }
        ],
        "endTag": "zaln-e\\*"
      },
      {
        "text": "may",
        "tag": "w",
        "type": "word",
        "occurrence": 1,
        "occurrences": 1
      },
      {
        "text": "be",
        "tag": "w",
        "type": "word",
        "occurrence": 2,
        "occurrences": 2
      },
      {
        "tag": "zaln",
        "type": "milestone",
        "strong": "G41370",
        "lemma": "πληρόω",
        "morph": "Gr,V,PEP,NFS,",
        "occurrence": 1,
        "occurrences": 1,
        "content": "πεπληρωμένη",
        "children": [
          {
            "text": "completely",
            "tag": "w",
            "type": "word",
            "occurrence": 1,
            "occurrences": 1
          }
        ],
        "endTag": "zaln-e\\*"
      },
      {
        "tag": "zaln",
        "type": "milestone",
        "strong": "G54790",
        "lemma": "χαρά",
        "morph": "Gr,N,,,,,NFS,",
        "occurrence": 1,
        "occurrences": 1,
        "content": "χαρὰ",
        "children": [
          {
            "text": "joyful",
            "tag": "w",
            "type": "word",
            "occurrence": 1,
            "occurrences": 1
          }
        ],
        "endTag": "zaln-e\\*"
      },
      {
        "type": "text",
        "text": "."
      },
      {
        "tag": "s5",
        "nextChar": "\n",
        "type": "section"
      },
      {
        "tag": "p",
        "type": "paragraph",
        "text": " \n"
      }
    ]
  },
  "5": {
    "verseObjects": [
      {
        "tag": "zaln",
        "type": "milestone",
        "strong": "G35880",
        "lemma": "ὁ",
        "morph": "Gr,EA,,,,NFS,",
        "occurrence": 1,
        "occurrences": 1,
        "content": "ἡ",
        "children": [
          {
            "text": "The",
            "tag": "w",
            "type": "word",
            "occurrence": 1,
            "occurrences": 1
          }
        ],
        "endTag": "zaln-e\\*"
      },
      {
        "tag": "zaln",
        "type": "milestone",
        "strong": "G00310",
        "lemma": "ἀγγελία",
        "morph": "Gr,N,,,,,NFS,",
        "occurrence": 1,
        "occurrences": 1,
        "content": "ἀγγελία",
        "children": [
          {
            "text": "message",
            "tag": "w",
            "type": "word",
            "occurrence": 1,
            "occurrences": 1
          }
        ],
        "endTag": "zaln-e\\*"
      },
      {
        "tag": "zaln",
        "type": "milestone",
        "strong": "G37390",
        "lemma": "ὅς",
        "morph": "Gr,RD,,,,AFS,",
        "occurrence": 1,
        "occurrences": 1,
        "content": "ἣν",
        "children": [
          {
            "text": "that",
            "tag": "w",
            "type": "word",
            "occurrence": 1,
            "occurrences": 3
          }
        ],
        "endTag": "zaln-e\\*"
      },
      {
        "tag": "zaln",
        "type": "milestone",
        "strong": "G01910",
        "lemma": "ἀκούω",
        "morph": "Gr,V,IEA1,,P,",
        "occurrence": 1,
        "occurrences": 1,
        "content": "ἀκηκόαμεν",
        "children": [
          {
            "text": "we",
            "tag": "w",
            "type": "word",
            "occurrence": 1,
            "occurrences": 2
          },
          {
            "text": "heard",
            "tag": "w",
            "type": "word",
            "occurrence": 1,
            "occurrences": 1
          }
        ],
        "endTag": "zaln-e\\*"
      },
      {
        "tag": "zaln",
        "type": "milestone",
        "strong": "G05750",
        "lemma": "ἀπό",
        "morph": "Gr,P,,,,,G,,,",
        "occurrence": 1,
        "occurrences": 1,
        "content": "ἀπ’",
        "children": [
          {
            "text": "from",
            "tag": "w",
            "type": "word",
            "occurrence": 1,
            "occurrences": 1
          }
        ],
        "endTag": "zaln-e\\*"
      },
      {
        "text": "God",
        "tag": "w",
        "type": "word",
        "occurrence": 1,
        "occurrences": 1
      },
      {
        "tag": "zaln",
        "type": "milestone",
        "strong": "G25320",
        "lemma": "καί",
        "morph": "Gr,CC,,,,,,,,",
        "occurrence": 2,
        "occurrences": 3,
        "content": "καὶ",
        "children": [
          {
            "text": "and",
            "tag": "w",
            "type": "word",
            "occurrence": 1,
            "occurrences": 1
          }
        ],
        "endTag": "zaln-e\\*"
      },
      {
        "text": "that",
        "tag": "w",
        "type": "word",
        "occurrence": 2,
        "occurrences": 3
      },
      {
        "tag": "zaln",
        "type": "milestone",
        "strong": "G03120",
        "lemma": "ἀναγγέλλω",
        "morph": "Gr,V,IPA1,,P,",
        "occurrence": 1,
        "occurrences": 1,
        "content": "ἀναγγέλλομεν",
        "children": [
          {
            "text": "we",
            "tag": "w",
            "type": "word",
            "occurrence": 2,
            "occurrences": 2
          },
          {
            "text": "are",
            "tag": "w",
            "type": "word",
            "occurrence": 1,
            "occurrences": 1
          },
          {
            "text": "proclaiming",
            "tag": "w",
            "type": "word",
            "occurrence": 1,
            "occurrences": 1
          }
        ],
        "endTag": "zaln-e\\*"
      },
      {
        "tag": "zaln",
        "type": "milestone",
        "strong": "G47710",
        "lemma": "σύ",
        "morph": "Gr,RP,,,2D,P,",
        "occurrence": 1,
        "occurrences": 1,
        "content": "ὑμῖν",
        "children": [
          {
            "text": "to",
            "tag": "w",
            "type": "word",
            "occurrence": 1,
            "occurrences": 1
          },
          {
            "text": "you",
            "tag": "w",
            "type": "word",
            "occurrence": 1,
            "occurrences": 1
          }
        ],
        "endTag": "zaln-e\\*"
      },
      {
        "text": "is",
        "tag": "w",
        "type": "word",
        "occurrence": 1,
        "occurrences": 2
      },
      {
        "text": "this",
        "tag": "w",
        "type": "word",
        "occurrence": 1,
        "occurrences": 1
      },
      {
        "type": "text",
        "text": ":"
      },
      {
        "text": "He",
        "tag": "w",
        "type": "word",
        "occurrence": 1,
        "occurrences": 2
      },
      {
        "text": "never",
        "tag": "w",
        "type": "word",
        "occurrence": 1,
        "occurrences": 1
      },
      {
        "text": "sins",
        "tag": "w",
        "type": "word",
        "occurrence": 1,
        "occurrences": 1
      },
      {
        "type": "text",
        "text": "."
      },
      {
        "text": "He",
        "tag": "w",
        "type": "word",
        "occurrence": 2,
        "occurrences": 2
      },
      {
        "text": "is",
        "tag": "w",
        "type": "word",
        "occurrence": 2,
        "occurrences": 2
      },
      {
        "text": "like",
        "tag": "w",
        "type": "word",
        "occurrence": 1,
        "occurrences": 1
      },
      {
        "text": "a",
        "tag": "w",
        "type": "word",
        "occurrence": 1,
        "occurrences": 1
      },
      {
        "text": "brilliant",
        "tag": "w",
        "type": "word",
        "occurrence": 1,
        "occurrences": 1
      },
      {
        "tag": "zaln",
        "type": "milestone",
        "strong": "G54570",
        "lemma": "φῶς",
        "morph": "Gr,N,,,,,NNS,",
        "occurrence": 1,
        "occurrences": 1,
        "content": "φῶς",
        "children": [
          {
            "text": "light",
            "tag": "w",
            "type": "word",
            "occurrence": 1,
            "occurrences": 1
          }
        ],
        "endTag": "zaln-e\\*"
      },
      {
        "text": "that",
        "tag": "w",
        "type": "word",
        "occurrence": 3,
        "occurrences": 3
      },
      {
        "text": "has",
        "tag": "w",
        "type": "word",
        "occurrence": 1,
        "occurrences": 1
      },
      {
        "tag": "zaln",
        "type": "milestone",
        "strong": "G37560",
        "lemma": "οὐ",
        "morph": "Gr,D,,,,,,,,,",
        "occurrence": 1,
        "occurrences": 1,
        "content": "οὐκ",
        "children": [
          {
            "text": "no",
            "tag": "w",
            "type": "word",
            "occurrence": 1,
            "occurrences": 1
          }
        ],
        "endTag": "zaln-e\\*"
      },
      {
        "tag": "zaln",
        "type": "milestone",
        "strong": "G46530",
        "lemma": "σκοτία",
        "morph": "Gr,N,,,,,NFS,",
        "occurrence": 1,
        "occurrences": 1,
        "content": "σκοτία",
        "children": [
          {
            "text": "darkness",
            "tag": "w",
            "type": "word",
            "occurrence": 1,
            "occurrences": 1
          }
        ],
        "endTag": "zaln-e\\*"
      },
      {
        "tag": "zaln",
        "type": "milestone",
        "strong": "G37620",
        "lemma": "οὐδείς",
        "morph": "Gr,EQ,,,,NFS,",
        "occurrence": 1,
        "occurrences": 1,
        "content": "οὐδεμία",
        "children": [
          {
            "text": "at",
            "tag": "w",
            "type": "word",
            "occurrence": 1,
            "occurrences": 1
          },
          {
            "text": "all",
            "tag": "w",
            "type": "word",
            "occurrence": 1,
            "occurrences": 1
          }
        ],
        "endTag": "zaln-e\\*"
      },
      {
        "type": "text",
        "text": ". \n"
      }
    ]
  },
  "6": {
    "verseObjects": [
      {
        "tag": "zaln",
        "type": "milestone",
        "strong": "G14370",
        "lemma": "ἐάν",
        "morph": "Gr,CS,,,,,,,,",
        "occurrence": 1,
        "occurrences": 1,
        "content": "ἐὰν",
        "children": [
          {
            "text": "If",
            "tag": "w",
            "type": "word",
            "occurrence": 1,
            "occurrences": 1
          }
        ],
        "endTag": "zaln-e\\*"
      },
      {
        "tag": "zaln",
        "type": "milestone",
        "strong": "G30040",
        "lemma": "λέγω",
        "morph": "Gr,V,SAA1,,P,",
        "occurrence": 1,
        "occurrences": 1,
        "content": "εἴπωμεν",
        "children": [
          {
            "text": "we",
            "tag": "w",
            "type": "word",
            "occurrence": 1,
            "occurrences": 2
          },
          {
            "text": "claim",
            "tag": "w",
            "type": "word",
            "occurrence": 1,
            "occurrences": 1
          }
        ],
        "endTag": "zaln-e\\*"
      },
      {
        "text": "to",
        "tag": "w",
        "type": "word",
        "occurrence": 1,
        "occurrences": 2
      },
      {
        "text": "have",
        "tag": "w",
        "type": "word",
        "occurrence": 1,
        "occurrences": 1
      },
      {
        "tag": "zaln",
        "type": "milestone",
        "strong": "G28420",
        "lemma": "κοινωνία",
        "morph": "Gr,N,,,,,AFS,",
        "occurrence": 1,
        "occurrences": 1,
        "content": "κοινωνίαν",
        "children": [
          {
            "text": "joined",
            "tag": "w",
            "type": "word",
            "occurrence": 1,
            "occurrences": 1
          },
          {
            "text": "together",
            "tag": "w",
            "type": "word",
            "occurrence": 1,
            "occurrences": 1
          }
        ],
        "endTag": "zaln-e\\*"
      },
      {
        "tag": "zaln",
        "type": "milestone",
        "strong": "G33260",
        "lemma": "μετά",
        "morph": "Gr,P,,,,,G,,,",
        "occurrence": 1,
        "occurrences": 1,
        "content": "μετ’",
        "children": [
          {
            "text": "with",
            "tag": "w",
            "type": "word",
            "occurrence": 1,
            "occurrences": 1
          }
        ],
        "endTag": "zaln-e\\*"
      },
      {
        "text": "God",
        "tag": "w",
        "type": "word",
        "occurrence": 1,
        "occurrences": 2
      },
      {
        "type": "text",
        "text": ","
      },
      {
        "tag": "zaln",
        "type": "milestone",
        "strong": "G25320",
        "lemma": "καί",
        "morph": "Gr,CC,,,,,,,,",
        "occurrence": 1,
        "occurrences": 2,
        "content": "καὶ",
        "children": [
          {
            "text": "but",
            "tag": "w",
            "type": "word",
            "occurrence": 1,
            "occurrences": 1
          }
        ],
        "endTag": "zaln-e\\*"
      },
      {
        "text": "if",
        "tag": "w",
        "type": "word",
        "occurrence": 1,
        "occurrences": 1
      },
      {
        "text": "we",
        "tag": "w",
        "type": "word",
        "occurrence": 2,
        "occurrences": 2
      },
      {
        "text": "conduct",
        "tag": "w",
        "type": "word",
        "occurrence": 1,
        "occurrences": 1
      },
      {
        "text": "our",
        "tag": "w",
        "type": "word",
        "occurrence": 1,
        "occurrences": 2
      },
      {
        "text": "lives",
        "tag": "w",
        "type": "word",
        "occurrence": 1,
        "occurrences": 2
      },
      {
        "text": "in",
        "tag": "w",
        "type": "word",
        "occurrence": 1,
        "occurrences": 2
      },
      {
        "text": "an",
        "tag": "w",
        "type": "word",
        "occurrence": 1,
        "occurrences": 1
      },
      {
        "text": "impure",
        "tag": "w",
        "type": "word",
        "occurrence": 1,
        "occurrences": 1
      },
      {
        "text": "manner",
        "tag": "w",
        "type": "word",
        "occurrence": 1,
        "occurrences": 1
      },
      {
        "type": "text",
        "text": ","
      },
      {
        "text": "that",
        "tag": "w",
        "type": "word",
        "occurrence": 1,
        "occurrences": 1
      },
      {
        "text": "is",
        "tag": "w",
        "type": "word",
        "occurrence": 1,
        "occurrences": 1
      },
      {
        "text": "like",
        "tag": "w",
        "type": "word",
        "occurrence": 1,
        "occurrences": 1
      },
      {
        "text": "living",
        "tag": "w",
        "type": "word",
        "occurrence": 1,
        "occurrences": 1
      },
      {
        "text": "in",
        "tag": "w",
        "type": "word",
        "occurrence": 2,
        "occurrences": 2
      },
      {
        "text": "evil",
        "tag": "w",
        "type": "word",
        "occurrence": 1,
        "occurrences": 1
      },
      {
        "text": "darkness",
        "tag": "w",
        "type": "word",
        "occurrence": 1,
        "occurrences": 1
      },
      {
        "type": "text",
        "text": "."
      },
      {
        "tag": "zaln",
        "type": "milestone",
        "strong": "G55740",
        "lemma": "ψεύδομαι",
        "morph": "Gr,V,IPM1,,P,",
        "occurrence": 1,
        "occurrences": 1,
        "content": "ψευδόμεθα",
        "children": [
          {
            "text": "We",
            "tag": "w",
            "type": "word",
            "occurrence": 1,
            "occurrences": 2
          },
          {
            "text": "are",
            "tag": "w",
            "type": "word",
            "occurrence": 1,
            "occurrences": 2
          },
          {
            "text": "lying",
            "tag": "w",
            "type": "word",
            "occurrence": 1,
            "occurrences": 1
          }
        ],
        "endTag": "zaln-e\\*"
      },
      {
        "type": "text",
        "text": "."
      },
      {
        "text": "We",
        "tag": "w",
        "type": "word",
        "occurrence": 2,
        "occurrences": 2
      },
      {
        "text": "are",
        "tag": "w",
        "type": "word",
        "occurrence": 2,
        "occurrences": 2
      },
      {
        "tag": "zaln",
        "type": "milestone",
        "strong": "G37560",
        "lemma": "οὐ",
        "morph": "Gr,D,,,,,,,,,",
        "occurrence": 1,
        "occurrences": 1,
        "content": "οὐ",
        "children": [
          {
            "text": "not",
            "tag": "w",
            "type": "word",
            "occurrence": 1,
            "occurrences": 1
          }
        ],
        "endTag": "zaln-e\\*"
      },
      {
        "tag": "zaln",
        "type": "milestone",
        "strong": "G41600",
        "lemma": "ποιέω",
        "morph": "Gr,V,IPA1,,P,",
        "occurrence": 1,
        "occurrences": 1,
        "content": "ποιοῦμεν",
        "children": [
          {
            "text": "conducting",
            "tag": "w",
            "type": "word",
            "occurrence": 1,
            "occurrences": 1
          }
        ],
        "endTag": "zaln-e\\*"
      },
      {
        "text": "our",
        "tag": "w",
        "type": "word",
        "occurrence": 2,
        "occurrences": 2
      },
      {
        "text": "lives",
        "tag": "w",
        "type": "word",
        "occurrence": 2,
        "occurrences": 2
      },
      {
        "text": "according",
        "tag": "w",
        "type": "word",
        "occurrence": 1,
        "occurrences": 1
      },
      {
        "text": "to",
        "tag": "w",
        "type": "word",
        "occurrence": 2,
        "occurrences": 2
      },
      {
        "text": "God",
        "tag": "w",
        "type": "word",
        "occurrence": 2,
        "occurrences": 2
      },
      {
        "type": "text",
        "text": "'"
      },
      {
        "text": "s",
        "tag": "w",
        "type": "word",
        "occurrence": 1,
        "occurrences": 1
      },
      {
        "tag": "zaln",
        "type": "milestone",
        "strong": "G35880",
        "lemma": "ὁ",
        "morph": "Gr,EA,,,,AFS,",
        "occurrence": 1,
        "occurrences": 1,
        "content": "τὴν",
        "children": [
          {
            "tag": "zaln",
            "type": "milestone",
            "strong": "G02250",
            "lemma": "ἀλήθεια",
            "morph": "Gr,N,,,,,AFS,",
            "occurrence": 1,
            "occurrences": 1,
            "content": "ἀλήθειαν",
            "children": [
              {
                "text": "true",
                "tag": "w",
                "type": "word",
                "occurrence": 1,
                "occurrences": 1
              }
            ],
            "endTag": "zaln-e\\*"
          }
        ],
        "endTag": "zaln-e\\*"
      },
      {
        "text": "message",
        "tag": "w",
        "type": "word",
        "occurrence": 1,
        "occurrences": 1
      },
      {
        "type": "text",
        "text": ". \n"
      }
    ]
  },
  "7": {
    "verseObjects": [
      {
        "text": "But",
        "tag": "w",
        "type": "word",
        "occurrence": 1,
        "occurrences": 1
      },
      {
        "text": "living",
        "tag": "w",
        "type": "word",
        "occurrence": 1,
        "occurrences": 3
      },
      {
        "text": "in",
        "tag": "w",
        "type": "word",
        "occurrence": 1,
        "occurrences": 4
      },
      {
        "text": "a",
        "tag": "w",
        "type": "word",
        "occurrence": 1,
        "occurrences": 2
      },
      {
        "text": "pure",
        "tag": "w",
        "type": "word",
        "occurrence": 1,
        "occurrences": 2
      },
      {
        "text": "manner",
        "tag": "w",
        "type": "word",
        "occurrence": 1,
        "occurrences": 2
      },
      {
        "type": "text",
        "text": ","
      },
      {
        "text": "as",
        "tag": "w",
        "type": "word",
        "occurrence": 1,
        "occurrences": 1
      },
      {
        "text": "God",
        "tag": "w",
        "type": "word",
        "occurrence": 1,
        "occurrences": 3
      },
      {
        "text": "is",
        "tag": "w",
        "type": "word",
        "occurrence": 1,
        "occurrences": 2
      },
      {
        "text": "living",
        "tag": "w",
        "type": "word",
        "occurrence": 2,
        "occurrences": 3
      },
      {
        "text": "in",
        "tag": "w",
        "type": "word",
        "occurrence": 2,
        "occurrences": 4
      },
      {
        "text": "a",
        "tag": "w",
        "type": "word",
        "occurrence": 2,
        "occurrences": 2
      },
      {
        "text": "pure",
        "tag": "w",
        "type": "word",
        "occurrence": 2,
        "occurrences": 2
      },
      {
        "text": "manner",
        "tag": "w",
        "type": "word",
        "occurrence": 2,
        "occurrences": 2
      },
      {
        "text": "in",
        "tag": "w",
        "type": "word",
        "occurrence": 3,
        "occurrences": 4
      },
      {
        "text": "every",
        "tag": "w",
        "type": "word",
        "occurrence": 1,
        "occurrences": 1
      },
      {
        "text": "way",
        "tag": "w",
        "type": "word",
        "occurrence": 1,
        "occurrences": 1
      },
      {
        "type": "text",
        "text": ","
      },
      {
        "text": "is",
        "tag": "w",
        "type": "word",
        "occurrence": 2,
        "occurrences": 2
      },
      {
        "text": "like",
        "tag": "w",
        "type": "word",
        "occurrence": 1,
        "occurrences": 1
      },
      {
        "text": "living",
        "tag": "w",
        "type": "word",
        "occurrence": 3,
        "occurrences": 3
      },
      {
        "text": "in",
        "tag": "w",
        "type": "word",
        "occurrence": 4,
        "occurrences": 4
      },
      {
        "text": "God",
        "tag": "w",
        "type": "word",
        "occurrence": 2,
        "occurrences": 3
      },
      {
        "type": "text",
        "text": "'"
      },
      {
        "text": "s",
        "tag": "w",
        "type": "word",
        "occurrence": 1,
        "occurrences": 1
      },
      {
        "text": "light",
        "tag": "w",
        "type": "word",
        "occurrence": 1,
        "occurrences": 1
      },
      {
        "type": "text",
        "text": "."
      },
      {
        "tag": "zaln",
        "type": "milestone",
        "strong": "G14370",
        "lemma": "ἐάν",
        "morph": "Gr,CS,,,,,,,,",
        "occurrence": 1,
        "occurrences": 1,
        "content": "ἐὰν",
        "children": [
          {
            "text": "If",
            "tag": "w",
            "type": "word",
            "occurrence": 1,
            "occurrences": 1
          }
        ],
        "endTag": "zaln-e\\*"
      },
      {
        "text": "we",
        "tag": "w",
        "type": "word",
        "occurrence": 1,
        "occurrences": 2
      },
      {
        "text": "do",
        "tag": "w",
        "type": "word",
        "occurrence": 1,
        "occurrences": 1
      },
      {
        "text": "that",
        "tag": "w",
        "type": "word",
        "occurrence": 1,
        "occurrences": 1
      },
      {
        "type": "text",
        "text": ","
      },
      {
        "text": "we",
        "tag": "w",
        "type": "word",
        "occurrence": 2,
        "occurrences": 2
      },
      {
        "text": "can",
        "tag": "w",
        "type": "word",
        "occurrence": 1,
        "occurrences": 1
      },
      {
        "tag": "zaln",
        "type": "milestone",
        "strong": "G28420",
        "lemma": "κοινωνία",
        "morph": "Gr,N,,,,,AFS,",
        "occurrence": 1,
        "occurrences": 1,
        "content": "κοινωνίαν",
        "children": [
          {
            "text": "join",
            "tag": "w",
            "type": "word",
            "occurrence": 1,
            "occurrences": 1
          },
          {
            "text": "together",
            "tag": "w",
            "type": "word",
            "occurrence": 1,
            "occurrences": 1
          }
        ],
        "endTag": "zaln-e\\*"
      },
      {
        "tag": "zaln",
        "type": "milestone",
        "strong": "G33260",
        "lemma": "μετά",
        "morph": "Gr,P,,,,,G,,,",
        "occurrence": 1,
        "occurrences": 1,
        "content": "μετ’",
        "children": [
          {
            "text": "with",
            "tag": "w",
            "type": "word",
            "occurrence": 1,
            "occurrences": 1
          }
        ],
        "endTag": "zaln-e\\*"
      },
      {
        "tag": "zaln",
        "type": "milestone",
        "strong": "G02400",
        "lemma": "ἀλλήλων",
        "morph": "Gr,RC,,,,GMP,",
        "occurrence": 1,
        "occurrences": 1,
        "content": "ἀλλήλων",
        "children": [
          {
            "text": "each",
            "tag": "w",
            "type": "word",
            "occurrence": 1,
            "occurrences": 1
          },
          {
            "text": "other",
            "tag": "w",
            "type": "word",
            "occurrence": 1,
            "occurrences": 1
          }
        ],
        "endTag": "zaln-e\\*"
      },
      {
        "type": "text",
        "text": ","
      },
      {
        "tag": "zaln",
        "type": "milestone",
        "strong": "G25320",
        "lemma": "καί",
        "morph": "Gr,CC,,,,,,,,",
        "occurrence": 1,
        "occurrences": 1,
        "content": "καὶ",
        "children": [
          {
            "text": "and",
            "tag": "w",
            "type": "word",
            "occurrence": 1,
            "occurrences": 2
          }
        ],
        "endTag": "zaln-e\\*"
      },
      {
        "text": "God",
        "tag": "w",
        "type": "word",
        "occurrence": 3,
        "occurrences": 3
      },
      {
        "text": "forgives",
        "tag": "w",
        "type": "word",
        "occurrence": 1,
        "occurrences": 1
      },
      {
        "text": "us",
        "tag": "w",
        "type": "word",
        "occurrence": 1,
        "occurrences": 3
      },
      {
        "text": "and",
        "tag": "w",
        "type": "word",
        "occurrence": 2,
        "occurrences": 2
      },
      {
        "text": "accepts",
        "tag": "w",
        "type": "word",
        "occurrence": 1,
        "occurrences": 1
      },
      {
        "text": "us",
        "tag": "w",
        "type": "word",
        "occurrence": 2,
        "occurrences": 3
      },
      {
        "text": "because",
        "tag": "w",
        "type": "word",
        "occurrence": 1,
        "occurrences": 1
      },
      {
        "text": "Jesus",
        "tag": "w",
        "type": "word",
        "occurrence": 1,
        "occurrences": 1
      },
      {
        "text": "died",
        "tag": "w",
        "type": "word",
        "occurrence": 1,
        "occurrences": 1
      },
      {
        "text": "for",
        "tag": "w",
        "type": "word",
        "occurrence": 1,
        "occurrences": 1
      },
      {
        "text": "us",
        "tag": "w",
        "type": "word",
        "occurrence": 3,
        "occurrences": 3
      },
      {
        "type": "text",
        "text": "."
      },
      {
        "tag": "s5",
        "type": "section",
        "content": " \n"
      }
    ]
  },
  "8": {
    "verseObjects": [
      {
        "text": "Those",
        "tag": "w",
        "type": "word",
        "occurrence": 1,
        "occurrences": 1
      },
      {
        "tag": "zaln",
        "type": "milestone",
        "strong": "G30040",
        "lemma": "λέγω",
        "morph": "Gr,V,SAA1,,P,",
        "occurrence": 1,
        "occurrences": 1,
        "content": "εἴπωμεν",
        "children": [
          {
            "text": "who",
            "tag": "w",
            "type": "word",
            "occurrence": 1,
            "occurrences": 1
          },
          {
            "text": "say",
            "tag": "w",
            "type": "word",
            "occurrence": 1,
            "occurrences": 1
          }
        ],
        "endTag": "zaln-e\\*"
      },
      {
        "tag": "zaln",
        "type": "milestone",
        "strong": "G37540",
        "lemma": "ὅτι",
        "morph": "Gr,CS,,,,,,,,",
        "occurrence": 1,
        "occurrences": 1,
        "content": "ὅτι",
        "children": [
          {
            "text": "that",
            "tag": "w",
            "type": "word",
            "occurrence": 1,
            "occurrences": 1
          }
        ],
        "endTag": "zaln-e\\*"
      },
      {
        "text": "they",
        "tag": "w",
        "type": "word",
        "occurrence": 1,
        "occurrences": 1
      },
      {
        "text": "have",
        "tag": "w",
        "type": "word",
        "occurrence": 1,
        "occurrences": 1
      },
      {
        "tag": "zaln",
        "type": "milestone",
        "strong": "G37560",
        "lemma": "οὐ",
        "morph": "Gr,D,,,,,,,,,",
        "occurrence": 1,
        "occurrences": 2,
        "content": "οὐκ",
        "children": [
          {
            "text": "never",
            "tag": "w",
            "type": "word",
            "occurrence": 1,
            "occurrences": 1
          }
        ],
        "endTag": "zaln-e\\*"
      },
      {
        "tag": "zaln",
        "type": "milestone",
        "strong": "G02660",
        "lemma": "ἁμαρτία",
        "morph": "Gr,N,,,,,AFS,",
        "occurrence": 1,
        "occurrences": 1,
        "content": "ἁμαρτίαν",
        "children": [
          {
            "text": "sinned",
            "tag": "w",
            "type": "word",
            "occurrence": 1,
            "occurrences": 1
          }
        ],
        "endTag": "zaln-e\\*"
      },
      {
        "tag": "zaln",
        "type": "milestone",
        "strong": "G41050",
        "lemma": "πλανάω",
        "morph": "Gr,V,IPA1,,P,",
        "occurrence": 1,
        "occurrences": 1,
        "content": "πλανῶμεν",
        "children": [
          {
            "text": "are",
            "tag": "w",
            "type": "word",
            "occurrence": 1,
            "occurrences": 2
          },
          {
            "text": "deceiving",
            "tag": "w",
            "type": "word",
            "occurrence": 1,
            "occurrences": 1
          }
        ],
        "endTag": "zaln-e\\*"
      },
      {
        "tag": "zaln",
        "type": "milestone",
        "strong": "G14380",
        "lemma": "ἑαυτοῦ",
        "morph": "Gr,RE,,,1AMP,",
        "occurrence": 1,
        "occurrences": 1,
        "content": "ἑαυτοὺς",
        "children": [
          {
            "text": "themselves",
            "tag": "w",
            "type": "word",
            "occurrence": 1,
            "occurrences": 1
          }
        ],
        "endTag": "zaln-e\\*"
      },
      {
        "tag": "zaln",
        "type": "milestone",
        "strong": "G25320",
        "lemma": "καί",
        "morph": "Gr,CC,,,,,,,,",
        "occurrence": 1,
        "occurrences": 1,
        "content": "καὶ",
        "children": [
          {
            "text": "and",
            "tag": "w",
            "type": "word",
            "occurrence": 1,
            "occurrences": 1
          }
        ],
        "endTag": "zaln-e\\*"
      },
      {
        "text": "are",
        "tag": "w",
        "type": "word",
        "occurrence": 2,
        "occurrences": 2
      },
      {
        "text": "refusing",
        "tag": "w",
        "type": "word",
        "occurrence": 1,
        "occurrences": 1
      },
      {
        "text": "to",
        "tag": "w",
        "type": "word",
        "occurrence": 1,
        "occurrences": 1
      },
      {
        "text": "believe",
        "tag": "w",
        "type": "word",
        "occurrence": 1,
        "occurrences": 1
      },
      {
        "text": "what",
        "tag": "w",
        "type": "word",
        "occurrence": 1,
        "occurrences": 1
      },
      {
        "text": "God",
        "tag": "w",
        "type": "word",
        "occurrence": 1,
        "occurrences": 1
      },
      {
        "text": "says",
        "tag": "w",
        "type": "word",
        "occurrence": 1,
        "occurrences": 1
      },
      {
        "text": "about",
        "tag": "w",
        "type": "word",
        "occurrence": 1,
        "occurrences": 1
      },
      {
        "text": "them",
        "tag": "w",
        "type": "word",
        "occurrence": 1,
        "occurrences": 1
      },
      {
        "type": "text",
        "text": ". \n"
      }
    ]
  },
  "9": {
    "verseObjects": [
      {
        "text": "But",
        "tag": "w",
        "type": "word",
        "occurrence": 1,
        "occurrences": 1
      },
      {
        "text": "God",
        "tag": "w",
        "type": "word",
        "occurrence": 1,
        "occurrences": 1
      },
      {
        "text": "always",
        "tag": "w",
        "type": "word",
        "occurrence": 1,
        "occurrences": 2
      },
      {
        "text": "does",
        "tag": "w",
        "type": "word",
        "occurrence": 1,
        "occurrences": 2
      },
      {
        "text": "what",
        "tag": "w",
        "type": "word",
        "occurrence": 1,
        "occurrences": 2
      },
      {
        "text": "he",
        "tag": "w",
        "type": "word",
        "occurrence": 1,
        "occurrences": 4
      },
      {
        "text": "says",
        "tag": "w",
        "type": "word",
        "occurrence": 1,
        "occurrences": 1
      },
      {
        "text": "he",
        "tag": "w",
        "type": "word",
        "occurrence": 2,
        "occurrences": 4
      },
      {
        "text": "will",
        "tag": "w",
        "type": "word",
        "occurrence": 1,
        "occurrences": 3
      },
      {
        "text": "do",
        "tag": "w",
        "type": "word",
        "occurrence": 1,
        "occurrences": 1
      },
      {
        "type": "text",
        "text": ","
      },
      {
        "text": "and",
        "tag": "w",
        "type": "word",
        "occurrence": 1,
        "occurrences": 2
      },
      {
        "text": "what",
        "tag": "w",
        "type": "word",
        "occurrence": 2,
        "occurrences": 2
      },
      {
        "text": "he",
        "tag": "w",
        "type": "word",
        "occurrence": 3,
        "occurrences": 4
      },
      {
        "text": "does",
        "tag": "w",
        "type": "word",
        "occurrence": 2,
        "occurrences": 2
      },
      {
        "text": "is",
        "tag": "w",
        "type": "word",
        "occurrence": 1,
        "occurrences": 1
      },
      {
        "text": "always",
        "tag": "w",
        "type": "word",
        "occurrence": 2,
        "occurrences": 2
      },
      {
        "tag": "zaln",
        "type": "milestone",
        "strong": "G13420",
        "lemma": "δίκαιος",
        "morph": "Gr,NS,,,,NMS,",
        "occurrence": 1,
        "occurrences": 1,
        "content": "δίκαιος",
        "children": [
          {
            "text": "right",
            "tag": "w",
            "type": "word",
            "occurrence": 1,
            "occurrences": 1
          }
        ],
        "endTag": "zaln-e\\*"
      },
      {
        "type": "text",
        "text": "."
      },
      {
        "text": "So",
        "tag": "w",
        "type": "word",
        "occurrence": 1,
        "occurrences": 1
      },
      {
        "tag": "zaln",
        "type": "milestone",
        "strong": "G14370",
        "lemma": "ἐάν",
        "morph": "Gr,CS,,,,,,,,",
        "occurrence": 1,
        "occurrences": 1,
        "content": "ἐὰν",
        "children": [
          {
            "text": "if",
            "tag": "w",
            "type": "word",
            "occurrence": 1,
            "occurrences": 1
          }
        ],
        "endTag": "zaln-e\\*"
      },
      {
        "tag": "zaln",
        "type": "milestone",
        "strong": "G36700",
        "lemma": "ὁμολογέω",
        "morph": "Gr,V,SPA1,,P,",
        "occurrence": 1,
        "occurrences": 1,
        "content": "ὁμολογῶμεν",
        "children": [
          {
            "text": "we",
            "tag": "w",
            "type": "word",
            "occurrence": 1,
            "occurrences": 5
          },
          {
            "text": "admit",
            "tag": "w",
            "type": "word",
            "occurrence": 1,
            "occurrences": 2
          }
        ],
        "endTag": "zaln-e\\*"
      },
      {
        "text": "to",
        "tag": "w",
        "type": "word",
        "occurrence": 1,
        "occurrences": 2
      },
      {
        "text": "him",
        "tag": "w",
        "type": "word",
        "occurrence": 1,
        "occurrences": 2
      },
      {
        "text": "that",
        "tag": "w",
        "type": "word",
        "occurrence": 1,
        "occurrences": 3
      },
      {
        "tag": "zaln",
        "type": "milestone",
        "strong": "G14730",
        "lemma": "ἐγώ",
        "morph": "Gr,RP,,,1G,P,",
        "occurrence": 1,
        "occurrences": 1,
        "content": "ἡμῶν",
        "children": [
          {
            "text": "we",
            "tag": "w",
            "type": "word",
            "occurrence": 2,
            "occurrences": 5
          }
        ],
        "endTag": "zaln-e\\*"
      },
      {
        "text": "have",
        "tag": "w",
        "type": "word",
        "occurrence": 1,
        "occurrences": 3
      },
      {
        "tag": "zaln",
        "type": "milestone",
        "strong": "G02660",
        "lemma": "ἁμαρτία",
        "morph": "Gr,N,,,,,AFP,",
        "occurrence": 1,
        "occurrences": 2,
        "content": "ἁμαρτίας",
        "children": [
          {
            "text": "sinned",
            "tag": "w",
            "type": "word",
            "occurrence": 1,
            "occurrences": 2
          }
        ],
        "endTag": "zaln-e\\*"
      },
      {
        "type": "text",
        "text": ","
      },
      {
        "tag": "zaln",
        "type": "milestone",
        "strong": "G08630",
        "lemma": "ἀφίημι",
        "morph": "Gr,V,SAA3,,S,",
        "occurrence": 1,
        "occurrences": 1,
        "content": "ἀφῇ",
        "children": [
          {
            "text": "he",
            "tag": "w",
            "type": "word",
            "occurrence": 4,
            "occurrences": 4
          },
          {
            "text": "will",
            "tag": "w",
            "type": "word",
            "occurrence": 2,
            "occurrences": 3
          },
          {
            "text": "forgive",
            "tag": "w",
            "type": "word",
            "occurrence": 1,
            "occurrences": 1
          }
        ],
        "endTag": "zaln-e\\*"
      },
      {
        "tag": "zaln",
        "type": "milestone",
        "strong": "G14730",
        "lemma": "ἐγώ",
        "morph": "Gr,RP,,,1D,P,",
        "occurrence": 1,
        "occurrences": 1,
        "content": "ἡμῖν",
        "children": [
          {
            "text": "us",
            "tag": "w",
            "type": "word",
            "occurrence": 1,
            "occurrences": 2
          }
        ],
        "endTag": "zaln-e\\*"
      },
      {
        "text": "for",
        "tag": "w",
        "type": "word",
        "occurrence": 1,
        "occurrences": 1
      },
      {
        "text": "our",
        "tag": "w",
        "type": "word",
        "occurrence": 1,
        "occurrences": 1
      },
      {
        "tag": "zaln",
        "type": "milestone",
        "strong": "G02660",
        "lemma": "ἁμαρτία",
        "morph": "Gr,N,,,,,AFP,",
        "occurrence": 2,
        "occurrences": 2,
        "content": "ἁμαρτίας",
        "children": [
          {
            "text": "sins",
            "tag": "w",
            "type": "word",
            "occurrence": 1,
            "occurrences": 1
          }
        ],
        "endTag": "zaln-e\\*"
      },
      {
        "tag": "zaln",
        "type": "milestone",
        "strong": "G25320",
        "lemma": "καί",
        "morph": "Gr,CC,,,,,,,,",
        "occurrence": 2,
        "occurrences": 2,
        "content": "καὶ",
        "children": [
          {
            "text": "and",
            "tag": "w",
            "type": "word",
            "occurrence": 2,
            "occurrences": 2
          }
        ],
        "endTag": "zaln-e\\*"
      },
      {
        "tag": "zaln",
        "type": "milestone",
        "strong": "G25110",
        "lemma": "καθαρίζω",
        "morph": "Gr,V,SAA3,,S,",
        "occurrence": 1,
        "occurrences": 1,
        "content": "καθαρίσῃ",
        "children": [
          {
            "text": "will",
            "tag": "w",
            "type": "word",
            "occurrence": 3,
            "occurrences": 3
          },
          {
            "text": "free",
            "tag": "w",
            "type": "word",
            "occurrence": 1,
            "occurrences": 1
          }
        ],
        "endTag": "zaln-e\\*"
      },
      {
        "tag": "zaln",
        "type": "milestone",
        "strong": "G14730",
        "lemma": "ἐγώ",
        "morph": "Gr,RP,,,1A,P,",
        "occurrence": 1,
        "occurrences": 1,
        "content": "ἡμᾶς",
        "children": [
          {
            "text": "us",
            "tag": "w",
            "type": "word",
            "occurrence": 2,
            "occurrences": 2
          }
        ],
        "endTag": "zaln-e\\*"
      },
      {
        "tag": "zaln",
        "type": "milestone",
        "strong": "G05750",
        "lemma": "ἀπό",
        "morph": "Gr,P,,,,,G,,,",
        "occurrence": 1,
        "occurrences": 1,
        "content": "ἀπὸ",
        "children": [
          {
            "text": "from",
            "tag": "w",
            "type": "word",
            "occurrence": 1,
            "occurrences": 1
          }
        ],
        "endTag": "zaln-e\\*"
      },
      {
        "text": "the",
        "tag": "w",
        "type": "word",
        "occurrence": 1,
        "occurrences": 1
      },
      {
        "text": "guilt",
        "tag": "w",
        "type": "word",
        "occurrence": 1,
        "occurrences": 1
      },
      {
        "text": "of",
        "tag": "w",
        "type": "word",
        "occurrence": 1,
        "occurrences": 2
      },
      {
        "tag": "zaln",
        "type": "milestone",
        "strong": "G39560",
        "lemma": "πᾶς",
        "morph": "Gr,EQ,,,,GFS,",
        "occurrence": 1,
        "occurrences": 1,
        "content": "πάσης",
        "children": [
          {
            "text": "everything",
            "tag": "w",
            "type": "word",
            "occurrence": 1,
            "occurrences": 1
          }
        ],
        "endTag": "zaln-e\\*"
      },
      {
        "text": "we",
        "tag": "w",
        "type": "word",
        "occurrence": 3,
        "occurrences": 5
      },
      {
        "text": "have",
        "tag": "w",
        "type": "word",
        "occurrence": 2,
        "occurrences": 3
      },
      {
        "tag": "zaln",
        "type": "milestone",
        "strong": "G00930",
        "lemma": "ἀδικία",
        "morph": "Gr,N,,,,,GFS,",
        "occurrence": 1,
        "occurrences": 1,
        "content": "ἀδικίας",
        "children": [
          {
            "text": "done",
            "tag": "w",
            "type": "word",
            "occurrence": 1,
            "occurrences": 1
          }
        ],
        "endTag": "zaln-e\\*"
      },
      {
        "text": "wrong",
        "tag": "w",
        "type": "word",
        "occurrence": 1,
        "occurrences": 1
      },
      {
        "type": "text",
        "text": "."
      },
      {
        "text": "Because",
        "tag": "w",
        "type": "word",
        "occurrence": 1,
        "occurrences": 1
      },
      {
        "text": "of",
        "tag": "w",
        "type": "word",
        "occurrence": 2,
        "occurrences": 2
      },
      {
        "text": "that",
        "tag": "w",
        "type": "word",
        "occurrence": 2,
        "occurrences": 3
      },
      {
        "type": "text",
        "text": ","
      },
      {
        "text": "we",
        "tag": "w",
        "type": "word",
        "occurrence": 4,
        "occurrences": 5
      },
      {
        "text": "should",
        "tag": "w",
        "type": "word",
        "occurrence": 1,
        "occurrences": 1
      },
      {
        "text": "admit",
        "tag": "w",
        "type": "word",
        "occurrence": 2,
        "occurrences": 2
      },
      {
        "text": "to",
        "tag": "w",
        "type": "word",
        "occurrence": 2,
        "occurrences": 2
      },
      {
        "text": "him",
        "tag": "w",
        "type": "word",
        "occurrence": 2,
        "occurrences": 2
      },
      {
        "text": "that",
        "tag": "w",
        "type": "word",
        "occurrence": 3,
        "occurrences": 3
      },
      {
        "text": "we",
        "tag": "w",
        "type": "word",
        "occurrence": 5,
        "occurrences": 5
      },
      {
        "text": "have",
        "tag": "w",
        "type": "word",
        "occurrence": 3,
        "occurrences": 3
      },
      {
        "text": "sinned",
        "tag": "w",
        "type": "word",
        "occurrence": 2,
        "occurrences": 2
      },
      {
        "type": "text",
        "text": ". \n"
      }
    ]
  },
  "10": {
    "verseObjects": [
      {
        "text": "Because",
        "tag": "w",
        "type": "word",
        "occurrence": 1,
        "occurrences": 1
      },
      {
        "text": "God",
        "tag": "w",
        "type": "word",
        "occurrence": 1,
        "occurrences": 3
      },
      {
        "text": "says",
        "tag": "w",
        "type": "word",
        "occurrence": 1,
        "occurrences": 2
      },
      {
        "text": "that",
        "tag": "w",
        "type": "word",
        "occurrence": 1,
        "occurrences": 2
      },
      {
        "text": "everyone",
        "tag": "w",
        "type": "word",
        "occurrence": 1,
        "occurrences": 1
      },
      {
        "text": "has",
        "tag": "w",
        "type": "word",
        "occurrence": 1,
        "occurrences": 1
      },
      {
        "text": "sinned",
        "tag": "w",
        "type": "word",
        "occurrence": 1,
        "occurrences": 2
      },
      {
        "type": "text",
        "text": ","
      },
      {
        "text": "those",
        "tag": "w",
        "type": "word",
        "occurrence": 1,
        "occurrences": 1
      },
      {
        "tag": "zaln",
        "type": "milestone",
        "strong": "G30040",
        "lemma": "λέγω",
        "morph": "Gr,V,SAA1,,P,",
        "occurrence": 1,
        "occurrences": 1,
        "content": "εἴπωμεν",
        "children": [
          {
            "text": "who",
            "tag": "w",
            "type": "word",
            "occurrence": 1,
            "occurrences": 1
          },
          {
            "text": "say",
            "tag": "w",
            "type": "word",
            "occurrence": 1,
            "occurrences": 1
          }
        ],
        "endTag": "zaln-e\\*"
      },
      {
        "tag": "zaln",
        "type": "milestone",
        "strong": "G37540",
        "lemma": "ὅτι",
        "morph": "Gr,CS,,,,,,,,",
        "occurrence": 1,
        "occurrences": 1,
        "content": "ὅτι",
        "children": [
          {
            "text": "that",
            "tag": "w",
            "type": "word",
            "occurrence": 2,
            "occurrences": 2
          }
        ],
        "endTag": "zaln-e\\*"
      },
      {
        "tag": "zaln",
        "type": "milestone",
        "strong": "G02640",
        "lemma": "ἁμαρτάνω",
        "morph": "Gr,V,IEA1,,P,",
        "occurrence": 1,
        "occurrences": 1,
        "content": "ἡμαρτήκαμεν",
        "children": [
          {
            "text": "they",
            "tag": "w",
            "type": "word",
            "occurrence": 1,
            "occurrences": 1
          },
          {
            "text": "have",
            "tag": "w",
            "type": "word",
            "occurrence": 1,
            "occurrences": 1
          }
        ],
        "endTag": "zaln-e\\*"
      },
      {
        "tag": "zaln",
        "type": "milestone",
        "strong": "G37560",
        "lemma": "οὐ",
        "morph": "Gr,D,,,,,,,,,",
        "occurrence": 1,
        "occurrences": 1,
        "content": "οὐχ",
        "children": [
          {
            "text": "never",
            "tag": "w",
            "type": "word",
            "occurrence": 1,
            "occurrences": 1
          }
        ],
        "endTag": "zaln-e\\*"
      },
      {
        "tag": "zaln",
        "type": "milestone",
        "strong": "G02640",
        "lemma": "ἁμαρτάνω",
        "morph": "Gr,V,IEA1,,P,",
        "occurrence": 1,
        "occurrences": 1,
        "content": "ἡμαρτήκαμεν",
        "children": [
          {
            "text": "sinned",
            "tag": "w",
            "type": "word",
            "occurrence": 2,
            "occurrences": 2
          }
        ],
        "endTag": "zaln-e\\*"
      },
      {
        "tag": "zaln",
        "type": "milestone",
        "strong": "G55830",
        "lemma": "ψεύστης",
        "morph": "Gr,N,,,,,AMS,",
        "occurrence": 1,
        "occurrences": 1,
        "content": "ψεύστην",
        "children": [
          {
            "tag": "zaln",
            "type": "milestone",
            "strong": "G41600",
            "lemma": "ποιέω",
            "morph": "Gr,V,IPA1,,P,",
            "occurrence": 1,
            "occurrences": 1,
            "content": "ποιοῦμεν",
            "children": [
              {
                "tag": "zaln",
                "type": "milestone",
                "strong": "G08460",
                "lemma": "αὐτός",
                "morph": "Gr,RP,,,3AMS,",
                "occurrence": 1,
                "occurrences": 1,
                "content": "αὐτὸν",
                "children": [
                  {
                    "text": "talk",
                    "tag": "w",
                    "type": "word",
                    "occurrence": 1,
                    "occurrences": 1
                  },
                  {
                    "text": "as",
                    "tag": "w",
                    "type": "word",
                    "occurrence": 1,
                    "occurrences": 1
                  },
                  {
                    "text": "though",
                    "tag": "w",
                    "type": "word",
                    "occurrence": 1,
                    "occurrences": 1
                  },
                  {
                    "text": "God",
                    "tag": "w",
                    "type": "word",
                    "occurrence": 2,
                    "occurrences": 3
                  },
                  {
                    "text": "lies",
                    "tag": "w",
                    "type": "word",
                    "occurrence": 1,
                    "occurrences": 1
                  }
                ],
                "endTag": "zaln-e\\*"
              }
            ],
            "endTag": "zaln-e\\*"
          }
        ],
        "endTag": "zaln-e\\*"
      },
      {
        "type": "text",
        "text": "!"
      },
      {
        "text": "They",
        "tag": "w",
        "type": "word",
        "occurrence": 1,
        "occurrences": 1
      },
      {
        "text": "reject",
        "tag": "w",
        "type": "word",
        "occurrence": 1,
        "occurrences": 1
      },
      {
        "text": "what",
        "tag": "w",
        "type": "word",
        "occurrence": 1,
        "occurrences": 1
      },
      {
        "text": "God",
        "tag": "w",
        "type": "word",
        "occurrence": 3,
        "occurrences": 3
      },
      {
        "text": "says",
        "tag": "w",
        "type": "word",
        "occurrence": 2,
        "occurrences": 2
      },
      {
        "text": "about",
        "tag": "w",
        "type": "word",
        "occurrence": 1,
        "occurrences": 1
      },
      {
        "text": "us",
        "tag": "w",
        "type": "word",
        "occurrence": 1,
        "occurrences": 1
      },
      {
        "type": "text",
        "text": "!"
      },
      {
        "tag": "s5",
        "nextChar": "\n",
        "type": "section"
      }
    ]
  },
  "front": {
    "verseObjects": [
      {
        "tag": "p",
        "type": "paragraph",
        "text": " \n"
      }
    ]
  }
}