{
  "1": {
    "verseObjects": [
      {
        "type": "text",
        "text": "Suppose that I speak with the tongues of men and of angels. But if I do not have love, I have become a noisy gong or a clanging cymbal.\n"
      }
    ]
  },
  "2": {
    "verseObjects": [
      {
        "type": "text",
        "text": "Suppose that I have the gift of prophecy and understand all hidden truths and knowledge, and that I have all faith so as to remove mountains. But if I do not have love, I am nothing.\n"
      }
    ]
  },
  "3": {
    "verseObjects": [
      {
        "type": "text",
        "text": "Suppose that I give all I own to feed the poor, and that I give my body to be burned. But if I do not have love, I gain nothing.\n"
      },
      {
        "tag": "f",
        "type": "footnote",
        "content": "+ \\ft The ULB and UDB, together with most versions, read, \\fqa I give my body to be burned \\fqa* . Some older versions read, \\fqa I give my body so that I might boast \\fqa* . ",
        "endTag": "f*",
        "nextChar": "\n"
      },
      {
        "type": "text",
        "text": "\n"
      },
      {
        "tag": "s5",
        "nextChar": "\n",
        "type": "section"
      }
    ]
  },
  "4": {
    "verseObjects": [
      {
        "type": "text",
        "text": "Love is patient and kind. Love does not envy or boast. It is not arrogant\n"
      }
    ]
  },
  "5": {
    "verseObjects": [
      {
        "type": "text",
        "text": "or rude. It is not self-serving. It is not easily angered, nor does it keep a count of wrongs.\n"
      }
    ]
  },
  "6": {
    "verseObjects": [
      {
        "type": "text",
        "text": "It does not rejoice in unrighteousness. Instead, it rejoices in the truth.\n"
      }
    ]
  },
  "7": {
    "verseObjects": [
      {
        "type": "text",
        "text": "Love bears all things, believes all things, hopes all things, and endures all things.\n\n"
      },
      {
        "tag": "s5",
        "nextChar": "\n",
        "type": "section"
      }
    ]
  },
  "8": {
    "verseObjects": [
      {
        "type": "text",
        "text": "Love never ends. If there are prophecies, they will pass away. If there are tongues, they will cease. If there is knowledge, it will pass away.\n"
      }
    ]
  },
  "9": {
    "verseObjects": [
      {
        "type": "text",
        "text": "For we know in part and we prophesy in part.\n"
      }
    ]
  },
  "10": {
    "verseObjects": [
      {
        "type": "text",
        "text": "But when the perfect comes, that which is incomplete will pass away.\n\n"
      },
      {
        "tag": "s5",
        "nextChar": "\n",
        "type": "section"
      }
    ]
  },
  "11": {
    "verseObjects": [
      {
        "type": "text",
        "text": "When I was a child, I spoke like a child, I thought like a child, I reasoned like a child. When I became an adult, I put away childish things.\n"
      }
    ]
  },
  "12": {
    "verseObjects": [
      {
        "type": "text",
        "text": "For now we see indirectly in a mirror, but then face to face. Now I know in part, but then I will know fully just as I have been fully known.\n"
      }
    ]
  },
  "13": {
    "verseObjects": [
      {
        "type": "text",
        "text": "But now these three remain: faith, future confidence, and love. But the greatest of these is love.\n\n"
      },
      {
        "tag": "s5",
        "nextChar": "\n",
        "type": "section"
      }
    ]
  },
  "front": {
    "verseObjects": [
      {
        "tag": "p",
        "nextChar": "\n",
        "type": "paragraph"
      }
    ]
  }
}