{
  "1": {
    "verseObjects": [
      {
        "type": "text",
        "text": "And I, brothers, could not speak to you as spiritual people, but instead as to fleshly people, as to little children in Christ.\n"
      }
    ]
  },
  "2": {
    "verseObjects": [
      {
        "type": "text",
        "text": "I fed you milk, not solid food, for you were not ready for it; and even now you are not yet ready.\n"
      },
      {
        "tag": "s5",
        "type": "section",
        "text": "\n"
      }
    ]
  },
  "3": {
    "verseObjects": [
      {
        "type": "text",
        "text": "For you are still fleshly. For where jealousy and strife exist among you, are you not living according to the flesh, and are you not walking by human standards?\n"
      }
    ]
  },
  "4": {
    "verseObjects": [
      {
        "type": "text",
        "text": "For when one says, \"I follow Paul,\" and another says, \"I follow Apollos,\" are you not living as human beings?\n"
      }
    ]
  },
  "5": {
    "verseObjects": [
      {
        "type": "text",
        "text": "Who then is Apollos? Who is Paul? Servants through whom you believed, to each of whom the Lord gave tasks.\n\n"
      },
      {
        "tag": "s5",
        "type": "section",
        "text": "\n"
      }
    ]
  },
  "6": {
    "verseObjects": [
      {
        "type": "text",
        "text": "I planted, Apollos watered, but God gave the growth.\n"
      }
    ]
  },
  "7": {
    "verseObjects": [
      {
        "type": "text",
        "text": "So then, neither he who plants nor he who waters is anything. But it is God who gives the growth.\n\n"
      },
      {
        "tag": "s5",
        "type": "section",
        "text": "\n"
      }
    ]
  },
  "8": {
    "verseObjects": [
      {
        "type": "text",
        "text": "Now he who plants and he who waters are one, and each will receive his own wages according to his own labor.\n"
      }
    ]
  },
  "9": {
    "verseObjects": [
      {
        "type": "text",
        "text": "For we are God's fellow workers. You are God's garden, God's building.\n\n"
      },
      {
        "tag": "s5",
        "type": "section",
        "text": "\n"
      },
      {
        "tag": "p",
        "type": "paragraph",
        "text": "\n"
      }
    ]
  },
  "10": {
    "verseObjects": [
      {
        "type": "text",
        "text": "According to the grace of God that was given to me as a skilled master builder, I laid a foundation and another is building on it. But let each man be careful how he builds on it.\n"
      }
    ]
  },
  "11": {
    "verseObjects": [
      {
        "type": "text",
        "text": "For no one can lay a foundation other than the one that has been laid, that is, Jesus Christ.\n\n"
      },
      {
        "tag": "s5",
        "type": "section",
        "text": "\n"
      }
    ]
  },
  "12": {
    "verseObjects": [
      {
        "type": "text",
        "text": "Now if anyone builds on the foundation with gold, silver, precious stones, wood, hay, or straw,\n"
      }
    ]
  },
  "13": {
    "verseObjects": [
      {
        "type": "text",
        "text": "his work will be revealed, for the daylight will reveal it. For it will be revealed in fire. The fire will test the quality of what each one had done.\n\n"
      },
      {
        "tag": "s5",
        "type": "section",
        "text": "\n"
      }
    ]
  },
  "14": {
    "verseObjects": [
      {
        "type": "text",
        "text": "If anyone's work remains, he will receive a reward;\n"
      }
    ]
  },
  "15": {
    "verseObjects": [
      {
        "type": "text",
        "text": "but if anyone's work is burned up, he will suffer loss, but he himself will be saved, as though escaping through fire.\n\n"
      },
      {
        "tag": "s5",
        "type": "section",
        "text": "\n"
      },
      {
        "tag": "p",
        "type": "paragraph",
        "text": "\n"
      }
    ]
  },
  "16": {
    "verseObjects": [
      {
        "type": "text",
        "text": "Do you not know that you are God's temple and that the Spirit of God lives in you?\n"
      }
    ]
  },
  "17": {
    "verseObjects": [
      {
        "type": "text",
        "text": "If anyone destroys God's temple, God will destroy that person. For God's temple is holy, and so are you.\n\n"
      },
      {
        "tag": "s5",
        "type": "section",
        "text": "\n"
      },
      {
        "tag": "p",
        "type": "paragraph",
        "text": "\n"
      }
    ]
  },
  "18": {
    "verseObjects": [
      {
        "type": "text",
        "text": "Let no one deceive himself. If anyone among you thinks he is wise in this age, let him become a \"fool\" that he may become wise.\n"
      }
    ]
  },
  "19": {
    "verseObjects": [
      {
        "type": "text",
        "text": "For the wisdom of this world is foolishness with God. For it is written,\n"
      },
      {
        "tag": "q",
        "type": "quote",
        "text": "\"He catches the wise in their craftiness.\"\n"
      },
      {
        "tag": "m",
        "type": "paragraph",
        "text": "\n"
      }
    ]
  },
  "20": {
    "verseObjects": [
      {
        "type": "text",
        "text": "And again,\n"
      },
      {
        "tag": "q",
        "type": "quote",
        "text": "\"The Lord knows that the reasoning of the wise is futile.\"\n"
      },
      {
        "tag": "m",
        "type": "paragraph",
        "text": "\n"
      },
      {
        "type": "text",
        "text": "\n"
      },
      {
        "tag": "s5",
        "type": "section",
        "text": "\n"
      }
    ]
  },
  "21": {
    "verseObjects": [
      {
        "type": "text",
        "text": "For this reason, let no one boast in men. All things are yours,\n"
      }
    ]
  },
  "22": {
    "verseObjects": [
      {
        "type": "text",
        "text": "whether Paul, or Apollos, or Cephas, or the world, or life, or death, or things present, or things to come. All things are yours,\n"
      }
    ]
  },
  "23": {
    "verseObjects": [
      {
        "type": "text",
        "text": "and you are Christ's, and Christ is God's.\n\n"
      },
      {
        "tag": "s5",
        "type": "section",
        "text": "\n"
      }
    ]
  },
  "front": {
    "verseObjects": [
      {
        "tag": "p",
        "type": "paragraph",
        "text": "\n"
      }
    ]
  }
}