{
  "1": {
    "verseObjects": [
      {
        "text": "μετὰ",
        "tag": "w",
        "type": "word",
        "lemma": "μετά",
        "strong": "G33260",
        "morph": "Gr,P,,,,,A,,,"
      },
      {
        "text": "ταῦτα",
        "tag": "w",
        "type": "word",
        "lemma": "οὗτος",
        "strong": "G37780",
        "morph": "Gr,RD,,,,ANP,"
      },
      {
        "text": "εἶδον",
        "tag": "w",
        "type": "word",
        "lemma": "ὁράω",
        "strong": "G37080",
        "morph": "Gr,V,IAA1,,S,"
      },
      {
        "type": "text",
        "text": ","
      },
      {
        "text": "καὶ",
        "tag": "w",
        "type": "word",
        "lemma": "καί",
        "strong": "G25320",
        "morph": "Gr,CC,,,,,,,,"
      },
      {
        "text": "ἰδοὺ",
        "tag": "w",
        "type": "word",
        "lemma": "ὁράω",
        "strong": "G37080",
        "morph": "Gr,IDMAA2,,S,"
      },
      {
        "type": "text",
        "text": ","
      },
      {
        "text": "θύρα",
        "tag": "w",
        "type": "word",
        "lemma": "θύρα",
        "strong": "G23740",
        "morph": "Gr,N,,,,,NFS,"
      },
      {
        "text": "ἠνεῳγμένη",
        "tag": "w",
        "type": "word",
        "lemma": "ἀνεώγω",
        "strong": "G04550",
        "morph": "Gr,V,PEP,NFS,"
      },
      {
        "text": "ἐν",
        "tag": "w",
        "type": "word",
        "lemma": "ἐν",
        "strong": "G17220",
        "morph": "Gr,P,,,,,D,,,"
      },
      {
        "text": "τῷ",
        "tag": "w",
        "type": "word",
        "lemma": "ὁ",
        "strong": "G35880",
        "morph": "Gr,EA,,,,DMS,"
      },
      {
        "text": "οὐρανῷ",
        "tag": "w",
        "type": "word",
        "lemma": "οὐρανός",
        "strong": "G37720",
        "morph": "Gr,N,,,,,DMS,",
        "tw": "rc://*/tw/dict/bible/kt/heaven"
      },
      {
        "type": "text",
        "text": ","
      },
      {
        "text": "καὶ",
        "tag": "w",
        "type": "word",
        "lemma": "καί",
        "strong": "G25320",
        "morph": "Gr,CC,,,,,,,,"
      },
      {
        "text": "ἡ",
        "tag": "w",
        "type": "word",
        "lemma": "ὁ",
        "strong": "G35880",
        "morph": "Gr,EA,,,,NFS,"
      },
      {
        "text": "φωνὴ",
        "tag": "w",
        "type": "word",
        "lemma": "φωνή",
        "strong": "G54560",
        "morph": "Gr,N,,,,,NFS,",
        "tw": "rc://*/tw/dict/bible/other/voice"
      },
      {
        "text": "ἡ",
        "tag": "w",
        "type": "word",
        "lemma": "ὁ",
        "strong": "G35880",
        "morph": "Gr,EA,,,,NFS,"
      },
      {
        "text": "πρώτη",
        "tag": "w",
        "type": "word",
        "lemma": "πρῶτος",
        "strong": "G44130",
        "morph": "Gr,EO,,,,NFS,"
      },
      {
        "text": "ἣν",
        "tag": "w",
        "type": "word",
        "lemma": "ὅς",
        "strong": "G37390",
        "morph": "Gr,RD,,,,AFS,"
      },
      {
        "text": "ἤκουσα",
        "tag": "w",
        "type": "word",
        "lemma": "ἀκούω",
        "strong": "G01910",
        "morph": "Gr,V,IAA1,,S,"
      },
      {
        "text": "ὡς",
        "tag": "w",
        "type": "word",
        "lemma": "ὡς",
        "strong": "G56130",
        "morph": "Gr,CS,,,,,,,,",
        "tw": "rc://*/tw/dict/bible/other/like"
      },
      {
        "text": "σάλπιγγος",
        "tag": "w",
        "type": "word",
        "lemma": "σάλπιγξ",
        "strong": "G45360",
        "morph": "Gr,N,,,,,GFS,",
        "tw": "rc://*/tw/dict/bible/other/trumpet"
      },
      {
        "text": "λαλούσης",
        "tag": "w",
        "type": "word",
        "lemma": "λαλέω",
        "strong": "G29800",
        "morph": "Gr,V,PPA,GFS,"
      },
      {
        "text": "μετ’",
        "tag": "w",
        "type": "word",
        "lemma": "μετά",
        "strong": "G33260",
        "morph": "Gr,P,,,,,G,,,"
      },
      {
        "text": "ἐμοῦ",
        "tag": "w",
        "type": "word",
        "lemma": "ἐγώ",
        "strong": "G14730",
        "morph": "Gr,RP,,,1G,S,"
      },
      {
        "text": "λέγων",
        "tag": "w",
        "type": "word",
        "lemma": "λέγω",
        "strong": "G30040",
        "morph": "Gr,V,PPA,NMS,"
      },
      {
        "type": "text",
        "text": ",\n“"
      },
      {
        "text": "ἀνάβα",
        "tag": "w",
        "type": "word",
        "lemma": "ἀναβαίνω",
        "strong": "G03050",
        "morph": "Gr,V,MAA2,,S,"
      },
      {
        "text": "ὧδε",
        "tag": "w",
        "type": "word",
        "lemma": "ὧδε",
        "strong": "G56020",
        "morph": "Gr,D,,,,,,,,,"
      },
      {
        "type": "text",
        "text": ","
      },
      {
        "text": "καὶ",
        "tag": "w",
        "type": "word",
        "lemma": "καί",
        "strong": "G25320",
        "morph": "Gr,CC,,,,,,,,"
      },
      {
        "text": "δείξω",
        "tag": "w",
        "type": "word",
        "lemma": "δεικνύω",
        "strong": "G11660",
        "morph": "Gr,V,IFA1,,S,"
      },
      {
        "text": "σοι",
        "tag": "w",
        "type": "word",
        "lemma": "σύ",
        "strong": "G47710",
        "morph": "Gr,RP,,,2D,S,"
      },
      {
        "text": "ἃ",
        "tag": "w",
        "type": "word",
        "lemma": "ὅς",
        "strong": "G37390",
        "morph": "Gr,RR,,,,ANP,"
      },
      {
        "text": "δεῖ",
        "tag": "w",
        "type": "word",
        "lemma": "δέω",
        "strong": "G12100",
        "morph": "Gr,V,IPA3,,S,"
      },
      {
        "text": "γενέσθαι",
        "tag": "w",
        "type": "word",
        "lemma": "γίνομαι",
        "strong": "G10960",
        "morph": "Gr,V,NAM,,,,,"
      },
      {
        "text": "μετὰ",
        "tag": "w",
        "type": "word",
        "lemma": "μετά",
        "strong": "G33260",
        "morph": "Gr,P,,,,,A,,,"
      },
      {
        "text": "ταῦτα",
        "tag": "w",
        "type": "word",
        "lemma": "οὗτος",
        "strong": "G37780",
        "morph": "Gr,RD,,,,ANP,"
      },
      {
        "type": "text",
        "text": ".”\n\n"
      }
    ]
  },
  "2": {
    "verseObjects": [
      {
        "text": "εὐθέως",
        "tag": "w",
        "type": "word",
        "lemma": "εὐθέως",
        "strong": "G21120",
        "morph": "Gr,D,,,,,,,,,"
      },
      {
        "text": "ἐγενόμην",
        "tag": "w",
        "type": "word",
        "lemma": "γίνομαι",
        "strong": "G10960",
        "morph": "Gr,V,IAM1,,S,"
      },
      {
        "text": "ἐν",
        "tag": "w",
        "type": "word",
        "lemma": "ἐν",
        "strong": "G17220",
        "morph": "Gr,P,,,,,D,,,"
      },
      {
        "text": "Πνεύματι",
        "tag": "w",
        "type": "word",
        "lemma": "πνεῦμα",
        "strong": "G41510",
        "morph": "Gr,N,,,,,DNS,",
        "tw": "rc://*/tw/dict/bible/kt/holyspirit"
      },
      {
        "type": "text",
        "text": ","
      },
      {
        "text": "καὶ",
        "tag": "w",
        "type": "word",
        "lemma": "καί",
        "strong": "G25320",
        "morph": "Gr,CC,,,,,,,,"
      },
      {
        "text": "ἰδοὺ",
        "tag": "w",
        "type": "word",
        "lemma": "ὁράω",
        "strong": "G37080",
        "morph": "Gr,IDMAA2,,S,"
      },
      {
        "type": "text",
        "text": ","
      },
      {
        "text": "θρόνος",
        "tag": "w",
        "type": "word",
        "lemma": "θρόνος",
        "strong": "G23620",
        "morph": "Gr,N,,,,,NMS,",
        "tw": "rc://*/tw/dict/bible/other/throne"
      },
      {
        "text": "ἔκειτο",
        "tag": "w",
        "type": "word",
        "lemma": "κεῖμαι",
        "strong": "G27490",
        "morph": "Gr,V,IIM3,,S,"
      },
      {
        "text": "ἐν",
        "tag": "w",
        "type": "word",
        "lemma": "ἐν",
        "strong": "G17220",
        "morph": "Gr,P,,,,,D,,,"
      },
      {
        "text": "τῷ",
        "tag": "w",
        "type": "word",
        "lemma": "ὁ",
        "strong": "G35880",
        "morph": "Gr,EA,,,,DMS,"
      },
      {
        "text": "οὐρανῷ",
        "tag": "w",
        "type": "word",
        "lemma": "οὐρανός",
        "strong": "G37720",
        "morph": "Gr,N,,,,,DMS,",
        "tw": "rc://*/tw/dict/bible/kt/heaven"
      },
      {
        "type": "text",
        "text": ","
      },
      {
        "text": "καὶ",
        "tag": "w",
        "type": "word",
        "lemma": "καί",
        "strong": "G25320",
        "morph": "Gr,CC,,,,,,,,"
      },
      {
        "text": "ἐπὶ",
        "tag": "w",
        "type": "word",
        "lemma": "ἐπί",
        "strong": "G19090",
        "morph": "Gr,P,,,,,A,,,"
      },
      {
        "text": "τὸν",
        "tag": "w",
        "type": "word",
        "lemma": "ὁ",
        "strong": "G35880",
        "morph": "Gr,EA,,,,AMS,"
      },
      {
        "text": "θρόνον",
        "tag": "w",
        "type": "word",
        "lemma": "θρόνος",
        "strong": "G23620",
        "morph": "Gr,N,,,,,AMS,",
        "tw": "rc://*/tw/dict/bible/other/throne"
      },
      {
        "text": "καθήμενος",
        "tag": "w",
        "type": "word",
        "lemma": "κάθημαι",
        "strong": "G25210",
        "morph": "Gr,V,PPM,NMS,"
      },
      {
        "type": "text",
        "text": ",\n\n"
      }
    ]
  },
  "3": {
    "verseObjects": [
      {
        "text": "καὶ",
        "tag": "w",
        "type": "word",
        "lemma": "καί",
        "strong": "G25320",
        "morph": "Gr,CC,,,,,,,,"
      },
      {
        "text": "ὁ",
        "tag": "w",
        "type": "word",
        "lemma": "ὁ",
        "strong": "G35880",
        "morph": "Gr,RD,,,,NMS,"
      },
      {
        "text": "καθήμενος",
        "tag": "w",
        "type": "word",
        "lemma": "κάθημαι",
        "strong": "G25210",
        "morph": "Gr,V,PPM,NMS,"
      },
      {
        "text": "ὅμοιος",
        "tag": "w",
        "type": "word",
        "lemma": "ὅμοιος",
        "strong": "G36640",
        "morph": "Gr,NP,,,,NMS,",
        "tw": "rc://*/tw/dict/bible/other/like"
      },
      {
        "text": "ὁράσει",
        "tag": "w",
        "type": "word",
        "lemma": "ὅρασις",
        "strong": "G37060",
        "morph": "Gr,N,,,,,DFS,"
      },
      {
        "text": "λίθῳ",
        "tag": "w",
        "type": "word",
        "lemma": "λίθος",
        "strong": "G30370",
        "morph": "Gr,N,,,,,DMS,"
      },
      {
        "type": "text",
        "text": ","
      },
      {
        "text": "ἰάσπιδι",
        "tag": "w",
        "type": "word",
        "lemma": "ἴασπις",
        "strong": "G23930",
        "morph": "Gr,N,,,,,DFS,"
      },
      {
        "text": "καὶ",
        "tag": "w",
        "type": "word",
        "lemma": "καί",
        "strong": "G25320",
        "morph": "Gr,CC,,,,,,,,"
      },
      {
        "text": "σαρδίῳ",
        "tag": "w",
        "type": "word",
        "lemma": "σάρδιον",
        "strong": "G45550",
        "morph": "Gr,N,,,,,DNS,"
      },
      {
        "type": "text",
        "text": ","
      },
      {
        "text": "καὶ",
        "tag": "w",
        "type": "word",
        "lemma": "καί",
        "strong": "G25320",
        "morph": "Gr,CC,,,,,,,,"
      },
      {
        "text": "ἶρις",
        "tag": "w",
        "type": "word",
        "lemma": "ἶρις",
        "strong": "G24630",
        "morph": "Gr,N,,,,,NFS,"
      },
      {
        "text": "κυκλόθεν",
        "tag": "w",
        "type": "word",
        "lemma": "κυκλόθεν",
        "strong": "G29430",
        "morph": "Gr,PI,,,,G,,,"
      },
      {
        "text": "τοῦ",
        "tag": "w",
        "type": "word",
        "lemma": "ὁ",
        "strong": "G35880",
        "morph": "Gr,EA,,,,GMS,"
      },
      {
        "text": "θρόνου",
        "tag": "w",
        "type": "word",
        "lemma": "θρόνος",
        "strong": "G23620",
        "morph": "Gr,N,,,,,GMS,",
        "tw": "rc://*/tw/dict/bible/other/throne"
      },
      {
        "text": "ὅμοιος",
        "tag": "w",
        "type": "word",
        "lemma": "ὅμοιος",
        "strong": "G36640",
        "morph": "Gr,NS,,,,NMS,",
        "tw": "rc://*/tw/dict/bible/other/like"
      },
      {
        "text": "ὁράσει",
        "tag": "w",
        "type": "word",
        "lemma": "ὅρασις",
        "strong": "G37060",
        "morph": "Gr,N,,,,,DFS,"
      },
      {
        "text": "σμαραγδίνῳ",
        "tag": "w",
        "type": "word",
        "lemma": "σμαράγδινος",
        "strong": "G46640",
        "morph": "Gr,NS,,,,DMS,"
      },
      {
        "type": "text",
        "text": ".\n\n"
      }
    ]
  },
  "4": {
    "verseObjects": [
      {
        "text": "καὶ",
        "tag": "w",
        "type": "word",
        "lemma": "καί",
        "strong": "G25320",
        "morph": "Gr,CC,,,,,,,,"
      },
      {
        "text": "κυκλόθεν",
        "tag": "w",
        "type": "word",
        "lemma": "κυκλόθεν",
        "strong": "G29430",
        "morph": "Gr,PI,,,,G,,,"
      },
      {
        "text": "τοῦ",
        "tag": "w",
        "type": "word",
        "lemma": "ὁ",
        "strong": "G35880",
        "morph": "Gr,EA,,,,GMS,"
      },
      {
        "text": "θρόνου",
        "tag": "w",
        "type": "word",
        "lemma": "θρόνος",
        "strong": "G23620",
        "morph": "Gr,N,,,,,GMS,",
        "tw": "rc://*/tw/dict/bible/other/throne"
      },
      {
        "text": "θρόνους",
        "tag": "w",
        "type": "word",
        "lemma": "θρόνος",
        "strong": "G23620",
        "morph": "Gr,N,,,,,AMP,",
        "tw": "rc://*/tw/dict/bible/other/throne"
      },
      {
        "text": "εἴκοσι",
        "tag": "w",
        "type": "word",
        "lemma": "εἴκοσι",
        "strong": "G15010",
        "morph": "Gr,EN,,,,NMPI"
      },
      {
        "text": "τέσσαρες",
        "tag": "w",
        "type": "word",
        "lemma": "τέσσαρες",
        "strong": "G50640",
        "morph": "Gr,EN,,,,NMP,"
      },
      {
        "type": "text",
        "text": ","
      },
      {
        "text": "καὶ",
        "tag": "w",
        "type": "word",
        "lemma": "καί",
        "strong": "G25320",
        "morph": "Gr,CC,,,,,,,,"
      },
      {
        "text": "ἐπὶ",
        "tag": "w",
        "type": "word",
        "lemma": "ἐπί",
        "strong": "G19090",
        "morph": "Gr,P,,,,,A,,,"
      },
      {
        "text": "τοὺς",
        "tag": "w",
        "type": "word",
        "lemma": "ὁ",
        "strong": "G35880",
        "morph": "Gr,EA,,,,AMP,"
      },
      {
        "text": "θρόνους",
        "tag": "w",
        "type": "word",
        "lemma": "θρόνος",
        "strong": "G23620",
        "morph": "Gr,N,,,,,AMP,",
        "tw": "rc://*/tw/dict/bible/other/throne"
      },
      {
        "type": "text",
        "text": ","
      },
      {
        "text": "εἴκοσι",
        "tag": "w",
        "type": "word",
        "lemma": "εἴκοσι",
        "strong": "G15010",
        "morph": "Gr,EN,,,,AMPI"
      },
      {
        "text": "τέσσαρας",
        "tag": "w",
        "type": "word",
        "lemma": "τέσσαρες",
        "strong": "G50640",
        "morph": "Gr,EN,,,,AMP,"
      },
      {
        "text": "πρεσβυτέρους",
        "tag": "w",
        "type": "word",
        "lemma": "πρεσβύτερος",
        "strong": "G42450",
        "morph": "Gr,NS,,,,AMPC",
        "tw": "rc://*/tw/dict/bible/other/elder"
      },
      {
        "text": "καθημένους",
        "tag": "w",
        "type": "word",
        "lemma": "κάθημαι",
        "strong": "G25210",
        "morph": "Gr,V,PPM,AMP,"
      },
      {
        "type": "text",
        "text": ","
      },
      {
        "text": "περιβεβλημένους",
        "tag": "w",
        "type": "word",
        "lemma": "περιβάλλω",
        "strong": "G40160",
        "morph": "Gr,V,PEP,AMP,",
        "tw": "rc://*/tw/dict/bible/other/clothed"
      },
      {
        "text": "ἐν",
        "tag": "w",
        "type": "word",
        "lemma": "ἐν",
        "strong": "G17220",
        "morph": "Gr,P,,,,,D,,,"
      },
      {
        "text": "ἱματίοις",
        "tag": "w",
        "type": "word",
        "lemma": "ἱμάτιον",
        "strong": "G24400",
        "morph": "Gr,N,,,,,DNP,",
        "tw": "rc://*/tw/dict/bible/other/clothed"
      },
      {
        "text": "λευκοῖς",
        "tag": "w",
        "type": "word",
        "lemma": "λευκός",
        "strong": "G30220",
        "morph": "Gr,AA,,,,DNP,"
      },
      {
        "type": "text",
        "text": ","
      },
      {
        "text": "καὶ",
        "tag": "w",
        "type": "word",
        "lemma": "καί",
        "strong": "G25320",
        "morph": "Gr,CC,,,,,,,,"
      },
      {
        "text": "ἐπὶ",
        "tag": "w",
        "type": "word",
        "lemma": "ἐπί",
        "strong": "G19090",
        "morph": "Gr,P,,,,,A,,,"
      },
      {
        "text": "τὰς",
        "tag": "w",
        "type": "word",
        "lemma": "ὁ",
        "strong": "G35880",
        "morph": "Gr,EA,,,,AFP,"
      },
      {
        "text": "κεφαλὰς",
        "tag": "w",
        "type": "word",
        "lemma": "κεφαλή",
        "strong": "G27760",
        "morph": "Gr,N,,,,,AFP,",
        "tw": "rc://*/tw/dict/bible/other/head"
      },
      {
        "text": "αὐτῶν",
        "tag": "w",
        "type": "word",
        "lemma": "αὐτός",
        "strong": "G08460",
        "morph": "Gr,RP,,,3GMP,"
      },
      {
        "text": "στεφάνους",
        "tag": "w",
        "type": "word",
        "lemma": "στέφανος",
        "strong": "G47350",
        "morph": "Gr,N,,,,,AMP,",
        "tw": "rc://*/tw/dict/bible/other/crown"
      },
      {
        "text": "χρυσοῦς",
        "tag": "w",
        "type": "word",
        "lemma": "χρυσοῦς",
        "strong": "G55520",
        "morph": "Gr,AA,,,,AMP,",
        "tw": "rc://*/tw/dict/bible/other/gold"
      },
      {
        "type": "text",
        "text": ".\n\n"
      }
    ]
  },
  "5": {
    "verseObjects": [
      {
        "text": "καὶ",
        "tag": "w",
        "type": "word",
        "lemma": "καί",
        "strong": "G25320",
        "morph": "Gr,CC,,,,,,,,"
      },
      {
        "text": "ἐκ",
        "tag": "w",
        "type": "word",
        "lemma": "ἐκ",
        "strong": "G15370",
        "morph": "Gr,P,,,,,G,,,"
      },
      {
        "text": "τοῦ",
        "tag": "w",
        "type": "word",
        "lemma": "ὁ",
        "strong": "G35880",
        "morph": "Gr,EA,,,,GMS,"
      },
      {
        "text": "θρόνου",
        "tag": "w",
        "type": "word",
        "lemma": "θρόνος",
        "strong": "G23620",
        "morph": "Gr,N,,,,,GMS,",
        "tw": "rc://*/tw/dict/bible/other/throne"
      },
      {
        "text": "ἐκπορεύονται",
        "tag": "w",
        "type": "word",
        "lemma": "ἐκπορεύομαι",
        "strong": "G16070",
        "morph": "Gr,V,IPM3,,P,"
      },
      {
        "text": "ἀστραπαὶ",
        "tag": "w",
        "type": "word",
        "lemma": "ἀστραπή",
        "strong": "G07960",
        "morph": "Gr,N,,,,,NFP,"
      },
      {
        "type": "text",
        "text": ","
      },
      {
        "text": "καὶ",
        "tag": "w",
        "type": "word",
        "lemma": "καί",
        "strong": "G25320",
        "morph": "Gr,CC,,,,,,,,"
      },
      {
        "text": "φωναὶ",
        "tag": "w",
        "type": "word",
        "lemma": "φωνή",
        "strong": "G54560",
        "morph": "Gr,N,,,,,NFP,",
        "tw": "rc://*/tw/dict/bible/other/voice"
      },
      {
        "type": "text",
        "text": ","
      },
      {
        "text": "καὶ",
        "tag": "w",
        "type": "word",
        "lemma": "καί",
        "strong": "G25320",
        "morph": "Gr,CC,,,,,,,,"
      },
      {
        "text": "βρονταί",
        "tag": "w",
        "type": "word",
        "lemma": "βροντή",
        "strong": "G10270",
        "morph": "Gr,N,,,,,NFP,"
      },
      {
        "type": "text",
        "text": "."
      },
      {
        "text": "καὶ",
        "tag": "w",
        "type": "word",
        "lemma": "καί",
        "strong": "G25320",
        "morph": "Gr,CC,,,,,,,,"
      },
      {
        "text": "ἑπτὰ",
        "tag": "w",
        "type": "word",
        "lemma": "ἑπτά",
        "strong": "G20330",
        "morph": "Gr,EN,,,,NFPI"
      },
      {
        "text": "λαμπάδες",
        "tag": "w",
        "type": "word",
        "lemma": "λαμπάς",
        "strong": "G29850",
        "morph": "Gr,N,,,,,NFP,",
        "tw": "rc://*/tw/dict/bible/other/lamp"
      },
      {
        "text": "πυρὸς",
        "tag": "w",
        "type": "word",
        "lemma": "πῦρ",
        "strong": "G44420",
        "morph": "Gr,N,,,,,GNS,",
        "tw": "rc://*/tw/dict/bible/other/fire"
      },
      {
        "text": "καιόμεναι",
        "tag": "w",
        "type": "word",
        "lemma": "καίω",
        "strong": "G25450",
        "morph": "Gr,V,PPP,NFP,"
      },
      {
        "text": "ἐνώπιον",
        "tag": "w",
        "type": "word",
        "lemma": "ἐνώπιον",
        "strong": "G17990",
        "morph": "Gr,PI,,,,G,,,"
      },
      {
        "text": "τοῦ",
        "tag": "w",
        "type": "word",
        "lemma": "ὁ",
        "strong": "G35880",
        "morph": "Gr,EA,,,,GMS,"
      },
      {
        "text": "θρόνου",
        "tag": "w",
        "type": "word",
        "lemma": "θρόνος",
        "strong": "G23620",
        "morph": "Gr,N,,,,,GMS,",
        "tw": "rc://*/tw/dict/bible/other/throne"
      },
      {
        "type": "text",
        "text": ","
      },
      {
        "text": "ἅ",
        "tag": "w",
        "type": "word",
        "lemma": "ὅς",
        "strong": "G37390",
        "morph": "Gr,RR,,,,NNP,"
      },
      {
        "text": "εἰσιν",
        "tag": "w",
        "type": "word",
        "lemma": "εἰμί",
        "strong": "G15100",
        "morph": "Gr,V,IPA3,,P,"
      },
      {
        "text": "τὰ",
        "tag": "w",
        "type": "word",
        "lemma": "ὁ",
        "strong": "G35880",
        "morph": "Gr,EA,,,,NNP,"
      },
      {
        "text": "ἑπτὰ",
        "tag": "w",
        "type": "word",
        "lemma": "ἑπτά",
        "strong": "G20330",
        "morph": "Gr,EN,,,,NNP,"
      },
      {
        "text": "πνεύματα",
        "tag": "w",
        "type": "word",
        "lemma": "πνεῦμα",
        "strong": "G41510",
        "morph": "Gr,N,,,,,NNP,",
        "tw": "rc://*/tw/dict/bible/kt/spirit"
      },
      {
        "text": "τοῦ",
        "tag": "w",
        "type": "word",
        "lemma": "ὁ",
        "strong": "G35880",
        "morph": "Gr,EA,,,,GMS,"
      },
      {
        "text": "Θεοῦ",
        "tag": "w",
        "type": "word",
        "lemma": "θεός",
        "strong": "G23160",
        "morph": "Gr,N,,,,,GMS,",
        "tw": "rc://*/tw/dict/bible/kt/god"
      },
      {
        "type": "text",
        "text": ";\n\n"
      }
    ]
  },
  "6": {
    "verseObjects": [
      {
        "text": "καὶ",
        "tag": "w",
        "type": "word",
        "lemma": "καί",
        "strong": "G25320",
        "morph": "Gr,CC,,,,,,,,"
      },
      {
        "text": "ἐνώπιον",
        "tag": "w",
        "type": "word",
        "lemma": "ἐνώπιον",
        "strong": "G17990",
        "morph": "Gr,PI,,,,G,,,"
      },
      {
        "text": "τοῦ",
        "tag": "w",
        "type": "word",
        "lemma": "ὁ",
        "strong": "G35880",
        "morph": "Gr,EA,,,,GMS,"
      },
      {
        "text": "θρόνου",
        "tag": "w",
        "type": "word",
        "lemma": "θρόνος",
        "strong": "G23620",
        "morph": "Gr,N,,,,,GMS,",
        "tw": "rc://*/tw/dict/bible/other/throne"
      },
      {
        "text": "ὡς",
        "tag": "w",
        "type": "word",
        "lemma": "ὡς",
        "strong": "G56130",
        "morph": "Gr,CS,,,,,,,,",
        "tw": "rc://*/tw/dict/bible/other/like"
      },
      {
        "text": "θάλασσα",
        "tag": "w",
        "type": "word",
        "lemma": "θάλασσα",
        "strong": "G22810",
        "morph": "Gr,N,,,,,NFS,"
      },
      {
        "text": "ὑαλίνη",
        "tag": "w",
        "type": "word",
        "lemma": "ὑάλινος",
        "strong": "G51930",
        "morph": "Gr,AA,,,,NFS,"
      },
      {
        "type": "text",
        "text": ","
      },
      {
        "text": "ὁμοία",
        "tag": "w",
        "type": "word",
        "lemma": "ὅμοιος",
        "strong": "G36640",
        "morph": "Gr,NP,,,,NFS,",
        "tw": "rc://*/tw/dict/bible/other/like"
      },
      {
        "text": "κρυστάλλῳ",
        "tag": "w",
        "type": "word",
        "lemma": "κρύσταλλος",
        "strong": "G29300",
        "morph": "Gr,N,,,,,DMS,"
      },
      {
        "type": "text",
        "text": ".\n"
      },
      {
        "tag": "p",
        "type": "paragraph",
        "text": "\n"
      },
      {
        "text": "καὶ",
        "tag": "w",
        "type": "word",
        "lemma": "καί",
        "strong": "G25320",
        "morph": "Gr,CC,,,,,,,,"
      },
      {
        "text": "ἐν",
        "tag": "w",
        "type": "word",
        "lemma": "ἐν",
        "strong": "G17220",
        "morph": "Gr,P,,,,,D,,,"
      },
      {
        "text": "μέσῳ",
        "tag": "w",
        "type": "word",
        "lemma": "μέσος",
        "strong": "G33190",
        "morph": "Gr,NS,,,,DNS,"
      },
      {
        "text": "τοῦ",
        "tag": "w",
        "type": "word",
        "lemma": "ὁ",
        "strong": "G35880",
        "morph": "Gr,EA,,,,GMS,"
      },
      {
        "text": "θρόνου",
        "tag": "w",
        "type": "word",
        "lemma": "θρόνος",
        "strong": "G23620",
        "morph": "Gr,N,,,,,GMS,",
        "tw": "rc://*/tw/dict/bible/other/throne"
      },
      {
        "text": "καὶ",
        "tag": "w",
        "type": "word",
        "lemma": "καί",
        "strong": "G25320",
        "morph": "Gr,CC,,,,,,,,"
      },
      {
        "text": "κύκλῳ",
        "tag": "w",
        "type": "word",
        "lemma": "κύκλῳ",
        "strong": "G29450",
        "morph": "Gr,PI,,,,G,,,"
      },
      {
        "text": "τοῦ",
        "tag": "w",
        "type": "word",
        "lemma": "ὁ",
        "strong": "G35880",
        "morph": "Gr,EA,,,,GMS,"
      },
      {
        "text": "θρόνου",
        "tag": "w",
        "type": "word",
        "lemma": "θρόνος",
        "strong": "G23620",
        "morph": "Gr,N,,,,,GMS,",
        "tw": "rc://*/tw/dict/bible/other/throne"
      },
      {
        "type": "text",
        "text": ","
      },
      {
        "text": "τέσσαρα",
        "tag": "w",
        "type": "word",
        "lemma": "τέσσαρες",
        "strong": "G50640",
        "morph": "Gr,EN,,,,NNP,"
      },
      {
        "text": "ζῷα",
        "tag": "w",
        "type": "word",
        "lemma": "ζῷον",
        "strong": "G22260",
        "morph": "Gr,N,,,,,NNP,",
        "tw": "rc://*/tw/dict/bible/other/creature"
      },
      {
        "type": "text",
        "text": ","
      },
      {
        "text": "γέμοντα",
        "tag": "w",
        "type": "word",
        "lemma": "γέμω",
        "strong": "G10730",
        "morph": "Gr,V,PPA,NNP,"
      },
      {
        "text": "ὀφθαλμῶν",
        "tag": "w",
        "type": "word",
        "lemma": "ὀφθαλμός",
        "strong": "G37880",
        "morph": "Gr,N,,,,,GMP,"
      },
      {
        "text": "ἔμπροσθεν",
        "tag": "w",
        "type": "word",
        "lemma": "ἔμπροσθεν",
        "strong": "G17150",
        "morph": "Gr,D,,,,,,,,,"
      },
      {
        "text": "καὶ",
        "tag": "w",
        "type": "word",
        "lemma": "καί",
        "strong": "G25320",
        "morph": "Gr,CC,,,,,,,,"
      },
      {
        "text": "ὄπισθεν",
        "tag": "w",
        "type": "word",
        "lemma": "ὄπισθεν",
        "strong": "G36930",
        "morph": "Gr,D,,,,,,,,,"
      },
      {
        "type": "text",
        "text": ".\n\n"
      }
    ]
  },
  "7": {
    "verseObjects": [
      {
        "text": "καὶ",
        "tag": "w",
        "type": "word",
        "lemma": "καί",
        "strong": "G25320",
        "morph": "Gr,CC,,,,,,,,"
      },
      {
        "text": "τὸ",
        "tag": "w",
        "type": "word",
        "lemma": "ὁ",
        "strong": "G35880",
        "morph": "Gr,EA,,,,NNS,"
      },
      {
        "text": "ζῷον",
        "tag": "w",
        "type": "word",
        "lemma": "ζῷον",
        "strong": "G22260",
        "morph": "Gr,N,,,,,NNS,",
        "tw": "rc://*/tw/dict/bible/other/creature"
      },
      {
        "text": "τὸ",
        "tag": "w",
        "type": "word",
        "lemma": "ὁ",
        "strong": "G35880",
        "morph": "Gr,EA,,,,NNS,"
      },
      {
        "text": "πρῶτον",
        "tag": "w",
        "type": "word",
        "lemma": "πρῶτος",
        "strong": "G44130",
        "morph": "Gr,EO,,,,NNS,"
      },
      {
        "text": "ὅμοιον",
        "tag": "w",
        "type": "word",
        "lemma": "ὅμοιος",
        "strong": "G36640",
        "morph": "Gr,NP,,,,NNS,",
        "tw": "rc://*/tw/dict/bible/other/like"
      },
      {
        "text": "λέοντι",
        "tag": "w",
        "type": "word",
        "lemma": "λέων",
        "strong": "G30230",
        "morph": "Gr,N,,,,,DMS,",
        "tw": "rc://*/tw/dict/bible/other/lion"
      },
      {
        "type": "text",
        "text": ","
      },
      {
        "text": "καὶ",
        "tag": "w",
        "type": "word",
        "lemma": "καί",
        "strong": "G25320",
        "morph": "Gr,CC,,,,,,,,"
      },
      {
        "text": "τὸ",
        "tag": "w",
        "type": "word",
        "lemma": "ὁ",
        "strong": "G35880",
        "morph": "Gr,EA,,,,NNS,"
      },
      {
        "text": "δεύτερον",
        "tag": "w",
        "type": "word",
        "lemma": "δεύτερος",
        "strong": "G12080",
        "morph": "Gr,EO,,,,NNS,"
      },
      {
        "text": "ζῷον",
        "tag": "w",
        "type": "word",
        "lemma": "ζῷον",
        "strong": "G22260",
        "morph": "Gr,N,,,,,NNS,",
        "tw": "rc://*/tw/dict/bible/other/creature"
      },
      {
        "text": "ὅμοιον",
        "tag": "w",
        "type": "word",
        "lemma": "ὅμοιος",
        "strong": "G36640",
        "morph": "Gr,NP,,,,NNS,",
        "tw": "rc://*/tw/dict/bible/other/like"
      },
      {
        "text": "μόσχῳ",
        "tag": "w",
        "type": "word",
        "lemma": "μόσχος",
        "strong": "G34480",
        "morph": "Gr,N,,,,,DMS,",
        "tw": "rc://*/tw/dict/bible/other/cow"
      },
      {
        "type": "text",
        "text": ","
      },
      {
        "text": "καὶ",
        "tag": "w",
        "type": "word",
        "lemma": "καί",
        "strong": "G25320",
        "morph": "Gr,CC,,,,,,,,"
      },
      {
        "text": "τὸ",
        "tag": "w",
        "type": "word",
        "lemma": "ὁ",
        "strong": "G35880",
        "morph": "Gr,EA,,,,NNS,"
      },
      {
        "text": "τρίτον",
        "tag": "w",
        "type": "word",
        "lemma": "τρίτος",
        "strong": "G51540",
        "morph": "Gr,EO,,,,NNS,"
      },
      {
        "text": "ζῷον",
        "tag": "w",
        "type": "word",
        "lemma": "ζῷον",
        "strong": "G22260",
        "morph": "Gr,N,,,,,NNS,",
        "tw": "rc://*/tw/dict/bible/other/creature"
      },
      {
        "text": "ἔχων",
        "tag": "w",
        "type": "word",
        "lemma": "ἔχω",
        "strong": "G21920",
        "morph": "Gr,V,PPA,NMS,"
      },
      {
        "text": "τὸ",
        "tag": "w",
        "type": "word",
        "lemma": "ὁ",
        "strong": "G35880",
        "morph": "Gr,EA,,,,ANS,"
      },
      {
        "text": "πρόσωπον",
        "tag": "w",
        "type": "word",
        "lemma": "πρόσωπον",
        "strong": "G43830",
        "morph": "Gr,N,,,,,ANS,",
        "tw": "rc://*/tw/dict/bible/other/face"
      },
      {
        "text": "ὡς",
        "tag": "w",
        "type": "word",
        "lemma": "ὡς",
        "strong": "G56130",
        "morph": "Gr,CS,,,,,,,,",
        "tw": "rc://*/tw/dict/bible/other/like"
      },
      {
        "text": "ἀνθρώπου",
        "tag": "w",
        "type": "word",
        "lemma": "ἄνθρωπος",
        "strong": "G04440",
        "morph": "Gr,N,,,,,GMS,"
      },
      {
        "type": "text",
        "text": ","
      },
      {
        "text": "καὶ",
        "tag": "w",
        "type": "word",
        "lemma": "καί",
        "strong": "G25320",
        "morph": "Gr,CC,,,,,,,,"
      },
      {
        "text": "τὸ",
        "tag": "w",
        "type": "word",
        "lemma": "ὁ",
        "strong": "G35880",
        "morph": "Gr,EA,,,,NNS,"
      },
      {
        "text": "τέταρτον",
        "tag": "w",
        "type": "word",
        "lemma": "τέταρτος",
        "strong": "G50670",
        "morph": "Gr,EO,,,,NNS,"
      },
      {
        "text": "ζῷον",
        "tag": "w",
        "type": "word",
        "lemma": "ζῷον",
        "strong": "G22260",
        "morph": "Gr,N,,,,,NNS,",
        "tw": "rc://*/tw/dict/bible/other/creature"
      },
      {
        "text": "ὅμοιον",
        "tag": "w",
        "type": "word",
        "lemma": "ὅμοιος",
        "strong": "G36640",
        "morph": "Gr,NP,,,,NNS,",
        "tw": "rc://*/tw/dict/bible/other/like"
      },
      {
        "text": "ἀετῷ",
        "tag": "w",
        "type": "word",
        "lemma": "ἀετός",
        "strong": "G01050",
        "morph": "Gr,N,,,,,DMS,",
        "tw": "rc://*/tw/dict/bible/other/eagle"
      },
      {
        "text": "πετομένῳ",
        "tag": "w",
        "type": "word",
        "lemma": "πέτομαι",
        "strong": "G40720",
        "morph": "Gr,V,PPM,DMS,"
      },
      {
        "type": "text",
        "text": ".\n\n"
      }
    ]
  },
  "8": {
    "verseObjects": [
      {
        "text": "καὶ",
        "tag": "w",
        "type": "word",
        "lemma": "καί",
        "strong": "G25320",
        "morph": "Gr,CC,,,,,,,,"
      },
      {
        "text": "τὰ",
        "tag": "w",
        "type": "word",
        "lemma": "ὁ",
        "strong": "G35880",
        "morph": "Gr,EA,,,,NNP,"
      },
      {
        "text": "τέσσερα",
        "tag": "w",
        "type": "word",
        "lemma": "τέσσερες ",
        "strong": "G50640",
        "morph": "Gr,EN,,,,NNP,"
      },
      {
        "text": "ζῷα",
        "tag": "w",
        "type": "word",
        "lemma": "ζῷον",
        "strong": "G22260",
        "morph": "Gr,N,,,,,NNP,",
        "tw": "rc://*/tw/dict/bible/other/creature"
      },
      {
        "type": "text",
        "text": ","
      },
      {
        "text": "ἓν",
        "tag": "w",
        "type": "word",
        "lemma": "εἷς",
        "strong": "G15200",
        "morph": "Gr,NS,,,,NNS,"
      },
      {
        "text": "καθ’",
        "tag": "w",
        "type": "word",
        "lemma": "κατά",
        "strong": "G25960",
        "morph": "Gr,P,,,,,A,,,"
      },
      {
        "text": "ἓν",
        "tag": "w",
        "type": "word",
        "lemma": "εἷς",
        "strong": "G15200",
        "morph": "Gr,NS,,,,ANS,"
      },
      {
        "text": "αὐτῶν",
        "tag": "w",
        "type": "word",
        "lemma": "αὐτός",
        "strong": "G08460",
        "morph": "Gr,RP,,,3GNP,"
      },
      {
        "type": "text",
        "text": ","
      },
      {
        "text": "ἔχων",
        "tag": "w",
        "type": "word",
        "lemma": "ἔχω",
        "strong": "G21920",
        "morph": "Gr,V,PPA,NMS,"
      },
      {
        "text": "ἀνὰ",
        "tag": "w",
        "type": "word",
        "lemma": "ἀνά",
        "strong": "G03030",
        "morph": "Gr,D,,,,,,,,,"
      },
      {
        "text": "πτέρυγας",
        "tag": "w",
        "type": "word",
        "lemma": "πτέρυξ",
        "strong": "G44200",
        "morph": "Gr,N,,,,,AFP,"
      },
      {
        "text": "ἕξ",
        "tag": "w",
        "type": "word",
        "lemma": "ἕξ",
        "strong": "G18030",
        "morph": "Gr,EN,,,,AFPI"
      },
      {
        "type": "text",
        "text": ","
      },
      {
        "text": "κυκλόθεν",
        "tag": "w",
        "type": "word",
        "lemma": "κυκλόθεν",
        "strong": "G29430",
        "morph": "Gr,D,,,,,,,,,"
      },
      {
        "text": "καὶ",
        "tag": "w",
        "type": "word",
        "lemma": "καί",
        "strong": "G25320",
        "morph": "Gr,CC,,,,,,,,"
      },
      {
        "text": "ἔσωθεν",
        "tag": "w",
        "type": "word",
        "lemma": "ἔσωθεν",
        "strong": "G20810",
        "morph": "Gr,D,,,,,,,,,"
      },
      {
        "text": "γέμουσιν",
        "tag": "w",
        "type": "word",
        "lemma": "γέμω",
        "strong": "G10730",
        "morph": "Gr,V,IPA3,,P,"
      },
      {
        "text": "ὀφθαλμῶν",
        "tag": "w",
        "type": "word",
        "lemma": "ὀφθαλμός",
        "strong": "G37880",
        "morph": "Gr,N,,,,,GMP,"
      },
      {
        "type": "text",
        "text": ";"
      },
      {
        "text": "καὶ",
        "tag": "w",
        "type": "word",
        "lemma": "καί",
        "strong": "G25320",
        "morph": "Gr,CC,,,,,,,,"
      },
      {
        "text": "ἀνάπαυσιν",
        "tag": "w",
        "type": "word",
        "lemma": "ἀνάπαυσις",
        "strong": "G03720",
        "morph": "Gr,N,,,,,AFS,"
      },
      {
        "text": "οὐκ",
        "tag": "w",
        "type": "word",
        "lemma": "οὐ",
        "strong": "G37560",
        "morph": "Gr,D,,,,,,,,,"
      },
      {
        "text": "ἔχουσιν",
        "tag": "w",
        "type": "word",
        "lemma": "ἔχω",
        "strong": "G21920",
        "morph": "Gr,V,IPA3,,P,"
      },
      {
        "text": "ἡμέρας",
        "tag": "w",
        "type": "word",
        "lemma": "ἡμέρα",
        "strong": "G22500",
        "morph": "Gr,N,,,,,GFS,",
        "tw": "rc://*/tw/dict/bible/other/biblicaltimeday"
      },
      {
        "text": "καὶ",
        "tag": "w",
        "type": "word",
        "lemma": "καί",
        "strong": "G25320",
        "morph": "Gr,CC,,,,,,,,"
      },
      {
        "text": "νυκτὸς",
        "tag": "w",
        "type": "word",
        "lemma": "νύξ",
        "strong": "G35710",
        "morph": "Gr,N,,,,,GFS,"
      },
      {
        "text": "λέγοντες",
        "tag": "w",
        "type": "word",
        "lemma": "λέγω",
        "strong": "G30040",
        "morph": "Gr,V,PPA,NMP,"
      },
      {
        "type": "text",
        "text": ",\n“"
      },
      {
        "text": "Ἅγιος",
        "tag": "w",
        "type": "word",
        "lemma": "ἅγιος",
        "strong": "G00400",
        "morph": "Gr,AA,,,,NMS,",
        "tw": "rc://*/tw/dict/bible/kt/holy"
      },
      {
        "type": "text",
        "text": "‘,"
      },
      {
        "text": "Ἅγιος",
        "tag": "w",
        "type": "word",
        "lemma": "ἅγιος",
        "strong": "G00400",
        "morph": "Gr,AA,,,,NMS,",
        "tw": "rc://*/tw/dict/bible/kt/holy"
      },
      {
        "type": "text",
        "text": ","
      },
      {
        "text": "Ἅγιος",
        "tag": "w",
        "type": "word",
        "lemma": "ἅγιος",
        "strong": "G00400",
        "morph": "Gr,AA,,,,NMS,",
        "tw": "rc://*/tw/dict/bible/kt/holy"
      },
      {
        "type": "text",
        "text": ","
      },
      {
        "text": "Κύριος",
        "tag": "w",
        "type": "word",
        "lemma": "κύριος",
        "strong": "G29620",
        "morph": "Gr,N,,,,,NMS,",
        "tw": "rc://*/tw/dict/bible/kt/lord"
      },
      {
        "text": "ὁ",
        "tag": "w",
        "type": "word",
        "lemma": "ὁ",
        "strong": "G35880",
        "morph": "Gr,EA,,,,NMS,"
      },
      {
        "text": "Θεός",
        "tag": "w",
        "type": "word",
        "lemma": "θεός",
        "strong": "G23160",
        "morph": "Gr,N,,,,,NMS,",
        "tw": "rc://*/tw/dict/bible/kt/god"
      },
      {
        "text": "ὁ",
        "tag": "w",
        "type": "word",
        "lemma": "ὁ",
        "strong": "G35880",
        "morph": "Gr,EA,,,,NMS,"
      },
      {
        "text": "Παντοκράτωρ",
        "tag": "w",
        "type": "word",
        "lemma": "παντοκράτωρ",
        "strong": "G38410",
        "morph": "Gr,N,,,,,NMS,",
        "tw": "rc://*/tw/dict/bible/kt/almighty"
      },
      {
        "type": "text",
        "text": "’,"
      },
      {
        "text": "ὁ",
        "tag": "w",
        "type": "word",
        "lemma": "ὁ",
        "strong": "G35880",
        "morph": "Gr,RR,,,,NMS,"
      },
      {
        "text": "ἦν",
        "tag": "w",
        "type": "word",
        "lemma": "εἰμί",
        "strong": "G15100",
        "morph": "Gr,V,IIA3,,S,"
      },
      {
        "type": "text",
        "text": ","
      },
      {
        "text": "καὶ",
        "tag": "w",
        "type": "word",
        "lemma": "καί",
        "strong": "G25320",
        "morph": "Gr,CC,,,,,,,,"
      },
      {
        "text": "ὁ",
        "tag": "w",
        "type": "word",
        "lemma": "ὁ",
        "strong": "G35880",
        "morph": "Gr,RR,,,,NMS,"
      },
      {
        "text": "ὢν",
        "tag": "w",
        "type": "word",
        "lemma": "εἰμί",
        "strong": "G15100",
        "morph": "Gr,V,PPA,NMS,"
      },
      {
        "type": "text",
        "text": ","
      },
      {
        "text": "καὶ",
        "tag": "w",
        "type": "word",
        "lemma": "καί",
        "strong": "G25320",
        "morph": "Gr,CC,,,,,,,,"
      },
      {
        "text": "ὁ",
        "tag": "w",
        "type": "word",
        "lemma": "ὁ",
        "strong": "G35880",
        "morph": "Gr,RR,,,,NMS,"
      },
      {
        "text": "ἐρχόμενος",
        "tag": "w",
        "type": "word",
        "lemma": "ἔρχομαι",
        "strong": "G20640",
        "morph": "Gr,V,PPM,NMS,"
      },
      {
        "type": "text",
        "text": ".”\n\n"
      }
    ]
  },
  "9": {
    "verseObjects": [
      {
        "text": "καὶ",
        "tag": "w",
        "type": "word",
        "lemma": "καί",
        "strong": "G25320",
        "morph": "Gr,CC,,,,,,,,"
      },
      {
        "text": "ὅταν",
        "tag": "w",
        "type": "word",
        "lemma": "ὅταν",
        "strong": "G37520",
        "morph": "Gr,CS,,,,,,,,"
      },
      {
        "text": "δώσουσιν",
        "tag": "w",
        "type": "word",
        "lemma": "δίδωμι",
        "strong": "G13250",
        "morph": "Gr,V,IFA3,,P,"
      },
      {
        "text": "τὰ",
        "tag": "w",
        "type": "word",
        "lemma": "ὁ",
        "strong": "G35880",
        "morph": "Gr,EA,,,,NNP,"
      },
      {
        "text": "ζῷα",
        "tag": "w",
        "type": "word",
        "lemma": "ζῷον",
        "strong": "G22260",
        "morph": "Gr,N,,,,,NNP,",
        "tw": "rc://*/tw/dict/bible/other/creature"
      },
      {
        "text": "δόξαν",
        "tag": "w",
        "type": "word",
        "lemma": "δόξα",
        "strong": "G13910",
        "morph": "Gr,N,,,,,AFS,",
        "tw": "rc://*/tw/dict/bible/kt/glory"
      },
      {
        "type": "text",
        "text": ","
      },
      {
        "text": "καὶ",
        "tag": "w",
        "type": "word",
        "lemma": "καί",
        "strong": "G25320",
        "morph": "Gr,CC,,,,,,,,"
      },
      {
        "text": "τιμὴν",
        "tag": "w",
        "type": "word",
        "lemma": "τιμή",
        "strong": "G50920",
        "morph": "Gr,N,,,,,AFS,",
        "tw": "rc://*/tw/dict/bible/kt/honor"
      },
      {
        "type": "text",
        "text": ","
      },
      {
        "text": "καὶ",
        "tag": "w",
        "type": "word",
        "lemma": "καί",
        "strong": "G25320",
        "morph": "Gr,CC,,,,,,,,"
      },
      {
        "text": "εὐχαριστίαν",
        "tag": "w",
        "type": "word",
        "lemma": "εὐχαριστία",
        "strong": "G21690",
        "morph": "Gr,N,,,,,AFS,"
      },
      {
        "type": "text",
        "text": ","
      },
      {
        "text": "τῷ",
        "tag": "w",
        "type": "word",
        "lemma": "ὁ",
        "strong": "G35880",
        "morph": "Gr,RD,,,,DMS,"
      },
      {
        "text": "καθημένῳ",
        "tag": "w",
        "type": "word",
        "lemma": "κάθημαι",
        "strong": "G25210",
        "morph": "Gr,V,PPM,DMS,"
      },
      {
        "text": "ἐπὶ",
        "tag": "w",
        "type": "word",
        "lemma": "ἐπί",
        "strong": "G19090",
        "morph": "Gr,P,,,,,D,,,"
      },
      {
        "text": "τῷ",
        "tag": "w",
        "type": "word",
        "lemma": "ὁ",
        "strong": "G35880",
        "morph": "Gr,EA,,,,DMS,"
      },
      {
        "text": "θρόνῳ",
        "tag": "w",
        "type": "word",
        "lemma": "θρόνος",
        "strong": "G23620",
        "morph": "Gr,N,,,,,DMS,",
        "tw": "rc://*/tw/dict/bible/other/throne"
      },
      {
        "type": "text",
        "text": ","
      },
      {
        "text": "τῷ",
        "tag": "w",
        "type": "word",
        "lemma": "ὁ",
        "strong": "G35880",
        "morph": "Gr,RD,,,,DMS,"
      },
      {
        "text": "ζῶντι",
        "tag": "w",
        "type": "word",
        "lemma": "ζάω",
        "strong": "G21980",
        "morph": "Gr,V,PPA,DMS,",
        "tw": "rc://*/tw/dict/bible/kt/life"
      },
      {
        "text": "εἰς",
        "tag": "w",
        "type": "word",
        "lemma": "εἰς",
        "strong": "G15190",
        "morph": "Gr,P,,,,,A,,,"
      },
      {
        "text": "τοὺς",
        "tag": "w",
        "type": "word",
        "lemma": "ὁ",
        "strong": "G35880",
        "morph": "Gr,EA,,,,AMP,"
      },
      {
        "text": "αἰῶνας",
        "tag": "w",
        "type": "word",
        "lemma": "αἰών",
        "strong": "G01650",
        "morph": "Gr,N,,,,,AMP,",
        "tw": "rc://*/tw/dict/bible/other/age"
      },
      {
        "text": "τῶν",
        "tag": "w",
        "type": "word",
        "lemma": "ὁ",
        "strong": "G35880",
        "morph": "Gr,EA,,,,GMP,"
      },
      {
        "text": "αἰώνων",
        "tag": "w",
        "type": "word",
        "lemma": "αἰών",
        "strong": "G01650",
        "morph": "Gr,N,,,,,GMP,",
        "tw": "rc://*/tw/dict/bible/other/age"
      },
      {
        "type": "text",
        "text": ",\n\n"
      }
    ]
  },
  "10": {
    "verseObjects": [
      {
        "text": "πεσοῦνται",
        "tag": "w",
        "type": "word",
        "lemma": "πίπτω",
        "strong": "G40980",
        "morph": "Gr,V,IFM3,,P,",
        "tw": "rc://*/tw/dict/bible/other/bow"
      },
      {
        "text": "οἱ",
        "tag": "w",
        "type": "word",
        "lemma": "ὁ",
        "strong": "G35880",
        "morph": "Gr,EA,,,,NMP,"
      },
      {
        "text": "εἴκοσι",
        "tag": "w",
        "type": "word",
        "lemma": "εἴκοσι",
        "strong": "G15010",
        "morph": "Gr,EN,,,,NMPI"
      },
      {
        "text": "τέσσαρες",
        "tag": "w",
        "type": "word",
        "lemma": "τέσσαρες",
        "strong": "G50640",
        "morph": "Gr,EN,,,,NMP,"
      },
      {
        "text": "πρεσβύτεροι",
        "tag": "w",
        "type": "word",
        "lemma": "πρεσβύτερος",
        "strong": "G42450",
        "morph": "Gr,NS,,,,NMPC",
        "tw": "rc://*/tw/dict/bible/other/elder"
      },
      {
        "text": "ἐνώπιον",
        "tag": "w",
        "type": "word",
        "lemma": "ἐνώπιον",
        "strong": "G17990",
        "morph": "Gr,PI,,,,G,,,"
      },
      {
        "text": "τοῦ",
        "tag": "w",
        "type": "word",
        "lemma": "ὁ",
        "strong": "G35880",
        "morph": "Gr,RD,,,,GMS,"
      },
      {
        "text": "καθημένου",
        "tag": "w",
        "type": "word",
        "lemma": "κάθημαι",
        "strong": "G25210",
        "morph": "Gr,V,PPM,GMS,"
      },
      {
        "text": "ἐπὶ",
        "tag": "w",
        "type": "word",
        "lemma": "ἐπί",
        "strong": "G19090",
        "morph": "Gr,P,,,,,G,,,"
      },
      {
        "text": "τοῦ",
        "tag": "w",
        "type": "word",
        "lemma": "ὁ",
        "strong": "G35880",
        "morph": "Gr,EA,,,,GMS,"
      },
      {
        "text": "θρόνου",
        "tag": "w",
        "type": "word",
        "lemma": "θρόνος",
        "strong": "G23620",
        "morph": "Gr,N,,,,,GMS,",
        "tw": "rc://*/tw/dict/bible/other/throne"
      },
      {
        "type": "text",
        "text": ","
      },
      {
        "text": "καὶ",
        "tag": "w",
        "type": "word",
        "lemma": "καί",
        "strong": "G25320",
        "morph": "Gr,CC,,,,,,,,"
      },
      {
        "text": "προσκυνήσουσιν",
        "tag": "w",
        "type": "word",
        "lemma": "προσκυνέω",
        "strong": "G43520",
        "morph": "Gr,V,IFA3,,P,",
        "tw": "rc://*/tw/dict/bible/kt/worship"
      },
      {
        "text": "τῷ",
        "tag": "w",
        "type": "word",
        "lemma": "ὁ",
        "strong": "G35880",
        "morph": "Gr,RD,,,,DMS,"
      },
      {
        "text": "ζῶντι",
        "tag": "w",
        "type": "word",
        "lemma": "ζάω",
        "strong": "G21980",
        "morph": "Gr,V,PPA,DMS,",
        "tw": "rc://*/tw/dict/bible/kt/life"
      },
      {
        "text": "εἰς",
        "tag": "w",
        "type": "word",
        "lemma": "εἰς",
        "strong": "G15190",
        "morph": "Gr,P,,,,,A,,,"
      },
      {
        "text": "τοὺς",
        "tag": "w",
        "type": "word",
        "lemma": "ὁ",
        "strong": "G35880",
        "morph": "Gr,EA,,,,AMP,"
      },
      {
        "text": "αἰῶνας",
        "tag": "w",
        "type": "word",
        "lemma": "αἰών",
        "strong": "G01650",
        "morph": "Gr,N,,,,,AMP,",
        "tw": "rc://*/tw/dict/bible/other/age"
      },
      {
        "text": "τῶν",
        "tag": "w",
        "type": "word",
        "lemma": "ὁ",
        "strong": "G35880",
        "morph": "Gr,EA,,,,GMP,"
      },
      {
        "text": "αἰώνων",
        "tag": "w",
        "type": "word",
        "lemma": "αἰών",
        "strong": "G01650",
        "morph": "Gr,N,,,,,GMP,",
        "tw": "rc://*/tw/dict/bible/other/age"
      },
      {
        "type": "text",
        "text": ","
      },
      {
        "text": "καὶ",
        "tag": "w",
        "type": "word",
        "lemma": "καί",
        "strong": "G25320",
        "morph": "Gr,CC,,,,,,,,"
      },
      {
        "text": "βαλοῦσιν",
        "tag": "w",
        "type": "word",
        "lemma": "βάλλω",
        "strong": "G09060",
        "morph": "Gr,V,IFA3,,P,"
      },
      {
        "text": "τοὺς",
        "tag": "w",
        "type": "word",
        "lemma": "ὁ",
        "strong": "G35880",
        "morph": "Gr,EA,,,,AMP,"
      },
      {
        "text": "στεφάνους",
        "tag": "w",
        "type": "word",
        "lemma": "στέφανος",
        "strong": "G47350",
        "morph": "Gr,N,,,,,AMP,",
        "tw": "rc://*/tw/dict/bible/other/crown"
      },
      {
        "text": "αὐτῶν",
        "tag": "w",
        "type": "word",
        "lemma": "αὐτός",
        "strong": "G08460",
        "morph": "Gr,RP,,,3GMP,"
      },
      {
        "text": "ἐνώπιον",
        "tag": "w",
        "type": "word",
        "lemma": "ἐνώπιον",
        "strong": "G17990",
        "morph": "Gr,PI,,,,G,,,"
      },
      {
        "text": "τοῦ",
        "tag": "w",
        "type": "word",
        "lemma": "ὁ",
        "strong": "G35880",
        "morph": "Gr,EA,,,,GMS,"
      },
      {
        "text": "θρόνου",
        "tag": "w",
        "type": "word",
        "lemma": "θρόνος",
        "strong": "G23620",
        "morph": "Gr,N,,,,,GMS,",
        "tw": "rc://*/tw/dict/bible/other/throne"
      },
      {
        "text": "λέγοντες",
        "tag": "w",
        "type": "word",
        "lemma": "λέγω",
        "strong": "G30040",
        "morph": "Gr,V,PPA,NMP,"
      },
      {
        "type": "text",
        "text": ",\n\n"
      }
    ]
  },
  "11": {
    "verseObjects": [
      {
        "type": "text",
        "text": "\n“"
      },
      {
        "text": "ἄξιος",
        "tag": "w",
        "type": "word",
        "lemma": "ἄξιος",
        "strong": "G05140",
        "morph": "Gr,NP,,,,NMS,",
        "tw": "rc://*/tw/dict/bible/kt/worthy"
      },
      {
        "text": "εἶ",
        "tag": "w",
        "type": "word",
        "lemma": "εἰμί",
        "strong": "G15100",
        "morph": "Gr,V,IPA2,,S,"
      },
      {
        "type": "text",
        "text": ","
      },
      {
        "text": "ὁ",
        "tag": "w",
        "type": "word",
        "lemma": "ὁ",
        "strong": "G35880",
        "morph": "Gr,EA,,,,VMS,"
      },
      {
        "text": "Κύριος",
        "tag": "w",
        "type": "word",
        "lemma": "κύριος",
        "strong": "G29620",
        "morph": "Gr,N,,,,,VMS,",
        "tw": "rc://*/tw/dict/bible/kt/lord"
      },
      {
        "text": "καὶ",
        "tag": "w",
        "type": "word",
        "lemma": "καί",
        "strong": "G25320",
        "morph": "Gr,CC,,,,,,,,"
      },
      {
        "text": "ὁ",
        "tag": "w",
        "type": "word",
        "lemma": "ὁ",
        "strong": "G35880",
        "morph": "Gr,EA,,,,VMS,"
      },
      {
        "text": "Θεὸς",
        "tag": "w",
        "type": "word",
        "lemma": "θεός",
        "strong": "G23160",
        "morph": "Gr,N,,,,,VMS,",
        "tw": "rc://*/tw/dict/bible/kt/god"
      },
      {
        "text": "ἡμῶν",
        "tag": "w",
        "type": "word",
        "lemma": "ἐγώ",
        "strong": "G14730",
        "morph": "Gr,RP,,,1G,P,"
      },
      {
        "type": "text",
        "text": ","
      },
      {
        "text": "λαβεῖν",
        "tag": "w",
        "type": "word",
        "lemma": "λαμβάνω",
        "strong": "G29830",
        "morph": "Gr,V,NAA,,,,,",
        "tw": "rc://*/tw/dict/bible/other/receive"
      },
      {
        "text": "τὴν",
        "tag": "w",
        "type": "word",
        "lemma": "ὁ",
        "strong": "G35880",
        "morph": "Gr,EA,,,,AFS,"
      },
      {
        "text": "δόξαν",
        "tag": "w",
        "type": "word",
        "lemma": "δόξα",
        "strong": "G13910",
        "morph": "Gr,N,,,,,AFS,",
        "tw": "rc://*/tw/dict/bible/kt/glory"
      },
      {
        "text": "καὶ",
        "tag": "w",
        "type": "word",
        "lemma": "καί",
        "strong": "G25320",
        "morph": "Gr,CC,,,,,,,,"
      },
      {
        "text": "τὴν",
        "tag": "w",
        "type": "word",
        "lemma": "ὁ",
        "strong": "G35880",
        "morph": "Gr,EA,,,,AFS,"
      },
      {
        "text": "τιμὴν",
        "tag": "w",
        "type": "word",
        "lemma": "τιμή",
        "strong": "G50920",
        "morph": "Gr,N,,,,,AFS,",
        "tw": "rc://*/tw/dict/bible/kt/honor"
      },
      {
        "text": "καὶ",
        "tag": "w",
        "type": "word",
        "lemma": "καί",
        "strong": "G25320",
        "morph": "Gr,CC,,,,,,,,"
      },
      {
        "text": "τὴν",
        "tag": "w",
        "type": "word",
        "lemma": "ὁ",
        "strong": "G35880",
        "morph": "Gr,EA,,,,AFS,"
      },
      {
        "text": "δύναμιν",
        "tag": "w",
        "type": "word",
        "lemma": "δύναμις",
        "strong": "G14110",
        "morph": "Gr,N,,,,,AFS,",
        "tw": "rc://*/tw/dict/bible/kt/power"
      },
      {
        "type": "text",
        "text": ","
      },
      {
        "text": "ὅτι",
        "tag": "w",
        "type": "word",
        "lemma": "ὅτι",
        "strong": "G37540",
        "morph": "Gr,CS,,,,,,,,"
      },
      {
        "text": "σὺ",
        "tag": "w",
        "type": "word",
        "lemma": "σύ",
        "strong": "G47710",
        "morph": "Gr,RP,,,2N,S,"
      },
      {
        "text": "ἔκτισας",
        "tag": "w",
        "type": "word",
        "lemma": "κτίζω",
        "strong": "G29360",
        "morph": "Gr,V,IAA2,,S,",
        "tw": "rc://*/tw/dict/bible/other/creation"
      },
      {
        "text": "τὰ",
        "tag": "w",
        "type": "word",
        "lemma": "ὁ",
        "strong": "G35880",
        "morph": "Gr,RD,,,,ANP,"
      },
      {
        "text": "πάντα",
        "tag": "w",
        "type": "word",
        "lemma": "πᾶς",
        "strong": "G39560",
        "morph": "Gr,EQ,,,,ANP,"
      },
      {
        "type": "text",
        "text": ","
      },
      {
        "text": "καὶ",
        "tag": "w",
        "type": "word",
        "lemma": "καί",
        "strong": "G25320",
        "morph": "Gr,CC,,,,,,,,"
      },
      {
        "text": "διὰ",
        "tag": "w",
        "type": "word",
        "lemma": "διά",
        "strong": "G12230",
        "morph": "Gr,P,,,,,A,,,"
      },
      {
        "text": "τὸ",
        "tag": "w",
        "type": "word",
        "lemma": "ὁ",
        "strong": "G35880",
        "morph": "Gr,EA,,,,ANS,"
      },
      {
        "tag": "k",
        "type": "milestone",
        "tw": "rc://*/tw/dict/bible/kt/willofgod",
        "children": [
          {
            "text": "θέλημά",
            "tag": "w",
            "type": "word",
            "lemma": "θέλημα",
            "strong": "G23070",
            "morph": "Gr,N,,,,,ANS,"
          },
          {
            "text": "σου",
            "tag": "w",
            "type": "word",
            "lemma": "σύ",
            "strong": "G47710",
            "morph": "Gr,RP,,,2G,S,"
          }
        ]
      },
      {
        "text": "ἦσαν",
        "tag": "w",
        "type": "word",
        "lemma": "εἰμί",
        "strong": "G15100",
        "morph": "Gr,V,IIA3,,P,"
      },
      {
        "type": "text",
        "text": ","
      },
      {
        "text": "καὶ",
        "tag": "w",
        "type": "word",
        "lemma": "καί",
        "strong": "G25320",
        "morph": "Gr,CC,,,,,,,,"
      },
      {
        "text": "ἐκτίσθησαν",
        "tag": "w",
        "type": "word",
        "lemma": "κτίζω",
        "strong": "G29360",
        "morph": "Gr,V,IAP3,,P,",
        "tw": "rc://*/tw/dict/bible/other/creation"
      },
      {
        "type": "text",
        "text": ".”\n\n"
      }
    ]
  },
  "front": {
    "verseObjects": [
      {
        "tag": "p",
        "type": "paragraph",
        "text": "\n"
      },
      {
        "type": "text",
        "text": "\n"
      }
    ]
  }
}