{
  "1": {
    "verseObjects": [
      {
        "text": "καὶ",
        "tag": "w",
        "type": "word",
        "lemma": "καί",
        "strong": "G25320",
        "morph": "Gr,CC,,,,,,,,"
      },
      {
        "text": "εἶδον",
        "tag": "w",
        "type": "word",
        "lemma": "ὁράω",
        "strong": "G37080",
        "morph": "Gr,V,IAA1,,S,"
      },
      {
        "text": "ἐπὶ",
        "tag": "w",
        "type": "word",
        "lemma": "ἐπί",
        "strong": "G19090",
        "morph": "Gr,P,,,,,A,,,"
      },
      {
        "text": "τὴν",
        "tag": "w",
        "type": "word",
        "lemma": "ὁ",
        "strong": "G35880",
        "morph": "Gr,EA,,,,AFS,"
      },
      {
        "text": "δεξιὰν",
        "tag": "w",
        "type": "word",
        "lemma": "δεξιός",
        "strong": "G11880",
        "morph": "Gr,NS,,,,AFS,",
        "tw": "rc://*/tw/dict/bible/kt/righthand"
      },
      {
        "text": "τοῦ",
        "tag": "w",
        "type": "word",
        "lemma": "ὁ",
        "strong": "G35880",
        "morph": "Gr,RD,,,,GMS,"
      },
      {
        "text": "καθημένου",
        "tag": "w",
        "type": "word",
        "lemma": "κάθημαι",
        "strong": "G25210",
        "morph": "Gr,V,PPM,GMS,"
      },
      {
        "text": "ἐπὶ",
        "tag": "w",
        "type": "word",
        "lemma": "ἐπί",
        "strong": "G19090",
        "morph": "Gr,P,,,,,G,,,"
      },
      {
        "text": "τοῦ",
        "tag": "w",
        "type": "word",
        "lemma": "ὁ",
        "strong": "G35880",
        "morph": "Gr,EA,,,,GMS,"
      },
      {
        "text": "θρόνου",
        "tag": "w",
        "type": "word",
        "lemma": "θρόνος",
        "strong": "G23620",
        "morph": "Gr,N,,,,,GMS,",
        "tw": "rc://*/tw/dict/bible/other/throne"
      },
      {
        "text": "βιβλίον",
        "tag": "w",
        "type": "word",
        "lemma": "βιβλίον",
        "strong": "G09750",
        "morph": "Gr,N,,,,,ANS,",
        "tw": "rc://*/tw/dict/bible/other/scroll"
      },
      {
        "type": "text",
        "text": ","
      },
      {
        "text": "γεγραμμένον",
        "tag": "w",
        "type": "word",
        "lemma": "γράφω",
        "strong": "G11250",
        "morph": "Gr,V,PEP,ANS,"
      },
      {
        "text": "ἔσωθεν",
        "tag": "w",
        "type": "word",
        "lemma": "ἔσωθεν",
        "strong": "G20810",
        "morph": "Gr,D,,,,,,,,,"
      },
      {
        "text": "καὶ",
        "tag": "w",
        "type": "word",
        "lemma": "καί",
        "strong": "G25320",
        "morph": "Gr,CC,,,,,,,,"
      },
      {
        "text": "ὄπισθεν",
        "tag": "w",
        "type": "word",
        "lemma": "ὄπισθεν",
        "strong": "G36930",
        "morph": "Gr,D,,,,,,,,,"
      },
      {
        "type": "text",
        "text": ","
      },
      {
        "tag": "k",
        "type": "milestone",
        "tw": "rc://*/tw/dict/bible/other/seal",
        "children": [
          {
            "text": "κατεσφραγισμένον",
            "tag": "w",
            "type": "word",
            "lemma": "κατασφραγίζω",
            "strong": "G26960",
            "morph": "Gr,V,PEP,ANS,"
          },
          {
            "text": "σφραγῖσιν",
            "tag": "w",
            "type": "word",
            "lemma": "σφραγίς",
            "strong": "G49730",
            "morph": "Gr,N,,,,,DFP,"
          }
        ]
      },
      {
        "text": "ἑπτά",
        "tag": "w",
        "type": "word",
        "lemma": "ἑπτά",
        "strong": "G20330",
        "morph": "Gr,EN,,,,DFPI"
      },
      {
        "type": "text",
        "text": ".\n\n"
      }
    ]
  },
  "2": {
    "verseObjects": [
      {
        "text": "καὶ",
        "tag": "w",
        "type": "word",
        "lemma": "καί",
        "strong": "G25320",
        "morph": "Gr,CC,,,,,,,,"
      },
      {
        "text": "εἶδον",
        "tag": "w",
        "type": "word",
        "lemma": "ὁράω",
        "strong": "G37080",
        "morph": "Gr,V,IAA1,,S,"
      },
      {
        "text": "ἄγγελον",
        "tag": "w",
        "type": "word",
        "lemma": "ἄγγελος",
        "strong": "G00320",
        "morph": "Gr,N,,,,,AMS,",
        "tw": "rc://*/tw/dict/bible/kt/angel"
      },
      {
        "text": "ἰσχυρὸν",
        "tag": "w",
        "type": "word",
        "lemma": "ἰσχυρός",
        "strong": "G24780",
        "morph": "Gr,AA,,,,AMS,",
        "tw": "rc://*/tw/dict/bible/other/mighty"
      },
      {
        "type": "text",
        "text": ","
      },
      {
        "text": "κηρύσσοντα",
        "tag": "w",
        "type": "word",
        "lemma": "κηρύσσω",
        "strong": "G27840",
        "morph": "Gr,V,PPA,AMS,",
        "tw": "rc://*/tw/dict/bible/other/preach"
      },
      {
        "text": "ἐν",
        "tag": "w",
        "type": "word",
        "lemma": "ἐν",
        "strong": "G17220",
        "morph": "Gr,P,,,,,D,,,"
      },
      {
        "text": "φωνῇ",
        "tag": "w",
        "type": "word",
        "lemma": "φωνή",
        "strong": "G54560",
        "morph": "Gr,N,,,,,DFS,",
        "tw": "rc://*/tw/dict/bible/other/voice"
      },
      {
        "text": "μεγάλῃ",
        "tag": "w",
        "type": "word",
        "lemma": "μέγας",
        "strong": "G31730",
        "morph": "Gr,AA,,,,DFS,"
      },
      {
        "type": "text",
        "text": ",\n“"
      },
      {
        "text": "τίς",
        "tag": "w",
        "type": "word",
        "lemma": "τίς",
        "strong": "G51010",
        "morph": "Gr,RT,,,,NMS,"
      },
      {
        "text": "ἄξιος",
        "tag": "w",
        "type": "word",
        "lemma": "ἄξιος",
        "strong": "G05140",
        "morph": "Gr,NP,,,,NMS,",
        "tw": "rc://*/tw/dict/bible/kt/worthy"
      },
      {
        "text": "ἀνοῖξαι",
        "tag": "w",
        "type": "word",
        "lemma": "ἀνοίγω",
        "strong": "G04550",
        "morph": "Gr,V,NAA,,,,,"
      },
      {
        "text": "τὸ",
        "tag": "w",
        "type": "word",
        "lemma": "ὁ",
        "strong": "G35880",
        "morph": "Gr,EA,,,,ANS,"
      },
      {
        "text": "βιβλίον",
        "tag": "w",
        "type": "word",
        "lemma": "βιβλίον",
        "strong": "G09750",
        "morph": "Gr,N,,,,,ANS,",
        "tw": "rc://*/tw/dict/bible/other/scroll"
      },
      {
        "type": "text",
        "text": ","
      },
      {
        "text": "καὶ",
        "tag": "w",
        "type": "word",
        "lemma": "καί",
        "strong": "G25320",
        "morph": "Gr,CC,,,,,,,,"
      },
      {
        "text": "λῦσαι",
        "tag": "w",
        "type": "word",
        "lemma": "λύω",
        "strong": "G30890",
        "morph": "Gr,V,NAA,,,,,"
      },
      {
        "text": "τὰς",
        "tag": "w",
        "type": "word",
        "lemma": "ὁ",
        "strong": "G35880",
        "morph": "Gr,EA,,,,AFP,"
      },
      {
        "text": "σφραγῖδας",
        "tag": "w",
        "type": "word",
        "lemma": "σφραγίς",
        "strong": "G49730",
        "morph": "Gr,N,,,,,AFP,",
        "tw": "rc://*/tw/dict/bible/other/seal"
      },
      {
        "text": "αὐτοῦ",
        "tag": "w",
        "type": "word",
        "lemma": "αὐτός",
        "strong": "G08460",
        "morph": "Gr,RP,,,3GNS,"
      },
      {
        "type": "text",
        "text": "?”\n\n"
      }
    ]
  },
  "3": {
    "verseObjects": [
      {
        "text": "καὶ",
        "tag": "w",
        "type": "word",
        "lemma": "καί",
        "strong": "G25320",
        "morph": "Gr,CC,,,,,,,,"
      },
      {
        "text": "οὐδεὶς",
        "tag": "w",
        "type": "word",
        "lemma": "οὐδείς",
        "strong": "G37620",
        "morph": "Gr,RI,,,,NMS,"
      },
      {
        "text": "ἐδύνατο",
        "tag": "w",
        "type": "word",
        "lemma": "δύναμαι",
        "strong": "G14100",
        "morph": "Gr,V,IIM3,,S,",
        "tw": "rc://*/tw/dict/bible/kt/power"
      },
      {
        "text": "ἐν",
        "tag": "w",
        "type": "word",
        "lemma": "ἐν",
        "strong": "G17220",
        "morph": "Gr,P,,,,,D,,,"
      },
      {
        "text": "τῷ",
        "tag": "w",
        "type": "word",
        "lemma": "ὁ",
        "strong": "G35880",
        "morph": "Gr,EA,,,,DMS,"
      },
      {
        "text": "οὐρανῷ",
        "tag": "w",
        "type": "word",
        "lemma": "οὐρανός",
        "strong": "G37720",
        "morph": "Gr,N,,,,,DMS,",
        "tw": "rc://*/tw/dict/bible/kt/heaven"
      },
      {
        "type": "text",
        "text": ","
      },
      {
        "text": "οὐδὲ",
        "tag": "w",
        "type": "word",
        "lemma": "οὐδέ",
        "strong": "G37610",
        "morph": "Gr,DO,,,,,,,,"
      },
      {
        "text": "ἐπὶ",
        "tag": "w",
        "type": "word",
        "lemma": "ἐπί",
        "strong": "G19090",
        "morph": "Gr,P,,,,,G,,,"
      },
      {
        "text": "τῆς",
        "tag": "w",
        "type": "word",
        "lemma": "ὁ",
        "strong": "G35880",
        "morph": "Gr,EA,,,,GFS,"
      },
      {
        "text": "γῆς",
        "tag": "w",
        "type": "word",
        "lemma": "γῆ",
        "strong": "G10930",
        "morph": "Gr,N,,,,,GFS,",
        "tw": "rc://*/tw/dict/bible/other/earth"
      },
      {
        "type": "text",
        "text": ","
      },
      {
        "text": "οὐδὲ",
        "tag": "w",
        "type": "word",
        "lemma": "οὐδέ",
        "strong": "G37610",
        "morph": "Gr,CO,,,,,,,,"
      },
      {
        "text": "ὑποκάτω",
        "tag": "w",
        "type": "word",
        "lemma": "ὑποκάτω",
        "strong": "G52700",
        "morph": "Gr,PI,,,,G,,,"
      },
      {
        "text": "τῆς",
        "tag": "w",
        "type": "word",
        "lemma": "ὁ",
        "strong": "G35880",
        "morph": "Gr,EA,,,,GFS,"
      },
      {
        "text": "γῆς",
        "tag": "w",
        "type": "word",
        "lemma": "γῆ",
        "strong": "G10930",
        "morph": "Gr,N,,,,,GFS,",
        "tw": "rc://*/tw/dict/bible/other/earth"
      },
      {
        "type": "text",
        "text": ","
      },
      {
        "text": "ἀνοῖξαι",
        "tag": "w",
        "type": "word",
        "lemma": "ἀνοίγω",
        "strong": "G04550",
        "morph": "Gr,V,NAA,,,,,"
      },
      {
        "text": "τὸ",
        "tag": "w",
        "type": "word",
        "lemma": "ὁ",
        "strong": "G35880",
        "morph": "Gr,EA,,,,ANS,"
      },
      {
        "text": "βιβλίον",
        "tag": "w",
        "type": "word",
        "lemma": "βιβλίον",
        "strong": "G09750",
        "morph": "Gr,N,,,,,ANS,",
        "tw": "rc://*/tw/dict/bible/other/scroll"
      },
      {
        "type": "text",
        "text": ","
      },
      {
        "text": "οὔτε",
        "tag": "w",
        "type": "word",
        "lemma": "οὔτε",
        "strong": "G37770",
        "morph": "Gr,CO,,,,,,,,"
      },
      {
        "text": "βλέπειν",
        "tag": "w",
        "type": "word",
        "lemma": "βλέπω",
        "strong": "G09910",
        "morph": "Gr,V,NPA,,,,,"
      },
      {
        "text": "αὐτό",
        "tag": "w",
        "type": "word",
        "lemma": "αὐτός",
        "strong": "G08460",
        "morph": "Gr,RP,,,3ANS,"
      },
      {
        "type": "text",
        "text": ".\n\n"
      }
    ]
  },
  "4": {
    "verseObjects": [
      {
        "text": "καὶ",
        "tag": "w",
        "type": "word",
        "lemma": "καί",
        "strong": "G25320",
        "morph": "Gr,CC,,,,,,,,"
      },
      {
        "text": "ἔκλαιον",
        "tag": "w",
        "type": "word",
        "lemma": "κλαίω",
        "strong": "G27990",
        "morph": "Gr,V,IIA1,,S,",
        "tw": "rc://*/tw/dict/bible/other/cry"
      },
      {
        "text": "πολὺ",
        "tag": "w",
        "type": "word",
        "lemma": "πολύ",
        "strong": "G41775",
        "morph": "Gr,D,,,,,,,,,"
      },
      {
        "type": "text",
        "text": ","
      },
      {
        "text": "ὅτι",
        "tag": "w",
        "type": "word",
        "lemma": "ὅτι",
        "strong": "G37540",
        "morph": "Gr,CS,,,,,,,,"
      },
      {
        "text": "οὐδεὶς",
        "tag": "w",
        "type": "word",
        "lemma": "οὐδείς",
        "strong": "G37620",
        "morph": "Gr,RI,,,,NMS,"
      },
      {
        "text": "ἄξιος",
        "tag": "w",
        "type": "word",
        "lemma": "ἄξιος",
        "strong": "G05140",
        "morph": "Gr,NS,,,,NMS,",
        "tw": "rc://*/tw/dict/bible/kt/worthy"
      },
      {
        "text": "εὑρέθη",
        "tag": "w",
        "type": "word",
        "lemma": "εὑρίσκω",
        "strong": "G21470",
        "morph": "Gr,V,IAP3,,S,"
      },
      {
        "text": "ἀνοῖξαι",
        "tag": "w",
        "type": "word",
        "lemma": "ἀνοίγω",
        "strong": "G04550",
        "morph": "Gr,V,NAA,,,,,"
      },
      {
        "text": "τὸ",
        "tag": "w",
        "type": "word",
        "lemma": "ὁ",
        "strong": "G35880",
        "morph": "Gr,EA,,,,ANS,"
      },
      {
        "text": "βιβλίον",
        "tag": "w",
        "type": "word",
        "lemma": "βιβλίον",
        "strong": "G09750",
        "morph": "Gr,N,,,,,ANS,",
        "tw": "rc://*/tw/dict/bible/other/scroll"
      },
      {
        "type": "text",
        "text": ","
      },
      {
        "text": "οὔτε",
        "tag": "w",
        "type": "word",
        "lemma": "οὔτε",
        "strong": "G37770",
        "morph": "Gr,CC,,,,,,,,"
      },
      {
        "text": "βλέπειν",
        "tag": "w",
        "type": "word",
        "lemma": "βλέπω",
        "strong": "G09910",
        "morph": "Gr,V,NPA,,,,,"
      },
      {
        "text": "αὐτό",
        "tag": "w",
        "type": "word",
        "lemma": "αὐτός",
        "strong": "G08460",
        "morph": "Gr,RP,,,3ANS,"
      },
      {
        "type": "text",
        "text": ".\n\n"
      }
    ]
  },
  "5": {
    "verseObjects": [
      {
        "text": "καὶ",
        "tag": "w",
        "type": "word",
        "lemma": "καί",
        "strong": "G25320",
        "morph": "Gr,CC,,,,,,,,"
      },
      {
        "text": "εἷς",
        "tag": "w",
        "type": "word",
        "lemma": "εἷς",
        "strong": "G15200",
        "morph": "Gr,NS,,,,NMS,"
      },
      {
        "text": "ἐκ",
        "tag": "w",
        "type": "word",
        "lemma": "ἐκ",
        "strong": "G15370",
        "morph": "Gr,P,,,,,G,,,"
      },
      {
        "text": "τῶν",
        "tag": "w",
        "type": "word",
        "lemma": "ὁ",
        "strong": "G35880",
        "morph": "Gr,EA,,,,GMP,"
      },
      {
        "text": "πρεσβυτέρων",
        "tag": "w",
        "type": "word",
        "lemma": "πρεσβύτερος",
        "strong": "G42450",
        "morph": "Gr,NS,,,,GMPC",
        "tw": "rc://*/tw/dict/bible/other/elder"
      },
      {
        "text": "λέγει",
        "tag": "w",
        "type": "word",
        "lemma": "λέγω",
        "strong": "G30040",
        "morph": "Gr,V,IPA3,,S,"
      },
      {
        "text": "μοι",
        "tag": "w",
        "type": "word",
        "lemma": "ἐγώ",
        "strong": "G14730",
        "morph": "Gr,RP,,,1D,S,"
      },
      {
        "type": "text",
        "text": ",\n“"
      },
      {
        "text": "μὴ",
        "tag": "w",
        "type": "word",
        "lemma": "μή",
        "strong": "G33610",
        "morph": "Gr,D,,,,,,,,,"
      },
      {
        "text": "κλαῖε",
        "tag": "w",
        "type": "word",
        "lemma": "κλαίω",
        "strong": "G27990",
        "morph": "Gr,V,MPA2,,S,",
        "tw": "rc://*/tw/dict/bible/other/cry"
      },
      {
        "type": "text",
        "text": "."
      },
      {
        "text": "ἰδοὺ",
        "tag": "w",
        "type": "word",
        "lemma": "ὁράω",
        "strong": "G37080",
        "morph": "Gr,IDMAA2,,S,"
      },
      {
        "type": "text",
        "text": ","
      },
      {
        "text": "ἐνίκησεν",
        "tag": "w",
        "type": "word",
        "lemma": "νικάω",
        "strong": "G35280",
        "morph": "Gr,V,IAA3,,S,"
      },
      {
        "text": "ὁ",
        "tag": "w",
        "type": "word",
        "lemma": "ὁ",
        "strong": "G35880",
        "morph": "Gr,EA,,,,NMS,"
      },
      {
        "text": "λέων",
        "tag": "w",
        "type": "word",
        "lemma": "λέων",
        "strong": "G30230",
        "morph": "Gr,N,,,,,NMS,",
        "tw": "rc://*/tw/dict/bible/other/lion"
      },
      {
        "text": "ὁ",
        "tag": "w",
        "type": "word",
        "lemma": "ὁ",
        "strong": "G35880",
        "morph": "Gr,RD,,,,NMS,"
      },
      {
        "text": "ἐκ",
        "tag": "w",
        "type": "word",
        "lemma": "ἐκ",
        "strong": "G15370",
        "morph": "Gr,P,,,,,G,,,"
      },
      {
        "text": "τῆς",
        "tag": "w",
        "type": "word",
        "lemma": "ὁ",
        "strong": "G35880",
        "morph": "Gr,EA,,,,GFS,"
      },
      {
        "text": "φυλῆς",
        "tag": "w",
        "type": "word",
        "lemma": "φυλή",
        "strong": "G54430",
        "morph": "Gr,N,,,,,GFS,",
        "tw": "rc://*/tw/dict/bible/other/tribe"
      },
      {
        "text": "Ἰούδα",
        "tag": "w",
        "type": "word",
        "lemma": "Ἰούδας",
        "strong": "G24550",
        "morph": "Gr,N,,,,,GMS,",
        "tw": "rc://*/tw/dict/bible/names/judah"
      },
      {
        "type": "text",
        "text": ","
      },
      {
        "text": "ἡ",
        "tag": "w",
        "type": "word",
        "lemma": "ὁ",
        "strong": "G35880",
        "morph": "Gr,EA,,,,NFS,"
      },
      {
        "text": "ῥίζα",
        "tag": "w",
        "type": "word",
        "lemma": "ῥίζα",
        "strong": "G44910",
        "morph": "Gr,N,,,,,NFS,"
      },
      {
        "text": "Δαυείδ",
        "tag": "w",
        "type": "word",
        "lemma": "Δαυείδ",
        "strong": "G11380",
        "morph": "Gr,N,,,,,GMSI",
        "tw": "rc://*/tw/dict/bible/names/david"
      },
      {
        "type": "text",
        "text": ","
      },
      {
        "text": "ἀνοῖξαι",
        "tag": "w",
        "type": "word",
        "lemma": "ἀνοίγω",
        "strong": "G04550",
        "morph": "Gr,V,NAA,,,,,"
      },
      {
        "text": "τὸ",
        "tag": "w",
        "type": "word",
        "lemma": "ὁ",
        "strong": "G35880",
        "morph": "Gr,EA,,,,ANS,"
      },
      {
        "text": "βιβλίον",
        "tag": "w",
        "type": "word",
        "lemma": "βιβλίον",
        "strong": "G09750",
        "morph": "Gr,N,,,,,ANS,",
        "tw": "rc://*/tw/dict/bible/other/scroll"
      },
      {
        "type": "text",
        "text": ","
      },
      {
        "text": "καὶ",
        "tag": "w",
        "type": "word",
        "lemma": "καί",
        "strong": "G25320",
        "morph": "Gr,CC,,,,,,,,"
      },
      {
        "text": "τὰς",
        "tag": "w",
        "type": "word",
        "lemma": "ὁ",
        "strong": "G35880",
        "morph": "Gr,EA,,,,AFP,"
      },
      {
        "text": "ἑπτὰ",
        "tag": "w",
        "type": "word",
        "lemma": "ἑπτά",
        "strong": "G20330",
        "morph": "Gr,EN,,,,AFP,"
      },
      {
        "text": "σφραγῖδας",
        "tag": "w",
        "type": "word",
        "lemma": "σφραγίς",
        "strong": "G49730",
        "morph": "Gr,N,,,,,AFP,",
        "tw": "rc://*/tw/dict/bible/other/seal"
      },
      {
        "text": "αὐτοῦ",
        "tag": "w",
        "type": "word",
        "lemma": "αὐτός",
        "strong": "G08460",
        "morph": "Gr,RP,,,3GNS,"
      },
      {
        "type": "text",
        "text": ".”\n\n"
      }
    ]
  },
  "6": {
    "verseObjects": [
      {
        "type": "text",
        "text": "\n"
      },
      {
        "tag": "p",
        "type": "paragraph",
        "text": "\n"
      },
      {
        "text": "καὶ",
        "tag": "w",
        "type": "word",
        "lemma": "καί",
        "strong": "G25320",
        "morph": "Gr,CC,,,,,,,,"
      },
      {
        "text": "εἶδον",
        "tag": "w",
        "type": "word",
        "lemma": "ὁράω",
        "strong": "G37080",
        "morph": "Gr,V,IAA1,,S,"
      },
      {
        "text": "ἐν",
        "tag": "w",
        "type": "word",
        "lemma": "ἐν",
        "strong": "G17220",
        "morph": "Gr,P,,,,,D,,,"
      },
      {
        "text": "μέσῳ",
        "tag": "w",
        "type": "word",
        "lemma": "μέσος",
        "strong": "G33190",
        "morph": "Gr,NS,,,,DNS,"
      },
      {
        "text": "τοῦ",
        "tag": "w",
        "type": "word",
        "lemma": "ὁ",
        "strong": "G35880",
        "morph": "Gr,EA,,,,GMS,"
      },
      {
        "text": "θρόνου",
        "tag": "w",
        "type": "word",
        "lemma": "θρόνος",
        "strong": "G23620",
        "morph": "Gr,N,,,,,GMS,",
        "tw": "rc://*/tw/dict/bible/other/throne"
      },
      {
        "text": "καὶ",
        "tag": "w",
        "type": "word",
        "lemma": "καί",
        "strong": "G25320",
        "morph": "Gr,CC,,,,,,,,"
      },
      {
        "text": "τῶν",
        "tag": "w",
        "type": "word",
        "lemma": "ὁ",
        "strong": "G35880",
        "morph": "Gr,EA,,,,GNP,"
      },
      {
        "text": "τεσσάρων",
        "tag": "w",
        "type": "word",
        "lemma": "τέσσαρες",
        "strong": "G50640",
        "morph": "Gr,EN,,,,GNP,"
      },
      {
        "text": "ζῴων",
        "tag": "w",
        "type": "word",
        "lemma": "ζῷον",
        "strong": "G22260",
        "morph": "Gr,N,,,,,GNP,",
        "tw": "rc://*/tw/dict/bible/other/creature"
      },
      {
        "text": "καὶ",
        "tag": "w",
        "type": "word",
        "lemma": "καί",
        "strong": "G25320",
        "morph": "Gr,CC,,,,,,,,"
      },
      {
        "text": "ἐν",
        "tag": "w",
        "type": "word",
        "lemma": "ἐν",
        "strong": "G17220",
        "morph": "Gr,P,,,,,D,,,"
      },
      {
        "text": "μέσῳ",
        "tag": "w",
        "type": "word",
        "lemma": "μέσος",
        "strong": "G33190",
        "morph": "Gr,NS,,,,DNS,"
      },
      {
        "text": "τῶν",
        "tag": "w",
        "type": "word",
        "lemma": "ὁ",
        "strong": "G35880",
        "morph": "Gr,EA,,,,GMP,"
      },
      {
        "text": "πρεσβυτέρων",
        "tag": "w",
        "type": "word",
        "lemma": "πρεσβύτερος",
        "strong": "G42450",
        "morph": "Gr,NS,,,,GMPC",
        "tw": "rc://*/tw/dict/bible/other/elder"
      },
      {
        "type": "text",
        "text": ","
      },
      {
        "text": "Ἀρνίον",
        "tag": "w",
        "type": "word",
        "lemma": "ἀρνίον",
        "strong": "G07210",
        "morph": "Gr,N,,,,,NNSD",
        "tw": "rc://*/tw/dict/bible/kt/lamb"
      },
      {
        "text": "ἑστηκὸς",
        "tag": "w",
        "type": "word",
        "lemma": "ἵστημι",
        "strong": "G24760",
        "morph": "Gr,V,PEA,NNS,"
      },
      {
        "text": "ὡς",
        "tag": "w",
        "type": "word",
        "lemma": "ὡς",
        "strong": "G56130",
        "morph": "Gr,CS,,,,,,,,",
        "tw": "rc://*/tw/dict/bible/other/like"
      },
      {
        "text": "ἐσφαγμένον",
        "tag": "w",
        "type": "word",
        "lemma": "σφάζω",
        "strong": "G49690",
        "morph": "Gr,V,PEP,NNS,"
      },
      {
        "type": "text",
        "text": ","
      },
      {
        "text": "ἔχων",
        "tag": "w",
        "type": "word",
        "lemma": "ἔχω",
        "strong": "G21920",
        "morph": "Gr,V,PPA,NMS,"
      },
      {
        "text": "κέρατα",
        "tag": "w",
        "type": "word",
        "lemma": "κέρας",
        "strong": "G27680",
        "morph": "Gr,N,,,,,ANP,",
        "tw": "rc://*/tw/dict/bible/other/horn"
      },
      {
        "text": "ἑπτὰ",
        "tag": "w",
        "type": "word",
        "lemma": "ἑπτά",
        "strong": "G20330",
        "morph": "Gr,EN,,,,ANP,"
      },
      {
        "text": "καὶ",
        "tag": "w",
        "type": "word",
        "lemma": "καί",
        "strong": "G25320",
        "morph": "Gr,CC,,,,,,,,"
      },
      {
        "text": "ὀφθαλμοὺς",
        "tag": "w",
        "type": "word",
        "lemma": "ὀφθαλμός",
        "strong": "G37880",
        "morph": "Gr,N,,,,,AMP,"
      },
      {
        "text": "ἑπτά",
        "tag": "w",
        "type": "word",
        "lemma": "ἑπτά",
        "strong": "G20330",
        "morph": "Gr,EN,,,,AMPI"
      },
      {
        "type": "text",
        "text": ","
      },
      {
        "text": "οἵ",
        "tag": "w",
        "type": "word",
        "lemma": "ὅς",
        "strong": "G37390",
        "morph": "Gr,RR,,,,NMP,"
      },
      {
        "text": "εἰσιν",
        "tag": "w",
        "type": "word",
        "lemma": "εἰμί",
        "strong": "G15100",
        "morph": "Gr,V,IPA3,,P,"
      },
      {
        "text": "τὰ",
        "tag": "w",
        "type": "word",
        "lemma": "ὁ",
        "strong": "G35880",
        "morph": "Gr,EA,,,,NNP,"
      },
      {
        "text": "ἑπτὰ",
        "tag": "w",
        "type": "word",
        "lemma": "ἑπτά",
        "strong": "G20330",
        "morph": "Gr,EN,,,,NNP,"
      },
      {
        "text": "πνεύματα",
        "tag": "w",
        "type": "word",
        "lemma": "πνεῦμα",
        "strong": "G41510",
        "morph": "Gr,N,,,,,NNP,",
        "tw": "rc://*/tw/dict/bible/kt/spirit"
      },
      {
        "text": "τοῦ",
        "tag": "w",
        "type": "word",
        "lemma": "ὁ",
        "strong": "G35880",
        "morph": "Gr,EA,,,,GMS,"
      },
      {
        "text": "Θεοῦ",
        "tag": "w",
        "type": "word",
        "lemma": "θεός",
        "strong": "G23160",
        "morph": "Gr,N,,,,,GMS,",
        "tw": "rc://*/tw/dict/bible/kt/god"
      },
      {
        "type": "text",
        "text": ","
      },
      {
        "text": "ἀπεσταλμένοι",
        "tag": "w",
        "type": "word",
        "lemma": "ἀποστέλλω",
        "strong": "G06490",
        "morph": "Gr,V,PEP,NMP,",
        "tw": "rc://*/tw/dict/bible/other/send"
      },
      {
        "text": "εἰς",
        "tag": "w",
        "type": "word",
        "lemma": "εἰς",
        "strong": "G15190",
        "morph": "Gr,P,,,,,A,,,"
      },
      {
        "text": "πᾶσαν",
        "tag": "w",
        "type": "word",
        "lemma": "πᾶς",
        "strong": "G39560",
        "morph": "Gr,EQ,,,,AFS,"
      },
      {
        "text": "τὴν",
        "tag": "w",
        "type": "word",
        "lemma": "ὁ",
        "strong": "G35880",
        "morph": "Gr,EA,,,,AFS,"
      },
      {
        "text": "γῆν",
        "tag": "w",
        "type": "word",
        "lemma": "γῆ",
        "strong": "G10930",
        "morph": "Gr,N,,,,,AFS,",
        "tw": "rc://*/tw/dict/bible/other/earth"
      },
      {
        "type": "text",
        "text": ".\n\n"
      }
    ]
  },
  "7": {
    "verseObjects": [
      {
        "text": "καὶ",
        "tag": "w",
        "type": "word",
        "lemma": "καί",
        "strong": "G25320",
        "morph": "Gr,CC,,,,,,,,"
      },
      {
        "text": "ἦλθεν",
        "tag": "w",
        "type": "word",
        "lemma": "ἔρχομαι",
        "strong": "G20640",
        "morph": "Gr,V,IAA3,,S,"
      },
      {
        "text": "καὶ",
        "tag": "w",
        "type": "word",
        "lemma": "καί",
        "strong": "G25320",
        "morph": "Gr,CC,,,,,,,,"
      },
      {
        "text": "εἴληφεν",
        "tag": "w",
        "type": "word",
        "lemma": "λαμβάνω",
        "strong": "G29830",
        "morph": "Gr,V,IEA3,,S,"
      },
      {
        "text": "ἐκ",
        "tag": "w",
        "type": "word",
        "lemma": "ἐκ",
        "strong": "G15370",
        "morph": "Gr,P,,,,,G,,,"
      },
      {
        "text": "τῆς",
        "tag": "w",
        "type": "word",
        "lemma": "ὁ",
        "strong": "G35880",
        "morph": "Gr,EA,,,,GFS,"
      },
      {
        "text": "δεξιᾶς",
        "tag": "w",
        "type": "word",
        "lemma": "δεξιός",
        "strong": "G11880",
        "morph": "Gr,NS,,,,GFS,",
        "tw": "rc://*/tw/dict/bible/kt/righthand"
      },
      {
        "text": "τοῦ",
        "tag": "w",
        "type": "word",
        "lemma": "ὁ",
        "strong": "G35880",
        "morph": "Gr,RD,,,,GMS,"
      },
      {
        "text": "καθημένου",
        "tag": "w",
        "type": "word",
        "lemma": "κάθημαι",
        "strong": "G25210",
        "morph": "Gr,V,PPM,GMS,"
      },
      {
        "text": "ἐπὶ",
        "tag": "w",
        "type": "word",
        "lemma": "ἐπί",
        "strong": "G19090",
        "morph": "Gr,P,,,,,G,,,"
      },
      {
        "text": "τοῦ",
        "tag": "w",
        "type": "word",
        "lemma": "ὁ",
        "strong": "G35880",
        "morph": "Gr,EA,,,,GMS,"
      },
      {
        "text": "θρόνου",
        "tag": "w",
        "type": "word",
        "lemma": "θρόνος",
        "strong": "G23620",
        "morph": "Gr,N,,,,,GMS,",
        "tw": "rc://*/tw/dict/bible/other/throne"
      },
      {
        "type": "text",
        "text": ".\n\n"
      }
    ]
  },
  "8": {
    "verseObjects": [
      {
        "text": "καὶ",
        "tag": "w",
        "type": "word",
        "lemma": "καί",
        "strong": "G25320",
        "morph": "Gr,CC,,,,,,,,"
      },
      {
        "text": "ὅτε",
        "tag": "w",
        "type": "word",
        "lemma": "ὅτε",
        "strong": "G37530",
        "morph": "Gr,CS,,,,,,,,"
      },
      {
        "text": "ἔλαβεν",
        "tag": "w",
        "type": "word",
        "lemma": "λαμβάνω",
        "strong": "G29830",
        "morph": "Gr,V,IAA3,,S,"
      },
      {
        "text": "τὸ",
        "tag": "w",
        "type": "word",
        "lemma": "ὁ",
        "strong": "G35880",
        "morph": "Gr,EA,,,,ANS,"
      },
      {
        "text": "βιβλίον",
        "tag": "w",
        "type": "word",
        "lemma": "βιβλίον",
        "strong": "G09750",
        "morph": "Gr,N,,,,,ANS,",
        "tw": "rc://*/tw/dict/bible/other/scroll"
      },
      {
        "type": "text",
        "text": ","
      },
      {
        "text": "τὰ",
        "tag": "w",
        "type": "word",
        "lemma": "ὁ",
        "strong": "G35880",
        "morph": "Gr,EA,,,,NNP,"
      },
      {
        "text": "τέσσερα",
        "tag": "w",
        "type": "word",
        "lemma": "τέσσερες ",
        "strong": "G50640",
        "morph": "Gr,EN,,,,NNP,"
      },
      {
        "text": "ζῷα",
        "tag": "w",
        "type": "word",
        "lemma": "ζῷον",
        "strong": "G22260",
        "morph": "Gr,N,,,,,NNP,",
        "tw": "rc://*/tw/dict/bible/other/creature"
      },
      {
        "text": "καὶ",
        "tag": "w",
        "type": "word",
        "lemma": "καί",
        "strong": "G25320",
        "morph": "Gr,CC,,,,,,,,"
      },
      {
        "text": "οἱ",
        "tag": "w",
        "type": "word",
        "lemma": "ὁ",
        "strong": "G35880",
        "morph": "Gr,EA,,,,NMP,"
      },
      {
        "text": "εἴκοσι",
        "tag": "w",
        "type": "word",
        "lemma": "εἴκοσι",
        "strong": "G15010",
        "morph": "Gr,EN,,,,NMPI"
      },
      {
        "text": "τέσσαρες",
        "tag": "w",
        "type": "word",
        "lemma": "τέσσαρες",
        "strong": "G50640",
        "morph": "Gr,EN,,,,NMP,"
      },
      {
        "text": "πρεσβύτεροι",
        "tag": "w",
        "type": "word",
        "lemma": "πρεσβύτερος",
        "strong": "G42450",
        "morph": "Gr,NS,,,,NMPC",
        "tw": "rc://*/tw/dict/bible/other/elder"
      },
      {
        "text": "ἔπεσαν",
        "tag": "w",
        "type": "word",
        "lemma": "πίπτω",
        "strong": "G40980",
        "morph": "Gr,V,IAA3,,P,",
        "tw": "rc://*/tw/dict/bible/other/bow"
      },
      {
        "text": "ἐνώπιον",
        "tag": "w",
        "type": "word",
        "lemma": "ἐνώπιον",
        "strong": "G17990",
        "morph": "Gr,PI,,,,G,,,"
      },
      {
        "text": "τοῦ",
        "tag": "w",
        "type": "word",
        "lemma": "ὁ",
        "strong": "G35880",
        "morph": "Gr,EA,,,,GNS,"
      },
      {
        "text": "Ἀρνίου",
        "tag": "w",
        "type": "word",
        "lemma": "ἀρνίον",
        "strong": "G07210",
        "morph": "Gr,N,,,,,GNSD",
        "tw": "rc://*/tw/dict/bible/kt/lamb"
      },
      {
        "type": "text",
        "text": ","
      },
      {
        "text": "ἔχοντες",
        "tag": "w",
        "type": "word",
        "lemma": "ἔχω",
        "strong": "G21920",
        "morph": "Gr,V,PPA,NMP,"
      },
      {
        "text": "ἕκαστος",
        "tag": "w",
        "type": "word",
        "lemma": "ἕκαστος",
        "strong": "G15380",
        "morph": "Gr,RI,,,,NMS,"
      },
      {
        "text": "κιθάραν",
        "tag": "w",
        "type": "word",
        "lemma": "κιθάρα",
        "strong": "G27880",
        "morph": "Gr,N,,,,,AFS,",
        "tw": "rc://*/tw/dict/bible/other/harp"
      },
      {
        "text": "καὶ",
        "tag": "w",
        "type": "word",
        "lemma": "καί",
        "strong": "G25320",
        "morph": "Gr,CC,,,,,,,,"
      },
      {
        "text": "φιάλας",
        "tag": "w",
        "type": "word",
        "lemma": "φιάλη",
        "strong": "G53570",
        "morph": "Gr,N,,,,,AFP,"
      },
      {
        "text": "χρυσᾶς",
        "tag": "w",
        "type": "word",
        "lemma": "χρυσοῦς",
        "strong": "G55520",
        "morph": "Gr,AA,,,,AFP,",
        "tw": "rc://*/tw/dict/bible/other/gold"
      },
      {
        "text": "γεμούσας",
        "tag": "w",
        "type": "word",
        "lemma": "γέμω",
        "strong": "G10730",
        "morph": "Gr,V,PPA,AFP,"
      },
      {
        "text": "θυμιαμάτων",
        "tag": "w",
        "type": "word",
        "lemma": "θυμίαμα",
        "strong": "G23680",
        "morph": "Gr,N,,,,,GNP,",
        "tw": "rc://*/tw/dict/bible/other/incense"
      },
      {
        "type": "text",
        "text": ","
      },
      {
        "text": "αἵ",
        "tag": "w",
        "type": "word",
        "lemma": "ὅς",
        "strong": "G37390",
        "morph": "Gr,RR,,,,NFP,"
      },
      {
        "text": "εἰσιν",
        "tag": "w",
        "type": "word",
        "lemma": "εἰμί",
        "strong": "G15100",
        "morph": "Gr,V,IPA3,,P,"
      },
      {
        "text": "αἱ",
        "tag": "w",
        "type": "word",
        "lemma": "ὁ",
        "strong": "G35880",
        "morph": "Gr,EA,,,,NFP,"
      },
      {
        "text": "προσευχαὶ",
        "tag": "w",
        "type": "word",
        "lemma": "προσευχή",
        "strong": "G43350",
        "morph": "Gr,N,,,,,NFP,",
        "tw": "rc://*/tw/dict/bible/kt/pray"
      },
      {
        "text": "τῶν",
        "tag": "w",
        "type": "word",
        "lemma": "ὁ",
        "strong": "G35880",
        "morph": "Gr,EA,,,,GMP,"
      },
      {
        "text": "ἁγίων",
        "tag": "w",
        "type": "word",
        "lemma": "ἅγιος",
        "strong": "G00400",
        "morph": "Gr,NS,,,,GMP,",
        "tw": "rc://*/tw/dict/bible/kt/saint"
      },
      {
        "type": "text",
        "text": ".\n\n"
      }
    ]
  },
  "9": {
    "verseObjects": [
      {
        "text": "καὶ",
        "tag": "w",
        "type": "word",
        "lemma": "καί",
        "strong": "G25320",
        "morph": "Gr,CC,,,,,,,,"
      },
      {
        "text": "ᾄδουσιν",
        "tag": "w",
        "type": "word",
        "lemma": "ᾄδω",
        "strong": "G01030",
        "morph": "Gr,V,IPA3,,P,"
      },
      {
        "text": "ᾠδὴν",
        "tag": "w",
        "type": "word",
        "lemma": "ᾠδή",
        "strong": "G56030",
        "morph": "Gr,N,,,,,AFS,"
      },
      {
        "text": "καινὴν",
        "tag": "w",
        "type": "word",
        "lemma": "καινός",
        "strong": "G25370",
        "morph": "Gr,AA,,,,AFS,"
      },
      {
        "text": "λέγοντες",
        "tag": "w",
        "type": "word",
        "lemma": "λέγω",
        "strong": "G30040",
        "morph": "Gr,V,PPA,NMP,"
      },
      {
        "type": "text",
        "text": ",\n“"
      },
      {
        "text": "ἄξιος",
        "tag": "w",
        "type": "word",
        "lemma": "ἄξιος",
        "strong": "G05140",
        "morph": "Gr,NP,,,,NMS,",
        "tw": "rc://*/tw/dict/bible/kt/worthy"
      },
      {
        "text": "εἶ",
        "tag": "w",
        "type": "word",
        "lemma": "εἰμί",
        "strong": "G15100",
        "morph": "Gr,V,IPA2,,S,"
      },
      {
        "text": "λαβεῖν",
        "tag": "w",
        "type": "word",
        "lemma": "λαμβάνω",
        "strong": "G29830",
        "morph": "Gr,V,NAA,,,,,"
      },
      {
        "text": "τὸ",
        "tag": "w",
        "type": "word",
        "lemma": "ὁ",
        "strong": "G35880",
        "morph": "Gr,EA,,,,ANS,"
      },
      {
        "text": "βιβλίον",
        "tag": "w",
        "type": "word",
        "lemma": "βιβλίον",
        "strong": "G09750",
        "morph": "Gr,N,,,,,ANS,",
        "tw": "rc://*/tw/dict/bible/other/scroll"
      },
      {
        "type": "text",
        "text": ","
      },
      {
        "text": "καὶ",
        "tag": "w",
        "type": "word",
        "lemma": "καί",
        "strong": "G25320",
        "morph": "Gr,CC,,,,,,,,"
      },
      {
        "text": "ἀνοῖξαι",
        "tag": "w",
        "type": "word",
        "lemma": "ἀνοίγω",
        "strong": "G04550",
        "morph": "Gr,V,NAA,,,,,"
      },
      {
        "text": "τὰς",
        "tag": "w",
        "type": "word",
        "lemma": "ὁ",
        "strong": "G35880",
        "morph": "Gr,EA,,,,AFP,"
      },
      {
        "text": "σφραγῖδας",
        "tag": "w",
        "type": "word",
        "lemma": "σφραγίς",
        "strong": "G49730",
        "morph": "Gr,N,,,,,AFP,",
        "tw": "rc://*/tw/dict/bible/other/seal"
      },
      {
        "text": "αὐτοῦ",
        "tag": "w",
        "type": "word",
        "lemma": "αὐτός",
        "strong": "G08460",
        "morph": "Gr,RP,,,3GNS,"
      },
      {
        "type": "text",
        "text": ","
      },
      {
        "text": "ὅτι",
        "tag": "w",
        "type": "word",
        "lemma": "ὅτι",
        "strong": "G37540",
        "morph": "Gr,CS,,,,,,,,"
      },
      {
        "text": "ἐσφάγης",
        "tag": "w",
        "type": "word",
        "lemma": "σφάζω",
        "strong": "G49690",
        "morph": "Gr,V,IAP2,,S,"
      },
      {
        "type": "text",
        "text": ","
      },
      {
        "text": "καὶ",
        "tag": "w",
        "type": "word",
        "lemma": "καί",
        "strong": "G25320",
        "morph": "Gr,CC,,,,,,,,"
      },
      {
        "text": "ἠγόρασας",
        "tag": "w",
        "type": "word",
        "lemma": "ἀγοράζω",
        "strong": "G00590",
        "morph": "Gr,V,IAA2,,S,"
      },
      {
        "text": "τῷ",
        "tag": "w",
        "type": "word",
        "lemma": "ὁ",
        "strong": "G35880",
        "morph": "Gr,EA,,,,DMS,"
      },
      {
        "text": "Θεῷ",
        "tag": "w",
        "type": "word",
        "lemma": "θεός",
        "strong": "G23160",
        "morph": "Gr,N,,,,,DMS,",
        "tw": "rc://*/tw/dict/bible/kt/god"
      },
      {
        "text": "ἐν",
        "tag": "w",
        "type": "word",
        "lemma": "ἐν",
        "strong": "G17220",
        "morph": "Gr,P,,,,,D,,,"
      },
      {
        "text": "τῷ",
        "tag": "w",
        "type": "word",
        "lemma": "ὁ",
        "strong": "G35880",
        "morph": "Gr,EA,,,,DNS,"
      },
      {
        "text": "αἵματί",
        "tag": "w",
        "type": "word",
        "lemma": "αἷμα",
        "strong": "G01290",
        "morph": "Gr,N,,,,,DNS,",
        "tw": "rc://*/tw/dict/bible/kt/blood"
      },
      {
        "text": "σου",
        "tag": "w",
        "type": "word",
        "lemma": "σύ",
        "strong": "G47710",
        "morph": "Gr,RP,,,2G,S,"
      },
      {
        "type": "text",
        "text": ","
      },
      {
        "text": "ἐκ",
        "tag": "w",
        "type": "word",
        "lemma": "ἐκ",
        "strong": "G15370",
        "morph": "Gr,P,,,,,G,,,"
      },
      {
        "text": "πάσης",
        "tag": "w",
        "type": "word",
        "lemma": "πᾶς",
        "strong": "G39560",
        "morph": "Gr,EQ,,,,GFS,"
      },
      {
        "text": "φυλῆς",
        "tag": "w",
        "type": "word",
        "lemma": "φυλή",
        "strong": "G54430",
        "morph": "Gr,N,,,,,GFS,",
        "tw": "rc://*/tw/dict/bible/other/tribe"
      },
      {
        "type": "text",
        "text": ","
      },
      {
        "text": "καὶ",
        "tag": "w",
        "type": "word",
        "lemma": "καί",
        "strong": "G25320",
        "morph": "Gr,CC,,,,,,,,"
      },
      {
        "text": "γλώσσης",
        "tag": "w",
        "type": "word",
        "lemma": "γλῶσσα",
        "strong": "G11000",
        "morph": "Gr,N,,,,,GFS,",
        "tw": "rc://*/tw/dict/bible/other/tongue"
      },
      {
        "type": "text",
        "text": ","
      },
      {
        "text": "καὶ",
        "tag": "w",
        "type": "word",
        "lemma": "καί",
        "strong": "G25320",
        "morph": "Gr,CC,,,,,,,,"
      },
      {
        "text": "λαοῦ",
        "tag": "w",
        "type": "word",
        "lemma": "λαός",
        "strong": "G29920",
        "morph": "Gr,N,,,,,GMS,",
        "tw": "rc://*/tw/dict/bible/other/peoplegroup"
      },
      {
        "type": "text",
        "text": ","
      },
      {
        "text": "καὶ",
        "tag": "w",
        "type": "word",
        "lemma": "καί",
        "strong": "G25320",
        "morph": "Gr,CC,,,,,,,,"
      },
      {
        "text": "ἔθνους",
        "tag": "w",
        "type": "word",
        "lemma": "ἔθνος",
        "strong": "G14840",
        "morph": "Gr,N,,,,,GNS,",
        "tw": "rc://*/tw/dict/bible/other/nation"
      },
      {
        "type": "text",
        "text": ",\n\n"
      }
    ]
  },
  "10": {
    "verseObjects": [
      {
        "text": "καὶ",
        "tag": "w",
        "type": "word",
        "lemma": "καί",
        "strong": "G25320",
        "morph": "Gr,CC,,,,,,,,"
      },
      {
        "text": "ἐποίησας",
        "tag": "w",
        "type": "word",
        "lemma": "ποιέω",
        "strong": "G41600",
        "morph": "Gr,V,IAA2,,S,"
      },
      {
        "text": "αὐτοὺς",
        "tag": "w",
        "type": "word",
        "lemma": "αὐτός",
        "strong": "G08460",
        "morph": "Gr,RP,,,3AMP,"
      },
      {
        "text": "τῷ",
        "tag": "w",
        "type": "word",
        "lemma": "ὁ",
        "strong": "G35880",
        "morph": "Gr,EA,,,,DMS,"
      },
      {
        "text": "Θεῷ",
        "tag": "w",
        "type": "word",
        "lemma": "θεός",
        "strong": "G23160",
        "morph": "Gr,N,,,,,DMS,",
        "tw": "rc://*/tw/dict/bible/kt/god"
      },
      {
        "text": "ἡμῶν",
        "tag": "w",
        "type": "word",
        "lemma": "ἐγώ",
        "strong": "G14730",
        "morph": "Gr,RP,,,1G,P,"
      },
      {
        "type": "text",
        "text": ","
      },
      {
        "text": "βασιλείαν",
        "tag": "w",
        "type": "word",
        "lemma": "βασιλεία",
        "strong": "G09320",
        "morph": "Gr,N,,,,,AFS,",
        "tw": "rc://*/tw/dict/bible/other/king"
      },
      {
        "text": "καὶ",
        "tag": "w",
        "type": "word",
        "lemma": "καί",
        "strong": "G25320",
        "morph": "Gr,CC,,,,,,,,"
      },
      {
        "text": "ἱερεῖς",
        "tag": "w",
        "type": "word",
        "lemma": "ἱερεύς",
        "strong": "G24090",
        "morph": "Gr,N,,,,,AMP,",
        "tw": "rc://*/tw/dict/bible/kt/priest"
      },
      {
        "type": "text",
        "text": ","
      },
      {
        "text": "καὶ",
        "tag": "w",
        "type": "word",
        "lemma": "καί",
        "strong": "G25320",
        "morph": "Gr,CC,,,,,,,,"
      },
      {
        "text": "βασιλεύσουσιν",
        "tag": "w",
        "type": "word",
        "lemma": "βασιλεύω",
        "strong": "G09360",
        "morph": "Gr,V,IFA3,,P,",
        "tw": "rc://*/tw/dict/bible/other/reign"
      },
      {
        "text": "ἐπὶ",
        "tag": "w",
        "type": "word",
        "lemma": "ἐπί",
        "strong": "G19090",
        "morph": "Gr,P,,,,,G,,,"
      },
      {
        "text": "τῆς",
        "tag": "w",
        "type": "word",
        "lemma": "ὁ",
        "strong": "G35880",
        "morph": "Gr,EA,,,,GFS,"
      },
      {
        "text": "γῆς",
        "tag": "w",
        "type": "word",
        "lemma": "γῆ",
        "strong": "G10930",
        "morph": "Gr,N,,,,,GFS,",
        "tw": "rc://*/tw/dict/bible/other/earth"
      },
      {
        "type": "text",
        "text": ".”\n\n"
      }
    ]
  },
  "11": {
    "verseObjects": [
      {
        "type": "text",
        "text": "\n"
      },
      {
        "tag": "p",
        "type": "paragraph",
        "text": "\n"
      },
      {
        "text": "καὶ",
        "tag": "w",
        "type": "word",
        "lemma": "καί",
        "strong": "G25320",
        "morph": "Gr,CC,,,,,,,,"
      },
      {
        "text": "εἶδον",
        "tag": "w",
        "type": "word",
        "lemma": "ὁράω",
        "strong": "G37080",
        "morph": "Gr,V,IAA1,,S,"
      },
      {
        "type": "text",
        "text": ","
      },
      {
        "text": "καὶ",
        "tag": "w",
        "type": "word",
        "lemma": "καί",
        "strong": "G25320",
        "morph": "Gr,CC,,,,,,,,"
      },
      {
        "text": "ἤκουσα",
        "tag": "w",
        "type": "word",
        "lemma": "ἀκούω",
        "strong": "G01910",
        "morph": "Gr,V,IAA1,,S,"
      },
      {
        "text": "φωνὴν",
        "tag": "w",
        "type": "word",
        "lemma": "φωνή",
        "strong": "G54560",
        "morph": "Gr,N,,,,,AFS,",
        "tw": "rc://*/tw/dict/bible/other/voice"
      },
      {
        "text": "ἀγγέλων",
        "tag": "w",
        "type": "word",
        "lemma": "ἄγγελος",
        "strong": "G00320",
        "morph": "Gr,N,,,,,GMP,",
        "tw": "rc://*/tw/dict/bible/kt/angel"
      },
      {
        "text": "πολλῶν",
        "tag": "w",
        "type": "word",
        "lemma": "πολλός",
        "strong": "G41830",
        "morph": "Gr,EQ,,,,GMP,"
      },
      {
        "text": "κύκλῳ",
        "tag": "w",
        "type": "word",
        "lemma": "κύκλῳ",
        "strong": "G29450",
        "morph": "Gr,PI,,,,G,,,"
      },
      {
        "text": "τοῦ",
        "tag": "w",
        "type": "word",
        "lemma": "ὁ",
        "strong": "G35880",
        "morph": "Gr,EA,,,,GMS,"
      },
      {
        "text": "θρόνου",
        "tag": "w",
        "type": "word",
        "lemma": "θρόνος",
        "strong": "G23620",
        "morph": "Gr,N,,,,,GMS,",
        "tw": "rc://*/tw/dict/bible/other/throne"
      },
      {
        "type": "text",
        "text": ","
      },
      {
        "text": "καὶ",
        "tag": "w",
        "type": "word",
        "lemma": "καί",
        "strong": "G25320",
        "morph": "Gr,CC,,,,,,,,"
      },
      {
        "text": "τῶν",
        "tag": "w",
        "type": "word",
        "lemma": "ὁ",
        "strong": "G35880",
        "morph": "Gr,EA,,,,GNP,"
      },
      {
        "text": "ζῴων",
        "tag": "w",
        "type": "word",
        "lemma": "ζῷον",
        "strong": "G22260",
        "morph": "Gr,N,,,,,GNP,",
        "tw": "rc://*/tw/dict/bible/other/creature"
      },
      {
        "type": "text",
        "text": ","
      },
      {
        "text": "καὶ",
        "tag": "w",
        "type": "word",
        "lemma": "καί",
        "strong": "G25320",
        "morph": "Gr,CC,,,,,,,,"
      },
      {
        "text": "τῶν",
        "tag": "w",
        "type": "word",
        "lemma": "ὁ",
        "strong": "G35880",
        "morph": "Gr,EA,,,,GMP,"
      },
      {
        "text": "πρεσβυτέρων",
        "tag": "w",
        "type": "word",
        "lemma": "πρεσβύτερος",
        "strong": "G42450",
        "morph": "Gr,NS,,,,GMPC",
        "tw": "rc://*/tw/dict/bible/other/elder"
      },
      {
        "type": "text",
        "text": ","
      },
      {
        "text": "καὶ",
        "tag": "w",
        "type": "word",
        "lemma": "καί",
        "strong": "G25320",
        "morph": "Gr,CC,,,,,,,,"
      },
      {
        "text": "ἦν",
        "tag": "w",
        "type": "word",
        "lemma": "εἰμί",
        "strong": "G15100",
        "morph": "Gr,V,IIA3,,S,"
      },
      {
        "text": "ὁ",
        "tag": "w",
        "type": "word",
        "lemma": "ὁ",
        "strong": "G35880",
        "morph": "Gr,EA,,,,NMS,"
      },
      {
        "text": "ἀριθμὸς",
        "tag": "w",
        "type": "word",
        "lemma": "ἀριθμός",
        "strong": "G07060",
        "morph": "Gr,N,,,,,NMS,"
      },
      {
        "text": "αὐτῶν",
        "tag": "w",
        "type": "word",
        "lemma": "αὐτός",
        "strong": "G08460",
        "morph": "Gr,RP,,,3GMP,"
      },
      {
        "text": "μυριάδες",
        "tag": "w",
        "type": "word",
        "lemma": "μυριάς",
        "strong": "G34610",
        "morph": "Gr,N,,,,,NFP,"
      },
      {
        "text": "μυριάδων",
        "tag": "w",
        "type": "word",
        "lemma": "μυριάς",
        "strong": "G34610",
        "morph": "Gr,N,,,,,GFP,"
      },
      {
        "text": "καὶ",
        "tag": "w",
        "type": "word",
        "lemma": "καί",
        "strong": "G25320",
        "morph": "Gr,CC,,,,,,,,"
      },
      {
        "text": "χιλιάδες",
        "tag": "w",
        "type": "word",
        "lemma": "χιλιάς",
        "strong": "G55050",
        "morph": "Gr,N,,,,,NFP,"
      },
      {
        "text": "χιλιάδων",
        "tag": "w",
        "type": "word",
        "lemma": "χιλιάς",
        "strong": "G55050",
        "morph": "Gr,N,,,,,GFP,"
      },
      {
        "type": "text",
        "text": ",\n\n"
      }
    ]
  },
  "12": {
    "verseObjects": [
      {
        "text": "λέγοντες",
        "tag": "w",
        "type": "word",
        "lemma": "λέγω",
        "strong": "G30040",
        "morph": "Gr,V,PPA,NMP,"
      },
      {
        "text": "φωνῇ",
        "tag": "w",
        "type": "word",
        "lemma": "φωνή",
        "strong": "G54560",
        "morph": "Gr,N,,,,,DFS,",
        "tw": "rc://*/tw/dict/bible/other/voice"
      },
      {
        "text": "μεγάλῃ",
        "tag": "w",
        "type": "word",
        "lemma": "μέγας",
        "strong": "G31730",
        "morph": "Gr,AA,,,,DFS,"
      },
      {
        "type": "text",
        "text": ",\n“"
      },
      {
        "text": "ἄξιόν",
        "tag": "w",
        "type": "word",
        "lemma": "ἄξιος",
        "strong": "G05140",
        "morph": "Gr,NP,,,,NNS,",
        "tw": "rc://*/tw/dict/bible/kt/worthy"
      },
      {
        "text": "ἐστιν",
        "tag": "w",
        "type": "word",
        "lemma": "εἰμί",
        "strong": "G15100",
        "morph": "Gr,V,IPA3,,S,"
      },
      {
        "text": "τὸ",
        "tag": "w",
        "type": "word",
        "lemma": "ὁ",
        "strong": "G35880",
        "morph": "Gr,EA,,,,NNS,"
      },
      {
        "text": "Ἀρνίον",
        "tag": "w",
        "type": "word",
        "lemma": "ἀρνίον",
        "strong": "G07210",
        "morph": "Gr,N,,,,,NNSD",
        "tw": "rc://*/tw/dict/bible/kt/lamb"
      },
      {
        "text": "τὸ",
        "tag": "w",
        "type": "word",
        "lemma": "ὁ",
        "strong": "G35880",
        "morph": "Gr,RD,,,,NNS,"
      },
      {
        "text": "ἐσφαγμένον",
        "tag": "w",
        "type": "word",
        "lemma": "σφάζω",
        "strong": "G49690",
        "morph": "Gr,V,PEP,NNS,"
      },
      {
        "type": "text",
        "text": ","
      },
      {
        "text": "λαβεῖν",
        "tag": "w",
        "type": "word",
        "lemma": "λαμβάνω",
        "strong": "G29830",
        "morph": "Gr,V,NAA,,,,,",
        "tw": "rc://*/tw/dict/bible/other/receive"
      },
      {
        "text": "τὴν",
        "tag": "w",
        "type": "word",
        "lemma": "ὁ",
        "strong": "G35880",
        "morph": "Gr,EA,,,,AFS,"
      },
      {
        "text": "δύναμιν",
        "tag": "w",
        "type": "word",
        "lemma": "δύναμις",
        "strong": "G14110",
        "morph": "Gr,N,,,,,AFS,",
        "tw": "rc://*/tw/dict/bible/kt/power"
      },
      {
        "type": "text",
        "text": ","
      },
      {
        "text": "καὶ",
        "tag": "w",
        "type": "word",
        "lemma": "καί",
        "strong": "G25320",
        "morph": "Gr,CC,,,,,,,,"
      },
      {
        "text": "πλοῦτον",
        "tag": "w",
        "type": "word",
        "lemma": "πλοῦτος",
        "strong": "G41490",
        "morph": "Gr,N,,,,,AMS,"
      },
      {
        "type": "text",
        "text": ","
      },
      {
        "text": "καὶ",
        "tag": "w",
        "type": "word",
        "lemma": "καί",
        "strong": "G25320",
        "morph": "Gr,CC,,,,,,,,"
      },
      {
        "text": "σοφίαν",
        "tag": "w",
        "type": "word",
        "lemma": "σοφία",
        "strong": "G46780",
        "morph": "Gr,N,,,,,AFS,",
        "tw": "rc://*/tw/dict/bible/kt/wise"
      },
      {
        "type": "text",
        "text": ","
      },
      {
        "text": "καὶ",
        "tag": "w",
        "type": "word",
        "lemma": "καί",
        "strong": "G25320",
        "morph": "Gr,CC,,,,,,,,"
      },
      {
        "text": "ἰσχὺν",
        "tag": "w",
        "type": "word",
        "lemma": "ἰσχύς",
        "strong": "G24790",
        "morph": "Gr,N,,,,,AFS,",
        "tw": "rc://*/tw/dict/bible/other/strength"
      },
      {
        "type": "text",
        "text": ","
      },
      {
        "text": "καὶ",
        "tag": "w",
        "type": "word",
        "lemma": "καί",
        "strong": "G25320",
        "morph": "Gr,CC,,,,,,,,"
      },
      {
        "text": "τιμὴν",
        "tag": "w",
        "type": "word",
        "lemma": "τιμή",
        "strong": "G50920",
        "morph": "Gr,N,,,,,AFS,",
        "tw": "rc://*/tw/dict/bible/kt/honor"
      },
      {
        "type": "text",
        "text": ","
      },
      {
        "text": "καὶ",
        "tag": "w",
        "type": "word",
        "lemma": "καί",
        "strong": "G25320",
        "morph": "Gr,CC,,,,,,,,"
      },
      {
        "text": "δόξαν",
        "tag": "w",
        "type": "word",
        "lemma": "δόξα",
        "strong": "G13910",
        "morph": "Gr,N,,,,,AFS,",
        "tw": "rc://*/tw/dict/bible/kt/glory"
      },
      {
        "type": "text",
        "text": ","
      },
      {
        "text": "καὶ",
        "tag": "w",
        "type": "word",
        "lemma": "καί",
        "strong": "G25320",
        "morph": "Gr,CC,,,,,,,,"
      },
      {
        "text": "εὐλογίαν",
        "tag": "w",
        "type": "word",
        "lemma": "εὐλογία",
        "strong": "G21290",
        "morph": "Gr,N,,,,,AFS,",
        "tw": "rc://*/tw/dict/bible/kt/bless"
      },
      {
        "type": "text",
        "text": "!”\n\n"
      }
    ]
  },
  "13": {
    "verseObjects": [
      {
        "text": "καὶ",
        "tag": "w",
        "type": "word",
        "lemma": "καί",
        "strong": "G25320",
        "morph": "Gr,CC,,,,,,,,"
      },
      {
        "text": "πᾶν",
        "tag": "w",
        "type": "word",
        "lemma": "πᾶς",
        "strong": "G39560",
        "morph": "Gr,EQ,,,,ANS,"
      },
      {
        "text": "κτίσμα",
        "tag": "w",
        "type": "word",
        "lemma": "κτίσμα",
        "strong": "G29380",
        "morph": "Gr,N,,,,,ANS,",
        "tw": "rc://*/tw/dict/bible/other/creation"
      },
      {
        "text": "ὃ",
        "tag": "w",
        "type": "word",
        "lemma": "ὅς",
        "strong": "G37390",
        "morph": "Gr,RR,,,,NNS,"
      },
      {
        "text": "ἐν",
        "tag": "w",
        "type": "word",
        "lemma": "ἐν",
        "strong": "G17220",
        "morph": "Gr,P,,,,,D,,,"
      },
      {
        "text": "τῷ",
        "tag": "w",
        "type": "word",
        "lemma": "ὁ",
        "strong": "G35880",
        "morph": "Gr,EA,,,,DMS,"
      },
      {
        "text": "οὐρανῷ",
        "tag": "w",
        "type": "word",
        "lemma": "οὐρανός",
        "strong": "G37720",
        "morph": "Gr,N,,,,,DMS,",
        "tw": "rc://*/tw/dict/bible/kt/heaven"
      },
      {
        "type": "text",
        "text": ","
      },
      {
        "text": "καὶ",
        "tag": "w",
        "type": "word",
        "lemma": "καί",
        "strong": "G25320",
        "morph": "Gr,CC,,,,,,,,"
      },
      {
        "text": "ἐπὶ",
        "tag": "w",
        "type": "word",
        "lemma": "ἐπί",
        "strong": "G19090",
        "morph": "Gr,P,,,,,G,,,"
      },
      {
        "text": "τῆς",
        "tag": "w",
        "type": "word",
        "lemma": "ὁ",
        "strong": "G35880",
        "morph": "Gr,EA,,,,GFS,"
      },
      {
        "text": "γῆς",
        "tag": "w",
        "type": "word",
        "lemma": "γῆ",
        "strong": "G10930",
        "morph": "Gr,N,,,,,GFS,",
        "tw": "rc://*/tw/dict/bible/other/earth"
      },
      {
        "type": "text",
        "text": ","
      },
      {
        "text": "καὶ",
        "tag": "w",
        "type": "word",
        "lemma": "καί",
        "strong": "G25320",
        "morph": "Gr,CC,,,,,,,,"
      },
      {
        "text": "ὑποκάτω",
        "tag": "w",
        "type": "word",
        "lemma": "ὑποκάτω",
        "strong": "G52700",
        "morph": "Gr,PI,,,,G,,,"
      },
      {
        "text": "τῆς",
        "tag": "w",
        "type": "word",
        "lemma": "ὁ",
        "strong": "G35880",
        "morph": "Gr,EA,,,,GFS,"
      },
      {
        "text": "γῆς",
        "tag": "w",
        "type": "word",
        "lemma": "γῆ",
        "strong": "G10930",
        "morph": "Gr,N,,,,,GFS,",
        "tw": "rc://*/tw/dict/bible/other/earth"
      },
      {
        "type": "text",
        "text": ","
      },
      {
        "text": "καὶ",
        "tag": "w",
        "type": "word",
        "lemma": "καί",
        "strong": "G25320",
        "morph": "Gr,CC,,,,,,,,"
      },
      {
        "text": "ἐπὶ",
        "tag": "w",
        "type": "word",
        "lemma": "ἐπί",
        "strong": "G19090",
        "morph": "Gr,P,,,,,G,,,"
      },
      {
        "text": "τῆς",
        "tag": "w",
        "type": "word",
        "lemma": "ὁ",
        "strong": "G35880",
        "morph": "Gr,EA,,,,GFS,"
      },
      {
        "text": "θαλάσσης",
        "tag": "w",
        "type": "word",
        "lemma": "θάλασσα",
        "strong": "G22810",
        "morph": "Gr,N,,,,,GFS,"
      },
      {
        "type": "text",
        "text": ","
      },
      {
        "text": "καὶ",
        "tag": "w",
        "type": "word",
        "lemma": "καί",
        "strong": "G25320",
        "morph": "Gr,CC,,,,,,,,"
      },
      {
        "text": "τὰ",
        "tag": "w",
        "type": "word",
        "lemma": "ὁ",
        "strong": "G35880",
        "morph": "Gr,RD,,,,ANP,"
      },
      {
        "text": "ἐν",
        "tag": "w",
        "type": "word",
        "lemma": "ἐν",
        "strong": "G17220",
        "morph": "Gr,P,,,,,D,,,"
      },
      {
        "text": "αὐτοῖς",
        "tag": "w",
        "type": "word",
        "lemma": "αὐτός",
        "strong": "G08460",
        "morph": "Gr,RP,,,3DMP,"
      },
      {
        "text": "πάντα",
        "tag": "w",
        "type": "word",
        "lemma": "πᾶς",
        "strong": "G39560",
        "morph": "Gr,RI,,,,ANP,"
      },
      {
        "type": "text",
        "text": ","
      },
      {
        "text": "ἤκουσα",
        "tag": "w",
        "type": "word",
        "lemma": "ἀκούω",
        "strong": "G01910",
        "morph": "Gr,V,IAA1,,S,"
      },
      {
        "text": "λέγοντας",
        "tag": "w",
        "type": "word",
        "lemma": "λέγω",
        "strong": "G30040",
        "morph": "Gr,V,PPA,AMP,"
      },
      {
        "type": "text",
        "text": ",\n“"
      },
      {
        "text": "τῷ",
        "tag": "w",
        "type": "word",
        "lemma": "ὁ",
        "strong": "G35880",
        "morph": "Gr,RD,,,,DMS,"
      },
      {
        "text": "καθημένῳ",
        "tag": "w",
        "type": "word",
        "lemma": "κάθημαι",
        "strong": "G25210",
        "morph": "Gr,V,PPM,DMS,"
      },
      {
        "text": "ἐπὶ",
        "tag": "w",
        "type": "word",
        "lemma": "ἐπί",
        "strong": "G19090",
        "morph": "Gr,P,,,,,D,,,"
      },
      {
        "text": "τῷ",
        "tag": "w",
        "type": "word",
        "lemma": "ὁ",
        "strong": "G35880",
        "morph": "Gr,EA,,,,DMS,"
      },
      {
        "text": "θρόνῳ",
        "tag": "w",
        "type": "word",
        "lemma": "θρόνος",
        "strong": "G23620",
        "morph": "Gr,N,,,,,DMS,",
        "tw": "rc://*/tw/dict/bible/other/throne"
      },
      {
        "text": "καὶ",
        "tag": "w",
        "type": "word",
        "lemma": "καί",
        "strong": "G25320",
        "morph": "Gr,CC,,,,,,,,"
      },
      {
        "text": "τῷ",
        "tag": "w",
        "type": "word",
        "lemma": "ὁ",
        "strong": "G35880",
        "morph": "Gr,EA,,,,DNS,"
      },
      {
        "text": "Ἀρνίῳ",
        "tag": "w",
        "type": "word",
        "lemma": "ἀρνίον",
        "strong": "G07210",
        "morph": "Gr,N,,,,,DNSD",
        "tw": "rc://*/tw/dict/bible/kt/lamb"
      },
      {
        "text": "ἡ",
        "tag": "w",
        "type": "word",
        "lemma": "ὁ",
        "strong": "G35880",
        "morph": "Gr,EA,,,,NFS,"
      },
      {
        "text": "εὐλογία",
        "tag": "w",
        "type": "word",
        "lemma": "εὐλογία",
        "strong": "G21290",
        "morph": "Gr,N,,,,,NFS,",
        "tw": "rc://*/tw/dict/bible/kt/bless"
      },
      {
        "type": "text",
        "text": ","
      },
      {
        "text": "καὶ",
        "tag": "w",
        "type": "word",
        "lemma": "καί",
        "strong": "G25320",
        "morph": "Gr,CC,,,,,,,,"
      },
      {
        "text": "ἡ",
        "tag": "w",
        "type": "word",
        "lemma": "ὁ",
        "strong": "G35880",
        "morph": "Gr,EA,,,,NFS,"
      },
      {
        "text": "τιμὴ",
        "tag": "w",
        "type": "word",
        "lemma": "τιμή",
        "strong": "G50920",
        "morph": "Gr,N,,,,,NFS,",
        "tw": "rc://*/tw/dict/bible/kt/honor"
      },
      {
        "type": "text",
        "text": ","
      },
      {
        "text": "καὶ",
        "tag": "w",
        "type": "word",
        "lemma": "καί",
        "strong": "G25320",
        "morph": "Gr,CC,,,,,,,,"
      },
      {
        "text": "ἡ",
        "tag": "w",
        "type": "word",
        "lemma": "ὁ",
        "strong": "G35880",
        "morph": "Gr,EA,,,,NFS,"
      },
      {
        "text": "δόξα",
        "tag": "w",
        "type": "word",
        "lemma": "δόξα",
        "strong": "G13910",
        "morph": "Gr,N,,,,,NFS,",
        "tw": "rc://*/tw/dict/bible/kt/glory"
      },
      {
        "type": "text",
        "text": ","
      },
      {
        "text": "καὶ",
        "tag": "w",
        "type": "word",
        "lemma": "καί",
        "strong": "G25320",
        "morph": "Gr,CC,,,,,,,,"
      },
      {
        "text": "τὸ",
        "tag": "w",
        "type": "word",
        "lemma": "ὁ",
        "strong": "G35880",
        "morph": "Gr,EA,,,,NNS,"
      },
      {
        "text": "κράτος",
        "tag": "w",
        "type": "word",
        "lemma": "κράτος",
        "strong": "G29040",
        "morph": "Gr,N,,,,,NNS,",
        "tw": "rc://*/tw/dict/bible/other/mighty"
      },
      {
        "type": "text",
        "text": ","
      },
      {
        "text": "εἰς",
        "tag": "w",
        "type": "word",
        "lemma": "εἰς",
        "strong": "G15190",
        "morph": "Gr,P,,,,,A,,,"
      },
      {
        "text": "τοὺς",
        "tag": "w",
        "type": "word",
        "lemma": "ὁ",
        "strong": "G35880",
        "morph": "Gr,EA,,,,AMP,"
      },
      {
        "text": "αἰῶνας",
        "tag": "w",
        "type": "word",
        "lemma": "αἰών",
        "strong": "G01650",
        "morph": "Gr,N,,,,,AMP,",
        "tw": "rc://*/tw/dict/bible/other/age"
      },
      {
        "text": "τῶν",
        "tag": "w",
        "type": "word",
        "lemma": "ὁ",
        "strong": "G35880",
        "morph": "Gr,EA,,,,GMP,"
      },
      {
        "text": "αἰώνων",
        "tag": "w",
        "type": "word",
        "lemma": "αἰών",
        "strong": "G01650",
        "morph": "Gr,N,,,,,GMP,",
        "tw": "rc://*/tw/dict/bible/other/age"
      },
      {
        "type": "text",
        "text": ".”\n\n"
      }
    ]
  },
  "14": {
    "verseObjects": [
      {
        "text": "καὶ",
        "tag": "w",
        "type": "word",
        "lemma": "καί",
        "strong": "G25320",
        "morph": "Gr,CC,,,,,,,,"
      },
      {
        "text": "τὰ",
        "tag": "w",
        "type": "word",
        "lemma": "ὁ",
        "strong": "G35880",
        "morph": "Gr,EA,,,,NNP,"
      },
      {
        "text": "τέσσαρα",
        "tag": "w",
        "type": "word",
        "lemma": "τέσσαρες",
        "strong": "G50640",
        "morph": "Gr,EN,,,,NNP,"
      },
      {
        "text": "ζῷα",
        "tag": "w",
        "type": "word",
        "lemma": "ζῷον",
        "strong": "G22260",
        "morph": "Gr,N,,,,,NNP,",
        "tw": "rc://*/tw/dict/bible/other/creature"
      },
      {
        "text": "ἔλεγον",
        "tag": "w",
        "type": "word",
        "lemma": "λέγω",
        "strong": "G30040",
        "morph": "Gr,V,IIA3,,P,"
      },
      {
        "type": "text",
        "text": ",\n“"
      },
      {
        "text": "ἀμήν",
        "tag": "w",
        "type": "word",
        "lemma": "ἀμήν",
        "strong": "G02810",
        "morph": "Gr,IE,,,,,,,,",
        "tw": "rc://*/tw/dict/bible/kt/amen"
      },
      {
        "type": "text",
        "text": "!”"
      },
      {
        "text": "καὶ",
        "tag": "w",
        "type": "word",
        "lemma": "καί",
        "strong": "G25320",
        "morph": "Gr,CC,,,,,,,,"
      },
      {
        "text": "οἱ",
        "tag": "w",
        "type": "word",
        "lemma": "ὁ",
        "strong": "G35880",
        "morph": "Gr,EA,,,,NMP,"
      },
      {
        "text": "πρεσβύτεροι",
        "tag": "w",
        "type": "word",
        "lemma": "πρεσβύτερος",
        "strong": "G42450",
        "morph": "Gr,NS,,,,NMPC",
        "tw": "rc://*/tw/dict/bible/other/elder"
      },
      {
        "text": "ἔπεσαν",
        "tag": "w",
        "type": "word",
        "lemma": "πίπτω",
        "strong": "G40980",
        "morph": "Gr,V,IAA3,,P,",
        "tw": "rc://*/tw/dict/bible/other/bow"
      },
      {
        "text": "καὶ",
        "tag": "w",
        "type": "word",
        "lemma": "καί",
        "strong": "G25320",
        "morph": "Gr,CC,,,,,,,,"
      },
      {
        "text": "προσεκύνησαν",
        "tag": "w",
        "type": "word",
        "lemma": "προσκυνέω",
        "strong": "G43520",
        "morph": "Gr,V,IAA3,,P,",
        "tw": "rc://*/tw/dict/bible/kt/worship"
      },
      {
        "type": "text",
        "text": ".\n\n"
      }
    ]
  },
  "front": {
    "verseObjects": [
      {
        "tag": "p",
        "type": "paragraph",
        "text": "\n"
      },
      {
        "type": "text",
        "text": "\n"
      }
    ]
  }
}