{
  "1": {
    "verseObjects": [
      {
        "text": "ὅλως",
        "tag": "w",
        "type": "word",
        "lemma": "ὅλως",
        "strong": "G36540",
        "morph": "Gr,D,,,,,,,,,"
      },
      {
        "text": "ἀκούεται",
        "tag": "w",
        "type": "word",
        "lemma": "ἀκούω",
        "strong": "G01910",
        "morph": "Gr,V,IPP3,,S,",
        "tw": "rc://*/tw/dict/bible/other/report"
      },
      {
        "text": "ἐν",
        "tag": "w",
        "type": "word",
        "lemma": "ἐν",
        "strong": "G17220",
        "morph": "Gr,P,,,,,D,,,"
      },
      {
        "text": "ὑμῖν",
        "tag": "w",
        "type": "word",
        "lemma": "σύ",
        "strong": "G47710",
        "morph": "Gr,RP,,,2D,P,"
      },
      {
        "text": "πορνεία",
        "tag": "w",
        "type": "word",
        "lemma": "πορνεία",
        "strong": "G42020",
        "morph": "Gr,N,,,,,NFS,",
        "tw": "rc://*/tw/dict/bible/other/fornication"
      },
      {
        "type": "text",
        "text": ","
      },
      {
        "text": "καὶ",
        "tag": "w",
        "type": "word",
        "lemma": "καί",
        "strong": "G25320",
        "morph": "Gr,CC,,,,,,,,"
      },
      {
        "text": "τοιαύτη",
        "tag": "w",
        "type": "word",
        "lemma": "τοιοῦτος",
        "strong": "G51080",
        "morph": "Gr,ED,,,,NFS,"
      },
      {
        "text": "πορνεία",
        "tag": "w",
        "type": "word",
        "lemma": "πορνεία",
        "strong": "G42020",
        "morph": "Gr,N,,,,,NFS,",
        "tw": "rc://*/tw/dict/bible/other/fornication"
      },
      {
        "text": "ἥτις",
        "tag": "w",
        "type": "word",
        "lemma": "ὅστις",
        "strong": "G37480",
        "morph": "Gr,RR,,,,NFS,"
      },
      {
        "text": "οὐδὲ",
        "tag": "w",
        "type": "word",
        "lemma": "οὐδέ",
        "strong": "G37610",
        "morph": "Gr,D,,,,,,,,,"
      },
      {
        "text": "ἐν",
        "tag": "w",
        "type": "word",
        "lemma": "ἐν",
        "strong": "G17220",
        "morph": "Gr,P,,,,,D,,,"
      },
      {
        "text": "τοῖς",
        "tag": "w",
        "type": "word",
        "lemma": "ὁ",
        "strong": "G35880",
        "morph": "Gr,EA,,,,DNP,"
      },
      {
        "text": "ἔθνεσιν",
        "tag": "w",
        "type": "word",
        "lemma": "ἔθνος",
        "strong": "G14840",
        "morph": "Gr,N,,,,,DNP,",
        "tw": "rc://*/tw/dict/bible/other/pagan"
      },
      {
        "type": "text",
        "text": ","
      },
      {
        "text": "ὥστε",
        "tag": "w",
        "type": "word",
        "lemma": "ὥστε",
        "strong": "G56200",
        "morph": "Gr,CS,,,,,,,,"
      },
      {
        "text": "γυναῖκά",
        "tag": "w",
        "type": "word",
        "lemma": "γυνή",
        "strong": "G11350",
        "morph": "Gr,N,,,,,AFS,"
      },
      {
        "text": "τινα",
        "tag": "w",
        "type": "word",
        "lemma": "τις",
        "strong": "G51000",
        "morph": "Gr,RI,,,,AMS,"
      },
      {
        "text": "τοῦ",
        "tag": "w",
        "type": "word",
        "lemma": "ὁ",
        "strong": "G35880",
        "morph": "Gr,EP,,,,GMS,"
      },
      {
        "text": "πατρὸς",
        "tag": "w",
        "type": "word",
        "lemma": "πατήρ",
        "strong": "G39620",
        "morph": "Gr,N,,,,,GMS,",
        "tw": "rc://*/tw/dict/bible/other/father"
      },
      {
        "text": "ἔχειν",
        "tag": "w",
        "type": "word",
        "lemma": "ἔχω",
        "strong": "G21920",
        "morph": "Gr,V,NPA,,,,,"
      },
      {
        "type": "text",
        "text": ".\n\n"
      }
    ]
  },
  "2": {
    "verseObjects": [
      {
        "text": "καὶ",
        "tag": "w",
        "type": "word",
        "lemma": "καί",
        "strong": "G25320",
        "morph": "Gr,CC,,,,,,,,"
      },
      {
        "text": "ὑμεῖς",
        "tag": "w",
        "type": "word",
        "lemma": "σύ",
        "strong": "G47710",
        "morph": "Gr,RP,,,2N,P,"
      },
      {
        "text": "πεφυσιωμένοι",
        "tag": "w",
        "type": "word",
        "lemma": "φυσιόω",
        "strong": "G54480",
        "morph": "Gr,V,PEP,NMP,",
        "tw": "rc://*/tw/dict/bible/other/puffed-up"
      },
      {
        "text": "ἐστέ",
        "tag": "w",
        "type": "word",
        "lemma": "εἰμί",
        "strong": "G15100",
        "morph": "Gr,V,IPA2,,P,"
      },
      {
        "type": "text",
        "text": ","
      },
      {
        "text": "καὶ",
        "tag": "w",
        "type": "word",
        "lemma": "καί",
        "strong": "G25320",
        "morph": "Gr,CC,,,,,,,,"
      },
      {
        "text": "οὐχὶ",
        "tag": "w",
        "type": "word",
        "lemma": "οὐχί",
        "strong": "G37800",
        "morph": "Gr,D,,,,,,,,,"
      },
      {
        "text": "μᾶλλον",
        "tag": "w",
        "type": "word",
        "lemma": "μᾶλλον",
        "strong": "G31230",
        "morph": "Gr,D,,,,,,,,,"
      },
      {
        "text": "ἐπενθήσατε",
        "tag": "w",
        "type": "word",
        "lemma": "πενθέω",
        "strong": "G39960",
        "morph": "Gr,V,IAA2,,P,",
        "tw": "rc://*/tw/dict/bible/other/mourn"
      },
      {
        "type": "text",
        "text": ","
      },
      {
        "text": "ἵνα",
        "tag": "w",
        "type": "word",
        "lemma": "ἵνα",
        "strong": "G24430",
        "morph": "Gr,CS,,,,,,,,"
      },
      {
        "text": "ἀρθῇ",
        "tag": "w",
        "type": "word",
        "lemma": "αἴρω",
        "strong": "G01420",
        "morph": "Gr,V,SAP3,,S,"
      },
      {
        "text": "ἐκ",
        "tag": "w",
        "type": "word",
        "lemma": "ἐκ",
        "strong": "G15370",
        "morph": "Gr,P,,,,,G,,,"
      },
      {
        "text": "μέσου",
        "tag": "w",
        "type": "word",
        "lemma": "μέσος",
        "strong": "G33190",
        "morph": "Gr,NS,,,,GNS,"
      },
      {
        "text": "ὑμῶν",
        "tag": "w",
        "type": "word",
        "lemma": "σύ",
        "strong": "G47710",
        "morph": "Gr,RP,,,2G,P,"
      },
      {
        "text": "ὁ",
        "tag": "w",
        "type": "word",
        "lemma": "ὁ",
        "strong": "G35880",
        "morph": "Gr,RD,,,,NMS,"
      },
      {
        "type": "text",
        "text": ","
      },
      {
        "text": "τὸ",
        "tag": "w",
        "type": "word",
        "lemma": "ὁ",
        "strong": "G35880",
        "morph": "Gr,EA,,,,ANS,"
      },
      {
        "text": "ἔργον",
        "tag": "w",
        "type": "word",
        "lemma": "ἔργον",
        "strong": "G20410",
        "morph": "Gr,N,,,,,ANS,",
        "tw": "rc://*/tw/dict/bible/kt/works"
      },
      {
        "text": "τοῦτο",
        "tag": "w",
        "type": "word",
        "lemma": "οὗτος",
        "strong": "G37780",
        "morph": "Gr,ED,,,,ANS,"
      },
      {
        "text": "ποιήσας",
        "tag": "w",
        "type": "word",
        "lemma": "ποιέω",
        "strong": "G41600",
        "morph": "Gr,V,PAA,NMS,"
      },
      {
        "type": "text",
        "text": ".\n\n"
      }
    ]
  },
  "3": {
    "verseObjects": [
      {
        "text": "ἐγὼ",
        "tag": "w",
        "type": "word",
        "lemma": "ἐγώ",
        "strong": "G14730",
        "morph": "Gr,RP,,,1N,S,"
      },
      {
        "text": "μὲν",
        "tag": "w",
        "type": "word",
        "lemma": "μέν",
        "strong": "G33030",
        "morph": "Gr,DO,,,,,,,,"
      },
      {
        "text": "γάρ",
        "tag": "w",
        "type": "word",
        "lemma": "γάρ",
        "strong": "G10630",
        "morph": "Gr,CC,,,,,,,,"
      },
      {
        "text": "ἀπὼν",
        "tag": "w",
        "type": "word",
        "lemma": "ἄπειμι",
        "strong": "G05480",
        "morph": "Gr,V,PPA,NMS,"
      },
      {
        "text": "τῷ",
        "tag": "w",
        "type": "word",
        "lemma": "ὁ",
        "strong": "G35880",
        "morph": "Gr,EA,,,,DNS,"
      },
      {
        "text": "σώματι",
        "tag": "w",
        "type": "word",
        "lemma": "σῶμα",
        "strong": "G49830",
        "morph": "Gr,N,,,,,DNS,",
        "tw": "rc://*/tw/dict/bible/kt/body"
      },
      {
        "type": "text",
        "text": ","
      },
      {
        "text": "παρὼν",
        "tag": "w",
        "type": "word",
        "lemma": "πάρειμι",
        "strong": "G39180",
        "morph": "Gr,V,PPA,NMS,"
      },
      {
        "text": "δὲ",
        "tag": "w",
        "type": "word",
        "lemma": "δέ",
        "strong": "G11610",
        "morph": "Gr,CO,,,,,,,,"
      },
      {
        "text": "τῷ",
        "tag": "w",
        "type": "word",
        "lemma": "ὁ",
        "strong": "G35880",
        "morph": "Gr,EA,,,,DNS,"
      },
      {
        "text": "πνεύματι",
        "tag": "w",
        "type": "word",
        "lemma": "πνεῦμα",
        "strong": "G41510",
        "morph": "Gr,N,,,,,DNS,",
        "tw": "rc://*/tw/dict/bible/kt/spirit"
      },
      {
        "type": "text",
        "text": ","
      },
      {
        "text": "ἤδη",
        "tag": "w",
        "type": "word",
        "lemma": "ἤδη",
        "strong": "G22350",
        "morph": "Gr,D,,,,,,,,,"
      },
      {
        "text": "κέκρικα",
        "tag": "w",
        "type": "word",
        "lemma": "κρίνω",
        "strong": "G29190",
        "morph": "Gr,V,IEA1,,S,",
        "tw": "rc://*/tw/dict/bible/kt/judge"
      },
      {
        "text": "ὡς",
        "tag": "w",
        "type": "word",
        "lemma": "ὡς",
        "strong": "G56130",
        "morph": "Gr,CS,,,,,,,,",
        "tw": "rc://*/tw/dict/bible/other/like"
      },
      {
        "text": "παρὼν",
        "tag": "w",
        "type": "word",
        "lemma": "πάρειμι",
        "strong": "G39180",
        "morph": "Gr,V,PPA,NMS,"
      },
      {
        "type": "text",
        "text": ","
      },
      {
        "text": "τὸν",
        "tag": "w",
        "type": "word",
        "lemma": "ὁ",
        "strong": "G35880",
        "morph": "Gr,RD,,,,AMS,"
      },
      {
        "text": "οὕτως",
        "tag": "w",
        "type": "word",
        "lemma": "οὕτως",
        "strong": "G37790",
        "morph": "Gr,D,,,,,,,,,"
      },
      {
        "text": "τοῦτο",
        "tag": "w",
        "type": "word",
        "lemma": "οὗτος",
        "strong": "G37780",
        "morph": "Gr,RD,,,,ANS,"
      },
      {
        "text": "κατεργασάμενον",
        "tag": "w",
        "type": "word",
        "lemma": "κατεργάζομαι",
        "strong": "G27160",
        "morph": "Gr,V,PAM,AMS,",
        "tw": "rc://*/tw/dict/bible/other/commit"
      },
      {
        "type": "text",
        "text": ".\n\n"
      }
    ]
  },
  "4": {
    "verseObjects": [
      {
        "text": "ἐν",
        "tag": "w",
        "type": "word",
        "lemma": "ἐν",
        "strong": "G17220",
        "morph": "Gr,P,,,,,D,,,"
      },
      {
        "text": "τῷ",
        "tag": "w",
        "type": "word",
        "lemma": "ὁ",
        "strong": "G35880",
        "morph": "Gr,EA,,,,DNS,"
      },
      {
        "text": "ὀνόματι",
        "tag": "w",
        "type": "word",
        "lemma": "ὄνομα",
        "strong": "G36860",
        "morph": "Gr,N,,,,,DNS,",
        "tw": "rc://*/tw/dict/bible/kt/name"
      },
      {
        "text": "τοῦ",
        "tag": "w",
        "type": "word",
        "lemma": "ὁ",
        "strong": "G35880",
        "morph": "Gr,EA,,,,GMS,"
      },
      {
        "text": "Κυρίου",
        "tag": "w",
        "type": "word",
        "lemma": "κύριος",
        "strong": "G29620",
        "morph": "Gr,N,,,,,GMS,",
        "tw": "rc://*/tw/dict/bible/kt/lord"
      },
      {
        "text": "ἡμῶν",
        "tag": "w",
        "type": "word",
        "lemma": "ἐγώ",
        "strong": "G14730",
        "morph": "Gr,RP,,,1G,P,"
      },
      {
        "type": "text",
        "text": ","
      },
      {
        "tag": "k",
        "type": "milestone",
        "tw": "rc://*/tw/dict/bible/kt/jesus",
        "children": [
          {
            "text": "Ἰησοῦ",
            "tag": "w",
            "type": "word",
            "lemma": "Ἰησοῦς",
            "strong": "G24240",
            "morph": "Gr,N,,,,,GMS,"
          },
          {
            "text": "Χριστοῦ",
            "tag": "w",
            "type": "word",
            "lemma": "χριστός",
            "strong": "G55470",
            "morph": "Gr,N,,,,,GMS,",
            "tw": "rc://*/tw/dict/bible/kt/christ"
          }
        ],
        "endTag": "k-e\\*"
      },
      {
        "type": "text",
        "text": ","
      },
      {
        "text": "συναχθέντων",
        "tag": "w",
        "type": "word",
        "lemma": "συνάγω",
        "strong": "G48630",
        "morph": "Gr,V,PAP,GMP,",
        "tw": "rc://*/tw/dict/bible/other/assembly"
      },
      {
        "text": "ὑμῶν",
        "tag": "w",
        "type": "word",
        "lemma": "σύ",
        "strong": "G47710",
        "morph": "Gr,RP,,,2G,P,"
      },
      {
        "text": "καὶ",
        "tag": "w",
        "type": "word",
        "lemma": "καί",
        "strong": "G25320",
        "morph": "Gr,CC,,,,,,,,"
      },
      {
        "text": "τοῦ",
        "tag": "w",
        "type": "word",
        "lemma": "ὁ",
        "strong": "G35880",
        "morph": "Gr,RD,,,,GNS,"
      },
      {
        "text": "ἐμοῦ",
        "tag": "w",
        "type": "word",
        "lemma": "ἐμός",
        "strong": "G16990",
        "morph": "Gr,RP,,,1GMS,"
      },
      {
        "text": "πνεύματος",
        "tag": "w",
        "type": "word",
        "lemma": "πνεῦμα",
        "strong": "G41510",
        "morph": "Gr,N,,,,,GNS,",
        "tw": "rc://*/tw/dict/bible/kt/spirit"
      },
      {
        "type": "text",
        "text": ","
      },
      {
        "text": "σὺν",
        "tag": "w",
        "type": "word",
        "lemma": "σύν",
        "strong": "G48620",
        "morph": "Gr,P,,,,,D,,,"
      },
      {
        "text": "τῇ",
        "tag": "w",
        "type": "word",
        "lemma": "ὁ",
        "strong": "G35880",
        "morph": "Gr,EA,,,,DFS,"
      },
      {
        "text": "δυνάμει",
        "tag": "w",
        "type": "word",
        "lemma": "δύναμις",
        "strong": "G14110",
        "morph": "Gr,N,,,,,DFS,",
        "tw": "rc://*/tw/dict/bible/kt/power"
      },
      {
        "text": "τοῦ",
        "tag": "w",
        "type": "word",
        "lemma": "ὁ",
        "strong": "G35880",
        "morph": "Gr,EA,,,,GMS,"
      },
      {
        "text": "Κυρίου",
        "tag": "w",
        "type": "word",
        "lemma": "κύριος",
        "strong": "G29620",
        "morph": "Gr,N,,,,,GMS,",
        "tw": "rc://*/tw/dict/bible/kt/lord"
      },
      {
        "text": "ἡμῶν",
        "tag": "w",
        "type": "word",
        "lemma": "ἐγώ",
        "strong": "G14730",
        "morph": "Gr,RP,,,1G,P,"
      },
      {
        "text": "Ἰησοῦ",
        "tag": "w",
        "type": "word",
        "lemma": "Ἰησοῦς",
        "strong": "G24240",
        "morph": "Gr,N,,,,,GMS,",
        "tw": "rc://*/tw/dict/bible/kt/jesus"
      },
      {
        "type": "text",
        "text": ",\n\n"
      }
    ]
  },
  "5": {
    "verseObjects": [
      {
        "text": "παραδοῦναι",
        "tag": "w",
        "type": "word",
        "lemma": "παραδίδωμι",
        "strong": "G38600",
        "morph": "Gr,V,NAA,,,,,",
        "tw": "rc://*/tw/dict/bible/other/commit"
      },
      {
        "text": "τὸν",
        "tag": "w",
        "type": "word",
        "lemma": "ὁ",
        "strong": "G35880",
        "morph": "Gr,EA,,,,AMS,"
      },
      {
        "text": "τοιοῦτον",
        "tag": "w",
        "type": "word",
        "lemma": "τοιοῦτος",
        "strong": "G51080",
        "morph": "Gr,RD,,,,AMS,"
      },
      {
        "text": "τῷ",
        "tag": "w",
        "type": "word",
        "lemma": "ὁ",
        "strong": "G35880",
        "morph": "Gr,EA,,,,DMS,"
      },
      {
        "text": "Σατανᾷ",
        "tag": "w",
        "type": "word",
        "lemma": "Σατανᾶς",
        "strong": "G45660",
        "morph": "Gr,N,,,,,DMS,",
        "tw": "rc://*/tw/dict/bible/kt/satan"
      },
      {
        "text": "εἰς",
        "tag": "w",
        "type": "word",
        "lemma": "εἰς",
        "strong": "G15190",
        "morph": "Gr,P,,,,,A,,,"
      },
      {
        "text": "ὄλεθρον",
        "tag": "w",
        "type": "word",
        "lemma": "ὄλεθρος",
        "strong": "G36390",
        "morph": "Gr,N,,,,,AMS,"
      },
      {
        "text": "τῆς",
        "tag": "w",
        "type": "word",
        "lemma": "ὁ",
        "strong": "G35880",
        "morph": "Gr,EP,,,,GFS,"
      },
      {
        "text": "σαρκός",
        "tag": "w",
        "type": "word",
        "lemma": "σάρξ",
        "strong": "G45610",
        "morph": "Gr,N,,,,,GFS,",
        "tw": "rc://*/tw/dict/bible/kt/flesh"
      },
      {
        "type": "text",
        "text": ","
      },
      {
        "text": "ἵνα",
        "tag": "w",
        "type": "word",
        "lemma": "ἵνα",
        "strong": "G24430",
        "morph": "Gr,CS,,,,,,,,"
      },
      {
        "text": "τὸ",
        "tag": "w",
        "type": "word",
        "lemma": "ὁ",
        "strong": "G35880",
        "morph": "Gr,EP,,,,NNS,"
      },
      {
        "text": "πνεῦμα",
        "tag": "w",
        "type": "word",
        "lemma": "πνεῦμα",
        "strong": "G41510",
        "morph": "Gr,N,,,,,NNS,",
        "tw": "rc://*/tw/dict/bible/kt/spirit"
      },
      {
        "text": "σωθῇ",
        "tag": "w",
        "type": "word",
        "lemma": "σῴζω",
        "strong": "G49820",
        "morph": "Gr,V,SAP3,,S,",
        "tw": "rc://*/tw/dict/bible/kt/save"
      },
      {
        "text": "ἐν",
        "tag": "w",
        "type": "word",
        "lemma": "ἐν",
        "strong": "G17220",
        "morph": "Gr,P,,,,,D,,,"
      },
      {
        "text": "τῇ",
        "tag": "w",
        "type": "word",
        "lemma": "ὁ",
        "strong": "G35880",
        "morph": "Gr,EA,,,,DFS,"
      },
      {
        "tag": "k",
        "type": "milestone",
        "tw": "rc://*/tw/dict/bible/kt/dayofthelord",
        "children": [
          {
            "text": "ἡμέρᾳ",
            "tag": "w",
            "type": "word",
            "lemma": "ἡμέρα",
            "strong": "G22500",
            "morph": "Gr,N,,,,,DFS,",
            "tw": "rc://*/tw/dict/bible/other/biblicaltimeday"
          },
          {
            "text": "τοῦ",
            "tag": "w",
            "type": "word",
            "lemma": "ὁ",
            "strong": "G35880",
            "morph": "Gr,EA,,,,GMS,"
          },
          {
            "text": "Κυρίου",
            "tag": "w",
            "type": "word",
            "lemma": "κύριος",
            "strong": "G29620",
            "morph": "Gr,N,,,,,GMS,",
            "tw": "rc://*/tw/dict/bible/kt/dayofthelord"
          }
        ],
        "endTag": "k-e\\*"
      },
      {
        "type": "text",
        "text": ".\n\n"
      }
    ]
  },
  "6": {
    "verseObjects": [
      {
        "type": "text",
        "text": "\n"
      },
      {
        "tag": "p",
        "type": "paragraph"
      },
      {
        "text": "οὐ",
        "tag": "w",
        "type": "word",
        "lemma": "οὐ",
        "strong": "G37560",
        "morph": "Gr,D,,,,,,,,,"
      },
      {
        "text": "καλὸν",
        "tag": "w",
        "type": "word",
        "lemma": "καλός",
        "strong": "G25700",
        "morph": "Gr,NP,,,,NNS,",
        "tw": "rc://*/tw/dict/bible/kt/good"
      },
      {
        "text": "τὸ",
        "tag": "w",
        "type": "word",
        "lemma": "ὁ",
        "strong": "G35880",
        "morph": "Gr,EA,,,,NNS,"
      },
      {
        "text": "καύχημα",
        "tag": "w",
        "type": "word",
        "lemma": "καύχημα",
        "strong": "G27450",
        "morph": "Gr,N,,,,,NNS,",
        "tw": "rc://*/tw/dict/bible/kt/boast"
      },
      {
        "text": "ὑμῶν",
        "tag": "w",
        "type": "word",
        "lemma": "σύ",
        "strong": "G47710",
        "morph": "Gr,RP,,,2G,P,"
      },
      {
        "type": "text",
        "text": "."
      },
      {
        "text": "οὐκ",
        "tag": "w",
        "type": "word",
        "lemma": "οὐ",
        "strong": "G37560",
        "morph": "Gr,D,,,,,,,,,"
      },
      {
        "text": "οἴδατε",
        "tag": "w",
        "type": "word",
        "lemma": "οἶδα",
        "strong": "G14920",
        "morph": "Gr,V,IEA2,,P,",
        "tw": "rc://*/tw/dict/bible/other/know"
      },
      {
        "text": "ὅτι",
        "tag": "w",
        "type": "word",
        "lemma": "ὅτι",
        "strong": "G37540",
        "morph": "Gr,CS,,,,,,,,"
      },
      {
        "text": "μικρὰ",
        "tag": "w",
        "type": "word",
        "lemma": "μικρός",
        "strong": "G33980",
        "morph": "Gr,AA,,,,NFS,"
      },
      {
        "text": "ζύμη",
        "tag": "w",
        "type": "word",
        "lemma": "ζύμη",
        "strong": "G22190",
        "morph": "Gr,N,,,,,NFS,",
        "tw": "rc://*/tw/dict/bible/other/yeast"
      },
      {
        "type": "text",
        "text": ","
      },
      {
        "text": "ὅλον",
        "tag": "w",
        "type": "word",
        "lemma": "ὅλος",
        "strong": "G36500",
        "morph": "Gr,EQ,,,,ANS,"
      },
      {
        "text": "τὸ",
        "tag": "w",
        "type": "word",
        "lemma": "ὁ",
        "strong": "G35880",
        "morph": "Gr,EA,,,,ANS,"
      },
      {
        "text": "φύραμα",
        "tag": "w",
        "type": "word",
        "lemma": "φύραμα",
        "strong": "G54450",
        "morph": "Gr,N,,,,,ANS,"
      },
      {
        "text": "ζυμοῖ",
        "tag": "w",
        "type": "word",
        "lemma": "ζυμόω",
        "strong": "G22200",
        "morph": "Gr,V,IPA3,,S,",
        "tw": "rc://*/tw/dict/bible/other/yeast"
      },
      {
        "type": "text",
        "text": "?\n\n"
      }
    ]
  },
  "7": {
    "verseObjects": [
      {
        "text": "ἐκκαθάρατε",
        "tag": "w",
        "type": "word",
        "lemma": "ἐκκαθαίρω",
        "strong": "G15710",
        "morph": "Gr,V,MAA2,,P,",
        "tw": "rc://*/tw/dict/bible/kt/clean"
      },
      {
        "text": "τὴν",
        "tag": "w",
        "type": "word",
        "lemma": "ὁ",
        "strong": "G35880",
        "morph": "Gr,EA,,,,AFS,"
      },
      {
        "text": "παλαιὰν",
        "tag": "w",
        "type": "word",
        "lemma": "παλαιός",
        "strong": "G38200",
        "morph": "Gr,AA,,,,AFS,"
      },
      {
        "text": "ζύμην",
        "tag": "w",
        "type": "word",
        "lemma": "ζύμη",
        "strong": "G22190",
        "morph": "Gr,N,,,,,AFS,",
        "tw": "rc://*/tw/dict/bible/other/yeast"
      },
      {
        "type": "text",
        "text": ","
      },
      {
        "text": "ἵνα",
        "tag": "w",
        "type": "word",
        "lemma": "ἵνα",
        "strong": "G24430",
        "morph": "Gr,CS,,,,,,,,"
      },
      {
        "text": "ἦτε",
        "tag": "w",
        "type": "word",
        "lemma": "εἰμί",
        "strong": "G15100",
        "morph": "Gr,V,SPA2,,P,"
      },
      {
        "text": "νέον",
        "tag": "w",
        "type": "word",
        "lemma": "νέος",
        "strong": "G35010",
        "morph": "Gr,AA,,,,NNS,"
      },
      {
        "text": "φύραμα",
        "tag": "w",
        "type": "word",
        "lemma": "φύραμα",
        "strong": "G54450",
        "morph": "Gr,N,,,,,NNS,"
      },
      {
        "type": "text",
        "text": ","
      },
      {
        "text": "καθώς",
        "tag": "w",
        "type": "word",
        "lemma": "καθώς",
        "strong": "G25310",
        "morph": "Gr,D,,,,,,,,,",
        "tw": "rc://*/tw/dict/bible/other/like"
      },
      {
        "text": "ἐστε",
        "tag": "w",
        "type": "word",
        "lemma": "εἰμί",
        "strong": "G15100",
        "morph": "Gr,V,IPA2,,P,"
      },
      {
        "text": "ἄζυμοι",
        "tag": "w",
        "type": "word",
        "lemma": "ἄζυμος",
        "strong": "G01060",
        "morph": "Gr,NP,,,,NMP,",
        "tw": "rc://*/tw/dict/bible/other/yeast"
      },
      {
        "type": "text",
        "text": "."
      },
      {
        "text": "καὶ",
        "tag": "w",
        "type": "word",
        "lemma": "καί",
        "strong": "G25320",
        "morph": "Gr,D,,,,,,,,,"
      },
      {
        "text": "γὰρ",
        "tag": "w",
        "type": "word",
        "lemma": "γάρ",
        "strong": "G10630",
        "morph": "Gr,CC,,,,,,,,"
      },
      {
        "text": "τὸ",
        "tag": "w",
        "type": "word",
        "lemma": "ὁ",
        "strong": "G35880",
        "morph": "Gr,EA,,,,NNS,"
      },
      {
        "text": "Πάσχα",
        "tag": "w",
        "type": "word",
        "lemma": "Πάσχα",
        "strong": "G39570",
        "morph": "Gr,N,,,,,NNSI",
        "tw": "rc://*/tw/dict/bible/kt/passover"
      },
      {
        "text": "ἡμῶν",
        "tag": "w",
        "type": "word",
        "lemma": "ἐγώ",
        "strong": "G14730",
        "morph": "Gr,RP,,,1G,P,"
      },
      {
        "text": "ἐτύθη",
        "tag": "w",
        "type": "word",
        "lemma": "θύω",
        "strong": "G23800",
        "morph": "Gr,V,IAP3,,S,",
        "tw": "rc://*/tw/dict/bible/other/sacrifice"
      },
      {
        "type": "text",
        "text": ","
      },
      {
        "text": "Χριστός",
        "tag": "w",
        "type": "word",
        "lemma": "χριστός",
        "strong": "G55470",
        "morph": "Gr,N,,,,,NMS,",
        "tw": "rc://*/tw/dict/bible/kt/christ"
      },
      {
        "type": "text",
        "text": ".\n\n"
      }
    ]
  },
  "8": {
    "verseObjects": [
      {
        "text": "ὥστε",
        "tag": "w",
        "type": "word",
        "lemma": "ὥστε",
        "strong": "G56200",
        "morph": "Gr,CS,,,,,,,,"
      },
      {
        "text": "ἑορτάζωμεν",
        "tag": "w",
        "type": "word",
        "lemma": "ἑορτάζω",
        "strong": "G18580",
        "morph": "Gr,V,SPA1,,P,",
        "tw": "rc://*/tw/dict/bible/other/festival"
      },
      {
        "type": "text",
        "text": ","
      },
      {
        "text": "μὴ",
        "tag": "w",
        "type": "word",
        "lemma": "μή",
        "strong": "G33610",
        "morph": "Gr,DO,,,,,,,,"
      },
      {
        "text": "ἐν",
        "tag": "w",
        "type": "word",
        "lemma": "ἐν",
        "strong": "G17220",
        "morph": "Gr,P,,,,,D,,,"
      },
      {
        "text": "ζύμῃ",
        "tag": "w",
        "type": "word",
        "lemma": "ζύμη",
        "strong": "G22190",
        "morph": "Gr,N,,,,,DFS,",
        "tw": "rc://*/tw/dict/bible/other/yeast"
      },
      {
        "text": "παλαιᾷ",
        "tag": "w",
        "type": "word",
        "lemma": "παλαιός",
        "strong": "G38200",
        "morph": "Gr,AA,,,,DFS,"
      },
      {
        "type": "text",
        "text": ","
      },
      {
        "text": "μηδὲ",
        "tag": "w",
        "type": "word",
        "lemma": "μηδέ",
        "strong": "G33660",
        "morph": "Gr,CO,,,,,,,,"
      },
      {
        "text": "ἐν",
        "tag": "w",
        "type": "word",
        "lemma": "ἐν",
        "strong": "G17220",
        "morph": "Gr,P,,,,,D,,,"
      },
      {
        "text": "ζύμῃ",
        "tag": "w",
        "type": "word",
        "lemma": "ζύμη",
        "strong": "G22190",
        "morph": "Gr,N,,,,,DFS,",
        "tw": "rc://*/tw/dict/bible/other/yeast"
      },
      {
        "text": "κακίας",
        "tag": "w",
        "type": "word",
        "lemma": "κακία",
        "strong": "G25490",
        "morph": "Gr,N,,,,,GFS,",
        "tw": "rc://*/tw/dict/bible/kt/evil"
      },
      {
        "text": "καὶ",
        "tag": "w",
        "type": "word",
        "lemma": "καί",
        "strong": "G25320",
        "morph": "Gr,CC,,,,,,,,"
      },
      {
        "text": "πονηρίας",
        "tag": "w",
        "type": "word",
        "lemma": "πονηρία",
        "strong": "G41890",
        "morph": "Gr,N,,,,,GFS,",
        "tw": "rc://*/tw/dict/bible/kt/evil"
      },
      {
        "type": "text",
        "text": ","
      },
      {
        "text": "ἀλλ’",
        "tag": "w",
        "type": "word",
        "lemma": "ἀλλά",
        "strong": "G02350",
        "morph": "Gr,CO,,,,,,,,"
      },
      {
        "text": "ἐν",
        "tag": "w",
        "type": "word",
        "lemma": "ἐν",
        "strong": "G17220",
        "morph": "Gr,P,,,,,D,,,"
      },
      {
        "text": "ἀζύμοις",
        "tag": "w",
        "type": "word",
        "lemma": "ἄζυμος",
        "strong": "G01060",
        "morph": "Gr,NS,,,,DNP,",
        "tw": "rc://*/tw/dict/bible/other/yeast"
      },
      {
        "text": "εἰλικρινείας",
        "tag": "w",
        "type": "word",
        "lemma": "εἰλικρίνεια",
        "strong": "G15050",
        "morph": "Gr,N,,,,,GFS,"
      },
      {
        "text": "καὶ",
        "tag": "w",
        "type": "word",
        "lemma": "καί",
        "strong": "G25320",
        "morph": "Gr,CC,,,,,,,,"
      },
      {
        "text": "ἀληθείας",
        "tag": "w",
        "type": "word",
        "lemma": "ἀλήθεια",
        "strong": "G02250",
        "morph": "Gr,N,,,,,GFS,",
        "tw": "rc://*/tw/dict/bible/kt/true"
      },
      {
        "type": "text",
        "text": ".\n\n"
      }
    ]
  },
  "9": {
    "verseObjects": [
      {
        "type": "text",
        "text": "\n"
      },
      {
        "tag": "p",
        "type": "paragraph"
      },
      {
        "text": "ἔγραψα",
        "tag": "w",
        "type": "word",
        "lemma": "γράφω",
        "strong": "G11250",
        "morph": "Gr,V,IAA1,,S,"
      },
      {
        "text": "ὑμῖν",
        "tag": "w",
        "type": "word",
        "lemma": "σύ",
        "strong": "G47710",
        "morph": "Gr,RP,,,2D,P,"
      },
      {
        "text": "ἐν",
        "tag": "w",
        "type": "word",
        "lemma": "ἐν",
        "strong": "G17220",
        "morph": "Gr,P,,,,,D,,,"
      },
      {
        "text": "τῇ",
        "tag": "w",
        "type": "word",
        "lemma": "ὁ",
        "strong": "G35880",
        "morph": "Gr,EP,,,,DFS,"
      },
      {
        "text": "ἐπιστολῇ",
        "tag": "w",
        "type": "word",
        "lemma": "ἐπιστολή",
        "strong": "G19920",
        "morph": "Gr,N,,,,,DFS,",
        "tw": "rc://*/tw/dict/bible/other/letter"
      },
      {
        "type": "text",
        "text": ","
      },
      {
        "text": "μὴ",
        "tag": "w",
        "type": "word",
        "lemma": "μή",
        "strong": "G33610",
        "morph": "Gr,D,,,,,,,,,"
      },
      {
        "text": "συναναμίγνυσθαι",
        "tag": "w",
        "type": "word",
        "lemma": "συναναμίγνυμι",
        "strong": "G48740",
        "morph": "Gr,V,NPM,,,,,"
      },
      {
        "text": "πόρνοις",
        "tag": "w",
        "type": "word",
        "lemma": "πόρνος",
        "strong": "G42050",
        "morph": "Gr,N,,,,,DMP,",
        "tw": "rc://*/tw/dict/bible/other/fornication"
      },
      {
        "type": "text",
        "text": ";\n\n"
      }
    ]
  },
  "10": {
    "verseObjects": [
      {
        "text": "οὐ",
        "tag": "w",
        "type": "word",
        "lemma": "οὐ",
        "strong": "G37560",
        "morph": "Gr,D,,,,,,,,,"
      },
      {
        "text": "πάντως",
        "tag": "w",
        "type": "word",
        "lemma": "πάντως",
        "strong": "G38430",
        "morph": "Gr,D,,,,,,,,,"
      },
      {
        "text": "τοῖς",
        "tag": "w",
        "type": "word",
        "lemma": "ὁ",
        "strong": "G35880",
        "morph": "Gr,EA,,,,DMP,"
      },
      {
        "text": "πόρνοις",
        "tag": "w",
        "type": "word",
        "lemma": "πόρνος",
        "strong": "G42050",
        "morph": "Gr,N,,,,,DMP,",
        "tw": "rc://*/tw/dict/bible/other/fornication"
      },
      {
        "text": "τοῦ",
        "tag": "w",
        "type": "word",
        "lemma": "ὁ",
        "strong": "G35880",
        "morph": "Gr,EA,,,,GMS,"
      },
      {
        "text": "κόσμου",
        "tag": "w",
        "type": "word",
        "lemma": "κόσμος",
        "strong": "G28890",
        "morph": "Gr,N,,,,,GMS,",
        "tw": "rc://*/tw/dict/bible/kt/world"
      },
      {
        "text": "τούτου",
        "tag": "w",
        "type": "word",
        "lemma": "οὗτος",
        "strong": "G37780",
        "morph": "Gr,ED,,,,GMS,"
      },
      {
        "type": "text",
        "text": ","
      },
      {
        "text": "ἢ",
        "tag": "w",
        "type": "word",
        "lemma": "ἤ",
        "strong": "G22280",
        "morph": "Gr,CC,,,,,,,,"
      },
      {
        "text": "τοῖς",
        "tag": "w",
        "type": "word",
        "lemma": "ὁ",
        "strong": "G35880",
        "morph": "Gr,EA,,,,DMP,"
      },
      {
        "text": "πλεονέκταις",
        "tag": "w",
        "type": "word",
        "lemma": "πλεονέκτης",
        "strong": "G41230",
        "morph": "Gr,N,,,,,DMP,",
        "tw": "rc://*/tw/dict/bible/other/envy"
      },
      {
        "text": "καὶ",
        "tag": "w",
        "type": "word",
        "lemma": "καί",
        "strong": "G25320",
        "morph": "Gr,CC,,,,,,,,"
      },
      {
        "text": "ἅρπαξιν",
        "tag": "w",
        "type": "word",
        "lemma": "ἅρπαξ",
        "strong": "G07270",
        "morph": "Gr,NS,,,,DMP,"
      },
      {
        "type": "text",
        "text": ","
      },
      {
        "text": "ἢ",
        "tag": "w",
        "type": "word",
        "lemma": "ἤ",
        "strong": "G22280",
        "morph": "Gr,CC,,,,,,,,"
      },
      {
        "text": "εἰδωλολάτραις",
        "tag": "w",
        "type": "word",
        "lemma": "εἰδωλολάτρης",
        "strong": "G14960",
        "morph": "Gr,N,,,,,DMP,",
        "tw": "rc://*/tw/dict/bible/kt/falsegod"
      },
      {
        "type": "text",
        "text": ","
      },
      {
        "text": "ἐπεὶ",
        "tag": "w",
        "type": "word",
        "lemma": "ἐπεί",
        "strong": "G18930",
        "morph": "Gr,CS,,,,,,,,"
      },
      {
        "text": "ὠφείλετε",
        "tag": "w",
        "type": "word",
        "lemma": "ὀφείλω",
        "strong": "G37840",
        "morph": "Gr,V,IIA2,,P,"
      },
      {
        "text": "ἄρα",
        "tag": "w",
        "type": "word",
        "lemma": "ἄρα",
        "strong": "G06860",
        "morph": "Gr,D,,,,,,,,,"
      },
      {
        "text": "ἐκ",
        "tag": "w",
        "type": "word",
        "lemma": "ἐκ",
        "strong": "G15370",
        "morph": "Gr,P,,,,,G,,,"
      },
      {
        "text": "τοῦ",
        "tag": "w",
        "type": "word",
        "lemma": "ὁ",
        "strong": "G35880",
        "morph": "Gr,EA,,,,GMS,"
      },
      {
        "text": "κόσμου",
        "tag": "w",
        "type": "word",
        "lemma": "κόσμος",
        "strong": "G28890",
        "morph": "Gr,N,,,,,GMS,",
        "tw": "rc://*/tw/dict/bible/kt/world"
      },
      {
        "text": "ἐξελθεῖν",
        "tag": "w",
        "type": "word",
        "lemma": "ἐξέρχομαι",
        "strong": "G18310",
        "morph": "Gr,V,NAA,,,,,"
      },
      {
        "type": "text",
        "text": ".\n\n"
      }
    ]
  },
  "11": {
    "verseObjects": [
      {
        "text": "νῦν",
        "tag": "w",
        "type": "word",
        "lemma": "νῦν",
        "strong": "G35680",
        "morph": "Gr,D,,,,,,,,,"
      },
      {
        "text": "δὲ",
        "tag": "w",
        "type": "word",
        "lemma": "δέ",
        "strong": "G11610",
        "morph": "Gr,CC,,,,,,,,"
      },
      {
        "text": "ἔγραψα",
        "tag": "w",
        "type": "word",
        "lemma": "γράφω",
        "strong": "G11250",
        "morph": "Gr,V,IAA1,,S,"
      },
      {
        "text": "ὑμῖν",
        "tag": "w",
        "type": "word",
        "lemma": "σύ",
        "strong": "G47710",
        "morph": "Gr,RP,,,2D,P,"
      },
      {
        "text": "μὴ",
        "tag": "w",
        "type": "word",
        "lemma": "μή",
        "strong": "G33610",
        "morph": "Gr,D,,,,,,,,,"
      },
      {
        "text": "συναναμίγνυσθαι",
        "tag": "w",
        "type": "word",
        "lemma": "συναναμίγνυμι",
        "strong": "G48740",
        "morph": "Gr,V,NPM,,,,,"
      },
      {
        "text": "ἐάν",
        "tag": "w",
        "type": "word",
        "lemma": "ἐάν",
        "strong": "G14370",
        "morph": "Gr,CS,,,,,,,,"
      },
      {
        "text": "τις",
        "tag": "w",
        "type": "word",
        "lemma": "τις",
        "strong": "G51000",
        "morph": "Gr,EQ,,,,NMS,"
      },
      {
        "type": "text",
        "text": "\n“"
      },
      {
        "text": "ἀδελφὸς",
        "tag": "w",
        "type": "word",
        "lemma": "ἀδελφός",
        "strong": "G00800",
        "morph": "Gr,N,,,,,NMS,",
        "tw": "rc://*/tw/dict/bible/kt/brother"
      },
      {
        "type": "text",
        "text": "”"
      },
      {
        "text": "ὀνομαζόμενος",
        "tag": "w",
        "type": "word",
        "lemma": "ὀνομάζω",
        "strong": "G36870",
        "morph": "Gr,V,PPP,NMS,",
        "tw": "rc://*/tw/dict/bible/kt/call"
      },
      {
        "text": "ᾖ",
        "tag": "w",
        "type": "word",
        "lemma": "εἰμί",
        "strong": "G15100",
        "morph": "Gr,V,SPA3,,S,"
      },
      {
        "text": "πόρνος",
        "tag": "w",
        "type": "word",
        "lemma": "πόρνος",
        "strong": "G42050",
        "morph": "Gr,N,,,,,NMS,",
        "tw": "rc://*/tw/dict/bible/other/fornication"
      },
      {
        "type": "text",
        "text": ","
      },
      {
        "text": "ἢ",
        "tag": "w",
        "type": "word",
        "lemma": "ἤ",
        "strong": "G22280",
        "morph": "Gr,CC,,,,,,,,"
      },
      {
        "text": "πλεονέκτης",
        "tag": "w",
        "type": "word",
        "lemma": "πλεονέκτης",
        "strong": "G41230",
        "morph": "Gr,N,,,,,NMS,",
        "tw": "rc://*/tw/dict/bible/other/envy"
      },
      {
        "type": "text",
        "text": ","
      },
      {
        "text": "ἢ",
        "tag": "w",
        "type": "word",
        "lemma": "ἤ",
        "strong": "G22280",
        "morph": "Gr,CC,,,,,,,,"
      },
      {
        "text": "εἰδωλολάτρης",
        "tag": "w",
        "type": "word",
        "lemma": "εἰδωλολάτρης",
        "strong": "G14960",
        "morph": "Gr,N,,,,,NMS,",
        "tw": "rc://*/tw/dict/bible/kt/falsegod"
      },
      {
        "type": "text",
        "text": ","
      },
      {
        "text": "ἢ",
        "tag": "w",
        "type": "word",
        "lemma": "ἤ",
        "strong": "G22280",
        "morph": "Gr,CC,,,,,,,,"
      },
      {
        "text": "λοίδορος",
        "tag": "w",
        "type": "word",
        "lemma": "λοίδορος",
        "strong": "G30600",
        "morph": "Gr,N,,,,,NMS,"
      },
      {
        "type": "text",
        "text": ","
      },
      {
        "text": "ἢ",
        "tag": "w",
        "type": "word",
        "lemma": "ἤ",
        "strong": "G22280",
        "morph": "Gr,CC,,,,,,,,"
      },
      {
        "text": "μέθυσος",
        "tag": "w",
        "type": "word",
        "lemma": "μέθυσος",
        "strong": "G31830",
        "morph": "Gr,N,,,,,NMS,",
        "tw": "rc://*/tw/dict/bible/other/drunk"
      },
      {
        "type": "text",
        "text": ","
      },
      {
        "text": "ἢ",
        "tag": "w",
        "type": "word",
        "lemma": "ἤ",
        "strong": "G22280",
        "morph": "Gr,CC,,,,,,,,"
      },
      {
        "text": "ἅρπαξ",
        "tag": "w",
        "type": "word",
        "lemma": "ἅρπαξ",
        "strong": "G07270",
        "morph": "Gr,NS,,,,NMS,"
      },
      {
        "type": "text",
        "text": ";"
      },
      {
        "text": "τῷ",
        "tag": "w",
        "type": "word",
        "lemma": "ὁ",
        "strong": "G35880",
        "morph": "Gr,EA,,,,DMS,"
      },
      {
        "text": "τοιούτῳ",
        "tag": "w",
        "type": "word",
        "lemma": "τοιοῦτος",
        "strong": "G51080",
        "morph": "Gr,RD,,,,DMS,"
      },
      {
        "text": "μηδὲ",
        "tag": "w",
        "type": "word",
        "lemma": "μηδέ",
        "strong": "G33660",
        "morph": "Gr,CC,,,,,,,,"
      },
      {
        "text": "συνεσθίειν",
        "tag": "w",
        "type": "word",
        "lemma": "συνεσθίω",
        "strong": "G49060",
        "morph": "Gr,V,NPA,,,,,"
      },
      {
        "type": "text",
        "text": ".\n\n"
      }
    ]
  },
  "12": {
    "verseObjects": [
      {
        "text": "τί",
        "tag": "w",
        "type": "word",
        "lemma": "τίς",
        "strong": "G51010",
        "morph": "Gr,RT,,,,NNS,"
      },
      {
        "text": "γάρ",
        "tag": "w",
        "type": "word",
        "lemma": "γάρ",
        "strong": "G10630",
        "morph": "Gr,CC,,,,,,,,"
      },
      {
        "text": "μοι",
        "tag": "w",
        "type": "word",
        "lemma": "ἐγώ",
        "strong": "G14730",
        "morph": "Gr,RP,,,1D,S,"
      },
      {
        "text": "τοὺς",
        "tag": "w",
        "type": "word",
        "lemma": "ὁ",
        "strong": "G35880",
        "morph": "Gr,RD,,,,AMP,"
      },
      {
        "text": "ἔξω",
        "tag": "w",
        "type": "word",
        "lemma": "ἔξω",
        "strong": "G18540",
        "morph": "Gr,D,,,,,,,,,"
      },
      {
        "text": "κρίνειν",
        "tag": "w",
        "type": "word",
        "lemma": "κρίνω",
        "strong": "G29190",
        "morph": "Gr,V,NPA,,,,,",
        "tw": "rc://*/tw/dict/bible/kt/judge"
      },
      {
        "type": "text",
        "text": "?"
      },
      {
        "text": "οὐχὶ",
        "tag": "w",
        "type": "word",
        "lemma": "οὐχί",
        "strong": "G37800",
        "morph": "Gr,T,,,,,,,,,"
      },
      {
        "text": "τοὺς",
        "tag": "w",
        "type": "word",
        "lemma": "ὁ",
        "strong": "G35880",
        "morph": "Gr,RD,,,,AMP,"
      },
      {
        "text": "ἔσω",
        "tag": "w",
        "type": "word",
        "lemma": "ἔσω",
        "strong": "G20800",
        "morph": "Gr,D,,,,,,,,,"
      },
      {
        "text": "ὑμεῖς",
        "tag": "w",
        "type": "word",
        "lemma": "σύ",
        "strong": "G47710",
        "morph": "Gr,RP,,,2N,P,"
      },
      {
        "text": "κρίνετε",
        "tag": "w",
        "type": "word",
        "lemma": "κρίνω",
        "strong": "G29190",
        "morph": "Gr,V,IPA2,,P,",
        "tw": "rc://*/tw/dict/bible/kt/judge"
      },
      {
        "type": "text",
        "text": "?\n\n"
      }
    ]
  },
  "13": {
    "verseObjects": [
      {
        "text": "τοὺς",
        "tag": "w",
        "type": "word",
        "lemma": "ὁ",
        "strong": "G35880",
        "morph": "Gr,RD,,,,AMP,"
      },
      {
        "text": "δὲ",
        "tag": "w",
        "type": "word",
        "lemma": "δέ",
        "strong": "G11610",
        "morph": "Gr,CC,,,,,,,,"
      },
      {
        "text": "ἔξω",
        "tag": "w",
        "type": "word",
        "lemma": "ἔξω",
        "strong": "G18540",
        "morph": "Gr,D,,,,,,,,,"
      },
      {
        "text": "ὁ",
        "tag": "w",
        "type": "word",
        "lemma": "ὁ",
        "strong": "G35880",
        "morph": "Gr,EA,,,,NMS,"
      },
      {
        "text": "Θεὸς",
        "tag": "w",
        "type": "word",
        "lemma": "θεός",
        "strong": "G23160",
        "morph": "Gr,N,,,,,NMS,",
        "tw": "rc://*/tw/dict/bible/kt/god"
      },
      {
        "text": "κρίνει",
        "tag": "w",
        "type": "word",
        "lemma": "κρίνω",
        "strong": "G29190",
        "morph": "Gr,V,IFA3,,S,",
        "tw": "rc://*/tw/dict/bible/kt/judge"
      },
      {
        "type": "text",
        "text": ".\n“"
      },
      {
        "text": "ἐξάρατε",
        "tag": "w",
        "type": "word",
        "lemma": "ἐξαίρω",
        "strong": "G18080",
        "morph": "Gr,V,MAA2,,P,"
      },
      {
        "text": "τὸν",
        "tag": "w",
        "type": "word",
        "lemma": "ὁ",
        "strong": "G35880",
        "morph": "Gr,EA,,,,AMS,"
      },
      {
        "text": "πονηρὸν",
        "tag": "w",
        "type": "word",
        "lemma": "πονηρός",
        "strong": "G41900",
        "morph": "Gr,NS,,,,AMS,",
        "tw": "rc://*/tw/dict/bible/kt/evil"
      },
      {
        "text": "ἐξ",
        "tag": "w",
        "type": "word",
        "lemma": "ἐκ",
        "strong": "G15370",
        "morph": "Gr,P,,,,,G,,,"
      },
      {
        "text": "ὑμῶν",
        "tag": "w",
        "type": "word",
        "lemma": "σύ",
        "strong": "G47710",
        "morph": "Gr,RP,,,2G,P,"
      },
      {
        "text": "αὐτῶν",
        "tag": "w",
        "type": "word",
        "lemma": "αὐτός",
        "strong": "G08460",
        "morph": "Gr,RE,,,2GMP,"
      },
      {
        "type": "text",
        "text": ".”\n\n"
      }
    ]
  },
  "front": {
    "verseObjects": [
      {
        "tag": "p",
        "nextChar": "\n",
        "type": "paragraph"
      },
      {
        "type": "text",
        "text": "\n"
      }
    ]
  }
}