{
  "1": {
    "verseObjects": [
      {
        "type": "text",
        "text": "मेरे प्रिय बालकों, मैं ये बातें तुम्हें इसलिए लिखता हूँ, कि तुम पाप न करो; और यदि कोई पाप करे तो पिता के पास हमारा एक सहायक है, अर्थात् धर्मी यीशु मसीह।\n"
      }
    ]
  },
  "2": {
    "verseObjects": [
      {
        "type": "text",
        "text": "और वही हमारे पापों का प्रायश्चित है: और केवल हमारे ही नहीं, वरन् सारे जगत के पापों का भी।\n"
      },
      {
        "tag": "s",
        "type": "section",
        "content": "परमेश्‍वर की आज्ञाएँ\n"
      },
      {
        "tag": "p",
        "nextChar": "\n",
        "type": "paragraph"
      }
    ]
  },
  "3": {
    "verseObjects": [
      {
        "type": "text",
        "text": "यदि हम उसकी आज्ञाओं को मानेंगे, तो इससे हम जान लेंगे कि हम उसे जान गए हैं।\n"
      },
      {
        "tag": "p",
        "nextChar": "\n",
        "type": "paragraph"
      },
      {
        "tag": "s5",
        "nextChar": "\n",
        "type": "section"
      }
    ]
  },
  "4": {
    "verseObjects": [
      {
        "type": "text",
        "text": "जो कोई यह कहता है, “मैं उसे जान गया हूँ,” और उसकी आज्ञाओं को नहीं मानता, वह झूठा है; और उसमें सत्य नहीं।\n"
      }
    ]
  },
  "5": {
    "verseObjects": [
      {
        "type": "text",
        "text": "पर जो कोई उसके वचन पर चले, उसमें सचमुच परमेश्‍वर का प्रेम सिद्ध हुआ है।* हमें इसी से मालूम होता है, कि हम उसमें हैं।\n"
      }
    ]
  },
  "6": {
    "verseObjects": [
      {
        "type": "text",
        "text": "जो कोई यह कहता है, कि मैं उसमें बना रहता हूँ, उसे चाहिए कि वह स्वयं भी वैसे ही चले जैसे यीशु मसीह चलता था।\n"
      },
      {
        "tag": "s",
        "type": "section",
        "content": "सबसे प्रेम करो\n"
      },
      {
        "tag": "p",
        "nextChar": "\n",
        "type": "paragraph"
      },
      {
        "tag": "s5",
        "nextChar": "\n",
        "type": "section"
      }
    ]
  },
  "7": {
    "verseObjects": [
      {
        "type": "text",
        "text": "हे प्रियों, मैं तुम्हें कोई नई आज्ञा नहीं लिखता, पर वही पुरानी आज्ञा जो आरम्भ से तुम्हें मिली है; यह पुरानी आज्ञा वह वचन है, जिसे तुम ने सुना है।\n"
      }
    ]
  },
  "8": {
    "verseObjects": [
      {
        "type": "text",
        "text": "फिर भी मैं तुम्हें नई आज्ञा लिखता हूँ; और यह तो उसमें और तुम में सच्ची ठहरती है; क्योंकि अंधकार मिटता जा रहा है और सत्य की ज्योति अभी चमकने लगी है।\n"
      },
      {
        "tag": "p",
        "nextChar": "\n",
        "type": "paragraph"
      },
      {
        "tag": "s5",
        "nextChar": "\n",
        "type": "section"
      }
    ]
  },
  "9": {
    "verseObjects": [
      {
        "type": "text",
        "text": "जो कोई यह कहता है, कि मैं ज्योति में हूँ; और अपने भाई से बैर रखता है, वह अब तक अंधकार ही में है।\n"
      }
    ]
  },
  "10": {
    "verseObjects": [
      {
        "type": "text",
        "text": "जो कोई अपने भाई से प्रेम रखता है, वह ज्योति में रहता है, और ठोकर नहीं खा सकता।\n"
      }
    ]
  },
  "11": {
    "verseObjects": [
      {
        "type": "text",
        "text": "पर जो कोई अपने भाई से बैर रखता है, वह अंधकार में है, और अंधकार में चलता है*; और नहीं जानता, कि कहाँ जाता है, क्योंकि अंधकार ने उसकी आँखें अंधी कर दी हैं।\n"
      },
      {
        "tag": "s",
        "type": "section",
        "content": "पत्री लिखने का कारण\n"
      },
      {
        "tag": "p",
        "nextChar": "\n",
        "type": "paragraph"
      },
      {
        "tag": "s5",
        "nextChar": "\n",
        "type": "section"
      }
    ]
  },
  "12": {
    "verseObjects": [
      {
        "type": "text",
        "text": "हे बालकों, मैं तुम्हें इसलिए लिखता हूँ, कि उसके नाम से तुम्हारे पाप क्षमा हुए। (भज. 25:11)\n"
      }
    ]
  },
  "13": {
    "verseObjects": [
      {
        "type": "text",
        "text": "हे पिताओं, मैं तुम्हें इसलिए लिखता हूँ, कि जो आदि से है, तुम उसे जानते हो हे जवानों, मैं तुम्हें इसलिए लिखता हूँ, कि तुम ने उस दुष्ट पर जय पाई है: हे लड़कों, मैंने तुम्हें इसलिए लिखा है, कि तुम पिता को जान गए हो।\n"
      }
    ]
  },
  "14": {
    "verseObjects": [
      {
        "type": "text",
        "text": "हे पिताओं, मैंने तुम्हें इसलिए लिखा है, कि जो आदि से है तुम उसे जान गए हो हे जवानों, मैंने तुम्हें इसलिए लिखा है, कि बलवन्त हो, और परमेश्‍वर का वचन तुम में बना रहता है, और तुम ने उस दुष्ट पर जय पाई है।\n"
      },
      {
        "tag": "s",
        "type": "section",
        "content": "संसार के विषय में चेतावनी\n"
      },
      {
        "tag": "p",
        "nextChar": "\n",
        "type": "paragraph"
      },
      {
        "tag": "s5",
        "nextChar": "\n",
        "type": "section"
      }
    ]
  },
  "15": {
    "verseObjects": [
      {
        "type": "text",
        "text": "तुम न तो संसार से और न संसार की वस्तुओं से प्रेम रखो यदि कोई संसार से प्रेम रखता है, तो उसमें पिता का प्रेम नहीं है।\n"
      }
    ]
  },
  "16": {
    "verseObjects": [
      {
        "type": "text",
        "text": "क्योंकि जो कुछ संसार में है, अर्थात् शरीर की अभिलाषा, और आँखों की अभिलाषा और जीविका का घमण्ड, वह पिता की ओर से नहीं, परन्तु संसार ही की ओर से है। (रोम. 13:14, नीति. 27:20)\n"
      }
    ]
  },
  "17": {
    "verseObjects": [
      {
        "type": "text",
        "text": "संसार और उसकी अभिलाषाएँ दोनों मिटते जाते हैं, पर जो परमेश्‍वर की इच्छा पर चलता है, वह सर्वदा बना रहेगा।\n"
      },
      {
        "tag": "s",
        "type": "section",
        "content": "अन्तिम समय के धोखे\n"
      },
      {
        "tag": "p",
        "nextChar": "\n",
        "type": "paragraph"
      },
      {
        "tag": "s5",
        "nextChar": "\n",
        "type": "section"
      }
    ]
  },
  "18": {
    "verseObjects": [
      {
        "type": "text",
        "text": "हे लड़कों, यह अन्तिम समय है, और जैसा तुम ने सुना है, कि मसीह का विरोधी आनेवाला है, उसके अनुसार अब भी बहुत से मसीह के विरोधी उठे हैं; इससे हम जानते हैं, कि यह अन्तिम समय है।\n"
      }
    ]
  },
  "19": {
    "verseObjects": [
      {
        "type": "text",
        "text": "वे निकले तो हम में से ही, परन्तु हम में से न थे; क्योंकि यदि वे हम में से होते, तो हमारे साथ रहते, पर निकल इसलिए गए ताकि यह प्रगट हो कि वे सब हम में से नहीं हैं।\n"
      },
      {
        "tag": "p",
        "nextChar": "\n",
        "type": "paragraph"
      },
      {
        "tag": "s5",
        "nextChar": "\n",
        "type": "section"
      }
    ]
  },
  "20": {
    "verseObjects": [
      {
        "type": "text",
        "text": "और तुम्हारा तो उस पवित्र से अभिषेक हुआ है, और तुम सब सत्य जानते हो।\n"
      }
    ]
  },
  "21": {
    "verseObjects": [
      {
        "type": "text",
        "text": "मैंने तुम्हें इसलिए नहीं लिखा, कि तुम सत्य को नहीं जानते, पर इसलिए, कि तुम उसे जानते हो, और इसलिए कि कोई झूठ, सत्य की ओर से नहीं।\n"
      },
      {
        "tag": "p",
        "nextChar": "\n",
        "type": "paragraph"
      },
      {
        "tag": "s5",
        "nextChar": "\n",
        "type": "section"
      }
    ]
  },
  "22": {
    "verseObjects": [
      {
        "type": "text",
        "text": "झूठा कौन है? वह, जो यीशु के मसीह होने का इन्कार करता है; और मसीह का विरोधी वही है, जो पिता का और पुत्र का इन्कार करता है।\n"
      }
    ]
  },
  "23": {
    "verseObjects": [
      {
        "type": "text",
        "text": "जो कोई पुत्र का इन्कार करता है उसके पास पिता भी नहीं जो पुत्र को मान लेता है, उसके पास पिता भी है।\n"
      },
      {
        "tag": "p",
        "nextChar": "\n",
        "type": "paragraph"
      },
      {
        "tag": "s5",
        "nextChar": "\n",
        "type": "section"
      }
    ]
  },
  "24": {
    "verseObjects": [
      {
        "type": "text",
        "text": "जो कुछ तुम ने आरम्भ से सुना है वही तुम में बना रहे; जो तुम ने आरम्भ से सुना है, यदि वह तुम में बना रहे, तो तुम भी पुत्र में, और पिता में बने रहोगे।\n"
      },
      {
        "tag": "s",
        "type": "section",
        "content": "अनन्त जीवन की प्रतिज्ञा\n"
      },
      {
        "tag": "p",
        "nextChar": "\n",
        "type": "paragraph"
      }
    ]
  },
  "25": {
    "verseObjects": [
      {
        "type": "text",
        "text": "और जिसकी उसने हम से प्रतिज्ञा की वह अनन्त जीवन है।\n"
      }
    ]
  },
  "26": {
    "verseObjects": [
      {
        "type": "text",
        "text": "मैंने ये बातें तुम्हें उनके विषय में लिखी हैं, जो तुम्हें भरमाते हैं।\n"
      },
      {
        "tag": "p",
        "nextChar": "\n",
        "type": "paragraph"
      },
      {
        "tag": "s5",
        "nextChar": "\n",
        "type": "section"
      }
    ]
  },
  "27": {
    "verseObjects": [
      {
        "type": "text",
        "text": "और तुम्हारा वह अभिषेक, जो उसकी ओर से किया गया, तुम में बना रहता है; और तुम्हें इसका प्रयोजन नहीं, कि कोई तुम्हें सिखाए, वरन् जैसे वह अभिषेक जो उसकी ओर से किया गया तुम्हें सब बातें सिखाता है, और यह सच्चा है, और झूठा नहीं और जैसा उसने तुम्हें सिखाया है वैसे ही तुम उसमें बने रहते हो। (यूह. 14:26)\n"
      },
      {
        "tag": "s",
        "type": "section",
        "content": "परमेश्‍वर की संतान\n"
      },
      {
        "tag": "p",
        "nextChar": "\n",
        "type": "paragraph"
      }
    ]
  },
  "28": {
    "verseObjects": [
      {
        "type": "text",
        "text": "निदान, हे बालकों, उसमें बने रहो*; कि जब वह प्रगट हो, तो हमें साहस हो, और हम उसके आने पर उसके सामने लज्जित न हों।\n"
      }
    ]
  },
  "29": {
    "verseObjects": [
      {
        "type": "text",
        "text": "यदि तुम जानते हो, कि वह धर्मी है, तो यह भी जानते हो, कि जो कोई धार्मिकता का काम करता है, वह उससे जन्मा है।\n\n"
      },
      {
        "tag": "s5",
        "nextChar": "\n",
        "type": "section"
      }
    ]
  },
  "front": {
    "verseObjects": [
      {
        "tag": "s",
        "type": "section",
        "content": "यीशु हमारा सहायक\n"
      },
      {
        "tag": "p",
        "nextChar": "\n",
        "type": "paragraph"
      }
    ]
  }
}