{
  "1": {
    "verseObjects": [
      {
        "type": "text",
        "text": "जिसका यह विश्वास है कि यीशु ही मसीह है, वह परमेश्‍वर से उत्‍पन्‍न हुआ है* और जो कोई उत्‍पन्‍न करनेवाले से प्रेम रखता है, वह उससे भी प्रेम रखता है, जो उससे उत्‍पन्‍न हुआ है।\n"
      }
    ]
  },
  "2": {
    "verseObjects": [
      {
        "type": "text",
        "text": "जब हम परमेश्‍वर से प्रेम रखते हैं, और उसकी आज्ञाओं को मानते हैं, तो इसी से हम यह जान लेते हैं, कि हम परमेश्‍वर की सन्तानों से प्रेम रखते हैं।\n"
      }
    ]
  },
  "3": {
    "verseObjects": [
      {
        "type": "text",
        "text": "क्योंकि परमेश्‍वर का प्रेम यह है, कि हम उसकी आज्ञाओं को मानें; और उसकी आज्ञाएँ बोझदायक नहीं। (मत्ती 11:30)\n"
      },
      {
        "tag": "p",
        "type": "paragraph",
        "text": "\n"
      },
      {
        "tag": "s5",
        "type": "section",
        "text": "\n"
      }
    ]
  },
  "4": {
    "verseObjects": [
      {
        "type": "text",
        "text": "क्योंकि जो कुछ परमेश्‍वर से उत्‍पन्‍न हुआ है, वह संसार पर जय प्राप्त करता है, और वह विजय जिससे संसार पर जय प्राप्त होती है हमारा विश्वास है।\n"
      }
    ]
  },
  "5": {
    "verseObjects": [
      {
        "type": "text",
        "text": "संसार पर जय पानेवाला कौन है? केवल वह जिसका विश्वास है, कि यीशु, परमेश्‍वर का पुत्र है।\n"
      },
      {
        "tag": "s",
        "type": "section",
        "text": "मसीह के विषय गवाही\n"
      },
      {
        "tag": "p",
        "type": "paragraph",
        "text": "\n"
      },
      {
        "tag": "s5",
        "type": "section",
        "text": "\n"
      }
    ]
  },
  "6": {
    "verseObjects": [
      {
        "type": "text",
        "text": "यह वही है, जो पानी और लहू के द्वारा आया था; अर्थात् यीशु मसीह: वह न केवल पानी के द्वारा, वरन् पानी और लहू दोनों के द्वारा आया था। और यह आत्मा है जो गवाही देता है, क्योंकि आत्मा सत्य है।\n"
      }
    ]
  },
  "7": {
    "verseObjects": [
      {
        "type": "text",
        "text": "और गवाही देनेवाले तीन हैं;\n"
      }
    ]
  },
  "8": {
    "verseObjects": [
      {
        "type": "text",
        "text": "आत्मा, पानी, और लहू; और तीनों एक ही बात पर सहमत हैं।\n"
      },
      {
        "tag": "p",
        "type": "paragraph",
        "text": "\n"
      },
      {
        "tag": "s5",
        "type": "section",
        "text": "\n"
      }
    ]
  },
  "9": {
    "verseObjects": [
      {
        "type": "text",
        "text": "जब हम मनुष्यों की गवाही मान लेते हैं, तो परमेश्‍वर की गवाही तो उससे बढ़कर है; और परमेश्‍वर की गवाही* यह है, कि उसने अपने पुत्र के विषय में गवाही दी है।\n"
      }
    ]
  },
  "10": {
    "verseObjects": [
      {
        "type": "text",
        "text": "जो परमेश्‍वर के पुत्र पर विश्वास करता है, वह अपने ही में गवाही रखता है; जिस ने परमेश्‍वर पर विश्वास नहीं किया, उसने उसे झूठा ठहराया; क्योंकि उसने उस गवाही पर विश्वास नहीं किया, जो परमेश्‍वर ने अपने पुत्र के विषय में दी है।\n"
      },
      {
        "tag": "s",
        "type": "section",
        "text": "अनन्त जीवन\n"
      },
      {
        "tag": "p",
        "type": "paragraph",
        "text": "\n"
      },
      {
        "tag": "s5",
        "type": "section",
        "text": "\n"
      }
    ]
  },
  "11": {
    "verseObjects": [
      {
        "type": "text",
        "text": "और वह गवाही यह है, कि परमेश्‍वर ने हमें अनन्त जीवन दिया है और यह जीवन उसके पुत्र में है।\n"
      }
    ]
  },
  "12": {
    "verseObjects": [
      {
        "type": "text",
        "text": "जिसके पास पुत्र है, उसके पास जीवन है; और जिसके पास परमेश्‍वर का पुत्र नहीं, उसके पास जीवन भी नहीं है।\n"
      },
      {
        "tag": "p",
        "type": "paragraph",
        "text": "\n"
      },
      {
        "tag": "s5",
        "type": "section",
        "text": "\n"
      }
    ]
  },
  "13": {
    "verseObjects": [
      {
        "type": "text",
        "text": "मैंने तुम्हें, जो परमेश्‍वर के पुत्र के नाम पर विश्वास करते हो, इसलिए लिखा है कि तुम जानो कि अनन्त जीवन तुम्हारा है।\n"
      },
      {
        "tag": "s",
        "type": "section",
        "text": "प्रभावी प्रार्थना\n"
      },
      {
        "tag": "p",
        "type": "paragraph",
        "text": "\n"
      }
    ]
  },
  "14": {
    "verseObjects": [
      {
        "type": "text",
        "text": "और हमें उसके सामने जो साहस होता है, वह यह है; कि यदि हम उसकी इच्छा के अनुसार कुछ माँगते हैं*, तो हमारी सुनता है।\n"
      }
    ]
  },
  "15": {
    "verseObjects": [
      {
        "type": "text",
        "text": "और जब हम जानते हैं, कि जो कुछ हम माँगते हैं वह हमारी सुनता है, तो यह भी जानते हैं, कि जो कुछ हमने उससे माँगा, वह पाया है।\n"
      },
      {
        "tag": "p",
        "type": "paragraph",
        "text": "\n"
      },
      {
        "tag": "s5",
        "type": "section",
        "text": "\n"
      }
    ]
  },
  "16": {
    "verseObjects": [
      {
        "type": "text",
        "text": "यदि कोई अपने भाई को ऐसा पाप करते देखे, जिसका फल मृत्यु न हो, तो विनती करे, और परमेश्‍वर उसे उनके लिये, जिन्होंने ऐसा पाप किया है जिसका फल मृत्यु न हो, जीवन देगा। पाप ऐसा भी होता है जिसका फल मृत्यु है इसके विषय में मैं विनती करने के लिये नहीं कहता।\n"
      }
    ]
  },
  "17": {
    "verseObjects": [
      {
        "type": "text",
        "text": "सब प्रकार का अधर्म तो पाप है, परन्तु ऐसा पाप भी है, जिसका फल मृत्यु नहीं।।\n"
      },
      {
        "tag": "s",
        "type": "section",
        "text": "निष्कर्ष\n"
      },
      {
        "tag": "p",
        "type": "paragraph",
        "text": "\n"
      },
      {
        "tag": "s5",
        "type": "section",
        "text": "\n"
      }
    ]
  },
  "18": {
    "verseObjects": [
      {
        "type": "text",
        "text": "हम जानते हैं, कि जो कोई परमेश्‍वर से उत्‍पन्‍न हुआ है, वह पाप नहीं करता; पर जो परमेश्‍वर से उत्‍पन्‍न हुआ, उसे वह बचाए रखता है: और वह दुष्ट उसे छूने नहीं पाता।\n"
      }
    ]
  },
  "19": {
    "verseObjects": [
      {
        "type": "text",
        "text": "हम जानते हैं, कि हम परमेश्‍वर से हैं, और सारा संसार उस दुष्ट के वश में पड़ा है।\n"
      },
      {
        "tag": "p",
        "type": "paragraph",
        "text": "\n"
      },
      {
        "tag": "s5",
        "type": "section",
        "text": "\n"
      }
    ]
  },
  "20": {
    "verseObjects": [
      {
        "type": "text",
        "text": "और यह भी जानते हैं, कि परमेश्‍वर का पुत्र आ गया है और उसने हमें समझ दी है, कि हम उस सच्चे को पहचानें, और हम उसमें जो सत्य है, अर्थात् उसके पुत्र यीशु मसीह में रहते हैं। सच्चा परमेश्‍वर और अनन्त जीवन यही है।\n"
      }
    ]
  },
  "21": {
    "verseObjects": [
      {
        "type": "text",
        "text": "हे बालकों, अपने आप को मूरतों से बचाए रखो।"
      }
    ]
  },
  "front": {
    "verseObjects": [
      {
        "tag": "s",
        "type": "section",
        "text": "संसार पर विजय\n"
      },
      {
        "tag": "p",
        "type": "paragraph",
        "text": "\n"
      }
    ]
  }
}