{
  "1": {
    "verseObjects": [
      {
        "type": "text",
        "text": "Give generously to others some of the money that you have;\n"
      },
      {
        "tag": "q2",
        "type": "quote",
        "text": "if you do that, later you will get back an equal amount.\n"
      },
      {
        "tag": "q1",
        "type": "quote",
        "text": "\n"
      }
    ]
  },
  "2": {
    "verseObjects": [
      {
        "type": "text",
        "text": "Share some of what you have with seven or eight others,\n"
      },
      {
        "tag": "q2",
        "type": "quote",
        "text": "because you do not know when you will experience a disaster and will need their help.\n"
      },
      {
        "tag": "q1",
        "type": "quote",
        "text": "\n"
      }
    ]
  },
  "3": {
    "verseObjects": [
      {
        "type": "text",
        "text": "It is true that when clouds are full of water,\n"
      },
      {
        "tag": "q2",
        "type": "quote",
        "text": "they pour rain on the earth.\n"
      },
      {
        "tag": "q1",
        "type": "quote",
        "text": "Similarly, wherever a tree falls on the ground,\n"
      },
      {
        "tag": "q2",
        "type": "quote",
        "text": "that is where it will remain.\n"
      },
      {
        "type": "text",
        "text": "\n"
      },
      {
        "tag": "s5",
        "type": "section",
        "text": "\n"
      },
      {
        "tag": "q1",
        "type": "quote",
        "text": "\n"
      }
    ]
  },
  "4": {
    "verseObjects": [
      {
        "type": "text",
        "text": "If farmers see in what direction the wind is blowing,\n"
      },
      {
        "tag": "q2",
        "type": "quote",
        "text": "they will know whether it is wise at that time to plant things or not.\n"
      },
      {
        "tag": "q1",
        "type": "quote",
        "text": "It is also true that if farmers look at the clouds and see that they are blowing from the west and will bring rain,\n"
      },
      {
        "tag": "q2",
        "type": "quote",
        "text": "they will not try to harvest their crops on that day.\n"
      },
      {
        "tag": "q1",
        "type": "quote",
        "text": "\n"
      }
    ]
  },
  "5": {
    "verseObjects": [
      {
        "type": "text",
        "text": "We do not know where the wind comes from or where it goes,\n"
      },
      {
        "tag": "q2",
        "type": "quote",
        "text": "and we do not know how bodies are formed in a woman's womb.\n"
      },
      {
        "tag": "q1",
        "type": "quote",
        "text": "Similarly, God is the one who makes everything,\n"
      },
      {
        "tag": "q2",
        "type": "quote",
        "text": "and we cannot fully understand what he does.\n"
      },
      {
        "type": "text",
        "text": "\n"
      },
      {
        "tag": "s5",
        "type": "section",
        "text": "\n"
      },
      {
        "tag": "q1",
        "type": "quote",
        "text": "\n"
      }
    ]
  },
  "6": {
    "verseObjects": [
      {
        "type": "text",
        "text": "Start planting your seeds in the morning,\n"
      },
      {
        "tag": "q2",
        "type": "quote",
        "text": "and do not stop planting them until the evening,\n"
      },
      {
        "tag": "q1",
        "type": "quote",
        "text": "because you do not know which ones will grow better,\n"
      },
      {
        "tag": "q2",
        "type": "quote",
        "text": "the ones you plant in the morning or the ones you plant later in the day,\n"
      },
      {
        "tag": "q2",
        "type": "quote",
        "text": "or whether both will grow well.\n"
      },
      {
        "type": "text",
        "text": "\n"
      },
      {
        "tag": "q1",
        "type": "quote",
        "text": "\n"
      }
    ]
  },
  "7": {
    "verseObjects": [
      {
        "type": "text",
        "text": "It is very delightful to be alive\n"
      },
      {
        "tag": "q2",
        "type": "quote",
        "text": "and see the sun rise every morning.\n"
      },
      {
        "tag": "q1",
        "type": "quote",
        "text": "\n"
      }
    ]
  },
  "8": {
    "verseObjects": [
      {
        "type": "text",
        "text": "Even if people live for many years,\n"
      },
      {
        "tag": "q2",
        "type": "quote",
        "text": "they should enjoy all of them.\n"
      },
      {
        "tag": "q1",
        "type": "quote",
        "text": "But they should not forget that some day they will die\n"
      },
      {
        "tag": "q2",
        "type": "quote",
        "text": "and then they will never be able to see any light again,\n"
      },
      {
        "tag": "q2",
        "type": "quote",
        "text": "and they do not know what will happen to them after they die.\n"
      },
      {
        "type": "text",
        "text": "\n"
      },
      {
        "tag": "s5",
        "type": "section",
        "text": "\n"
      },
      {
        "tag": "q1",
        "type": "quote",
        "text": "\n"
      }
    ]
  },
  "9": {
    "verseObjects": [
      {
        "type": "text",
        "text": "You young people, be happy while you are still young.\n"
      },
      {
        "tag": "q2",
        "type": "quote",
        "text": "Enjoy doing the things that you want to do.\n"
      },
      {
        "tag": "q1",
        "type": "quote",
        "text": "But do not forget that God will judge you one day\n"
      },
      {
        "tag": "q2",
        "type": "quote",
        "text": "concerning all the things that you do.\n"
      },
      {
        "tag": "q1",
        "type": "quote",
        "text": "\n"
      }
    ]
  },
  "10": {
    "verseObjects": [
      {
        "type": "text",
        "text": "So when you are young, do not worry about anything,\n"
      },
      {
        "tag": "q2",
        "type": "quote",
        "text": "and do not pay attention to the pains that you have in your body,\n"
      },
      {
        "tag": "q1",
        "type": "quote",
        "text": "because we will not remain young and strong forever.\n"
      },
      {
        "type": "text",
        "text": "\n\n"
      },
      {
        "tag": "s5",
        "type": "section",
        "text": "\n"
      }
    ]
  },
  "front": {
    "verseObjects": [
      {
        "type": "text",
        "text": "\n"
      },
      {
        "tag": "q1",
        "type": "quote",
        "text": "\n"
      }
    ]
  }
}