{
  "1": {
    "verseObjects": [
      {
        "type": "text",
        "text": "Be careful when you approach God in his house. Listen well to him. That is better than offering sacrifices to him and then not obeying him, which is foolish.\n\n"
      },
      {
        "tag": "s5",
        "nextChar": "\n",
        "type": "section"
      },
      {
        "tag": "q1",
        "nextChar": "\n",
        "type": "quote"
      }
    ]
  },
  "2": {
    "verseObjects": [
      {
        "type": "text",
        "text": "Do not speak too quickly without thinking about the words you say;\n"
      },
      {
        "tag": "q2",
        "type": "quote",
        "text": "and do not be too quick in your heart to complain about something to God.\n"
      },
      {
        "tag": "q1",
        "type": "quote",
        "text": "Remember that God is very different from you and he is in heaven. \n"
      },
      {
        "tag": "q2",
        "type": "quote",
        "text": "You, however, are very limited and you must live all your life here on earth.\n"
      },
      {
        "tag": "q1",
        "type": "quote",
        "text": "So think carefully about what you say to God, and do not speak without thinking about how you should speak to him. \n"
      },
      {
        "tag": "q1",
        "nextChar": "\n",
        "type": "quote"
      }
    ]
  },
  "3": {
    "verseObjects": [
      {
        "type": "text",
        "text": "If you are continually thinking and worrying about things,\n"
      },
      {
        "tag": "q2",
        "type": "quote",
        "text": "you will have bad dreams about them and not rest well.\n"
      },
      {
        "tag": "q1",
        "type": "quote",
        "text": "And the more you talk,\n"
      },
      {
        "tag": "q2",
        "type": "quote",
        "text": "the more likely it will be that you will say things that are foolish.\n"
      },
      {
        "type": "text",
        "text": "\n"
      },
      {
        "tag": "s5",
        "nextChar": "\n",
        "type": "section"
      },
      {
        "tag": "p",
        "nextChar": "\n",
        "type": "paragraph"
      }
    ]
  },
  "4": {
    "verseObjects": [
      {
        "type": "text",
        "text": "When you solemnly promise God that you will do something, do not foolishly delay in doing it, because God is not pleased with foolish people. Do all the things that you promise God that you will do.\n"
      }
    ]
  },
  "5": {
    "verseObjects": [
      {
        "type": "text",
        "text": "It is better to not promise anything than to promise to do something and then not do it.\n\n"
      },
      {
        "tag": "s5",
        "nextChar": "\n",
        "type": "section"
      }
    ]
  },
  "6": {
    "verseObjects": [
      {
        "type": "text",
        "text": "Do not let the things that you promise to do cause you to sin by not doing them. And if you promise God that you will do something but then do not do it, do not say to God's priest that it was a mistake for you to promise to do that. If you do that, God can destroy everything you have worked to accomplish.\n"
      }
    ]
  },
  "7": {
    "verseObjects": [
      {
        "type": "text",
        "text": "Promising to do something and not doing it is like having a useless dream. Instead, honor God by doing what you promised him that you would do.\n\n"
      },
      {
        "tag": "s5",
        "nextChar": "\n",
        "type": "section"
      },
      {
        "type": "text",
        "text": "\n"
      },
      {
        "tag": "p",
        "nextChar": "\n",
        "type": "paragraph"
      }
    ]
  },
  "8": {
    "verseObjects": [
      {
        "type": "text",
        "text": "Do not be surprised if you see poor people being oppressed. There are people able to stop others from oppressing them, but even these people are under the power of someone even higher.\n"
      }
    ]
  },
  "9": {
    "verseObjects": [
      {
        "type": "text",
        "text": "Even though people throughout the land own their fields, the king forces them to give him some of the crops that they harvest.\n\n"
      },
      {
        "tag": "s5",
        "nextChar": "\n",
        "type": "section"
      },
      {
        "type": "text",
        "text": "\n"
      },
      {
        "tag": "q1",
        "nextChar": "\n",
        "type": "quote"
      }
    ]
  },
  "10": {
    "verseObjects": [
      {
        "type": "text",
        "text": "Everyone who tries to get as much money as they can\n"
      },
      {
        "tag": "q2",
        "type": "quote",
        "text": "will never think that they have enough.\n"
      },
      {
        "tag": "q1",
        "type": "quote",
        "text": "They will never be satisfied with the money that they have.\n"
      },
      {
        "tag": "q2",
        "type": "quote",
        "text": "That fact also makes no sense.\n"
      },
      {
        "tag": "q1",
        "nextChar": "\n",
        "type": "quote"
      }
    ]
  },
  "11": {
    "verseObjects": [
      {
        "type": "text",
        "text": "The more money that people have,\n"
      },
      {
        "tag": "q2",
        "type": "quote",
        "text": "the more they want to spend it.\n"
      },
      {
        "tag": "q1",
        "type": "quote",
        "text": "People who have a lot of money do not benefit from it,\n"
      },
      {
        "tag": "q2",
        "type": "quote",
        "text": "except to look at it and admire it.\n"
      },
      {
        "type": "text",
        "text": "\n"
      },
      {
        "tag": "s5",
        "nextChar": "\n",
        "type": "section"
      },
      {
        "tag": "q1",
        "nextChar": "\n",
        "type": "quote"
      }
    ]
  },
  "12": {
    "verseObjects": [
      {
        "type": "text",
        "text": "Those who work hard sleep peacefully at night,\n"
      },
      {
        "tag": "q2",
        "type": "quote",
        "text": "even if they do not have much food to eat.\n"
      },
      {
        "tag": "q1",
        "type": "quote",
        "text": "But rich people do not sleep well\n"
      },
      {
        "tag": "q2",
        "type": "quote",
        "text": "because they worry about their money.\n"
      },
      {
        "type": "text",
        "text": "\n"
      },
      {
        "tag": "s5",
        "nextChar": "\n",
        "type": "section"
      },
      {
        "tag": "p",
        "nextChar": "\n",
        "type": "paragraph"
      }
    ]
  },
  "13": {
    "verseObjects": [
      {
        "type": "text",
        "text": "I have seen another terrible thing that happens here on the earth.\n"
      },
      {
        "tag": "q1",
        "type": "quote",
        "text": "People save up all their money and become rich,\n"
      },
      {
        "tag": "q2",
        "type": "quote",
        "text": "but they are miserable because they store up their money.\n"
      },
      {
        "tag": "q1",
        "nextChar": "\n",
        "type": "quote"
      }
    ]
  },
  "14": {
    "verseObjects": [
      {
        "type": "text",
        "text": "If something happens that causes their money to be gone,\n"
      },
      {
        "tag": "q2",
        "type": "quote",
        "text": "then when they die,\n"
      },
      {
        "tag": "q2",
        "type": "quote",
        "text": "there is no money for their children.\n"
      },
      {
        "type": "text",
        "text": "\n"
      },
      {
        "tag": "s5",
        "nextChar": "\n",
        "type": "section"
      },
      {
        "tag": "q1",
        "nextChar": "\n",
        "type": "quote"
      }
    ]
  },
  "15": {
    "verseObjects": [
      {
        "type": "text",
        "text": "When we are born,\n"
      },
      {
        "tag": "q2",
        "type": "quote",
        "text": "we do not bring anything with us,\n"
      },
      {
        "tag": "q1",
        "type": "quote",
        "text": "and when we die,\n"
      },
      {
        "tag": "q2",
        "type": "quote",
        "text": "we take nothing with us\n"
      },
      {
        "tag": "q1",
        "type": "quote",
        "text": "from all that we have earned by working hard.\n"
      },
      {
        "tag": "p",
        "nextChar": "\n",
        "type": "paragraph"
      }
    ]
  },
  "16": {
    "verseObjects": [
      {
        "type": "text",
        "text": "That also seems to make no sense.\n"
      },
      {
        "tag": "q1",
        "type": "quote",
        "text": "People bring nothing into the world when they are born,\n"
      },
      {
        "tag": "q2",
        "type": "quote",
        "text": "and when they leave this world they take nothing with them.\n"
      },
      {
        "tag": "q1",
        "type": "quote",
        "text": "They have worked hard,\n"
      },
      {
        "tag": "q2",
        "type": "quote",
        "text": "but they receive no lasting benefit.\n"
      },
      {
        "tag": "q1",
        "nextChar": "\n",
        "type": "quote"
      }
    ]
  },
  "17": {
    "verseObjects": [
      {
        "type": "text",
        "text": "Furthermore, rich people are always miserable, sad,\n"
      },
      {
        "tag": "q2",
        "type": "quote",
        "text": "and depressed.\n"
      },
      {
        "type": "text",
        "text": "\n"
      },
      {
        "tag": "s5",
        "nextChar": "\n",
        "type": "section"
      },
      {
        "tag": "p",
        "nextChar": "\n",
        "type": "paragraph"
      }
    ]
  },
  "18": {
    "verseObjects": [
      {
        "type": "text",
        "text": "So the best thing for people to do here on the earth during the few years that God allows them to be alive is to eat, drink, and enjoy their work, because those are the things that he allows them to do.\n\n"
      },
      {
        "tag": "s5",
        "nextChar": "\n",
        "type": "section"
      }
    ]
  },
  "19": {
    "verseObjects": [
      {
        "type": "text",
        "text": "If people are rich and have a lot of possessions, and are able to enjoy the things that they have and to enjoy their work, those things are also gifts from God.\n"
      }
    ]
  },
  "20": {
    "verseObjects": [
      {
        "type": "text",
        "text": "Those people do not think much about everything that has happened during their lifetime, because God makes sure that they keep working at what they enjoy.\n\n\n"
      },
      {
        "tag": "s5",
        "nextChar": "\n",
        "type": "section"
      }
    ]
  },
  "front": {
    "verseObjects": [
      {
        "type": "text",
        "text": "\n"
      },
      {
        "tag": "p",
        "nextChar": "\n",
        "type": "paragraph"
      }
    ]
  }
}