{
  "1": {
    "verseObjects": [
      {
        "type": "text",
        "text": "These are the names of the sons of Israel who came into Egypt with Jacob, each with his household:\n"
      }
    ]
  },
  "2": {
    "verseObjects": [
      {
        "type": "text",
        "text": "Reuben, Simeon, Levi, and Judah,\n"
      }
    ]
  },
  "3": {
    "verseObjects": [
      {
        "type": "text",
        "text": "Issachar, Zebulun, and Benjamin,\n"
      }
    ]
  },
  "4": {
    "verseObjects": [
      {
        "type": "text",
        "text": "Dan, Naphtali, Gad, and Asher.\n"
      }
    ]
  },
  "5": {
    "verseObjects": [
      {
        "type": "text",
        "text": "All the people who were descendants of Jacob were seventy in number. Joseph was already in Egypt.\n\n"
      },
      {
        "tag": "s5",
        "nextChar": "\n",
        "type": "section"
      }
    ]
  },
  "6": {
    "verseObjects": [
      {
        "type": "text",
        "text": "Then Joseph, all his brothers, and all that generation died.\n"
      }
    ]
  },
  "7": {
    "verseObjects": [
      {
        "type": "text",
        "text": "The Israelites were fruitful, increased greatly in numbers, and became very strong; the land was filled with them.\n\n"
      },
      {
        "tag": "s5",
        "nextChar": "\n",
        "type": "section"
      },
      {
        "tag": "p",
        "nextChar": "\n",
        "type": "paragraph"
      }
    ]
  },
  "8": {
    "verseObjects": [
      {
        "type": "text",
        "text": "Now then a new king arose over Egypt, one who did not know about Joseph.\n"
      }
    ]
  },
  "9": {
    "verseObjects": [
      {
        "type": "text",
        "text": "He said to his people, \"Look, the Israelites are more numerous and stronger than we are.\n"
      }
    ]
  },
  "10": {
    "verseObjects": [
      {
        "type": "text",
        "text": "Come, let us deal with them wisely, otherwise they will continue to grow in numbers, and if war breaks out, they will join our enemies, fight against us, and leave the land.\"\n\n"
      },
      {
        "tag": "s5",
        "nextChar": "\n",
        "type": "section"
      }
    ]
  },
  "11": {
    "verseObjects": [
      {
        "type": "text",
        "text": "So they put taskmasters over them to oppress them with hard labor. The Israelites built store cities for Pharaoh: Pithom and Rameses.\n"
      }
    ]
  },
  "12": {
    "verseObjects": [
      {
        "type": "text",
        "text": "But the more the Egyptians oppressed them, the more the Israelites increased in numbers and spread. So the Egyptians began to dread the Israelites.\n\n"
      },
      {
        "tag": "s5",
        "nextChar": "\n",
        "type": "section"
      }
    ]
  },
  "13": {
    "verseObjects": [
      {
        "type": "text",
        "text": "The Egyptians made the Israelites work rigorously.\n"
      }
    ]
  },
  "14": {
    "verseObjects": [
      {
        "type": "text",
        "text": "They made their lives bitter with hard service with mortar and brick, and with all kinds of work in the fields. All their required work was hard.\n\n"
      },
      {
        "tag": "s5",
        "nextChar": "\n",
        "type": "section"
      },
      {
        "tag": "p",
        "nextChar": "\n",
        "type": "paragraph"
      }
    ]
  },
  "15": {
    "verseObjects": [
      {
        "type": "text",
        "text": "Then the king of Egypt spoke to the Hebrew midwives; the name of the one was Shiphrah, and the other Puah.\n"
      }
    ]
  },
  "16": {
    "verseObjects": [
      {
        "type": "text",
        "text": "He said, \"When you assist the Hebrew women on the birthstool, observe when they give birth. If it is a son, then you must kill him; but if it is a daughter, then she may live.\"\n"
      }
    ]
  },
  "17": {
    "verseObjects": [
      {
        "type": "text",
        "text": "But the midwives feared God and did not do as the king of Egypt ordered them; instead, they let the baby boys live.\n\n"
      },
      {
        "tag": "s5",
        "nextChar": "\n",
        "type": "section"
      }
    ]
  },
  "18": {
    "verseObjects": [
      {
        "type": "text",
        "text": "The king of Egypt summoned the midwives and said to them, \"Why have you done this, and let the baby boys live?\"\n"
      }
    ]
  },
  "19": {
    "verseObjects": [
      {
        "type": "text",
        "text": "The midwives answered Pharaoh, \"The Hebrew women are not like the Egyptian women. They are vigorous and have finished giving birth before a midwife comes to them.\"\n\n"
      },
      {
        "tag": "s5",
        "nextChar": "\n",
        "type": "section"
      }
    ]
  },
  "20": {
    "verseObjects": [
      {
        "type": "text",
        "text": "God protected these midwives. The people increased in numbers and became very strong.\n"
      }
    ]
  },
  "21": {
    "verseObjects": [
      {
        "type": "text",
        "text": "Because the midwives feared God, he gave them families.\n"
      }
    ]
  },
  "22": {
    "verseObjects": [
      {
        "type": "text",
        "text": "Pharaoh ordered all his people, \"You must throw every son that is born into the river, but every daughter you will let live.\"\n\n\n"
      },
      {
        "tag": "s5",
        "nextChar": "\n",
        "type": "section"
      }
    ]
  },
  "front": {
    "verseObjects": [
      {
        "tag": "p",
        "nextChar": "\n",
        "type": "paragraph"
      }
    ]
  }
}