{
  "1": {
    "verseObjects": [
      {
        "type": "text",
        "text": "Then Yahweh said to Moses, \"There is still one more plague that I will bring on Pharaoh and Egypt. After that, he will let you go from here. When he finally lets you go, he will drive you away completely.\n"
      }
    ]
  },
  "2": {
    "verseObjects": [
      {
        "type": "text",
        "text": "Instruct the people that every man and woman is to ask of his or her neighbor for articles of silver and articles of gold.\"\n"
      }
    ]
  },
  "3": {
    "verseObjects": [
      {
        "type": "text",
        "text": "Now Yahweh had made the Egyptians eager to please the Israelites. Moreover, the man Moses was very impressive in the sight of Pharaoh's servants and the people of Egypt.\n\n"
      },
      {
        "tag": "s5",
        "type": "section",
        "text": "\n"
      },
      {
        "tag": "p",
        "type": "paragraph",
        "text": "\n"
      }
    ]
  },
  "4": {
    "verseObjects": [
      {
        "type": "text",
        "text": "Moses said, \"Yahweh says this: 'About midnight I will go throughout Egypt.\n"
      }
    ]
  },
  "5": {
    "verseObjects": [
      {
        "type": "text",
        "text": "All the firstborn in the land of Egypt will die, from the firstborn of Pharaoh, who sits on his throne, to the firstborn of the slave girl who is behind the handmill grinding it, and to all the firstborn of the cattle.\n\n"
      },
      {
        "tag": "s5",
        "type": "section",
        "text": "\n"
      }
    ]
  },
  "6": {
    "verseObjects": [
      {
        "type": "text",
        "text": "Then there will be a great wailing throughout all the land of Egypt, such as has never been nor ever will be again.\n"
      }
    ]
  },
  "7": {
    "verseObjects": [
      {
        "type": "text",
        "text": "But not even a dog will bark against any of the people of Israel, against either man or beast. In this way you will know that I am treating the Egyptians and the Israelites differently.'\n"
      }
    ]
  },
  "8": {
    "verseObjects": [
      {
        "type": "text",
        "text": "All these servants of yours, Pharaoh, will come down to me and bow down to me. They will say, 'Go, you and all the people who follow you!' After that I will go out.\" Then he went out from Pharaoh in great anger.\n\n"
      },
      {
        "tag": "s5",
        "type": "section",
        "text": "\n"
      },
      {
        "tag": "p",
        "type": "paragraph",
        "text": "\n"
      }
    ]
  },
  "9": {
    "verseObjects": [
      {
        "type": "text",
        "text": "Yahweh said to Moses, \"Pharaoh will not listen to you. This is so that I will do many amazing things in the land of Egypt.\"\n"
      }
    ]
  },
  "10": {
    "verseObjects": [
      {
        "type": "text",
        "text": "Moses and Aaron did all these wonders before Pharaoh. But Yahweh hardened Pharaoh's heart, and Pharaoh did not let the people of Israel go out of his land.\n\n\n"
      },
      {
        "tag": "s5",
        "type": "section",
        "text": "\n"
      }
    ]
  },
  "front": {
    "verseObjects": [
      {
        "tag": "p",
        "type": "paragraph",
        "text": "\n"
      }
    ]
  }
}