{
  "1": {
    "verseObjects": [
      {
        "type": "text",
        "text": "With the blue, purple, and scarlet wool, they made finely-woven garments for service in the holy place. They made Aaron's garments for the holy place, as Yahweh had commanded Moses.\n\n"
      },
      {
        "tag": "s5",
        "nextChar": "\n",
        "type": "section"
      },
      {
        "tag": "p",
        "nextChar": "\n",
        "type": "paragraph"
      }
    ]
  },
  "2": {
    "verseObjects": [
      {
        "type": "text",
        "text": "Bezalel made the ephod of gold, of blue, purple, and scarlet wool, and of fine twined linen.\n"
      }
    ]
  },
  "3": {
    "verseObjects": [
      {
        "type": "text",
        "text": "They hammered gold sheets and cut them into wires, to work them into the blue, purple, and scarlet wool, and into the fine linen, the work of a skillful workman.\n\n"
      },
      {
        "tag": "s5",
        "nextChar": "\n",
        "type": "section"
      }
    ]
  },
  "4": {
    "verseObjects": [
      {
        "type": "text",
        "text": "They made shoulder pieces for the ephod, attached at its two upper corners.\n"
      }
    ]
  },
  "5": {
    "verseObjects": [
      {
        "type": "text",
        "text": "Its finely-woven waistband was like the ephod; it was made of one piece with the ephod, made of fine twined linen that was gold, blue, purple, and scarlet, just as Yahweh had commanded Moses.\n\n"
      },
      {
        "tag": "s5",
        "nextChar": "\n",
        "type": "section"
      },
      {
        "tag": "p",
        "nextChar": "\n",
        "type": "paragraph"
      }
    ]
  },
  "6": {
    "verseObjects": [
      {
        "type": "text",
        "text": "They crafted the onyx stones, enclosed in settings of gold, set with engravings as on a signet, and engraved with the names of Israel's twelve sons.\n"
      }
    ]
  },
  "7": {
    "verseObjects": [
      {
        "type": "text",
        "text": "Bezalel put them on the shoulder pieces of the ephod, as stones to remind Yahweh of Israel's twelve sons, as Yahweh had commanded Moses.\n\n"
      },
      {
        "tag": "s5",
        "nextChar": "\n",
        "type": "section"
      },
      {
        "tag": "p",
        "nextChar": "\n",
        "type": "paragraph"
      }
    ]
  },
  "8": {
    "verseObjects": [
      {
        "type": "text",
        "text": "He made the breastpiece, the work of a skillful workman, fashioned like the ephod. He made it of gold, of blue, purple, and scarlet wool, and of fine linen.\n"
      }
    ]
  },
  "9": {
    "verseObjects": [
      {
        "type": "text",
        "text": "It was square. They folded the breastpiece double. It was one span long and one span wide.\n\n"
      },
      {
        "tag": "s5",
        "nextChar": "\n",
        "type": "section"
      }
    ]
  },
  "10": {
    "verseObjects": [
      {
        "type": "text",
        "text": "They set in it four rows of precious stones. The first row had a ruby, a topaz, and a garnet.\n"
      }
    ]
  },
  "11": {
    "verseObjects": [
      {
        "type": "text",
        "text": "The second row had an emerald, a sapphire, and a diamond.\n"
      }
    ]
  },
  "12": {
    "verseObjects": [
      {
        "type": "text",
        "text": "The third row had a jacinth, an agate, and an amethyst.\n"
      }
    ]
  },
  "13": {
    "verseObjects": [
      {
        "type": "text",
        "text": "The fourth row had a beryl, an onyx, and a jasper. The stones were mounted in gold settings.\n\n"
      },
      {
        "tag": "s5",
        "nextChar": "\n",
        "type": "section"
      }
    ]
  },
  "14": {
    "verseObjects": [
      {
        "type": "text",
        "text": "The stones were arranged by the names of Israel's twelve sons, each in order by name. They were like the engraving on a signet ring, each name standing for one of the twelve tribes.\n"
      }
    ]
  },
  "15": {
    "verseObjects": [
      {
        "type": "text",
        "text": "On the breastpiece they made chains like cords, braided work of pure gold.\n"
      }
    ]
  },
  "16": {
    "verseObjects": [
      {
        "type": "text",
        "text": "They made two settings of gold and two gold rings, and they attached the two rings to the two corners of the breastpiece.\n\n"
      },
      {
        "tag": "s5",
        "nextChar": "\n",
        "type": "section"
      }
    ]
  },
  "17": {
    "verseObjects": [
      {
        "type": "text",
        "text": "They put the two braided chains of gold in the two rings at the corners of the breastpiece.\n"
      }
    ]
  },
  "18": {
    "verseObjects": [
      {
        "type": "text",
        "text": "They attached the other two ends of the braided chains to the two settings. They attached them to the shoulder pieces of the ephod at its front.\n\n"
      },
      {
        "tag": "s5",
        "nextChar": "\n",
        "type": "section"
      }
    ]
  },
  "19": {
    "verseObjects": [
      {
        "type": "text",
        "text": "They made two rings of gold and put them on the two other corners of the breastpiece, on the edge next to the inner border.\n"
      }
    ]
  },
  "20": {
    "verseObjects": [
      {
        "type": "text",
        "text": "They made two more gold rings and attached them to the bottom of the two shoulder pieces of the front of the ephod, close to its seam above the finely-woven waistband of the ephod.\n\n"
      },
      {
        "tag": "s5",
        "nextChar": "\n",
        "type": "section"
      }
    ]
  },
  "21": {
    "verseObjects": [
      {
        "type": "text",
        "text": "They tied the breastpiece by its rings to the ephod's rings with a blue cord, so that it might be attached just above the ephod's finely-woven waistband. This was so that the breastpiece might not become unattached from the ephod. This was done as Yahweh had commanded Moses.\n\n"
      },
      {
        "tag": "s5",
        "nextChar": "\n",
        "type": "section"
      },
      {
        "tag": "p",
        "nextChar": "\n",
        "type": "paragraph"
      }
    ]
  },
  "22": {
    "verseObjects": [
      {
        "type": "text",
        "text": "Bezalel made the robe of the ephod entirely of blue fabric, the work of a weaver.\n"
      }
    ]
  },
  "23": {
    "verseObjects": [
      {
        "type": "text",
        "text": "It had an opening for the head in the middle. The opening had a woven edge round about so that it did not tear.\n"
      }
    ]
  },
  "24": {
    "verseObjects": [
      {
        "type": "text",
        "text": "On the bottom hem, they made pomegranates of blue, purple, and scarlet yarn and of fine linen.\n\n"
      },
      {
        "tag": "s5",
        "nextChar": "\n",
        "type": "section"
      }
    ]
  },
  "25": {
    "verseObjects": [
      {
        "type": "text",
        "text": "They made bells of pure gold, and they put the bells between the pomegranates all around on the bottom edge the robe, between the pomegranates—\n"
      }
    ]
  },
  "26": {
    "verseObjects": [
      {
        "type": "text",
        "text": "a bell and a pomegranate, a bell and a pomegranate—on the edge of the robe for Aaron to serve in. This was as Yahweh had commanded Moses.\n\n"
      },
      {
        "tag": "s5",
        "nextChar": "\n",
        "type": "section"
      },
      {
        "tag": "p",
        "nextChar": "\n",
        "type": "paragraph"
      }
    ]
  },
  "27": {
    "verseObjects": [
      {
        "type": "text",
        "text": "They made the coats of fine linen for Aaron and for his sons.\n"
      }
    ]
  },
  "28": {
    "verseObjects": [
      {
        "type": "text",
        "text": "They made the turban of fine linen, the ornate headbands of fine linen, the linen undergarments of fine linen,\n"
      }
    ]
  },
  "29": {
    "verseObjects": [
      {
        "type": "text",
        "text": "and the sash of fine linen and of blue, purple, and scarlet yarn, the work of an embroiderer. This was as Yahweh had commanded Moses.\n\n"
      },
      {
        "tag": "s5",
        "nextChar": "\n",
        "type": "section"
      },
      {
        "tag": "p",
        "nextChar": "\n",
        "type": "paragraph"
      }
    ]
  },
  "30": {
    "verseObjects": [
      {
        "type": "text",
        "text": "They made the plate of the holy crown of pure gold; they engraved on it, like the engraving on a signet, \"Holy to Yahweh.\"\n"
      }
    ]
  },
  "31": {
    "verseObjects": [
      {
        "type": "text",
        "text": "They attached to the turban a blue cord to the top of the turban. This was as Yahweh had commanded Moses.\n\n"
      },
      {
        "tag": "s5",
        "nextChar": "\n",
        "type": "section"
      },
      {
        "tag": "p",
        "nextChar": "\n",
        "type": "paragraph"
      }
    ]
  },
  "32": {
    "verseObjects": [
      {
        "type": "text",
        "text": "So the work on the tabernacle, the tent of meeting, was finished. The people of Israel did everything. They followed all the instructions that Yahweh had given to Moses.\n"
      }
    ]
  },
  "33": {
    "verseObjects": [
      {
        "type": "text",
        "text": "They brought the tabernacle to Moses—the tent and all its equipment, its clasps, frames, bars, posts, and bases;\n"
      }
    ]
  },
  "34": {
    "verseObjects": [
      {
        "type": "text",
        "text": "the covering of ram skins dyed red, the covering of fine leather, and the curtain to conceal\n"
      }
    ]
  },
  "35": {
    "verseObjects": [
      {
        "type": "text",
        "text": "the ark of the testimony, as well as the poles and the atonement lid.\n\n"
      },
      {
        "tag": "s5",
        "nextChar": "\n",
        "type": "section"
      }
    ]
  },
  "36": {
    "verseObjects": [
      {
        "type": "text",
        "text": "They brought the table, all its utensils, and the bread of the presence;\n"
      }
    ]
  },
  "37": {
    "verseObjects": [
      {
        "type": "text",
        "text": "the lampstand of pure gold and its lamps in a row, with its accessories and the oil for the lamps;\n"
      }
    ]
  },
  "38": {
    "verseObjects": [
      {
        "type": "text",
        "text": "the golden altar, the anointing oil and the fragrant incense; the hanging for the tabernacle entrance;\n"
      }
    ]
  },
  "39": {
    "verseObjects": [
      {
        "type": "text",
        "text": "the bronze altar with its bronze grate and its poles and utensil and the large basin with its base.\n\n"
      },
      {
        "tag": "s5",
        "nextChar": "\n",
        "type": "section"
      }
    ]
  },
  "40": {
    "verseObjects": [
      {
        "type": "text",
        "text": "They brought the hangings for the courtyard with its posts and bases, and the curtain for the courtyard entrance; its ropes and tent pegs; and all the equipment for the service of the tabernacle, the tent of meeting.\n"
      }
    ]
  },
  "41": {
    "verseObjects": [
      {
        "type": "text",
        "text": "They brought the fine woven garments for serving in the holy place, the holy garments for Aaron the priest and his sons, for them to serve as priests.\n\n"
      },
      {
        "tag": "s5",
        "nextChar": "\n",
        "type": "section"
      }
    ]
  },
  "42": {
    "verseObjects": [
      {
        "type": "text",
        "text": "Thus the people of Israel did all the work as Yahweh had commanded Moses.\n"
      }
    ]
  },
  "43": {
    "verseObjects": [
      {
        "type": "text",
        "text": "Moses examined all the work, and, behold, they had done it. As Yahweh had commanded, in that way they did it. Then Moses blessed them.\n\n\n"
      },
      {
        "tag": "s5",
        "nextChar": "\n",
        "type": "section"
      }
    ]
  },
  "front": {
    "verseObjects": [
      {
        "tag": "p",
        "nextChar": "\n",
        "type": "paragraph"
      }
    ]
  }
}