{
  "1": {
    "verseObjects": [
      {
        "type": "text",
        "text": "तो जब तुम मसीह के साथ जिलाए गए, तो स्वर्गीय वस्तुओं की खोज में रहो, जहाँ मसीह वर्तमान है और परमेश्‍वर के दाहिनी ओर बैठा है। (मत्ती 6:20)\n"
      }
    ]
  },
  "2": {
    "verseObjects": [
      {
        "type": "text",
        "text": "पृथ्वी पर की नहीं परन्तु स्वर्गीय वस्तुओं पर ध्यान लगाओ।\n"
      }
    ]
  },
  "3": {
    "verseObjects": [
      {
        "type": "text",
        "text": "क्योंकि तुम तो मर गए, और तुम्हारा जीवन मसीह के साथ परमेश्‍वर में छिपा हुआ है।\n"
      }
    ]
  },
  "4": {
    "verseObjects": [
      {
        "type": "text",
        "text": "जब मसीह जो हमारा जीवन है, प्रगट होगा, तब तुम भी उसके साथ महिमा सहित प्रगट किए जाओगे।\n"
      },
      {
        "tag": "p",
        "nextChar": "\n",
        "type": "paragraph"
      },
      {
        "tag": "s5",
        "nextChar": "\n",
        "type": "section"
      }
    ]
  },
  "5": {
    "verseObjects": [
      {
        "type": "text",
        "text": "इसलिए अपने उन अंगों को मार डालो, जो पृथ्वी पर हैं, अर्थात् व्यभिचार, अशुद्धता, दुष्कामना, बुरी लालसा और लोभ को जो मूर्ति पूजा के बराबर है।\n"
      }
    ]
  },
  "6": {
    "verseObjects": [
      {
        "type": "text",
        "text": "इन ही के कारण परमेश्‍वर का प्रकोप आज्ञा न माननेवालों पर पड़ता है।\n"
      }
    ]
  },
  "7": {
    "verseObjects": [
      {
        "type": "text",
        "text": "और तुम भी, जब इन बुराइयों में जीवन बिताते थे, तो इन्हीं के अनुसार चलते थे।\n"
      }
    ]
  },
  "8": {
    "verseObjects": [
      {
        "type": "text",
        "text": "पर अब तुम भी इन सब को अर्थात् क्रोध, रोष, बैर-भाव, निन्दा, और मुँह से गालियाँ बकना ये सब बातें छोड़ दो। (इफि. 4:23-24)\n"
      },
      {
        "tag": "p",
        "nextChar": "\n",
        "type": "paragraph"
      },
      {
        "tag": "s5",
        "nextChar": "\n",
        "type": "section"
      }
    ]
  },
  "9": {
    "verseObjects": [
      {
        "type": "text",
        "text": "एक दूसरे से झूठ मत बोलो क्योंकि तुम ने पुराने मनुष्यत्व को उसके कामों समेत उतार डाला है।\n"
      }
    ]
  },
  "10": {
    "verseObjects": [
      {
        "type": "text",
        "text": "और नये मनुष्यत्व को पहन लिया है जो अपने सृजनहार के स्वरूप के अनुसार ज्ञान प्राप्त करने के लिये नया बनता जाता है।\n"
      }
    ]
  },
  "11": {
    "verseObjects": [
      {
        "type": "text",
        "text": "उसमें न तो यूनानी रहा, न यहूदी, न खतना, न खतनारहित, न जंगली, न स्कूती, न दास और न स्वतंत्र केवल मसीह सब कुछ और सब में है*।\n"
      },
      {
        "tag": "s",
        "type": "section",
        "content": "मसीही जीवन\n"
      },
      {
        "tag": "p",
        "nextChar": "\n",
        "type": "paragraph"
      },
      {
        "tag": "s5",
        "nextChar": "\n",
        "type": "section"
      }
    ]
  },
  "12": {
    "verseObjects": [
      {
        "type": "text",
        "text": "इसलिए परमेश्‍वर के चुने हुओं के समान जो पवित्र और प्रिय हैं, बड़ी करुणा, और भलाई, और दीनता, और नम्रता, और सहनशीलता धारण करो;\n"
      }
    ]
  },
  "13": {
    "verseObjects": [
      {
        "type": "text",
        "text": "और यदि किसी को किसी पर दोष देने को कोई कारण हो, तो एक दूसरे की सह लो, और एक दूसरे के अपराध क्षमा करो: जैसे प्रभु ने तुम्हारे अपराध क्षमा किए, वैसे ही तुम भी करो।\n"
      }
    ]
  },
  "14": {
    "verseObjects": [
      {
        "type": "text",
        "text": "और इन सब के ऊपर प्रेम को जो सिद्धता का कटिबन्ध है बाँध लो।\n"
      },
      {
        "tag": "p",
        "nextChar": "\n",
        "type": "paragraph"
      },
      {
        "tag": "s5",
        "nextChar": "\n",
        "type": "section"
      }
    ]
  },
  "15": {
    "verseObjects": [
      {
        "type": "text",
        "text": "और मसीह की शान्ति, जिसके लिये तुम एक देह होकर बुलाए भी गए हो, तुम्हारे हृदय में राज्य करे, और तुम धन्यवादी बने रहो।\n"
      }
    ]
  },
  "16": {
    "verseObjects": [
      {
        "type": "text",
        "text": "मसीह के वचन को अपने हृदय में अधिकाई से बसने दो; और सिद्ध ज्ञान सहित एक दूसरे को सिखाओ, और चिताओ, और अपने-अपने मन में कृतज्ञता के साथ परमेश्‍वर के लिये भजन और स्तुतिगान और आत्मिक गीत गाओ।\n"
      }
    ]
  },
  "17": {
    "verseObjects": [
      {
        "type": "text",
        "text": "वचन से या काम से जो कुछ भी करो सब प्रभु यीशु के नाम से करो*, और उसके द्वारा परमेश्‍वर पिता का धन्यवाद करो।\n"
      },
      {
        "tag": "s",
        "type": "section",
        "content": "मसीही परिवार के लिये नियम\n"
      },
      {
        "tag": "p",
        "nextChar": "\n",
        "type": "paragraph"
      },
      {
        "tag": "s5",
        "nextChar": "\n",
        "type": "section"
      }
    ]
  },
  "18": {
    "verseObjects": [
      {
        "type": "text",
        "text": "हे पत्नियों, जैसा प्रभु में उचित है, वैसा ही अपने-अपने पति के अधीन रहो। (इफि. 5:22)\n"
      }
    ]
  },
  "19": {
    "verseObjects": [
      {
        "type": "text",
        "text": "हे पतियों, अपनी-अपनी पत्‍नी से प्रेम रखो, और उनसे कठोरता न करो।\n"
      }
    ]
  },
  "20": {
    "verseObjects": [
      {
        "type": "text",
        "text": "हे बच्चों, सब बातों में अपने-अपने माता-पिता की आज्ञा का पालन करो, क्योंकि प्रभु इससे प्रसन्‍न होता है।\n"
      }
    ]
  },
  "21": {
    "verseObjects": [
      {
        "type": "text",
        "text": "हे पिताओं, अपने बच्चों को भड़काया न करो, न हो कि उनका साहस टूट जाए।\n"
      },
      {
        "tag": "p",
        "nextChar": "\n",
        "type": "paragraph"
      },
      {
        "tag": "s5",
        "nextChar": "\n",
        "type": "section"
      }
    ]
  },
  "22": {
    "verseObjects": [
      {
        "type": "text",
        "text": "हे सेवकों, जो शरीर के अनुसार तुम्हारे स्वामी हैं, सब बातों में उनकी आज्ञा का पालन करो, मनुष्यों को प्रसन्‍न करनेवालों के समान दिखाने के लिये नहीं, परन्तु मन की सिधाई और परमेश्‍वर के भय से।\n"
      }
    ]
  },
  "23": {
    "verseObjects": [
      {
        "type": "text",
        "text": "और जो कुछ तुम करते हो, तन मन से करो, यह समझकर कि मनुष्यों के लिये नहीं परन्तु प्रभु के लिये करते हो।\n"
      }
    ]
  },
  "24": {
    "verseObjects": [
      {
        "type": "text",
        "text": "क्योंकि तुम जानते हो कि तुम्हें इसके बदले प्रभु से विरासत मिलेगी। तुम प्रभु मसीह की सेवा करते हो।\n"
      }
    ]
  },
  "25": {
    "verseObjects": [
      {
        "type": "text",
        "text": "क्योंकि जो बुरा करता है, वह अपनी बुराई का फल पाएगा; वहाँ किसी का पक्षपात नहीं। (प्रेरि. 10:34, रोम. 2:11)\n\n"
      },
      {
        "tag": "s5",
        "nextChar": "\n",
        "type": "section"
      }
    ]
  },
  "front": {
    "verseObjects": [
      {
        "tag": "s",
        "type": "section",
        "content": "पवित्र जीवन के नियम\n"
      },
      {
        "tag": "p",
        "nextChar": "\n",
        "type": "paragraph"
      }
    ]
  }
}