{
  "1": {
    "verseObjects": [
      {
        "type": "text",
        "text": "जिस प्रकार उन लोगों में झूठे भविष्यद्वक्ता थे उसी प्रकार तुम में भी झूठे उपदेशक होंगे, जो नाश करनेवाले पाखण्ड का उद्घाटन छिप छिपकर करेंगे और उस प्रभु का जिस ने उन्हें मोल लिया है इन्कार करेंगे और अपने आप को शीघ्र विनाश में डाल देंगे।\n"
      }
    ]
  },
  "2": {
    "verseObjects": [
      {
        "type": "text",
        "text": "और बहुत सारे उनके समान लुचपन करेंगे, जिनके कारण सत्य के मार्ग की निन्दा की जाएगी। (रोम. 2:24, यहे. 36:22)\n"
      }
    ]
  },
  "3": {
    "verseObjects": [
      {
        "type": "text",
        "text": "और वे लोभ के लिये बातें गढ़कर तुम्हें अपने लाभ का कारण बनाएँगे, और जो दण्ड की आज्ञा उन पर पहले से हो चुकी है, उसके आने में कुछ भी देर नहीं, और उनका विनाश उँघता नहीं।\n"
      },
      {
        "tag": "s",
        "type": "section",
        "text": "झूठे शिक्षकों का न्याय\n"
      },
      {
        "tag": "p",
        "type": "paragraph",
        "text": "\n"
      },
      {
        "tag": "s5",
        "type": "section",
        "text": "\n"
      }
    ]
  },
  "4": {
    "verseObjects": [
      {
        "type": "text",
        "text": "क्योंकि जब परमेश्‍वर ने उन दूतों को जिन्होंने पाप किया नहीं छोड़ा*, पर नरक में भेजकर अंधेरे कुण्डों में डाल दिया, ताकि न्याय के दिन तक बन्दी रहें।\n"
      }
    ]
  },
  "5": {
    "verseObjects": [
      {
        "type": "text",
        "text": "और प्राचीन युग के संसार को भी न छोड़ा, वरन् भक्तिहीन संसार पर महा जल-प्रलय भेजकर धार्मिकता का प्रचारक नूह समेत आठ व्यक्तियों को बचा लिया; (उत्प. 6:5-8, उत्प. 7:23)\n"
      }
    ]
  },
  "6": {
    "verseObjects": [
      {
        "type": "text",
        "text": "और सदोम और अमोरा के नगरों को विनाश का ऐसा दण्ड दिया, कि उन्हें भस्म करके राख में मिला दिया ताकि वे आनेवाले भक्तिहीन लोगों की शिक्षा के लिये एक दृष्टान्त बनें (यहू. 1:7, उत्प. 19:24)\n"
      },
      {
        "tag": "p",
        "type": "paragraph",
        "text": "\n"
      },
      {
        "tag": "s5",
        "type": "section",
        "text": "\n"
      }
    ]
  },
  "7": {
    "verseObjects": [
      {
        "type": "text",
        "text": "और धर्मी लूत को जो अधर्मियों के अशुद्ध चाल-चलन से बहुत दुःखी था छुटकारा दिया। (उत्प.19:12-13, 15)\n"
      }
    ]
  },
  "8": {
    "verseObjects": [
      {
        "type": "text",
        "text": "(क्योंकि वह धर्मी उनके बीच में रहते हुए, और उनके अधर्म के कामों को देख देखकर, और सुन सुनकर, हर दिन अपने सच्चे मन को पीड़ित करता था)।\n"
      }
    ]
  },
  "9": {
    "verseObjects": [
      {
        "type": "text",
        "text": "तो प्रभु के भक्तों को परीक्षा में से निकाल लेना और अधर्मियों को न्याय के दिन तक दण्ड की दशा में रखना भी जानता है।\n"
      },
      {
        "tag": "p",
        "type": "paragraph",
        "text": "\n"
      },
      {
        "tag": "s5",
        "type": "section",
        "text": "\n"
      }
    ]
  },
  "10": {
    "verseObjects": [
      {
        "type": "text",
        "text": "विशेष करके उन्हें जो अशुद्ध अभिलाषाओं के पीछे शरीर के अनुसार चलते, और प्रभुता को तुच्छ जानते हैं वे ढीठ, और हठी हैं, और ऊँचे पदवालों को बुरा-भला कहने से नहीं डरते।\n"
      }
    ]
  },
  "11": {
    "verseObjects": [
      {
        "type": "text",
        "text": "तो भी स्वर्गदूत जो शक्ति और सामर्थ्य में उनसे बड़े हैं, प्रभु के सामने उन्हें बुरा-भला कहकर दोष नहीं लगाते।\n"
      },
      {
        "tag": "s",
        "type": "section",
        "text": "झूठे शिक्षकों की भ्रष्टता\n"
      },
      {
        "tag": "p",
        "type": "paragraph",
        "text": "\n"
      },
      {
        "tag": "s5",
        "type": "section",
        "text": "\n"
      }
    ]
  },
  "12": {
    "verseObjects": [
      {
        "type": "text",
        "text": "पर ये लोग निर्बुद्धि पशुओं ही के तुल्य हैं, जो पकड़े जाने और नाश होने के लिये उत्‍पन्‍न हुए हैं; और जिन बातों को जानते ही नहीं, उनके विषय में औरों को बुरा-भला कहते हैं, वे अपनी सड़ाहट में आप ही सड़ जाएँगे।\n"
      }
    ]
  },
  "13": {
    "verseObjects": [
      {
        "type": "text",
        "text": "औरों का बुरा करने के बदले उन्हीं का बुरा होगा; उन्हें दिन दोपहर सुख-विलास करना भला लगता है; यह कलंक और दोष है जब वे तुम्हारे साथ खाते पीते हैं, तो अपनी ओर से प्रेम भोज करके भोग-विलास करते हैं।\n"
      }
    ]
  },
  "14": {
    "verseObjects": [
      {
        "type": "text",
        "text": "उनकी आँखों में व्यभिचार बसा हुआ है*, और वे पाप किए बिना रुक नहीं सकते; वे चंचल मनवालों को फुसला लेते हैं; उनके मन को लोभ करने का अभ्यास हो गया है, वे सन्ताप के सन्तान हैं।\n"
      },
      {
        "tag": "p",
        "type": "paragraph",
        "text": "\n"
      },
      {
        "tag": "s5",
        "type": "section",
        "text": "\n"
      }
    ]
  },
  "15": {
    "verseObjects": [
      {
        "type": "text",
        "text": "वे सीधे मार्ग को छोड़कर भटक गए हैं, और बओर के पुत्र बिलाम के मार्ग पर हो लिए हैं; जिस ने अधर्म की मजदूरी को प्रिय जाना; (गिन. 22:5-7)\n"
      }
    ]
  },
  "16": {
    "verseObjects": [
      {
        "type": "text",
        "text": "पर उसके अपराध के विषय में उलाहना दिया गया, यहाँ तक कि अबोल गदही ने मनुष्य की बोली से उस भविष्यद्वक्ता को उसके बावलेपन से रोका। (गिन. 22:26-31)\n"
      },
      {
        "tag": "p",
        "type": "paragraph",
        "text": "\n"
      },
      {
        "tag": "s5",
        "type": "section",
        "text": "\n"
      }
    ]
  },
  "17": {
    "verseObjects": [
      {
        "type": "text",
        "text": "ये लोग सूखे कुएँ, और आँधी के उड़ाए हुए बादल हैं, उनके लिये अनन्त अंधकार ठहराया गया है।\n"
      },
      {
        "tag": "s",
        "type": "section",
        "text": "झूठे शिक्षकों के धोखे\n"
      },
      {
        "tag": "p",
        "type": "paragraph",
        "text": "\n"
      }
    ]
  },
  "18": {
    "verseObjects": [
      {
        "type": "text",
        "text": "वे व्यर्थ घमण्ड की बातें कर करके लुचपन के कामों के द्वारा, उन लोगों को शारीरिक अभिलाषाओं में फँसा लेते हैं, जो भटके हुओं में से अभी निकल ही रहे हैं।\n"
      }
    ]
  },
  "19": {
    "verseObjects": [
      {
        "type": "text",
        "text": "वे उन्हें स्वतंत्र होने की प्रतिज्ञा तो देते हैं, पर आप ही सड़ाहट के दास हैं, क्योंकि जो व्यक्ति जिससे हार गया है, वह उसका दास बन जाता है।\n"
      },
      {
        "tag": "p",
        "type": "paragraph",
        "text": "\n"
      },
      {
        "tag": "s5",
        "type": "section",
        "text": "\n"
      }
    ]
  },
  "20": {
    "verseObjects": [
      {
        "type": "text",
        "text": "और जब वे प्रभु और उद्धारकर्ता यीशु मसीह की पहचान के द्वारा संसार की नाना प्रकार की अशुद्धता से बच निकले, और फिर उनमें फँसकर हार गए, तो उनकी पिछली दशा पहली से भी बुरी हो गई है।\n"
      }
    ]
  },
  "21": {
    "verseObjects": [
      {
        "type": "text",
        "text": "क्योंकि धार्मिकता के मार्ग का न जानना ही उनके लिये इससे भला होता, कि उसे जानकर, उस पवित्र आज्ञा से फिर जाते, जो उन्हें सौंपी गई थी।\n"
      }
    ]
  },
  "22": {
    "verseObjects": [
      {
        "type": "text",
        "text": "उन पर यह कहावत ठीक बैठती है, कि कुत्ता अपनी छाँट की ओर और नहलाई हुई सूअरनी कीचड़ में लोटने के लिये फिर चली जाती है। (नीति. 26:11)\n\n"
      },
      {
        "tag": "s5",
        "type": "section",
        "text": "\n"
      }
    ]
  },
  "front": {
    "verseObjects": [
      {
        "tag": "s",
        "type": "section",
        "text": "विनाशकारी सिद्धांत\n"
      },
      {
        "tag": "p",
        "type": "paragraph",
        "text": "\n"
      }
    ]
  }
}