{
  "1": {
    "verseObjects": [
      {
        "type": "text",
        "text": "Yahweh gave me another message. He said,\n"
      }
    ]
  },
  "2": {
    "verseObjects": [
      {
        "type": "text",
        "text": "\"Son of man, turn toward the south. Set yourself against them. Preach against the south and prophesy against the forest in the southern Judean wilderness.\n"
      }
    ]
  },
  "3": {
    "verseObjects": [
      {
        "type": "text",
        "text": "Say to them, 'This is what Yahweh says: I am opposed to you, and it will be as though I pull my sword from its sheath to kill both the righteous and the wicked people among you!\n\n"
      },
      {
        "tag": "s5",
        "nextChar": "\n",
        "type": "section"
      }
    ]
  },
  "4": {
    "verseObjects": [
      {
        "type": "text",
        "text": "So what I will do to you will be as though I pull my sword from its sheath and strike you. I will kill everyone, including righteous people and wicked people. I will get rid of everyone, from the south to the north.\n"
      }
    ]
  },
  "5": {
    "verseObjects": [
      {
        "type": "text",
        "text": "Then everyone will know that it is as though I, Yahweh, have struck people with my sword, and I will not put it back in its sheath again.'\n\n"
      },
      {
        "tag": "s5",
        "nextChar": "\n",
        "type": "section"
      },
      {
        "tag": "p",
        "nextChar": "\n",
        "type": "paragraph"
      }
    ]
  },
  "6": {
    "verseObjects": [
      {
        "type": "text",
        "text": "Therefore, Son of man, groan! Groan in front of the Israelite people very sadly and sorrowfully.\n"
      }
    ]
  },
  "7": {
    "verseObjects": [
      {
        "type": "text",
        "text": "And when they ask you, 'Why are you groaning?' tell them that it is because of the news that they soon will hear. Everyone will be very fearful, and their hands will tremble uncontrollably, while their knees become as weak as water. A great disaster will soon occur. This is what Yahweh the Lord is promising.\"\n\n"
      },
      {
        "tag": "s5",
        "nextChar": "\n",
        "type": "section"
      },
      {
        "tag": "p",
        "nextChar": "\n",
        "type": "paragraph"
      }
    ]
  },
  "8": {
    "verseObjects": [
      {
        "type": "text",
        "text": "Yahweh gave me another message. He said,\n"
      }
    ]
  },
  "9": {
    "verseObjects": [
      {
        "type": "text",
        "text": "\"Son of man, prophesy and say to them, 'This is what the Lord says:\n"
      },
      {
        "tag": "q1",
        "type": "quote",
        "text": "I will sharpen my sword\n"
      },
      {
        "tag": "q2",
        "type": "quote",
        "text": "and polish it.\n"
      },
      {
        "type": "text",
        "text": "\n"
      },
      {
        "tag": "s5",
        "nextChar": "\n",
        "type": "section"
      },
      {
        "tag": "q1",
        "nextChar": "\n",
        "type": "quote"
      }
    ]
  },
  "10": {
    "verseObjects": [
      {
        "type": "text",
        "text": "It will be sharp in order that I can slaughter many people with it;\n"
      },
      {
        "tag": "q2",
        "type": "quote",
        "text": "I will polish it so that it will flash like lightning.\n"
      },
      {
        "tag": "q1",
        "type": "quote",
        "text": "The people of Judah will not celebrate about their king's scepter,\n"
      },
      {
        "tag": "q2",
        "type": "quote",
        "text": "because it will not resist the sword that is coming against it.\n"
      },
      {
        "tag": "q1",
        "nextChar": "\n",
        "type": "quote"
      }
    ]
  },
  "11": {
    "verseObjects": [
      {
        "type": "text",
        "text": "So I will polish the sword,\n"
      },
      {
        "tag": "q2",
        "type": "quote",
        "text": "and the right person will then hold it in his hand.\n"
      },
      {
        "tag": "q1",
        "type": "quote",
        "text": "Now it is sharp; now it shines,\n"
      },
      {
        "tag": "q2",
        "type": "quote",
        "text": "ready for the killer to use!\n"
      },
      {
        "type": "text",
        "text": "\n"
      },
      {
        "tag": "s5",
        "nextChar": "\n",
        "type": "section"
      },
      {
        "tag": "q1",
        "nextChar": "\n",
        "type": "quote"
      }
    ]
  },
  "12": {
    "verseObjects": [
      {
        "type": "text",
        "text": "So, Son of man, cry and wail,\n"
      },
      {
        "tag": "q2",
        "type": "quote",
        "text": "because I will use my sword to kill my people,\n"
      },
      {
        "tag": "q2",
        "type": "quote",
        "text": "including the leaders of Israel.\n"
      },
      {
        "tag": "q1",
        "type": "quote",
        "text": "That sword will kill them and all the others of my people;\n"
      },
      {
        "tag": "q2",
        "type": "quote",
        "text": "my sword will kill them all,\n"
      },
      {
        "tag": "q1",
        "type": "quote",
        "text": "so beat your chests to show that you are sad.\n"
      },
      {
        "tag": "q1",
        "nextChar": "\n",
        "type": "quote"
      }
    ]
  },
  "13": {
    "verseObjects": [
      {
        "type": "text",
        "text": "I am about to test my people,\n"
      },
      {
        "tag": "q2",
        "type": "quote",
        "text": "and what will happen if the scepter cannot resist?\n"
      },
      {
        "tag": "q2",
        "type": "quote",
        "text": "That is what I, Yahweh the Lord, say.\n"
      },
      {
        "type": "text",
        "text": "\n"
      },
      {
        "tag": "s5",
        "nextChar": "\n",
        "type": "section"
      },
      {
        "tag": "q1",
        "nextChar": "\n",
        "type": "quote"
      }
    ]
  },
  "14": {
    "verseObjects": [
      {
        "type": "text",
        "text": "So, Son of man, prophesy;\n"
      },
      {
        "tag": "q2",
        "type": "quote",
        "text": "clap your hands to show that you are very sad about what is going to happen.\n"
      },
      {
        "tag": "q1",
        "type": "quote",
        "text": "My sword will strike my people again and again;\n"
      },
      {
        "tag": "q1",
        "type": "quote",
        "text": "it is a sword for slaughtering many people,\n"
      },
      {
        "tag": "q2",
        "type": "quote",
        "text": "while I attack them from every side.\n"
      },
      {
        "type": "text",
        "text": "\n"
      },
      {
        "tag": "s5",
        "nextChar": "\n",
        "type": "section"
      },
      {
        "tag": "q1",
        "nextChar": "\n",
        "type": "quote"
      }
    ]
  },
  "15": {
    "verseObjects": [
      {
        "type": "text",
        "text": "In order that people will be very much afraid\n"
      },
      {
        "tag": "q2",
        "type": "quote",
        "text": "and that many people will die,\n"
      },
      {
        "tag": "q1",
        "type": "quote",
        "text": "I have placed soldiers at every city gate,\n"
      },
      {
        "tag": "q2",
        "type": "quote",
        "text": "ready to slaughter people.\n"
      },
      {
        "tag": "q1",
        "type": "quote",
        "text": "My sword will flash like lightning,\n"
      },
      {
        "tag": "q2",
        "type": "quote",
        "text": "as the soldiers slaughter the people.\n"
      },
      {
        "tag": "q1",
        "nextChar": "\n",
        "type": "quote"
      }
    ]
  },
  "16": {
    "verseObjects": [
      {
        "type": "text",
        "text": "I will tell my sword to slash to the right\n"
      },
      {
        "tag": "q2",
        "type": "quote",
        "text": "and then to the left,\n"
      },
      {
        "tag": "q2",
        "type": "quote",
        "text": "and to turn in every direction until no one remains alive.\n"
      },
      {
        "tag": "q1",
        "nextChar": "\n",
        "type": "quote"
      }
    ]
  },
  "17": {
    "verseObjects": [
      {
        "type": "text",
        "text": "Then I will clap my hands triumphantly;\n"
      },
      {
        "tag": "q2",
        "type": "quote",
        "text": "and then I will no longer be angry.\n"
      },
      {
        "tag": "q1",
        "type": "quote",
        "text": "That will surely happen because I, Yahweh, have said it.'\"\n"
      },
      {
        "type": "text",
        "text": "\n"
      },
      {
        "tag": "s5",
        "nextChar": "\n",
        "type": "section"
      },
      {
        "tag": "p",
        "nextChar": "\n",
        "type": "paragraph"
      }
    ]
  },
  "18": {
    "verseObjects": [
      {
        "type": "text",
        "text": "Yahweh gave me another message. He said,\n"
      }
    ]
  },
  "19": {
    "verseObjects": [
      {
        "type": "text",
        "text": "\"Son of man, draw on a map two roads for the king of Babylonia to march on with his army. When they depart from their own country, they will come to a signpost where a single road divides into those two roads.\n"
      }
    ]
  },
  "20": {
    "verseObjects": [
      {
        "type": "text",
        "text": "If they take one of those roads, they will attack the city of Rabbah, the capital of the Ammon people group. If they take the other road, they will come to Judah and Jerusalem, a city with walls around it.\n\n"
      },
      {
        "tag": "s5",
        "nextChar": "\n",
        "type": "section"
      }
    ]
  },
  "21": {
    "verseObjects": [
      {
        "type": "text",
        "text": "When the army of Babylon comes to where the road divides, the army will stop, while the king performs magic rituals to decide which road to go on. He will throw arrows; then he will consult his idols about which road to go on, and he will examine the liver of a sheep.\n"
      }
    ]
  },
  "22": {
    "verseObjects": [
      {
        "type": "text",
        "text": "With his right hand he will pick up the arrow marked with the name of Jerusalem. He will then command his soldiers to go to Jerusalem. When they arrive there, they will set up rams to batter down the walls, and then the king will give the command for them to slaughter the people. They will shout the battlecry, and they will set up the rams against the city gates. They will build a dirt ramp against the walls around the city, and set walls against the city.\n"
      }
    ]
  },
  "23": {
    "verseObjects": [
      {
        "type": "text",
        "text": "The people in Jerusalem who had promised to be loyal to the king of Babylonia will think that those magic rituals must be wrong. They will think that his army should not be attacking them. But he will remind them of the disloyalty of which they are guilty, and he will say that they have violated their agreement with him.\n\n"
      },
      {
        "tag": "s5",
        "nextChar": "\n",
        "type": "section"
      },
      {
        "tag": "p",
        "nextChar": "\n",
        "type": "paragraph"
      }
    ]
  },
  "24": {
    "verseObjects": [
      {
        "type": "text",
        "text": "Therefore, tell the Israelite people that this is what Yahweh the Lord says: 'You people have allowed everyone to see that you are openly rebelling against the king of Babylonia, and by doing that you have shown that everything that you do is sinful. Therefore he will capture you and take you to Babylonia.'\n\n"
      },
      {
        "tag": "s5",
        "nextChar": "\n",
        "type": "section"
      },
      {
        "tag": "p",
        "nextChar": "\n",
        "type": "paragraph"
      }
    ]
  },
  "25": {
    "verseObjects": [
      {
        "type": "text",
        "text": "Also, say to the king of Judah, 'You very wicked king of Israel, it is your time to die. It is the time for Yahweh to punish you.'\n"
      }
    ]
  },
  "26": {
    "verseObjects": [
      {
        "type": "text",
        "text": "And this is what I, Yahweh the Lord, say to you about your king in Jerusalem, 'Take off the king's turban and his crown, because now things will be different than they were before. I will give power to those who had none, and I will disgrace those who had power.\n"
      }
    ]
  },
  "27": {
    "verseObjects": [
      {
        "type": "text",
        "text": "I will cause the Babylonians to destroy everything. No one will be king of Judah again, not until the man comes who deserves to be king. Then I will make him become king.'\n\n"
      },
      {
        "tag": "s5",
        "nextChar": "\n",
        "type": "section"
      },
      {
        "tag": "p",
        "nextChar": "\n",
        "type": "paragraph"
      }
    ]
  },
  "28": {
    "verseObjects": [
      {
        "type": "text",
        "text": "And, Son of man, prophesy and say that this is what I, Yahweh the Lord, say about the Ammon people group, and about how I will disgrace them:\n"
      },
      {
        "tag": "q1",
        "type": "quote",
        "text": "'My soldiers have swords\n"
      },
      {
        "tag": "q2",
        "type": "quote",
        "text": "and they have pulled out those swords to slaughter many people.\n"
      },
      {
        "tag": "q1",
        "type": "quote",
        "text": "They have polished them in order to kill people,\n"
      },
      {
        "tag": "q2",
        "type": "quote",
        "text": "and to flash like lightning.\n"
      },
      {
        "tag": "q1",
        "nextChar": "\n",
        "type": "quote"
      }
    ]
  },
  "29": {
    "verseObjects": [
      {
        "type": "text",
        "text": "Your Ammonite prophets have given you false visions about what will happen to you,\n"
      },
      {
        "tag": "q2",
        "type": "quote",
        "text": "and they have held useless ceremonies that give you false messages.\n"
      },
      {
        "tag": "q1",
        "type": "quote",
        "text": "So swords will strike the necks of those wicked people.\n"
      },
      {
        "tag": "q2",
        "type": "quote",
        "text": "The day when I punish them has come, \n"
      },
      {
        "tag": "q2",
        "type": "quote",
        "text": "because they have not been loyal to me.'\n"
      },
      {
        "type": "text",
        "text": "\n"
      },
      {
        "tag": "s5",
        "nextChar": "\n",
        "type": "section"
      },
      {
        "tag": "q1",
        "nextChar": "\n",
        "type": "quote"
      }
    ]
  },
  "30": {
    "verseObjects": [
      {
        "type": "text",
        "text": "But later the soldiers of Babylon will have to put their swords back into their sheaths,\n"
      },
      {
        "tag": "q2",
        "type": "quote",
        "text": "because the time for them to slaughter their enemies will end.\n"
      },
      {
        "tag": "q2",
        "type": "quote",
        "text": "I will judge these Babylonians in the country where they were born.\n"
      },
      {
        "tag": "q1",
        "nextChar": "\n",
        "type": "quote"
      }
    ]
  },
  "31": {
    "verseObjects": [
      {
        "type": "text",
        "text": "I will pour out my punishment on them.\n"
      },
      {
        "tag": "q1",
        "type": "quote",
        "text": "Because I am very angry with them,\n"
      },
      {
        "tag": "q2",
        "type": "quote",
        "text": "my breath on them will scorch them like a fire.\n"
      },
      {
        "tag": "q1",
        "type": "quote",
        "text": "I will allow brutal men to capture them,\n"
      },
      {
        "tag": "q2",
        "type": "quote",
        "text": "men who are experts at killing people.\n"
      },
      {
        "type": "text",
        "text": "\n"
      },
      {
        "tag": "s5",
        "nextChar": "\n",
        "type": "section"
      },
      {
        "tag": "q1",
        "nextChar": "\n",
        "type": "quote"
      }
    ]
  },
  "32": {
    "verseObjects": [
      {
        "type": "text",
        "text": "They will be like fuel that is burned in a fire.\n"
      },
      {
        "tag": "q2",
        "type": "quote",
        "text": "Their blood will flow in their own land.\n"
      },
      {
        "tag": "q1",
        "type": "quote",
        "text": "No one will remember them anymore.\n"
      },
      {
        "tag": "q2",
        "type": "quote",
        "text": "That will surely happen because I, Yahweh, have said it.\"\n"
      },
      {
        "type": "text",
        "text": "\n\n"
      },
      {
        "tag": "s5",
        "nextChar": "\n",
        "type": "section"
      }
    ]
  },
  "front": {
    "verseObjects": [
      {
        "tag": "p",
        "nextChar": "\n",
        "type": "paragraph"
      }
    ]
  }
}