{
  "1": {
    "verseObjects": [
      {
        "type": "text",
        "text": "Yahweh said this to me:\n"
      }
    ]
  },
  "2": {
    "verseObjects": [
      {
        "type": "text",
        "text": "\"Son of man, sing a funeral song about Tyre.\n"
      }
    ]
  },
  "3": {
    "verseObjects": [
      {
        "type": "text",
        "text": "The city of Tyre is on an island at the edge of the sea, and their merchants traded with people groups who live along many seacoasts. This is what Yahweh the Lord says that you should tell them:\n"
      },
      {
        "tag": "q1",
        "type": "quote",
        "text": "You people of Tyre said that your city was very beautiful.\n"
      },
      {
        "type": "text",
        "text": "\n"
      },
      {
        "tag": "s5",
        "nextChar": "\n",
        "type": "section"
      },
      {
        "tag": "q1",
        "nextChar": "\n",
        "type": "quote"
      }
    ]
  },
  "4": {
    "verseObjects": [
      {
        "type": "text",
        "text": "You controlled what people bought and sold—the people who lived along the sea.\n"
      },
      {
        "tag": "q2",
        "type": "quote",
        "text": "Those who built your city made it very beautiful.\n"
      },
      {
        "tag": "q1",
        "nextChar": "\n",
        "type": "quote"
      }
    ]
  },
  "5": {
    "verseObjects": [
      {
        "type": "text",
        "text": "You and your city were like a huge ship\n"
      },
      {
        "tag": "q2",
        "type": "quote",
        "text": "that you built from fir trees on Mount Hermon.\n"
      },
      {
        "tag": "q1",
        "type": "quote",
        "text": "Then you took cedar wood from Lebanon to make a mast for the ship.\n"
      },
      {
        "type": "text",
        "text": "\n"
      },
      {
        "tag": "s5",
        "nextChar": "\n",
        "type": "section"
      },
      {
        "tag": "q1",
        "nextChar": "\n",
        "type": "quote"
      }
    ]
  },
  "6": {
    "verseObjects": [
      {
        "type": "text",
        "text": "You carved oars from oak trees from the region of Bashan.\n"
      },
      {
        "tag": "q1",
        "type": "quote",
        "text": "You made the deck from cypress wood from the island of Cyprus,\n"
      },
      {
        "tag": "q2",
        "type": "quote",
        "text": "and you covered the decks with ivory.\n"
      },
      {
        "tag": "q1",
        "nextChar": "\n",
        "type": "quote"
      }
    ]
  },
  "7": {
    "verseObjects": [
      {
        "type": "text",
        "text": "You made the sails from fine embroidered linen from Egypt;\n"
      },
      {
        "tag": "q2",
        "type": "quote",
        "text": "those sails were like flags that people could see far away.\n"
      },
      {
        "type": "text",
        "text": "\n"
      },
      {
        "tag": "s5",
        "nextChar": "\n",
        "type": "section"
      },
      {
        "tag": "q1",
        "nextChar": "\n",
        "type": "quote"
      }
    ]
  },
  "8": {
    "verseObjects": [
      {
        "type": "text",
        "text": "Men from the cities of Sidon and Arvad pulled your oars;\n"
      },
      {
        "tag": "q2",
        "type": "quote",
        "text": "the men who steered the ship were experienced sailors from Tyre.\n"
      },
      {
        "tag": "q1",
        "nextChar": "\n",
        "type": "quote"
      }
    ]
  },
  "9": {
    "verseObjects": [
      {
        "type": "text",
        "text": "Experienced craftsmen from Gebal were on board. They caulked the seams of your ships.\n"
      },
      {
        "tag": "q2",
        "type": "quote",
        "text": "Sailors from many countries came in their ships to buy and sell goods with you.\n"
      },
      {
        "type": "text",
        "text": "\n"
      },
      {
        "tag": "s5",
        "nextChar": "\n",
        "type": "section"
      },
      {
        "tag": "q1",
        "nextChar": "\n",
        "type": "quote"
      }
    ]
  },
  "10": {
    "verseObjects": [
      {
        "type": "text",
        "text": "Men who came from the far away lands of Persia, Lud, and Put were soldiers in your army.\n"
      },
      {
        "tag": "q1",
        "type": "quote",
        "text": "They hung their shields and helmets on the walls of your city;\n"
      },
      {
        "tag": "q2",
        "type": "quote",
        "text": "this caused many people to admire your city.\n"
      },
      {
        "tag": "q1",
        "nextChar": "\n",
        "type": "quote"
      }
    ]
  },
  "11": {
    "verseObjects": [
      {
        "type": "text",
        "text": "Men from the cities of Arvad and Helek were watchmen on your city walls;\n"
      },
      {
        "tag": "q2",
        "type": "quote",
        "text": "men from the city of Gammad were in your towers.\n"
      },
      {
        "tag": "q1",
        "type": "quote",
        "text": "They also hung their shields on your walls;\n"
      },
      {
        "tag": "q2",
        "type": "quote",
        "text": "they also made your city very beautiful.\n"
      },
      {
        "type": "text",
        "text": "\n"
      },
      {
        "tag": "s5",
        "nextChar": "\n",
        "type": "section"
      },
      {
        "tag": "p",
        "nextChar": "\n",
        "type": "paragraph"
      }
    ]
  },
  "12": {
    "verseObjects": [
      {
        "type": "text",
        "text": "Because of the many things that you had to trade, men from Tarshish sent merchants who brought silver, iron, tin, and lead to trade for things that you had.\n"
      },
      {
        "tag": "p",
        "nextChar": "\n",
        "type": "paragraph"
      }
    ]
  },
  "13": {
    "verseObjects": [
      {
        "type": "text",
        "text": "Merchants from the regions of Greece, Tubal, and Meshech brought slaves and things made from bronze to trade for things that you had.\n\n"
      },
      {
        "tag": "s5",
        "nextChar": "\n",
        "type": "section"
      },
      {
        "tag": "p",
        "nextChar": "\n",
        "type": "paragraph"
      }
    ]
  },
  "14": {
    "verseObjects": [
      {
        "type": "text",
        "text": "Men from Beth Togarmah brought work horses, war horses, and mules to trade for things that you had.\n"
      },
      {
        "tag": "p",
        "nextChar": "\n",
        "type": "paragraph"
      }
    ]
  },
  "15": {
    "verseObjects": [
      {
        "type": "text",
        "text": "Merchants came to you from the island of Rhodes.\n"
      },
      {
        "tag": "q1",
        "type": "quote",
        "text": "People from many nations by the sea traded with you;\n"
      },
      {
        "tag": "q2",
        "type": "quote",
        "text": "they brought ivory and valuable black ebony wood to trade for things that you had.\n"
      },
      {
        "type": "text",
        "text": "\n"
      },
      {
        "tag": "s5",
        "nextChar": "\n",
        "type": "section"
      },
      {
        "tag": "p",
        "nextChar": "\n",
        "type": "paragraph"
      }
    ]
  },
  "16": {
    "verseObjects": [
      {
        "type": "text",
        "text": "Because you had very many things to trade, people from the land of Aram brought to you valuable turquoise stones, purple cloth, embroidered cloth, fine linen cloth, and jewelry made from coral and rubies to you.\n"
      },
      {
        "tag": "p",
        "nextChar": "\n",
        "type": "paragraph"
      }
    ]
  },
  "17": {
    "verseObjects": [
      {
        "type": "text",
        "text": "Men from Judah and Israel brought wheat from the city of Minnith in Ammon, and cakes, honey, olive oil, and ointment to trade for your things.\n"
      },
      {
        "tag": "p",
        "nextChar": "\n",
        "type": "paragraph"
      }
    ]
  },
  "18": {
    "verseObjects": [
      {
        "type": "text",
        "text": "Because you had very many things to sell, men from the city of Damascus brought wine from the town of Helbon and white wool from the area of Zahar to trade for many things that you had.\n\n"
      },
      {
        "tag": "s5",
        "nextChar": "\n",
        "type": "section"
      },
      {
        "tag": "p",
        "nextChar": "\n",
        "type": "paragraph"
      }
    ]
  },
  "19": {
    "verseObjects": [
      {
        "type": "text",
        "text": "Men from the tribe of Dan and Greek men from the area of Izal brought things made of iron, cassia spice, and fragrant calamus seeds to trade for things that you had.\n"
      },
      {
        "tag": "p",
        "nextChar": "\n",
        "type": "paragraph"
      }
    ]
  },
  "20": {
    "verseObjects": [
      {
        "type": "text",
        "text": "Merchants came from Dedan in southern Edom bringing saddle blankets to trade for things that you had.\n"
      },
      {
        "tag": "p",
        "nextChar": "\n",
        "type": "paragraph"
      }
    ]
  },
  "21": {
    "verseObjects": [
      {
        "type": "text",
        "text": "Men from Arabia and all the rulers of the region of Kedar sent merchants to trade lambs and rams and male goats for things that you had.\n\n"
      },
      {
        "tag": "s5",
        "nextChar": "\n",
        "type": "section"
      },
      {
        "tag": "p",
        "nextChar": "\n",
        "type": "paragraph"
      }
    ]
  },
  "22": {
    "verseObjects": [
      {
        "type": "text",
        "text": "Merchants from Sheba and Raamah in Arabia brought many kinds of very good spices and jewels and gold to exchange for things that you had.\n"
      },
      {
        "tag": "p",
        "nextChar": "\n",
        "type": "paragraph"
      }
    ]
  },
  "23": {
    "verseObjects": [
      {
        "type": "text",
        "text": "Men came from Haran, Kanneh, Eden, Sheba, Ashur and Kilmad in Mesopotamia with their goods.\n\n"
      },
      {
        "tag": "s5",
        "nextChar": "\n",
        "type": "section"
      }
    ]
  },
  "24": {
    "verseObjects": [
      {
        "type": "text",
        "text": "They brought beautiful things to trade with you: Blue cloth, embroidered cloth, and rugs of many colors that were rolled up and tied with ropes.\n"
      },
      {
        "tag": "q1",
        "nextChar": "\n",
        "type": "quote"
      }
    ]
  },
  "25": {
    "verseObjects": [
      {
        "type": "text",
        "text": "Cargo ships from Tarshish carried all those things that you sold;\n"
      },
      {
        "tag": "q2",
        "type": "quote",
        "text": "the warehouses on your island were full of all those things and brought you great honor.\n"
      },
      {
        "type": "text",
        "text": "\n"
      },
      {
        "tag": "s5",
        "nextChar": "\n",
        "type": "section"
      },
      {
        "tag": "q1",
        "nextChar": "\n",
        "type": "quote"
      }
    ]
  },
  "26": {
    "verseObjects": [
      {
        "type": "text",
        "text": "The men who row your ships took the ships full of cargo out onto the large seas.\n"
      },
      {
        "tag": "q2",
        "type": "quote",
        "text": "But now the strong east wind has wrecked those ships.\n"
      },
      {
        "tag": "q1",
        "nextChar": "\n",
        "type": "quote"
      }
    ]
  },
  "27": {
    "verseObjects": [
      {
        "type": "text",
        "text": "Everything in the ships has been lost—\n"
      },
      {
        "tag": "q2",
        "type": "quote",
        "text": "all the valuable cargo and many of the sailors and ship pilots,\n"
      },
      {
        "tag": "q1",
        "type": "quote",
        "text": "the ship workers and merchants and soldiers.\n"
      },
      {
        "tag": "q1",
        "type": "quote",
        "text": "On the day that the ships were wrecked,\n"
      },
      {
        "tag": "q2",
        "type": "quote",
        "text": "all their crews sank to the bottom of the sea.\n"
      },
      {
        "type": "text",
        "text": "\n"
      },
      {
        "tag": "s5",
        "nextChar": "\n",
        "type": "section"
      },
      {
        "tag": "q1",
        "nextChar": "\n",
        "type": "quote"
      }
    ]
  },
  "28": {
    "verseObjects": [
      {
        "type": "text",
        "text": "The people in cities along the coast trembled\n"
      },
      {
        "tag": "q2",
        "type": "quote",
        "text": "when they heard your ship pilots cry out.\n"
      },
      {
        "tag": "q1",
        "nextChar": "\n",
        "type": "quote"
      }
    ]
  },
  "29": {
    "verseObjects": [
      {
        "type": "text",
        "text": "All the men who pulled the oars will leave the ships;\n"
      },
      {
        "tag": "q2",
        "type": "quote",
        "text": "the sailors and pilots will come to the shore and stand on the beach.\n"
      },
      {
        "tag": "q1",
        "nextChar": "\n",
        "type": "quote"
      }
    ]
  },
  "30": {
    "verseObjects": [
      {
        "type": "text",
        "text": "They will cry aloud because of what has happened to you,\n"
      },
      {
        "tag": "q2",
        "type": "quote",
        "text": "and they weep bitterly.\n"
      },
      {
        "tag": "q1",
        "type": "quote",
        "text": "They will throw earth on their heads\n"
      },
      {
        "tag": "q2",
        "type": "quote",
        "text": "and roll around in ashes.\n"
      },
      {
        "type": "text",
        "text": "\n"
      },
      {
        "tag": "s5",
        "nextChar": "\n",
        "type": "section"
      },
      {
        "tag": "q1",
        "nextChar": "\n",
        "type": "quote"
      }
    ]
  },
  "31": {
    "verseObjects": [
      {
        "type": "text",
        "text": "They shave their heads to show that they are very sad because of what has happened to you,\n"
      },
      {
        "tag": "q2",
        "type": "quote",
        "text": "and they put on rough sackcloth to mourn.\n"
      },
      {
        "tag": "q1",
        "type": "quote",
        "text": "They weep for you very bitterly\n"
      },
      {
        "tag": "q2",
        "type": "quote",
        "text": "and mourn for you.\n"
      },
      {
        "tag": "q1",
        "nextChar": "\n",
        "type": "quote"
      }
    ]
  },
  "32": {
    "verseObjects": [
      {
        "type": "text",
        "text": "While they wail and mourn because of what has happened to you\n"
      },
      {
        "tag": "q2",
        "type": "quote",
        "text": "they sing this sad funeral song:\n"
      },
      {
        "tag": "q1",
        "type": "quote",
        "text": "'There was certainly never a city like Tyre,\n"
      },
      {
        "tag": "q2",
        "type": "quote",
        "text": "which now is silent,\n"
      },
      {
        "tag": "q2",
        "type": "quote",
        "text": "covered by the waves of the sea.'\n"
      },
      {
        "tag": "q1",
        "nextChar": "\n",
        "type": "quote"
      }
    ]
  },
  "33": {
    "verseObjects": [
      {
        "type": "text",
        "text": "The goods that your merchants traded\n"
      },
      {
        "tag": "q2",
        "type": "quote",
        "text": "were things that pleased the people of many countries.\n"
      },
      {
        "tag": "q1",
        "type": "quote",
        "text": "Kings in very distant places became rich\n"
      },
      {
        "tag": "q2",
        "type": "quote",
        "text": "from the money they made by buying and selling with you.\n"
      },
      {
        "type": "text",
        "text": "\n"
      },
      {
        "tag": "s5",
        "nextChar": "\n",
        "type": "section"
      },
      {
        "tag": "q1",
        "nextChar": "\n",
        "type": "quote"
      }
    ]
  },
  "34": {
    "verseObjects": [
      {
        "type": "text",
        "text": "But now your city is like a ship wrecked in the sea;\n"
      },
      {
        "tag": "q2",
        "type": "quote",
        "text": "and everything in it is broken, and it is now at the bottom of the sea.\n"
      },
      {
        "tag": "q1",
        "type": "quote",
        "text": "All of your cargo and your sailors have sunk to the bottom of the sea.\n"
      },
      {
        "tag": "q1",
        "nextChar": "\n",
        "type": "quote"
      }
    ]
  },
  "35": {
    "verseObjects": [
      {
        "type": "text",
        "text": "All the people who live along the seacoast are appalled\n"
      },
      {
        "tag": "q2",
        "type": "quote",
        "text": "because of what has happened to you.\n"
      },
      {
        "tag": "q1",
        "type": "quote",
        "text": "Their kings are very horrified;\n"
      },
      {
        "tag": "q2",
        "type": "quote",
        "text": "they shake with fear as they watch.\n"
      },
      {
        "tag": "q1",
        "nextChar": "\n",
        "type": "quote"
      }
    ]
  },
  "36": {
    "verseObjects": [
      {
        "type": "text",
        "text": "The merchants of the other nations shake their heads\n"
      },
      {
        "tag": "q2",
        "type": "quote",
        "text": "because it is difficult for them to believe what has happened;\n"
      },
      {
        "tag": "q1",
        "type": "quote",
        "text": "now your city has disappeared,\n"
      },
      {
        "tag": "q2",
        "type": "quote",
        "text": "and it will not exist anymore.\"\n"
      },
      {
        "type": "text",
        "text": "\n\n"
      },
      {
        "tag": "s5",
        "nextChar": "\n",
        "type": "section"
      }
    ]
  },
  "front": {
    "verseObjects": [
      {
        "tag": "p",
        "nextChar": "\n",
        "type": "paragraph"
      }
    ]
  }
}