{
  "1": {
    "verseObjects": [
      {
        "type": "text",
        "text": "Then Yahweh gave me another message. He said:\n"
      }
    ]
  },
  "2": {
    "verseObjects": [
      {
        "type": "text",
        "text": "\"Son of man, give to the king of Tyre this message from me, Yahweh the Lord:\n"
      },
      {
        "tag": "q1",
        "type": "quote",
        "text": "'You have very proudly claimed that you are a god,\n"
      },
      {
        "tag": "q2",
        "type": "quote",
        "text": "and that you are untouchable, since you sit on a throne in a city on an island in the sea!\n"
      },
      {
        "tag": "q1",
        "type": "quote",
        "text": "You boast that you are a god,\n"
      },
      {
        "tag": "q2",
        "type": "quote",
        "text": "but you are in reality only a man, not a god.\n"
      },
      {
        "tag": "q1",
        "nextChar": "\n",
        "type": "quote"
      }
    ]
  },
  "3": {
    "verseObjects": [
      {
        "type": "text",
        "text": "You think that you are wiser than Daniel was,\n"
      },
      {
        "tag": "q2",
        "type": "quote",
        "text": "and you think that you can understand every secret.\n"
      },
      {
        "type": "text",
        "text": "\n"
      },
      {
        "tag": "s5",
        "nextChar": "\n",
        "type": "section"
      },
      {
        "tag": "q1",
        "nextChar": "\n",
        "type": "quote"
      }
    ]
  },
  "4": {
    "verseObjects": [
      {
        "type": "text",
        "text": "Because you were wise and shrewd in business, you have become very rich;\n"
      },
      {
        "tag": "q2",
        "type": "quote",
        "text": "you have acquired much gold and silver for your treasuries.\n"
      },
      {
        "tag": "q1",
        "nextChar": "\n",
        "type": "quote"
      }
    ]
  },
  "5": {
    "verseObjects": [
      {
        "type": "text",
        "text": "Yes, it is true that by buying and selling wisely, you have become very rich;\n"
      },
      {
        "tag": "q2",
        "type": "quote",
        "text": "and because you are rich, you have become very proud.\n"
      },
      {
        "type": "text",
        "text": "\n"
      },
      {
        "tag": "s5",
        "nextChar": "\n",
        "type": "section"
      },
      {
        "tag": "p",
        "nextChar": "\n",
        "type": "paragraph"
      }
    ]
  },
  "6": {
    "verseObjects": [
      {
        "type": "text",
        "text": "Therefore, Yahweh the Lord says that\n"
      },
      {
        "tag": "q1",
        "type": "quote",
        "text": "because you think that you are as wise as a god,\n"
      },
      {
        "tag": "q2",
        "nextChar": "\n",
        "type": "quote"
      }
    ]
  },
  "7": {
    "verseObjects": [
      {
        "type": "text",
        "text": "he will bring a foreign army to attack your country,\n"
      },
      {
        "tag": "q2",
        "type": "quote",
        "text": "an army that causes other nations to be terrified.\n"
      },
      {
        "tag": "q1",
        "type": "quote",
        "text": "They will pull out their swords to strike you,\n"
      },
      {
        "tag": "q2",
        "type": "quote",
        "text": "you who think that you have marvelous wisdom,\n"
      },
      {
        "tag": "q1",
        "type": "quote",
        "text": "and they will ruin all your beautiful things and make them ugly.\n"
      },
      {
        "type": "text",
        "text": "\n"
      },
      {
        "tag": "s5",
        "nextChar": "\n",
        "type": "section"
      },
      {
        "tag": "q1",
        "nextChar": "\n",
        "type": "quote"
      }
    ]
  },
  "8": {
    "verseObjects": [
      {
        "type": "text",
        "text": "They will bring you down to your grave;\n"
      },
      {
        "tag": "q1",
        "type": "quote",
        "text": "you will die violently\n"
      },
      {
        "tag": "q2",
        "type": "quote",
        "text": "like those who died in the sea.\n"
      },
      {
        "tag": "q1",
        "nextChar": "\n",
        "type": "quote"
      }
    ]
  },
  "9": {
    "verseObjects": [
      {
        "type": "text",
        "text": "Then you will certainly not tell those who are killing you\n"
      },
      {
        "tag": "q2",
        "type": "quote",
        "text": "that you are a god,\n"
      },
      {
        "tag": "q1",
        "type": "quote",
        "text": "because they will know that you are not a god;\n"
      },
      {
        "tag": "q2",
        "type": "quote",
        "text": "you are only a man.\n"
      },
      {
        "tag": "q1",
        "nextChar": "\n",
        "type": "quote"
      }
    ]
  },
  "10": {
    "verseObjects": [
      {
        "type": "text",
        "text": "You will die like other people die, those who are unacceptable to God,\n"
      },
      {
        "tag": "q2",
        "type": "quote",
        "text": "those whom foreigners kill. That will surely happen because Yahweh has said it.'\"\n"
      },
      {
        "type": "text",
        "text": "\n"
      },
      {
        "tag": "s5",
        "nextChar": "\n",
        "type": "section"
      },
      {
        "tag": "p",
        "nextChar": "\n",
        "type": "paragraph"
      }
    ]
  },
  "11": {
    "verseObjects": [
      {
        "type": "text",
        "text": "Yahweh also gave me this message:\n"
      }
    ]
  },
  "12": {
    "verseObjects": [
      {
        "type": "text",
        "text": "\"Son of man, sing a sad song about the king of Tyre. Tell him that Yahweh the Lord says this to him:\n"
      },
      {
        "tag": "q1",
        "type": "quote",
        "text": "'You were completely perfect,\n"
      },
      {
        "tag": "q2",
        "type": "quote",
        "text": "extremely wise and handsome.\n"
      },
      {
        "tag": "q1",
        "nextChar": "\n",
        "type": "quote"
      }
    ]
  },
  "13": {
    "verseObjects": [
      {
        "type": "text",
        "text": "You had a wonderful life, because you were in my beautiful garden in Eden.\n"
      },
      {
        "tag": "q2",
        "type": "quote",
        "text": "Your clothes were decorated with many kinds of very valuable stones—\n"
      },
      {
        "tag": "q1",
        "type": "quote",
        "text": "ruby, topaz, emerald, chrysolite, onyx, jasper, sapphire, turquoise, and beryl stones.\n"
      },
      {
        "tag": "q2",
        "type": "quote",
        "text": "Those stones were set in gold mountings\n"
      },
      {
        "tag": "q2",
        "type": "quote",
        "text": "which I prepared for you on the day that I created you.\n"
      },
      {
        "type": "text",
        "text": "\n"
      },
      {
        "tag": "s5",
        "nextChar": "\n",
        "type": "section"
      },
      {
        "tag": "q1",
        "nextChar": "\n",
        "type": "quote"
      }
    ]
  },
  "14": {
    "verseObjects": [
      {
        "type": "text",
        "text": "I appointed you to be a strong angel to guard the people.\n"
      },
      {
        "tag": "q1",
        "type": "quote",
        "text": "I placed you on my holy mountain,\n"
      },
      {
        "tag": "q2",
        "type": "quote",
        "text": "and you walked among fiery stones.\n"
      },
      {
        "tag": "q1",
        "nextChar": "\n",
        "type": "quote"
      }
    ]
  },
  "15": {
    "verseObjects": [
      {
        "type": "text",
        "text": "You were completely good in all that you did\n"
      },
      {
        "tag": "q2",
        "type": "quote",
        "text": "from the day that you were created,\n"
      },
      {
        "tag": "q2",
        "type": "quote",
        "text": "until you started to do wicked things.\n"
      },
      {
        "type": "text",
        "text": "\n"
      },
      {
        "tag": "s5",
        "nextChar": "\n",
        "type": "section"
      },
      {
        "tag": "q1",
        "nextChar": "\n",
        "type": "quote"
      }
    ]
  },
  "16": {
    "verseObjects": [
      {
        "type": "text",
        "text": "Then you became busy buying and selling things,\n"
      },
      {
        "tag": "q2",
        "type": "quote",
        "text": "you started to act violently,\n"
      },
      {
        "tag": "q2",
        "type": "quote",
        "text": "and you sinned.\n"
      },
      {
        "tag": "q1",
        "type": "quote",
        "text": "So I disgraced you.\n"
      },
      {
        "tag": "q2",
        "type": "quote",
        "text": "You, the angel who was supposed to guard the people—I forced you to leave my own mountain;\n"
      },
      {
        "tag": "q2",
        "type": "quote",
        "text": "I forced you to leave those fiery stones.\n"
      },
      {
        "tag": "q1",
        "nextChar": "\n",
        "type": "quote"
      }
    ]
  },
  "17": {
    "verseObjects": [
      {
        "type": "text",
        "text": "You were extremely proud\n"
      },
      {
        "tag": "q2",
        "type": "quote",
        "text": "because you were very handsome.\n"
      },
      {
        "tag": "q1",
        "type": "quote",
        "text": "Because you loved beautiful things,\n"
      },
      {
        "tag": "q2",
        "type": "quote",
        "text": "you did things that wise people do not do.\n"
      },
      {
        "tag": "q1",
        "type": "quote",
        "text": "So I threw you to the ground,\n"
      },
      {
        "tag": "q2",
        "type": "quote",
        "text": "and allowed other kings who saw you to laugh at you.\n"
      },
      {
        "type": "text",
        "text": "\n"
      },
      {
        "tag": "s5",
        "nextChar": "\n",
        "type": "section"
      },
      {
        "tag": "q1",
        "nextChar": "\n",
        "type": "quote"
      }
    ]
  },
  "18": {
    "verseObjects": [
      {
        "type": "text",
        "text": "By committing many sins\n"
      },
      {
        "tag": "q2",
        "type": "quote",
        "text": "and by buying and selling things dishonestly,\n"
      },
      {
        "tag": "q2",
        "type": "quote",
        "text": "you caused the places where people worshiped me to become unacceptable to me.\n"
      },
      {
        "tag": "q1",
        "type": "quote",
        "text": "So I will make a fire that will burn your city down.\n"
      },
      {
        "tag": "q2",
        "type": "quote",
        "text": "Your city will be burned completely,\n"
      },
      {
        "tag": "q1",
        "type": "quote",
        "text": "and the people who watch it will see\n"
      },
      {
        "tag": "q2",
        "type": "quote",
        "text": "that what is left of the city will only be ashes.\n"
      },
      {
        "tag": "q1",
        "nextChar": "\n",
        "type": "quote"
      }
    ]
  },
  "19": {
    "verseObjects": [
      {
        "type": "text",
        "text": "All the people who knew what your city was like previously\n"
      },
      {
        "tag": "q2",
        "type": "quote",
        "text": "will be appalled.\n"
      },
      {
        "tag": "q1",
        "type": "quote",
        "text": "Now your city will disappear,\n"
      },
      {
        "tag": "q2",
        "type": "quote",
        "text": "and it will not exist anymore.'\"\n"
      },
      {
        "type": "text",
        "text": "\n"
      },
      {
        "tag": "s5",
        "nextChar": "\n",
        "type": "section"
      },
      {
        "tag": "p",
        "nextChar": "\n",
        "type": "paragraph"
      }
    ]
  },
  "20": {
    "verseObjects": [
      {
        "type": "text",
        "text": "Then Yahweh gave me another message. He said,\n"
      }
    ]
  },
  "21": {
    "verseObjects": [
      {
        "type": "text",
        "text": "\"Son of man, turn toward the city of Sidon, and announce the terrible things that will happen to it.\n"
      }
    ]
  },
  "22": {
    "verseObjects": [
      {
        "type": "text",
        "text": "Give the people of Sidon this message from Yahweh the Lord. Tell them:\n"
      },
      {
        "tag": "q1",
        "type": "quote",
        "text": "'I am your enemy, you people of Sidon.\n"
      },
      {
        "tag": "q2",
        "type": "quote",
        "text": "By what I do to you,\n"
      },
      {
        "tag": "q1",
        "type": "quote",
        "text": "I will show you how great I am,\n"
      },
      {
        "tag": "q2",
        "type": "quote",
        "text": "and you will know that it is Yahweh who punishes you and judges you with justice.\n"
      },
      {
        "tag": "q2",
        "type": "quote",
        "text": "You will know that I am different from you, and that I will be honored by what I do to you!\n"
      },
      {
        "type": "text",
        "text": "\n"
      },
      {
        "tag": "s5",
        "nextChar": "\n",
        "type": "section"
      },
      {
        "tag": "q1",
        "nextChar": "\n",
        "type": "quote"
      }
    ]
  },
  "23": {
    "verseObjects": [
      {
        "type": "text",
        "text": "I will send a plague on you,\n"
      },
      {
        "tag": "q2",
        "type": "quote",
        "text": "and I will send enemies to come and kill you in your streets.\n"
      },
      {
        "tag": "q1",
        "type": "quote",
        "text": "They will attack you from every direction,\n"
      },
      {
        "tag": "q2",
        "type": "quote",
        "text": "and they will slaughter your people inside the walls of your city.\n"
      },
      {
        "tag": "q1",
        "type": "quote",
        "text": "Then everyone will know that I, Yahweh, have the power to do what I say that I will do.'\n"
      },
      {
        "tag": "p",
        "nextChar": "\n",
        "type": "paragraph"
      }
    ]
  },
  "24": {
    "verseObjects": [
      {
        "type": "text",
        "text": "No longer will people who live near the people of Israel hurt them as painful briers and sharp thorns hurt people. And then the Israelites will know that I, Yahweh, have the power to do what I say that I will do.\"\n\n"
      },
      {
        "tag": "s5",
        "nextChar": "\n",
        "type": "section"
      },
      {
        "tag": "p",
        "nextChar": "\n",
        "type": "paragraph"
      }
    ]
  },
  "25": {
    "verseObjects": [
      {
        "type": "text",
        "text": "And this is also what Yahweh the Lord says: \"I will gather them from distant countries where I have scattered them. And the other people groups will see that I am set apart and honored, when the house of Israel makes their homes in the land I gave my servant Jacob!\n"
      }
    ]
  },
  "26": {
    "verseObjects": [
      {
        "type": "text",
        "text": "My people will live safely in Israel; they will build houses and plant vineyards. And when I punish the nearby people groups that despised them, my people will know that it is I, Yahweh their God, who has done this.\"\n\n\n"
      },
      {
        "tag": "s5",
        "nextChar": "\n",
        "type": "section"
      }
    ]
  },
  "front": {
    "verseObjects": [
      {
        "tag": "p",
        "nextChar": "\n",
        "type": "paragraph"
      }
    ]
  }
}