{
  "1": {
    "verseObjects": [
      {
        "type": "text",
        "text": "King Solomon married many foreign women. First he married the daughter of the king of Egypt. He also married women from the Heth people group and from the Moab, Ammon, and Edom people groups, and from the city of Sidon.\n"
      }
    ]
  },
  "2": {
    "verseObjects": [
      {
        "type": "text",
        "text": "He married them even though Yahweh had commanded the Israelite people saying, \"Do not marry people from those areas, because if you do that, they will surely persuade you to worship the gods that they worship!\"\n\n"
      },
      {
        "tag": "s5",
        "nextChar": "\n",
        "type": "section"
      }
    ]
  },
  "3": {
    "verseObjects": [
      {
        "type": "text",
        "text": "Solomon married seven hundred women who were kings' daughters. He also had three hundred wives who were his slaves. And his wives caused him to stop worshiping God.\n"
      }
    ]
  },
  "4": {
    "verseObjects": [
      {
        "type": "text",
        "text": "By the time that Solomon became old, they had persuaded him to worship the gods from their countries. He was not completely dedicated to Yahweh his God like his father David had been.\n\n"
      },
      {
        "tag": "s5",
        "nextChar": "\n",
        "type": "section"
      }
    ]
  },
  "5": {
    "verseObjects": [
      {
        "type": "text",
        "text": "Solomon worshiped Asherah, the goddess that the people of Sidon worshiped, and he worshiped Molech, the disgusting god that the Ammon people group worshiped.\n"
      }
    ]
  },
  "6": {
    "verseObjects": [
      {
        "type": "text",
        "text": "Thus Solomon did many things that Yahweh said were evil. He did not conduct his life as his father David had done; he did not conduct his life as Yahweh wanted him to.\n\n"
      },
      {
        "tag": "s5",
        "nextChar": "\n",
        "type": "section"
      },
      {
        "tag": "p",
        "nextChar": "\n",
        "type": "paragraph"
      }
    ]
  },
  "7": {
    "verseObjects": [
      {
        "type": "text",
        "text": "On the hill to the east of Jerusalem he built a place to worship Chemosh, the disgusting god that the Moab people group worshiped, and a place to worship Molech, the disgusting god that the Ammon people group worshiped.\n"
      }
    ]
  },
  "8": {
    "verseObjects": [
      {
        "type": "text",
        "text": "He also built places where all his foreign wives could burn incense and offer sacrifices to the gods from their own countries.\n\n"
      },
      {
        "tag": "s5",
        "nextChar": "\n",
        "type": "section"
      },
      {
        "tag": "p",
        "nextChar": "\n",
        "type": "paragraph"
      }
    ]
  },
  "11": {
    "verseObjects": [
      {
        "type": "text",
        "text": "Yahweh said to him, \"You have chosen to disobey the covenant that I made with you and to disobey what I commanded you. So I am certainly not going to allow you to rule all of your kingdom. I am going to allow one of your officials to rule.\n"
      }
    ]
  },
  "12": {
    "verseObjects": [
      {
        "type": "text",
        "text": "But because of what I promised your father David, I will allow you to rule all your kingdom while you are still living. After you die, I will not allow your son to rule the whole kingdom.\n"
      }
    ]
  },
  "13": {
    "verseObjects": [
      {
        "type": "text",
        "text": "But I will not stop him from ruling some of the kingdom. I will allow him to rule one tribe, because of what I promised to David, who served me well, and because I want David's descendants to rule in Jerusalem, where my temple is located.\"\n\n\n"
      },
      {
        "tag": "s5",
        "nextChar": "\n",
        "type": "section"
      },
      {
        "tag": "p",
        "nextChar": "\n",
        "type": "paragraph"
      }
    ]
  },
  "14": {
    "verseObjects": [
      {
        "type": "text",
        "text": "Yahweh caused Hadad, from the family of the kings in the Edom people group, to rebel against Solomon.\n"
      }
    ]
  },
  "17": {
    "verseObjects": [
      {
        "type": "text",
        "text": "Hadad was a young child at that time, and he had escaped to Egypt, along with some of his father's servants from Edom.\n\n"
      },
      {
        "tag": "s5",
        "nextChar": "\n",
        "type": "section"
      }
    ]
  },
  "18": {
    "verseObjects": [
      {
        "type": "text",
        "text": "They went to the region of Midian, and then they went to the desert area at Paran. Some other men joined them there. Then they all traveled to Egypt and went to the king of Egypt. The king gave Hadad some land and ordered his servants to give him some food regularly.\n"
      }
    ]
  },
  "19": {
    "verseObjects": [
      {
        "type": "text",
        "text": "The king liked Hadad. As a result he gave him the sister of his own wife, Queen Tahpenes, to be Hadad's wife.\n\n"
      },
      {
        "tag": "s5",
        "nextChar": "\n",
        "type": "section"
      },
      {
        "tag": "p",
        "nextChar": "\n",
        "type": "paragraph"
      }
    ]
  },
  "20": {
    "verseObjects": [
      {
        "type": "text",
        "text": "Later Hadad's wife gave birth to a son named Genubath. The sister of Tahpenes raised him in the palace, where he lived with the king's sons.\n"
      },
      {
        "tag": "p",
        "nextChar": "\n",
        "type": "paragraph"
      }
    ]
  },
  "21": {
    "verseObjects": [
      {
        "type": "text",
        "text": "While Hadad was in Egypt, he heard that David had died, and that Joab, the commander of David's army, was also dead. So he said to the king of Egypt, \"Please allow me to return to my own country.\"\n"
      },
      {
        "tag": "p",
        "nextChar": "\n",
        "type": "paragraph"
      }
    ]
  },
  "22": {
    "verseObjects": [
      {
        "type": "text",
        "text": "But the king said to him, \"Why do you want to go back to your country? Is there something that you lack that you want me to give to you?\" Hadad replied, \"No, but please just allow me to go.\" So the king allowed him to leave, and he returned to his own country and became the king of Edom.\n\n"
      },
      {
        "tag": "s5",
        "nextChar": "\n",
        "type": "section"
      },
      {
        "tag": "p",
        "nextChar": "\n",
        "type": "paragraph"
      }
    ]
  },
  "23": {
    "verseObjects": [
      {
        "type": "text",
        "text": "God also caused another man named Rezon son of Eliada, to rebel against Solomon. Rezon had run away from his master, King Hadadezer of the area of Zobah, north of Damascus.\n"
      }
    ]
  },
  "24": {
    "verseObjects": [
      {
        "type": "text",
        "text": "Rezon then became the leader of a group of outlaws. That happened after David's army had defeated Hadadezer and had also killed all his soldiers. Rezon and his men went to Damascus and started to live there, and the people there appointed him to be their king.\n"
      }
    ]
  },
  "25": {
    "verseObjects": [
      {
        "type": "text",
        "text": "All during the time that Solomon was alive, while Rezon was ruling not only Damascus but all of Aram, he was an enemy of Israel and caused trouble for Israel like Hadad did.\n\n\n"
      },
      {
        "tag": "s5",
        "nextChar": "\n",
        "type": "section"
      },
      {
        "tag": "p",
        "nextChar": "\n",
        "type": "paragraph"
      }
    ]
  },
  "26": {
    "verseObjects": [
      {
        "type": "text",
        "text": "Another man who rebelled against Solomon was one of his officials named Jeroboam son of Nebat. He was from the city of Zeredah in the region where the tribe of Ephraim lives. His mother was a widow named Zeruah.\n"
      },
      {
        "tag": "p",
        "nextChar": "\n",
        "type": "paragraph"
      }
    ]
  },
  "27": {
    "verseObjects": [
      {
        "type": "text",
        "text": "This is what happened. Solomon's workers were filling in the land on the east side of Jerusalem and repairing the walls around the city.\n\n"
      },
      {
        "tag": "s5",
        "nextChar": "\n",
        "type": "section"
      }
    ]
  },
  "28": {
    "verseObjects": [
      {
        "type": "text",
        "text": "Jeroboam was a very capable young man. So, when Solomon saw that he worked very hard, he appointed him to supervise all the men who were forced to work in the areas where the tribes of Manasseh and Ephraim live.\n"
      },
      {
        "tag": "p",
        "nextChar": "\n",
        "type": "paragraph"
      }
    ]
  },
  "29": {
    "verseObjects": [
      {
        "type": "text",
        "text": "One day when Jeroboam was walking alone along the road outside of Jerusalem, the prophet Ahijah from the city of Shiloh met him. Ahijah was wearing a new robe,\n"
      }
    ]
  },
  "30": {
    "verseObjects": [
      {
        "type": "text",
        "text": "which he took off and tore into twelve pieces.\n\n"
      },
      {
        "tag": "s5",
        "nextChar": "\n",
        "type": "section"
      }
    ]
  },
  "31": {
    "verseObjects": [
      {
        "type": "text",
        "text": "He said to Jeroboam, \"Take ten of these pieces for yourself, because Yahweh, the God whom we Israelites worship, says to you, 'I am going to tear the kingdom from Solomon, and I am going to enable you to become the ruler of ten of the tribes of Israel.\n"
      }
    ]
  },
  "32": {
    "verseObjects": [
      {
        "type": "text",
        "text": "Solomon's descendants will still rule one tribe, because of what I promised David, a man who served me very well, and because of Jerusalem, the city that I have chosen from all the cities in Israel to be the city where my people will worship me.\n"
      }
    ]
  },
  "33": {
    "verseObjects": [
      {
        "type": "text",
        "text": "I am going to do this because Solomon has rejected me and has been worshiping Asherah, the goddess that the people of Sidon worship, Chemosh, the god that the Moab people group worships, and Molech, the god that the Ammon people group worships. He has not conducted his life as I wanted him to. He has not obeyed my statutes and decrees, as his father David did.\n\n"
      },
      {
        "tag": "s5",
        "nextChar": "\n",
        "type": "section"
      },
      {
        "tag": "p",
        "nextChar": "\n",
        "type": "paragraph"
      }
    ]
  },
  "34": {
    "verseObjects": [
      {
        "type": "text",
        "text": "But I will not take the entire kingdom away from him. I will enable him to rule Judah all during the years that he is alive. I will do that because of what I promised to do for David, whom I chose to be the king, and who served me well, and who always obeyed my commandments and laws.\n"
      }
    ]
  },
  "35": {
    "verseObjects": [
      {
        "type": "text",
        "text": "But I will take the other ten tribes of his kingdom and give them to you to rule.\n"
      }
    ]
  },
  "36": {
    "verseObjects": [
      {
        "type": "text",
        "text": "I will allow Solomon's son to rule one tribe, in order that descendants of David will always rule in Jerusalem, the city that I have chosen to be the place where my people worship me.\n\n"
      },
      {
        "tag": "s5",
        "nextChar": "\n",
        "type": "section"
      }
    ]
  },
  "37": {
    "verseObjects": [
      {
        "type": "text",
        "text": "I will enable you to become the king of Israel, and you will rule over all the territory that you want to.\n"
      }
    ]
  },
  "38": {
    "verseObjects": [
      {
        "type": "text",
        "text": "If you obey all that I command you to do, and conduct your life as I want you to, and if you do what I say is right by obeying my laws and commandments like David did, I will help you. I will make sure that your descendants will rule after you die, like I promised to do for David.\n"
      }
    ]
  },
  "39": {
    "verseObjects": [
      {
        "type": "text",
        "text": "Because of Solomon's sins, I will punish David's descendants, but I will not continue to punish them forever.'\"\n\n"
      },
      {
        "tag": "s5",
        "nextChar": "\n",
        "type": "section"
      },
      {
        "tag": "p",
        "nextChar": "\n",
        "type": "paragraph"
      }
    ]
  },
  "40": {
    "verseObjects": [
      {
        "type": "text",
        "text": "Solomon found out what Ahijah told Jeroboam, so he tried to kill Jeroboam. But Jeroboam escaped and went to Egypt. He went to Shishak, the king of Egypt, and stayed with him until after Solomon died.\n\n\n"
      },
      {
        "tag": "s5",
        "nextChar": "\n",
        "type": "section"
      },
      {
        "tag": "p",
        "nextChar": "\n",
        "type": "paragraph"
      }
    ]
  },
  "41": {
    "verseObjects": [
      {
        "type": "text",
        "text": "A record of all the other things that Solomon did, and all the wise things that he said, was written in the book of the events of Solomon.\n"
      }
    ]
  },
  "42": {
    "verseObjects": [
      {
        "type": "text",
        "text": "He was king in Jerusalem and ruled over all of Israel for forty years.\n"
      }
    ]
  },
  "43": {
    "verseObjects": [
      {
        "type": "text",
        "text": "Then Solomon died and was buried in the part of Jerusalem called the city of David. Then his son Rehoboam became the king.\n\n\n"
      },
      {
        "tag": "s5",
        "nextChar": "\n",
        "type": "section"
      }
    ]
  },
  "front": {
    "verseObjects": [
      {
        "type": "text",
        "text": "\n"
      },
      {
        "tag": "p",
        "nextChar": "\n",
        "type": "paragraph"
      }
    ]
  },
  "9-10": {
    "verseObjects": [
      {
        "type": "text",
        "text": "Even though Yahweh, the God whom the Israelites worshiped, had appeared to Solomon two times, and had commanded him to not worship foreign gods, Solomon refused to obey Yahweh. So Yahweh was angry with Solomon.\n\n"
      },
      {
        "tag": "s5",
        "nextChar": "\n",
        "type": "section"
      }
    ]
  },
  "15-16": {
    "verseObjects": [
      {
        "type": "text",
        "text": "What happened was that previously, when David's army had conquered Edom, his army commander Joab had gone there to help bury the Israelite soldiers who had been killed in the battle. Joab and his army remained in Edom for six months, and during that time they killed all the males of that area.\n"
      }
    ]
  }
}