{
  "1": {
    "verseObjects": [
      {
        "type": "text",
        "text": "Meanwhile, the descendants of Ishmael took Joseph down to Egypt. There Potiphar bought Joseph from them. Potiphar was an Egyptian who was one of the king's officials and the captain of the king's palace guards.\n"
      }
    ]
  },
  "2": {
    "verseObjects": [
      {
        "type": "text",
        "text": "Because Yahweh helped Joseph, he was able to do his work very well. He worked in the house of his Egyptian master.\n\n"
      },
      {
        "tag": "s5",
        "nextChar": "\n",
        "type": "section"
      }
    ]
  },
  "3": {
    "verseObjects": [
      {
        "type": "text",
        "text": "His master saw that Yahweh was helping Joseph and enabling him to be successful in everything that he did.\n"
      }
    ]
  },
  "4": {
    "verseObjects": [
      {
        "type": "text",
        "text": "Joseph's master was pleased with him, so he appointed him to be his personal servant. Then he appointed him to be the one who would take care of everything in his household and all of his possessions.\n\n"
      },
      {
        "tag": "s5",
        "nextChar": "\n",
        "type": "section"
      }
    ]
  },
  "5": {
    "verseObjects": [
      {
        "type": "text",
        "text": "From the time Potiphar appointed Joseph to take care of everything in his household and all that he owned, Yahweh blessed the people who lived in Potiphar's house because of Joseph. He also caused Potiphar's crops to grow well.\n"
      }
    ]
  },
  "6": {
    "verseObjects": [
      {
        "type": "text",
        "text": "Potiphar allowed Joseph to take care of everything that he owned. Potiphar needed to decide only about the food he ate. He did not worry about anything else in his house.\n"
      },
      {
        "tag": "p",
        "type": "paragraph",
        "text": "Now Joseph was well built and handsome.\n"
      },
      {
        "type": "text",
        "text": "\n"
      },
      {
        "tag": "s5",
        "nextChar": "\n",
        "type": "section"
      }
    ]
  },
  "7": {
    "verseObjects": [
      {
        "type": "text",
        "text": "Because of that, after a while, his master's wife started to look fondly at Joseph. So one day she said to him, \"Sleep with me!\"\n"
      }
    ]
  },
  "8": {
    "verseObjects": [
      {
        "type": "text",
        "text": "But he refused, saying to his master's wife, \"Listen! My master is not concerned about anything in this house. He has appointed me to take care of everything that he owns.\n"
      }
    ]
  },
  "9": {
    "verseObjects": [
      {
        "type": "text",
        "text": "No one in this household has more authority than I do. The only thing that he has not allowed me to have is you, because you are his wife! So how could I do this wicked thing that you are asking me to do? I would be sinning against God if I did that!\"\n\n"
      },
      {
        "tag": "s5",
        "nextChar": "\n",
        "type": "section"
      }
    ]
  },
  "10": {
    "verseObjects": [
      {
        "type": "text",
        "text": "She kept on asking Joseph day after day to sleep with her, but he refused. He would not even go near her.\n\n"
      },
      {
        "tag": "p",
        "nextChar": "\n",
        "type": "paragraph"
      }
    ]
  },
  "11": {
    "verseObjects": [
      {
        "type": "text",
        "text": "One day Joseph went into the house to do his work, and none of the other household servants were in the house.\n"
      }
    ]
  },
  "12": {
    "verseObjects": [
      {
        "type": "text",
        "text": "Potiphar's wife grabbed his clothing and said, \"Sleep with me!\" Joseph ran out of the house, but his clothing was still in her hand!\n\n"
      },
      {
        "tag": "s5",
        "nextChar": "\n",
        "type": "section"
      }
    ]
  },
  "13": {
    "verseObjects": [
      {
        "type": "text",
        "text": "When she saw that he had run outside leaving his clothing in her hand,\n"
      }
    ]
  },
  "14": {
    "verseObjects": [
      {
        "type": "text",
        "text": "she called the household servants. She said to them, \"Look! This Hebrew man that my husband brought to us is insulting us! He came into where I was and tried to force me to sleep with him, but I screamed loudly.\n"
      }
    ]
  },
  "15": {
    "verseObjects": [
      {
        "type": "text",
        "text": "As soon as he heard me scream, he left his clothing with me and ran outside!\"\n\n"
      },
      {
        "tag": "s5",
        "nextChar": "\n",
        "type": "section"
      }
    ]
  },
  "16": {
    "verseObjects": [
      {
        "type": "text",
        "text": "She kept the clothing beside her until her husband, Joseph's master, came home.\n"
      }
    ]
  },
  "17": {
    "verseObjects": [
      {
        "type": "text",
        "text": "Then she told him this story: \"That Hebrew slave whom you brought here came into where I was and tried to force me to sleep with him!\n"
      }
    ]
  },
  "18": {
    "verseObjects": [
      {
        "type": "text",
        "text": "As soon as I screamed loudly, he ran outside, leaving his clothing beside me!\"\n\n"
      },
      {
        "tag": "s5",
        "nextChar": "\n",
        "type": "section"
      }
    ]
  },
  "19": {
    "verseObjects": [
      {
        "type": "text",
        "text": "When Joseph's master heard this story that his wife told him, and when she said, \"This is how your slave treated me,\" he was very angry.\n"
      }
    ]
  },
  "20": {
    "verseObjects": [
      {
        "type": "text",
        "text": "Joseph's master took Joseph and put him in prison, in the place where all the king's prisoners were put, and Joseph stayed there.\n\n"
      },
      {
        "tag": "s5",
        "nextChar": "\n",
        "type": "section"
      },
      {
        "tag": "p",
        "nextChar": "\n",
        "type": "paragraph"
      }
    ]
  },
  "21": {
    "verseObjects": [
      {
        "type": "text",
        "text": "But Yahweh was kind to Joseph and helped him because of his covenant with his ancestors; he caused the prison warden to be pleased with him.\n"
      }
    ]
  },
  "22": {
    "verseObjects": [
      {
        "type": "text",
        "text": "So the prison warden put Joseph in charge of all those who were in the prison, and in charge of all the work that was done there.\n"
      }
    ]
  },
  "23": {
    "verseObjects": [
      {
        "type": "text",
        "text": "The warden was not concerned with anything that Joseph was taking care of, because Yahweh helped Joseph to do all his work well.\n\n\n"
      },
      {
        "tag": "s5",
        "nextChar": "\n",
        "type": "section"
      }
    ]
  },
  "front": {
    "verseObjects": [
      {
        "type": "text",
        "text": "\n"
      },
      {
        "tag": "p",
        "nextChar": "\n",
        "type": "paragraph"
      }
    ]
  }
}