{
  "1": {
    "verseObjects": [
      {
        "type": "text",
        "text": "Jacob summoned all his sons and said to them,\n\n"
      }
    ]
  },
  "2": {
    "verseObjects": [
      {
        "type": "text",
        "text": "\"Gather around close to me in order that I can tell you what will happen in the future.\nMy sons, come and listen to me.\nI am your father, Jacob.\n\n"
      },
      {
        "tag": "s5",
        "type": "section",
        "text": "\n"
      },
      {
        "tag": "p",
        "type": "paragraph",
        "text": "\n"
      }
    ]
  },
  "3": {
    "verseObjects": [
      {
        "type": "text",
        "text": "Reuben, you are my oldest son.\nYou were born when I was young and energetic.\nWhen I became a grown man, you were my first child. You are prouder and stronger than all the rest of my sons.\n\n"
      }
    ]
  },
  "4": {
    "verseObjects": [
      {
        "type": "text",
        "text": "But you were as unstable as ocean waves.\nSo now you will not be my most important son,\nbecause you climbed up onto my bed and slept with my concubine. That caused me, your father, to have great shame.\n\n"
      },
      {
        "tag": "s5",
        "type": "section",
        "text": "\n"
      },
      {
        "tag": "p",
        "type": "paragraph",
        "text": "\n"
      }
    ]
  },
  "5": {
    "verseObjects": [
      {
        "type": "text",
        "text": "Simeon and Levi, you two brothers have both acted like criminals.\nYou use your swords to act violently.\n\n"
      }
    ]
  },
  "6": {
    "verseObjects": [
      {
        "type": "text",
        "text": "I do not want to be with you when you make evil plans.\nI am too honorable to join you in your meetings,\nbecause you killed people when you became very angry,\nand you hamstrung oxen just to have fun.\n\n"
      },
      {
        "tag": "s5",
        "type": "section",
        "text": "\n"
      },
      {
        "tag": "p",
        "type": "paragraph",
        "text": "\n"
      }
    ]
  },
  "7": {
    "verseObjects": [
      {
        "type": "text",
        "text": "God says, 'I will curse them for being very angry,\nfor acting very cruelly when they were very furious.\nI will scatter their descendants throughout Israel land.'\n\n"
      },
      {
        "tag": "s5",
        "type": "section",
        "text": "\n"
      },
      {
        "tag": "p",
        "type": "paragraph",
        "text": "\n"
      }
    ]
  },
  "8": {
    "verseObjects": [
      {
        "type": "text",
        "text": "Judah, your older and younger brothers will praise you.\nThey will bow down before you,\nbecause you will thoroughly defeat your enemies.\n\n"
      },
      {
        "tag": "s5",
        "type": "section",
        "text": "\n"
      },
      {
        "tag": "p",
        "type": "paragraph",
        "text": "\n"
      }
    ]
  },
  "9": {
    "verseObjects": [
      {
        "type": "text",
        "text": "Judah is like a young lion that has returned to its den satisfied\nafter eating the animals that it has killed.\nHe is like a lion that lies down and stretches out after eating;\nno one would dare to disturb it.\n\n"
      },
      {
        "tag": "s5",
        "type": "section",
        "text": "\n"
      },
      {
        "tag": "p",
        "type": "paragraph",
        "text": "\n"
      }
    ]
  },
  "10": {
    "verseObjects": [
      {
        "type": "text",
        "text": "There will always be a ruler from the descendants of Judah.\nEach one will hold a scepter to show that he has authority as a king.\nHe will do that until nations bring tribute to him\nand show that they will obey him.\n\n"
      },
      {
        "tag": "s5",
        "type": "section",
        "text": "\n"
      },
      {
        "tag": "p",
        "type": "paragraph",
        "text": "\n"
      }
    ]
  },
  "11": {
    "verseObjects": [
      {
        "type": "text",
        "text": "The grapevines of his descendants will produce grapes very abundantly.\nAs a result, they will not object to tying their young donkeys to the grapevines in order that they can eat the leaves of the grapevines.\nWine will be very plentiful, with the result that they will wash their clothes in wine;\nthey will wash their cloaks in wine that is as red as blood.\n"
      }
    ]
  },
  "12": {
    "verseObjects": [
      {
        "type": "text",
        "text": "Their eyes will be red because of drinking too much wine,\nbut their teeth will be very white because of drinking much milk from the cows.\n\n"
      },
      {
        "tag": "s5",
        "type": "section",
        "text": "\n"
      },
      {
        "tag": "p",
        "type": "paragraph",
        "text": "\n"
      }
    ]
  },
  "13": {
    "verseObjects": [
      {
        "type": "text",
        "text": "Zebulun, your descendants will live by the seashore\nwhere there will be a safe harbor for ships.\nTheir land will extend north as far as the city of Sidon.\n\n"
      },
      {
        "tag": "s5",
        "type": "section",
        "text": "\n"
      },
      {
        "tag": "p",
        "type": "paragraph",
        "text": "\n"
      }
    ]
  },
  "14": {
    "verseObjects": [
      {
        "type": "text",
        "text": "Issachar, your descendants will be like strong donkeys\nthat are lying down between two groups of sheep.\nso tired that they cannot get up!\n\n"
      }
    ]
  },
  "15": {
    "verseObjects": [
      {
        "type": "text",
        "text": "They will see that their resting place is good\nand that the land pleases them very much.\nBut they will bend their backs to carry heavy loads\nand be forced to work for others.\n\n"
      },
      {
        "tag": "s5",
        "type": "section",
        "text": "\n"
      },
      {
        "tag": "p",
        "type": "paragraph",
        "text": "\n"
      }
    ]
  },
  "16": {
    "verseObjects": [
      {
        "type": "text",
        "text": "Dan, although your tribe will be small,\nyour leaders will rule their people just as the leaders of other tribes of Israel will rule their people.\n\n"
      }
    ]
  },
  "17": {
    "verseObjects": [
      {
        "type": "text",
        "text": "Your descendants will be like snakes at the side of a road,\nlike poisonous snakes lying beside a path.\nThey will strike the heels of horses that pass by,\ncausing the riders to fall backwards as the horses rear up on their hind legs.\"\n"
      },
      {
        "tag": "p",
        "type": "paragraph",
        "text": "\n"
      }
    ]
  },
  "18": {
    "verseObjects": [
      {
        "type": "text",
        "text": "Then Jacob prayed, \"Yahweh, I am waiting for you to rescue me from my enemies.\"\n\n"
      },
      {
        "tag": "s5",
        "type": "section",
        "text": "\n"
      },
      {
        "tag": "p",
        "type": "paragraph",
        "text": "\n"
      }
    ]
  },
  "19": {
    "verseObjects": [
      {
        "type": "text",
        "text": "Then Jacob continued telling his sons what would happen in the future. He said,\n\"Gad, your tribe will be attacked by a group of bandits, but your tribe will pursue and attack them.\n"
      },
      {
        "tag": "p",
        "type": "paragraph",
        "text": "\n"
      }
    ]
  },
  "20": {
    "verseObjects": [
      {
        "type": "text",
        "text": "Asher, your descendants will eat good tasting food;\nthey will produce food that is delicious enough for kings to eat.\n"
      },
      {
        "tag": "p",
        "type": "paragraph",
        "text": "\n"
      }
    ]
  },
  "21": {
    "verseObjects": [
      {
        "type": "text",
        "text": "Naphtali, your descendants will be like deer that run free, deer that have beautiful fawns.\n\n"
      },
      {
        "tag": "s5",
        "type": "section",
        "text": "\n"
      },
      {
        "tag": "p",
        "type": "paragraph",
        "text": "\n"
      }
    ]
  },
  "22": {
    "verseObjects": [
      {
        "type": "text",
        "text": "Joseph, you will have many descendants.\nTheir children will be as many as the fruit on a vine near a spring of water, whose branches extend over a wall.\n"
      }
    ]
  },
  "23": {
    "verseObjects": [
      {
        "type": "text",
        "text": "Their enemies will attack them fiercely,\nand shoot at them with bows and arrows and pursue them.\n\n"
      },
      {
        "tag": "s5",
        "type": "section",
        "text": "\n"
      }
    ]
  },
  "24": {
    "verseObjects": [
      {
        "type": "text",
        "text": "But they will hold their bows steady and their arms will remain strong,\nbecause of the power of my mighty God,\nbecause of Yahweh, who guides and provides for me,\nas a shepherd guides and provides for his sheep.\nThe people of Israel will ask Yahweh to protect them,\nas people take refuge on top of a high rock.\n\n"
      },
      {
        "tag": "s5",
        "type": "section",
        "text": "\n"
      },
      {
        "tag": "p",
        "type": "paragraph",
        "text": "\n"
      }
    ]
  },
  "25": {
    "verseObjects": [
      {
        "type": "text",
        "text": "God, the one whom I worship, will help your descendants.\nGod Almighty will bless them\nby sending them rain from the sky\nand by giving them water from deep below the ground.\nHe will give them many children and will nourish them.\n\n"
      },
      {
        "tag": "s5",
        "type": "section",
        "text": "\n"
      },
      {
        "tag": "p",
        "type": "paragraph",
        "text": "\n"
      }
    ]
  },
  "26": {
    "verseObjects": [
      {
        "type": "text",
        "text": "The blessings that I want God to give you are great ones.\nThey are greater than the blessings that come from the eternal mountains,\nthan the ones that come from the everlasting hills.\nJoseph, I pray that these blessings will be given to you,\nbecause you are the leader of your brothers.\n\n"
      },
      {
        "tag": "s5",
        "type": "section",
        "text": "\n"
      },
      {
        "tag": "p",
        "type": "paragraph",
        "text": "\n"
      }
    ]
  },
  "27": {
    "verseObjects": [
      {
        "type": "text",
        "text": "Benjamin, your descendants will be like vicious wolves.\nIn the morning they will kill their enemies\nlike a wolf devours its prey,\nand in the evening they will divide among their warriors the spoils that they seized from their enemies.\"\n\n"
      },
      {
        "tag": "s5",
        "type": "section",
        "text": "\n"
      },
      {
        "tag": "p",
        "type": "paragraph",
        "text": "\n"
      }
    ]
  },
  "28": {
    "verseObjects": [
      {
        "type": "text",
        "text": "Those twelve sons are the ancestors of the twelve tribes of Israel. That is what their father said to them as he blessed them, telling to each one words that were right for him.\n\n"
      },
      {
        "tag": "p",
        "type": "paragraph",
        "text": "\n"
      }
    ]
  },
  "29": {
    "verseObjects": [
      {
        "type": "text",
        "text": "Then Jacob said to his sons, \"I will soon die and join my ancestors who have already died. Bury my body where some of my ancestors are buried, in the cave that is in the field that was bought from Ephron, who belonged to the Heth people group.\n"
      }
    ]
  },
  "30": {
    "verseObjects": [
      {
        "type": "text",
        "text": "The field of Machpelah, was east of Mamre, in the land of Canaan. Abraham bought it from Ephron to use as a burial place.\n\n"
      },
      {
        "tag": "s5",
        "type": "section",
        "text": "\n"
      }
    ]
  },
  "31": {
    "verseObjects": [
      {
        "type": "text",
        "text": "That is where they buried him and his wife Sarah. That is where they buried my father Isaac and his wife Rebekah. And that is where I buried my wife Leah.\n"
      }
    ]
  },
  "32": {
    "verseObjects": [
      {
        "type": "text",
        "text": "That field and the cave in it were bought from the Heth people group; so that is where I want you to bury me.\"\n"
      },
      {
        "tag": "p",
        "type": "paragraph",
        "text": "\n"
      }
    ]
  },
  "33": {
    "verseObjects": [
      {
        "type": "text",
        "text": "When Jacob finished giving those instructions to his sons, he lay down on his bed again. Then he stopped breathing and died.\n\n\n"
      },
      {
        "tag": "s5",
        "type": "section",
        "text": "\n"
      }
    ]
  },
  "front": {
    "verseObjects": [
      {
        "type": "text",
        "text": "\n"
      },
      {
        "tag": "p",
        "type": "paragraph",
        "text": "\n"
      }
    ]
  }
}