{
  "1": {
    "verseObjects": [
      {
        "type": "text",
        "text": "But God did not forget about Noah, or about all the wild animals and all the kinds of domestic animals that were with him in the boat. So one day God sent a wind to blow across the earth, and the wind caused the water to begin to recede.\n"
      }
    ]
  },
  "2": {
    "verseObjects": [
      {
        "type": "text",
        "text": "God caused the water that was under the earth to stop bursting out, and he caused the floodgates of water from the sky to close so that it stopped raining.\n"
      }
    ]
  },
  "3": {
    "verseObjects": [
      {
        "type": "text",
        "text": "The water on the earth gradually receded. By one hundred fifty days after the flood began, much of the water was gone.\n\n"
      },
      {
        "tag": "s5",
        "type": "section",
        "text": "\n"
      }
    ]
  },
  "4": {
    "verseObjects": [
      {
        "type": "text",
        "text": "On the seventeenth day of the seventh month, the boat came to rest on one of the mountains in the region of Ararat.\n"
      }
    ]
  },
  "5": {
    "verseObjects": [
      {
        "type": "text",
        "text": "The water continued to recede until, on the first day of the tenth month of that year, the tops of other mountains became visible.\n\n"
      },
      {
        "tag": "s5",
        "type": "section",
        "text": "\n"
      }
    ]
  },
  "6": {
    "verseObjects": [
      {
        "type": "text",
        "text": "Forty days later, Noah opened the window that he had made in the side of the boat, and sent out a raven.\n"
      }
    ]
  },
  "7": {
    "verseObjects": [
      {
        "type": "text",
        "text": "The raven flew back and forth to and from the boat until the water dried up from the surface of the ground.\n\n"
      },
      {
        "tag": "s5",
        "type": "section",
        "text": "\n"
      }
    ]
  },
  "8": {
    "verseObjects": [
      {
        "type": "text",
        "text": "Then Noah sent out a dove to find out if the water had all receded from the surface of the ground.\n"
      }
    ]
  },
  "9": {
    "verseObjects": [
      {
        "type": "text",
        "text": "But the dove did not find any place to perch, so it flew back to Noah in the boat, because there was still water all over the surface of the earth. So Noah reached out his hand and took the dove back inside the boat.\n\n"
      },
      {
        "tag": "s5",
        "type": "section",
        "text": "\n"
      }
    ]
  },
  "10": {
    "verseObjects": [
      {
        "type": "text",
        "text": "Noah waited seven more days. Then he sent the dove out of the boat again.\n"
      }
    ]
  },
  "11": {
    "verseObjects": [
      {
        "type": "text",
        "text": "This time the dove returned to him in the evening and, surprisingly, there was a leaf from an olive tree that the dove had just plucked in its beak. Then Noah knew that the water had truly receded from the surface of the ground.\n"
      }
    ]
  },
  "12": {
    "verseObjects": [
      {
        "type": "text",
        "text": "Noah waited again seven more days. Then he sent the dove out again, but this time it did not return to him.\n\n"
      },
      {
        "tag": "s5",
        "type": "section",
        "text": "\n"
      },
      {
        "tag": "p",
        "type": "paragraph",
        "text": "\n"
      }
    ]
  },
  "13": {
    "verseObjects": [
      {
        "type": "text",
        "text": "Noah was now 601 years old. By the first day of the first month of that year, the water had completely drained away from the ground. Noah removed the covering on top of the boat, and he was surprised to see that the surface of the ground was drying.\n"
      }
    ]
  },
  "14": {
    "verseObjects": [
      {
        "type": "text",
        "text": "By the twenty-seventh day of the next month, the ground was completely dry.\n\n"
      },
      {
        "tag": "s5",
        "type": "section",
        "text": "\n"
      }
    ]
  },
  "15": {
    "verseObjects": [
      {
        "type": "text",
        "text": "Then God said to Noah,\n"
      }
    ]
  },
  "16": {
    "verseObjects": [
      {
        "type": "text",
        "text": "\"Leave the boat, along with your wife, your sons, and their wives.\n"
      }
    ]
  },
  "17": {
    "verseObjects": [
      {
        "type": "text",
        "text": "Bring out with you all the birds, the domestic animals, and all the kinds of creatures that move close to the ground, in order that they can spread all over the earth and become very numerous.\"\n\n"
      },
      {
        "tag": "s5",
        "type": "section",
        "text": "\n"
      }
    ]
  },
  "18": {
    "verseObjects": [
      {
        "type": "text",
        "text": "So Noah left the boat, along with his wife, his sons, and their wives.\n"
      }
    ]
  },
  "19": {
    "verseObjects": [
      {
        "type": "text",
        "text": "Then all the creatures, including all those that move close to the ground, all the birds, and every animal that moves on the earth, left the boat. They left the boat in groups of their own kind.\n\n"
      },
      {
        "tag": "s5",
        "type": "section",
        "text": "\n"
      },
      {
        "tag": "p",
        "type": "paragraph",
        "text": "\n"
      }
    ]
  },
  "20": {
    "verseObjects": [
      {
        "type": "text",
        "text": "Then Noah built an altar to Yahweh. He took some of the animals and birds that were acceptable as sacrifices and killed them. Then he burned them whole on the altar.\n"
      }
    ]
  },
  "21": {
    "verseObjects": [
      {
        "type": "text",
        "text": "When Yahweh smelled the pleasant odor, he was pleased with the sacrifice. Then he said to himself, \"I will never again devastate everything on the earth because of the sinful things people do. Even though all that people think in their minds is evil from the time they are young, I will not destroy all the living beings again, as I did this time.\n"
      }
    ]
  },
  "22": {
    "verseObjects": [
      {
        "type": "text",
        "text": "As long as the earth exists, the seasons for planting seeds and seasons for harvesting crops, the times when it is cold and times when it is hot, the summer and winter, the daytime and nighttime will continue.\"\n\n\n"
      },
      {
        "tag": "s5",
        "type": "section",
        "text": "\n"
      }
    ]
  },
  "front": {
    "verseObjects": [
      {
        "tag": "p",
        "type": "paragraph",
        "text": "\n"
      }
    ]
  }
}