{
  "1": {
    "verseObjects": [
      {
        "type": "text",
        "text": "तब हाग्गै नामक नबी और इद्दो का पोता जकर्याह यहूदा और यरूशलेम के यहूदियों से नबूवत करने लगे, उन्होंने इस्राएल के परमेश्‍वर के नाम से उनसे नबूवत की।\n"
      }
    ]
  },
  "2": {
    "verseObjects": [
      {
        "type": "text",
        "text": "तब शालतीएल का पुत्र जरुब्बाबेल और योसादाक का पुत्र येशुअ, कमर बाँधकर परमेश्‍वर के भवन को जो यरूशलेम में है बनाने लगे; और परमेश्‍वर के वे नबी उनका साथ देते रहे*।\n"
      },
      {
        "tag": "s5",
        "nextChar": "\n",
        "type": "section"
      }
    ]
  },
  "3": {
    "verseObjects": [
      {
        "type": "text",
        "text": "उसी समय महानद के इस पार का तत्तनै नामक अधिपति और शतर्बोजनै अपने सहयोगियों समेत उनके पास जाकर यह पूछने लगे, “इस भवन के बनाने और इस शहरपनाह को खड़ा करने की किस ने तुम को आज्ञा दी है?” \n"
      }
    ]
  },
  "4": {
    "verseObjects": [
      {
        "type": "text",
        "text": "उन्होंने लोगों से यह भी कहा, “इस भवन के बनानेवालों के क्या नाम हैं?” \n"
      }
    ]
  },
  "5": {
    "verseObjects": [
      {
        "type": "text",
        "text": "परन्तु यहूदियों के पुरनियों के परमेश्‍वर की दृष्टि उन पर रही, इसलिए जब तक इस बात की चर्चा दारा से न की गई और इसके विषय चिट्ठी के द्वारा उत्तर न मिला, तब तक उन्होंने इनको न रोका।\n"
      },
      {
        "tag": "s5",
        "nextChar": "\n",
        "type": "section"
      }
    ]
  },
  "6": {
    "verseObjects": [
      {
        "type": "text",
        "text": "जो चिट्ठी महानद के इस पार के अधिपति तत्तनै और शतर्बोजनै और महानद के इस पार के उनके सहयोगियों फारसियों ने राजा दारा के पास भेजी उसकी नकल यह है;\n"
      }
    ]
  },
  "7": {
    "verseObjects": [
      {
        "type": "text",
        "text": "उन्होंने उसको एक चिट्ठी लिखी, जिसमें यह लिखा थाः “राजा दारा का कुशल क्षेम सब प्रकार से हो।\n"
      },
      {
        "tag": "s5",
        "nextChar": "\n",
        "type": "section"
      }
    ]
  },
  "8": {
    "verseObjects": [
      {
        "type": "text",
        "text": "राजा को विदित हो, कि हम लोग यहूदा नामक प्रान्त में महान परमेश्‍वर के भवन के पास गए थे, वह बड़े-बड़े पत्थरों से* बन रहा है, और उसकी दीवारों में कड़ियाँ जुड़ रही हैं; और यह काम उन लोगों के द्वारा फुर्ती के साथ हो रहा है, और सफल भी होता जाता है।\n"
      }
    ]
  },
  "9": {
    "verseObjects": [
      {
        "type": "text",
        "text": "इसलिए हमने उन पुरनियों से यह पूछा, ‘यह भवन बनवाने, और यह शहरपनाह खड़ी करने की आज्ञा किस ने तुम्हें दी?’ \n"
      }
    ]
  },
  "10": {
    "verseObjects": [
      {
        "type": "text",
        "text": "और हमने उनके नाम भी पूछे, कि हम उनके मुख्य पुरुषों के नाम लिखकर तुझको जता सकें।\n"
      },
      {
        "tag": "s5",
        "nextChar": "\n",
        "type": "section"
      }
    ]
  },
  "11": {
    "verseObjects": [
      {
        "type": "text",
        "text": "उन्होंने हमें यह उत्तर दिया, ‘हम तो आकाश और पृथ्वी के परमेश्‍वर के दास हैं, और जिस भवन को बहुत वर्ष हुए इस्राएलियों के एक बड़े राजा ने बनाकर तैयार किया था, उसी को हम बना रहे हैं।\n"
      },
      {
        "tag": "s5",
        "nextChar": "\n",
        "type": "section"
      }
    ]
  },
  "12": {
    "verseObjects": [
      {
        "type": "text",
        "text": "जब हमारे पुरखाओं ने स्वर्ग के परमेश्‍वर को रिस दिलाई थी, तब उसने उन्हें बाबेल के कसदी राजा नबूकदनेस्सर के हाथ में कर दिया था, और उसने इस भवन को नाश किया और लोगों को बन्दी बनाकर बाबेल को ले गया।\n"
      }
    ]
  },
  "13": {
    "verseObjects": [
      {
        "type": "text",
        "text": "परन्तु बाबेल के राजा कुस्रू के पहले वर्ष में उसी कुस्रू राजा ने परमेश्‍वर के इस भवन को बनाने की आज्ञा दी।\n"
      },
      {
        "tag": "s5",
        "nextChar": "\n",
        "type": "section"
      }
    ]
  },
  "14": {
    "verseObjects": [
      {
        "type": "text",
        "text": "परमेश्‍वर के भवन के जो सोने और चाँदी के पात्र नबूकदनेस्सर यरूशलेम के मन्दिर में से निकलवाकर बाबेल के मन्दिर में ले गया था, उनको राजा कुस्रू ने बाबेल के मन्दिर में से निकलवाकर शेशबस्सर नामक एक पुरुष को जिसे उसने अधिपति ठहरा दिया था, सौंप दिया।\n"
      }
    ]
  },
  "15": {
    "verseObjects": [
      {
        "type": "text",
        "text": "उसने उससे कहा, “ये पात्र ले जाकर यरूशलेम के मन्दिर में रख, और परमेश्‍वर का वह भवन अपने स्थान पर बनाया जाए।” \n"
      },
      {
        "tag": "s5",
        "nextChar": "\n",
        "type": "section"
      }
    ]
  },
  "16": {
    "verseObjects": [
      {
        "type": "text",
        "text": "तब उसी शेशबस्सर ने आकर परमेश्‍वर के भवन की जो यरूशलेम में है नींव डाली; और तब से अब तक यह बन रहा है, परन्तु अब तक नहीं बन पाया।’ \n"
      },
      {
        "tag": "s5",
        "nextChar": "\n",
        "type": "section"
      }
    ]
  },
  "17": {
    "verseObjects": [
      {
        "type": "text",
        "text": "अब यदि राजा को अच्छा लगे तो बाबेल के राजभण्डार में इस बात की खोज की जाए, कि राजा कुस्रू ने सचमुच परमेश्‍वर के भवन के जो यरूशलेम में है बनवाने की आज्ञा दी थी, या नहीं। तब राजा इस विषय में अपनी इच्छा हमको बताए।” \n\n"
      },
      {
        "tag": "s5",
        "nextChar": "\n",
        "type": "section"
      }
    ]
  },
  "front": {
    "verseObjects": [
      {
        "tag": "s",
        "type": "section",
        "content": "मन्दिर के पुनः निर्माण का कार्य जारी\n"
      },
      {
        "tag": "p",
        "nextChar": "\n",
        "type": "paragraph"
      }
    ]
  }
}