{
  "1": {
    "verseObjects": [
      {
        "type": "text",
        "text": "उनके पूर्वजों के घरानों के मुख्य-मुख्य पुरुष ये हैं, और जो लोग राजा अर्तक्षत्र के राज्य में बाबेल से मेरे संग यरूशलेम को गए उनकी वंशावली यह है :\n"
      }
    ]
  },
  "2": {
    "verseObjects": [
      {
        "type": "text",
        "text": "अर्थात् पीनहास के वंश में से गेर्शोम, ईतामार के वंश में से दानिय्येल, दाऊद के वंश में से हत्तूश।\n"
      }
    ]
  },
  "3": {
    "verseObjects": [
      {
        "type": "text",
        "text": "शकन्याह के वंश के परोश के गोत्र में से जकर्याह, जिसके संग डेढ़ सौ पुरुषों की वंशावली हुई।\n"
      },
      {
        "tag": "s5",
        "type": "section",
        "text": "\n"
      }
    ]
  },
  "4": {
    "verseObjects": [
      {
        "type": "text",
        "text": "पहत्मोआब के वंश में से जरहयाह का पुत्र एल्यहोएनै, जिसके संग दो सौ पुरुष थे।\n"
      }
    ]
  },
  "5": {
    "verseObjects": [
      {
        "type": "text",
        "text": "शकन्याह के वंश में से यहजीएल का पुत्र, जिसके संग तीन सौ पुरुष थे।\n"
      }
    ]
  },
  "6": {
    "verseObjects": [
      {
        "type": "text",
        "text": "आदीन के वंश में से योनातान का पुत्र एबेद, जिसके संग पचास पुरुष थे।\n"
      }
    ]
  },
  "7": {
    "verseObjects": [
      {
        "type": "text",
        "text": "एलाम के वंश में से अतल्याह का पुत्र यशायाह, जिसके संग सत्तर पुरुष थे।\n"
      },
      {
        "tag": "s5",
        "type": "section",
        "text": "\n"
      }
    ]
  },
  "8": {
    "verseObjects": [
      {
        "type": "text",
        "text": "शपत्याह के वंश में से मीकाएल का पुत्र जबद्याह, जिसके संग अस्सी पुरुष थे।\n"
      }
    ]
  },
  "9": {
    "verseObjects": [
      {
        "type": "text",
        "text": "योआब के वंश में से यहीएल का पुत्र ओबद्याह, जिसके संग दो सौ अठारह पुरुष थे।\n"
      }
    ]
  },
  "10": {
    "verseObjects": [
      {
        "type": "text",
        "text": "शलोमीत के वंश में से योसिव्याह का पुत्र, जिसके संग एक सौ साठ पुरुष थे।\n"
      }
    ]
  },
  "11": {
    "verseObjects": [
      {
        "type": "text",
        "text": "बेबै के वंश में से बेबै का पुत्र जकर्याह, जिसके संग अट्ठाईस पुरुष थे।\n"
      },
      {
        "tag": "s5",
        "type": "section",
        "text": "\n"
      }
    ]
  },
  "12": {
    "verseObjects": [
      {
        "type": "text",
        "text": "अजगाद के वंश में से हक्कातान का पुत्र योहानान, जिसके संग एक सौ दस पुरुष थे।\n"
      }
    ]
  },
  "13": {
    "verseObjects": [
      {
        "type": "text",
        "text": "अदोनीकाम के वंश में से जो पीछे गए उनके ये नाम हैं: अर्थात् एलीपेलेत, यूएल, और शमायाह, और उनके संग साठ पुरुष थे।\n"
      }
    ]
  },
  "14": {
    "verseObjects": [
      {
        "type": "text",
        "text": "और बिगवै के वंश में से ऊतै और जक्कूर थे, और उनके संग सत्तर पुरुष थे।\n"
      },
      {
        "tag": "s5",
        "type": "section",
        "text": "\n"
      }
    ]
  },
  "15": {
    "verseObjects": [
      {
        "type": "text",
        "text": "इनको मैंने उस नदी के पास जो अहवा* की ओर बहती है इकट्ठा कर लिया, और वहाँ हम लोग तीन दिन डेरे डाले रहे, और मैंने वहाँ लोगों और याजकों को देख लिया परन्तु किसी लेवीय को न पाया।\n"
      }
    ]
  },
  "16": {
    "verseObjects": [
      {
        "type": "text",
        "text": "मैंने एलीएजेर, अरीएल, शमायाह, एलनातान, यारीब, एलनातान, नातान, जकर्याह और मशुल्लाम को जो मुख्य पुरुष थे, और योयारीब और एलनातान को जो बुद्धिमान थे\n"
      },
      {
        "tag": "s5",
        "type": "section",
        "text": "\n"
      }
    ]
  },
  "17": {
    "verseObjects": [
      {
        "type": "text",
        "text": "बुलवाकर, इद्दो के पास जो कासिप्या* नामक स्थान का प्रधान था, भेज दिया; और उनको समझा दिया, कि कासिप्या स्थान में इद्दो और उसके भाई नतीन लोगों से क्या-क्या कहना, वे हमारे पास हमारे परमेश्‍वर के भवन के लिये सेवा टहल करनेवालों को ले आएँ।\n"
      },
      {
        "tag": "s5",
        "type": "section",
        "text": "\n"
      }
    ]
  },
  "18": {
    "verseObjects": [
      {
        "type": "text",
        "text": "हमारे परमेश्‍वर की कृपादृष्टि जो हम पर हुई इसके अनुसार वे हमारे पास ईश्शेकेल को जो इस्राएल के परपोतो और लेवी के पोते महली के वंश में से था, और शेरेब्याह को, और उसके पुत्रों और भाइयों को, अर्थात् अठारह जनों को;\n"
      }
    ]
  },
  "19": {
    "verseObjects": [
      {
        "type": "text",
        "text": "और हशब्याह को, और उसके संग मरारी के वंश में से यशायाह को, और उसके पुत्रों और भाइयों को, अर्थात् बीस जनों को;\n"
      }
    ]
  },
  "20": {
    "verseObjects": [
      {
        "type": "text",
        "text": "और नतीन लोगों में से जिन्हें दाऊद और हाकिमों ने लेवियों की सेवा करने को ठहराया था दो सौ बीस नतिनों को ले आए। इन सभी के नाम लिखे हुए थे।\n"
      },
      {
        "tag": "s5",
        "type": "section",
        "text": "\n"
      }
    ]
  },
  "21": {
    "verseObjects": [
      {
        "type": "text",
        "text": "तब मैंने वहाँ अर्थात् अहवा नदी के तट पर उपवास का प्रचार इस आशय से किया, कि हम परमेश्‍वर के सामने दीन हों; और उससे अपने और अपने बाल-बच्चों और अपनी समस्त सम्पत्ति के लिये सरल यात्रा मांगें।\n"
      }
    ]
  },
  "22": {
    "verseObjects": [
      {
        "type": "text",
        "text": "क्योंकि मैं मार्ग के शत्रुओं से बचने के लिये सिपाहियों का दल और सवार राजा से माँगने से लजाता था, क्योंकि हम राजा से यह कह चुके थे, “हमारा परमेश्‍वर अपने सब खोजियों पर, भलाई के लिये कृपादृष्टि रखता है और जो उसे त्याग देते हैं, उसका बल और कोप उनके विरुद्ध है।” \n"
      }
    ]
  },
  "23": {
    "verseObjects": [
      {
        "type": "text",
        "text": "इसी विषय पर हमने उपवास करके अपने परमेश्‍वर से प्रार्थना की, और उसने हमारी सुनी।\n"
      },
      {
        "tag": "s5",
        "type": "section",
        "text": "\n"
      }
    ]
  },
  "24": {
    "verseObjects": [
      {
        "type": "text",
        "text": "तब मैंने मुख्य याजकों में से बारह पुरुषों को, अर्थात् शेरेब्याह, हशब्याह और इनके दस भाइयों को अलग करके, जो चाँदी, सोना और पात्र,\n"
      }
    ]
  },
  "25": {
    "verseObjects": [
      {
        "type": "text",
        "text": "राजा और उसके मंत्रियों और उसके हाकिमों और जितने इस्राएली उपस्थित थे उन्होंने हमारे परमेश्‍वर के भवन के लिये भेंट दिए थे, उन्हें तौलकर उनको दिया।\n"
      },
      {
        "tag": "s5",
        "type": "section",
        "text": "\n"
      }
    ]
  },
  "26": {
    "verseObjects": [
      {
        "type": "text",
        "text": "मैंने उनके हाथ में साढ़े छः सौ किक्कार चाँदी, सौ किक्कार चाँदी के पात्र,\n"
      }
    ]
  },
  "27": {
    "verseObjects": [
      {
        "type": "text",
        "text": "सौ किक्कार सोना, हजार दर्कमोन के सोने के बीस कटोरे, और सोने सरीखे अनमोल चमकनेवाले पीतल के दो पात्र तौलकर दे दिये।\n"
      },
      {
        "tag": "s5",
        "type": "section",
        "text": "\n"
      }
    ]
  },
  "28": {
    "verseObjects": [
      {
        "type": "text",
        "text": "मैंने उनसे कहा, “तुम तो यहोवा के लिये पवित्र हो, और ये पात्र भी पवित्र हैं; और यह चाँदी और सोना भेंट का है, जो तुम्हारे पितरों के परमेश्‍वर यहोवा के लिये प्रसन्नता से दी गई।\n"
      }
    ]
  },
  "29": {
    "verseObjects": [
      {
        "type": "text",
        "text": "इसलिए जागते रहो, और जब तक तुम इन्हें यरूशलेम में प्रधान याजकों और लेवियों और इस्राएल के पितरों के घरानों के प्रधानों के सामने यहोवा के भवन की कोठरियों में तौलकर न दो, तब तक इनकी रक्षा करते रहो।” \n"
      }
    ]
  },
  "30": {
    "verseObjects": [
      {
        "type": "text",
        "text": "तब याजकों और लेवियों ने चाँदी, सोने और पात्रों को तौलकर ले लिया कि उन्हें यरूशलेम को हमारे परमेश्‍वर के भवन में पहुँचाए।\n"
      },
      {
        "tag": "s5",
        "type": "section",
        "text": "\n"
      }
    ]
  },
  "31": {
    "verseObjects": [
      {
        "type": "text",
        "text": "पहले महीने के बारहवें दिन को हमने अहवा नदी से कूच करके यरूशलेम का मार्ग लिया, और हमारे परमेश्‍वर की कृपादृष्टि हम पर रही; और उसने हमको शत्रुओं और मार्ग पर घात लगाने वालों के हाथ से बचाया।\n"
      }
    ]
  },
  "32": {
    "verseObjects": [
      {
        "type": "text",
        "text": "अन्त में हम यरूशलेम पहुँचे और वहाँ तीन दिन रहे।\n"
      },
      {
        "tag": "s5",
        "type": "section",
        "text": "\n"
      }
    ]
  },
  "33": {
    "verseObjects": [
      {
        "type": "text",
        "text": "फिर चौथे दिन वह चाँदी-सोना और पात्र हमारे परमेश्‍वर के भवन में ऊरिय्याह के पुत्र मरेमोत याजक के हाथ में तौलकर दिए गए। उसके संग पीनहास का पुत्र एलीआजर था, और उनके साथ येशुअ का पुत्र योजाबाद लेवीय और बिन्नूई का पुत्र नोअद्याह लेवीय थे।\n"
      }
    ]
  },
  "34": {
    "verseObjects": [
      {
        "type": "text",
        "text": "वे सब वस्तुएँ गिनी और तौली गईं, और उनका तौल उसी समय लिखा गया।\n"
      },
      {
        "tag": "s5",
        "type": "section",
        "text": "\n"
      }
    ]
  },
  "35": {
    "verseObjects": [
      {
        "type": "text",
        "text": "जो बँधुआई से आए थे, उन्होंने इस्राएल के परमेश्‍वर के लिये होमबलि चढ़ाए; अर्थात् समस्त इस्राएल के निमित्त बारह बछड़े, छियानबे मेढ़े और सतहत्तर मेम्‍ने और पापबलि के लिये बारह बकरे; यह सब यहोवा के लिये होमबलि था।\n"
      }
    ]
  },
  "36": {
    "verseObjects": [
      {
        "type": "text",
        "text": "तब उन्होंने राजा की आज्ञाएँ महानद के इस पार के अधिकारियों और अधिपतियों को दीं*; और उन्होंने इस्राएली लोगों और परमेश्‍वर के भवन के काम में सहायता की।\n\n"
      },
      {
        "tag": "s5",
        "type": "section",
        "text": "\n"
      }
    ]
  },
  "front": {
    "verseObjects": [
      {
        "tag": "s",
        "type": "section",
        "text": "एज्रा का सहयोगियों समेत यरूशलेम को पहुँचना\n"
      },
      {
        "tag": "p",
        "type": "paragraph",
        "text": "\n"
      }
    ]
  }
}