{
  "1": {
    "verseObjects": [
      {
        "type": "text",
        "text": "A few dead flies in a bottle of perfume cause all the perfume to stink.\n"
      },
      {
        "tag": "q2",
        "type": "quote",
        "text": "Similarly, a small amount of acting foolishly can have a greater effect than acting wisely.\n"
      },
      {
        "tag": "q1",
        "nextChar": "\n",
        "type": "quote"
      }
    ]
  },
  "2": {
    "verseObjects": [
      {
        "type": "text",
        "text": "If people think sensibly, it will lead them to do what is right;\n"
      },
      {
        "tag": "q2",
        "type": "quote",
        "text": "if they think foolishly, it causes them to do what is wrong.\n"
      },
      {
        "tag": "q1",
        "nextChar": "\n",
        "type": "quote"
      }
    ]
  },
  "3": {
    "verseObjects": [
      {
        "type": "text",
        "text": "Even while foolish people walk along the road,\n"
      },
      {
        "tag": "q2",
        "type": "quote",
        "text": "they show that they do not have good sense.\n"
      },
      {
        "tag": "q2",
        "type": "quote",
        "text": "They show everyone that they are not wise.\n"
      },
      {
        "type": "text",
        "text": "\n"
      },
      {
        "tag": "s5",
        "nextChar": "\n",
        "type": "section"
      },
      {
        "tag": "q1",
        "nextChar": "\n",
        "type": "quote"
      }
    ]
  },
  "4": {
    "verseObjects": [
      {
        "type": "text",
        "text": "Do not quit your job when a ruler is angry with you.\n"
      },
      {
        "tag": "q2",
        "type": "quote",
        "text": "If you remain calm, he will probably stop being angry.\n"
      },
      {
        "type": "text",
        "text": "\n"
      },
      {
        "tag": "s5",
        "nextChar": "\n",
        "type": "section"
      },
      {
        "tag": "q1",
        "nextChar": "\n",
        "type": "quote"
      }
    ]
  },
  "5": {
    "verseObjects": [
      {
        "type": "text",
        "text": "There is something else that I have seen here on this earth,\n"
      },
      {
        "tag": "q2",
        "type": "quote",
        "text": "something that rulers sometimes do that is wrong:\n"
      },
      {
        "tag": "q1",
        "nextChar": "\n",
        "type": "quote"
      }
    ]
  },
  "6": {
    "verseObjects": [
      {
        "type": "text",
        "text": "they appoint foolish people to have important positions,\n"
      },
      {
        "tag": "q2",
        "type": "quote",
        "text": "while they appoint rich people to have unimportant positions.\n"
      },
      {
        "tag": "q1",
        "nextChar": "\n",
        "type": "quote"
      }
    ]
  },
  "7": {
    "verseObjects": [
      {
        "type": "text",
        "text": "They allow slaves to ride on horses like rich people usually do,\n"
      },
      {
        "tag": "q2",
        "type": "quote",
        "text": "but they force officials to walk like slaves usually do.\n"
      },
      {
        "type": "text",
        "text": "\n"
      },
      {
        "tag": "s5",
        "nextChar": "\n",
        "type": "section"
      },
      {
        "tag": "q1",
        "nextChar": "\n",
        "type": "quote"
      }
    ]
  },
  "8": {
    "verseObjects": [
      {
        "type": "text",
        "text": "It is possible that those who dig pits\n"
      },
      {
        "tag": "q2",
        "type": "quote",
        "text": "will fall into one of those pits.\n"
      },
      {
        "tag": "q1",
        "type": "quote",
        "text": "It is possible that someone who tears down a wall\n"
      },
      {
        "tag": "q2",
        "type": "quote",
        "text": "will be bitten by a snake that is in that wall.\n"
      },
      {
        "tag": "q1",
        "nextChar": "\n",
        "type": "quote"
      }
    ]
  },
  "9": {
    "verseObjects": [
      {
        "type": "text",
        "text": "If you work in a quarry,\n"
      },
      {
        "tag": "q2",
        "type": "quote",
        "text": "it is possible that a stone will fall on you and injure you.\n"
      },
      {
        "tag": "q1",
        "type": "quote",
        "text": "It is possible that men who split logs\n"
      },
      {
        "tag": "q2",
        "type": "quote",
        "text": "will be injured by one of those logs.\n"
      },
      {
        "type": "text",
        "text": "\n"
      },
      {
        "tag": "s5",
        "nextChar": "\n",
        "type": "section"
      },
      {
        "tag": "q1",
        "nextChar": "\n",
        "type": "quote"
      }
    ]
  },
  "10": {
    "verseObjects": [
      {
        "type": "text",
        "text": "If your axe is not sharp,\n"
      },
      {
        "tag": "q2",
        "type": "quote",
        "text": "you will need to work harder to cut down a tree,\n"
      },
      {
        "tag": "q1",
        "type": "quote",
        "text": "but by using wisdom, you will succeed.\n"
      },
      {
        "tag": "q1",
        "nextChar": "\n",
        "type": "quote"
      }
    ]
  },
  "11": {
    "verseObjects": [
      {
        "type": "text",
        "text": "If a snake bites someone before the snake is charmed,\n"
      },
      {
        "tag": "q2",
        "type": "quote",
        "text": "then that person's ability to charm snakes will not benefit him.\n"
      },
      {
        "type": "text",
        "text": "\n"
      },
      {
        "tag": "s5",
        "nextChar": "\n",
        "type": "section"
      },
      {
        "tag": "q1",
        "nextChar": "\n",
        "type": "quote"
      }
    ]
  },
  "12": {
    "verseObjects": [
      {
        "type": "text",
        "text": "Wise people say what is sensible, and because of that, people honor them,\n"
      },
      {
        "tag": "q2",
        "type": "quote",
        "text": "but foolish people are destroyed by what they themselves say.\n"
      },
      {
        "type": "text",
        "text": "\n"
      },
      {
        "tag": "s5",
        "nextChar": "\n",
        "type": "section"
      },
      {
        "tag": "q1",
        "nextChar": "\n",
        "type": "quote"
      }
    ]
  },
  "13": {
    "verseObjects": [
      {
        "type": "text",
        "text": "When foolish people start to talk, they say foolish things,\n"
      },
      {
        "tag": "q2",
        "type": "quote",
        "text": "and they end by saying things that are both wicked and foolish.\n"
      },
      {
        "tag": "q2",
        "nextChar": "\n",
        "type": "quote"
      }
    ]
  },
  "14": {
    "verseObjects": [
      {
        "type": "text",
        "text": "They talk too much.\n"
      },
      {
        "tag": "q1",
        "type": "quote",
        "text": "None of us knows what will happen in the future,\n"
      },
      {
        "tag": "q2",
        "type": "quote",
        "text": "or what will happen after we die.\n"
      },
      {
        "type": "text",
        "text": "\n"
      },
      {
        "tag": "s5",
        "nextChar": "\n",
        "type": "section"
      },
      {
        "tag": "q1",
        "nextChar": "\n",
        "type": "quote"
      }
    ]
  },
  "15": {
    "verseObjects": [
      {
        "type": "text",
        "text": "Foolish people become very exhausted by the work that they do,\n"
      },
      {
        "tag": "q2",
        "type": "quote",
        "text": "with the result that they are even unable to find the road to their town.\n"
      },
      {
        "type": "text",
        "text": "\n"
      },
      {
        "tag": "s5",
        "nextChar": "\n",
        "type": "section"
      },
      {
        "tag": "q1",
        "nextChar": "\n",
        "type": "quote"
      }
    ]
  },
  "16": {
    "verseObjects": [
      {
        "type": "text",
        "text": "Terrible things will happen to the people of a nation whose ruler is a foolish young person,\n"
      },
      {
        "tag": "q2",
        "type": "quote",
        "text": "whose leaders continually eat, all during the day, every day.\n"
      },
      {
        "tag": "q1",
        "nextChar": "\n",
        "type": "quote"
      }
    ]
  },
  "17": {
    "verseObjects": [
      {
        "type": "text",
        "text": "But how fortunate is a nation if its ruler comes from a noble family,\n"
      },
      {
        "tag": "q2",
        "type": "quote",
        "text": "if its leaders feast only at the proper times,\n"
      },
      {
        "tag": "q2",
        "type": "quote",
        "text": "and if they eat and drink only to be strong, not to become drunk.\n"
      },
      {
        "type": "text",
        "text": "\n"
      },
      {
        "tag": "s5",
        "nextChar": "\n",
        "type": "section"
      },
      {
        "tag": "q1",
        "nextChar": "\n",
        "type": "quote"
      }
    ]
  },
  "18": {
    "verseObjects": [
      {
        "type": "text",
        "text": "Some men are very lazy and do not repair the beams of their roof,\n"
      },
      {
        "tag": "q2",
        "type": "quote",
        "text": "with the result that the roof sags and collapses.\n"
      },
      {
        "tag": "q1",
        "type": "quote",
        "text": "If they do not repair the roof,\n"
      },
      {
        "tag": "q2",
        "type": "quote",
        "text": "water will leak into the house when it rains.\n"
      },
      {
        "tag": "q1",
        "nextChar": "\n",
        "type": "quote"
      }
    ]
  },
  "19": {
    "verseObjects": [
      {
        "type": "text",
        "text": "Eating food and drinking wine makes us laugh and be happy.\n"
      },
      {
        "tag": "q2",
        "type": "quote",
        "text": "If you have enough money, you can buy everything you need.\n"
      },
      {
        "type": "text",
        "text": "\n"
      },
      {
        "tag": "s5",
        "nextChar": "\n",
        "type": "section"
      },
      {
        "tag": "q1",
        "nextChar": "\n",
        "type": "quote"
      }
    ]
  },
  "20": {
    "verseObjects": [
      {
        "type": "text",
        "text": "Do not even think about cursing the king,\n"
      },
      {
        "tag": "q2",
        "type": "quote",
        "text": "or about cursing rich people, even when you are alone in your bedroom.\n"
      },
      {
        "tag": "q1",
        "type": "quote",
        "text": "It is always possible that a little bird will hear what you are saying\n"
      },
      {
        "tag": "q2",
        "type": "quote",
        "text": "and tell those people what you said about them.\n"
      },
      {
        "type": "text",
        "text": "\n\n"
      },
      {
        "tag": "s5",
        "nextChar": "\n",
        "type": "section"
      }
    ]
  },
  "front": {
    "verseObjects": [
      {
        "tag": "q1",
        "nextChar": "\n",
        "type": "quote"
      }
    ]
  }
}