{
  "1": {
    "verseObjects": [
      {
        "type": "text",
        "text": "While you are still young, keep thinking about God, who created you.\n"
      },
      {
        "tag": "q2",
        "type": "quote",
        "text": "Do that before you are old and you experience many troubles,\n"
      },
      {
        "tag": "q1",
        "type": "quote",
        "text": "during the years when you say,\n"
      },
      {
        "tag": "q2",
        "type": "quote",
        "text": "\"I no longer enjoy being alive.\"\n"
      },
      {
        "tag": "q1",
        "nextChar": "\n",
        "type": "quote"
      }
    ]
  },
  "2": {
    "verseObjects": [
      {
        "type": "text",
        "text": "When you become old, the light from the sun and moon and stars will seem dim to you,\n"
      },
      {
        "tag": "q2",
        "type": "quote",
        "text": "and it will seem that the rain clouds always return quickly after it rains.\n"
      },
      {
        "type": "text",
        "text": "\n"
      },
      {
        "tag": "s5",
        "nextChar": "\n",
        "type": "section"
      },
      {
        "tag": "q1",
        "nextChar": "\n",
        "type": "quote"
      }
    ]
  },
  "3": {
    "verseObjects": [
      {
        "type": "text",
        "text": "Then your arms that you use to protect yourself,\n"
      },
      {
        "tag": "q2",
        "type": "quote",
        "text": "and your legs that support your body will become weak.\n"
      },
      {
        "tag": "q1",
        "type": "quote",
        "text": "Many of the teeth that you use to grind your food will fall out,\n"
      },
      {
        "tag": "q2",
        "type": "quote",
        "text": "and your eyes that you use to look out of windows will not see clearly.\n"
      },
      {
        "type": "text",
        "text": "\n"
      },
      {
        "tag": "s5",
        "nextChar": "\n",
        "type": "section"
      },
      {
        "tag": "q1",
        "nextChar": "\n",
        "type": "quote"
      }
    ]
  },
  "4": {
    "verseObjects": [
      {
        "type": "text",
        "text": "Your ears will no longer hear the noise in the streets,\n"
      },
      {
        "tag": "q2",
        "type": "quote",
        "text": "and you will no longer be able to hear clearly the sound of people grinding grain with millstones.\n"
      },
      {
        "tag": "q1",
        "type": "quote",
        "text": "You will be awakened in the morning by hearing the birds singing,\n"
      },
      {
        "tag": "q2",
        "type": "quote",
        "text": "but you will not be able to hear well the songs that the birds sing.\n"
      },
      {
        "type": "text",
        "text": "\n"
      },
      {
        "tag": "s5",
        "nextChar": "\n",
        "type": "section"
      },
      {
        "tag": "q1",
        "nextChar": "\n",
        "type": "quote"
      }
    ]
  },
  "5": {
    "verseObjects": [
      {
        "type": "text",
        "text": "You will be afraid to be in high places\n"
      },
      {
        "tag": "q2",
        "type": "quote",
        "text": "and afraid of dangers on the roads that you walk on.\n"
      },
      {
        "tag": "q1",
        "type": "quote",
        "text": "Your hair will become white like the flowers of almond trees.\n"
      },
      {
        "tag": "q2",
        "type": "quote",
        "text": "When you try to walk, you will drag yourself along like grasshoppers,\n"
      },
      {
        "tag": "q2",
        "type": "quote",
        "text": "and you will no longer desire a woman at all.\n"
      },
      {
        "tag": "q1",
        "type": "quote",
        "text": "Then you will die and go to your eternal home,\n"
      },
      {
        "tag": "q2",
        "type": "quote",
        "text": "and the people who will mourn for you will be in the streets.\n"
      },
      {
        "tag": "q1",
        "nextChar": "\n",
        "type": "quote"
      },
      {
        "type": "text",
        "text": "\n"
      },
      {
        "tag": "s5",
        "nextChar": "\n",
        "type": "section"
      }
    ]
  },
  "6": {
    "verseObjects": [
      {
        "type": "text",
        "text": "Think much about God now, because soon our lives will end,\n"
      },
      {
        "tag": "q2",
        "type": "quote",
        "text": "like silver chains or golden bowls that break easily,\n"
      },
      {
        "tag": "q1",
        "type": "quote",
        "text": "or like pitchers that are broken at the water fountain,\n"
      },
      {
        "tag": "q2",
        "type": "quote",
        "text": "or like broken pulleys at a well.\n"
      },
      {
        "tag": "q1",
        "nextChar": "\n",
        "type": "quote"
      }
    ]
  },
  "7": {
    "verseObjects": [
      {
        "type": "text",
        "text": "Then our corpses will decay and become dirt again,\n"
      },
      {
        "tag": "q2",
        "type": "quote",
        "text": "and our spirits will return to God, the one who gave us our spirits.\n"
      },
      {
        "type": "text",
        "text": "\n"
      },
      {
        "tag": "s5",
        "nextChar": "\n",
        "type": "section"
      },
      {
        "tag": "q1",
        "nextChar": "\n",
        "type": "quote"
      }
    ]
  },
  "8": {
    "verseObjects": [
      {
        "type": "text",
        "text": "So I, the Teacher, say again that everything is temporary and useless.\n\n\n"
      },
      {
        "tag": "p",
        "nextChar": "\n",
        "type": "paragraph"
      }
    ]
  },
  "9": {
    "verseObjects": [
      {
        "type": "text",
        "text": "I, the Teacher, was considered to be a very wise man, and I taught the people many things. I assembled and wrote down many proverbs, and I carefully thought about them and put them in order.\n\n"
      },
      {
        "tag": "s5",
        "nextChar": "\n",
        "type": "section"
      }
    ]
  },
  "10": {
    "verseObjects": [
      {
        "type": "text",
        "text": "I searched for words that would be pleasing to hear, and what I have written is reliable and true.\n"
      },
      {
        "tag": "p",
        "nextChar": "\n",
        "type": "paragraph"
      }
    ]
  },
  "11": {
    "verseObjects": [
      {
        "type": "text",
        "text": "The things that I and other wise people say give directions, and they are like nails that fix things together and last a long time. When people follow clear and understandable directions, they know what is right, and, so then they can do it. The sayings of the wise are like our shepherd who guides us where we need to go.\n\n"
      },
      {
        "tag": "s5",
        "nextChar": "\n",
        "type": "section"
      }
    ]
  },
  "12": {
    "verseObjects": [
      {
        "type": "text",
        "text": "So, my son, pay careful attention to what I have written, and choose carefully what you read that others have written. This work of writing many books is endless. Trying to study them all will be an endless task.\n\n"
      },
      {
        "tag": "s5",
        "nextChar": "\n",
        "type": "section"
      },
      {
        "tag": "q1",
        "nextChar": "\n",
        "type": "quote"
      }
    ]
  },
  "13": {
    "verseObjects": [
      {
        "type": "text",
        "text": "Now you have heard all that I have told you,\n"
      },
      {
        "tag": "q2",
        "type": "quote",
        "text": "and here is the conclusion:\n"
      },
      {
        "tag": "q1",
        "type": "quote",
        "text": "Revere God, and obey his commandments,\n"
      },
      {
        "tag": "q2",
        "type": "quote",
        "text": "because those commandments summarize everything that people should do.\n"
      },
      {
        "tag": "q1",
        "nextChar": "\n",
        "type": "quote"
      }
    ]
  },
  "14": {
    "verseObjects": [
      {
        "type": "text",
        "text": "And do not forget that God will judge everything that we do,\n"
      },
      {
        "tag": "q2",
        "type": "quote",
        "text": "good things and bad things,\n"
      },
      {
        "tag": "q2",
        "type": "quote",
        "text": "even things that we do secretly.\n"
      },
      {
        "type": "text",
        "text": "\n"
      }
    ]
  },
  "front": {
    "verseObjects": [
      {
        "tag": "q1",
        "nextChar": "\n",
        "type": "quote"
      }
    ]
  }
}