{
  "1": {
    "verseObjects": [
      {
        "type": "text",
        "text": "Then I said to myself, \"Well, I will try to do everything that I enjoy. I will find out whether doing what I enjoy can truly enable me to be happy.\" But I found out that doing that was also useless.\n"
      }
    ]
  },
  "2": {
    "verseObjects": [
      {
        "type": "text",
        "text": "So I said to myself, \"It is foolish to laugh all the time, and continually doing what makes me happy does not bring any lasting benefit.\"\n\n"
      },
      {
        "tag": "s5",
        "type": "section",
        "text": "\n"
      }
    ]
  },
  "3": {
    "verseObjects": [
      {
        "type": "text",
        "text": "So, after thinking a lot about it, I decided to cheer myself up by drinking a lot of wine. While I was still trying to be wise, I acted stupidly. I tried to learn what people can do to be happy during the short time that they are alive on the earth.\n\n"
      },
      {
        "tag": "s5",
        "type": "section",
        "text": "\n"
      }
    ]
  },
  "4": {
    "verseObjects": [
      {
        "type": "text",
        "text": "I did great things. I caused houses to be built for myself and vineyards to be planted.\n"
      }
    ]
  },
  "5": {
    "verseObjects": [
      {
        "type": "text",
        "text": "I made gardens and parks. Then I planted the gardens with many kinds of fruit trees.\n"
      }
    ]
  },
  "6": {
    "verseObjects": [
      {
        "type": "text",
        "text": "I built pools of water to store water to irrigate the fruit trees.\n\n"
      },
      {
        "tag": "s5",
        "type": "section",
        "text": "\n"
      }
    ]
  },
  "7": {
    "verseObjects": [
      {
        "type": "text",
        "text": "I bought male and female slaves. Babies who later became my slaves were born in my palace. I also owned more livestock than any of the previous kings in Jerusalem had owned.\n"
      }
    ]
  },
  "8": {
    "verseObjects": [
      {
        "type": "text",
        "text": "I also accumulated large amounts of silver and gold that were acquired from the treasures of kings and rulers of provinces. I owned men and women who sang for me, and I had many wives and concubines, whom men all over the world would enjoy possessing.\n\n"
      },
      {
        "tag": "s5",
        "type": "section",
        "text": "\n"
      }
    ]
  },
  "9": {
    "verseObjects": [
      {
        "type": "text",
        "text": "So I gained more power and wealth than any king who had ruled before me in Jerusalem, and I allowed my wisdom to continue to guide me.\n"
      },
      {
        "tag": "q1",
        "type": "quote",
        "text": "\n"
      }
    ]
  },
  "10": {
    "verseObjects": [
      {
        "type": "text",
        "text": "I got everything that I saw and wanted.\n"
      },
      {
        "tag": "q2",
        "type": "quote",
        "text": "I did everything that I thought would enable me to be happy.\n"
      },
      {
        "tag": "q1",
        "type": "quote",
        "text": "All the things that I enjoyed were like a reward for all my hard work.\n"
      },
      {
        "type": "text",
        "text": "\n"
      },
      {
        "tag": "s5",
        "type": "section",
        "text": "\n"
      },
      {
        "tag": "q1",
        "type": "quote",
        "text": "\n"
      }
    ]
  },
  "11": {
    "verseObjects": [
      {
        "type": "text",
        "text": "But then I thought about all the hard work that I had done to obtain all those things.\n"
      },
      {
        "tag": "q2",
        "type": "quote",
        "text": "I saw that none of my work brought me any lasting benefit.\n"
      },
      {
        "tag": "q1",
        "type": "quote",
        "text": "It was all like trying to control the wind.\n"
      },
      {
        "type": "text",
        "text": "\n"
      },
      {
        "tag": "q1",
        "type": "quote",
        "text": "\n"
      }
    ]
  },
  "12": {
    "verseObjects": [
      {
        "type": "text",
        "text": "Then I started to think about being wise, and also about being foolish.\n"
      },
      {
        "tag": "q2",
        "type": "quote",
        "text": "I said to myself, \"I certainly do not think that anybody will be able to do anything better than I can.\"\n"
      },
      {
        "type": "text",
        "text": "\n"
      },
      {
        "tag": "s5",
        "type": "section",
        "text": "\n"
      },
      {
        "tag": "q1",
        "type": "quote",
        "text": "\n"
      }
    ]
  },
  "13": {
    "verseObjects": [
      {
        "type": "text",
        "text": "And I thought, \"Surely it is better to be wise than to be foolish,\n"
      },
      {
        "tag": "q2",
        "type": "quote",
        "text": "like light is better than darkness,\n"
      },
      {
        "tag": "q1",
        "type": "quote",
        "text": "\n"
      }
    ]
  },
  "14": {
    "verseObjects": [
      {
        "type": "text",
        "text": "because wise people walk in the daylight and can see where they are going,\n"
      },
      {
        "tag": "q2",
        "type": "quote",
        "text": "but foolish people walk in the darkness and cannot see where they are going.\"\n"
      },
      {
        "tag": "q1",
        "type": "quote",
        "text": "But I also realized that both wise people and foolish people eventually die.\n"
      },
      {
        "type": "text",
        "text": "\n"
      },
      {
        "tag": "s5",
        "type": "section",
        "text": "\n"
      },
      {
        "tag": "p",
        "type": "paragraph",
        "text": "\n"
      }
    ]
  },
  "15": {
    "verseObjects": [
      {
        "type": "text",
        "text": "So I said to myself,\n"
      },
      {
        "tag": "q1",
        "type": "quote",
        "text": "\"I am very wise, but I will die at the end of my life like foolish people do.\n"
      },
      {
        "tag": "q2",
        "type": "quote",
        "text": "So how has it benefited me to be very wise?\n"
      },
      {
        "tag": "q1",
        "type": "quote",
        "text": "I do not understand why people consider that it is valuable to be wise.\n"
      },
      {
        "tag": "q1",
        "type": "quote",
        "text": "\n"
      }
    ]
  },
  "16": {
    "verseObjects": [
      {
        "type": "text",
        "text": "Wise people and foolish people all die.\n"
      },
      {
        "tag": "q2",
        "type": "quote",
        "text": "And after we die, we will all eventually be forgotten.\"\n"
      },
      {
        "type": "text",
        "text": "\n"
      },
      {
        "tag": "s5",
        "type": "section",
        "text": "\n"
      },
      {
        "tag": "p",
        "type": "paragraph",
        "text": "\n"
      }
    ]
  },
  "17": {
    "verseObjects": [
      {
        "type": "text",
        "text": "So I hated being alive, because all the work that we do here on the earth distressed me. It all seemed to be useless, like trying to control the wind.\n\n\n"
      },
      {
        "tag": "p",
        "type": "paragraph",
        "text": "\n"
      }
    ]
  },
  "18": {
    "verseObjects": [
      {
        "type": "text",
        "text": "I also began to hate all the hard work that I had done here on the earth, because when I die, everything that I have acquired will belong to the one who inherits it after me.\n\n"
      },
      {
        "tag": "s5",
        "type": "section",
        "text": "\n"
      }
    ]
  },
  "19": {
    "verseObjects": [
      {
        "type": "text",
        "text": "And who knows whether that person will be wise or foolish? But even if he is foolish, he will acquire all the things that I worked very hard and wisely to get.\n"
      }
    ]
  },
  "20": {
    "verseObjects": [
      {
        "type": "text",
        "text": "I thought about all the hard work that I had done in this world. It seemed useless, and I became depressed.\n\n"
      },
      {
        "tag": "s5",
        "type": "section",
        "text": "\n"
      }
    ]
  },
  "21": {
    "verseObjects": [
      {
        "type": "text",
        "text": "Some people work wisely and skillfully, using the things that they have learned. But when they die, they leave everything, and someone who has not worked for those things acquires them. That fact also seemed to be senseless and caused me to be discouraged.\n"
      }
    ]
  },
  "22": {
    "verseObjects": [
      {
        "type": "text",
        "text": "So it is useless for people to work for all they do.\n"
      }
    ]
  },
  "23": {
    "verseObjects": [
      {
        "type": "text",
        "text": "Every day the work that they do causes them to experience pain and to be worried. And during the night their minds are not able to rest. That also shows how temporary everything is.\n\n"
      },
      {
        "tag": "s5",
        "type": "section",
        "text": "\n"
      },
      {
        "tag": "p",
        "type": "paragraph",
        "text": "\n"
      }
    ]
  },
  "24": {
    "verseObjects": [
      {
        "type": "text",
        "text": "So I decided that the best thing that we can do is to enjoy what we eat and drink, and also to enjoy our work. And I realized that those things are what God intends for us.\n"
      }
    ]
  },
  "25": {
    "verseObjects": [
      {
        "type": "text",
        "text": "There is absolutely no one who is able to enjoy those things if God does not give those things to him.\n\n"
      },
      {
        "tag": "s5",
        "type": "section",
        "text": "\n"
      }
    ]
  },
  "26": {
    "verseObjects": [
      {
        "type": "text",
        "text": "God enables those who please him to be wise, to know many things, and to enjoy many things. But if sinful people work hard and become rich, God can take their money away from them and give it to those who please him. However, the reason for that is also something that is difficult for me to understand. It seems useless that they worked so hard; it is like trying to control the wind.\n\n\n"
      },
      {
        "tag": "s5",
        "type": "section",
        "text": "\n"
      }
    ]
  },
  "front": {
    "verseObjects": [
      {
        "type": "text",
        "text": "\n"
      },
      {
        "tag": "p",
        "type": "paragraph",
        "text": "\n"
      }
    ]
  }
}