{
  "1": {
    "verseObjects": [
      {
        "type": "text",
        "text": "I have seen something else here on this earth that troubles people.\n"
      }
    ]
  },
  "2": {
    "verseObjects": [
      {
        "type": "text",
        "text": "God enables some people to receive a lot of money and possessions and to be honored by him. They have everything that they want. But God sometimes does not allow them to enjoy those things. Someone else gets them and enjoys them. That seems senseless and unfair.\n\n"
      },
      {
        "tag": "s5",
        "type": "section",
        "text": "\n"
      },
      {
        "tag": "p",
        "type": "paragraph",
        "text": "\n"
      }
    ]
  },
  "3": {
    "verseObjects": [
      {
        "type": "text",
        "text": "Someone might have a hundred children and live for many years. But if he is not able to enjoy the things that he has acquired, and if he is not buried properly after he dies, I say that a child that is dead when it is born is more fortunate.\n"
      }
    ]
  },
  "4": {
    "verseObjects": [
      {
        "type": "text",
        "text": "This is true, even though that dead baby's birth is meaningless—even though it does not have a name, and its brief life becomes only a sad memory in the future.\n\n"
      },
      {
        "tag": "s5",
        "type": "section",
        "text": "\n"
      }
    ]
  },
  "5": {
    "verseObjects": [
      {
        "type": "text",
        "text": "That baby does not live to see the sun or know anything. But even so, it finds more rest than rich people do who are alive.\n"
      }
    ]
  },
  "6": {
    "verseObjects": [
      {
        "type": "text",
        "text": "Even if people should live for two thousand years, if they do not enjoy the things that God gives to them, it would have been better for them never to have been born.\n"
      },
      {
        "tag": "q1",
        "type": "quote",
        "text": "All people who live a long time certainly all go to the same place—to the grave.\n"
      },
      {
        "type": "text",
        "text": "\n"
      },
      {
        "tag": "s5",
        "type": "section",
        "text": "\n"
      },
      {
        "tag": "q1",
        "type": "quote",
        "text": "\n"
      }
    ]
  },
  "7": {
    "verseObjects": [
      {
        "type": "text",
        "text": "People work hard to earn enough money to buy food to eat,\n"
      },
      {
        "tag": "q2",
        "type": "quote",
        "text": "but often they never get enough to eat.\n"
      },
      {
        "tag": "q1",
        "type": "quote",
        "text": "\n"
      }
    ]
  },
  "8": {
    "verseObjects": [
      {
        "type": "text",
        "text": "So it seems that wise people do not receive more lasting benefits\n"
      },
      {
        "tag": "q2",
        "type": "quote",
        "text": "than foolish people do.\n"
      },
      {
        "tag": "q1",
        "type": "quote",
        "text": "And it seems that poor people do not benefit from knowing how to conduct their lives.\n"
      },
      {
        "type": "text",
        "text": "\n"
      },
      {
        "tag": "s5",
        "type": "section",
        "text": "\n"
      },
      {
        "tag": "q1",
        "type": "quote",
        "text": "\n"
      }
    ]
  },
  "9": {
    "verseObjects": [
      {
        "type": "text",
        "text": "It is better to enjoy the things that we already have\n"
      },
      {
        "tag": "q2",
        "type": "quote",
        "text": "than to constantly want more things.\n"
      },
      {
        "tag": "q1",
        "type": "quote",
        "text": "Continually wanting more things is senseless,\n"
      },
      {
        "tag": "q2",
        "type": "quote",
        "text": "like trying to control the wind.\n"
      },
      {
        "tag": "q1",
        "type": "quote",
        "text": "\n"
      }
    ]
  },
  "10": {
    "verseObjects": [
      {
        "type": "text",
        "text": "All the things that exist on the earth have been given names.\n"
      },
      {
        "tag": "q2",
        "type": "quote",
        "text": "Everyone knows what people are like,\n"
      },
      {
        "tag": "q1",
        "type": "quote",
        "text": "so it is useless to argue with God,\n"
      },
      {
        "tag": "q2",
        "type": "quote",
        "text": "who is stronger than we are.\n"
      },
      {
        "type": "text",
        "text": "\n"
      },
      {
        "tag": "s5",
        "type": "section",
        "text": "\n"
      },
      {
        "tag": "q1",
        "type": "quote",
        "text": "\n"
      }
    ]
  },
  "11": {
    "verseObjects": [
      {
        "type": "text",
        "text": "The more that we talk,\n"
      },
      {
        "tag": "q2",
        "type": "quote",
        "text": "the more often we say things that are senseless,\n"
      },
      {
        "tag": "q2",
        "type": "quote",
        "text": "so it certainly does not benefit us to talk a lot.\n"
      },
      {
        "tag": "p",
        "type": "paragraph",
        "text": "\n"
      }
    ]
  },
  "12": {
    "verseObjects": [
      {
        "type": "text",
        "text": "No human being can know everything that is good for himself in this life. People live for a few seemingly meaningless days. Life passes by quickly, like a shadow, and no one know what is coming after we die. We live for only a short time, and then we disappear like a vapor.\n\n\n"
      },
      {
        "tag": "s5",
        "type": "section",
        "text": "\n"
      }
    ]
  },
  "front": {
    "verseObjects": [
      {
        "tag": "p",
        "type": "paragraph",
        "text": "\n"
      }
    ]
  }
}