{
  "1": {
    "verseObjects": [
      {
        "type": "text",
        "text": "I will tell you about those who are truly wise,\n"
      },
      {
        "tag": "q2",
        "type": "quote",
        "text": "with the result that they can explain why everything happens.\n"
      },
      {
        "tag": "q1",
        "type": "quote",
        "text": "Being wise enables people to be happy\n"
      },
      {
        "tag": "q2",
        "type": "quote",
        "text": "and enables them to smile.\n"
      },
      {
        "type": "text",
        "text": "\n"
      },
      {
        "tag": "s5",
        "type": "section",
        "text": "\n"
      },
      {
        "type": "text",
        "text": "\n"
      },
      {
        "tag": "p",
        "type": "paragraph",
        "text": "\n"
      }
    ]
  },
  "2": {
    "verseObjects": [
      {
        "type": "text",
        "text": "You solemnly promised God that you would obey what the king commands, so do that.\n"
      }
    ]
  },
  "3": {
    "verseObjects": [
      {
        "type": "text",
        "text": "Do not do anything rashly when it concerns the king. And do not join with those who want to rebel against him, because the king will do what he wants to do.\n"
      }
    ]
  },
  "4": {
    "verseObjects": [
      {
        "type": "text",
        "text": "We need to obey what the king says more than we need to obey what anyone else says, for no one can say to the king, \"Why are you doing that?\"\n\n"
      },
      {
        "tag": "s5",
        "type": "section",
        "text": "\n"
      },
      {
        "tag": "q1",
        "type": "quote",
        "text": "\n"
      }
    ]
  },
  "5": {
    "verseObjects": [
      {
        "type": "text",
        "text": "If you obey what the king commands,\n"
      },
      {
        "tag": "q2",
        "type": "quote",
        "text": "he will not harm you.\n"
      },
      {
        "tag": "q1",
        "type": "quote",
        "text": "So be wise, and know the correct time to do things and the right way to do them.\n"
      },
      {
        "tag": "q1",
        "type": "quote",
        "text": "\n"
      }
    ]
  },
  "6": {
    "verseObjects": [
      {
        "type": "text",
        "text": "Although people experience many troubles,\n"
      },
      {
        "tag": "q2",
        "type": "quote",
        "text": "there is a right way to do them and a right time to do them.\n"
      },
      {
        "tag": "q1",
        "type": "quote",
        "text": "\n"
      }
    ]
  },
  "7": {
    "verseObjects": [
      {
        "type": "text",
        "text": "No one knows what will happen in the future,\n"
      },
      {
        "tag": "q2",
        "type": "quote",
        "text": "so there is no one who can tell him what is going to happen.\n"
      },
      {
        "type": "text",
        "text": "\n"
      },
      {
        "tag": "s5",
        "type": "section",
        "text": "\n"
      },
      {
        "tag": "q1",
        "type": "quote",
        "text": "\n"
      }
    ]
  },
  "8": {
    "verseObjects": [
      {
        "type": "text",
        "text": "We cannot control our breathing,\n"
      },
      {
        "tag": "q2",
        "type": "quote",
        "text": "and we cannot control when we will stop breathing and die.\n"
      },
      {
        "tag": "q1",
        "type": "quote",
        "text": "Soldiers are not permitted to go home during a battle,\n"
      },
      {
        "tag": "q2",
        "type": "quote",
        "text": "and evil people will not be saved by doing what is evil.\n"
      },
      {
        "tag": "p",
        "type": "paragraph",
        "text": "\n"
      }
    ]
  },
  "9": {
    "verseObjects": [
      {
        "type": "text",
        "text": "I thought about all those things, and I thought about all the other things that happen on this earth. I saw that sometimes people are able to do severe harm to others.\n\n"
      },
      {
        "tag": "s5",
        "type": "section",
        "text": "\n"
      }
    ]
  },
  "10": {
    "verseObjects": [
      {
        "type": "text",
        "text": "I also saw that sometimes after evil people die, they are highly honored at their funerals by the people in the cities where they had done evil deeds. It was difficult to understand why that happens.\n"
      },
      {
        "tag": "p",
        "type": "paragraph",
        "text": "\n"
      }
    ]
  },
  "11": {
    "verseObjects": [
      {
        "type": "text",
        "text": "If evil people are not immediately punished, it causes other people to also want to do evil things.\n\n"
      },
      {
        "tag": "s5",
        "type": "section",
        "text": "\n"
      }
    ]
  },
  "12": {
    "verseObjects": [
      {
        "type": "text",
        "text": "But even if sinful people commit a hundred crimes, and even if they live for a long time, I know that things will go better for those who honor and revere God.\n"
      }
    ]
  },
  "13": {
    "verseObjects": [
      {
        "type": "text",
        "text": "I also know that things will not go well go for those who are evil, because they do not honor God. Shadows do not last a long time. Similarly, evil people will not live a long time.\n\n"
      },
      {
        "tag": "s5",
        "type": "section",
        "text": "\n"
      },
      {
        "tag": "p",
        "type": "paragraph",
        "text": "\n"
      }
    ]
  },
  "14": {
    "verseObjects": [
      {
        "type": "text",
        "text": "Another thing that sometimes happens on this earth is that bad things happen to righteous people, and good things happen to evil people. It is difficult to understand why that happens.\n"
      }
    ]
  },
  "15": {
    "verseObjects": [
      {
        "type": "text",
        "text": "So I decided that I would recommend that people be happy while they are alive, because the best thing that people can do here on this earth is to eat and drink and be happy. Enjoying those things will help people while they do their work, all the days that God has given to them to remain alive here on the earth.\n\n"
      },
      {
        "tag": "s5",
        "type": "section",
        "text": "\n"
      },
      {
        "tag": "p",
        "type": "paragraph",
        "text": "\n"
      }
    ]
  },
  "16": {
    "verseObjects": [
      {
        "type": "text",
        "text": "I thought about being wise and about people who work very hard on this earth, working day and night and not taking time to sleep.\n"
      }
    ]
  },
  "17": {
    "verseObjects": [
      {
        "type": "text",
        "text": "Then I thought about everything that God has done, and I realized that no one can understand everything that happens here on this earth. Truly, people are not able to fully understand everything that God does, even if they try hard to do that. Even if wise people claim that they understand it all, they cannot.\n\n\n"
      },
      {
        "tag": "s5",
        "type": "section",
        "text": "\n"
      }
    ]
  },
  "front": {
    "verseObjects": [
      {
        "tag": "q1",
        "type": "quote",
        "text": "\n"
      }
    ]
  }
}