{
  "1": {
    "verseObjects": [
      {
        "type": "text",
        "text": "I thought about all those things, and I decided that God controls what happens to everyone, even those who are wise and those who are righteous. No one knows whether others will love them or whether they will hate them.\n\n"
      },
      {
        "tag": "s5",
        "nextChar": "\n",
        "type": "section"
      },
      {
        "tag": "p",
        "nextChar": "\n",
        "type": "paragraph"
      }
    ]
  },
  "2": {
    "verseObjects": [
      {
        "type": "text",
        "text": "But we know that some time in the future we will all die.\n"
      },
      {
        "tag": "q1",
        "type": "quote",
        "text": "It does not matter whether we act righteously or wickedly,\n"
      },
      {
        "tag": "q2",
        "type": "quote",
        "text": "whether we are good or whether we are bad,\n"
      },
      {
        "tag": "q1",
        "type": "quote",
        "text": "whether we are acceptable for worshiping God\n"
      },
      {
        "tag": "q2",
        "type": "quote",
        "text": "or whether we have done things to cause us to be unacceptable.\n"
      },
      {
        "tag": "q1",
        "type": "quote",
        "text": "It does not matter if we offer sacrifices to God or if we do not.\n"
      },
      {
        "tag": "q1",
        "type": "quote",
        "text": "It does not matter if we do what we have promised God that we will do or if we do not.\n"
      },
      {
        "tag": "q2",
        "type": "quote",
        "text": "We all die.\n"
      },
      {
        "tag": "q1",
        "type": "quote",
        "text": "The same thing will happen to good people and to sinful people,\n"
      },
      {
        "tag": "q2",
        "type": "quote",
        "text": "to those who solemnly promise to do things for God and to those who are afraid to make such promises.\n"
      },
      {
        "type": "text",
        "text": "\n"
      },
      {
        "tag": "s5",
        "nextChar": "\n",
        "type": "section"
      },
      {
        "tag": "p",
        "nextChar": "\n",
        "type": "paragraph"
      }
    ]
  },
  "3": {
    "verseObjects": [
      {
        "type": "text",
        "text": "It seems wrong that the same thing happens to everyone on this earth. Everyone dies. Furthermore, people's inner beings are full of evil. People do foolish things while they are alive, and then they join those who are dead.\n\n"
      },
      {
        "tag": "s5",
        "nextChar": "\n",
        "type": "section"
      }
    ]
  },
  "4": {
    "verseObjects": [
      {
        "type": "text",
        "text": "While we are alive, we can expect that good things will happen to us. We despise dogs, but it is better to be a dog that is alive than to be a majestic lion that is dead.\n"
      },
      {
        "tag": "q1",
        "nextChar": "\n",
        "type": "quote"
      }
    ]
  },
  "5": {
    "verseObjects": [
      {
        "type": "text",
        "text": "We who are alive know that some day we will die,\n"
      },
      {
        "tag": "q2",
        "type": "quote",
        "text": "but dead people do not know anything.\n"
      },
      {
        "tag": "q1",
        "type": "quote",
        "text": "Dead people do not receive any more rewards,\n"
      },
      {
        "tag": "q2",
        "type": "quote",
        "text": "and people soon forget them.\n"
      },
      {
        "type": "text",
        "text": "\n"
      },
      {
        "tag": "s5",
        "nextChar": "\n",
        "type": "section"
      },
      {
        "tag": "q1",
        "nextChar": "\n",
        "type": "quote"
      }
    ]
  },
  "6": {
    "verseObjects": [
      {
        "type": "text",
        "text": "While they were alive, they loved people, they hated people, they envied people,\n"
      },
      {
        "tag": "q2",
        "type": "quote",
        "text": "but they stop doing any of that when they die.\n"
      },
      {
        "tag": "q1",
        "type": "quote",
        "text": "They will never again be a part of anything that happens here on the earth.\n"
      },
      {
        "tag": "p",
        "nextChar": "\n",
        "type": "paragraph"
      }
    ]
  },
  "7": {
    "verseObjects": [
      {
        "type": "text",
        "text": "So I say, be joyful while you eat your food and drink your wine, because that is what God wants you to do.\n"
      }
    ]
  },
  "8": {
    "verseObjects": [
      {
        "type": "text",
        "text": "Wear nice clothes and cause your face to have a good appearance.\n\n"
      },
      {
        "tag": "s5",
        "nextChar": "\n",
        "type": "section"
      }
    ]
  },
  "9": {
    "verseObjects": [
      {
        "type": "text",
        "text": "Enjoy living with your wife whom you love, all during the time that God has given to you to be alive here on this earth. Even though it is difficult to understand why many things happen, this life with your wife is your reward for doing the work that you do here on this earth.\n"
      }
    ]
  },
  "10": {
    "verseObjects": [
      {
        "type": "text",
        "text": "Whatever you are able to do, do it with all your energy, because at some point you will die, and in the place of the dead where you are going, no one works or plans to do anything or knows anything or has any wisdom.\n\n"
      },
      {
        "tag": "s5",
        "nextChar": "\n",
        "type": "section"
      },
      {
        "tag": "p",
        "nextChar": "\n",
        "type": "paragraph"
      }
    ]
  },
  "11": {
    "verseObjects": [
      {
        "type": "text",
        "text": "I have seen something else here on the earth:\n"
      },
      {
        "tag": "q1",
        "type": "quote",
        "text": "The person who runs fastest does not always win the race,\n"
      },
      {
        "tag": "q1",
        "type": "quote",
        "text": "the strongest soldiers do not always win the battle,\n"
      },
      {
        "tag": "q1",
        "type": "quote",
        "text": "the wisest people do not always have food,\n"
      },
      {
        "tag": "q1",
        "type": "quote",
        "text": "the smartest people do not always become rich,\n"
      },
      {
        "tag": "q1",
        "type": "quote",
        "text": "and the people who have studied a lot are not always honored by others.\n"
      },
      {
        "tag": "q1",
        "type": "quote",
        "text": "We cannot always control what things will happen to us and where they will happen.\n"
      },
      {
        "tag": "p",
        "nextChar": "\n",
        "type": "paragraph"
      }
    ]
  },
  "12": {
    "verseObjects": [
      {
        "type": "text",
        "text": "No one knows when he will die.\n"
      },
      {
        "tag": "q1",
        "type": "quote",
        "text": "Fish are cruelly caught in a net,\n"
      },
      {
        "tag": "q2",
        "type": "quote",
        "text": "and birds are caught in snares.\n"
      },
      {
        "tag": "q1",
        "type": "quote",
        "text": "Similarly, people experience disasters\n"
      },
      {
        "tag": "q2",
        "type": "quote",
        "text": "at times when they do not expect them to happen.\n"
      },
      {
        "type": "text",
        "text": "\n"
      },
      {
        "tag": "s5",
        "nextChar": "\n",
        "type": "section"
      },
      {
        "type": "text",
        "text": "\n"
      },
      {
        "tag": "p",
        "nextChar": "\n",
        "type": "paragraph"
      }
    ]
  },
  "13": {
    "verseObjects": [
      {
        "type": "text",
        "text": "Once I saw here on this earth something that a wise man did that impressed me.\n"
      }
    ]
  },
  "14": {
    "verseObjects": [
      {
        "type": "text",
        "text": "There was a small town, where only a few people lived. The army of a great king came to that town and surrounded it. They built dirt ramps up against the walls in order to climb up and attack the town.\n"
      }
    ]
  },
  "15": {
    "verseObjects": [
      {
        "type": "text",
        "text": "In that town there was someone who was poor but very wise. Because of what that person suggested, the town was saved, but people soon forgot about him.\n\n"
      },
      {
        "tag": "s5",
        "nextChar": "\n",
        "type": "section"
      }
    ]
  },
  "16": {
    "verseObjects": [
      {
        "type": "text",
        "text": "So I realized that although being wise is better than being strong, if you are poor, no one will appreciate what you do, and people will soon forget what you said.\n\n"
      },
      {
        "tag": "s5",
        "nextChar": "\n",
        "type": "section"
      },
      {
        "tag": "q1",
        "nextChar": "\n",
        "type": "quote"
      }
    ]
  },
  "17": {
    "verseObjects": [
      {
        "type": "text",
        "text": "A wise man who speaks quietly—people hear him better\n"
      },
      {
        "tag": "q2",
        "type": "quote",
        "text": "than they hear a king who is shouting to a foolish crowd.\n"
      },
      {
        "tag": "q1",
        "nextChar": "\n",
        "type": "quote"
      }
    ]
  },
  "18": {
    "verseObjects": [
      {
        "type": "text",
        "text": "Being wise is more useful\n"
      },
      {
        "tag": "q2",
        "type": "quote",
        "text": "than having a lot of weapons;\n"
      },
      {
        "tag": "q1",
        "type": "quote",
        "text": "however, if a person does just one foolish thing,\n"
      },
      {
        "tag": "q2",
        "type": "quote",
        "text": "he might ruin many good things that others have done.\n"
      },
      {
        "type": "text",
        "text": "\n\n"
      },
      {
        "tag": "s5",
        "nextChar": "\n",
        "type": "section"
      }
    ]
  },
  "front": {
    "verseObjects": [
      {
        "type": "text",
        "text": "\n"
      },
      {
        "tag": "p",
        "nextChar": "\n",
        "type": "paragraph"
      }
    ]
  }
}