{
  "1": {
    "verseObjects": [
      {
        "type": "text",
        "text": "Yahweh also said this:\n"
      },
      {
        "tag": "q1",
        "type": "quote",
        "text": "\"I will punish the people of Moab because of the many sins that they have committed;\n"
      },
      {
        "tag": "q2",
        "type": "quote",
        "text": "I will not change my mind about punishing them,\n"
      },
      {
        "tag": "q1",
        "type": "quote",
        "text": "because they dug up the bones of the king of Edom and burned them completely,\n"
      },
      {
        "tag": "q2",
        "type": "quote",
        "text": "with the result that the ashes became as white as lime.\n"
      },
      {
        "type": "text",
        "text": "\n"
      },
      {
        "tag": "s5",
        "nextChar": "\n",
        "type": "section"
      },
      {
        "tag": "q1",
        "nextChar": "\n",
        "type": "quote"
      }
    ]
  },
  "2": {
    "verseObjects": [
      {
        "type": "text",
        "text": "So I will cause a fire to completely burn the fortresses of the city of Kerioth in Moab.\n"
      },
      {
        "tag": "q2",
        "type": "quote",
        "text": "People will hear soldiers shouting and blowing trumpets loudly\n"
      },
      {
        "tag": "q2",
        "type": "quote",
        "text": "while I am causing Moab to be destroyed\n"
      },
      {
        "tag": "q1",
        "nextChar": "\n",
        "type": "quote"
      }
    ]
  },
  "3": {
    "verseObjects": [
      {
        "type": "text",
        "text": "and while I am getting rid of its king and all its leaders.\n"
      },
      {
        "tag": "q2",
        "type": "quote",
        "text": "That will surely happen because I, Yahweh, have said it!\"\n"
      },
      {
        "type": "text",
        "text": "\n"
      },
      {
        "tag": "s5",
        "nextChar": "\n",
        "type": "section"
      },
      {
        "type": "text",
        "text": "\n"
      },
      {
        "tag": "p",
        "nextChar": "\n",
        "type": "paragraph"
      }
    ]
  },
  "4": {
    "verseObjects": [
      {
        "type": "text",
        "text": "Yahweh also said this:\n"
      },
      {
        "tag": "q1",
        "type": "quote",
        "text": "\"I will punish the people of Judah because of the many sins that they have committed;\n"
      },
      {
        "tag": "q2",
        "type": "quote",
        "text": "I will not change my mind about punishing them,\n"
      },
      {
        "tag": "q1",
        "type": "quote",
        "text": "because they have rejected what I taught them\n"
      },
      {
        "tag": "q2",
        "type": "quote",
        "text": "and they have not obeyed my commands.\n"
      },
      {
        "tag": "q1",
        "type": "quote",
        "text": "They have been deceived and persuaded to worship false gods,\n"
      },
      {
        "tag": "q2",
        "type": "quote",
        "text": "the same gods that their ancestors worshiped.\n"
      },
      {
        "tag": "q1",
        "nextChar": "\n",
        "type": "quote"
      }
    ]
  },
  "5": {
    "verseObjects": [
      {
        "type": "text",
        "text": "So I will cause a fire to completely burn everything in Judah, including the fortresses in Jerusalem.\"\n\n"
      },
      {
        "tag": "s5",
        "nextChar": "\n",
        "type": "section"
      },
      {
        "type": "text",
        "text": "\n"
      },
      {
        "tag": "p",
        "nextChar": "\n",
        "type": "paragraph"
      }
    ]
  },
  "6": {
    "verseObjects": [
      {
        "type": "text",
        "text": "Yahweh also said this:\n"
      },
      {
        "tag": "q1",
        "type": "quote",
        "text": "\"I will punish the people of Israel because of the many sins that they have committed;\n"
      },
      {
        "tag": "q2",
        "type": "quote",
        "text": "I will not change my mind about punishing them,\n"
      },
      {
        "tag": "q1",
        "type": "quote",
        "text": "because they sell righteous people to get a small amount of silver;\n"
      },
      {
        "tag": "q2",
        "type": "quote",
        "text": "they sell poor people, causing them to become slaves,\n"
      },
      {
        "tag": "q2",
        "type": "quote",
        "text": "getting for each of them only the amount of money with which they could buy a pair of sandals.\n"
      },
      {
        "type": "text",
        "text": "\n"
      },
      {
        "tag": "s5",
        "nextChar": "\n",
        "type": "section"
      },
      {
        "tag": "q1",
        "nextChar": "\n",
        "type": "quote"
      }
    ]
  },
  "7": {
    "verseObjects": [
      {
        "type": "text",
        "text": "It is as though they trample the poor people into the dirt\n"
      },
      {
        "tag": "q2",
        "type": "quote",
        "text": "and do not treat the helpless fairly.\n"
      },
      {
        "tag": "q2",
        "type": "quote",
        "text": "Men and their fathers dishonor me by sleeping with the same slave girl.\n"
      },
      {
        "tag": "q1",
        "nextChar": "\n",
        "type": "quote"
      }
    ]
  },
  "8": {
    "verseObjects": [
      {
        "type": "text",
        "text": "When poor people borrow money,\n"
      },
      {
        "tag": "q2",
        "type": "quote",
        "text": "the lenders force those people to give to them a piece of clothing for them to keep until he can pay back the money.\n"
      },
      {
        "tag": "q1",
        "type": "quote",
        "text": "But at the end of each day, instead of returning that garment as Yahweh had commanded them to,\n"
      },
      {
        "tag": "q2",
        "type": "quote",
        "text": "they lie down on that garment at the places where they worship their gods!\n"
      },
      {
        "tag": "q1",
        "type": "quote",
        "text": "They make people pay money for various reasons,\n"
      },
      {
        "tag": "q2",
        "type": "quote",
        "text": "and then they drink it in the temples of their gods.\n"
      },
      {
        "type": "text",
        "text": "\n"
      },
      {
        "tag": "s5",
        "nextChar": "\n",
        "type": "section"
      },
      {
        "tag": "q1",
        "nextChar": "\n",
        "type": "quote"
      }
    ]
  },
  "9": {
    "verseObjects": [
      {
        "type": "text",
        "text": "Long ago, to assist your ancestors, I got rid of the Amor people group.\n"
      },
      {
        "tag": "q2",
        "type": "quote",
        "text": "They seemed to be as tall as cedar trees\n"
      },
      {
        "tag": "q2",
        "type": "quote",
        "text": "and as strong as oak trees,\n"
      },
      {
        "tag": "q1",
        "type": "quote",
        "text": "but I got rid of them completely,\n"
      },
      {
        "tag": "q2",
        "type": "quote",
        "text": "as easily as someone cuts off the branches of a tree and then digs out all the roots.\n"
      },
      {
        "tag": "q1",
        "nextChar": "\n",
        "type": "quote"
      }
    ]
  },
  "10": {
    "verseObjects": [
      {
        "type": "text",
        "text": "I brought your ancestors out of Egypt,\n"
      },
      {
        "tag": "q2",
        "type": "quote",
        "text": "and then I led them through the desert for forty years.\n"
      },
      {
        "tag": "q2",
        "type": "quote",
        "text": "Then I enabled them to conquer the land of the Amorites, Canaan.\n"
      },
      {
        "type": "text",
        "text": "\n"
      },
      {
        "tag": "s5",
        "nextChar": "\n",
        "type": "section"
      },
      {
        "tag": "q1",
        "nextChar": "\n",
        "type": "quote"
      }
    ]
  },
  "11": {
    "verseObjects": [
      {
        "type": "text",
        "text": "I chose some of you Israelites to be prophets,\n"
      },
      {
        "tag": "q2",
        "type": "quote",
        "text": "and I chose others to be Nazir who were completely dedicated to me.\n"
      },
      {
        "tag": "q1",
        "type": "quote",
        "text": "You people of Israel certainly know that what I have said is true!\n"
      },
      {
        "tag": "q1",
        "nextChar": "\n",
        "type": "quote"
      }
    ]
  },
  "12": {
    "verseObjects": [
      {
        "type": "text",
        "text": "But you commanded the prophets to not speak the messages that I gave to them,\n"
      },
      {
        "tag": "q1",
        "type": "quote",
        "text": "and you persuaded the Nazir to drink wine,\n"
      },
      {
        "tag": "q2",
        "type": "quote",
        "text": "which I told them never to do.\n"
      },
      {
        "type": "text",
        "text": "\n"
      },
      {
        "tag": "s5",
        "nextChar": "\n",
        "type": "section"
      },
      {
        "tag": "q1",
        "nextChar": "\n",
        "type": "quote"
      }
    ]
  },
  "13": {
    "verseObjects": [
      {
        "type": "text",
        "text": "So I will crush you\n"
      },
      {
        "tag": "q2",
        "type": "quote",
        "text": "as the wheels of a wagon that is loaded with grain crushes whatever it rolls over.\n"
      },
      {
        "tag": "q1",
        "nextChar": "\n",
        "type": "quote"
      }
    ]
  },
  "14": {
    "verseObjects": [
      {
        "type": "text",
        "text": "Even if you run fast,\n"
      },
      {
        "tag": "q2",
        "type": "quote",
        "text": "you will not escape;\n"
      },
      {
        "tag": "q1",
        "type": "quote",
        "text": "even if you are strong, it will be as though you are weak,\n"
      },
      {
        "tag": "q2",
        "type": "quote",
        "text": "and warriors will be unable to save themselves.\n"
      },
      {
        "type": "text",
        "text": "\n"
      },
      {
        "tag": "s5",
        "nextChar": "\n",
        "type": "section"
      },
      {
        "tag": "q1",
        "nextChar": "\n",
        "type": "quote"
      }
    ]
  },
  "15": {
    "verseObjects": [
      {
        "type": "text",
        "text": "Even if you are able to shoot arrows well,\n"
      },
      {
        "tag": "q2",
        "type": "quote",
        "text": "you will be forced to retreat;\n"
      },
      {
        "tag": "q1",
        "type": "quote",
        "text": "even if you run fast or if you ride away on a horse,\n"
      },
      {
        "tag": "q2",
        "type": "quote",
        "text": "you will not be able to save yourself.\n"
      },
      {
        "tag": "q1",
        "nextChar": "\n",
        "type": "quote"
      }
    ]
  },
  "16": {
    "verseObjects": [
      {
        "type": "text",
        "text": "Even warriors who are very brave will drop their weapons\n"
      },
      {
        "tag": "q2",
        "type": "quote",
        "text": "when they try to flee on the day that I get rid of them.\n"
      },
      {
        "tag": "q1",
        "type": "quote",
        "text": "That will surely happen because I, Yahweh, have said it.\"\n"
      },
      {
        "type": "text",
        "text": "\n\n"
      },
      {
        "tag": "s5",
        "nextChar": "\n",
        "type": "section"
      }
    ]
  },
  "front": {
    "verseObjects": [
      {
        "type": "text",
        "text": "\n"
      },
      {
        "tag": "p",
        "nextChar": "\n",
        "type": "paragraph"
      }
    ]
  }
}