{
  "1": {
    "verseObjects": [
      {
        "type": "text",
        "text": "Terrible things will happen to you people in Jerusalem who are not worried about anything,\n"
      },
      {
        "tag": "q2",
        "type": "quote",
        "text": "and also to you leaders who live on the hill of the city of Samaria, you who think that you are safe.\n"
      },
      {
        "tag": "q1",
        "type": "quote",
        "text": "You call yourselves the most important people in the world,\n"
      },
      {
        "tag": "q2",
        "type": "quote",
        "text": "and you are the leaders to whom Israelites go for help.\n"
      },
      {
        "tag": "q1",
        "nextChar": "\n",
        "type": "quote"
      }
    ]
  },
  "2": {
    "verseObjects": [
      {
        "type": "text",
        "text": "You tell them, \"Just go to the city of Kalneh and look at it.\n"
      },
      {
        "tag": "q2",
        "type": "quote",
        "text": "Then go to see the great city Hamath\n"
      },
      {
        "tag": "q2",
        "type": "quote",
        "text": "and to Gath in Philistia and look at it. They are all prosperous.\n"
      },
      {
        "tag": "q1",
        "type": "quote",
        "text": "Now your lands are better than those places, and your two countries—Judah and Samaria—are bigger. So you are safe.\"\n"
      },
      {
        "type": "text",
        "text": "\n"
      },
      {
        "tag": "s5",
        "nextChar": "\n",
        "type": "section"
      },
      {
        "tag": "q1",
        "nextChar": "\n",
        "type": "quote"
      }
    ]
  },
  "3": {
    "verseObjects": [
      {
        "type": "text",
        "text": "Terrible things will happen to you leaders! You are trying to avoid thinking about the coming time when you will experience disasters,\n"
      },
      {
        "tag": "q2",
        "type": "quote",
        "text": "when your enemies will violently attack you.\n"
      },
      {
        "tag": "q1",
        "nextChar": "\n",
        "type": "quote"
      }
    ]
  },
  "4": {
    "verseObjects": [
      {
        "type": "text",
        "text": "You follow foreign customs in reclining to dine on couches decorated with expensive ivory,\n"
      },
      {
        "tag": "q2",
        "type": "quote",
        "text": "on soft couches.\n"
      },
      {
        "tag": "q1",
        "type": "quote",
        "text": "You eat the tender meat of lambs\n"
      },
      {
        "tag": "q2",
        "type": "quote",
        "text": "and fat calves.\n"
      },
      {
        "type": "text",
        "text": "\n"
      },
      {
        "tag": "s5",
        "nextChar": "\n",
        "type": "section"
      },
      {
        "tag": "q1",
        "nextChar": "\n",
        "type": "quote"
      }
    ]
  },
  "5": {
    "verseObjects": [
      {
        "type": "text",
        "text": "You create new songs as if you had nothing better to do,\n"
      },
      {
        "tag": "q2",
        "type": "quote",
        "text": "and you play them on your harps like King David did.\n"
      },
      {
        "tag": "q1",
        "nextChar": "\n",
        "type": "quote"
      }
    ]
  },
  "6": {
    "verseObjects": [
      {
        "type": "text",
        "text": "You drink entire bowlfuls of wine,\n"
      },
      {
        "tag": "q2",
        "type": "quote",
        "text": "and you put expensive oils on your bodies,\n"
      },
      {
        "tag": "q2",
        "type": "quote",
        "text": "but you do not grieve about our country of Israel, which is about to be destroyed.\n"
      },
      {
        "type": "text",
        "text": "\n"
      },
      {
        "tag": "s5",
        "nextChar": "\n",
        "type": "section"
      },
      {
        "tag": "q1",
        "nextChar": "\n",
        "type": "quote"
      }
    ]
  },
  "7": {
    "verseObjects": [
      {
        "type": "text",
        "text": "Your feasting and lounging on soft couches will soon end,\n"
      },
      {
        "tag": "q2",
        "type": "quote",
        "text": "and you will be among the first ones to be forced by your enemies to go into exile.\n"
      },
      {
        "type": "text",
        "text": "\n"
      },
      {
        "tag": "p",
        "nextChar": "\n",
        "type": "paragraph"
      }
    ]
  },
  "8": {
    "verseObjects": [
      {
        "type": "text",
        "text": "Yahweh the Lord has solemnly declared this:\n"
      },
      {
        "tag": "q1",
        "type": "quote",
        "text": "\"I hate the people of Israel because they are very proud;\n"
      },
      {
        "tag": "q2",
        "type": "quote",
        "text": "I detest their fortresses.\n"
      },
      {
        "tag": "q1",
        "type": "quote",
        "text": "I will enable their enemies to capture their capital city\n"
      },
      {
        "tag": "q2",
        "type": "quote",
        "text": "and everything in it.\"\n"
      },
      {
        "type": "text",
        "text": "\n"
      },
      {
        "tag": "s5",
        "nextChar": "\n",
        "type": "section"
      },
      {
        "tag": "p",
        "nextChar": "\n",
        "type": "paragraph"
      }
    ]
  },
  "9": {
    "verseObjects": [
      {
        "type": "text",
        "text": "When that happens, if there are ten people in one house, they will all die.\n"
      }
    ]
  },
  "10": {
    "verseObjects": [
      {
        "type": "text",
        "text": "If a relative who has the task of burning their corpses comes to the house and inquires of anyone who is still hiding there, \"Is there anyone here with you?\" and that person replies \"No,\" the one who inquired will say, \"Be quiet! You must not call Yahweh's attention to us by mentioning his name, or he may have a reason to kill us!\"\n\n"
      },
      {
        "tag": "s5",
        "nextChar": "\n",
        "type": "section"
      },
      {
        "tag": "q1",
        "nextChar": "\n",
        "type": "quote"
      }
    ]
  },
  "11": {
    "verseObjects": [
      {
        "type": "text",
        "text": "Terrible things like that will happen because Yahweh has commanded that the large houses in Israel must be smashed into pieces,\n"
      },
      {
        "tag": "q2",
        "type": "quote",
        "text": "and small houses must be smashed into tiny bits.\n"
      },
      {
        "type": "text",
        "text": "\n"
      },
      {
        "tag": "s5",
        "nextChar": "\n",
        "type": "section"
      },
      {
        "tag": "q1",
        "nextChar": "\n",
        "type": "quote"
      }
    ]
  },
  "12": {
    "verseObjects": [
      {
        "type": "text",
        "text": "Horses certainly do not run on big rocks,\n"
      },
      {
        "tag": "q2",
        "type": "quote",
        "text": "and certainly people cannot plow the rocks with oxen.\n"
      },
      {
        "tag": "q1",
        "type": "quote",
        "text": "But you have done things that no one should do:\n"
      },
      {
        "tag": "q1",
        "type": "quote",
        "text": "You have distorted what is fair;\n"
      },
      {
        "tag": "q2",
        "type": "quote",
        "text": "you have changed what is right and consider it to be like things that are bitter.\n"
      },
      {
        "tag": "q1",
        "nextChar": "\n",
        "type": "quote"
      }
    ]
  },
  "13": {
    "verseObjects": [
      {
        "type": "text",
        "text": "You are proud because you have captured the town of Lo Debar,\n"
      },
      {
        "tag": "q2",
        "type": "quote",
        "text": "and you have said, \"We captured Karnaim by our own power!\"\n"
      },
      {
        "type": "text",
        "text": "\n"
      },
      {
        "tag": "s5",
        "nextChar": "\n",
        "type": "section"
      },
      {
        "tag": "q1",
        "nextChar": "\n",
        "type": "quote"
      }
    ]
  },
  "14": {
    "verseObjects": [
      {
        "type": "text",
        "text": "But Yahweh, commander of the angel armies, declares,\n"
      },
      {
        "tag": "q2",
        "type": "quote",
        "text": "\"I will cause a certain nation to attack you people of Israel;\n"
      },
      {
        "tag": "q1",
        "type": "quote",
        "text": "they will oppress you all the way from Hamath Pass in the northwest\n"
      },
      {
        "tag": "q2",
        "type": "quote",
        "text": "to the brook of the Arabah.\n"
      },
      {
        "type": "text",
        "text": "\n\n"
      },
      {
        "tag": "s5",
        "nextChar": "\n",
        "type": "section"
      }
    ]
  },
  "front": {
    "verseObjects": [
      {
        "tag": "q1",
        "nextChar": "\n",
        "type": "quote"
      }
    ]
  }
}