{
  "1": {
    "verseObjects": [
      {
        "type": "text",
        "text": "Yahweh our God showed me in a vision that he was going to send locusts to destroy our crops. It was going to happen right after the king's share of the hay had been harvested and before the rest of the hay was ready to be harvested.\n"
      }
    ]
  },
  "2": {
    "verseObjects": [
      {
        "type": "text",
        "text": "In the vision I saw those locusts come, and they ate everything that was green. Then I cried out, \"Yahweh our Lord, please forgive us! We Israelite people are very helpless; how will we be able to survive ?\"\n"
      },
      {
        "tag": "p",
        "type": "paragraph",
        "text": "\n"
      }
    ]
  },
  "3": {
    "verseObjects": [
      {
        "type": "text",
        "text": "So Yahweh changed his mind and said, \"That will not happen.\"\n\n"
      },
      {
        "tag": "s5",
        "type": "section",
        "text": "\n"
      },
      {
        "tag": "p",
        "type": "paragraph",
        "text": "\n"
      }
    ]
  },
  "4": {
    "verseObjects": [
      {
        "type": "text",
        "text": "Then this is what Yahweh our Lord showed me in another vision: He was calling to a fire to come and punish his people. In the vision I saw that the fire had dried up the water under all the land and also had burned everything on the land.\n"
      }
    ]
  },
  "5": {
    "verseObjects": [
      {
        "type": "text",
        "text": "Then I cried out again, \"Yahweh our Lord, I plead with you, please stop this! We Israelite people are very helpless; how will we be able to survive ?\"\n"
      },
      {
        "tag": "p",
        "type": "paragraph",
        "text": "\n"
      }
    ]
  },
  "6": {
    "verseObjects": [
      {
        "type": "text",
        "text": "So Yahweh changed his mind again, and said, \"That also will not happen.\"\n\n"
      },
      {
        "tag": "s5",
        "type": "section",
        "text": "\n"
      },
      {
        "tag": "p",
        "type": "paragraph",
        "text": "\n"
      }
    ]
  },
  "7": {
    "verseObjects": [
      {
        "type": "text",
        "text": "Then Yahweh showed me another vision. I saw him standing beside a wall. It was very straight because it had been built using a plumb line. Yahweh had the plumb line in his hand.\n"
      }
    ]
  },
  "8": {
    "verseObjects": [
      {
        "type": "text",
        "text": "Yahweh asked me, \"Amos, what do you see?\"\n"
      },
      {
        "tag": "p",
        "type": "paragraph",
        "text": "I replied, \"A plumb line.\"\n"
      },
      {
        "tag": "p",
        "type": "paragraph",
        "text": "Then Yahweh said, \"Look, I am going to use a plumb line among my Israelite people, to show that they are like a wall that is not straight. I will not change my mind again about punishing them.\n"
      },
      {
        "type": "text",
        "text": "\n"
      },
      {
        "tag": "s5",
        "type": "section",
        "text": "\n"
      },
      {
        "tag": "q1",
        "type": "quote",
        "text": "\n"
      }
    ]
  },
  "9": {
    "verseObjects": [
      {
        "type": "text",
        "text": "The hilltop places of idolatry where the descendants of Isaac worship idols will be destroyed.\n"
      },
      {
        "tag": "q2",
        "type": "quote",
        "text": "And the other important holy places in Israel will also be destroyed.\n"
      },
      {
        "tag": "q1",
        "type": "quote",
        "text": "And I will enable your enemies to attack your people with swords,\n"
      },
      {
        "tag": "q2",
        "type": "quote",
        "text": "and they will get rid of King Jeroboam and all his descendants.\"\n"
      },
      {
        "type": "text",
        "text": "\n"
      },
      {
        "tag": "s5",
        "type": "section",
        "text": "\n"
      },
      {
        "type": "text",
        "text": "\n"
      },
      {
        "tag": "p",
        "type": "paragraph",
        "text": "\n"
      }
    ]
  },
  "10": {
    "verseObjects": [
      {
        "type": "text",
        "text": "Then Amaziah the priest at Bethel, sent a message to Jeroboam, the king of Israel. In the message he said, \"Amos is plotting against you among the Israelite people. I am worried that the people of this country will not know that he is wrong.\n"
      }
    ]
  },
  "11": {
    "verseObjects": [
      {
        "type": "text",
        "text": "This is what he is saying:\n"
      },
      {
        "tag": "q1",
        "type": "quote",
        "text": "'Jeroboam will soon be killed by someone using a sword,\n"
      },
      {
        "tag": "q2",
        "type": "quote",
        "text": "and the people of Israel will be exiled.'\"\n"
      },
      {
        "type": "text",
        "text": "\n"
      },
      {
        "tag": "s5",
        "type": "section",
        "text": "\n"
      },
      {
        "tag": "p",
        "type": "paragraph",
        "text": "\n"
      }
    ]
  },
  "12": {
    "verseObjects": [
      {
        "type": "text",
        "text": "Then Amaziah came to me and said, \"You prophet, get out of here! Go back to the country of Judah! Do your prophesying there if you want to earn money!\n"
      }
    ]
  },
  "13": {
    "verseObjects": [
      {
        "type": "text",
        "text": "Do not prophesy anymore here at Bethel, because this is where the national temple, the king's temple, is!\"\n\n"
      },
      {
        "tag": "s5",
        "type": "section",
        "text": "\n"
      },
      {
        "tag": "p",
        "type": "paragraph",
        "text": "\n"
      }
    ]
  },
  "14": {
    "verseObjects": [
      {
        "type": "text",
        "text": "I replied to Amaziah, \"I was previously not a prophet and my father was not a prophet; I was a shepherd. I also took care of sycamore fig trees.\n"
      }
    ]
  },
  "15": {
    "verseObjects": [
      {
        "type": "text",
        "text": "But Yahweh took me away from taking care of my sheep, and he said to me, 'Go to Israel and prophesy to my people there!'\n\n"
      },
      {
        "tag": "s5",
        "type": "section",
        "text": "\n"
      },
      {
        "tag": "q1",
        "type": "quote",
        "text": "\n"
      }
    ]
  },
  "16": {
    "verseObjects": [
      {
        "type": "text",
        "text": "You said to me, 'Do not prophesy and say that terrible things will happen to the people of Israel;\n"
      },
      {
        "tag": "q2",
        "type": "quote",
        "text": "stop saying those things!'\n"
      },
      {
        "tag": "p",
        "type": "paragraph",
        "text": "\n"
      }
    ]
  },
  "17": {
    "verseObjects": [
      {
        "type": "text",
        "text": "So listen to what Yahweh says about you:\n"
      },
      {
        "tag": "q1",
        "type": "quote",
        "text": "'Your wife will become a prostitute in this very city;\n"
      },
      {
        "tag": "q2",
        "type": "quote",
        "text": "your sons and daughters will die because their enemies will kill them.\n"
      },
      {
        "tag": "q1",
        "type": "quote",
        "text": "Others will measure your land\n"
      },
      {
        "tag": "q2",
        "type": "quote",
        "text": "and divide it up among themselves;\n"
      },
      {
        "tag": "q1",
        "type": "quote",
        "text": "and you yourself will die in a foreign country.\n"
      },
      {
        "tag": "q1",
        "type": "quote",
        "text": "And the people of Israel will certainly have to leave their country and go into exile.'\"\n"
      },
      {
        "type": "text",
        "text": "\n\n"
      },
      {
        "tag": "s5",
        "type": "section",
        "text": "\n"
      }
    ]
  },
  "front": {
    "verseObjects": [
      {
        "type": "text",
        "text": "\n"
      },
      {
        "tag": "p",
        "type": "paragraph",
        "text": "\n"
      }
    ]
  }
}