{
  "1": {
    "verseObjects": [
      {
        "type": "text",
        "text": "King Nebuchadnezzar sent this decree to all peoples, nations, and languages who lived on the earth: May your peace increase.\n"
      }
    ]
  },
  "2": {
    "verseObjects": [
      {
        "type": "text",
        "text": "It has seemed good to me to tell you about the signs and wonders that the Most High has done for me.\n"
      },
      {
        "tag": "q",
        "type": "quote",
        "text": "\n"
      }
    ]
  },
  "3": {
    "verseObjects": [
      {
        "type": "text",
        "text": "How great are his signs,\n"
      },
      {
        "tag": "q",
        "type": "quote",
        "text": "and how mighty are his wonders!\n"
      },
      {
        "tag": "q",
        "type": "quote",
        "text": "His kingdom is an everlasting kingdom,\n"
      },
      {
        "tag": "q",
        "type": "quote",
        "text": "and his dominion lasts from generation to generation.\"\n"
      },
      {
        "type": "text",
        "text": "\n"
      },
      {
        "tag": "s5",
        "type": "section",
        "text": "\n"
      },
      {
        "tag": "p",
        "type": "paragraph",
        "text": "\n"
      }
    ]
  },
  "4": {
    "verseObjects": [
      {
        "type": "text",
        "text": "I, Nebuchadnezzar, was living happily in my house, and I was enjoying prosperity in my palace.\n"
      }
    ]
  },
  "5": {
    "verseObjects": [
      {
        "type": "text",
        "text": "But a dream I had made me afraid. As I lay there, the images I saw and the visions in my mind troubled me.\n"
      }
    ]
  },
  "6": {
    "verseObjects": [
      {
        "type": "text",
        "text": "So I gave a decree to bring before me all the men of Babylon who had wisdom so they could interpret the dream for me.\n"
      },
      {
        "tag": "s5",
        "type": "section",
        "text": "\n"
      }
    ]
  },
  "7": {
    "verseObjects": [
      {
        "type": "text",
        "text": "Then came the magicians, those who claimed to speak with the dead, the wise men, and the astrologers. I told them the dream, but they could not interpret it for me.\n"
      }
    ]
  },
  "8": {
    "verseObjects": [
      {
        "type": "text",
        "text": "But at last Daniel came in—the one who is named Belteshazzar after the name of my god, and in whom is the spirit of the holy gods—and I told him the dream.\n"
      }
    ]
  },
  "9": {
    "verseObjects": [
      {
        "type": "text",
        "text": "\"Belteshazzar, chief of the magicians, I know that the spirit of the holy gods is in you and that no mystery is too difficult for you. Tell me what I saw in my dream and what it means.\n\n"
      },
      {
        "tag": "s5",
        "type": "section",
        "text": "\n"
      }
    ]
  },
  "10": {
    "verseObjects": [
      {
        "type": "text",
        "text": "These were the sights that I saw in my mind as I lay upon my bed: I looked, and there was a tree in the middle of the earth, and its height was very great.\n"
      }
    ]
  },
  "11": {
    "verseObjects": [
      {
        "type": "text",
        "text": "The tree grew and became strong. Its top reached to the heavens, and it could be seen to the ends of the whole earth.\n"
      }
    ]
  },
  "12": {
    "verseObjects": [
      {
        "type": "text",
        "text": "Its leaves were beautiful, its fruit was abundant, and on it was food for all. The wild animals found shade under it, and the birds of the heavens lived in its branches. All living creatures were fed from it.\n\n"
      },
      {
        "tag": "s5",
        "type": "section",
        "text": "\n"
      }
    ]
  },
  "13": {
    "verseObjects": [
      {
        "type": "text",
        "text": "I saw in my mind as I lay on my bed, and a holy messenger came down from the heavens.\n"
      }
    ]
  },
  "14": {
    "verseObjects": [
      {
        "type": "text",
        "text": "He shouted and said, 'Chop down the tree and cut off its branches, strip off its leaves, and scatter its fruit. Let the animals flee from under it and the birds fly away from its branches.\n\n"
      },
      {
        "tag": "s5",
        "type": "section",
        "text": "\n"
      }
    ]
  },
  "15": {
    "verseObjects": [
      {
        "type": "text",
        "text": "Leave the stump of its roots in the earth, bound with a band of iron and bronze, in the middle of the tender grass of the field. Let it be wet with the dew from the heavens. Let it live with the animals among the plants on the ground.\n"
      }
    ]
  },
  "16": {
    "verseObjects": [
      {
        "type": "text",
        "text": "Let his mind be changed from a man's mind, and let an animal's mind be given to him until seven years pass by.\n\n"
      },
      {
        "tag": "s5",
        "type": "section",
        "text": "\n"
      }
    ]
  },
  "17": {
    "verseObjects": [
      {
        "type": "text",
        "text": "This decision is by the decree reported by the messenger. It is a decision made by the holy ones so that those who are alive may know that the Most High rules over the kingdoms of people and gives them to anyone he wishes to place over them, even to the most humble men.'\n"
      }
    ]
  },
  "18": {
    "verseObjects": [
      {
        "type": "text",
        "text": "I, King Nebuchadnezzar, had this dream. Now you, Belteshazzar, tell me the interpretation, because none of the men with wisdom in my kingdom can interpret it for me. But you are able to do so, because the spirit of the holy gods is in you.\"\n\n"
      },
      {
        "tag": "s5",
        "type": "section",
        "text": "\n"
      },
      {
        "tag": "p",
        "type": "paragraph",
        "text": "\n"
      }
    ]
  },
  "19": {
    "verseObjects": [
      {
        "type": "text",
        "text": "Then Daniel, who was also named Belteshazzar, was greatly upset for a while, and his thoughts alarmed him. The king said, \"Belteshazzar, do not let the dream or its interpretation alarm you.\" Belteshazzar replied, \"My master, may the dream be for those who hate you; may its interpretation be for your enemies.\n\n"
      },
      {
        "tag": "s5",
        "type": "section",
        "text": "\n"
      }
    ]
  },
  "20": {
    "verseObjects": [
      {
        "type": "text",
        "text": "The tree that you saw—which grew and became strong, and whose top reached up to the heavens, and which could be seen to the ends of the whole earth—\n"
      }
    ]
  },
  "21": {
    "verseObjects": [
      {
        "type": "text",
        "text": "whose leaves were beautiful, and whose fruit was abundant, so that in it was food for all, and under it the animals of the field found shade, and in which the birds of the heavens lived—\n"
      }
    ]
  },
  "22": {
    "verseObjects": [
      {
        "type": "text",
        "text": "this tree is you, king, you who have grown so strong. Your greatness has grown and reaches to the heavens, and your authority reaches to the ends of the earth.\n\n"
      },
      {
        "tag": "s5",
        "type": "section",
        "text": "\n"
      }
    ]
  },
  "23": {
    "verseObjects": [
      {
        "type": "text",
        "text": "You, king, saw a holy messenger coming down from heaven and saying, 'Chop down the tree and destroy it, but leave the stump of its roots in the earth, bound with a band of iron and bronze, in the middle of the tender grass of the field. Let it be wet with the dew from the heavens. Let it live with the wild animals in the fields until seven years pass by.'\n\n"
      },
      {
        "tag": "s5",
        "type": "section",
        "text": "\n"
      }
    ]
  },
  "24": {
    "verseObjects": [
      {
        "type": "text",
        "text": "This is the interpretation, king. It is a decree of the Most High that has reached you, my master the king.\n"
      }
    ]
  },
  "25": {
    "verseObjects": [
      {
        "type": "text",
        "text": "You will be driven from among men, and you will live with the wild animals in the fields. You will be made to eat grass like an ox, and you will be wet with the dew from the heavens, and seven years will pass by until you acknowledge that the Most High rules over the kingdoms of people and that he gives them to anyone he wishes.\n\n"
      },
      {
        "tag": "s5",
        "type": "section",
        "text": "\n"
      }
    ]
  },
  "26": {
    "verseObjects": [
      {
        "type": "text",
        "text": "As it was commanded to leave the stump of the roots of the tree, in this way your kingdom will be returned to you from the time you learn that heaven rules.\n"
      }
    ]
  },
  "27": {
    "verseObjects": [
      {
        "type": "text",
        "text": "Therefore, king, let my advice be acceptable to you. Stop sinning and do what is right. Turn away from your iniquities by showing mercy to the oppressed, and it may be that your prosperity will be extended.\"\n\n"
      },
      {
        "tag": "s5",
        "type": "section",
        "text": "\n"
      },
      {
        "tag": "p",
        "type": "paragraph",
        "text": "\n"
      }
    ]
  },
  "28": {
    "verseObjects": [
      {
        "type": "text",
        "text": "All these things happened to King Nebuchadnezzar. \n"
      }
    ]
  },
  "29": {
    "verseObjects": [
      {
        "type": "text",
        "text": "Twelve months later he was walking on the roof of the royal palace in Babylon,\n"
      }
    ]
  },
  "30": {
    "verseObjects": [
      {
        "type": "text",
        "text": "and he said, \"Is this not the great Babylon, which I have built for my royal residence, for the glory of my majesty?\"\n\n"
      },
      {
        "tag": "s5",
        "type": "section",
        "text": "\n"
      }
    ]
  },
  "31": {
    "verseObjects": [
      {
        "type": "text",
        "text": "While the words were still on the lips of the king, a voice came from heaven: \"King Nebuchadnezzar, it is announced to you that this kingdom has been taken away from you.\n"
      }
    ]
  },
  "32": {
    "verseObjects": [
      {
        "type": "text",
        "text": "You will be driven away from people, and your home will be with the wild animals in the fields. You will be made to eat grass like an ox. Seven years will pass until you acknowledge that the Most High rules over the kingdoms of people and he gives them to anyone he wishes.\"\n\n"
      },
      {
        "tag": "s5",
        "type": "section",
        "text": "\n"
      }
    ]
  },
  "33": {
    "verseObjects": [
      {
        "type": "text",
        "text": "This decree against Nebuchadnezzar was carried out immediately. He was driven away from people. He ate grass like an ox, and his body was wet with the dew from the heavens. His hair grew as long as eagles' feathers, and his nails became like birds' claws.\n\n"
      },
      {
        "tag": "s5",
        "type": "section",
        "text": "\n"
      },
      {
        "tag": "p",
        "type": "paragraph",
        "text": "\n"
      }
    ]
  },
  "34": {
    "verseObjects": [
      {
        "type": "text",
        "text": "At the end of the days I, Nebuchadnezzar, raised my eyes toward heaven, and my sanity was given back to me.\n"
      },
      {
        "tag": "q",
        "type": "quote",
        "text": "\"I praised the Most High,\n"
      },
      {
        "tag": "q",
        "type": "quote",
        "text": "and I honored and glorified the one who lives forever.\n"
      },
      {
        "tag": "q",
        "type": "quote",
        "text": "For his reign is an everlasting reign,\n"
      },
      {
        "tag": "q",
        "type": "quote",
        "text": "and his kingdom endures from all generations to all generations.\n"
      },
      {
        "type": "text",
        "text": "\n"
      },
      {
        "tag": "s5",
        "type": "section",
        "text": "\n"
      },
      {
        "tag": "q",
        "type": "quote",
        "text": "\n"
      }
    ]
  },
  "35": {
    "verseObjects": [
      {
        "type": "text",
        "text": "All the earth's inhabitants are considered by him to be as nothing;\n"
      },
      {
        "tag": "q",
        "type": "quote",
        "text": "he does among the army of heaven and the inhabitants of the earth\n"
      },
      {
        "tag": "q",
        "type": "quote",
        "text": "whatever suits his will.\n"
      },
      {
        "tag": "q",
        "type": "quote",
        "text": "No one can stop him or challenge him. No one can say to him, 'Why have you done this?'\"\n"
      },
      {
        "type": "text",
        "text": "\n"
      },
      {
        "tag": "s5",
        "type": "section",
        "text": "\n"
      },
      {
        "tag": "p",
        "type": "paragraph",
        "text": "\n"
      }
    ]
  },
  "36": {
    "verseObjects": [
      {
        "type": "text",
        "text": "At the same time that my sanity returned to me, my majesty and splendor returned to me for the glory of my kingdom. My counselors and my noblemen sought my favor. I was brought back to my throne, and even more greatness was given to me.\n"
      }
    ]
  },
  "37": {
    "verseObjects": [
      {
        "type": "text",
        "text": "Now I, Nebuchadnezzar, praise, extol, and honor the King of heaven, for all his deeds are right, and his ways are just. He can humble those who walk in their own pride.\n\n"
      },
      {
        "tag": "s5",
        "type": "section",
        "text": "\n"
      }
    ]
  },
  "front": {
    "verseObjects": [
      {
        "tag": "p",
        "type": "paragraph",
        "text": "\n"
      }
    ]
  }
}