{
  "1": {
    "verseObjects": [
      {
        "type": "text",
        "text": "Moses and the elders of Israel commanded the people and said, \"Keep all the commandments that I command you today.\n"
      }
    ]
  },
  "2": {
    "verseObjects": [
      {
        "type": "text",
        "text": "On the day when you will pass over the Jordan to the land that Yahweh your God is giving you, you must set up some large stones and plaster them with plaster.\n"
      }
    ]
  },
  "3": {
    "verseObjects": [
      {
        "type": "text",
        "text": "You must write on them all the words of this law when you have passed over; that you may go into the land that Yahweh your God is giving you, a land flowing with milk and honey, as Yahweh, the God of your ancestors, has promised you.\n\n"
      },
      {
        "tag": "s5",
        "type": "section",
        "text": "\n"
      }
    ]
  },
  "4": {
    "verseObjects": [
      {
        "type": "text",
        "text": "When you have passed over the Jordan, set up these stones that I am commanding you about today, on Mount Ebal, and plaster them with plaster.\n"
      }
    ]
  },
  "5": {
    "verseObjects": [
      {
        "type": "text",
        "text": "There you must build an altar to Yahweh your God, an altar of stones; but you must raise no iron tool to work the stones.\n\n"
      },
      {
        "tag": "s5",
        "type": "section",
        "text": "\n"
      }
    ]
  },
  "6": {
    "verseObjects": [
      {
        "type": "text",
        "text": "You must build the altar of Yahweh your God of unworked stones; you must offer burnt offerings on it to Yahweh your God,\n"
      }
    ]
  },
  "7": {
    "verseObjects": [
      {
        "type": "text",
        "text": "and you will sacrifice fellowship offerings and will eat there; you will rejoice before Yahweh your God.\n"
      }
    ]
  },
  "8": {
    "verseObjects": [
      {
        "type": "text",
        "text": "You will write on the stones all the words of this law very plainly.\"\n\n"
      },
      {
        "tag": "s5",
        "type": "section",
        "text": "\n"
      },
      {
        "tag": "p",
        "type": "paragraph",
        "text": "\n"
      }
    ]
  },
  "9": {
    "verseObjects": [
      {
        "type": "text",
        "text": "Moses and the priests, the Levites, spoke to all Israel and said, \"Be silent and listen, Israel: Today you have become the people of Yahweh your God.\n"
      }
    ]
  },
  "10": {
    "verseObjects": [
      {
        "type": "text",
        "text": "You must therefore obey the voice of Yahweh your God and obey his commandments and statutes that I am commanding you today.\"\n\n"
      },
      {
        "tag": "s5",
        "type": "section",
        "text": "\n"
      },
      {
        "tag": "p",
        "type": "paragraph",
        "text": "\n"
      }
    ]
  },
  "11": {
    "verseObjects": [
      {
        "type": "text",
        "text": "Moses commanded the people the same day and said,\n"
      }
    ]
  },
  "12": {
    "verseObjects": [
      {
        "type": "text",
        "text": "\"These tribes must stand on Mount Gerizim to bless the people after you have passed over the Jordan: Simeon, Levi, Judah, Issachar, Joseph, and Benjamin.\n\n"
      },
      {
        "tag": "s5",
        "type": "section",
        "text": "\n"
      }
    ]
  },
  "13": {
    "verseObjects": [
      {
        "type": "text",
        "text": "These are the tribes that must stand on Mount Ebal to pronounce curses: Reuben, Gad, Asher, Zebulun, Dan, and Naphtali.\n"
      }
    ]
  },
  "14": {
    "verseObjects": [
      {
        "type": "text",
        "text": "The Levites will answer and say to all the men of Israel in a loud voice:\n\n"
      },
      {
        "tag": "s5",
        "type": "section",
        "text": "\n"
      },
      {
        "tag": "p",
        "type": "paragraph",
        "text": "\n"
      }
    ]
  },
  "15": {
    "verseObjects": [
      {
        "type": "text",
        "text": "'May the man be cursed who makes a carved or cast figure, an abomination to Yahweh, the work of the hands of a craftsman, and who sets it up in secret.' Then all the people must answer and say, 'Amen.'\n\n"
      },
      {
        "tag": "s5",
        "type": "section",
        "text": "\n"
      },
      {
        "tag": "p",
        "type": "paragraph",
        "text": "\n"
      }
    ]
  },
  "16": {
    "verseObjects": [
      {
        "type": "text",
        "text": "'May the man be cursed who dishonors his father or his mother.' Then all the people must say, 'Amen.'\n"
      },
      {
        "tag": "p",
        "type": "paragraph",
        "text": "\n"
      }
    ]
  },
  "17": {
    "verseObjects": [
      {
        "type": "text",
        "text": "'May the man be cursed who removes his neighbor's landmark.' Then all the people must say, 'Amen.'\n\n"
      },
      {
        "tag": "s5",
        "type": "section",
        "text": "\n"
      },
      {
        "tag": "p",
        "type": "paragraph",
        "text": "\n"
      }
    ]
  },
  "18": {
    "verseObjects": [
      {
        "type": "text",
        "text": "'May the man be cursed who makes the blind to wander away from the road.' Then all the people must say, 'Amen.'\n"
      },
      {
        "tag": "p",
        "type": "paragraph",
        "text": "\n"
      }
    ]
  },
  "19": {
    "verseObjects": [
      {
        "type": "text",
        "text": "'May the man be cursed who uses force to take away the justice due to a foreigner, fatherless, or widow.' Then all the people must say, 'Amen.'\n\n"
      },
      {
        "tag": "s5",
        "type": "section",
        "text": "\n"
      },
      {
        "tag": "p",
        "type": "paragraph",
        "text": "\n"
      }
    ]
  },
  "20": {
    "verseObjects": [
      {
        "type": "text",
        "text": "'May the man be cursed who lies with his father's wife, because he has taken away his father's rights.' Then all the people must say, 'Amen.'\n"
      },
      {
        "tag": "p",
        "type": "paragraph",
        "text": "\n"
      }
    ]
  },
  "21": {
    "verseObjects": [
      {
        "type": "text",
        "text": "'May the man be cursed who sleeps with any kind of beast.' Then all the people must say, 'Amen.'\n\n"
      },
      {
        "tag": "s5",
        "type": "section",
        "text": "\n"
      },
      {
        "tag": "p",
        "type": "paragraph",
        "text": "\n"
      }
    ]
  },
  "22": {
    "verseObjects": [
      {
        "type": "text",
        "text": "'May the man be cursed who sleeps with his sister, the daughter of his father, or with the daughter of his mother.' Then all the people must say, 'Amen.'\n"
      },
      {
        "tag": "p",
        "type": "paragraph",
        "text": "\n"
      }
    ]
  },
  "23": {
    "verseObjects": [
      {
        "type": "text",
        "text": "'May the man be cursed who sleeps with his mother-in-law.' Then all the people must say, 'Amen.'\n\n"
      },
      {
        "tag": "s5",
        "type": "section",
        "text": "\n"
      },
      {
        "tag": "p",
        "type": "paragraph",
        "text": "\n"
      }
    ]
  },
  "24": {
    "verseObjects": [
      {
        "type": "text",
        "text": "'May the man be cursed who kills his neighbor secretly.' Then all the people must say, 'Amen.'\n"
      },
      {
        "tag": "p",
        "type": "paragraph",
        "text": "\n"
      }
    ]
  },
  "25": {
    "verseObjects": [
      {
        "type": "text",
        "text": "'May the man be cursed who takes a bribe to kill an innocent person.' Then all the people must say, 'Amen.'\n\n"
      },
      {
        "tag": "s5",
        "type": "section",
        "text": "\n"
      },
      {
        "tag": "p",
        "type": "paragraph",
        "text": "\n"
      }
    ]
  },
  "26": {
    "verseObjects": [
      {
        "type": "text",
        "text": "'May the man be cursed who does not confirm the words of this law, that he will obey them.' Then all the people must say, 'Amen.'\n\n\n"
      },
      {
        "tag": "s5",
        "type": "section",
        "text": "\n"
      }
    ]
  },
  "front": {
    "verseObjects": [
      {
        "tag": "p",
        "type": "paragraph",
        "text": "\n"
      }
    ]
  }
}