{
  "1": {
    "verseObjects": [
      {
        "type": "text",
        "text": "Give ear, you heavens, and let me speak.\n"
      },
      {
        "tag": "q",
        "type": "quote",
        "text": "Let the earth listen to the words of my mouth.\n"
      },
      {
        "tag": "q",
        "nextChar": "\n",
        "type": "quote"
      }
    ]
  },
  "2": {
    "verseObjects": [
      {
        "type": "text",
        "text": "Let my teaching drop down like the rain,\n"
      },
      {
        "tag": "q",
        "type": "quote",
        "text": "let my speech distill like the dew,\n"
      },
      {
        "tag": "q",
        "type": "quote",
        "text": "like the gentle rain on the tender grass,\n"
      },
      {
        "tag": "q",
        "type": "quote",
        "text": "and like the showers on the plants.\n"
      },
      {
        "type": "text",
        "text": "\n"
      },
      {
        "tag": "s5",
        "nextChar": "\n",
        "type": "section"
      },
      {
        "tag": "q",
        "nextChar": "\n",
        "type": "quote"
      }
    ]
  },
  "3": {
    "verseObjects": [
      {
        "type": "text",
        "text": "For I will proclaim the name of Yahweh,\n"
      },
      {
        "tag": "q",
        "type": "quote",
        "text": "and ascribe greatness to our God.\n"
      },
      {
        "tag": "q",
        "nextChar": "\n",
        "type": "quote"
      }
    ]
  },
  "4": {
    "verseObjects": [
      {
        "type": "text",
        "text": "The Rock, his work is perfect;\n"
      },
      {
        "tag": "q",
        "type": "quote",
        "text": "for all his paths are just.\n"
      },
      {
        "tag": "q",
        "type": "quote",
        "text": "He is the faithful God, without iniquity.\n"
      },
      {
        "tag": "q",
        "type": "quote",
        "text": "He is just and upright.\n"
      },
      {
        "type": "text",
        "text": "\n"
      },
      {
        "tag": "s5",
        "nextChar": "\n",
        "type": "section"
      },
      {
        "tag": "q",
        "nextChar": "\n",
        "type": "quote"
      }
    ]
  },
  "5": {
    "verseObjects": [
      {
        "type": "text",
        "text": "They have acted corruptly against him.\n"
      },
      {
        "tag": "q",
        "type": "quote",
        "text": "They are not his children. It is their disgrace.\n"
      },
      {
        "tag": "q",
        "type": "quote",
        "text": "They are a perverted and crooked generation.\n"
      },
      {
        "tag": "q",
        "nextChar": "\n",
        "type": "quote"
      }
    ]
  },
  "6": {
    "verseObjects": [
      {
        "type": "text",
        "text": "Do you reward Yahweh in this way,\n"
      },
      {
        "tag": "q",
        "type": "quote",
        "text": "you foolish and senseless people?\n"
      },
      {
        "tag": "q",
        "type": "quote",
        "text": "Is he not your father, the one who has created you?\n"
      },
      {
        "tag": "q",
        "type": "quote",
        "text": "He made you and established you.\n"
      },
      {
        "type": "text",
        "text": "\n"
      },
      {
        "tag": "s5",
        "nextChar": "\n",
        "type": "section"
      },
      {
        "tag": "q",
        "nextChar": "\n",
        "type": "quote"
      }
    ]
  },
  "7": {
    "verseObjects": [
      {
        "type": "text",
        "text": "Call to mind the days of ancient times,\n"
      },
      {
        "tag": "q",
        "type": "quote",
        "text": "think about the years of many ages past.\n"
      },
      {
        "tag": "q",
        "type": "quote",
        "text": "Ask your father and he will show you,\n"
      },
      {
        "tag": "q",
        "type": "quote",
        "text": "your elders and they will tell you.\n"
      },
      {
        "tag": "q",
        "nextChar": "\n",
        "type": "quote"
      }
    ]
  },
  "8": {
    "verseObjects": [
      {
        "type": "text",
        "text": "When the Most High gave the nations their inheritance—\n"
      },
      {
        "tag": "q",
        "type": "quote",
        "text": "when he divided all of mankind,\n"
      },
      {
        "tag": "q",
        "type": "quote",
        "text": "and he set the boundaries of the peoples,\n"
      },
      {
        "tag": "q",
        "type": "quote",
        "text": "as he also fixed the number of their gods.\n"
      },
      {
        "type": "text",
        "text": "\n"
      },
      {
        "tag": "s5",
        "nextChar": "\n",
        "type": "section"
      },
      {
        "tag": "q",
        "nextChar": "\n",
        "type": "quote"
      }
    ]
  },
  "9": {
    "verseObjects": [
      {
        "type": "text",
        "text": "For Yahweh's portion is his people;\n"
      },
      {
        "tag": "q",
        "type": "quote",
        "text": "Jacob is his apportioned inheritance.\n"
      },
      {
        "tag": "q",
        "nextChar": "\n",
        "type": "quote"
      }
    ]
  },
  "10": {
    "verseObjects": [
      {
        "type": "text",
        "text": "He found him in a desert land,\n"
      },
      {
        "tag": "q",
        "type": "quote",
        "text": "and in the barren and howling wilderness;\n"
      },
      {
        "tag": "q",
        "type": "quote",
        "text": "he shielded him and cared for him,\n"
      },
      {
        "tag": "q",
        "type": "quote",
        "text": "he guarded him as the apple of his eye.\n"
      },
      {
        "type": "text",
        "text": "\n"
      },
      {
        "tag": "s5",
        "nextChar": "\n",
        "type": "section"
      },
      {
        "tag": "q",
        "nextChar": "\n",
        "type": "quote"
      }
    ]
  },
  "11": {
    "verseObjects": [
      {
        "type": "text",
        "text": "As an eagle that guards her nest\n"
      },
      {
        "tag": "q",
        "type": "quote",
        "text": "and flutters over her young,\n"
      },
      {
        "tag": "q",
        "type": "quote",
        "text": "Yahweh spread out his wings and took them,\n"
      },
      {
        "tag": "q",
        "type": "quote",
        "text": "and carried them on his pinions.\n"
      },
      {
        "tag": "q",
        "nextChar": "\n",
        "type": "quote"
      }
    ]
  },
  "12": {
    "verseObjects": [
      {
        "type": "text",
        "text": "Yahweh alone led him;\n"
      },
      {
        "tag": "q",
        "type": "quote",
        "text": "no foreign god was with him.\n"
      },
      {
        "type": "text",
        "text": "\n"
      },
      {
        "tag": "s5",
        "nextChar": "\n",
        "type": "section"
      },
      {
        "tag": "q",
        "nextChar": "\n",
        "type": "quote"
      }
    ]
  },
  "13": {
    "verseObjects": [
      {
        "type": "text",
        "text": "He made him ride on high places of the land,\n"
      },
      {
        "tag": "q",
        "type": "quote",
        "text": "and he fed him the fruits of the field;\n"
      },
      {
        "tag": "q",
        "type": "quote",
        "text": "he nourished him with honey from the rock,\n"
      },
      {
        "tag": "q",
        "type": "quote",
        "text": "and oil from the flinty crag.\n"
      },
      {
        "type": "text",
        "text": "\n"
      },
      {
        "tag": "s5",
        "nextChar": "\n",
        "type": "section"
      },
      {
        "tag": "q",
        "nextChar": "\n",
        "type": "quote"
      }
    ]
  },
  "14": {
    "verseObjects": [
      {
        "type": "text",
        "text": "He ate butter from the herd and drank milk from the flock,\n"
      },
      {
        "tag": "q",
        "type": "quote",
        "text": "with fat of lambs,\n"
      },
      {
        "tag": "q",
        "type": "quote",
        "text": "rams of Bashan and goats,\n"
      },
      {
        "tag": "q",
        "type": "quote",
        "text": "with the finest of the wheat—\n"
      },
      {
        "tag": "q",
        "type": "quote",
        "text": "and you drank foaming wine made from the juice of grapes.\n"
      },
      {
        "type": "text",
        "text": "\n"
      },
      {
        "tag": "s5",
        "nextChar": "\n",
        "type": "section"
      },
      {
        "tag": "q",
        "nextChar": "\n",
        "type": "quote"
      }
    ]
  },
  "15": {
    "verseObjects": [
      {
        "type": "text",
        "text": "But Jeshurun grew fat and kicked—\n"
      },
      {
        "tag": "q",
        "type": "quote",
        "text": "you grew fat, you were too fat, and you had eaten your fill—\n"
      },
      {
        "tag": "q",
        "type": "quote",
        "text": "he abandoned the God who made him,\n"
      },
      {
        "tag": "q",
        "type": "quote",
        "text": "and he rejected the Rock of his salvation.\n"
      },
      {
        "tag": "q",
        "nextChar": "\n",
        "type": "quote"
      }
    ]
  },
  "16": {
    "verseObjects": [
      {
        "type": "text",
        "text": "They made Yahweh jealous by their strange gods;\n"
      },
      {
        "tag": "q",
        "type": "quote",
        "text": "with their abominations they angered him.\n"
      },
      {
        "tag": "s5",
        "nextChar": "\n",
        "type": "section"
      },
      {
        "tag": "q",
        "nextChar": "\n",
        "type": "quote"
      }
    ]
  },
  "17": {
    "verseObjects": [
      {
        "type": "text",
        "text": "They sacrificed to demons, which are not God—\n"
      },
      {
        "tag": "q",
        "type": "quote",
        "text": "gods they had not known,\n"
      },
      {
        "tag": "q",
        "type": "quote",
        "text": "gods that recently appeared,\n"
      },
      {
        "tag": "q",
        "type": "quote",
        "text": "gods your fathers did not fear.\n"
      },
      {
        "tag": "q",
        "nextChar": "\n",
        "type": "quote"
      }
    ]
  },
  "18": {
    "verseObjects": [
      {
        "type": "text",
        "text": "You have deserted the Rock, who became your father,\n"
      },
      {
        "tag": "q",
        "type": "quote",
        "text": "and you forgot the God who gave you birth.\n"
      },
      {
        "type": "text",
        "text": "\n"
      },
      {
        "tag": "s5",
        "nextChar": "\n",
        "type": "section"
      },
      {
        "tag": "q",
        "nextChar": "\n",
        "type": "quote"
      }
    ]
  },
  "19": {
    "verseObjects": [
      {
        "type": "text",
        "text": "Yahweh saw this and he rejected them,\n"
      },
      {
        "tag": "q",
        "type": "quote",
        "text": "because his sons and his daughters provoked him so.\n"
      },
      {
        "tag": "q",
        "nextChar": "\n",
        "type": "quote"
      }
    ]
  },
  "20": {
    "verseObjects": [
      {
        "type": "text",
        "text": "\"I will hide my face from them,\" he said,\n"
      },
      {
        "tag": "q",
        "type": "quote",
        "text": "\"and I will see what their end will be;\n"
      },
      {
        "tag": "q",
        "type": "quote",
        "text": "for they are a perverse generation,\n"
      },
      {
        "tag": "q",
        "type": "quote",
        "text": "children who are unfaithful.\n"
      },
      {
        "type": "text",
        "text": "\n"
      },
      {
        "tag": "s5",
        "nextChar": "\n",
        "type": "section"
      },
      {
        "tag": "q",
        "nextChar": "\n",
        "type": "quote"
      }
    ]
  },
  "21": {
    "verseObjects": [
      {
        "type": "text",
        "text": "They have made me jealous by what is not god\n"
      },
      {
        "tag": "q",
        "type": "quote",
        "text": "and angered me by their worthless things.\n"
      },
      {
        "tag": "q",
        "type": "quote",
        "text": "I will make them envious by those who are not a people;\n"
      },
      {
        "tag": "q",
        "type": "quote",
        "text": "by a foolish nation I will make them angry.\n"
      },
      {
        "tag": "s5",
        "nextChar": "\n",
        "type": "section"
      },
      {
        "tag": "q",
        "nextChar": "\n",
        "type": "quote"
      }
    ]
  },
  "22": {
    "verseObjects": [
      {
        "type": "text",
        "text": "For a fire is kindled by my anger\n"
      },
      {
        "tag": "q",
        "type": "quote",
        "text": "and is burning to the lowest Sheol;\n"
      },
      {
        "tag": "q",
        "type": "quote",
        "text": "it is devouring the earth and its harvest;\n"
      },
      {
        "tag": "q",
        "type": "quote",
        "text": "it is setting on fire the foundations of the mountains.\n"
      },
      {
        "type": "text",
        "text": "\n"
      },
      {
        "tag": "s5",
        "nextChar": "\n",
        "type": "section"
      },
      {
        "tag": "q",
        "nextChar": "\n",
        "type": "quote"
      }
    ]
  },
  "23": {
    "verseObjects": [
      {
        "type": "text",
        "text": "I will heap disasters on them;\n"
      },
      {
        "tag": "q",
        "type": "quote",
        "text": "I will shoot all my arrows at them;\n"
      },
      {
        "tag": "q",
        "nextChar": "\n",
        "type": "quote"
      }
    ]
  },
  "24": {
    "verseObjects": [
      {
        "type": "text",
        "text": "They will be wasted by hunger and devoured by burning heat\n"
      },
      {
        "tag": "q",
        "type": "quote",
        "text": "and bitter destruction;\n"
      },
      {
        "tag": "q",
        "type": "quote",
        "text": "I will send on them the teeth of wild animals,\n"
      },
      {
        "tag": "q",
        "type": "quote",
        "text": "with the poison of things that crawl in the dust.\n"
      },
      {
        "type": "text",
        "text": "\n"
      },
      {
        "tag": "s5",
        "nextChar": "\n",
        "type": "section"
      },
      {
        "tag": "q",
        "nextChar": "\n",
        "type": "quote"
      }
    ]
  },
  "25": {
    "verseObjects": [
      {
        "type": "text",
        "text": "Outside the sword will bereave,\n"
      },
      {
        "tag": "q",
        "type": "quote",
        "text": "and in the bedrooms terror will do so.\n"
      },
      {
        "tag": "q",
        "type": "quote",
        "text": "It will destroy both young man and virgin,\n"
      },
      {
        "tag": "q",
        "type": "quote",
        "text": "the nursing baby, and the man of gray hairs.\n"
      },
      {
        "tag": "q",
        "nextChar": "\n",
        "type": "quote"
      }
    ]
  },
  "26": {
    "verseObjects": [
      {
        "type": "text",
        "text": "I said that I would scatter them far away,\n"
      },
      {
        "tag": "q",
        "type": "quote",
        "text": "that I would make the memory of them to cease from among mankind.\n"
      },
      {
        "type": "text",
        "text": "\n"
      },
      {
        "tag": "s5",
        "nextChar": "\n",
        "type": "section"
      },
      {
        "tag": "q",
        "nextChar": "\n",
        "type": "quote"
      }
    ]
  },
  "27": {
    "verseObjects": [
      {
        "type": "text",
        "text": "Were it not that I feared the provocation of the enemy,\n"
      },
      {
        "tag": "q",
        "type": "quote",
        "text": "and that their enemies would judge mistakenly,\n"
      },
      {
        "tag": "q",
        "type": "quote",
        "text": "and that they would say, 'Our hand is exalted,'\n"
      },
      {
        "tag": "q",
        "type": "quote",
        "text": "I would have done all this.\n"
      },
      {
        "type": "text",
        "text": "\n"
      },
      {
        "tag": "s5",
        "nextChar": "\n",
        "type": "section"
      },
      {
        "tag": "q",
        "nextChar": "\n",
        "type": "quote"
      }
    ]
  },
  "28": {
    "verseObjects": [
      {
        "type": "text",
        "text": "For Israel is a nation devoid of wisdom,\n"
      },
      {
        "tag": "q",
        "type": "quote",
        "text": "and there is no understanding in them.\n"
      },
      {
        "tag": "q",
        "nextChar": "\n",
        "type": "quote"
      }
    ]
  },
  "29": {
    "verseObjects": [
      {
        "type": "text",
        "text": "Oh, that they were wise, that they understood this,\n"
      },
      {
        "tag": "q",
        "type": "quote",
        "text": "that they would consider their coming fate!\n"
      },
      {
        "type": "text",
        "text": "\n"
      },
      {
        "tag": "s5",
        "nextChar": "\n",
        "type": "section"
      },
      {
        "tag": "q",
        "nextChar": "\n",
        "type": "quote"
      }
    ]
  },
  "30": {
    "verseObjects": [
      {
        "type": "text",
        "text": "How could one chase a thousand,\n"
      },
      {
        "tag": "q",
        "type": "quote",
        "text": "and two put ten thousand to flight,\n"
      },
      {
        "tag": "q",
        "type": "quote",
        "text": "unless their Rock had sold them,\n"
      },
      {
        "tag": "q",
        "type": "quote",
        "text": "and Yahweh had given them up?\n"
      },
      {
        "tag": "q",
        "nextChar": "\n",
        "type": "quote"
      }
    ]
  },
  "31": {
    "verseObjects": [
      {
        "type": "text",
        "text": "For our enemies' rock is not like our Rock,\n"
      },
      {
        "tag": "q",
        "type": "quote",
        "text": "just as even our enemies admit.\n"
      },
      {
        "type": "text",
        "text": "\n"
      },
      {
        "tag": "s5",
        "nextChar": "\n",
        "type": "section"
      },
      {
        "tag": "q",
        "nextChar": "\n",
        "type": "quote"
      }
    ]
  },
  "32": {
    "verseObjects": [
      {
        "type": "text",
        "text": "For their vine comes from the vine of Sodom,\n"
      },
      {
        "tag": "q",
        "type": "quote",
        "text": "and from the fields of Gomorrah;\n"
      },
      {
        "tag": "q",
        "type": "quote",
        "text": "their grapes are grapes of poison;\n"
      },
      {
        "tag": "q",
        "type": "quote",
        "text": "their clusters are bitter.\n"
      },
      {
        "type": "text",
        "text": "\n"
      },
      {
        "tag": "s5",
        "nextChar": "\n",
        "type": "section"
      },
      {
        "tag": "q",
        "nextChar": "\n",
        "type": "quote"
      }
    ]
  },
  "33": {
    "verseObjects": [
      {
        "type": "text",
        "text": "Their wine is the poison of serpents\n"
      },
      {
        "tag": "q",
        "type": "quote",
        "text": "and the cruel venom of asps.\n"
      },
      {
        "tag": "q",
        "nextChar": "\n",
        "type": "quote"
      }
    ]
  },
  "34": {
    "verseObjects": [
      {
        "type": "text",
        "text": "Is not this plan secretly kept by me,\n"
      },
      {
        "tag": "q",
        "type": "quote",
        "text": "sealed up among my treasures?\n"
      },
      {
        "type": "text",
        "text": "\n"
      },
      {
        "tag": "s5",
        "nextChar": "\n",
        "type": "section"
      },
      {
        "tag": "q",
        "nextChar": "\n",
        "type": "quote"
      }
    ]
  },
  "35": {
    "verseObjects": [
      {
        "type": "text",
        "text": "Vengeance is mine to give, and recompense,\n"
      },
      {
        "tag": "q",
        "type": "quote",
        "text": "at the time when their foot slips;\n"
      },
      {
        "tag": "q",
        "type": "quote",
        "text": "for the day of disaster for them is near,\n"
      },
      {
        "tag": "q",
        "type": "quote",
        "text": "and the things that are to come on them will hurry to happen.\"\n"
      },
      {
        "type": "text",
        "text": "\n"
      },
      {
        "tag": "s5",
        "nextChar": "\n",
        "type": "section"
      },
      {
        "tag": "q",
        "nextChar": "\n",
        "type": "quote"
      }
    ]
  },
  "36": {
    "verseObjects": [
      {
        "type": "text",
        "text": "For Yahweh will give justice to his people,\n"
      },
      {
        "tag": "q",
        "type": "quote",
        "text": "and he will pity his servants.\n"
      },
      {
        "tag": "q",
        "type": "quote",
        "text": "He will see that their power is gone,\n"
      },
      {
        "tag": "q",
        "type": "quote",
        "text": "and no one remains, either slaves or free people.\n"
      },
      {
        "type": "text",
        "text": "\n"
      },
      {
        "tag": "s5",
        "nextChar": "\n",
        "type": "section"
      },
      {
        "tag": "q",
        "nextChar": "\n",
        "type": "quote"
      }
    ]
  },
  "37": {
    "verseObjects": [
      {
        "type": "text",
        "text": "Then he will say, \"Where are their gods,\n"
      },
      {
        "tag": "q",
        "type": "quote",
        "text": "the rock in whom they took refuge?—\n"
      },
      {
        "tag": "q",
        "nextChar": "\n",
        "type": "quote"
      }
    ]
  },
  "38": {
    "verseObjects": [
      {
        "type": "text",
        "text": "The gods who ate the fat of their sacrifices\n"
      },
      {
        "tag": "q",
        "type": "quote",
        "text": "and drank the wine of their drink offerings?\n"
      },
      {
        "tag": "q",
        "type": "quote",
        "text": "Let them rise up and help you;\n"
      },
      {
        "tag": "q",
        "type": "quote",
        "text": "let them be your protection.\n"
      },
      {
        "type": "text",
        "text": "\n"
      },
      {
        "tag": "s5",
        "nextChar": "\n",
        "type": "section"
      },
      {
        "tag": "q",
        "nextChar": "\n",
        "type": "quote"
      }
    ]
  },
  "39": {
    "verseObjects": [
      {
        "type": "text",
        "text": "See now that I, even I, am God,\n"
      },
      {
        "tag": "q",
        "type": "quote",
        "text": "and that there is no god besides me;\n"
      },
      {
        "tag": "q",
        "type": "quote",
        "text": "I kill, and I make alive;\n"
      },
      {
        "tag": "q",
        "type": "quote",
        "text": "I wound, and I heal,\n"
      },
      {
        "tag": "q",
        "type": "quote",
        "text": "and there is no one who can save you from my might.\n"
      },
      {
        "tag": "q",
        "nextChar": "\n",
        "type": "quote"
      }
    ]
  },
  "40": {
    "verseObjects": [
      {
        "type": "text",
        "text": "For I lift up my hand to heaven\n"
      },
      {
        "tag": "q",
        "type": "quote",
        "text": "and say, 'As I live forever, I will act.\n"
      },
      {
        "type": "text",
        "text": "\n"
      },
      {
        "tag": "s5",
        "nextChar": "\n",
        "type": "section"
      },
      {
        "tag": "q",
        "nextChar": "\n",
        "type": "quote"
      }
    ]
  },
  "41": {
    "verseObjects": [
      {
        "type": "text",
        "text": "When I sharpen my glittering sword,\n"
      },
      {
        "tag": "q",
        "type": "quote",
        "text": "and when my hand begins to bring justice,\n"
      },
      {
        "tag": "q",
        "type": "quote",
        "text": "I will render vengeance on my enemies,\n"
      },
      {
        "tag": "q",
        "type": "quote",
        "text": "and I will pay back those who hate me.\n"
      },
      {
        "type": "text",
        "text": "\n"
      },
      {
        "tag": "s5",
        "nextChar": "\n",
        "type": "section"
      },
      {
        "tag": "q",
        "nextChar": "\n",
        "type": "quote"
      }
    ]
  },
  "42": {
    "verseObjects": [
      {
        "type": "text",
        "text": "I will make my arrows drunk with blood,\n"
      },
      {
        "tag": "q",
        "type": "quote",
        "text": "and my sword will devour flesh\n"
      },
      {
        "tag": "q",
        "type": "quote",
        "text": "with the blood of the killed and the captives,\n"
      },
      {
        "tag": "q",
        "type": "quote",
        "text": "and from the heads of the leaders of the enemy.'\"\n"
      },
      {
        "type": "text",
        "text": "\n"
      },
      {
        "tag": "s5",
        "nextChar": "\n",
        "type": "section"
      },
      {
        "tag": "q",
        "nextChar": "\n",
        "type": "quote"
      }
    ]
  },
  "43": {
    "verseObjects": [
      {
        "type": "text",
        "text": "Rejoice, you nations, with God's people,\n"
      },
      {
        "tag": "q",
        "type": "quote",
        "text": "for he will avenge the blood of his servants;\n"
      },
      {
        "tag": "q",
        "type": "quote",
        "text": "he will render vengeance on his enemies,\n"
      },
      {
        "tag": "q",
        "type": "quote",
        "text": "and he will make atonement for his land, for his people.\n"
      },
      {
        "type": "text",
        "text": "\n"
      },
      {
        "tag": "s5",
        "nextChar": "\n",
        "type": "section"
      },
      {
        "tag": "p",
        "nextChar": "\n",
        "type": "paragraph"
      }
    ]
  },
  "44": {
    "verseObjects": [
      {
        "type": "text",
        "text": "Moses came and recited all the words of this song in the ears of the people, he, and Joshua son of Nun.\n"
      }
    ]
  },
  "45": {
    "verseObjects": [
      {
        "type": "text",
        "text": "Then Moses finished reciting all these words to all Israel.\n\n"
      },
      {
        "tag": "s5",
        "nextChar": "\n",
        "type": "section"
      }
    ]
  },
  "46": {
    "verseObjects": [
      {
        "type": "text",
        "text": "He said to them, \"Fix your mind on all the words that I have witnessed to you today, so that you may command your children to keep them, all the words of this law.\n"
      }
    ]
  },
  "47": {
    "verseObjects": [
      {
        "type": "text",
        "text": "For this is no trivial matter for you, because it is your life, and through this thing you will prolong your days in the land that you are going over the Jordan to possess.\"\n\n"
      },
      {
        "tag": "s5",
        "nextChar": "\n",
        "type": "section"
      },
      {
        "tag": "p",
        "nextChar": "\n",
        "type": "paragraph"
      }
    ]
  },
  "48": {
    "verseObjects": [
      {
        "type": "text",
        "text": "Yahweh spoke to Moses on that same day and said,\n"
      }
    ]
  },
  "49": {
    "verseObjects": [
      {
        "type": "text",
        "text": "\"Go up into this range of the mountains of Abarim, up Mount Nebo, which is in the land of Moab, opposite Jericho. You will look at the land of Canaan, which I am giving to the people of Israel as their possession.\n\n"
      },
      {
        "tag": "s5",
        "nextChar": "\n",
        "type": "section"
      }
    ]
  },
  "50": {
    "verseObjects": [
      {
        "type": "text",
        "text": "You will die on the mountain that you go up, and you will be gathered to your people, as Aaron your fellow Israelite died on Mount Hor and was gathered to his people.\n"
      }
    ]
  },
  "51": {
    "verseObjects": [
      {
        "type": "text",
        "text": "This will happen because you were unfaithful to me among the people of Israel at the waters of Meribah in Kadesh, in the wilderness of Zin; because you did not treat me with honor and respect among the people of Israel.\n"
      }
    ]
  },
  "52": {
    "verseObjects": [
      {
        "type": "text",
        "text": "For you will see the land before you, but you will not go there, into the land that I am giving to the people of Israel.\"\n\n\n"
      },
      {
        "tag": "s5",
        "nextChar": "\n",
        "type": "section"
      }
    ]
  },
  "front": {
    "verseObjects": [
      {
        "tag": "q",
        "nextChar": "\n",
        "type": "quote"
      }
    ]
  }
}