{
  "1": {
    "verseObjects": [
      {
        "type": "text",
        "text": "Then God blessed Noah and his sons, and said to them, \"Be fruitful, multiply, and fill the earth.\n"
      }
    ]
  },
  "2": {
    "verseObjects": [
      {
        "type": "text",
        "text": "The fear of you and the dread of you will be upon every living animal on the earth, upon every bird of the sky, upon everything that goes low on the ground, and upon all the fish of the sea. They are given into your hand.\n\n"
      },
      {
        "tag": "s5",
        "type": "section",
        "text": "\n"
      }
    ]
  },
  "3": {
    "verseObjects": [
      {
        "type": "text",
        "text": "Every moving thing that lives will be food for you. Just as I gave you the green plants, I now give you everything.\n"
      }
    ]
  },
  "4": {
    "verseObjects": [
      {
        "type": "text",
        "text": "But you must not eat meat with its life—that is its blood—in it.\n\n"
      },
      {
        "tag": "s5",
        "type": "section",
        "text": "\n"
      }
    ]
  },
  "5": {
    "verseObjects": [
      {
        "type": "text",
        "text": "But for your blood, the life that is in your blood, I will require payment. From the hand of every animal I will require it. From the hand of any man, that is, from the hand of one who has murdered his brother, I will require an accounting for the life of that man.\n"
      },
      {
        "tag": "q",
        "type": "quote",
        "text": "\n"
      }
    ]
  },
  "6": {
    "verseObjects": [
      {
        "type": "text",
        "text": "Whoever sheds man's blood, by man will his blood be shed,\n"
      },
      {
        "tag": "q",
        "type": "quote",
        "text": "for it was in the image of God that he made man.\n"
      },
      {
        "tag": "m",
        "type": "paragraph",
        "text": "\n"
      }
    ]
  },
  "7": {
    "verseObjects": [
      {
        "type": "text",
        "text": "As for you, be fruitful and multiply, spread throughout the earth and multiply on it.\"\n\n"
      },
      {
        "tag": "s5",
        "type": "section",
        "text": "\n"
      },
      {
        "tag": "p",
        "type": "paragraph",
        "text": "\n"
      }
    ]
  },
  "8": {
    "verseObjects": [
      {
        "type": "text",
        "text": "Then God spoke to Noah and to his sons with him, saying,\n"
      }
    ]
  },
  "9": {
    "verseObjects": [
      {
        "type": "text",
        "text": "\"As for me, listen! I am going to confirm my covenant with you and with your descendants after you,\n"
      }
    ]
  },
  "10": {
    "verseObjects": [
      {
        "type": "text",
        "text": "and with every living creature that is with you, with the birds, the livestock, and every creature of the earth with you, from all that came out of the ark, to every living creature on the earth.\n\n"
      },
      {
        "tag": "s5",
        "type": "section",
        "text": "\n"
      }
    ]
  },
  "11": {
    "verseObjects": [
      {
        "type": "text",
        "text": "I hereby confirm my covenant with you, that never again will all flesh be destroyed by the waters of a flood. Never again will there be a flood to destroy the earth.\"\n"
      },
      {
        "tag": "p",
        "type": "paragraph",
        "text": "\n"
      }
    ]
  },
  "12": {
    "verseObjects": [
      {
        "type": "text",
        "text": "God said, \"This is the sign of the covenant which I am making between me and you and every living creature that is with you, for all future generations:\n"
      }
    ]
  },
  "13": {
    "verseObjects": [
      {
        "type": "text",
        "text": "I have set my rainbow in the cloud, and it will be the sign of the covenant between me and the earth.\n\n"
      },
      {
        "tag": "s5",
        "type": "section",
        "text": "\n"
      }
    ]
  },
  "14": {
    "verseObjects": [
      {
        "type": "text",
        "text": "It will come about when I bring a cloud over the earth and the rainbow is seen in the cloud,\n"
      }
    ]
  },
  "15": {
    "verseObjects": [
      {
        "type": "text",
        "text": "then I will call to mind my covenant, which is between me and you and every living creature of all flesh. The waters will never again become a flood to destroy all flesh.\n\n"
      },
      {
        "tag": "s5",
        "type": "section",
        "text": "\n"
      }
    ]
  },
  "16": {
    "verseObjects": [
      {
        "type": "text",
        "text": "The rainbow will be in the clouds and I will see it, in order to remember the everlasting covenant between God and every living creature of all flesh that is on the earth.\"\n"
      },
      {
        "tag": "p",
        "type": "paragraph",
        "text": "\n"
      }
    ]
  },
  "17": {
    "verseObjects": [
      {
        "type": "text",
        "text": "Then God said to Noah, \"This is the sign of the covenant that I have confirmed between me and all flesh that is on the earth.\"\n\n"
      },
      {
        "tag": "s5",
        "type": "section",
        "text": "\n"
      },
      {
        "tag": "p",
        "type": "paragraph",
        "text": "\n"
      }
    ]
  },
  "18": {
    "verseObjects": [
      {
        "type": "text",
        "text": "The sons of Noah that came out of the ark were Shem, Ham, and Japheth. Ham was the father of Canaan.\n"
      }
    ]
  },
  "19": {
    "verseObjects": [
      {
        "type": "text",
        "text": "These three were the sons of Noah, and from these the whole earth was populated.\n\n"
      },
      {
        "tag": "s5",
        "type": "section",
        "text": "\n"
      },
      {
        "tag": "p",
        "type": "paragraph",
        "text": "\n"
      }
    ]
  },
  "20": {
    "verseObjects": [
      {
        "type": "text",
        "text": "Noah began to be a farmer, and he planted a vineyard.\n"
      }
    ]
  },
  "21": {
    "verseObjects": [
      {
        "type": "text",
        "text": "He drank some of the wine and became drunk. He was lying uncovered in his tent.\n\n"
      },
      {
        "tag": "s5",
        "type": "section",
        "text": "\n"
      }
    ]
  },
  "22": {
    "verseObjects": [
      {
        "type": "text",
        "text": "Then Ham, the father of Canaan, saw the nakedness of his father and told his two brothers outside.\n"
      }
    ]
  },
  "23": {
    "verseObjects": [
      {
        "type": "text",
        "text": "So Shem and Japheth took a robe and laid it upon both their shoulders, and walked backwards and covered the nakedness of their father. Their faces were turned the other way, so they did not see their father's nakedness.\n\n"
      },
      {
        "tag": "s5",
        "type": "section",
        "text": "\n"
      }
    ]
  },
  "24": {
    "verseObjects": [
      {
        "type": "text",
        "text": "When Noah awoke from his wine, he learned what his youngest son had done to him.\n"
      }
    ]
  },
  "25": {
    "verseObjects": [
      {
        "type": "text",
        "text": "So he said,\n"
      },
      {
        "tag": "q",
        "type": "quote",
        "text": "\"Cursed be Canaan. \n"
      },
      {
        "tag": "q",
        "type": "quote",
        "text": "May he be a servant to his brothers' servants.\"\n"
      },
      {
        "type": "text",
        "text": "\n"
      },
      {
        "tag": "s5",
        "type": "section",
        "text": "\n"
      }
    ]
  },
  "26": {
    "verseObjects": [
      {
        "type": "text",
        "text": "He also said,\n"
      },
      {
        "tag": "q",
        "type": "quote",
        "text": "\"May Yahweh, the God of Shem, be blessed,\n"
      },
      {
        "tag": "q",
        "type": "quote",
        "text": "and may Canaan be his servant.\n"
      },
      {
        "tag": "q",
        "type": "quote",
        "text": "\n"
      }
    ]
  },
  "27": {
    "verseObjects": [
      {
        "type": "text",
        "text": "May God extend the territory of Japheth,\n"
      },
      {
        "tag": "q",
        "type": "quote",
        "text": "and let him make his home in the tents of Shem.\n"
      },
      {
        "tag": "q",
        "type": "quote",
        "text": "May Canaan be his servant.\"\n"
      },
      {
        "type": "text",
        "text": "\n"
      },
      {
        "tag": "s5",
        "type": "section",
        "text": "\n"
      },
      {
        "tag": "p",
        "type": "paragraph",
        "text": "\n"
      }
    ]
  },
  "28": {
    "verseObjects": [
      {
        "type": "text",
        "text": "After the flood, Noah lived three hundred fifty years.\n"
      }
    ]
  },
  "29": {
    "verseObjects": [
      {
        "type": "text",
        "text": "All the days of Noah were nine hundred fifty years, and then he died.\n\n\n"
      },
      {
        "tag": "s5",
        "type": "section",
        "text": "\n"
      }
    ]
  },
  "front": {
    "verseObjects": [
      {
        "tag": "p",
        "type": "paragraph",
        "text": "\n"
      }
    ]
  }
}