{
  "1": {
    "verseObjects": [
      {
        "text": "ἀποθέμενοι",
        "tag": "w",
        "type": "word",
        "lemma": "ἀποτίθημι",
        "strong": "G06590",
        "morph": "Gr,V,PAM,NMP,"
      },
      {
        "text": "οὖν",
        "tag": "w",
        "type": "word",
        "lemma": "οὖν",
        "strong": "G37670",
        "morph": "Gr,CC,,,,,,,,"
      },
      {
        "text": "πᾶσαν",
        "tag": "w",
        "type": "word",
        "lemma": "πᾶς",
        "strong": "G39560",
        "morph": "Gr,EQ,,,,AFS,"
      },
      {
        "text": "κακίαν",
        "tag": "w",
        "type": "word",
        "lemma": "κακία",
        "strong": "G25490",
        "morph": "Gr,N,,,,,AFS,",
        "tw": "rc://*/tw/dict/bible/kt/evil"
      },
      {
        "type": "text",
        "text": ","
      },
      {
        "text": "καὶ",
        "tag": "w",
        "type": "word",
        "lemma": "καί",
        "strong": "G25320",
        "morph": "Gr,CC,,,,,,,,"
      },
      {
        "text": "πάντα",
        "tag": "w",
        "type": "word",
        "lemma": "πᾶς",
        "strong": "G39560",
        "morph": "Gr,EQ,,,,AMS,"
      },
      {
        "text": "δόλον",
        "tag": "w",
        "type": "word",
        "lemma": "δόλος",
        "strong": "G13880",
        "morph": "Gr,N,,,,,AMS,",
        "tw": "rc://*/tw/dict/bible/other/deceive"
      },
      {
        "type": "text",
        "text": ","
      },
      {
        "text": "καὶ",
        "tag": "w",
        "type": "word",
        "lemma": "καί",
        "strong": "G25320",
        "morph": "Gr,CC,,,,,,,,"
      },
      {
        "text": "ὑποκρίσεις",
        "tag": "w",
        "type": "word",
        "lemma": "ὑπόκρισις",
        "strong": "G52720",
        "morph": "Gr,N,,,,,AFP,",
        "tw": "rc://*/tw/dict/bible/kt/hypocrite"
      },
      {
        "type": "text",
        "text": ","
      },
      {
        "text": "καὶ",
        "tag": "w",
        "type": "word",
        "lemma": "καί",
        "strong": "G25320",
        "morph": "Gr,CC,,,,,,,,"
      },
      {
        "text": "φθόνους",
        "tag": "w",
        "type": "word",
        "lemma": "φθόνος",
        "strong": "G53550",
        "morph": "Gr,N,,,,,AMP,",
        "tw": "rc://*/tw/dict/bible/other/envy"
      },
      {
        "type": "text",
        "text": ","
      },
      {
        "text": "καὶ",
        "tag": "w",
        "type": "word",
        "lemma": "καί",
        "strong": "G25320",
        "morph": "Gr,CC,,,,,,,,"
      },
      {
        "text": "πάσας",
        "tag": "w",
        "type": "word",
        "lemma": "πᾶς",
        "strong": "G39560",
        "morph": "Gr,EQ,,,,AFP,"
      },
      {
        "text": "καταλαλιάς",
        "tag": "w",
        "type": "word",
        "lemma": "καταλαλιά",
        "strong": "G26360",
        "morph": "Gr,N,,,,,AFP,",
        "tw": "rc://*/tw/dict/bible/other/slander"
      },
      {
        "type": "text",
        "text": ",\n\n"
      }
    ]
  },
  "2": {
    "verseObjects": [
      {
        "text": "ὡς",
        "tag": "w",
        "type": "word",
        "lemma": "ὡς",
        "strong": "G56130",
        "morph": "Gr,CS,,,,,,,,",
        "tw": "rc://*/tw/dict/bible/other/like"
      },
      {
        "text": "ἀρτιγέννητα",
        "tag": "w",
        "type": "word",
        "lemma": "ἀρτιγέννητος",
        "strong": "G07380",
        "morph": "Gr,AA,,,,NNP,"
      },
      {
        "text": "βρέφη",
        "tag": "w",
        "type": "word",
        "lemma": "βρέφος",
        "strong": "G10250",
        "morph": "Gr,N,,,,,NNP,",
        "tw": "rc://*/tw/dict/bible/kt/children"
      },
      {
        "text": "τὸ",
        "tag": "w",
        "type": "word",
        "lemma": "ὁ",
        "strong": "G35880",
        "morph": "Gr,EA,,,,ANS,"
      },
      {
        "text": "λογικὸν",
        "tag": "w",
        "type": "word",
        "lemma": "λογικός",
        "strong": "G30500",
        "morph": "Gr,AA,,,,ANS,"
      },
      {
        "text": "ἄδολον",
        "tag": "w",
        "type": "word",
        "lemma": "ἄδολος",
        "strong": "G00970",
        "morph": "Gr,AA,,,,ANS,",
        "tw": "rc://*/tw/dict/bible/kt/purify"
      },
      {
        "text": "γάλα",
        "tag": "w",
        "type": "word",
        "lemma": "γάλα",
        "strong": "G10510",
        "morph": "Gr,N,,,,,ANS,"
      },
      {
        "text": "ἐπιποθήσατε",
        "tag": "w",
        "type": "word",
        "lemma": "ἐπιποθέω",
        "strong": "G19710",
        "morph": "Gr,V,MAA2,,P,"
      },
      {
        "type": "text",
        "text": ","
      },
      {
        "text": "ἵνα",
        "tag": "w",
        "type": "word",
        "lemma": "ἵνα",
        "strong": "G24430",
        "morph": "Gr,CS,,,,,,,,"
      },
      {
        "text": "ἐν",
        "tag": "w",
        "type": "word",
        "lemma": "ἐν",
        "strong": "G17220",
        "morph": "Gr,P,,,,,D,,,"
      },
      {
        "text": "αὐτῷ",
        "tag": "w",
        "type": "word",
        "lemma": "αὐτός",
        "strong": "G08460",
        "morph": "Gr,RP,,,3DNS,"
      },
      {
        "text": "αὐξηθῆτε",
        "tag": "w",
        "type": "word",
        "lemma": "αὔξω",
        "strong": "G08370",
        "morph": "Gr,V,SAP2,,P,"
      },
      {
        "text": "εἰς",
        "tag": "w",
        "type": "word",
        "lemma": "εἰς",
        "strong": "G15190",
        "morph": "Gr,P,,,,,A,,,"
      },
      {
        "text": "σωτηρίαν",
        "tag": "w",
        "type": "word",
        "lemma": "σωτηρία",
        "strong": "G49910",
        "morph": "Gr,N,,,,,AFS,",
        "tw": "rc://*/tw/dict/bible/kt/save"
      },
      {
        "type": "text",
        "text": ",\n\n"
      }
    ]
  },
  "3": {
    "verseObjects": [
      {
        "text": "εἰ",
        "tag": "w",
        "type": "word",
        "lemma": "εἰ",
        "strong": "G14870",
        "morph": "Gr,CS,,,,,,,,"
      },
      {
        "text": "ἐγεύσασθε",
        "tag": "w",
        "type": "word",
        "lemma": "γεύομαι",
        "strong": "G10890",
        "morph": "Gr,V,IAM2,,P,"
      },
      {
        "text": "ὅτι",
        "tag": "w",
        "type": "word",
        "lemma": "ὅτι",
        "strong": "G37540",
        "morph": "Gr,CS,,,,,,,,"
      },
      {
        "text": "χρηστὸς",
        "tag": "w",
        "type": "word",
        "lemma": "χρηστός",
        "strong": "G55430",
        "morph": "Gr,NP,,,,NMS,",
        "tw": "rc://*/tw/dict/bible/other/kind"
      },
      {
        "text": "ὁ",
        "tag": "w",
        "type": "word",
        "lemma": "ὁ",
        "strong": "G35880",
        "morph": "Gr,EA,,,,NMS,"
      },
      {
        "text": "Κύριος",
        "tag": "w",
        "type": "word",
        "lemma": "κύριος",
        "strong": "G29620",
        "morph": "Gr,N,,,,,NMS,",
        "tw": "rc://*/tw/dict/bible/kt/lord"
      },
      {
        "type": "text",
        "text": ".\n\n"
      }
    ]
  },
  "4": {
    "verseObjects": [
      {
        "type": "text",
        "text": "\n"
      },
      {
        "tag": "p",
        "type": "paragraph"
      },
      {
        "text": "πρὸς",
        "tag": "w",
        "type": "word",
        "lemma": "πρός",
        "strong": "G43140",
        "morph": "Gr,P,,,,,A,,,"
      },
      {
        "text": "ὃν",
        "tag": "w",
        "type": "word",
        "lemma": "ὅς",
        "strong": "G37390",
        "morph": "Gr,RR,,,,AMS,"
      },
      {
        "text": "προσερχόμενοι",
        "tag": "w",
        "type": "word",
        "lemma": "προσέρχομαι",
        "strong": "G43340",
        "morph": "Gr,V,PPM,NMP,"
      },
      {
        "text": "λίθον",
        "tag": "w",
        "type": "word",
        "lemma": "λίθος",
        "strong": "G30370",
        "morph": "Gr,N,,,,,AMS,"
      },
      {
        "text": "ζῶντα",
        "tag": "w",
        "type": "word",
        "lemma": "ζάω",
        "strong": "G21980",
        "morph": "Gr,V,PPA,AMS,",
        "tw": "rc://*/tw/dict/bible/kt/life"
      },
      {
        "type": "text",
        "text": ","
      },
      {
        "text": "ὑπὸ",
        "tag": "w",
        "type": "word",
        "lemma": "ὑπό",
        "strong": "G52590",
        "morph": "Gr,P,,,,,G,,,"
      },
      {
        "text": "ἀνθρώπων",
        "tag": "w",
        "type": "word",
        "lemma": "ἄνθρωπος",
        "strong": "G04440",
        "morph": "Gr,N,,,,,GMP,"
      },
      {
        "text": "μὲν",
        "tag": "w",
        "type": "word",
        "lemma": "μέν",
        "strong": "G33030",
        "morph": "Gr,DO,,,,,,,,"
      },
      {
        "text": "ἀποδεδοκιμασμένον",
        "tag": "w",
        "type": "word",
        "lemma": "ἀποδοκιμάζω",
        "strong": "G05930",
        "morph": "Gr,V,PEP,AMS,",
        "tw": "rc://*/tw/dict/bible/other/reject"
      },
      {
        "type": "text",
        "text": ","
      },
      {
        "text": "παρὰ",
        "tag": "w",
        "type": "word",
        "lemma": "παρά",
        "strong": "G38440",
        "morph": "Gr,P,,,,,D,,,"
      },
      {
        "text": "δὲ",
        "tag": "w",
        "type": "word",
        "lemma": "δέ",
        "strong": "G11610",
        "morph": "Gr,CO,,,,,,,,"
      },
      {
        "text": "Θεῷ",
        "tag": "w",
        "type": "word",
        "lemma": "θεός",
        "strong": "G23160",
        "morph": "Gr,N,,,,,DMS,",
        "tw": "rc://*/tw/dict/bible/kt/god"
      },
      {
        "text": "ἐκλεκτὸν",
        "tag": "w",
        "type": "word",
        "lemma": "ἐκλεκτός",
        "strong": "G15880",
        "morph": "Gr,NS,,,,AMS,",
        "tw": "rc://*/tw/dict/bible/kt/elect"
      },
      {
        "type": "text",
        "text": ","
      },
      {
        "text": "ἔντιμον",
        "tag": "w",
        "type": "word",
        "lemma": "ἔντιμος",
        "strong": "G17840",
        "morph": "Gr,NS,,,,AMS,",
        "tw": "rc://*/tw/dict/bible/other/precious"
      },
      {
        "type": "text",
        "text": ",\n\n"
      }
    ]
  },
  "5": {
    "verseObjects": [
      {
        "text": "καὶ",
        "tag": "w",
        "type": "word",
        "lemma": "καί",
        "strong": "G25320",
        "morph": "Gr,D,,,,,,,,,"
      },
      {
        "text": "αὐτοὶ",
        "tag": "w",
        "type": "word",
        "lemma": "αὐτός",
        "strong": "G08460",
        "morph": "Gr,RE,,,2NMP,"
      },
      {
        "text": "ὡς",
        "tag": "w",
        "type": "word",
        "lemma": "ὡς",
        "strong": "G56130",
        "morph": "Gr,CS,,,,,,,,",
        "tw": "rc://*/tw/dict/bible/other/like"
      },
      {
        "text": "λίθοι",
        "tag": "w",
        "type": "word",
        "lemma": "λίθος",
        "strong": "G30370",
        "morph": "Gr,N,,,,,NMP,"
      },
      {
        "text": "ζῶντες",
        "tag": "w",
        "type": "word",
        "lemma": "ζάω",
        "strong": "G21980",
        "morph": "Gr,V,PPA,NMP,",
        "tw": "rc://*/tw/dict/bible/kt/life"
      },
      {
        "text": "οἰκοδομεῖσθε",
        "tag": "w",
        "type": "word",
        "lemma": "οἰκοδομέω",
        "strong": "G36180",
        "morph": "Gr,V,IPP2,,P,"
      },
      {
        "type": "text",
        "text": ","
      },
      {
        "text": "οἶκος",
        "tag": "w",
        "type": "word",
        "lemma": "οἶκος",
        "strong": "G36240",
        "morph": "Gr,N,,,,,NMS,",
        "tw": "rc://*/tw/dict/bible/other/house"
      },
      {
        "text": "πνευματικὸς",
        "tag": "w",
        "type": "word",
        "lemma": "πνευματικός",
        "strong": "G41520",
        "morph": "Gr,AA,,,,NMS,",
        "tw": "rc://*/tw/dict/bible/kt/spirit"
      },
      {
        "type": "text",
        "text": ","
      },
      {
        "text": "εἰς",
        "tag": "w",
        "type": "word",
        "lemma": "εἰς",
        "strong": "G15190",
        "morph": "Gr,P,,,,,A,,,"
      },
      {
        "text": "ἱεράτευμα",
        "tag": "w",
        "type": "word",
        "lemma": "ἱεράτευμα",
        "strong": "G24060",
        "morph": "Gr,N,,,,,ANS,",
        "tw": "rc://*/tw/dict/bible/kt/priest"
      },
      {
        "text": "ἅγιον",
        "tag": "w",
        "type": "word",
        "lemma": "ἅγιος",
        "strong": "G00400",
        "morph": "Gr,AA,,,,ANS,",
        "tw": "rc://*/tw/dict/bible/kt/holy"
      },
      {
        "text": "ἀνενέγκαι",
        "tag": "w",
        "type": "word",
        "lemma": "ἀναφέρω",
        "strong": "G03990",
        "morph": "Gr,V,NAA,,,,,"
      },
      {
        "text": "πνευματικὰς",
        "tag": "w",
        "type": "word",
        "lemma": "πνευματικός",
        "strong": "G41520",
        "morph": "Gr,AA,,,,AFP,",
        "tw": "rc://*/tw/dict/bible/kt/spirit"
      },
      {
        "text": "θυσίας",
        "tag": "w",
        "type": "word",
        "lemma": "θυσία",
        "strong": "G23780",
        "morph": "Gr,N,,,,,AFP,",
        "tw": "rc://*/tw/dict/bible/other/sacrifice"
      },
      {
        "text": "εὐπροσδέκτους",
        "tag": "w",
        "type": "word",
        "lemma": "εὐπρόσδεκτος",
        "strong": "G21440",
        "morph": "Gr,AA,,,,AFP,"
      },
      {
        "text": "Θεῷ",
        "tag": "w",
        "type": "word",
        "lemma": "θεός",
        "strong": "G23160",
        "morph": "Gr,N,,,,,DMS,",
        "tw": "rc://*/tw/dict/bible/kt/god"
      },
      {
        "text": "διὰ",
        "tag": "w",
        "type": "word",
        "lemma": "διά",
        "strong": "G12230",
        "morph": "Gr,P,,,,,G,,,"
      },
      {
        "tag": "k",
        "type": "milestone",
        "tw": "rc://*/tw/dict/bible/kt/jesus",
        "children": [
          {
            "text": "Ἰησοῦ",
            "tag": "w",
            "type": "word",
            "lemma": "Ἰησοῦς",
            "strong": "G24240",
            "morph": "Gr,N,,,,,GMS,"
          },
          {
            "text": "Χριστοῦ",
            "tag": "w",
            "type": "word",
            "lemma": "χριστός",
            "strong": "G55470",
            "morph": "Gr,N,,,,,GMS,",
            "tw": "rc://*/tw/dict/bible/kt/christ"
          }
        ],
        "endTag": "k-e\\*"
      },
      {
        "type": "text",
        "text": ".\n\n"
      }
    ]
  },
  "6": {
    "verseObjects": [
      {
        "text": "διότι",
        "tag": "w",
        "type": "word",
        "lemma": "διότι",
        "strong": "G13600",
        "morph": "Gr,CS,,,,,,,,"
      },
      {
        "text": "περιέχει",
        "tag": "w",
        "type": "word",
        "lemma": "περιέχω",
        "strong": "G40230",
        "morph": "Gr,V,IPA3,,S,"
      },
      {
        "text": "ἐν",
        "tag": "w",
        "type": "word",
        "lemma": "ἐν",
        "strong": "G17220",
        "morph": "Gr,P,,,,,D,,,"
      },
      {
        "text": "Γραφῇ",
        "tag": "w",
        "type": "word",
        "lemma": "γραφή",
        "strong": "G11240",
        "morph": "Gr,N,,,,,DFS,",
        "tw": "rc://*/tw/dict/bible/kt/wordofgod"
      },
      {
        "type": "text",
        "text": ":\n“"
      },
      {
        "text": "ἰδοὺ",
        "tag": "w",
        "type": "word",
        "lemma": "ὁράω",
        "strong": "G37080",
        "morph": "Gr,IDMAA2,,S,"
      },
      {
        "type": "text",
        "text": ","
      },
      {
        "text": "τίθημι",
        "tag": "w",
        "type": "word",
        "lemma": "τίθημι",
        "strong": "G50870",
        "morph": "Gr,V,IPA1,,S,"
      },
      {
        "text": "ἐν",
        "tag": "w",
        "type": "word",
        "lemma": "ἐν",
        "strong": "G17220",
        "morph": "Gr,P,,,,,D,,,"
      },
      {
        "text": "Σιὼν",
        "tag": "w",
        "type": "word",
        "lemma": "Σιών",
        "strong": "G46220",
        "morph": "Gr,N,,,,,DFSI",
        "tw": "rc://*/tw/dict/bible/kt/zion"
      },
      {
        "text": "λίθον",
        "tag": "w",
        "type": "word",
        "lemma": "λίθος",
        "strong": "G30370",
        "morph": "Gr,N,,,,,AMS,"
      },
      {
        "type": "text",
        "text": ","
      },
      {
        "text": "ἀκρογωνιαῖον",
        "tag": "w",
        "type": "word",
        "lemma": "ἀκρογωνιαῖος",
        "strong": "G02040",
        "morph": "Gr,NS,,,,AMS,",
        "tw": "rc://*/tw/dict/bible/kt/cornerstone"
      },
      {
        "text": "ἐκλεκτὸν",
        "tag": "w",
        "type": "word",
        "lemma": "ἐκλεκτός",
        "strong": "G15880",
        "morph": "Gr,AA,,,,AMS,",
        "tw": "rc://*/tw/dict/bible/kt/elect"
      },
      {
        "text": "ἔντιμον",
        "tag": "w",
        "type": "word",
        "lemma": "ἔντιμος",
        "strong": "G17840",
        "morph": "Gr,AA,,,,AMS,",
        "tw": "rc://*/tw/dict/bible/other/precious"
      },
      {
        "type": "text",
        "text": ";"
      },
      {
        "text": "καὶ",
        "tag": "w",
        "type": "word",
        "lemma": "καί",
        "strong": "G25320",
        "morph": "Gr,CC,,,,,,,,"
      },
      {
        "text": "ὁ",
        "tag": "w",
        "type": "word",
        "lemma": "ὁ",
        "strong": "G35880",
        "morph": "Gr,RD,,,,NMS,"
      },
      {
        "text": "πιστεύων",
        "tag": "w",
        "type": "word",
        "lemma": "πιστεύω",
        "strong": "G41000",
        "morph": "Gr,V,PPA,NMS,",
        "tw": "rc://*/tw/dict/bible/kt/believe"
      },
      {
        "text": "ἐπ’",
        "tag": "w",
        "type": "word",
        "lemma": "ἐπί",
        "strong": "G19090",
        "morph": "Gr,P,,,,,D,,,"
      },
      {
        "text": "αὐτῷ",
        "tag": "w",
        "type": "word",
        "lemma": "αὐτός",
        "strong": "G08460",
        "morph": "Gr,RP,,,3DMS,"
      },
      {
        "type": "text",
        "text": ","
      },
      {
        "text": "οὐ",
        "tag": "w",
        "type": "word",
        "lemma": "οὐ",
        "strong": "G37560",
        "morph": "Gr,D,,,,,,,,,"
      },
      {
        "text": "μὴ",
        "tag": "w",
        "type": "word",
        "lemma": "μή",
        "strong": "G33610",
        "morph": "Gr,D,,,,,,,,,"
      },
      {
        "text": "καταισχυνθῇ",
        "tag": "w",
        "type": "word",
        "lemma": "καταισχύνω",
        "strong": "G26170",
        "morph": "Gr,V,SAP3,,S,",
        "tw": "rc://*/tw/dict/bible/other/shame"
      },
      {
        "type": "text",
        "text": ".”\n\n"
      }
    ]
  },
  "7": {
    "verseObjects": [
      {
        "text": "ὑμῖν",
        "tag": "w",
        "type": "word",
        "lemma": "σύ",
        "strong": "G47710",
        "morph": "Gr,RP,,,2D,P,"
      },
      {
        "text": "οὖν",
        "tag": "w",
        "type": "word",
        "lemma": "οὖν",
        "strong": "G37670",
        "morph": "Gr,CC,,,,,,,,"
      },
      {
        "text": "ἡ",
        "tag": "w",
        "type": "word",
        "lemma": "ὁ",
        "strong": "G35880",
        "morph": "Gr,EA,,,,NFS,"
      },
      {
        "text": "τιμὴ",
        "tag": "w",
        "type": "word",
        "lemma": "τιμή",
        "strong": "G50920",
        "morph": "Gr,N,,,,,NFS,",
        "tw": "rc://*/tw/dict/bible/other/precious"
      },
      {
        "type": "text",
        "text": ","
      },
      {
        "text": "τοῖς",
        "tag": "w",
        "type": "word",
        "lemma": "ὁ",
        "strong": "G35880",
        "morph": "Gr,RD,,,,DMP,"
      },
      {
        "text": "πιστεύουσιν",
        "tag": "w",
        "type": "word",
        "lemma": "πιστεύω",
        "strong": "G41000",
        "morph": "Gr,V,PPA,DMP,",
        "tw": "rc://*/tw/dict/bible/kt/believe"
      },
      {
        "type": "text",
        "text": ";"
      },
      {
        "text": "ἀπιστοῦσιν",
        "tag": "w",
        "type": "word",
        "lemma": "ἀπιστέω",
        "strong": "G05690",
        "morph": "Gr,V,PPA,DMP,",
        "tw": "rc://*/tw/dict/bible/kt/faithless"
      },
      {
        "text": "δὲ",
        "tag": "w",
        "type": "word",
        "lemma": "δέ",
        "strong": "G11610",
        "morph": "Gr,CC,,,,,,,,"
      },
      {
        "type": "text",
        "text": ",\n“"
      },
      {
        "text": "λίθος",
        "tag": "w",
        "type": "word",
        "lemma": "λίθος",
        "strong": "G30370",
        "morph": "Gr,N,,,,,NMS,"
      },
      {
        "text": "ὃν",
        "tag": "w",
        "type": "word",
        "lemma": "ὅς",
        "strong": "G37390",
        "morph": "Gr,RR,,,,AMS,"
      },
      {
        "text": "ἀπεδοκίμασαν",
        "tag": "w",
        "type": "word",
        "lemma": "ἀποδοκιμάζω",
        "strong": "G05930",
        "morph": "Gr,V,IAA3,,P,",
        "tw": "rc://*/tw/dict/bible/other/reject"
      },
      {
        "text": "οἱ",
        "tag": "w",
        "type": "word",
        "lemma": "ὁ",
        "strong": "G35880",
        "morph": "Gr,RD,,,,NMP,"
      },
      {
        "text": "οἰκοδομοῦντες",
        "tag": "w",
        "type": "word",
        "lemma": "οἰκοδομέω",
        "strong": "G36180",
        "morph": "Gr,V,PPA,NMP,"
      },
      {
        "type": "text",
        "text": ","
      },
      {
        "text": "οὗτος",
        "tag": "w",
        "type": "word",
        "lemma": "οὗτος",
        "strong": "G37780",
        "morph": "Gr,RD,,,,NMS,"
      },
      {
        "text": "ἐγενήθη",
        "tag": "w",
        "type": "word",
        "lemma": "γίνομαι",
        "strong": "G10960",
        "morph": "Gr,V,IAP3,,S,"
      },
      {
        "text": "εἰς",
        "tag": "w",
        "type": "word",
        "lemma": "εἰς",
        "strong": "G15190",
        "morph": "Gr,P,,,,,A,,,"
      },
      {
        "tag": "k",
        "type": "milestone",
        "tw": "rc://*/tw/dict/bible/kt/cornerstone",
        "children": [
          {
            "text": "κεφαλὴν",
            "tag": "w",
            "type": "word",
            "lemma": "κεφαλή",
            "strong": "G27760",
            "morph": "Gr,N,,,,,AFS,",
            "tw": "rc://*/tw/dict/bible/other/head"
          },
          {
            "text": "γωνίας",
            "tag": "w",
            "type": "word",
            "lemma": "γωνία",
            "strong": "G11370",
            "morph": "Gr,N,,,,,GFS,"
          },
          {
            "type": "text",
            "text": "”"
          }
        ],
        "endTag": "k-e\\*"
      },
      {
        "type": "text",
        "text": ",\n\n"
      }
    ]
  },
  "8": {
    "verseObjects": [
      {
        "text": "καὶ",
        "tag": "w",
        "type": "word",
        "lemma": "καί",
        "strong": "G25320",
        "morph": "Gr,CC,,,,,,,,"
      },
      {
        "type": "text",
        "text": ","
      },
      {
        "tag": "k",
        "type": "milestone",
        "tw": "rc://*/tw/dict/bible/other/stumblingblock",
        "children": [
          {
            "type": "text",
            "text": "“"
          },
          {
            "text": "λίθος",
            "tag": "w",
            "type": "word",
            "lemma": "λίθος",
            "strong": "G30370",
            "morph": "Gr,N,,,,,NMS,"
          },
          {
            "text": "προσκόμματος",
            "tag": "w",
            "type": "word",
            "lemma": "πρόσκομμα",
            "strong": "G43480",
            "morph": "Gr,N,,,,,GNS,",
            "tw": "rc://*/tw/dict/bible/other/stumble"
          }
        ],
        "endTag": "k-e\\*"
      },
      {
        "type": "text",
        "text": ","
      },
      {
        "text": "καὶ",
        "tag": "w",
        "type": "word",
        "lemma": "καί",
        "strong": "G25320",
        "morph": "Gr,CC,,,,,,,,"
      },
      {
        "text": "πέτρα",
        "tag": "w",
        "type": "word",
        "lemma": "πέτρα",
        "strong": "G40730",
        "morph": "Gr,N,,,,,NFS,"
      },
      {
        "text": "σκανδάλου",
        "tag": "w",
        "type": "word",
        "lemma": "σκάνδαλον",
        "strong": "G46250",
        "morph": "Gr,N,,,,,GNS,"
      },
      {
        "type": "text",
        "text": "”;"
      },
      {
        "text": "οἳ",
        "tag": "w",
        "type": "word",
        "lemma": "ὅς",
        "strong": "G37390",
        "morph": "Gr,RR,,,,NMP,"
      },
      {
        "text": "προσκόπτουσιν",
        "tag": "w",
        "type": "word",
        "lemma": "προσκόπτω",
        "strong": "G43500",
        "morph": "Gr,V,IPA3,,P,",
        "tw": "rc://*/tw/dict/bible/other/stumble"
      },
      {
        "text": "τῷ",
        "tag": "w",
        "type": "word",
        "lemma": "ὁ",
        "strong": "G35880",
        "morph": "Gr,EA,,,,DMS,"
      },
      {
        "text": "λόγῳ",
        "tag": "w",
        "type": "word",
        "lemma": "λόγος",
        "strong": "G30560",
        "morph": "Gr,N,,,,,DMS,",
        "tw": "rc://*/tw/dict/bible/kt/wordofgod"
      },
      {
        "text": "ἀπειθοῦντες",
        "tag": "w",
        "type": "word",
        "lemma": "ἀπειθέω",
        "strong": "G05440",
        "morph": "Gr,V,PPA,NMP,",
        "tw": "rc://*/tw/dict/bible/other/disobey"
      },
      {
        "type": "text",
        "text": ","
      },
      {
        "text": "εἰς",
        "tag": "w",
        "type": "word",
        "lemma": "εἰς",
        "strong": "G15190",
        "morph": "Gr,P,,,,,A,,,"
      },
      {
        "text": "ὃ",
        "tag": "w",
        "type": "word",
        "lemma": "ὅς",
        "strong": "G37390",
        "morph": "Gr,RR,,,,ANS,"
      },
      {
        "text": "καὶ",
        "tag": "w",
        "type": "word",
        "lemma": "καί",
        "strong": "G25320",
        "morph": "Gr,D,,,,,,,,,"
      },
      {
        "text": "ἐτέθησαν",
        "tag": "w",
        "type": "word",
        "lemma": "τίθημι",
        "strong": "G50870",
        "morph": "Gr,V,IAP3,,P,",
        "tw": "rc://*/tw/dict/bible/kt/appoint"
      },
      {
        "type": "text",
        "text": ".\n\n"
      }
    ]
  },
  "9": {
    "verseObjects": [
      {
        "type": "text",
        "text": "\n"
      },
      {
        "tag": "p",
        "type": "paragraph"
      },
      {
        "text": "ὑμεῖς",
        "tag": "w",
        "type": "word",
        "lemma": "σύ",
        "strong": "G47710",
        "morph": "Gr,RP,,,2N,P,"
      },
      {
        "text": "δὲ",
        "tag": "w",
        "type": "word",
        "lemma": "δέ",
        "strong": "G11610",
        "morph": "Gr,CC,,,,,,,,"
      },
      {
        "type": "text",
        "text": "\n“"
      },
      {
        "text": "γένος",
        "tag": "w",
        "type": "word",
        "lemma": "γένος",
        "strong": "G10850",
        "morph": "Gr,N,,,,,NNS,"
      },
      {
        "text": "ἐκλεκτόν",
        "tag": "w",
        "type": "word",
        "lemma": "ἐκλεκτός",
        "strong": "G15880",
        "morph": "Gr,AA,,,,NNS,",
        "tw": "rc://*/tw/dict/bible/kt/elect"
      },
      {
        "type": "text",
        "text": "”,\n“"
      },
      {
        "text": "βασίλειον",
        "tag": "w",
        "type": "word",
        "lemma": "βασίλειος",
        "strong": "G09340",
        "morph": "Gr,AA,,,,NNS,"
      },
      {
        "text": "ἱεράτευμα",
        "tag": "w",
        "type": "word",
        "lemma": "ἱεράτευμα",
        "strong": "G24060",
        "morph": "Gr,N,,,,,NNS,",
        "tw": "rc://*/tw/dict/bible/kt/priest"
      },
      {
        "type": "text",
        "text": ","
      },
      {
        "text": "ἔθνος",
        "tag": "w",
        "type": "word",
        "lemma": "ἔθνος",
        "strong": "G14840",
        "morph": "Gr,N,,,,,NNS,",
        "tw": "rc://*/tw/dict/bible/other/nation"
      },
      {
        "text": "ἅγιον",
        "tag": "w",
        "type": "word",
        "lemma": "ἅγιος",
        "strong": "G00400",
        "morph": "Gr,AA,,,,NNS,",
        "tw": "rc://*/tw/dict/bible/kt/holy"
      },
      {
        "type": "text",
        "text": ","
      },
      {
        "text": "λαὸς",
        "tag": "w",
        "type": "word",
        "lemma": "λαός",
        "strong": "G29920",
        "morph": "Gr,N,,,,,NMS,",
        "tw": "rc://*/tw/dict/bible/kt/peopleofgod"
      },
      {
        "text": "εἰς",
        "tag": "w",
        "type": "word",
        "lemma": "εἰς",
        "strong": "G15190",
        "morph": "Gr,P,,,,,A,,,"
      },
      {
        "text": "περιποίησιν",
        "tag": "w",
        "type": "word",
        "lemma": "περιποίησις",
        "strong": "G40470",
        "morph": "Gr,N,,,,,AFS,",
        "tw": "rc://*/tw/dict/bible/other/possess"
      },
      {
        "type": "text",
        "text": "”,"
      },
      {
        "text": "ὅπως",
        "tag": "w",
        "type": "word",
        "lemma": "ὅπως",
        "strong": "G37040",
        "morph": "Gr,CS,,,,,,,,"
      },
      {
        "text": "τὰς",
        "tag": "w",
        "type": "word",
        "lemma": "ὁ",
        "strong": "G35880",
        "morph": "Gr,EA,,,,AFP,"
      },
      {
        "text": "ἀρετὰς",
        "tag": "w",
        "type": "word",
        "lemma": "ἀρετή",
        "strong": "G07030",
        "morph": "Gr,N,,,,,AFP,"
      },
      {
        "text": "ἐξαγγείλητε",
        "tag": "w",
        "type": "word",
        "lemma": "ἐξαγγέλλω",
        "strong": "G18040",
        "morph": "Gr,V,SAA2,,P,",
        "tw": "rc://*/tw/dict/bible/other/preach"
      },
      {
        "type": "text",
        "text": ","
      },
      {
        "text": "τοῦ",
        "tag": "w",
        "type": "word",
        "lemma": "ὁ",
        "strong": "G35880",
        "morph": "Gr,RD,,,,GMS,"
      },
      {
        "text": "ἐκ",
        "tag": "w",
        "type": "word",
        "lemma": "ἐκ",
        "strong": "G15370",
        "morph": "Gr,P,,,,,G,,,"
      },
      {
        "text": "σκότους",
        "tag": "w",
        "type": "word",
        "lemma": "σκότος",
        "strong": "G46550",
        "morph": "Gr,N,,,,,GNS,",
        "tw": "rc://*/tw/dict/bible/other/darkness"
      },
      {
        "text": "ὑμᾶς",
        "tag": "w",
        "type": "word",
        "lemma": "σύ",
        "strong": "G47710",
        "morph": "Gr,RP,,,2A,P,"
      },
      {
        "text": "καλέσαντος",
        "tag": "w",
        "type": "word",
        "lemma": "καλέω",
        "strong": "G25640",
        "morph": "Gr,V,PAA,GMS,",
        "tw": "rc://*/tw/dict/bible/kt/call"
      },
      {
        "type": "text",
        "text": ","
      },
      {
        "text": "εἰς",
        "tag": "w",
        "type": "word",
        "lemma": "εἰς",
        "strong": "G15190",
        "morph": "Gr,P,,,,,A,,,"
      },
      {
        "text": "τὸ",
        "tag": "w",
        "type": "word",
        "lemma": "ὁ",
        "strong": "G35880",
        "morph": "Gr,EA,,,,ANS,"
      },
      {
        "text": "θαυμαστὸν",
        "tag": "w",
        "type": "word",
        "lemma": "θαυμαστός",
        "strong": "G22980",
        "morph": "Gr,NS,,,,ANS,",
        "tw": "rc://*/tw/dict/bible/other/amazed"
      },
      {
        "text": "αὐτοῦ",
        "tag": "w",
        "type": "word",
        "lemma": "αὐτός",
        "strong": "G08460",
        "morph": "Gr,RP,,,3GMS,"
      },
      {
        "text": "φῶς",
        "tag": "w",
        "type": "word",
        "lemma": "φῶς",
        "strong": "G54570",
        "morph": "Gr,N,,,,,ANS,",
        "tw": "rc://*/tw/dict/bible/other/light"
      },
      {
        "type": "text",
        "text": ";\n\n"
      }
    ]
  },
  "10": {
    "verseObjects": [
      {
        "text": "οἵ",
        "tag": "w",
        "type": "word",
        "lemma": "ὅς",
        "strong": "G37390",
        "morph": "Gr,RR,,,,NMP,"
      },
      {
        "text": "ποτε",
        "tag": "w",
        "type": "word",
        "lemma": "ποτέ",
        "strong": "G42180",
        "morph": "Gr,D,,,,,,,,,"
      },
      {
        "type": "text",
        "text": "\n“"
      },
      {
        "text": "οὐ",
        "tag": "w",
        "type": "word",
        "lemma": "οὐ",
        "strong": "G37560",
        "morph": "Gr,D,,,,,,,,,"
      },
      {
        "text": "λαὸς",
        "tag": "w",
        "type": "word",
        "lemma": "λαός",
        "strong": "G29920",
        "morph": "Gr,N,,,,,NMS,",
        "tw": "rc://*/tw/dict/bible/other/peoplegroup"
      },
      {
        "type": "text",
        "text": ","
      },
      {
        "text": "νῦν",
        "tag": "w",
        "type": "word",
        "lemma": "νῦν",
        "strong": "G35680",
        "morph": "Gr,D,,,,,,,,,"
      },
      {
        "text": "δὲ",
        "tag": "w",
        "type": "word",
        "lemma": "δέ",
        "strong": "G11610",
        "morph": "Gr,CC,,,,,,,,"
      },
      {
        "tag": "k",
        "type": "milestone",
        "tw": "rc://*/tw/dict/bible/kt/peopleofgod",
        "children": [
          {
            "text": "λαὸς",
            "tag": "w",
            "type": "word",
            "lemma": "λαός",
            "strong": "G29920",
            "morph": "Gr,N,,,,,NMS,",
            "tw": "rc://*/tw/dict/bible/other/peoplegroup"
          },
          {
            "text": "Θεοῦ",
            "tag": "w",
            "type": "word",
            "lemma": "θεός",
            "strong": "G23160",
            "morph": "Gr,N,,,,,GMS,",
            "tw": "rc://*/tw/dict/bible/kt/god"
          }
        ],
        "endTag": "k-e\\*"
      },
      {
        "type": "text",
        "text": ";"
      },
      {
        "text": "οἱ",
        "tag": "w",
        "type": "word",
        "lemma": "ὁ",
        "strong": "G35880",
        "morph": "Gr,RD,,,,NMP,"
      },
      {
        "text": "οὐκ",
        "tag": "w",
        "type": "word",
        "lemma": "οὐ",
        "strong": "G37560",
        "morph": "Gr,D,,,,,,,,,"
      },
      {
        "text": "ἠλεημένοι",
        "tag": "w",
        "type": "word",
        "lemma": "ἐλεέω",
        "strong": "G16530",
        "morph": "Gr,V,PEP,NMP,",
        "tw": "rc://*/tw/dict/bible/kt/mercy"
      },
      {
        "type": "text",
        "text": ","
      },
      {
        "text": "νῦν",
        "tag": "w",
        "type": "word",
        "lemma": "νῦν",
        "strong": "G35680",
        "morph": "Gr,D,,,,,,,,,"
      },
      {
        "text": "δὲ",
        "tag": "w",
        "type": "word",
        "lemma": "δέ",
        "strong": "G11610",
        "morph": "Gr,CC,,,,,,,,"
      },
      {
        "text": "ἐλεηθέντες",
        "tag": "w",
        "type": "word",
        "lemma": "ἐλεέω",
        "strong": "G16530",
        "morph": "Gr,V,PAP,NMP,",
        "tw": "rc://*/tw/dict/bible/kt/mercy"
      },
      {
        "type": "text",
        "text": "”.\n\n"
      }
    ]
  },
  "11": {
    "verseObjects": [
      {
        "type": "text",
        "text": "\n"
      },
      {
        "tag": "p",
        "type": "paragraph"
      },
      {
        "text": "ἀγαπητοί",
        "tag": "w",
        "type": "word",
        "lemma": "ἀγαπητός",
        "strong": "G00270",
        "morph": "Gr,NS,,,,VMP,",
        "tw": "rc://*/tw/dict/bible/kt/beloved"
      },
      {
        "type": "text",
        "text": ","
      },
      {
        "text": "παρακαλῶ",
        "tag": "w",
        "type": "word",
        "lemma": "παρακαλέω",
        "strong": "G38700",
        "morph": "Gr,V,IPA1,,S,",
        "tw": "rc://*/tw/dict/bible/kt/exhort"
      },
      {
        "text": "ὡς",
        "tag": "w",
        "type": "word",
        "lemma": "ὡς",
        "strong": "G56130",
        "morph": "Gr,CS,,,,,,,,",
        "tw": "rc://*/tw/dict/bible/other/like"
      },
      {
        "text": "παροίκους",
        "tag": "w",
        "type": "word",
        "lemma": "πάροικος",
        "strong": "G39410",
        "morph": "Gr,NS,,,,AMP,"
      },
      {
        "text": "καὶ",
        "tag": "w",
        "type": "word",
        "lemma": "καί",
        "strong": "G25320",
        "morph": "Gr,CC,,,,,,,,"
      },
      {
        "text": "παρεπιδήμους",
        "tag": "w",
        "type": "word",
        "lemma": "παρεπίδημος",
        "strong": "G39270",
        "morph": "Gr,NS,,,,AMP,",
        "tw": "rc://*/tw/dict/bible/other/exile"
      },
      {
        "type": "text",
        "text": ","
      },
      {
        "text": "ἀπέχεσθαι",
        "tag": "w",
        "type": "word",
        "lemma": "ἀπέχω",
        "strong": "G05680",
        "morph": "Gr,V,NPM,,,,,",
        "tw": "rc://*/tw/dict/bible/other/possess"
      },
      {
        "text": "τῶν",
        "tag": "w",
        "type": "word",
        "lemma": "ὁ",
        "strong": "G35880",
        "morph": "Gr,EA,,,,GFP,"
      },
      {
        "text": "σαρκικῶν",
        "tag": "w",
        "type": "word",
        "lemma": "σαρκικός",
        "strong": "G45590",
        "morph": "Gr,AA,,,,GFP,",
        "tw": "rc://*/tw/dict/bible/kt/flesh"
      },
      {
        "text": "ἐπιθυμιῶν",
        "tag": "w",
        "type": "word",
        "lemma": "ἐπιθυμία",
        "strong": "G19390",
        "morph": "Gr,N,,,,,GFP,",
        "tw": "rc://*/tw/dict/bible/other/lust"
      },
      {
        "type": "text",
        "text": ","
      },
      {
        "text": "αἵτινες",
        "tag": "w",
        "type": "word",
        "lemma": "ὅστις",
        "strong": "G37480",
        "morph": "Gr,RR,,,,NFP,"
      },
      {
        "text": "στρατεύονται",
        "tag": "w",
        "type": "word",
        "lemma": "στρατεύω",
        "strong": "G47540",
        "morph": "Gr,V,IPM3,,P,",
        "tw": "rc://*/tw/dict/bible/other/warrior"
      },
      {
        "text": "κατὰ",
        "tag": "w",
        "type": "word",
        "lemma": "κατά",
        "strong": "G25960",
        "morph": "Gr,P,,,,,G,,,"
      },
      {
        "text": "τῆς",
        "tag": "w",
        "type": "word",
        "lemma": "ὁ",
        "strong": "G35880",
        "morph": "Gr,EP,,,,GFS,"
      },
      {
        "text": "ψυχῆς",
        "tag": "w",
        "type": "word",
        "lemma": "ψυχή",
        "strong": "G55900",
        "morph": "Gr,N,,,,,GFS,",
        "tw": "rc://*/tw/dict/bible/kt/soul"
      },
      {
        "type": "text",
        "text": ";\n\n"
      }
    ]
  },
  "12": {
    "verseObjects": [
      {
        "text": "τὴν",
        "tag": "w",
        "type": "word",
        "lemma": "ὁ",
        "strong": "G35880",
        "morph": "Gr,EA,,,,AFS,"
      },
      {
        "text": "ἀναστροφὴν",
        "tag": "w",
        "type": "word",
        "lemma": "ἀναστροφή",
        "strong": "G03910",
        "morph": "Gr,N,,,,,AFS,"
      },
      {
        "text": "ὑμῶν",
        "tag": "w",
        "type": "word",
        "lemma": "σύ",
        "strong": "G47710",
        "morph": "Gr,RP,,,2G,P,"
      },
      {
        "text": "ἐν",
        "tag": "w",
        "type": "word",
        "lemma": "ἐν",
        "strong": "G17220",
        "morph": "Gr,P,,,,,D,,,"
      },
      {
        "text": "τοῖς",
        "tag": "w",
        "type": "word",
        "lemma": "ὁ",
        "strong": "G35880",
        "morph": "Gr,EA,,,,DNP,"
      },
      {
        "text": "ἔθνεσιν",
        "tag": "w",
        "type": "word",
        "lemma": "ἔθνος",
        "strong": "G14840",
        "morph": "Gr,N,,,,,DNP,",
        "tw": "rc://*/tw/dict/bible/kt/gentile"
      },
      {
        "text": "ἔχοντες",
        "tag": "w",
        "type": "word",
        "lemma": "ἔχω",
        "strong": "G21920",
        "morph": "Gr,V,PPA,NMP,"
      },
      {
        "text": "καλήν",
        "tag": "w",
        "type": "word",
        "lemma": "καλός",
        "strong": "G25700",
        "morph": "Gr,NS,,,,AFS,",
        "tw": "rc://*/tw/dict/bible/kt/good"
      },
      {
        "type": "text",
        "text": ","
      },
      {
        "text": "ἵνα",
        "tag": "w",
        "type": "word",
        "lemma": "ἵνα",
        "strong": "G24430",
        "morph": "Gr,CS,,,,,,,,"
      },
      {
        "text": "ἐν",
        "tag": "w",
        "type": "word",
        "lemma": "ἐν",
        "strong": "G17220",
        "morph": "Gr,P,,,,,D,,,"
      },
      {
        "text": "ᾧ",
        "tag": "w",
        "type": "word",
        "lemma": "ὅς",
        "strong": "G37390",
        "morph": "Gr,RR,,,,DNS,"
      },
      {
        "text": "καταλαλοῦσιν",
        "tag": "w",
        "type": "word",
        "lemma": "καταλαλέω",
        "strong": "G26350",
        "morph": "Gr,V,IPA3,,P,",
        "tw": "rc://*/tw/dict/bible/kt/evil"
      },
      {
        "text": "ὑμῶν",
        "tag": "w",
        "type": "word",
        "lemma": "σύ",
        "strong": "G47710",
        "morph": "Gr,RP,,,2G,P,"
      },
      {
        "text": "ὡς",
        "tag": "w",
        "type": "word",
        "lemma": "ὡς",
        "strong": "G56130",
        "morph": "Gr,CS,,,,,,,,",
        "tw": "rc://*/tw/dict/bible/other/like"
      },
      {
        "text": "κακοποιῶν",
        "tag": "w",
        "type": "word",
        "lemma": "κακοποιός",
        "strong": "G25550",
        "morph": "Gr,NS,,,,GMP,",
        "tw": "rc://*/tw/dict/bible/other/evildoer"
      },
      {
        "type": "text",
        "text": ","
      },
      {
        "text": "ἐκ",
        "tag": "w",
        "type": "word",
        "lemma": "ἐκ",
        "strong": "G15370",
        "morph": "Gr,P,,,,,G,,,"
      },
      {
        "text": "τῶν",
        "tag": "w",
        "type": "word",
        "lemma": "ὁ",
        "strong": "G35880",
        "morph": "Gr,EP,,,,GNP,"
      },
      {
        "text": "καλῶν",
        "tag": "w",
        "type": "word",
        "lemma": "καλός",
        "strong": "G25700",
        "morph": "Gr,AA,,,,GNP,",
        "tw": "rc://*/tw/dict/bible/kt/good"
      },
      {
        "text": "ἔργων",
        "tag": "w",
        "type": "word",
        "lemma": "ἔργον",
        "strong": "G20410",
        "morph": "Gr,N,,,,,GNP,",
        "tw": "rc://*/tw/dict/bible/kt/works"
      },
      {
        "text": "ἐποπτεύοντες",
        "tag": "w",
        "type": "word",
        "lemma": "ἐποπτεύω",
        "strong": "G20290",
        "morph": "Gr,V,PPA,NMP,",
        "tw": "rc://*/tw/dict/bible/kt/testimony"
      },
      {
        "type": "text",
        "text": ","
      },
      {
        "text": "δοξάσωσιν",
        "tag": "w",
        "type": "word",
        "lemma": "δοξάζω",
        "strong": "G13920",
        "morph": "Gr,V,SAA3,,P,",
        "tw": "rc://*/tw/dict/bible/kt/glory"
      },
      {
        "text": "τὸν",
        "tag": "w",
        "type": "word",
        "lemma": "ὁ",
        "strong": "G35880",
        "morph": "Gr,EA,,,,AMS,"
      },
      {
        "text": "Θεὸν",
        "tag": "w",
        "type": "word",
        "lemma": "θεός",
        "strong": "G23160",
        "morph": "Gr,N,,,,,AMS,",
        "tw": "rc://*/tw/dict/bible/kt/god"
      },
      {
        "text": "ἐν",
        "tag": "w",
        "type": "word",
        "lemma": "ἐν",
        "strong": "G17220",
        "morph": "Gr,P,,,,,D,,,"
      },
      {
        "text": "ἡμέρᾳ",
        "tag": "w",
        "type": "word",
        "lemma": "ἡμέρα",
        "strong": "G22500",
        "morph": "Gr,N,,,,,DFS,",
        "tw": "rc://*/tw/dict/bible/other/biblicaltimeday"
      },
      {
        "text": "ἐπισκοπῆς",
        "tag": "w",
        "type": "word",
        "lemma": "ἐπισκοπή",
        "strong": "G19840",
        "morph": "Gr,N,,,,,GFS,"
      },
      {
        "type": "text",
        "text": ".\n\n"
      }
    ]
  },
  "13": {
    "verseObjects": [
      {
        "type": "text",
        "text": "\n"
      },
      {
        "tag": "p",
        "type": "paragraph"
      },
      {
        "text": "ὑποτάγητε",
        "tag": "w",
        "type": "word",
        "lemma": "ὑποτάσσω",
        "strong": "G52930",
        "morph": "Gr,V,MAP2,,P,",
        "tw": "rc://*/tw/dict/bible/other/subject"
      },
      {
        "text": "πάσῃ",
        "tag": "w",
        "type": "word",
        "lemma": "πᾶς",
        "strong": "G39560",
        "morph": "Gr,EQ,,,,DFS,"
      },
      {
        "text": "ἀνθρωπίνῃ",
        "tag": "w",
        "type": "word",
        "lemma": "ἀνθρώπινος",
        "strong": "G04420",
        "morph": "Gr,AA,,,,DFS,"
      },
      {
        "text": "κτίσει",
        "tag": "w",
        "type": "word",
        "lemma": "κτίσις",
        "strong": "G29370",
        "morph": "Gr,N,,,,,DFS,"
      },
      {
        "text": "διὰ",
        "tag": "w",
        "type": "word",
        "lemma": "διά",
        "strong": "G12230",
        "morph": "Gr,P,,,,,A,,,"
      },
      {
        "text": "τὸν",
        "tag": "w",
        "type": "word",
        "lemma": "ὁ",
        "strong": "G35880",
        "morph": "Gr,EA,,,,AMS,"
      },
      {
        "text": "Κύριον",
        "tag": "w",
        "type": "word",
        "lemma": "κύριος",
        "strong": "G29620",
        "morph": "Gr,N,,,,,AMS,",
        "tw": "rc://*/tw/dict/bible/kt/lord"
      },
      {
        "type": "text",
        "text": ";"
      },
      {
        "text": "εἴτε",
        "tag": "w",
        "type": "word",
        "lemma": "εἴτε",
        "strong": "G15350",
        "morph": "Gr,DO,,,,,,,,"
      },
      {
        "text": "βασιλεῖ",
        "tag": "w",
        "type": "word",
        "lemma": "βασιλεύς",
        "strong": "G09350",
        "morph": "Gr,N,,,,,DMS,",
        "tw": "rc://*/tw/dict/bible/other/king"
      },
      {
        "text": "ὡς",
        "tag": "w",
        "type": "word",
        "lemma": "ὡς",
        "strong": "G56130",
        "morph": "Gr,CS,,,,,,,,",
        "tw": "rc://*/tw/dict/bible/other/like"
      },
      {
        "text": "ὑπερέχοντι",
        "tag": "w",
        "type": "word",
        "lemma": "ὑπερέχω",
        "strong": "G52420",
        "morph": "Gr,V,PPA,DMS,"
      },
      {
        "type": "text",
        "text": ",\n\n"
      }
    ]
  },
  "14": {
    "verseObjects": [
      {
        "text": "εἴτε",
        "tag": "w",
        "type": "word",
        "lemma": "εἴτε",
        "strong": "G15350",
        "morph": "Gr,CO,,,,,,,,"
      },
      {
        "text": "ἡγεμόσιν",
        "tag": "w",
        "type": "word",
        "lemma": "ἡγεμών",
        "strong": "G22320",
        "morph": "Gr,N,,,,,DMP,",
        "tw": "rc://*/tw/dict/bible/other/governor"
      },
      {
        "text": "ὡς",
        "tag": "w",
        "type": "word",
        "lemma": "ὡς",
        "strong": "G56130",
        "morph": "Gr,CS,,,,,,,,",
        "tw": "rc://*/tw/dict/bible/other/like"
      },
      {
        "text": "δι’",
        "tag": "w",
        "type": "word",
        "lemma": "διά",
        "strong": "G12230",
        "morph": "Gr,P,,,,,G,,,"
      },
      {
        "text": "αὐτοῦ",
        "tag": "w",
        "type": "word",
        "lemma": "αὐτός",
        "strong": "G08460",
        "morph": "Gr,RP,,,3GMS,"
      },
      {
        "text": "πεμπομένοις",
        "tag": "w",
        "type": "word",
        "lemma": "πέμπω",
        "strong": "G39920",
        "morph": "Gr,V,PPP,DMP,",
        "tw": "rc://*/tw/dict/bible/other/send"
      },
      {
        "type": "text",
        "text": ","
      },
      {
        "text": "εἰς",
        "tag": "w",
        "type": "word",
        "lemma": "εἰς",
        "strong": "G15190",
        "morph": "Gr,P,,,,,A,,,"
      },
      {
        "text": "ἐκδίκησιν",
        "tag": "w",
        "type": "word",
        "lemma": "ἐκδίκησις",
        "strong": "G15570",
        "morph": "Gr,N,,,,,AFS,",
        "tw": "rc://*/tw/dict/bible/other/avenge"
      },
      {
        "text": "κακοποιῶν",
        "tag": "w",
        "type": "word",
        "lemma": "κακοποιός",
        "strong": "G25550",
        "morph": "Gr,NS,,,,GMP,",
        "tw": "rc://*/tw/dict/bible/other/evildoer"
      },
      {
        "type": "text",
        "text": ","
      },
      {
        "text": "ἔπαινον",
        "tag": "w",
        "type": "word",
        "lemma": "ἔπαινος",
        "strong": "G18680",
        "morph": "Gr,N,,,,,AMS,",
        "tw": "rc://*/tw/dict/bible/other/praise"
      },
      {
        "text": "δὲ",
        "tag": "w",
        "type": "word",
        "lemma": "δέ",
        "strong": "G11610",
        "morph": "Gr,CC,,,,,,,,"
      },
      {
        "text": "ἀγαθοποιῶν",
        "tag": "w",
        "type": "word",
        "lemma": "ἀγαθοποιός",
        "strong": "G00170",
        "morph": "Gr,NS,,,,GMP,",
        "tw": "rc://*/tw/dict/bible/kt/good"
      },
      {
        "type": "text",
        "text": ";\n\n"
      }
    ]
  },
  "15": {
    "verseObjects": [
      {
        "text": "ὅτι",
        "tag": "w",
        "type": "word",
        "lemma": "ὅτι",
        "strong": "G37540",
        "morph": "Gr,CS,,,,,,,,"
      },
      {
        "text": "οὕτως",
        "tag": "w",
        "type": "word",
        "lemma": "οὕτως",
        "strong": "G37790",
        "morph": "Gr,D,,,,,,,,,"
      },
      {
        "text": "ἐστὶν",
        "tag": "w",
        "type": "word",
        "lemma": "εἰμί",
        "strong": "G15100",
        "morph": "Gr,V,IPA3,,S,"
      },
      {
        "text": "τὸ",
        "tag": "w",
        "type": "word",
        "lemma": "ὁ",
        "strong": "G35880",
        "morph": "Gr,EA,,,,NNS,"
      },
      {
        "tag": "k",
        "type": "milestone",
        "tw": "rc://*/tw/dict/bible/kt/willofgod",
        "children": [
          {
            "text": "θέλημα",
            "tag": "w",
            "type": "word",
            "lemma": "θέλημα",
            "strong": "G23070",
            "morph": "Gr,N,,,,,NNS,"
          },
          {
            "text": "τοῦ",
            "tag": "w",
            "type": "word",
            "lemma": "ὁ",
            "strong": "G35880",
            "morph": "Gr,EA,,,,GMS,"
          },
          {
            "text": "Θεοῦ",
            "tag": "w",
            "type": "word",
            "lemma": "θεός",
            "strong": "G23160",
            "morph": "Gr,N,,,,,GMS,",
            "tw": "rc://*/tw/dict/bible/kt/god"
          }
        ],
        "endTag": "k-e\\*"
      },
      {
        "type": "text",
        "text": ","
      },
      {
        "text": "ἀγαθοποιοῦντας",
        "tag": "w",
        "type": "word",
        "lemma": "ἀγαθοποιέω",
        "strong": "G00150",
        "morph": "Gr,V,PPA,AMP,",
        "tw": "rc://*/tw/dict/bible/kt/good"
      },
      {
        "text": "φιμοῦν",
        "tag": "w",
        "type": "word",
        "lemma": "φιμόω",
        "strong": "G53920",
        "morph": "Gr,V,NPA,,,,,"
      },
      {
        "text": "τὴν",
        "tag": "w",
        "type": "word",
        "lemma": "ὁ",
        "strong": "G35880",
        "morph": "Gr,EA,,,,AFS,"
      },
      {
        "text": "τῶν",
        "tag": "w",
        "type": "word",
        "lemma": "ὁ",
        "strong": "G35880",
        "morph": "Gr,EA,,,,GMP,"
      },
      {
        "text": "ἀφρόνων",
        "tag": "w",
        "type": "word",
        "lemma": "ἄφρων",
        "strong": "G08780",
        "morph": "Gr,AA,,,,GMP,",
        "tw": "rc://*/tw/dict/bible/kt/foolish"
      },
      {
        "text": "ἀνθρώπων",
        "tag": "w",
        "type": "word",
        "lemma": "ἄνθρωπος",
        "strong": "G04440",
        "morph": "Gr,N,,,,,GMP,"
      },
      {
        "text": "ἀγνωσίαν",
        "tag": "w",
        "type": "word",
        "lemma": "ἀγνωσία",
        "strong": "G00560",
        "morph": "Gr,N,,,,,AFS,"
      },
      {
        "type": "text",
        "text": ";\n\n"
      }
    ]
  },
  "16": {
    "verseObjects": [
      {
        "text": "ὡς",
        "tag": "w",
        "type": "word",
        "lemma": "ὡς",
        "strong": "G56130",
        "morph": "Gr,CS,,,,,,,,",
        "tw": "rc://*/tw/dict/bible/other/like"
      },
      {
        "text": "ἐλεύθεροι",
        "tag": "w",
        "type": "word",
        "lemma": "ἐλεύθερος",
        "strong": "G16580",
        "morph": "Gr,NS,,,,NMP,",
        "tw": "rc://*/tw/dict/bible/other/free"
      },
      {
        "type": "text",
        "text": ","
      },
      {
        "text": "καὶ",
        "tag": "w",
        "type": "word",
        "lemma": "καί",
        "strong": "G25320",
        "morph": "Gr,CC,,,,,,,,"
      },
      {
        "text": "μὴ",
        "tag": "w",
        "type": "word",
        "lemma": "μή",
        "strong": "G33610",
        "morph": "Gr,DO,,,,,,,,"
      },
      {
        "text": "ὡς",
        "tag": "w",
        "type": "word",
        "lemma": "ὡς",
        "strong": "G56130",
        "morph": "Gr,CS,,,,,,,,",
        "tw": "rc://*/tw/dict/bible/other/like"
      },
      {
        "text": "ἐπικάλυμμα",
        "tag": "w",
        "type": "word",
        "lemma": "ἐπικάλυμμα",
        "strong": "G19420",
        "morph": "Gr,N,,,,,ANS,"
      },
      {
        "text": "ἔχοντες",
        "tag": "w",
        "type": "word",
        "lemma": "ἔχω",
        "strong": "G21920",
        "morph": "Gr,V,PPA,NMP,"
      },
      {
        "text": "τῆς",
        "tag": "w",
        "type": "word",
        "lemma": "ὁ",
        "strong": "G35880",
        "morph": "Gr,EA,,,,GFS,"
      },
      {
        "text": "κακίας",
        "tag": "w",
        "type": "word",
        "lemma": "κακία",
        "strong": "G25490",
        "morph": "Gr,N,,,,,GFS,",
        "tw": "rc://*/tw/dict/bible/kt/evil"
      },
      {
        "text": "τὴν",
        "tag": "w",
        "type": "word",
        "lemma": "ὁ",
        "strong": "G35880",
        "morph": "Gr,EA,,,,AFS,"
      },
      {
        "text": "ἐλευθερίαν",
        "tag": "w",
        "type": "word",
        "lemma": "ἐλευθερία",
        "strong": "G16570",
        "morph": "Gr,N,,,,,AFS,",
        "tw": "rc://*/tw/dict/bible/other/free"
      },
      {
        "type": "text",
        "text": ","
      },
      {
        "text": "ἀλλ’",
        "tag": "w",
        "type": "word",
        "lemma": "ἀλλά",
        "strong": "G02350",
        "morph": "Gr,CO,,,,,,,,"
      },
      {
        "text": "ὡς",
        "tag": "w",
        "type": "word",
        "lemma": "ὡς",
        "strong": "G56130",
        "morph": "Gr,CS,,,,,,,,",
        "tw": "rc://*/tw/dict/bible/other/like"
      },
      {
        "text": "Θεοῦ",
        "tag": "w",
        "type": "word",
        "lemma": "θεός",
        "strong": "G23160",
        "morph": "Gr,N,,,,,GMS,",
        "tw": "rc://*/tw/dict/bible/kt/god"
      },
      {
        "text": "δοῦλοι",
        "tag": "w",
        "type": "word",
        "lemma": "δοῦλος",
        "strong": "G14010",
        "morph": "Gr,N,,,,,NMP,",
        "tw": "rc://*/tw/dict/bible/other/servant"
      },
      {
        "type": "text",
        "text": ".\n\n"
      }
    ]
  },
  "17": {
    "verseObjects": [
      {
        "text": "πάντας",
        "tag": "w",
        "type": "word",
        "lemma": "πᾶς",
        "strong": "G39560",
        "morph": "Gr,RI,,,,AMP,"
      },
      {
        "text": "τιμήσατε",
        "tag": "w",
        "type": "word",
        "lemma": "τιμάω",
        "strong": "G50910",
        "morph": "Gr,V,MAA2,,P,",
        "tw": "rc://*/tw/dict/bible/kt/honor"
      },
      {
        "type": "text",
        "text": ":"
      },
      {
        "text": "τὴν",
        "tag": "w",
        "type": "word",
        "lemma": "ὁ",
        "strong": "G35880",
        "morph": "Gr,EA,,,,AFS,"
      },
      {
        "text": "ἀδελφότητα",
        "tag": "w",
        "type": "word",
        "lemma": "ἀδελφότης",
        "strong": "G00810",
        "morph": "Gr,N,,,,,AFS,",
        "tw": "rc://*/tw/dict/bible/kt/brother"
      },
      {
        "text": "ἀγαπᾶτε",
        "tag": "w",
        "type": "word",
        "lemma": "ἀγαπάω",
        "strong": "G00250",
        "morph": "Gr,V,MPA2,,P,",
        "tw": "rc://*/tw/dict/bible/kt/love"
      },
      {
        "type": "text",
        "text": ","
      },
      {
        "text": "τὸν",
        "tag": "w",
        "type": "word",
        "lemma": "ὁ",
        "strong": "G35880",
        "morph": "Gr,EA,,,,AMS,"
      },
      {
        "text": "Θεὸν",
        "tag": "w",
        "type": "word",
        "lemma": "θεός",
        "strong": "G23160",
        "morph": "Gr,N,,,,,AMS,",
        "tw": "rc://*/tw/dict/bible/kt/god"
      },
      {
        "text": "φοβεῖσθε",
        "tag": "w",
        "type": "word",
        "lemma": "φοβέω",
        "strong": "G53990",
        "morph": "Gr,V,MPM2,,P,",
        "tw": "rc://*/tw/dict/bible/kt/fear"
      },
      {
        "type": "text",
        "text": ","
      },
      {
        "text": "τὸν",
        "tag": "w",
        "type": "word",
        "lemma": "ὁ",
        "strong": "G35880",
        "morph": "Gr,EA,,,,AMS,"
      },
      {
        "text": "βασιλέα",
        "tag": "w",
        "type": "word",
        "lemma": "βασιλεύς",
        "strong": "G09350",
        "morph": "Gr,N,,,,,AMS,",
        "tw": "rc://*/tw/dict/bible/other/king"
      },
      {
        "text": "τιμᾶτε",
        "tag": "w",
        "type": "word",
        "lemma": "τιμάω",
        "strong": "G50910",
        "morph": "Gr,V,MPA2,,P,",
        "tw": "rc://*/tw/dict/bible/kt/honor"
      },
      {
        "type": "text",
        "text": ".\n\n"
      }
    ]
  },
  "18": {
    "verseObjects": [
      {
        "type": "text",
        "text": "\n"
      },
      {
        "tag": "p",
        "type": "paragraph"
      },
      {
        "text": "οἱ",
        "tag": "w",
        "type": "word",
        "lemma": "ὁ",
        "strong": "G35880",
        "morph": "Gr,EA,,,,VMP,"
      },
      {
        "text": "οἰκέται",
        "tag": "w",
        "type": "word",
        "lemma": "οἰκέτης",
        "strong": "G36100",
        "morph": "Gr,N,,,,,VMP,",
        "tw": "rc://*/tw/dict/bible/other/servant"
      },
      {
        "type": "text",
        "text": ","
      },
      {
        "text": "ὑποτασσόμενοι",
        "tag": "w",
        "type": "word",
        "lemma": "ὑποτάσσω",
        "strong": "G52930",
        "morph": "Gr,V,PPP,NMP,",
        "tw": "rc://*/tw/dict/bible/other/subject"
      },
      {
        "text": "ἐν",
        "tag": "w",
        "type": "word",
        "lemma": "ἐν",
        "strong": "G17220",
        "morph": "Gr,P,,,,,D,,,"
      },
      {
        "text": "παντὶ",
        "tag": "w",
        "type": "word",
        "lemma": "πᾶς",
        "strong": "G39560",
        "morph": "Gr,EQ,,,,DMS,"
      },
      {
        "text": "φόβῳ",
        "tag": "w",
        "type": "word",
        "lemma": "φόβος",
        "strong": "G54010",
        "morph": "Gr,N,,,,,DMS,",
        "tw": "rc://*/tw/dict/bible/kt/fear"
      },
      {
        "text": "τοῖς",
        "tag": "w",
        "type": "word",
        "lemma": "ὁ",
        "strong": "G35880",
        "morph": "Gr,EP,,,,DMP,"
      },
      {
        "text": "δεσπόταις",
        "tag": "w",
        "type": "word",
        "lemma": "δεσπότης",
        "strong": "G12030",
        "morph": "Gr,N,,,,,DMP,",
        "tw": "rc://*/tw/dict/bible/kt/lord"
      },
      {
        "type": "text",
        "text": ","
      },
      {
        "text": "οὐ",
        "tag": "w",
        "type": "word",
        "lemma": "οὐ",
        "strong": "G37560",
        "morph": "Gr,DO,,,,,,,,"
      },
      {
        "text": "μόνον",
        "tag": "w",
        "type": "word",
        "lemma": "μόνον",
        "strong": "G34400",
        "morph": "Gr,D,,,,,,,,,"
      },
      {
        "text": "τοῖς",
        "tag": "w",
        "type": "word",
        "lemma": "ὁ",
        "strong": "G35880",
        "morph": "Gr,EA,,,,DMP,"
      },
      {
        "text": "ἀγαθοῖς",
        "tag": "w",
        "type": "word",
        "lemma": "ἀγαθός",
        "strong": "G00180",
        "morph": "Gr,NS,,,,DMP,",
        "tw": "rc://*/tw/dict/bible/kt/good"
      },
      {
        "text": "καὶ",
        "tag": "w",
        "type": "word",
        "lemma": "καί",
        "strong": "G25320",
        "morph": "Gr,CC,,,,,,,,"
      },
      {
        "text": "ἐπιεικέσιν",
        "tag": "w",
        "type": "word",
        "lemma": "ἐπιεικής",
        "strong": "G19330",
        "morph": "Gr,NS,,,,DMP,"
      },
      {
        "type": "text",
        "text": ","
      },
      {
        "text": "ἀλλὰ",
        "tag": "w",
        "type": "word",
        "lemma": "ἀλλά",
        "strong": "G02350",
        "morph": "Gr,CO,,,,,,,,"
      },
      {
        "text": "καὶ",
        "tag": "w",
        "type": "word",
        "lemma": "καί",
        "strong": "G25320",
        "morph": "Gr,D,,,,,,,,,"
      },
      {
        "text": "τοῖς",
        "tag": "w",
        "type": "word",
        "lemma": "ὁ",
        "strong": "G35880",
        "morph": "Gr,EA,,,,DMP,"
      },
      {
        "text": "σκολιοῖς",
        "tag": "w",
        "type": "word",
        "lemma": "σκολιός",
        "strong": "G46460",
        "morph": "Gr,NS,,,,DMP,",
        "tw": "rc://*/tw/dict/bible/other/perverse"
      },
      {
        "type": "text",
        "text": ".\n\n"
      }
    ]
  },
  "19": {
    "verseObjects": [
      {
        "text": "τοῦτο",
        "tag": "w",
        "type": "word",
        "lemma": "οὗτος",
        "strong": "G37780",
        "morph": "Gr,RD,,,,NNS,"
      },
      {
        "text": "γὰρ",
        "tag": "w",
        "type": "word",
        "lemma": "γάρ",
        "strong": "G10630",
        "morph": "Gr,CC,,,,,,,,"
      },
      {
        "text": "χάρις",
        "tag": "w",
        "type": "word",
        "lemma": "χάρις",
        "strong": "G54850",
        "morph": "Gr,N,,,,,NFS,"
      },
      {
        "type": "text",
        "text": ","
      },
      {
        "text": "εἰ",
        "tag": "w",
        "type": "word",
        "lemma": "εἰ",
        "strong": "G14870",
        "morph": "Gr,CS,,,,,,,,"
      },
      {
        "text": "διὰ",
        "tag": "w",
        "type": "word",
        "lemma": "διά",
        "strong": "G12230",
        "morph": "Gr,P,,,,,A,,,"
      },
      {
        "text": "συνείδησιν",
        "tag": "w",
        "type": "word",
        "lemma": "συνείδησις",
        "strong": "G48930",
        "morph": "Gr,N,,,,,AFS,",
        "tw": "rc://*/tw/dict/bible/kt/conscience"
      },
      {
        "text": "Θεοῦ",
        "tag": "w",
        "type": "word",
        "lemma": "θεός",
        "strong": "G23160",
        "morph": "Gr,N,,,,,GMS,",
        "tw": "rc://*/tw/dict/bible/kt/god"
      },
      {
        "type": "text",
        "text": ","
      },
      {
        "text": "ὑποφέρει",
        "tag": "w",
        "type": "word",
        "lemma": "ὑποφέρω",
        "strong": "G52970",
        "morph": "Gr,V,IPA3,,S,",
        "tw": "rc://*/tw/dict/bible/other/endure"
      },
      {
        "text": "τις",
        "tag": "w",
        "type": "word",
        "lemma": "τις",
        "strong": "G51000",
        "morph": "Gr,RI,,,,NMS,"
      },
      {
        "text": "λύπας",
        "tag": "w",
        "type": "word",
        "lemma": "λύπη",
        "strong": "G30770",
        "morph": "Gr,N,,,,,AFP,"
      },
      {
        "text": "πάσχων",
        "tag": "w",
        "type": "word",
        "lemma": "πάσχω",
        "strong": "G39580",
        "morph": "Gr,V,PPA,NMS,",
        "tw": "rc://*/tw/dict/bible/other/suffer"
      },
      {
        "text": "ἀδίκως",
        "tag": "w",
        "type": "word",
        "lemma": "ἀδίκως",
        "strong": "G00950",
        "morph": "Gr,D,,,,,,,,,"
      },
      {
        "type": "text",
        "text": ".\n\n"
      }
    ]
  },
  "20": {
    "verseObjects": [
      {
        "text": "ποῖον",
        "tag": "w",
        "type": "word",
        "lemma": "ποῖος",
        "strong": "G41690",
        "morph": "Gr,ET,,,,NNS,"
      },
      {
        "text": "γὰρ",
        "tag": "w",
        "type": "word",
        "lemma": "γάρ",
        "strong": "G10630",
        "morph": "Gr,CC,,,,,,,,"
      },
      {
        "text": "κλέος",
        "tag": "w",
        "type": "word",
        "lemma": "κλέος",
        "strong": "G28110",
        "morph": "Gr,N,,,,,NNS,"
      },
      {
        "type": "text",
        "text": ","
      },
      {
        "text": "εἰ",
        "tag": "w",
        "type": "word",
        "lemma": "εἰ",
        "strong": "G14870",
        "morph": "Gr,CS,,,,,,,,"
      },
      {
        "text": "ἁμαρτάνοντες",
        "tag": "w",
        "type": "word",
        "lemma": "ἁμαρτάνω",
        "strong": "G02640",
        "morph": "Gr,V,PPA,NMP,",
        "tw": "rc://*/tw/dict/bible/kt/sin"
      },
      {
        "text": "καὶ",
        "tag": "w",
        "type": "word",
        "lemma": "καί",
        "strong": "G25320",
        "morph": "Gr,CC,,,,,,,,"
      },
      {
        "text": "κολαφιζόμενοι",
        "tag": "w",
        "type": "word",
        "lemma": "κολαφίζω",
        "strong": "G28520",
        "morph": "Gr,V,PPP,NMP,",
        "tw": "rc://*/tw/dict/bible/other/torment"
      },
      {
        "text": "ὑπομενεῖτε",
        "tag": "w",
        "type": "word",
        "lemma": "ὑπομένω",
        "strong": "G52780",
        "morph": "Gr,V,IFA2,,P,",
        "tw": "rc://*/tw/dict/bible/other/endure"
      },
      {
        "type": "text",
        "text": "?"
      },
      {
        "text": "ἀλλ’",
        "tag": "w",
        "type": "word",
        "lemma": "ἀλλά",
        "strong": "G02350",
        "morph": "Gr,CC,,,,,,,,"
      },
      {
        "text": "εἰ",
        "tag": "w",
        "type": "word",
        "lemma": "εἰ",
        "strong": "G14870",
        "morph": "Gr,CS,,,,,,,,"
      },
      {
        "text": "ἀγαθοποιοῦντες",
        "tag": "w",
        "type": "word",
        "lemma": "ἀγαθοποιέω",
        "strong": "G00150",
        "morph": "Gr,V,PPA,NMP,",
        "tw": "rc://*/tw/dict/bible/kt/good"
      },
      {
        "text": "καὶ",
        "tag": "w",
        "type": "word",
        "lemma": "καί",
        "strong": "G25320",
        "morph": "Gr,CC,,,,,,,,"
      },
      {
        "text": "πάσχοντες",
        "tag": "w",
        "type": "word",
        "lemma": "πάσχω",
        "strong": "G39580",
        "morph": "Gr,V,PPA,NMP,",
        "tw": "rc://*/tw/dict/bible/other/suffer"
      },
      {
        "text": "ὑπομενεῖτε",
        "tag": "w",
        "type": "word",
        "lemma": "ὑπομένω",
        "strong": "G52780",
        "morph": "Gr,V,IFA2,,P,",
        "tw": "rc://*/tw/dict/bible/other/endure"
      },
      {
        "type": "text",
        "text": ","
      },
      {
        "text": "τοῦτο",
        "tag": "w",
        "type": "word",
        "lemma": "οὗτος",
        "strong": "G37780",
        "morph": "Gr,RD,,,,NNS,"
      },
      {
        "text": "χάρις",
        "tag": "w",
        "type": "word",
        "lemma": "χάρις",
        "strong": "G54850",
        "morph": "Gr,N,,,,,NFS,"
      },
      {
        "text": "παρὰ",
        "tag": "w",
        "type": "word",
        "lemma": "παρά",
        "strong": "G38440",
        "morph": "Gr,P,,,,,D,,,"
      },
      {
        "text": "Θεῷ",
        "tag": "w",
        "type": "word",
        "lemma": "θεός",
        "strong": "G23160",
        "morph": "Gr,N,,,,,DMS,",
        "tw": "rc://*/tw/dict/bible/kt/god"
      },
      {
        "type": "text",
        "text": ".\n\n"
      }
    ]
  },
  "21": {
    "verseObjects": [
      {
        "text": "εἰς",
        "tag": "w",
        "type": "word",
        "lemma": "εἰς",
        "strong": "G15190",
        "morph": "Gr,P,,,,,A,,,"
      },
      {
        "text": "τοῦτο",
        "tag": "w",
        "type": "word",
        "lemma": "οὗτος",
        "strong": "G37780",
        "morph": "Gr,RD,,,,ANS,"
      },
      {
        "text": "γὰρ",
        "tag": "w",
        "type": "word",
        "lemma": "γάρ",
        "strong": "G10630",
        "morph": "Gr,CC,,,,,,,,"
      },
      {
        "text": "ἐκλήθητε",
        "tag": "w",
        "type": "word",
        "lemma": "καλέω",
        "strong": "G25640",
        "morph": "Gr,V,IAP2,,P,",
        "tw": "rc://*/tw/dict/bible/kt/call"
      },
      {
        "type": "text",
        "text": ","
      },
      {
        "text": "ὅτι",
        "tag": "w",
        "type": "word",
        "lemma": "ὅτι",
        "strong": "G37540",
        "morph": "Gr,CS,,,,,,,,"
      },
      {
        "text": "καὶ",
        "tag": "w",
        "type": "word",
        "lemma": "καί",
        "strong": "G25320",
        "morph": "Gr,D,,,,,,,,,"
      },
      {
        "text": "Χριστὸς",
        "tag": "w",
        "type": "word",
        "lemma": "χριστός",
        "strong": "G55470",
        "morph": "Gr,N,,,,,NMS,",
        "tw": "rc://*/tw/dict/bible/kt/christ"
      },
      {
        "text": "ἔπαθεν",
        "tag": "w",
        "type": "word",
        "lemma": "πάσχω",
        "strong": "G39580",
        "morph": "Gr,V,IAA3,,S,",
        "tw": "rc://*/tw/dict/bible/other/suffer"
      },
      {
        "text": "ὑπὲρ",
        "tag": "w",
        "type": "word",
        "lemma": "ὑπέρ",
        "strong": "G52280",
        "morph": "Gr,P,,,,,G,,,"
      },
      {
        "text": "ὑμῶν",
        "tag": "w",
        "type": "word",
        "lemma": "σύ",
        "strong": "G47710",
        "morph": "Gr,RP,,,2G,P,"
      },
      {
        "type": "text",
        "text": ","
      },
      {
        "text": "ὑμῖν",
        "tag": "w",
        "type": "word",
        "lemma": "σύ",
        "strong": "G47710",
        "morph": "Gr,RP,,,2D,P,"
      },
      {
        "text": "ὑπολιμπάνων",
        "tag": "w",
        "type": "word",
        "lemma": "ὑπολιμπάνω",
        "strong": "G52750",
        "morph": "Gr,V,PPA,NMS,"
      },
      {
        "text": "ὑπογραμμὸν",
        "tag": "w",
        "type": "word",
        "lemma": "ὑπογραμμός",
        "strong": "G52610",
        "morph": "Gr,N,,,,,AMS,"
      },
      {
        "type": "text",
        "text": ","
      },
      {
        "text": "ἵνα",
        "tag": "w",
        "type": "word",
        "lemma": "ἵνα",
        "strong": "G24430",
        "morph": "Gr,CS,,,,,,,,"
      },
      {
        "text": "ἐπακολουθήσητε",
        "tag": "w",
        "type": "word",
        "lemma": "ἐπακολουθέω",
        "strong": "G18720",
        "morph": "Gr,V,SAA2,,P,"
      },
      {
        "text": "τοῖς",
        "tag": "w",
        "type": "word",
        "lemma": "ὁ",
        "strong": "G35880",
        "morph": "Gr,EA,,,,DNP,"
      },
      {
        "text": "ἴχνεσιν",
        "tag": "w",
        "type": "word",
        "lemma": "ἴχνος",
        "strong": "G24870",
        "morph": "Gr,N,,,,,DNP,"
      },
      {
        "text": "αὐτοῦ",
        "tag": "w",
        "type": "word",
        "lemma": "αὐτός",
        "strong": "G08460",
        "morph": "Gr,RP,,,3GMS,"
      },
      {
        "type": "text",
        "text": ";\n\n"
      }
    ]
  },
  "22": {
    "verseObjects": [
      {
        "type": "text",
        "text": "\n“"
      },
      {
        "text": "ὃς",
        "tag": "w",
        "type": "word",
        "lemma": "ὅς",
        "strong": "G37390",
        "morph": "Gr,RR,,,,NMS,"
      },
      {
        "text": "ἁμαρτίαν",
        "tag": "w",
        "type": "word",
        "lemma": "ἁμαρτία",
        "strong": "G02660",
        "morph": "Gr,N,,,,,AFS,",
        "tw": "rc://*/tw/dict/bible/kt/sin"
      },
      {
        "text": "οὐκ",
        "tag": "w",
        "type": "word",
        "lemma": "οὐ",
        "strong": "G37560",
        "morph": "Gr,DO,,,,,,,,"
      },
      {
        "text": "ἐποίησεν",
        "tag": "w",
        "type": "word",
        "lemma": "ποιέω",
        "strong": "G41600",
        "morph": "Gr,V,IAA3,,S,",
        "tw": "rc://*/tw/dict/bible/other/commit"
      },
      {
        "type": "text",
        "text": ","
      },
      {
        "text": "οὐδὲ",
        "tag": "w",
        "type": "word",
        "lemma": "οὐδέ",
        "strong": "G37610",
        "morph": "Gr,CO,,,,,,,,"
      },
      {
        "text": "εὑρέθη",
        "tag": "w",
        "type": "word",
        "lemma": "εὑρίσκω",
        "strong": "G21470",
        "morph": "Gr,V,IAP3,,S,"
      },
      {
        "text": "δόλος",
        "tag": "w",
        "type": "word",
        "lemma": "δόλος",
        "strong": "G13880",
        "morph": "Gr,N,,,,,NMS,",
        "tw": "rc://*/tw/dict/bible/other/deceive"
      },
      {
        "text": "ἐν",
        "tag": "w",
        "type": "word",
        "lemma": "ἐν",
        "strong": "G17220",
        "morph": "Gr,P,,,,,D,,,"
      },
      {
        "text": "τῷ",
        "tag": "w",
        "type": "word",
        "lemma": "ὁ",
        "strong": "G35880",
        "morph": "Gr,EA,,,,DNS,"
      },
      {
        "text": "στόματι",
        "tag": "w",
        "type": "word",
        "lemma": "στόμα",
        "strong": "G47500",
        "morph": "Gr,N,,,,,DNS,"
      },
      {
        "text": "αὐτοῦ",
        "tag": "w",
        "type": "word",
        "lemma": "αὐτός",
        "strong": "G08460",
        "morph": "Gr,RP,,,3GMS,"
      },
      {
        "type": "text",
        "text": "”;\n\n"
      }
    ]
  },
  "23": {
    "verseObjects": [
      {
        "text": "ὃς",
        "tag": "w",
        "type": "word",
        "lemma": "ὅς",
        "strong": "G37390",
        "morph": "Gr,RR,,,,NMS,"
      },
      {
        "text": "λοιδορούμενος",
        "tag": "w",
        "type": "word",
        "lemma": "λοιδορέω",
        "strong": "G30580",
        "morph": "Gr,V,PPP,NMS,"
      },
      {
        "type": "text",
        "text": ","
      },
      {
        "text": "οὐκ",
        "tag": "w",
        "type": "word",
        "lemma": "οὐ",
        "strong": "G37560",
        "morph": "Gr,D,,,,,,,,,"
      },
      {
        "text": "ἀντελοιδόρει",
        "tag": "w",
        "type": "word",
        "lemma": "ἀντιλοιδορέω",
        "strong": "G04860",
        "morph": "Gr,V,IIA3,,S,"
      },
      {
        "type": "text",
        "text": ";"
      },
      {
        "text": "πάσχων",
        "tag": "w",
        "type": "word",
        "lemma": "πάσχω",
        "strong": "G39580",
        "morph": "Gr,V,PPA,NMS,",
        "tw": "rc://*/tw/dict/bible/other/suffer"
      },
      {
        "type": "text",
        "text": ","
      },
      {
        "text": "οὐκ",
        "tag": "w",
        "type": "word",
        "lemma": "οὐ",
        "strong": "G37560",
        "morph": "Gr,D,,,,,,,,,"
      },
      {
        "text": "ἠπείλει",
        "tag": "w",
        "type": "word",
        "lemma": "ἀπειλέω",
        "strong": "G05460",
        "morph": "Gr,V,IIA3,,S,"
      },
      {
        "type": "text",
        "text": ";"
      },
      {
        "text": "παρεδίδου",
        "tag": "w",
        "type": "word",
        "lemma": "παραδίδωμι",
        "strong": "G38600",
        "morph": "Gr,V,IIA3,,S,",
        "tw": "rc://*/tw/dict/bible/other/commit"
      },
      {
        "text": "δὲ",
        "tag": "w",
        "type": "word",
        "lemma": "δέ",
        "strong": "G11610",
        "morph": "Gr,CC,,,,,,,,"
      },
      {
        "text": "τῷ",
        "tag": "w",
        "type": "word",
        "lemma": "ὁ",
        "strong": "G35880",
        "morph": "Gr,RD,,,,DMS,"
      },
      {
        "text": "κρίνοντι",
        "tag": "w",
        "type": "word",
        "lemma": "κρίνω",
        "strong": "G29190",
        "morph": "Gr,V,PPA,DMS,",
        "tw": "rc://*/tw/dict/bible/kt/judge"
      },
      {
        "text": "δικαίως",
        "tag": "w",
        "type": "word",
        "lemma": "δικαίως",
        "strong": "G13460",
        "morph": "Gr,D,,,,,,,,,",
        "tw": "rc://*/tw/dict/bible/kt/justice"
      },
      {
        "type": "text",
        "text": ";\n\n"
      }
    ]
  },
  "24": {
    "verseObjects": [
      {
        "text": "ὃς",
        "tag": "w",
        "type": "word",
        "lemma": "ὅς",
        "strong": "G37390",
        "morph": "Gr,RR,,,,NMS,"
      },
      {
        "text": "τὰς",
        "tag": "w",
        "type": "word",
        "lemma": "ὁ",
        "strong": "G35880",
        "morph": "Gr,EA,,,,AFP,"
      },
      {
        "text": "ἁμαρτίας",
        "tag": "w",
        "type": "word",
        "lemma": "ἁμαρτία",
        "strong": "G02660",
        "morph": "Gr,N,,,,,AFP,",
        "tw": "rc://*/tw/dict/bible/kt/sin"
      },
      {
        "text": "ἡμῶν",
        "tag": "w",
        "type": "word",
        "lemma": "ἐγώ",
        "strong": "G14730",
        "morph": "Gr,RP,,,1G,P,"
      },
      {
        "text": "αὐτὸς",
        "tag": "w",
        "type": "word",
        "lemma": "αὐτός",
        "strong": "G08460",
        "morph": "Gr,RE,,,3NMS,"
      },
      {
        "text": "ἀνήνεγκεν",
        "tag": "w",
        "type": "word",
        "lemma": "ἀναφέρω",
        "strong": "G03990",
        "morph": "Gr,V,IAA3,,S,",
        "tw": "rc://*/tw/dict/bible/other/bear"
      },
      {
        "text": "ἐν",
        "tag": "w",
        "type": "word",
        "lemma": "ἐν",
        "strong": "G17220",
        "morph": "Gr,P,,,,,D,,,"
      },
      {
        "text": "τῷ",
        "tag": "w",
        "type": "word",
        "lemma": "ὁ",
        "strong": "G35880",
        "morph": "Gr,EA,,,,DNS,"
      },
      {
        "text": "σώματι",
        "tag": "w",
        "type": "word",
        "lemma": "σῶμα",
        "strong": "G49830",
        "morph": "Gr,N,,,,,DNS,",
        "tw": "rc://*/tw/dict/bible/kt/body"
      },
      {
        "text": "αὐτοῦ",
        "tag": "w",
        "type": "word",
        "lemma": "αὐτός",
        "strong": "G08460",
        "morph": "Gr,RP,,,3GMS,"
      },
      {
        "text": "ἐπὶ",
        "tag": "w",
        "type": "word",
        "lemma": "ἐπί",
        "strong": "G19090",
        "morph": "Gr,P,,,,,A,,,"
      },
      {
        "text": "τὸ",
        "tag": "w",
        "type": "word",
        "lemma": "ὁ",
        "strong": "G35880",
        "morph": "Gr,EA,,,,ANS,"
      },
      {
        "text": "ξύλον",
        "tag": "w",
        "type": "word",
        "lemma": "ξύλον",
        "strong": "G35860",
        "morph": "Gr,N,,,,,ANS,"
      },
      {
        "type": "text",
        "text": ","
      },
      {
        "text": "ἵνα",
        "tag": "w",
        "type": "word",
        "lemma": "ἵνα",
        "strong": "G24430",
        "morph": "Gr,CS,,,,,,,,"
      },
      {
        "text": "ταῖς",
        "tag": "w",
        "type": "word",
        "lemma": "ὁ",
        "strong": "G35880",
        "morph": "Gr,EA,,,,DFP,"
      },
      {
        "text": "ἁμαρτίαις",
        "tag": "w",
        "type": "word",
        "lemma": "ἁμαρτία",
        "strong": "G02660",
        "morph": "Gr,N,,,,,DFP,",
        "tw": "rc://*/tw/dict/bible/kt/sin"
      },
      {
        "text": "ἀπογενόμενοι",
        "tag": "w",
        "type": "word",
        "lemma": "ἀπογίνομαι",
        "strong": "G05810",
        "morph": "Gr,V,PAM,NMP,",
        "tw": "rc://*/tw/dict/bible/other/death"
      },
      {
        "type": "text",
        "text": ","
      },
      {
        "text": "τῇ",
        "tag": "w",
        "type": "word",
        "lemma": "ὁ",
        "strong": "G35880",
        "morph": "Gr,EA,,,,DFS,"
      },
      {
        "text": "δικαιοσύνῃ",
        "tag": "w",
        "type": "word",
        "lemma": "δικαιοσύνη",
        "strong": "G13430",
        "morph": "Gr,N,,,,,DFS,",
        "tw": "rc://*/tw/dict/bible/kt/righteous"
      },
      {
        "text": "ζήσωμεν",
        "tag": "w",
        "type": "word",
        "lemma": "ζάω",
        "strong": "G21980",
        "morph": "Gr,V,SAA1,,P,",
        "tw": "rc://*/tw/dict/bible/kt/life"
      },
      {
        "type": "text",
        "text": ";"
      },
      {
        "text": "οὗ",
        "tag": "w",
        "type": "word",
        "lemma": "ὅς",
        "strong": "G37390",
        "morph": "Gr,RR,,,,GMS,"
      },
      {
        "text": "τῷ",
        "tag": "w",
        "type": "word",
        "lemma": "ὁ",
        "strong": "G35880",
        "morph": "Gr,EA,,,,DMS,"
      },
      {
        "text": "μώλωπι",
        "tag": "w",
        "type": "word",
        "lemma": "μώλωψ",
        "strong": "G34680",
        "morph": "Gr,N,,,,,DMS,"
      },
      {
        "text": "ἰάθητε",
        "tag": "w",
        "type": "word",
        "lemma": "ἰάομαι",
        "strong": "G23900",
        "morph": "Gr,V,IAP2,,P,",
        "tw": "rc://*/tw/dict/bible/other/heal"
      },
      {
        "type": "text",
        "text": ".\n\n"
      }
    ]
  },
  "25": {
    "verseObjects": [
      {
        "text": "ἦτε",
        "tag": "w",
        "type": "word",
        "lemma": "εἰμί",
        "strong": "G15100",
        "morph": "Gr,V,IIA2,,P,"
      },
      {
        "text": "γὰρ",
        "tag": "w",
        "type": "word",
        "lemma": "γάρ",
        "strong": "G10630",
        "morph": "Gr,CC,,,,,,,,"
      },
      {
        "text": "ὡς",
        "tag": "w",
        "type": "word",
        "lemma": "ὡς",
        "strong": "G56130",
        "morph": "Gr,CS,,,,,,,,",
        "tw": "rc://*/tw/dict/bible/other/like"
      },
      {
        "text": "πρόβατα",
        "tag": "w",
        "type": "word",
        "lemma": "πρόβατον",
        "strong": "G42630",
        "morph": "Gr,N,,,,,NNP,",
        "tw": "rc://*/tw/dict/bible/other/sheep"
      },
      {
        "text": "πλανώμενοι",
        "tag": "w",
        "type": "word",
        "lemma": "πλανάω",
        "strong": "G41050",
        "morph": "Gr,V,PPP,NMP,",
        "tw": "rc://*/tw/dict/bible/other/astray"
      },
      {
        "type": "text",
        "text": ","
      },
      {
        "text": "ἀλλ’",
        "tag": "w",
        "type": "word",
        "lemma": "ἀλλά",
        "strong": "G02350",
        "morph": "Gr,CC,,,,,,,,"
      },
      {
        "text": "ἐπεστράφητε",
        "tag": "w",
        "type": "word",
        "lemma": "ἐπιστρέφω",
        "strong": "G19940",
        "morph": "Gr,V,IAP2,,P,",
        "tw": "rc://*/tw/dict/bible/other/turn"
      },
      {
        "text": "νῦν",
        "tag": "w",
        "type": "word",
        "lemma": "νῦν",
        "strong": "G35680",
        "morph": "Gr,D,,,,,,,,,"
      },
      {
        "text": "ἐπὶ",
        "tag": "w",
        "type": "word",
        "lemma": "ἐπί",
        "strong": "G19090",
        "morph": "Gr,P,,,,,A,,,"
      },
      {
        "text": "τὸν",
        "tag": "w",
        "type": "word",
        "lemma": "ὁ",
        "strong": "G35880",
        "morph": "Gr,EA,,,,AMS,"
      },
      {
        "text": "ποιμένα",
        "tag": "w",
        "type": "word",
        "lemma": "ποιμήν",
        "strong": "G41660",
        "morph": "Gr,N,,,,,AMS,",
        "tw": "rc://*/tw/dict/bible/other/shepherd"
      },
      {
        "text": "καὶ",
        "tag": "w",
        "type": "word",
        "lemma": "καί",
        "strong": "G25320",
        "morph": "Gr,CC,,,,,,,,"
      },
      {
        "text": "ἐπίσκοπον",
        "tag": "w",
        "type": "word",
        "lemma": "ἐπίσκοπος",
        "strong": "G19850",
        "morph": "Gr,N,,,,,AMS,",
        "tw": "rc://*/tw/dict/bible/other/overseer"
      },
      {
        "text": "τῶν",
        "tag": "w",
        "type": "word",
        "lemma": "ὁ",
        "strong": "G35880",
        "morph": "Gr,EA,,,,GFP,"
      },
      {
        "text": "ψυχῶν",
        "tag": "w",
        "type": "word",
        "lemma": "ψυχή",
        "strong": "G55900",
        "morph": "Gr,N,,,,,GFP,",
        "tw": "rc://*/tw/dict/bible/kt/soul"
      },
      {
        "text": "ὑμῶν",
        "tag": "w",
        "type": "word",
        "lemma": "σύ",
        "strong": "G47710",
        "morph": "Gr,RP,,,2G,P,"
      },
      {
        "type": "text",
        "text": ".\n\n"
      }
    ]
  },
  "front": {
    "verseObjects": [
      {
        "tag": "p",
        "nextChar": "\n",
        "type": "paragraph"
      },
      {
        "type": "text",
        "text": "\n"
      }
    ]
  }
}