{
  "1": {
    "verseObjects": [
      {
        "text": "μὴ",
        "tag": "w",
        "type": "word",
        "lemma": "μή",
        "strong": "G33610",
        "morph": "Gr,D,,,,,,,,,"
      },
      {
        "text": "πολλοὶ",
        "tag": "w",
        "type": "word",
        "lemma": "πολλός",
        "strong": "G41830",
        "morph": "Gr,EQ,,,,NMP,"
      },
      {
        "text": "διδάσκαλοι",
        "tag": "w",
        "type": "word",
        "lemma": "διδάσκαλος",
        "strong": "G13200",
        "morph": "Gr,N,,,,,NMP,",
        "tw": "rc://*/tw/dict/bible/other/teacher"
      },
      {
        "text": "γίνεσθε",
        "tag": "w",
        "type": "word",
        "lemma": "γίνομαι",
        "strong": "G10960",
        "morph": "Gr,V,MPM2,,P,"
      },
      {
        "type": "text",
        "text": ","
      },
      {
        "text": "ἀδελφοί",
        "tag": "w",
        "type": "word",
        "lemma": "ἀδελφός",
        "strong": "G00800",
        "morph": "Gr,N,,,,,VMP,",
        "tw": "rc://*/tw/dict/bible/kt/brother"
      },
      {
        "text": "μου",
        "tag": "w",
        "type": "word",
        "lemma": "ἐγώ",
        "strong": "G14730",
        "morph": "Gr,RP,,,1G,S,"
      },
      {
        "type": "text",
        "text": ","
      },
      {
        "text": "εἰδότες",
        "tag": "w",
        "type": "word",
        "lemma": "εἴδω",
        "strong": "G14920",
        "morph": "Gr,V,PEA,NMP,",
        "tw": "rc://*/tw/dict/bible/other/know"
      },
      {
        "text": "ὅτι",
        "tag": "w",
        "type": "word",
        "lemma": "ὅτι",
        "strong": "G37540",
        "morph": "Gr,CS,,,,,,,,"
      },
      {
        "text": "μεῖζον",
        "tag": "w",
        "type": "word",
        "lemma": "μείζων",
        "strong": "G31870",
        "morph": "Gr,AA,,,,ANSC"
      },
      {
        "text": "κρίμα",
        "tag": "w",
        "type": "word",
        "lemma": "κρίμα",
        "strong": "G29170",
        "morph": "Gr,N,,,,,ANS,",
        "tw": "rc://*/tw/dict/bible/kt/judge"
      },
      {
        "text": "λημψόμεθα",
        "tag": "w",
        "type": "word",
        "lemma": "λαμβάνω",
        "strong": "G29830",
        "morph": "Gr,V,IFM1,,P,",
        "tw": "rc://*/tw/dict/bible/other/receive"
      },
      {
        "type": "text",
        "text": ".\n\n"
      }
    ]
  },
  "2": {
    "verseObjects": [
      {
        "text": "πολλὰ",
        "tag": "w",
        "type": "word",
        "lemma": "πολλός",
        "strong": "G41830",
        "morph": "Gr,RI,,,,ANP,"
      },
      {
        "text": "γὰρ",
        "tag": "w",
        "type": "word",
        "lemma": "γάρ",
        "strong": "G10630",
        "morph": "Gr,CC,,,,,,,,"
      },
      {
        "text": "πταίομεν",
        "tag": "w",
        "type": "word",
        "lemma": "πταίω",
        "strong": "G44170",
        "morph": "Gr,V,IPA1,,P,",
        "tw": "rc://*/tw/dict/bible/other/stumble"
      },
      {
        "text": "ἅπαντες",
        "tag": "w",
        "type": "word",
        "lemma": "ἅπας",
        "strong": "G05370",
        "morph": "Gr,RI,,,,NMP,"
      },
      {
        "type": "text",
        "text": "."
      },
      {
        "text": "εἴ",
        "tag": "w",
        "type": "word",
        "lemma": "εἰ",
        "strong": "G14870",
        "morph": "Gr,CS,,,,,,,,"
      },
      {
        "text": "τις",
        "tag": "w",
        "type": "word",
        "lemma": "τις",
        "strong": "G51000",
        "morph": "Gr,RI,,,,NMS,"
      },
      {
        "text": "ἐν",
        "tag": "w",
        "type": "word",
        "lemma": "ἐν",
        "strong": "G17220",
        "morph": "Gr,P,,,,,D,,,"
      },
      {
        "text": "λόγῳ",
        "tag": "w",
        "type": "word",
        "lemma": "λόγος",
        "strong": "G30560",
        "morph": "Gr,N,,,,,DMS,",
        "tw": "rc://*/tw/dict/bible/other/word"
      },
      {
        "text": "οὐ",
        "tag": "w",
        "type": "word",
        "lemma": "οὐ",
        "strong": "G37560",
        "morph": "Gr,D,,,,,,,,,"
      },
      {
        "text": "πταίει",
        "tag": "w",
        "type": "word",
        "lemma": "πταίω",
        "strong": "G44170",
        "morph": "Gr,V,IPA3,,S,",
        "tw": "rc://*/tw/dict/bible/other/stumble"
      },
      {
        "type": "text",
        "text": ","
      },
      {
        "text": "οὗτος",
        "tag": "w",
        "type": "word",
        "lemma": "οὗτος",
        "strong": "G37780",
        "morph": "Gr,RD,,,,NMS,"
      },
      {
        "text": "τέλειος",
        "tag": "w",
        "type": "word",
        "lemma": "τέλειος",
        "strong": "G50460",
        "morph": "Gr,AA,,,,NMS,",
        "tw": "rc://*/tw/dict/bible/other/perfect"
      },
      {
        "text": "ἀνήρ",
        "tag": "w",
        "type": "word",
        "lemma": "ἀνήρ",
        "strong": "G04350",
        "morph": "Gr,N,,,,,NMS,"
      },
      {
        "type": "text",
        "text": ","
      },
      {
        "text": "δυνατὸς",
        "tag": "w",
        "type": "word",
        "lemma": "δυνατός",
        "strong": "G14150",
        "morph": "Gr,NS,,,,NMS,",
        "tw": "rc://*/tw/dict/bible/kt/power"
      },
      {
        "text": "χαλιναγωγῆσαι",
        "tag": "w",
        "type": "word",
        "lemma": "χαλιναγωγέω",
        "strong": "G54680",
        "morph": "Gr,V,NAA,,,,,"
      },
      {
        "text": "καὶ",
        "tag": "w",
        "type": "word",
        "lemma": "καί",
        "strong": "G25320",
        "morph": "Gr,D,,,,,,,,,"
      },
      {
        "text": "ὅλον",
        "tag": "w",
        "type": "word",
        "lemma": "ὅλος",
        "strong": "G36500",
        "morph": "Gr,EQ,,,,ANS,"
      },
      {
        "text": "τὸ",
        "tag": "w",
        "type": "word",
        "lemma": "ὁ",
        "strong": "G35880",
        "morph": "Gr,EP,,,,ANS,"
      },
      {
        "text": "σῶμα",
        "tag": "w",
        "type": "word",
        "lemma": "σῶμα",
        "strong": "G49830",
        "morph": "Gr,N,,,,,ANS,",
        "tw": "rc://*/tw/dict/bible/kt/body"
      },
      {
        "type": "text",
        "text": ".\n\n"
      }
    ]
  },
  "3": {
    "verseObjects": [
      {
        "text": "εἰ",
        "tag": "w",
        "type": "word",
        "lemma": "εἰ",
        "strong": "G14870",
        "morph": "Gr,CS,,,,,,,,"
      },
      {
        "text": "δὲ",
        "tag": "w",
        "type": "word",
        "lemma": "δέ",
        "strong": "G11610",
        "morph": "Gr,CC,,,,,,,,"
      },
      {
        "text": "τῶν",
        "tag": "w",
        "type": "word",
        "lemma": "ὁ",
        "strong": "G35880",
        "morph": "Gr,EA,,,,GMP,"
      },
      {
        "text": "ἵππων",
        "tag": "w",
        "type": "word",
        "lemma": "ἵππος",
        "strong": "G24620",
        "morph": "Gr,N,,,,,GMP,",
        "tw": "rc://*/tw/dict/bible/other/horse"
      },
      {
        "text": "τοὺς",
        "tag": "w",
        "type": "word",
        "lemma": "ὁ",
        "strong": "G35880",
        "morph": "Gr,EA,,,,AMP,"
      },
      {
        "text": "χαλινοὺς",
        "tag": "w",
        "type": "word",
        "lemma": "χαλινός",
        "strong": "G54690",
        "morph": "Gr,N,,,,,AMP,"
      },
      {
        "text": "εἰς",
        "tag": "w",
        "type": "word",
        "lemma": "εἰς",
        "strong": "G15190",
        "morph": "Gr,P,,,,,A,,,"
      },
      {
        "text": "τὰ",
        "tag": "w",
        "type": "word",
        "lemma": "ὁ",
        "strong": "G35880",
        "morph": "Gr,EA,,,,ANP,"
      },
      {
        "text": "στόματα",
        "tag": "w",
        "type": "word",
        "lemma": "στόμα",
        "strong": "G47500",
        "morph": "Gr,N,,,,,ANP,"
      },
      {
        "text": "βάλλομεν",
        "tag": "w",
        "type": "word",
        "lemma": "βάλλω",
        "strong": "G09060",
        "morph": "Gr,V,IPA1,,P,"
      },
      {
        "type": "text",
        "text": ","
      },
      {
        "text": "εἰς",
        "tag": "w",
        "type": "word",
        "lemma": "εἰς",
        "strong": "G15190",
        "morph": "Gr,P,,,,,A,,,"
      },
      {
        "text": "τὸ",
        "tag": "w",
        "type": "word",
        "lemma": "ὁ",
        "strong": "G35880",
        "morph": "Gr,RD,,,,ANS,"
      },
      {
        "text": "πείθεσθαι",
        "tag": "w",
        "type": "word",
        "lemma": "πείθω",
        "strong": "G39820",
        "morph": "Gr,V,NPP,,,,,",
        "tw": "rc://*/tw/dict/bible/other/obey"
      },
      {
        "text": "αὐτοὺς",
        "tag": "w",
        "type": "word",
        "lemma": "αὐτός",
        "strong": "G08460",
        "morph": "Gr,RP,,,3AMP,"
      },
      {
        "text": "ἡμῖν",
        "tag": "w",
        "type": "word",
        "lemma": "ἐγώ",
        "strong": "G14730",
        "morph": "Gr,RP,,,1D,P,"
      },
      {
        "type": "text",
        "text": ","
      },
      {
        "text": "καὶ",
        "tag": "w",
        "type": "word",
        "lemma": "καί",
        "strong": "G25320",
        "morph": "Gr,D,,,,,,,,,"
      },
      {
        "text": "ὅλον",
        "tag": "w",
        "type": "word",
        "lemma": "ὅλος",
        "strong": "G36500",
        "morph": "Gr,EQ,,,,ANS,"
      },
      {
        "text": "τὸ",
        "tag": "w",
        "type": "word",
        "lemma": "ὁ",
        "strong": "G35880",
        "morph": "Gr,EA,,,,ANS,"
      },
      {
        "text": "σῶμα",
        "tag": "w",
        "type": "word",
        "lemma": "σῶμα",
        "strong": "G49830",
        "morph": "Gr,N,,,,,ANS,",
        "tw": "rc://*/tw/dict/bible/kt/body"
      },
      {
        "text": "αὐτῶν",
        "tag": "w",
        "type": "word",
        "lemma": "αὐτός",
        "strong": "G08460",
        "morph": "Gr,RP,,,3GMP,"
      },
      {
        "text": "μετάγομεν",
        "tag": "w",
        "type": "word",
        "lemma": "μετάγω",
        "strong": "G33290",
        "morph": "Gr,V,IPA1,,P,"
      },
      {
        "type": "text",
        "text": ".\n\n"
      }
    ]
  },
  "4": {
    "verseObjects": [
      {
        "text": "ἰδοὺ",
        "tag": "w",
        "type": "word",
        "lemma": "ὁράω",
        "strong": "G37080",
        "morph": "Gr,IDMAA2,,S,"
      },
      {
        "type": "text",
        "text": ","
      },
      {
        "text": "καὶ",
        "tag": "w",
        "type": "word",
        "lemma": "καί",
        "strong": "G25320",
        "morph": "Gr,D,,,,,,,,,"
      },
      {
        "text": "τὰ",
        "tag": "w",
        "type": "word",
        "lemma": "ὁ",
        "strong": "G35880",
        "morph": "Gr,EA,,,,NNP,"
      },
      {
        "text": "πλοῖα",
        "tag": "w",
        "type": "word",
        "lemma": "πλοῖον",
        "strong": "G41430",
        "morph": "Gr,N,,,,,NNP,"
      },
      {
        "type": "text",
        "text": ","
      },
      {
        "text": "τηλικαῦτα",
        "tag": "w",
        "type": "word",
        "lemma": "τηλικοῦτος",
        "strong": "G50820",
        "morph": "Gr,ED,,,,NNP,"
      },
      {
        "text": "ὄντα",
        "tag": "w",
        "type": "word",
        "lemma": "εἰμί",
        "strong": "G15100",
        "morph": "Gr,V,PPA,NNP,"
      },
      {
        "type": "text",
        "text": ","
      },
      {
        "text": "καὶ",
        "tag": "w",
        "type": "word",
        "lemma": "καί",
        "strong": "G25320",
        "morph": "Gr,CC,,,,,,,,"
      },
      {
        "text": "ὑπὸ",
        "tag": "w",
        "type": "word",
        "lemma": "ὑπό",
        "strong": "G52590",
        "morph": "Gr,P,,,,,G,,,"
      },
      {
        "text": "ἀνέμων",
        "tag": "w",
        "type": "word",
        "lemma": "ἄνεμος",
        "strong": "G04170",
        "morph": "Gr,N,,,,,GMP,"
      },
      {
        "text": "σκληρῶν",
        "tag": "w",
        "type": "word",
        "lemma": "σκληρός",
        "strong": "G46420",
        "morph": "Gr,AA,,,,GMP,"
      },
      {
        "text": "ἐλαυνόμενα",
        "tag": "w",
        "type": "word",
        "lemma": "ἐλαύνω",
        "strong": "G16430",
        "morph": "Gr,V,PPP,NNP,"
      },
      {
        "type": "text",
        "text": ","
      },
      {
        "text": "μετάγεται",
        "tag": "w",
        "type": "word",
        "lemma": "μετάγω",
        "strong": "G33290",
        "morph": "Gr,V,IPP3,,S,"
      },
      {
        "text": "ὑπὸ",
        "tag": "w",
        "type": "word",
        "lemma": "ὑπό",
        "strong": "G52590",
        "morph": "Gr,P,,,,,G,,,"
      },
      {
        "text": "ἐλαχίστου",
        "tag": "w",
        "type": "word",
        "lemma": "ἐλάχιστος",
        "strong": "G16460",
        "morph": "Gr,AA,,,,GNSS"
      },
      {
        "text": "πηδαλίου",
        "tag": "w",
        "type": "word",
        "lemma": "πηδάλιον",
        "strong": "G40790",
        "morph": "Gr,N,,,,,GNS,"
      },
      {
        "type": "text",
        "text": ","
      },
      {
        "text": "ὅπου",
        "tag": "w",
        "type": "word",
        "lemma": "ὅπου",
        "strong": "G36990",
        "morph": "Gr,CS,,,,,,,,"
      },
      {
        "text": "ἡ",
        "tag": "w",
        "type": "word",
        "lemma": "ὁ",
        "strong": "G35880",
        "morph": "Gr,EA,,,,NFS,"
      },
      {
        "text": "ὁρμὴ",
        "tag": "w",
        "type": "word",
        "lemma": "ὁρμή",
        "strong": "G37300",
        "morph": "Gr,N,,,,,NFS,"
      },
      {
        "text": "τοῦ",
        "tag": "w",
        "type": "word",
        "lemma": "ὁ",
        "strong": "G35880",
        "morph": "Gr,RD,,,,GMS,"
      },
      {
        "text": "εὐθύνοντος",
        "tag": "w",
        "type": "word",
        "lemma": "εὐθύνω",
        "strong": "G21160",
        "morph": "Gr,V,PPA,GMS,"
      },
      {
        "text": "βούλεται",
        "tag": "w",
        "type": "word",
        "lemma": "βούλομαι",
        "strong": "G10140",
        "morph": "Gr,V,IPM3,,S,"
      },
      {
        "type": "text",
        "text": ".\n\n"
      }
    ]
  },
  "5": {
    "verseObjects": [
      {
        "text": "οὕτως",
        "tag": "w",
        "type": "word",
        "lemma": "οὕτως",
        "strong": "G37790",
        "morph": "Gr,D,,,,,,,,,"
      },
      {
        "text": "καὶ",
        "tag": "w",
        "type": "word",
        "lemma": "καί",
        "strong": "G25320",
        "morph": "Gr,D,,,,,,,,,"
      },
      {
        "text": "ἡ",
        "tag": "w",
        "type": "word",
        "lemma": "ὁ",
        "strong": "G35880",
        "morph": "Gr,EA,,,,NFS,"
      },
      {
        "text": "γλῶσσα",
        "tag": "w",
        "type": "word",
        "lemma": "γλῶσσα",
        "strong": "G11000",
        "morph": "Gr,N,,,,,NFS,",
        "tw": "rc://*/tw/dict/bible/other/tongue"
      },
      {
        "text": "μικρὸν",
        "tag": "w",
        "type": "word",
        "lemma": "μικρός",
        "strong": "G33980",
        "morph": "Gr,AA,,,,NNS,"
      },
      {
        "text": "μέλος",
        "tag": "w",
        "type": "word",
        "lemma": "μέλος",
        "strong": "G31960",
        "morph": "Gr,N,,,,,NNS,",
        "tw": "rc://*/tw/dict/bible/other/member"
      },
      {
        "text": "ἐστὶν",
        "tag": "w",
        "type": "word",
        "lemma": "εἰμί",
        "strong": "G15100",
        "morph": "Gr,V,IPA3,,S,"
      },
      {
        "type": "text",
        "text": ","
      },
      {
        "text": "καὶ",
        "tag": "w",
        "type": "word",
        "lemma": "καί",
        "strong": "G25320",
        "morph": "Gr,CC,,,,,,,,"
      },
      {
        "text": "μεγάλα",
        "tag": "w",
        "type": "word",
        "lemma": "μέγας",
        "strong": "G31730",
        "morph": "Gr,NS,,,,ANP,"
      },
      {
        "text": "αὐχεῖ",
        "tag": "w",
        "type": "word",
        "lemma": "αὐχέω",
        "strong": "G08495",
        "morph": "Gr,V,IPA3,,S,",
        "tw": "rc://*/tw/dict/bible/kt/boast"
      },
      {
        "type": "text",
        "text": ".\n"
      },
      {
        "tag": "p",
        "type": "paragraph",
        "text": "\n"
      },
      {
        "text": "ἰδοὺ",
        "tag": "w",
        "type": "word",
        "lemma": "ὁράω",
        "strong": "G37080",
        "morph": "Gr,IDMAA2,,S,"
      },
      {
        "type": "text",
        "text": ","
      },
      {
        "text": "ἡλίκον",
        "tag": "w",
        "type": "word",
        "lemma": "ἡλίκος",
        "strong": "G22450",
        "morph": "Gr,ED,,,,NNS,"
      },
      {
        "text": "πῦρ",
        "tag": "w",
        "type": "word",
        "lemma": "πῦρ",
        "strong": "G44420",
        "morph": "Gr,N,,,,,NNS,",
        "tw": "rc://*/tw/dict/bible/other/fire"
      },
      {
        "type": "text",
        "text": ","
      },
      {
        "text": "ἡλίκην",
        "tag": "w",
        "type": "word",
        "lemma": "ἡλίκος",
        "strong": "G22450",
        "morph": "Gr,ED,,,,AFS,"
      },
      {
        "text": "ὕλην",
        "tag": "w",
        "type": "word",
        "lemma": "ὕλη",
        "strong": "G52080",
        "morph": "Gr,N,,,,,AFS,"
      },
      {
        "text": "ἀνάπτει",
        "tag": "w",
        "type": "word",
        "lemma": "ἀνάπτω",
        "strong": "G03810",
        "morph": "Gr,V,IPA3,,S,"
      },
      {
        "type": "text",
        "text": ".\n\n"
      }
    ]
  },
  "6": {
    "verseObjects": [
      {
        "text": "καὶ",
        "tag": "w",
        "type": "word",
        "lemma": "καί",
        "strong": "G25320",
        "morph": "Gr,CC,,,,,,,,"
      },
      {
        "text": "ἡ",
        "tag": "w",
        "type": "word",
        "lemma": "ὁ",
        "strong": "G35880",
        "morph": "Gr,EA,,,,NFS,"
      },
      {
        "text": "γλῶσσα",
        "tag": "w",
        "type": "word",
        "lemma": "γλῶσσα",
        "strong": "G11000",
        "morph": "Gr,N,,,,,NFS,",
        "tw": "rc://*/tw/dict/bible/other/tongue"
      },
      {
        "text": "πῦρ",
        "tag": "w",
        "type": "word",
        "lemma": "πῦρ",
        "strong": "G44420",
        "morph": "Gr,N,,,,,NNS,",
        "tw": "rc://*/tw/dict/bible/other/fire"
      },
      {
        "type": "text",
        "text": ","
      },
      {
        "text": "ὁ",
        "tag": "w",
        "type": "word",
        "lemma": "ὁ",
        "strong": "G35880",
        "morph": "Gr,EA,,,,NMS,"
      },
      {
        "text": "κόσμος",
        "tag": "w",
        "type": "word",
        "lemma": "κόσμος",
        "strong": "G28890",
        "morph": "Gr,N,,,,,NMS,",
        "tw": "rc://*/tw/dict/bible/kt/world"
      },
      {
        "text": "τῆς",
        "tag": "w",
        "type": "word",
        "lemma": "ὁ",
        "strong": "G35880",
        "morph": "Gr,EA,,,,GFS,"
      },
      {
        "text": "ἀδικίας",
        "tag": "w",
        "type": "word",
        "lemma": "ἀδικία",
        "strong": "G00930",
        "morph": "Gr,N,,,,,GFS,",
        "tw": "rc://*/tw/dict/bible/kt/iniquity"
      },
      {
        "type": "text",
        "text": ";"
      },
      {
        "text": "ἡ",
        "tag": "w",
        "type": "word",
        "lemma": "ὁ",
        "strong": "G35880",
        "morph": "Gr,EA,,,,NFS,"
      },
      {
        "text": "γλῶσσα",
        "tag": "w",
        "type": "word",
        "lemma": "γλῶσσα",
        "strong": "G11000",
        "morph": "Gr,N,,,,,NFS,",
        "tw": "rc://*/tw/dict/bible/other/tongue"
      },
      {
        "text": "καθίσταται",
        "tag": "w",
        "type": "word",
        "lemma": "καθίστημι",
        "strong": "G25250",
        "morph": "Gr,V,IPP3,,S,",
        "tw": "rc://*/tw/dict/bible/kt/appoint"
      },
      {
        "text": "ἐν",
        "tag": "w",
        "type": "word",
        "lemma": "ἐν",
        "strong": "G17220",
        "morph": "Gr,P,,,,,D,,,"
      },
      {
        "text": "τοῖς",
        "tag": "w",
        "type": "word",
        "lemma": "ὁ",
        "strong": "G35880",
        "morph": "Gr,EA,,,,DNP,"
      },
      {
        "text": "μέλεσιν",
        "tag": "w",
        "type": "word",
        "lemma": "μέλος",
        "strong": "G31960",
        "morph": "Gr,N,,,,,DNP,",
        "tw": "rc://*/tw/dict/bible/other/member"
      },
      {
        "text": "ἡμῶν",
        "tag": "w",
        "type": "word",
        "lemma": "ἐγώ",
        "strong": "G14730",
        "morph": "Gr,RP,,,1G,P,"
      },
      {
        "type": "text",
        "text": ","
      },
      {
        "text": "ἡ",
        "tag": "w",
        "type": "word",
        "lemma": "ὁ",
        "strong": "G35880",
        "morph": "Gr,RD,,,,NFS,"
      },
      {
        "text": "σπιλοῦσα",
        "tag": "w",
        "type": "word",
        "lemma": "σπιλόω",
        "strong": "G46950",
        "morph": "Gr,V,PPA,NFS,",
        "tw": "rc://*/tw/dict/bible/other/defile"
      },
      {
        "text": "ὅλον",
        "tag": "w",
        "type": "word",
        "lemma": "ὅλος",
        "strong": "G36500",
        "morph": "Gr,EQ,,,,ANS,"
      },
      {
        "text": "τὸ",
        "tag": "w",
        "type": "word",
        "lemma": "ὁ",
        "strong": "G35880",
        "morph": "Gr,EA,,,,ANS,"
      },
      {
        "text": "σῶμα",
        "tag": "w",
        "type": "word",
        "lemma": "σῶμα",
        "strong": "G49830",
        "morph": "Gr,N,,,,,ANS,",
        "tw": "rc://*/tw/dict/bible/kt/body"
      },
      {
        "type": "text",
        "text": ","
      },
      {
        "text": "καὶ",
        "tag": "w",
        "type": "word",
        "lemma": "καί",
        "strong": "G25320",
        "morph": "Gr,CC,,,,,,,,"
      },
      {
        "text": "φλογίζουσα",
        "tag": "w",
        "type": "word",
        "lemma": "φλογίζω",
        "strong": "G53940",
        "morph": "Gr,V,PPA,NFS,",
        "tw": "rc://*/tw/dict/bible/other/fire"
      },
      {
        "text": "τὸν",
        "tag": "w",
        "type": "word",
        "lemma": "ὁ",
        "strong": "G35880",
        "morph": "Gr,EA,,,,AMS,"
      },
      {
        "text": "τροχὸν",
        "tag": "w",
        "type": "word",
        "lemma": "τροχός",
        "strong": "G51640",
        "morph": "Gr,N,,,,,AMS,"
      },
      {
        "text": "τῆς",
        "tag": "w",
        "type": "word",
        "lemma": "ὁ",
        "strong": "G35880",
        "morph": "Gr,EA,,,,GFS,"
      },
      {
        "text": "γενέσεως",
        "tag": "w",
        "type": "word",
        "lemma": "γένεσις",
        "strong": "G10780",
        "morph": "Gr,N,,,,,GFS,"
      },
      {
        "type": "text",
        "text": ","
      },
      {
        "text": "καὶ",
        "tag": "w",
        "type": "word",
        "lemma": "καί",
        "strong": "G25320",
        "morph": "Gr,CC,,,,,,,,"
      },
      {
        "text": "φλογιζομένη",
        "tag": "w",
        "type": "word",
        "lemma": "φλογίζω",
        "strong": "G53940",
        "morph": "Gr,V,PPP,NFS,",
        "tw": "rc://*/tw/dict/bible/other/fire"
      },
      {
        "text": "ὑπὸ",
        "tag": "w",
        "type": "word",
        "lemma": "ὑπό",
        "strong": "G52590",
        "morph": "Gr,P,,,,,G,,,"
      },
      {
        "text": "τῆς",
        "tag": "w",
        "type": "word",
        "lemma": "ὁ",
        "strong": "G35880",
        "morph": "Gr,EA,,,,GFS,"
      },
      {
        "text": "Γεέννης",
        "tag": "w",
        "type": "word",
        "lemma": "Γέεννα",
        "strong": "G10670",
        "morph": "Gr,N,,,,,GFS,",
        "tw": "rc://*/tw/dict/bible/kt/hell"
      },
      {
        "type": "text",
        "text": ".\n\n"
      }
    ]
  },
  "7": {
    "verseObjects": [
      {
        "text": "πᾶσα",
        "tag": "w",
        "type": "word",
        "lemma": "πᾶς",
        "strong": "G39560",
        "morph": "Gr,EQ,,,,NFS,"
      },
      {
        "text": "γὰρ",
        "tag": "w",
        "type": "word",
        "lemma": "γάρ",
        "strong": "G10630",
        "morph": "Gr,CC,,,,,,,,"
      },
      {
        "text": "φύσις",
        "tag": "w",
        "type": "word",
        "lemma": "φύσις",
        "strong": "G54490",
        "morph": "Gr,N,,,,,NFS,",
        "tw": "rc://*/tw/dict/bible/other/kind"
      },
      {
        "text": "θηρίων",
        "tag": "w",
        "type": "word",
        "lemma": "θηρίον",
        "strong": "G23420",
        "morph": "Gr,N,,,,,GNP,",
        "tw": "rc://*/tw/dict/bible/other/beast"
      },
      {
        "text": "τε",
        "tag": "w",
        "type": "word",
        "lemma": "τέ",
        "strong": "G50370",
        "morph": "Gr,DO,,,,,,,,"
      },
      {
        "text": "καὶ",
        "tag": "w",
        "type": "word",
        "lemma": "καί",
        "strong": "G25320",
        "morph": "Gr,CO,,,,,,,,"
      },
      {
        "text": "πετεινῶν",
        "tag": "w",
        "type": "word",
        "lemma": "πετεινόν",
        "strong": "G40710",
        "morph": "Gr,N,,,,,GNP,"
      },
      {
        "type": "text",
        "text": ","
      },
      {
        "text": "ἑρπετῶν",
        "tag": "w",
        "type": "word",
        "lemma": "ἑρπετόν",
        "strong": "G20620",
        "morph": "Gr,N,,,,,GNP,"
      },
      {
        "text": "τε",
        "tag": "w",
        "type": "word",
        "lemma": "τέ",
        "strong": "G50370",
        "morph": "Gr,DO,,,,,,,,"
      },
      {
        "text": "καὶ",
        "tag": "w",
        "type": "word",
        "lemma": "καί",
        "strong": "G25320",
        "morph": "Gr,CO,,,,,,,,"
      },
      {
        "text": "ἐναλίων",
        "tag": "w",
        "type": "word",
        "lemma": "ἐνάλιος",
        "strong": "G17240",
        "morph": "Gr,NS,,,,GNP,"
      },
      {
        "type": "text",
        "text": ","
      },
      {
        "text": "δαμάζεται",
        "tag": "w",
        "type": "word",
        "lemma": "δαμάζω",
        "strong": "G11500",
        "morph": "Gr,V,IPP3,,S,"
      },
      {
        "text": "καὶ",
        "tag": "w",
        "type": "word",
        "lemma": "καί",
        "strong": "G25320",
        "morph": "Gr,CC,,,,,,,,"
      },
      {
        "text": "δεδάμασται",
        "tag": "w",
        "type": "word",
        "lemma": "δαμάζω",
        "strong": "G11500",
        "morph": "Gr,V,IEP3,,S,"
      },
      {
        "text": "τῇ",
        "tag": "w",
        "type": "word",
        "lemma": "ὁ",
        "strong": "G35880",
        "morph": "Gr,EA,,,,DFS,"
      },
      {
        "text": "φύσει",
        "tag": "w",
        "type": "word",
        "lemma": "φύσις",
        "strong": "G54490",
        "morph": "Gr,N,,,,,DFS,",
        "tw": "rc://*/tw/dict/bible/other/kind"
      },
      {
        "text": "τῇ",
        "tag": "w",
        "type": "word",
        "lemma": "ὁ",
        "strong": "G35880",
        "morph": "Gr,EA,,,,DFS,"
      },
      {
        "text": "ἀνθρωπίνῃ",
        "tag": "w",
        "type": "word",
        "lemma": "ἀνθρώπινος",
        "strong": "G04420",
        "morph": "Gr,AR,,,,DFS,"
      },
      {
        "type": "text",
        "text": ";\n\n"
      }
    ]
  },
  "8": {
    "verseObjects": [
      {
        "text": "τὴν",
        "tag": "w",
        "type": "word",
        "lemma": "ὁ",
        "strong": "G35880",
        "morph": "Gr,EA,,,,AFS,"
      },
      {
        "text": "δὲ",
        "tag": "w",
        "type": "word",
        "lemma": "δέ",
        "strong": "G11610",
        "morph": "Gr,CC,,,,,,,,"
      },
      {
        "text": "γλῶσσαν",
        "tag": "w",
        "type": "word",
        "lemma": "γλῶσσα",
        "strong": "G11000",
        "morph": "Gr,N,,,,,AFS,",
        "tw": "rc://*/tw/dict/bible/other/tongue"
      },
      {
        "text": "οὐδεὶς",
        "tag": "w",
        "type": "word",
        "lemma": "οὐδείς",
        "strong": "G37620",
        "morph": "Gr,RI,,,,NMS,"
      },
      {
        "text": "δαμάσαι",
        "tag": "w",
        "type": "word",
        "lemma": "δαμάζω",
        "strong": "G11500",
        "morph": "Gr,V,NAA,,,,,"
      },
      {
        "text": "δύναται",
        "tag": "w",
        "type": "word",
        "lemma": "δύναμαι",
        "strong": "G14100",
        "morph": "Gr,V,IPM3,,S,",
        "tw": "rc://*/tw/dict/bible/kt/power"
      },
      {
        "text": "ἀνθρώπων",
        "tag": "w",
        "type": "word",
        "lemma": "ἄνθρωπος",
        "strong": "G04440",
        "morph": "Gr,N,,,,,GMP,"
      },
      {
        "type": "text",
        "text": ","
      },
      {
        "text": "ἀκατάστατον",
        "tag": "w",
        "type": "word",
        "lemma": "ἀκατάστατος",
        "strong": "G01820",
        "morph": "Gr,AA,,,,NNS,"
      },
      {
        "text": "κακόν",
        "tag": "w",
        "type": "word",
        "lemma": "κακός",
        "strong": "G25560",
        "morph": "Gr,NS,,,,NNS,",
        "tw": "rc://*/tw/dict/bible/kt/evil"
      },
      {
        "type": "text",
        "text": ","
      },
      {
        "text": "μεστὴ",
        "tag": "w",
        "type": "word",
        "lemma": "μεστός",
        "strong": "G33240",
        "morph": "Gr,NS,,,,NFS,"
      },
      {
        "text": "ἰοῦ",
        "tag": "w",
        "type": "word",
        "lemma": "ἰός",
        "strong": "G24470",
        "morph": "Gr,N,,,,,GMS,"
      },
      {
        "text": "θανατηφόρου",
        "tag": "w",
        "type": "word",
        "lemma": "θανατηφόρος",
        "strong": "G22870",
        "morph": "Gr,AA,,,,GMS,",
        "tw": "rc://*/tw/dict/bible/other/death"
      },
      {
        "type": "text",
        "text": ".\n\n"
      }
    ]
  },
  "9": {
    "verseObjects": [
      {
        "text": "ἐν",
        "tag": "w",
        "type": "word",
        "lemma": "ἐν",
        "strong": "G17220",
        "morph": "Gr,P,,,,,D,,,"
      },
      {
        "text": "αὐτῇ",
        "tag": "w",
        "type": "word",
        "lemma": "αὐτός",
        "strong": "G08460",
        "morph": "Gr,RP,,,3DFS,"
      },
      {
        "text": "εὐλογοῦμεν",
        "tag": "w",
        "type": "word",
        "lemma": "εὐλογέω",
        "strong": "G21270",
        "morph": "Gr,V,IPA1,,P,",
        "tw": "rc://*/tw/dict/bible/kt/bless"
      },
      {
        "text": "τὸν",
        "tag": "w",
        "type": "word",
        "lemma": "ὁ",
        "strong": "G35880",
        "morph": "Gr,EP,,,,AMS,"
      },
      {
        "text": "Κύριον",
        "tag": "w",
        "type": "word",
        "lemma": "κύριος",
        "strong": "G29620",
        "morph": "Gr,N,,,,,AMS,",
        "tw": "rc://*/tw/dict/bible/kt/lord"
      },
      {
        "text": "καὶ",
        "tag": "w",
        "type": "word",
        "lemma": "καί",
        "strong": "G25320",
        "morph": "Gr,CC,,,,,,,,"
      },
      {
        "text": "Πατέρα",
        "tag": "w",
        "type": "word",
        "lemma": "πατήρ",
        "strong": "G39620",
        "morph": "Gr,N,,,,,AMS,",
        "tw": "rc://*/tw/dict/bible/kt/godthefather"
      },
      {
        "type": "text",
        "text": ","
      },
      {
        "text": "καὶ",
        "tag": "w",
        "type": "word",
        "lemma": "καί",
        "strong": "G25320",
        "morph": "Gr,CC,,,,,,,,"
      },
      {
        "text": "ἐν",
        "tag": "w",
        "type": "word",
        "lemma": "ἐν",
        "strong": "G17220",
        "morph": "Gr,P,,,,,D,,,"
      },
      {
        "text": "αὐτῇ",
        "tag": "w",
        "type": "word",
        "lemma": "αὐτός",
        "strong": "G08460",
        "morph": "Gr,RP,,,3DFS,"
      },
      {
        "text": "καταρώμεθα",
        "tag": "w",
        "type": "word",
        "lemma": "καταράομαι",
        "strong": "G26720",
        "morph": "Gr,V,IPM1,,P,",
        "tw": "rc://*/tw/dict/bible/kt/curse"
      },
      {
        "text": "τοὺς",
        "tag": "w",
        "type": "word",
        "lemma": "ὁ",
        "strong": "G35880",
        "morph": "Gr,EA,,,,AMP,"
      },
      {
        "text": "ἀνθρώπους",
        "tag": "w",
        "type": "word",
        "lemma": "ἄνθρωπος",
        "strong": "G04440",
        "morph": "Gr,N,,,,,AMP,"
      },
      {
        "type": "text",
        "text": ","
      },
      {
        "text": "τοὺς",
        "tag": "w",
        "type": "word",
        "lemma": "ὁ",
        "strong": "G35880",
        "morph": "Gr,RD,,,,AMP,"
      },
      {
        "tag": "k",
        "type": "milestone",
        "tw": "rc://*/tw/dict/bible/other/like",
        "children": [
          {
            "text": "καθ’",
            "tag": "w",
            "type": "word",
            "lemma": "κατά",
            "strong": "G25960",
            "morph": "Gr,P,,,,,A,,,"
          },
          {
            "text": "ὁμοίωσιν",
            "tag": "w",
            "type": "word",
            "lemma": "ὁμοίωσις",
            "strong": "G36690",
            "morph": "Gr,N,,,,,AFS,"
          }
        ]
      },
      {
        "text": "Θεοῦ",
        "tag": "w",
        "type": "word",
        "lemma": "θεός",
        "strong": "G23160",
        "morph": "Gr,N,,,,,GMS,",
        "tw": "rc://*/tw/dict/bible/kt/god"
      },
      {
        "text": "γεγονότας",
        "tag": "w",
        "type": "word",
        "lemma": "γίνομαι",
        "strong": "G10960",
        "morph": "Gr,V,PEA,AMP,"
      },
      {
        "type": "text",
        "text": ".\n\n"
      }
    ]
  },
  "10": {
    "verseObjects": [
      {
        "text": "ἐκ",
        "tag": "w",
        "type": "word",
        "lemma": "ἐκ",
        "strong": "G15370",
        "morph": "Gr,P,,,,,G,,,"
      },
      {
        "text": "τοῦ",
        "tag": "w",
        "type": "word",
        "lemma": "ὁ",
        "strong": "G35880",
        "morph": "Gr,EA,,,,GNS,"
      },
      {
        "text": "αὐτοῦ",
        "tag": "w",
        "type": "word",
        "lemma": "αὐτός",
        "strong": "G08460",
        "morph": "Gr,EF,,,,GNS,"
      },
      {
        "text": "στόματος",
        "tag": "w",
        "type": "word",
        "lemma": "στόμα",
        "strong": "G47500",
        "morph": "Gr,N,,,,,GNS,"
      },
      {
        "text": "ἐξέρχεται",
        "tag": "w",
        "type": "word",
        "lemma": "ἐξέρχομαι",
        "strong": "G18310",
        "morph": "Gr,V,IPM3,,S,"
      },
      {
        "text": "εὐλογία",
        "tag": "w",
        "type": "word",
        "lemma": "εὐλογία",
        "strong": "G21290",
        "morph": "Gr,N,,,,,NFS,",
        "tw": "rc://*/tw/dict/bible/kt/bless"
      },
      {
        "text": "καὶ",
        "tag": "w",
        "type": "word",
        "lemma": "καί",
        "strong": "G25320",
        "morph": "Gr,CC,,,,,,,,"
      },
      {
        "text": "κατάρα",
        "tag": "w",
        "type": "word",
        "lemma": "κατάρα",
        "strong": "G26710",
        "morph": "Gr,N,,,,,NFS,",
        "tw": "rc://*/tw/dict/bible/kt/curse"
      },
      {
        "type": "text",
        "text": "."
      },
      {
        "text": "οὐ",
        "tag": "w",
        "type": "word",
        "lemma": "οὐ",
        "strong": "G37560",
        "morph": "Gr,D,,,,,,,,,"
      },
      {
        "text": "χρή",
        "tag": "w",
        "type": "word",
        "lemma": "χρεώ",
        "strong": "G55340",
        "morph": "Gr,V,IPA3,,S,"
      },
      {
        "type": "text",
        "text": ","
      },
      {
        "text": "ἀδελφοί",
        "tag": "w",
        "type": "word",
        "lemma": "ἀδελφός",
        "strong": "G00800",
        "morph": "Gr,N,,,,,VMP,",
        "tw": "rc://*/tw/dict/bible/kt/brother"
      },
      {
        "text": "μου",
        "tag": "w",
        "type": "word",
        "lemma": "ἐγώ",
        "strong": "G14730",
        "morph": "Gr,RP,,,1G,S,"
      },
      {
        "type": "text",
        "text": ","
      },
      {
        "text": "ταῦτα",
        "tag": "w",
        "type": "word",
        "lemma": "οὗτος",
        "strong": "G37780",
        "morph": "Gr,RD,,,,NNP,"
      },
      {
        "text": "οὕτως",
        "tag": "w",
        "type": "word",
        "lemma": "οὕτως",
        "strong": "G37790",
        "morph": "Gr,D,,,,,,,,,"
      },
      {
        "text": "γίνεσθαι",
        "tag": "w",
        "type": "word",
        "lemma": "γίνομαι",
        "strong": "G10960",
        "morph": "Gr,V,NPM,,,,,"
      },
      {
        "type": "text",
        "text": ".\n\n"
      }
    ]
  },
  "11": {
    "verseObjects": [
      {
        "text": "μήτι",
        "tag": "w",
        "type": "word",
        "lemma": "μήτι",
        "strong": "G33850",
        "morph": "Gr,T,,,,,,,,,"
      },
      {
        "text": "ἡ",
        "tag": "w",
        "type": "word",
        "lemma": "ὁ",
        "strong": "G35880",
        "morph": "Gr,EA,,,,NFS,"
      },
      {
        "text": "πηγὴ",
        "tag": "w",
        "type": "word",
        "lemma": "πηγή",
        "strong": "G40770",
        "morph": "Gr,N,,,,,NFS,",
        "tw": "rc://*/tw/dict/bible/other/fountain"
      },
      {
        "text": "ἐκ",
        "tag": "w",
        "type": "word",
        "lemma": "ἐκ",
        "strong": "G15370",
        "morph": "Gr,P,,,,,G,,,"
      },
      {
        "text": "τῆς",
        "tag": "w",
        "type": "word",
        "lemma": "ὁ",
        "strong": "G35880",
        "morph": "Gr,EA,,,,GFS,"
      },
      {
        "text": "αὐτῆς",
        "tag": "w",
        "type": "word",
        "lemma": "αὐτός",
        "strong": "G08460",
        "morph": "Gr,EF,,,,GFS,"
      },
      {
        "text": "ὀπῆς",
        "tag": "w",
        "type": "word",
        "lemma": "ὀπή",
        "strong": "G36920",
        "morph": "Gr,N,,,,,GFS,"
      },
      {
        "text": "βρύει",
        "tag": "w",
        "type": "word",
        "lemma": "βρύω",
        "strong": "G10320",
        "morph": "Gr,V,IPA3,,S,"
      },
      {
        "text": "τὸ",
        "tag": "w",
        "type": "word",
        "lemma": "ὁ",
        "strong": "G35880",
        "morph": "Gr,EA,,,,ANS,"
      },
      {
        "text": "γλυκὺ",
        "tag": "w",
        "type": "word",
        "lemma": "γλυκύς",
        "strong": "G10990",
        "morph": "Gr,NS,,,,ANS,"
      },
      {
        "text": "καὶ",
        "tag": "w",
        "type": "word",
        "lemma": "καί",
        "strong": "G25320",
        "morph": "Gr,CC,,,,,,,,"
      },
      {
        "text": "τὸ",
        "tag": "w",
        "type": "word",
        "lemma": "ὁ",
        "strong": "G35880",
        "morph": "Gr,EA,,,,ANS,"
      },
      {
        "text": "πικρόν",
        "tag": "w",
        "type": "word",
        "lemma": "πικρός",
        "strong": "G40890",
        "morph": "Gr,NS,,,,ANS,"
      },
      {
        "type": "text",
        "text": "?\n\n"
      }
    ]
  },
  "12": {
    "verseObjects": [
      {
        "text": "μὴ",
        "tag": "w",
        "type": "word",
        "lemma": "μή",
        "strong": "G33610",
        "morph": "Gr,DO,,,,,,,,"
      },
      {
        "text": "δύναται",
        "tag": "w",
        "type": "word",
        "lemma": "δύναμαι",
        "strong": "G14100",
        "morph": "Gr,V,IPM3,,S,"
      },
      {
        "type": "text",
        "text": ","
      },
      {
        "text": "ἀδελφοί",
        "tag": "w",
        "type": "word",
        "lemma": "ἀδελφός",
        "strong": "G00800",
        "morph": "Gr,N,,,,,VMP,",
        "tw": "rc://*/tw/dict/bible/kt/brother"
      },
      {
        "text": "μου",
        "tag": "w",
        "type": "word",
        "lemma": "ἐγώ",
        "strong": "G14730",
        "morph": "Gr,RP,,,1G,S,"
      },
      {
        "type": "text",
        "text": ","
      },
      {
        "text": "συκῆ",
        "tag": "w",
        "type": "word",
        "lemma": "συκῆ",
        "strong": "G48080",
        "morph": "Gr,N,,,,,NFS,",
        "tw": "rc://*/tw/dict/bible/other/fig"
      },
      {
        "text": "ἐλαίας",
        "tag": "w",
        "type": "word",
        "lemma": "ἐλαία",
        "strong": "G16360",
        "morph": "Gr,N,,,,,AFP,",
        "tw": "rc://*/tw/dict/bible/other/olive"
      },
      {
        "text": "ποιῆσαι",
        "tag": "w",
        "type": "word",
        "lemma": "ποιέω",
        "strong": "G41600",
        "morph": "Gr,V,NAA,,,,,"
      },
      {
        "text": "ἢ",
        "tag": "w",
        "type": "word",
        "lemma": "ἤ",
        "strong": "G22280",
        "morph": "Gr,CO,,,,,,,,"
      },
      {
        "text": "ἄμπελος",
        "tag": "w",
        "type": "word",
        "lemma": "ἄμπελος",
        "strong": "G02880",
        "morph": "Gr,N,,,,,NFS,",
        "tw": "rc://*/tw/dict/bible/other/vine"
      },
      {
        "text": "σῦκα",
        "tag": "w",
        "type": "word",
        "lemma": "σῦκον",
        "strong": "G48100",
        "morph": "Gr,N,,,,,ANP,",
        "tw": "rc://*/tw/dict/bible/other/fig"
      },
      {
        "type": "text",
        "text": "?"
      },
      {
        "text": "οὔτε",
        "tag": "w",
        "type": "word",
        "lemma": "οὔτε",
        "strong": "G37770",
        "morph": "Gr,CO,,,,,,,,"
      },
      {
        "text": "ἁλυκὸν",
        "tag": "w",
        "type": "word",
        "lemma": "ἁλυκός",
        "strong": "G02520",
        "morph": "Gr,NS,,,,NNS,"
      },
      {
        "text": "γλυκὺ",
        "tag": "w",
        "type": "word",
        "lemma": "γλυκύς",
        "strong": "G10990",
        "morph": "Gr,NS,,,,ANS,"
      },
      {
        "text": "ποιῆσαι",
        "tag": "w",
        "type": "word",
        "lemma": "ποιέω",
        "strong": "G41600",
        "morph": "Gr,V,NAA,,,,,"
      },
      {
        "text": "ὕδωρ",
        "tag": "w",
        "type": "word",
        "lemma": "ὕδωρ",
        "strong": "G52040",
        "morph": "Gr,N,,,,,ANS,",
        "tw": "rc://*/tw/dict/bible/other/water"
      },
      {
        "type": "text",
        "text": ".\n\n"
      }
    ]
  },
  "13": {
    "verseObjects": [
      {
        "type": "text",
        "text": "\n"
      },
      {
        "tag": "p",
        "type": "paragraph",
        "text": "\n"
      },
      {
        "text": "τίς",
        "tag": "w",
        "type": "word",
        "lemma": "τίς",
        "strong": "G51010",
        "morph": "Gr,RT,,,,NMS,"
      },
      {
        "text": "σοφὸς",
        "tag": "w",
        "type": "word",
        "lemma": "σοφός",
        "strong": "G46800",
        "morph": "Gr,NS,,,,NMS,",
        "tw": "rc://*/tw/dict/bible/kt/wise"
      },
      {
        "text": "καὶ",
        "tag": "w",
        "type": "word",
        "lemma": "καί",
        "strong": "G25320",
        "morph": "Gr,CC,,,,,,,,"
      },
      {
        "text": "ἐπιστήμων",
        "tag": "w",
        "type": "word",
        "lemma": "ἐπιστήμων",
        "strong": "G19900",
        "morph": "Gr,NS,,,,NMS,",
        "tw": "rc://*/tw/dict/bible/other/understand"
      },
      {
        "text": "ἐν",
        "tag": "w",
        "type": "word",
        "lemma": "ἐν",
        "strong": "G17220",
        "morph": "Gr,P,,,,,D,,,"
      },
      {
        "text": "ὑμῖν",
        "tag": "w",
        "type": "word",
        "lemma": "σύ",
        "strong": "G47710",
        "morph": "Gr,RP,,,2D,P,"
      },
      {
        "type": "text",
        "text": "?"
      },
      {
        "text": "δειξάτω",
        "tag": "w",
        "type": "word",
        "lemma": "δεικνύω",
        "strong": "G11660",
        "morph": "Gr,V,MAA3,,S,"
      },
      {
        "text": "ἐκ",
        "tag": "w",
        "type": "word",
        "lemma": "ἐκ",
        "strong": "G15370",
        "morph": "Gr,P,,,,,G,,,"
      },
      {
        "text": "τῆς",
        "tag": "w",
        "type": "word",
        "lemma": "ὁ",
        "strong": "G35880",
        "morph": "Gr,EP,,,,GFS,"
      },
      {
        "text": "καλῆς",
        "tag": "w",
        "type": "word",
        "lemma": "καλός",
        "strong": "G25700",
        "morph": "Gr,AA,,,,GFS,",
        "tw": "rc://*/tw/dict/bible/kt/good"
      },
      {
        "text": "ἀναστροφῆς",
        "tag": "w",
        "type": "word",
        "lemma": "ἀναστροφή",
        "strong": "G03910",
        "morph": "Gr,N,,,,,GFS,"
      },
      {
        "text": "τὰ",
        "tag": "w",
        "type": "word",
        "lemma": "ὁ",
        "strong": "G35880",
        "morph": "Gr,EA,,,,ANP,"
      },
      {
        "text": "ἔργα",
        "tag": "w",
        "type": "word",
        "lemma": "ἔργον",
        "strong": "G20410",
        "morph": "Gr,N,,,,,ANP,",
        "tw": "rc://*/tw/dict/bible/kt/works"
      },
      {
        "text": "αὐτοῦ",
        "tag": "w",
        "type": "word",
        "lemma": "αὐτός",
        "strong": "G08460",
        "morph": "Gr,RP,,,3GMS,"
      },
      {
        "text": "ἐν",
        "tag": "w",
        "type": "word",
        "lemma": "ἐν",
        "strong": "G17220",
        "morph": "Gr,P,,,,,D,,,"
      },
      {
        "text": "πραΰτητι",
        "tag": "w",
        "type": "word",
        "lemma": "πραΰτης",
        "strong": "G42400",
        "morph": "Gr,N,,,,,DFS,",
        "tw": "rc://*/tw/dict/bible/kt/humble"
      },
      {
        "text": "σοφίας",
        "tag": "w",
        "type": "word",
        "lemma": "σοφία",
        "strong": "G46780",
        "morph": "Gr,N,,,,,GFS,",
        "tw": "rc://*/tw/dict/bible/kt/wise"
      },
      {
        "type": "text",
        "text": ".\n\n"
      }
    ]
  },
  "14": {
    "verseObjects": [
      {
        "text": "εἰ",
        "tag": "w",
        "type": "word",
        "lemma": "εἰ",
        "strong": "G14870",
        "morph": "Gr,CS,,,,,,,,"
      },
      {
        "text": "δὲ",
        "tag": "w",
        "type": "word",
        "lemma": "δέ",
        "strong": "G11610",
        "morph": "Gr,CC,,,,,,,,"
      },
      {
        "text": "ζῆλον",
        "tag": "w",
        "type": "word",
        "lemma": "ζῆλος",
        "strong": "G22050",
        "morph": "Gr,N,,,,,AMS,",
        "tw": "rc://*/tw/dict/bible/kt/jealous"
      },
      {
        "text": "πικρὸν",
        "tag": "w",
        "type": "word",
        "lemma": "πικρός",
        "strong": "G40890",
        "morph": "Gr,AA,,,,AMS,"
      },
      {
        "text": "ἔχετε",
        "tag": "w",
        "type": "word",
        "lemma": "ἔχω",
        "strong": "G21920",
        "morph": "Gr,V,IPA2,,P,"
      },
      {
        "type": "text",
        "text": ","
      },
      {
        "text": "καὶ",
        "tag": "w",
        "type": "word",
        "lemma": "καί",
        "strong": "G25320",
        "morph": "Gr,CC,,,,,,,,"
      },
      {
        "text": "ἐριθείαν",
        "tag": "w",
        "type": "word",
        "lemma": "ἐριθεία",
        "strong": "G20520",
        "morph": "Gr,N,,,,,AFS,"
      },
      {
        "text": "ἐν",
        "tag": "w",
        "type": "word",
        "lemma": "ἐν",
        "strong": "G17220",
        "morph": "Gr,P,,,,,D,,,"
      },
      {
        "text": "τῇ",
        "tag": "w",
        "type": "word",
        "lemma": "ὁ",
        "strong": "G35880",
        "morph": "Gr,EA,,,,DFS,"
      },
      {
        "text": "καρδίᾳ",
        "tag": "w",
        "type": "word",
        "lemma": "καρδία",
        "strong": "G25880",
        "morph": "Gr,N,,,,,DFS,",
        "tw": "rc://*/tw/dict/bible/kt/heart"
      },
      {
        "text": "ὑμῶν",
        "tag": "w",
        "type": "word",
        "lemma": "σύ",
        "strong": "G47710",
        "morph": "Gr,RP,,,2G,P,"
      },
      {
        "type": "text",
        "text": ","
      },
      {
        "text": "μὴ",
        "tag": "w",
        "type": "word",
        "lemma": "μή",
        "strong": "G33610",
        "morph": "Gr,D,,,,,,,,,"
      },
      {
        "text": "κατακαυχᾶσθε",
        "tag": "w",
        "type": "word",
        "lemma": "κατακαυχάομαι",
        "strong": "G26200",
        "morph": "Gr,V,MPM2,,P,",
        "tw": "rc://*/tw/dict/bible/kt/boast"
      },
      {
        "text": "καὶ",
        "tag": "w",
        "type": "word",
        "lemma": "καί",
        "strong": "G25320",
        "morph": "Gr,CC,,,,,,,,"
      },
      {
        "text": "ψεύδεσθε",
        "tag": "w",
        "type": "word",
        "lemma": "ψεύδομαι",
        "strong": "G55740",
        "morph": "Gr,V,MPM2,,P,"
      },
      {
        "text": "κατὰ",
        "tag": "w",
        "type": "word",
        "lemma": "κατά",
        "strong": "G25960",
        "morph": "Gr,P,,,,,G,,,"
      },
      {
        "text": "τῆς",
        "tag": "w",
        "type": "word",
        "lemma": "ὁ",
        "strong": "G35880",
        "morph": "Gr,EA,,,,GFS,"
      },
      {
        "text": "ἀληθείας",
        "tag": "w",
        "type": "word",
        "lemma": "ἀλήθεια",
        "strong": "G02250",
        "morph": "Gr,N,,,,,GFS,",
        "tw": "rc://*/tw/dict/bible/kt/true"
      },
      {
        "type": "text",
        "text": ".\n\n"
      }
    ]
  },
  "15": {
    "verseObjects": [
      {
        "text": "οὐκ",
        "tag": "w",
        "type": "word",
        "lemma": "οὐ",
        "strong": "G37560",
        "morph": "Gr,DO,,,,,,,,"
      },
      {
        "text": "ἔστιν",
        "tag": "w",
        "type": "word",
        "lemma": "εἰμί",
        "strong": "G15100",
        "morph": "Gr,V,IPA3,,S,"
      },
      {
        "text": "αὕτη",
        "tag": "w",
        "type": "word",
        "lemma": "οὗτος",
        "strong": "G37780",
        "morph": "Gr,ED,,,,NFS,"
      },
      {
        "text": "ἡ",
        "tag": "w",
        "type": "word",
        "lemma": "ὁ",
        "strong": "G35880",
        "morph": "Gr,EA,,,,NFS,"
      },
      {
        "text": "σοφία",
        "tag": "w",
        "type": "word",
        "lemma": "σοφία",
        "strong": "G46780",
        "morph": "Gr,N,,,,,NFS,",
        "tw": "rc://*/tw/dict/bible/kt/wise"
      },
      {
        "text": "ἄνωθεν",
        "tag": "w",
        "type": "word",
        "lemma": "ἄνωθεν",
        "strong": "G05090",
        "morph": "Gr,D,,,,,,,,,"
      },
      {
        "text": "κατερχομένη",
        "tag": "w",
        "type": "word",
        "lemma": "κατέρχομαι",
        "strong": "G27180",
        "morph": "Gr,V,PPM,NFS,"
      },
      {
        "type": "text",
        "text": ","
      },
      {
        "text": "ἀλλὰ",
        "tag": "w",
        "type": "word",
        "lemma": "ἀλλά",
        "strong": "G02350",
        "morph": "Gr,CO,,,,,,,,"
      },
      {
        "text": "ἐπίγειος",
        "tag": "w",
        "type": "word",
        "lemma": "ἐπίγειος",
        "strong": "G19190",
        "morph": "Gr,NS,,,,NFS,",
        "tw": "rc://*/tw/dict/bible/other/earth"
      },
      {
        "type": "text",
        "text": ","
      },
      {
        "text": "ψυχική",
        "tag": "w",
        "type": "word",
        "lemma": "ψυχικός",
        "strong": "G55910",
        "morph": "Gr,NS,,,,NFS,"
      },
      {
        "type": "text",
        "text": ","
      },
      {
        "text": "δαιμονιώδης",
        "tag": "w",
        "type": "word",
        "lemma": "δαιμονιώδης",
        "strong": "G11410",
        "morph": "Gr,NS,,,,NFS,",
        "tw": "rc://*/tw/dict/bible/kt/satan"
      },
      {
        "type": "text",
        "text": ".\n\n"
      }
    ]
  },
  "16": {
    "verseObjects": [
      {
        "text": "ὅπου",
        "tag": "w",
        "type": "word",
        "lemma": "ὅπου",
        "strong": "G36990",
        "morph": "Gr,CS,,,,,,,,"
      },
      {
        "text": "γὰρ",
        "tag": "w",
        "type": "word",
        "lemma": "γάρ",
        "strong": "G10630",
        "morph": "Gr,CC,,,,,,,,"
      },
      {
        "text": "ζῆλος",
        "tag": "w",
        "type": "word",
        "lemma": "ζῆλος",
        "strong": "G22050",
        "morph": "Gr,N,,,,,NMS,",
        "tw": "rc://*/tw/dict/bible/kt/jealous"
      },
      {
        "text": "καὶ",
        "tag": "w",
        "type": "word",
        "lemma": "καί",
        "strong": "G25320",
        "morph": "Gr,CC,,,,,,,,"
      },
      {
        "text": "ἐριθεία",
        "tag": "w",
        "type": "word",
        "lemma": "ἐριθεία",
        "strong": "G20520",
        "morph": "Gr,N,,,,,NFS,"
      },
      {
        "type": "text",
        "text": ","
      },
      {
        "text": "ἐκεῖ",
        "tag": "w",
        "type": "word",
        "lemma": "ἐκεῖ",
        "strong": "G15630",
        "morph": "Gr,D,,,,,,,,,"
      },
      {
        "text": "ἀκαταστασία",
        "tag": "w",
        "type": "word",
        "lemma": "ἀκαταστασία",
        "strong": "G01810",
        "morph": "Gr,N,,,,,NFS,"
      },
      {
        "text": "καὶ",
        "tag": "w",
        "type": "word",
        "lemma": "καί",
        "strong": "G25320",
        "morph": "Gr,CC,,,,,,,,"
      },
      {
        "text": "πᾶν",
        "tag": "w",
        "type": "word",
        "lemma": "πᾶς",
        "strong": "G39560",
        "morph": "Gr,EQ,,,,NNS,"
      },
      {
        "text": "φαῦλον",
        "tag": "w",
        "type": "word",
        "lemma": "φαῦλος",
        "strong": "G53370",
        "morph": "Gr,AA,,,,NNS,",
        "tw": "rc://*/tw/dict/bible/kt/evil"
      },
      {
        "text": "πρᾶγμα",
        "tag": "w",
        "type": "word",
        "lemma": "πρᾶγμα",
        "strong": "G42290",
        "morph": "Gr,N,,,,,NNS,"
      },
      {
        "type": "text",
        "text": ".\n\n"
      }
    ]
  },
  "17": {
    "verseObjects": [
      {
        "text": "ἡ",
        "tag": "w",
        "type": "word",
        "lemma": "ὁ",
        "strong": "G35880",
        "morph": "Gr,EA,,,,NFS,"
      },
      {
        "text": "δὲ",
        "tag": "w",
        "type": "word",
        "lemma": "δέ",
        "strong": "G11610",
        "morph": "Gr,CC,,,,,,,,"
      },
      {
        "text": "ἄνωθεν",
        "tag": "w",
        "type": "word",
        "lemma": "ἄνωθεν",
        "strong": "G05090",
        "morph": "Gr,D,,,,,,,,,"
      },
      {
        "text": "σοφία",
        "tag": "w",
        "type": "word",
        "lemma": "σοφία",
        "strong": "G46780",
        "morph": "Gr,N,,,,,NFS,",
        "tw": "rc://*/tw/dict/bible/kt/wise"
      },
      {
        "type": "text",
        "text": ","
      },
      {
        "text": "πρῶτον",
        "tag": "w",
        "type": "word",
        "lemma": "πρῶτον",
        "strong": "G44120",
        "morph": "Gr,D,,,,,,,,S"
      },
      {
        "text": "μὲν",
        "tag": "w",
        "type": "word",
        "lemma": "μέν",
        "strong": "G33030",
        "morph": "Gr,D,,,,,,,,,"
      },
      {
        "text": "ἁγνή",
        "tag": "w",
        "type": "word",
        "lemma": "ἁγνός",
        "strong": "G00530",
        "morph": "Gr,NP,,,,NFS,",
        "tw": "rc://*/tw/dict/bible/kt/purify"
      },
      {
        "text": "ἐστιν",
        "tag": "w",
        "type": "word",
        "lemma": "εἰμί",
        "strong": "G15100",
        "morph": "Gr,V,IPA3,,S,"
      },
      {
        "type": "text",
        "text": ","
      },
      {
        "text": "ἔπειτα",
        "tag": "w",
        "type": "word",
        "lemma": "ἔπειτα",
        "strong": "G18990",
        "morph": "Gr,D,,,,,,,,,"
      },
      {
        "text": "εἰρηνική",
        "tag": "w",
        "type": "word",
        "lemma": "εἰρηνικός",
        "strong": "G15160",
        "morph": "Gr,NS,,,,NFS,",
        "tw": "rc://*/tw/dict/bible/other/peace"
      },
      {
        "type": "text",
        "text": ","
      },
      {
        "text": "ἐπιεικής",
        "tag": "w",
        "type": "word",
        "lemma": "ἐπιεικής",
        "strong": "G19330",
        "morph": "Gr,NS,,,,NFS,"
      },
      {
        "type": "text",
        "text": ","
      },
      {
        "text": "εὐπειθής",
        "tag": "w",
        "type": "word",
        "lemma": "εὐπειθής",
        "strong": "G21380",
        "morph": "Gr,NS,,,,NFS,"
      },
      {
        "type": "text",
        "text": ","
      },
      {
        "text": "μεστὴ",
        "tag": "w",
        "type": "word",
        "lemma": "μεστός",
        "strong": "G33240",
        "morph": "Gr,NS,,,,NFS,"
      },
      {
        "text": "ἐλέους",
        "tag": "w",
        "type": "word",
        "lemma": "ἔλεος",
        "strong": "G16560",
        "morph": "Gr,N,,,,,GNS,",
        "tw": "rc://*/tw/dict/bible/kt/mercy"
      },
      {
        "text": "καὶ",
        "tag": "w",
        "type": "word",
        "lemma": "καί",
        "strong": "G25320",
        "morph": "Gr,CC,,,,,,,,"
      },
      {
        "text": "καρπῶν",
        "tag": "w",
        "type": "word",
        "lemma": "καρπός",
        "strong": "G25900",
        "morph": "Gr,N,,,,,GMP,",
        "tw": "rc://*/tw/dict/bible/other/fruit"
      },
      {
        "text": "ἀγαθῶν",
        "tag": "w",
        "type": "word",
        "lemma": "ἀγαθός",
        "strong": "G00180",
        "morph": "Gr,AA,,,,GMP,",
        "tw": "rc://*/tw/dict/bible/kt/good"
      },
      {
        "type": "text",
        "text": ","
      },
      {
        "text": "ἀδιάκριτος",
        "tag": "w",
        "type": "word",
        "lemma": "ἀδιάκριτος",
        "strong": "G00870",
        "morph": "Gr,NS,,,,NFS,"
      },
      {
        "type": "text",
        "text": ","
      },
      {
        "text": "ἀνυπόκριτος",
        "tag": "w",
        "type": "word",
        "lemma": "ἀνυπόκριτος",
        "strong": "G05050",
        "morph": "Gr,NS,,,,NFS,"
      },
      {
        "type": "text",
        "text": ".\n\n"
      }
    ]
  },
  "18": {
    "verseObjects": [
      {
        "text": "καρπὸς",
        "tag": "w",
        "type": "word",
        "lemma": "καρπός",
        "strong": "G25900",
        "morph": "Gr,N,,,,,NMS,",
        "tw": "rc://*/tw/dict/bible/other/fruit"
      },
      {
        "text": "δὲ",
        "tag": "w",
        "type": "word",
        "lemma": "δέ",
        "strong": "G11610",
        "morph": "Gr,CC,,,,,,,,"
      },
      {
        "text": "δικαιοσύνης",
        "tag": "w",
        "type": "word",
        "lemma": "δικαιοσύνη",
        "strong": "G13430",
        "morph": "Gr,N,,,,,GFS,",
        "tw": "rc://*/tw/dict/bible/kt/righteous"
      },
      {
        "text": "ἐν",
        "tag": "w",
        "type": "word",
        "lemma": "ἐν",
        "strong": "G17220",
        "morph": "Gr,P,,,,,D,,,"
      },
      {
        "text": "εἰρήνῃ",
        "tag": "w",
        "type": "word",
        "lemma": "εἰρήνη",
        "strong": "G15150",
        "morph": "Gr,N,,,,,DFS,",
        "tw": "rc://*/tw/dict/bible/other/peace"
      },
      {
        "text": "σπείρεται",
        "tag": "w",
        "type": "word",
        "lemma": "σπείρω",
        "strong": "G46870",
        "morph": "Gr,V,IPP3,,S,",
        "tw": "rc://*/tw/dict/bible/other/sow"
      },
      {
        "type": "text",
        "text": ","
      },
      {
        "text": "τοῖς",
        "tag": "w",
        "type": "word",
        "lemma": "ὁ",
        "strong": "G35880",
        "morph": "Gr,RD,,,,DMP,"
      },
      {
        "text": "ποιοῦσιν",
        "tag": "w",
        "type": "word",
        "lemma": "ποιέω",
        "strong": "G41600",
        "morph": "Gr,V,PPA,DMP,"
      },
      {
        "text": "εἰρήνην",
        "tag": "w",
        "type": "word",
        "lemma": "εἰρήνη",
        "strong": "G15150",
        "morph": "Gr,N,,,,,AFS,",
        "tw": "rc://*/tw/dict/bible/other/peace"
      },
      {
        "type": "text",
        "text": ".\n\n"
      }
    ]
  },
  "front": {
    "verseObjects": [
      {
        "tag": "p",
        "type": "paragraph",
        "text": "\n"
      },
      {
        "type": "text",
        "text": "\n"
      }
    ]
  }
}