{
  "1": {
    "verseObjects": [
      {
        "type": "text",
        "text": "पौलुस की ओर से जो हमारे उद्धारकर्ता परमेश्‍वर, और हमारी आशा के आधार मसीह यीशु की आज्ञा से मसीह यीशु का प्रेरित है,\n"
      }
    ]
  },
  "2": {
    "verseObjects": [
      {
        "type": "text",
        "text": "तीमुथियुस के नाम जो विश्वास में मेरा सच्चा पुत्र है: पिता परमेश्‍वर, और हमारे प्रभु मसीह यीशु की ओर से, तुझे अनुग्रह और दया, और शान्ति मिलती रहे।\n"
      },
      {
        "tag": "s",
        "type": "section",
        "content": "झूठी शिक्षाओं के विरुद्ध चेतावनी\n"
      },
      {
        "tag": "p",
        "nextChar": "\n",
        "type": "paragraph"
      },
      {
        "tag": "s5",
        "nextChar": "\n",
        "type": "section"
      }
    ]
  },
  "3": {
    "verseObjects": [
      {
        "type": "text",
        "text": "जैसे मैंने मकिदुनिया को जाते समय तुझे समझाया था, कि इफिसुस में रहकर कुछ लोगों को आज्ञा दे कि अन्य प्रकार की शिक्षा न दें,\n"
      }
    ]
  },
  "4": {
    "verseObjects": [
      {
        "type": "text",
        "text": "और उन कहानियों और अनन्त वंशावलियों पर मन न लगाएँ*, जिनसे विवाद होते हैं; और परमेश्‍वर के उस प्रबन्ध के अनुसार नहीं, जो विश्वास से सम्बन्ध रखता है; वैसे ही फिर भी कहता हूँ।\n"
      },
      {
        "tag": "p",
        "nextChar": "\n",
        "type": "paragraph"
      },
      {
        "tag": "s5",
        "nextChar": "\n",
        "type": "section"
      }
    ]
  },
  "5": {
    "verseObjects": [
      {
        "type": "text",
        "text": "आज्ञा का सारांश यह है कि शुद्ध मन और अच्छे विवेक, और निष्कपट विश्वास से प्रेम उत्‍पन्‍न हो।\n"
      }
    ]
  },
  "6": {
    "verseObjects": [
      {
        "type": "text",
        "text": "इनको छोड़कर कितने लोग फिरकर बकवाद की ओर भटक गए हैं,\n"
      }
    ]
  },
  "7": {
    "verseObjects": [
      {
        "type": "text",
        "text": "और व्यवस्थापक तो होना चाहते हैं, पर जो बातें कहते और जिनको दृढ़ता से बोलते हैं, उनको समझते भी नहीं।\n"
      }
    ]
  },
  "8": {
    "verseObjects": [
      {
        "type": "text",
        "text": "पर हम जानते हैं कि यदि कोई व्यवस्था को व्यवस्था की रीति पर काम में लाए तो वह भली है।\n"
      },
      {
        "tag": "p",
        "nextChar": "\n",
        "type": "paragraph"
      },
      {
        "tag": "s5",
        "nextChar": "\n",
        "type": "section"
      }
    ]
  },
  "9": {
    "verseObjects": [
      {
        "type": "text",
        "text": "यह जानकर कि व्यवस्था धर्मी जन के लिये नहीं पर अधर्मियों, निरंकुशों, भक्तिहीनों, पापियों, अपवित्रों और अशुद्धों, माँ-बाप के मारनेवाले, हत्यारों,\n"
      }
    ]
  },
  "10": {
    "verseObjects": [
      {
        "type": "text",
        "text": "व्यभिचारियों, पुरुषगामियों, मनुष्य के बेचनेवालों, झूठ बोलनेवालों, और झूठी शपथ खानेवालों, और इनको छोड़ खरे उपदेश के सब विरोधियों के लिये ठहराई गई है।\n"
      }
    ]
  },
  "11": {
    "verseObjects": [
      {
        "type": "text",
        "text": "यही परमधन्य परमेश्‍वर की महिमा के उस सुसमाचार के अनुसार है, जो मुझे सौंपा गया है।\n"
      },
      {
        "tag": "s",
        "type": "section",
        "content": "पौलुस की गवाही\n"
      },
      {
        "tag": "p",
        "nextChar": "\n",
        "type": "paragraph"
      },
      {
        "tag": "s5",
        "nextChar": "\n",
        "type": "section"
      }
    ]
  },
  "12": {
    "verseObjects": [
      {
        "type": "text",
        "text": "और मैं अपने प्रभु मसीह यीशु का, जिस ने मुझे सामर्थ्य दी है, धन्यवाद करता हूँ; कि उसने मुझे विश्वासयोग्य समझकर अपनी सेवा के लिये ठहराया।\n"
      }
    ]
  },
  "13": {
    "verseObjects": [
      {
        "type": "text",
        "text": "मैं तो पहले निन्दा करनेवाला, और सतानेवाला, और अंधेर करनेवाला था; तो भी मुझ पर दया हुई, क्योंकि मैंने अविश्वास की दशा में बिन समझे बूझे ये काम किए थे।\n"
      }
    ]
  },
  "14": {
    "verseObjects": [
      {
        "type": "text",
        "text": "और हमारे प्रभु का अनुग्रह उस विश्वास और प्रेम के साथ जो मसीह यीशु में है, बहुतायत से हुआ।\n"
      },
      {
        "tag": "p",
        "nextChar": "\n",
        "type": "paragraph"
      },
      {
        "tag": "s5",
        "nextChar": "\n",
        "type": "section"
      }
    ]
  },
  "15": {
    "verseObjects": [
      {
        "type": "text",
        "text": "यह बात सच और हर प्रकार से मानने के योग्य है कि मसीह यीशु पापियों का उद्धार करने के लिये जगत में आया, जिनमें सबसे बड़ा मैं हूँ।\n"
      }
    ]
  },
  "16": {
    "verseObjects": [
      {
        "type": "text",
        "text": "पर मुझ पर इसलिए दया हुई कि मुझ सबसे बड़े पापी में यीशु मसीह अपनी पूरी सहनशीलता दिखाए, कि जो लोग उस पर अनन्त जीवन के लिये विश्वास करेंगे, उनके लिये मैं एक आदर्श बनूँ।\n"
      }
    ]
  },
  "17": {
    "verseObjects": [
      {
        "type": "text",
        "text": "अब सनातन राजा अर्थात् अविनाशी* अनदेखे अद्वैत परमेश्‍वर का आदर और महिमा युगानुयुग होती रहे। आमीन।\n"
      },
      {
        "tag": "s",
        "type": "section",
        "content": "तीमुथियुस का उत्तरदायित्व\n"
      },
      {
        "tag": "p",
        "nextChar": "\n",
        "type": "paragraph"
      },
      {
        "tag": "s5",
        "nextChar": "\n",
        "type": "section"
      }
    ]
  },
  "18": {
    "verseObjects": [
      {
        "type": "text",
        "text": "हे पुत्र तीमुथियुस, उन भविष्यद्वाणियों के अनुसार जो पहले तेरे विषय में की गई थीं, मैं यह आज्ञा सौंपता हूँ, कि तू उनके अनुसार अच्छी लड़ाई को लड़ता रह।\n"
      }
    ]
  },
  "19": {
    "verseObjects": [
      {
        "type": "text",
        "text": "और विश्वास और उस अच्छे विवेक को थामे रह जिसे दूर करने के कारण कितनों का विश्वास रूपी जहाज डूब गया।\n"
      }
    ]
  },
  "20": {
    "verseObjects": [
      {
        "type": "text",
        "text": "उन्हीं में से हुमिनयुस और सिकन्दर हैं जिन्हें मैंने शैतान को सौंप दिया कि वे निन्दा करना न सीखें।\n\n"
      },
      {
        "tag": "s5",
        "nextChar": "\n",
        "type": "section"
      }
    ]
  },
  "front": {
    "verseObjects": [
      {
        "tag": "s",
        "type": "section",
        "content": "शुभकामनाएँ\n"
      },
      {
        "tag": "p",
        "nextChar": "\n",
        "type": "paragraph"
      }
    ]
  }
}