{
  "1": {
    "verseObjects": [
      {
        "type": "text",
        "text": "अब मैं सबसे पहले यह आग्रह करता हूँ, कि विनती, प्रार्थना, निवेदन, धन्यवाद, सब मनुष्यों के लिये किए जाएँ।\n"
      }
    ]
  },
  "2": {
    "verseObjects": [
      {
        "type": "text",
        "text": "राजाओं और सब ऊँचे पदवालों के निमित्त इसलिए कि हम विश्राम और चैन के साथ सारी भक्ति और गरिमा में जीवन बिताएँ।\n"
      }
    ]
  },
  "3": {
    "verseObjects": [
      {
        "type": "text",
        "text": "यह हमारे उद्धारकर्ता परमेश्‍वर को अच्छा लगता और भाता भी है,\n"
      }
    ]
  },
  "4": {
    "verseObjects": [
      {
        "type": "text",
        "text": "जो यह चाहता है, कि सब मनुष्यों का उद्धार हो; और वे सत्य को भली-भाँति पहचान लें। (यहे. 18:23)\n"
      },
      {
        "tag": "p",
        "type": "paragraph",
        "text": "\n"
      },
      {
        "tag": "s5",
        "type": "section",
        "text": "\n"
      }
    ]
  },
  "5": {
    "verseObjects": [
      {
        "type": "text",
        "text": "क्योंकि परमेश्‍वर एक ही है, और परमेश्‍वर और मनुष्यों के बीच में भी एक ही बिचवई है*, अर्थात् मसीह यीशु जो मनुष्य है,\n"
      }
    ]
  },
  "6": {
    "verseObjects": [
      {
        "type": "text",
        "text": "जिसने अपने आप को सबके छुटकारे के दाम में दे दिया; ताकि उसकी गवाही ठीक समयों पर दी जाए।\n"
      }
    ]
  },
  "7": {
    "verseObjects": [
      {
        "type": "text",
        "text": "मैं सच कहता हूँ, झूठ नहीं बोलता, कि मैं इसी उद्देश्य से प्रचारक और प्रेरित और अन्यजातियों के लिये विश्वास और सत्य का उपदेशक ठहराया गया।\n"
      },
      {
        "tag": "s",
        "type": "section",
        "text": "कलीसियाओं में स्त्री और पुरुष को निर्देश\n"
      },
      {
        "tag": "p",
        "type": "paragraph",
        "text": "\n"
      },
      {
        "tag": "s5",
        "type": "section",
        "text": "\n"
      }
    ]
  },
  "8": {
    "verseObjects": [
      {
        "type": "text",
        "text": "इसलिए मैं चाहता हूँ, कि हर जगह पुरुष बिना क्रोध और विवाद के पवित्र हाथों को उठाकर प्रार्थना किया करें।\n"
      }
    ]
  },
  "9": {
    "verseObjects": [
      {
        "type": "text",
        "text": "वैसे ही स्त्रियाँ भी संकोच और संयम के साथ सुहावने* वस्त्रों से अपने आप को संवारे; न कि बाल गूँथने, सोने, मोतियों, और बहुमूल्य कपड़ों से,\n"
      }
    ]
  },
  "10": {
    "verseObjects": [
      {
        "type": "text",
        "text": "पर भले कामों से, क्योंकि परमेश्‍वर की भक्ति करनेवाली स्त्रियों को यही उचित भी है।\n"
      },
      {
        "tag": "p",
        "type": "paragraph",
        "text": "\n"
      },
      {
        "tag": "s5",
        "type": "section",
        "text": "\n"
      }
    ]
  },
  "11": {
    "verseObjects": [
      {
        "type": "text",
        "text": "और स्त्री को चुपचाप पूरी अधीनता में सीखना चाहिए।\n"
      }
    ]
  },
  "12": {
    "verseObjects": [
      {
        "type": "text",
        "text": "मैं कहता हूँ, कि स्त्री न उपदेश करे और न पुरुष पर अधिकार चलाए, परन्तु चुपचाप रहे।\n"
      },
      {
        "tag": "p",
        "type": "paragraph",
        "text": "\n"
      },
      {
        "tag": "s5",
        "type": "section",
        "text": "\n"
      }
    ]
  },
  "13": {
    "verseObjects": [
      {
        "type": "text",
        "text": "क्योंकि आदम पहले, उसके बाद हव्वा बनाई गई। (1 कुरि. 11:8)\n"
      }
    ]
  },
  "14": {
    "verseObjects": [
      {
        "type": "text",
        "text": "और आदम बहकाया न गया, पर स्त्री बहकावे में आकर अपराधिनी हुई। (उत्प. 3:6)\n"
      }
    ]
  },
  "15": {
    "verseObjects": [
      {
        "type": "text",
        "text": "तो भी स्त्री बच्चे जनने के द्वारा उद्धार पाएगी, यदि वह संयम सहित विश्वास, प्रेम, और पवित्रता में स्थिर रहें।\n\n"
      },
      {
        "tag": "s5",
        "type": "section",
        "text": "\n"
      }
    ]
  },
  "front": {
    "verseObjects": [
      {
        "tag": "s",
        "type": "section",
        "text": "सभी के लिये प्रार्थना\n"
      },
      {
        "tag": "p",
        "type": "paragraph",
        "text": "\n"
      }
    ]
  }
}