{
  "1": {
    "verseObjects": [
      {
        "type": "text",
        "text": "उस समय हेरोदेस राजा* ने कलीसिया के कई एक व्यक्तियों को दुःख देने के लिये उन पर हाथ डाले।\n"
      }
    ]
  },
  "2": {
    "verseObjects": [
      {
        "type": "text",
        "text": "उसने यूहन्ना के भाई याकूब को तलवार से मरवा डाला।\n"
      },
      {
        "tag": "p",
        "type": "paragraph",
        "text": "\n"
      },
      {
        "tag": "s5",
        "type": "section",
        "text": "\n"
      }
    ]
  },
  "3": {
    "verseObjects": [
      {
        "type": "text",
        "text": "जब उसने देखा, कि यहूदी लोग इससे आनन्दित होते हैं, तो उसने पतरस को भी पकड़ लिया। वे दिन अख़मीरी रोटी के दिन थे।\n"
      }
    ]
  },
  "4": {
    "verseObjects": [
      {
        "type": "text",
        "text": "और उसने उसे पकड़कर बन्दीगृह में डाला, और रखवाली के लिये, चार-चार सिपाहियों के चार पहरों में रखा, इस मनसा से कि फसह के बाद उसे लोगों के सामने लाए।\n"
      },
      {
        "tag": "s",
        "type": "section",
        "text": "पतरस का बन्दीगृह से छुटकारा\n"
      },
      {
        "tag": "p",
        "type": "paragraph",
        "text": "\n"
      },
      {
        "tag": "s5",
        "type": "section",
        "text": "\n"
      }
    ]
  },
  "5": {
    "verseObjects": [
      {
        "type": "text",
        "text": "बन्दीगृह में पतरस की रखवाली हो रही थी; परन्तु कलीसिया उसके लिये लौ लगाकर परमेश्‍वर से प्रार्थना कर रही थी।\n"
      }
    ]
  },
  "6": {
    "verseObjects": [
      {
        "type": "text",
        "text": "और जब हेरोदेस उसे उनके सामने लाने को था, तो उसी रात पतरस दो जंजीरों से बंधा हुआ, दो सिपाहियों के बीच में सो रहा था; और पहरेदार द्वार पर बन्दीगृह की रखवाली कर रहे थे।\n"
      },
      {
        "tag": "p",
        "type": "paragraph",
        "text": "\n"
      },
      {
        "tag": "s5",
        "type": "section",
        "text": "\n"
      }
    ]
  },
  "7": {
    "verseObjects": [
      {
        "type": "text",
        "text": "तब प्रभु का एक स्वर्गदूत आ खड़ा हुआ और उस कोठरी में ज्योति चमकी, और उसने पतरस की पसली पर हाथ मार कर उसे जगाया, और कहा, “उठ, जल्दी कर।” और उसके हाथ से जंजीरें खुलकर गिर पड़ीं।\n"
      }
    ]
  },
  "8": {
    "verseObjects": [
      {
        "type": "text",
        "text": "तब स्वर्गदूत ने उससे कहा, “कमर बाँध, और अपने जूते पहन ले।” उसने वैसा ही किया, फिर उसने उससे कहा, “अपना वस्त्र पहनकर मेरे पीछे हो ले।”\n"
      },
      {
        "tag": "p",
        "type": "paragraph",
        "text": "\n"
      },
      {
        "tag": "s5",
        "type": "section",
        "text": "\n"
      }
    ]
  },
  "9": {
    "verseObjects": [
      {
        "type": "text",
        "text": "वह निकलकर उसके पीछे हो लिया; परन्तु यह न जानता था कि जो कुछ स्वर्गदूत कर रहा है, वह सच है, बल्कि यह समझा कि मैं दर्शन देख रहा हूँ।\n"
      }
    ]
  },
  "10": {
    "verseObjects": [
      {
        "type": "text",
        "text": "तब वे पहले और दूसरे पहरे से निकलकर उस लोहे के फाटक पर पहुँचे, जो नगर की ओर है। वह उनके लिये आप से आप खुल गया, और वे निकलकर एक ही गली होकर गए, इतने में स्वर्गदूत उसे छोड़कर चला गया।\n"
      },
      {
        "tag": "p",
        "type": "paragraph",
        "text": "\n"
      },
      {
        "tag": "s5",
        "type": "section",
        "text": "\n"
      }
    ]
  },
  "11": {
    "verseObjects": [
      {
        "type": "text",
        "text": "तब पतरस ने सचेत होकर कहा, “अब मैंने सच जान लिया कि प्रभु ने अपना स्वर्गदूत भेजकर मुझे हेरोदेस के हाथ से छुड़ा लिया, और यहूदियों की सारी आशा तोड़ दी।”\n"
      }
    ]
  },
  "12": {
    "verseObjects": [
      {
        "type": "text",
        "text": "और यह सोचकर, वह उस यूहन्ना की माता मरियम के घर आया, जो मरकुस कहलाता है। वहाँ बहुत लोग इकट्ठे होकर प्रार्थना कर रहे थे।\n"
      },
      {
        "tag": "p",
        "type": "paragraph",
        "text": "\n"
      },
      {
        "tag": "s5",
        "type": "section",
        "text": "\n"
      }
    ]
  },
  "13": {
    "verseObjects": [
      {
        "type": "text",
        "text": "जब उसने फाटक की खिड़की खटखटाई तो रूदे* नामक एक दासी सुनने को आई।\n"
      }
    ]
  },
  "14": {
    "verseObjects": [
      {
        "type": "text",
        "text": "और पतरस का शब्द पहचानकर, उसने आनन्द के मारे फाटक न खोला; परन्तु दौड़कर भीतर गई, और बताया कि पतरस द्वार पर खड़ा है।\n"
      }
    ]
  },
  "15": {
    "verseObjects": [
      {
        "type": "text",
        "text": "उन्होंने उससे कहा, “तू पागल है।” परन्तु वह दृढ़ता से बोली कि ऐसा ही है: तब उन्होंने कहा, “उसका स्वर्गदूत होगा।”\n"
      },
      {
        "tag": "p",
        "type": "paragraph",
        "text": "\n"
      },
      {
        "tag": "s5",
        "type": "section",
        "text": "\n"
      }
    ]
  },
  "16": {
    "verseObjects": [
      {
        "type": "text",
        "text": "परन्तु पतरस खटखटाता ही रहा अतः उन्होंने खिड़की खोली, और उसे देखकर चकित रह गए*।\n"
      }
    ]
  },
  "17": {
    "verseObjects": [
      {
        "type": "text",
        "text": "तब उसने उन्हें हाथ से संकेत किया कि चुप रहें; और उनको बताया कि प्रभु किस रीति से मुझे बन्दीगृह से निकाल लाया है। फिर कहा, “याकूब और भाइयों को यह बात कह देना।” तब निकलकर दूसरी जगह चला गया।\n"
      },
      {
        "tag": "p",
        "type": "paragraph",
        "text": "\n"
      },
      {
        "tag": "s5",
        "type": "section",
        "text": "\n"
      }
    ]
  },
  "18": {
    "verseObjects": [
      {
        "type": "text",
        "text": "भोर को सिपाहियों में बड़ी हलचल होने लगी कि पतरस कहाँ गया।\n"
      }
    ]
  },
  "19": {
    "verseObjects": [
      {
        "type": "text",
        "text": "जब हेरोदेस ने उसकी खोज की और न पाया, तो पहरुओं की जाँच करके आज्ञा दी कि वे मार डाले जाएँ: और वह यहूदिया को छोड़कर कैसरिया में जाकर रहने लगा।\n"
      },
      {
        "tag": "s",
        "type": "section",
        "text": "हेरोदेस का कीड़े पड़कर मरना\n"
      },
      {
        "tag": "p",
        "type": "paragraph",
        "text": "\n"
      },
      {
        "tag": "s5",
        "type": "section",
        "text": "\n"
      }
    ]
  },
  "20": {
    "verseObjects": [
      {
        "type": "text",
        "text": "हेरोदेस सूर और सैदा के लोगों से बहुत अप्रसन्न था। तब वे एक चित्त होकर उसके पास आए और बलास्तुस को जो राजा का एक कर्मचारी था, मनाकर मेल करना चाहा; क्योंकि राजा के देश से उनके देश का पालन-पोषण होता था। (1 राजा. 5:11, यहे. 27:17)\n"
      }
    ]
  },
  "21": {
    "verseObjects": [
      {
        "type": "text",
        "text": "ठहराए हुए दिन हेरोदेस राजवस्त्र पहनकर सिंहासन पर बैठा; और उनको व्याख्यान देने लगा।\n"
      },
      {
        "tag": "p",
        "type": "paragraph",
        "text": "\n"
      },
      {
        "tag": "s5",
        "type": "section",
        "text": "\n"
      }
    ]
  },
  "22": {
    "verseObjects": [
      {
        "type": "text",
        "text": "और लोग पुकार उठे, “यह तो मनुष्य का नहीं ईश्वर का शब्द है।”\n"
      }
    ]
  },
  "23": {
    "verseObjects": [
      {
        "type": "text",
        "text": "उसी क्षण प्रभु के एक स्वर्गदूत ने तुरन्त उसे आघात पहुँचाया, क्योंकि उसने परमेश्‍वर की महिमा नहीं की और उसके शरीर में कीड़े पड़ गए और वह मर गया। (दानि. 5:20)\n"
      },
      {
        "tag": "p",
        "type": "paragraph",
        "text": "\n"
      },
      {
        "tag": "s5",
        "type": "section",
        "text": "\n"
      }
    ]
  },
  "24": {
    "verseObjects": [
      {
        "type": "text",
        "text": "परन्तु परमेश्‍वर का वचन बढ़ता और फैलता गया*।\n"
      },
      {
        "tag": "p",
        "type": "paragraph",
        "text": "\n"
      }
    ]
  },
  "25": {
    "verseObjects": [
      {
        "type": "text",
        "text": "जब बरनबास और शाऊल अपनी सेवा पूरी कर चुके तो यूहन्ना को जो मरकुस कहलाता है, साथ लेकर यरूशलेम से लौटे।\n\n"
      },
      {
        "tag": "s5",
        "type": "section",
        "text": "\n"
      }
    ]
  },
  "front": {
    "verseObjects": [
      {
        "tag": "s",
        "type": "section",
        "text": "हेरोदेस की हिंसा\n"
      },
      {
        "tag": "p",
        "type": "paragraph",
        "text": "\n"
      }
    ]
  }
}