{
  "1": {
    "verseObjects": [
      {
        "type": "text",
        "text": "इकुनियुम में ऐसा हुआ कि पौलुस और बरनबास यहूदियों की आराधनालय में साथ-साथ गए, और ऐसी बातें की, कि यहूदियों और यूनानियों दोनों में से बहुतों ने विश्वास किया।\n"
      }
    ]
  },
  "2": {
    "verseObjects": [
      {
        "type": "text",
        "text": "परन्तु विश्वास न करनेवाले यहूदियों ने अन्यजातियों के मन भाइयों के विरोध में भड़काए, और कटुता उत्‍पन्‍न कर दी।\n"
      },
      {
        "tag": "p",
        "type": "paragraph",
        "text": "\n"
      },
      {
        "tag": "s5",
        "type": "section",
        "text": "\n"
      }
    ]
  },
  "3": {
    "verseObjects": [
      {
        "type": "text",
        "text": "और वे बहुत दिन तक वहाँ रहे, और प्रभु के भरोसे पर साहस के साथ बातें करते थे: और वह उनके हाथों से चिन्ह और अद्भुत काम करवाकर अपने अनुग्रह के वचन पर गवाही देता था।\n"
      }
    ]
  },
  "4": {
    "verseObjects": [
      {
        "type": "text",
        "text": "परन्तु नगर के लोगों में फूट पड़ गई थी; इससे कितने तो यहूदियों की ओर, और कितने प्रेरितों की ओर हो गए।\n"
      },
      {
        "tag": "p",
        "type": "paragraph",
        "text": "\n"
      },
      {
        "tag": "s5",
        "type": "section",
        "text": "\n"
      }
    ]
  },
  "5": {
    "verseObjects": [
      {
        "type": "text",
        "text": "परन्तु जब अन्यजाति और यहूदी उनका अपमान और उन्हें पत्थराव करने के लिये अपने सरदारों समेत उन पर दौड़े।\n"
      }
    ]
  },
  "6": {
    "verseObjects": [
      {
        "type": "text",
        "text": "तो वे इस बात को जान गए, और लुकाउनिया* के लुस्त्रा और दिरबे नगरों में, और आस-पास के प्रदेशों में भाग गए।\n"
      }
    ]
  },
  "7": {
    "verseObjects": [
      {
        "type": "text",
        "text": "और वहाँ सुसमाचार सुनाने लगे।\n"
      },
      {
        "tag": "s",
        "type": "section",
        "text": "लुस्त्रा में एक लँगड़े का चंगा होना\n"
      },
      {
        "tag": "p",
        "type": "paragraph",
        "text": "\n"
      },
      {
        "tag": "s5",
        "type": "section",
        "text": "\n"
      }
    ]
  },
  "8": {
    "verseObjects": [
      {
        "type": "text",
        "text": "लुस्त्रा में एक मनुष्य बैठा था, जो पाँवों का निर्बल था। वह जन्म ही से लँगड़ा था, और कभी न चला था।\n"
      }
    ]
  },
  "9": {
    "verseObjects": [
      {
        "type": "text",
        "text": "वह पौलुस को बातें करते सुन रहा था और पौलुस ने उसकी ओर टकटकी लगाकर देखा कि इसको चंगा हो जाने का विश्वास है।\n"
      }
    ]
  },
  "10": {
    "verseObjects": [
      {
        "type": "text",
        "text": "और ऊँचे शब्द से कहा, “अपने पाँवों के बल सीधा खड़ा हो।” तब वह उछलकर चलने फिरने लगा।\n"
      },
      {
        "tag": "p",
        "type": "paragraph",
        "text": "\n"
      },
      {
        "tag": "s5",
        "type": "section",
        "text": "\n"
      }
    ]
  },
  "11": {
    "verseObjects": [
      {
        "type": "text",
        "text": "लोगों ने पौलुस का यह काम देखकर लुकाउनिया भाषा में ऊँचे शब्द से कहा, “देवता मनुष्यों के रूप में होकर हमारे पास उतर आए हैं।”\n"
      }
    ]
  },
  "12": {
    "verseObjects": [
      {
        "type": "text",
        "text": "और उन्होंने बरनबास को ज्यूस, और पौलुस को हिर्मेस कहा क्योंकि वह बातें करने में मुख्य था।\n"
      }
    ]
  },
  "13": {
    "verseObjects": [
      {
        "type": "text",
        "text": "और ज्यूस के उस मन्दिर का पुजारी जो उनके नगर के सामने था, बैल और फूलों के हार फाटकों पर लाकर लोगों के साथ बलिदान करना चाहता था।\n"
      },
      {
        "tag": "p",
        "type": "paragraph",
        "text": "\n"
      },
      {
        "tag": "s5",
        "type": "section",
        "text": "\n"
      }
    ]
  },
  "14": {
    "verseObjects": [
      {
        "type": "text",
        "text": "परन्तु बरनबास और पौलुस प्रेरितों ने जब सुना, तो अपने कपड़े फाड़े, और भीड़ की ओर लपक गए, और पुकारकर कहने लगे,\n"
      }
    ]
  },
  "15": {
    "verseObjects": [
      {
        "type": "text",
        "text": "“हे लोगों, तुम क्या करते हो? हम भी तो तुम्हारे समान दुःख-सुख भोगी मनुष्य हैं, और तुम्हें सुसमाचार सुनाते हैं, कि तुम इन व्यर्थ वस्तुओं से अलग होकर जीविते परमेश्‍वर की ओर फिरो, जिसने स्वर्ग और पृथ्वी और समुद्र और जो कुछ उनमें है बनाया। (निर्ग. 20:11, भज. 146:6)\n"
      }
    ]
  },
  "16": {
    "verseObjects": [
      {
        "type": "text",
        "text": "उसने बीते समयों में सब जातियों को अपने-अपने मार्गों में चलने दिया।\n"
      },
      {
        "tag": "p",
        "type": "paragraph",
        "text": "\n"
      },
      {
        "tag": "s5",
        "type": "section",
        "text": "\n"
      }
    ]
  },
  "17": {
    "verseObjects": [
      {
        "type": "text",
        "text": "तो भी उसने अपने आप को बे-गवाह न छोड़ा; किन्तु वह भलाई करता रहा, और आकाश से वर्षा और फलवन्त ऋतु देकर तुम्हारे मन को भोजन और आनन्द से भरता रहा।” (भज. 147:8, यिर्म. 5:24)\n"
      }
    ]
  },
  "18": {
    "verseObjects": [
      {
        "type": "text",
        "text": "यह कहकर भी उन्होंने लोगों को बड़ी कठिनाई से रोका कि उनके लिये बलिदान न करें।\n"
      },
      {
        "tag": "p",
        "type": "paragraph",
        "text": "\n"
      },
      {
        "tag": "s5",
        "type": "section",
        "text": "\n"
      }
    ]
  },
  "19": {
    "verseObjects": [
      {
        "type": "text",
        "text": "परन्तु कितने यहूदियों ने अन्ताकिया और इकुनियुम से आकर लोगों को अपनी ओर कर लिया, और पौलुस को पत्थराव किया, और मरा समझकर उसे नगर के बाहर घसीट ले गए।\n"
      }
    ]
  },
  "20": {
    "verseObjects": [
      {
        "type": "text",
        "text": "पर जब चेले उसकी चारों ओर आ खड़े हुए, तो वह उठकर नगर में गया और दूसरे दिन बरनबास के साथ दिरबे को चला गया।\n"
      },
      {
        "tag": "s",
        "type": "section",
        "text": "सीरिया के अन्ताकिया को लौटना\n"
      },
      {
        "tag": "p",
        "type": "paragraph",
        "text": "\n"
      },
      {
        "tag": "s5",
        "type": "section",
        "text": "\n"
      }
    ]
  },
  "21": {
    "verseObjects": [
      {
        "type": "text",
        "text": "और वे उस नगर के लोगों को सुसमाचार सुनाकर, और बहुत से चेले बनाकर, लुस्त्रा और इकुनियुम और अन्ताकिया को लौट आए।\n"
      }
    ]
  },
  "22": {
    "verseObjects": [
      {
        "type": "text",
        "text": "और चेलों के मन को स्थिर करते रहे और यह उपदेश देते थे कि विश्वास में बने रहो; और यह कहते थे, “हमें बड़े क्लेश उठाकर परमेश्‍वर के राज्य में प्रवेश करना होगा।”\n"
      },
      {
        "tag": "p",
        "type": "paragraph",
        "text": "\n"
      },
      {
        "tag": "s5",
        "type": "section",
        "text": "\n"
      }
    ]
  },
  "23": {
    "verseObjects": [
      {
        "type": "text",
        "text": "और उन्होंने हर एक कलीसिया में उनके लिये प्राचीन ठहराए, और उपवास सहित प्रार्थना करके उन्हें प्रभु के हाथ सौंपा जिस पर उन्होंने विश्वास किया था।\n"
      }
    ]
  },
  "24": {
    "verseObjects": [
      {
        "type": "text",
        "text": "और पिसिदिया से होते हुए वे पंफूलिया में पहुँचे;\n"
      }
    ]
  },
  "25": {
    "verseObjects": [
      {
        "type": "text",
        "text": "और पिरगा में वचन सुनाकर अत्तलिया में आए।\n"
      },
      {
        "tag": "p",
        "type": "paragraph",
        "text": "\n"
      }
    ]
  },
  "26": {
    "verseObjects": [
      {
        "type": "text",
        "text": "और वहाँ से जहाज द्वारा अन्ताकिया गये, जहाँ वे उस काम के लिये जो उन्होंने पूरा किया था परमेश्‍वर के अनुग्रह में सौंपे गए।\n"
      },
      {
        "tag": "s5",
        "type": "section",
        "text": "\n"
      }
    ]
  },
  "27": {
    "verseObjects": [
      {
        "type": "text",
        "text": "वहाँ पहुँचकर, उन्होंने कलीसिया इकट्ठी की और बताया, कि परमेश्‍वर ने हमारे साथ होकर कैसे बड़े-बड़े काम किए! और अन्यजातियों के लिये विश्वास का द्वार खोल दिया*।\n"
      }
    ]
  },
  "28": {
    "verseObjects": [
      {
        "type": "text",
        "text": "और वे चेलों के साथ बहुत दिन तक रहे।\n\n"
      },
      {
        "tag": "s5",
        "type": "section",
        "text": "\n"
      }
    ]
  },
  "front": {
    "verseObjects": [
      {
        "tag": "s",
        "type": "section",
        "text": "पौलुस और बरनबास का इकुनियुम में विरोध\n"
      },
      {
        "tag": "p",
        "type": "paragraph",
        "text": "\n"
      }
    ]
  }
}