{
  "1": {
    "verseObjects": [
      {
        "type": "text",
        "text": "फिर वह दिरबे और लुस्त्रा में भी गया, और वहाँ तीमुथियुस नामक एक चेला था। उसकी माँ यहूदी विश्वासी थी, परन्तु उसका पिता यूनानी था।\n"
      }
    ]
  },
  "2": {
    "verseObjects": [
      {
        "type": "text",
        "text": "वह लुस्त्रा और इकुनियुम के भाइयों में सुनाम था।\n"
      }
    ]
  },
  "3": {
    "verseObjects": [
      {
        "type": "text",
        "text": "पौलुस की इच्छा थी कि वह उसके साथ चले; और जो यहूदी लोग उन जगहों में थे उनके कारण उसे लेकर उसका खतना किया, क्योंकि वे सब जानते थे, कि उसका पिता यूनानी था।\n"
      },
      {
        "tag": "p",
        "nextChar": "\n",
        "type": "paragraph"
      },
      {
        "tag": "s5",
        "nextChar": "\n",
        "type": "section"
      }
    ]
  },
  "4": {
    "verseObjects": [
      {
        "type": "text",
        "text": "और नगर-नगर जाते हुए वे उन विधियों को जो यरूशलेम के प्रेरितों और प्राचीनों ने ठहराई थीं, मानने के लिये उन्हें पहुँचाते जाते थे।\n"
      }
    ]
  },
  "5": {
    "verseObjects": [
      {
        "type": "text",
        "text": "इस प्रकार कलीसियाएँ विश्वास में स्थिर होती गई और गिनती में प्रतिदिन बढ़ती गई।\n"
      },
      {
        "tag": "s",
        "type": "section",
        "content": "पौलुस का दर्शन\n"
      },
      {
        "tag": "p",
        "nextChar": "\n",
        "type": "paragraph"
      },
      {
        "tag": "s5",
        "nextChar": "\n",
        "type": "section"
      }
    ]
  },
  "6": {
    "verseObjects": [
      {
        "type": "text",
        "text": "और वे फ्रूगिया और गलातिया प्रदेशों में से होकर गए, क्योंकि पवित्र आत्मा ने उन्हें आसिया में वचन सुनाने से मना किया।\n"
      }
    ]
  },
  "7": {
    "verseObjects": [
      {
        "type": "text",
        "text": "और उन्होंने मूसिया* के निकट पहुँचकर, बितूनिया में जाना चाहा; परन्तु यीशु के आत्मा ने उन्हें जाने न दिया।\n"
      }
    ]
  },
  "8": {
    "verseObjects": [
      {
        "type": "text",
        "text": "अतः वे मूसिया से होकर त्रोआस* में आए।\n"
      },
      {
        "tag": "p",
        "nextChar": "\n",
        "type": "paragraph"
      },
      {
        "tag": "s5",
        "nextChar": "\n",
        "type": "section"
      }
    ]
  },
  "9": {
    "verseObjects": [
      {
        "type": "text",
        "text": "वहाँ पौलुस ने रात को एक दर्शन देखा कि एक मकिदुनी पुरुष खड़ा हुआ, उससे विनती करके कहता है, “पार उतरकर मकिदुनिया में आ, और हमारी सहायता कर।”\n"
      }
    ]
  },
  "10": {
    "verseObjects": [
      {
        "type": "text",
        "text": "उसके यह दर्शन देखते ही हमने तुरन्त मकिदुनिया जाना चाहा, यह समझकर कि परमेश्‍वर ने हमें उन्हें सुसमाचार सुनाने के लिये बुलाया है।\n"
      },
      {
        "tag": "p",
        "nextChar": "\n",
        "type": "paragraph"
      },
      {
        "tag": "s5",
        "nextChar": "\n",
        "type": "section"
      }
    ]
  },
  "11": {
    "verseObjects": [
      {
        "type": "text",
        "text": "इसलिए त्रोआस से जहाज खोलकर हम सीधे सुमात्राके और दूसरे दिन नियापुलिस में आए।\n"
      }
    ]
  },
  "12": {
    "verseObjects": [
      {
        "type": "text",
        "text": "वहाँ से हम फिलिप्पी* में पहुँचे, जो मकिदुनिया प्रान्त का मुख्य नगर, और रोमियों की बस्ती है; और हम उस नगर में कुछ दिन तक रहे।\n"
      }
    ]
  },
  "13": {
    "verseObjects": [
      {
        "type": "text",
        "text": "सब्त के दिन हम नगर के फाटक के बाहर नदी के किनारे यह समझकर गए कि वहाँ प्रार्थना करने का स्थान होगा; और बैठकर उन स्त्रियों से जो इकट्ठी हुई थीं, बातें करने लगे।\n"
      },
      {
        "tag": "s",
        "type": "section",
        "content": "यूरोप कि प्रथम विश्वासी\n"
      },
      {
        "tag": "p",
        "nextChar": "\n",
        "type": "paragraph"
      },
      {
        "tag": "s5",
        "nextChar": "\n",
        "type": "section"
      }
    ]
  },
  "14": {
    "verseObjects": [
      {
        "type": "text",
        "text": "और लुदिया नाम थुआतीरा नगर की बैंगनी कपड़े बेचनेवाली एक भक्त स्त्री सुन रही थी, और प्रभु ने उसका मन खोला, ताकि पौलुस की बातों पर ध्यान लगाए।\n"
      }
    ]
  },
  "15": {
    "verseObjects": [
      {
        "type": "text",
        "text": "और जब उसने अपने घराने समेत बपतिस्मा लिया, तो उसने विनती की, “यदि तुम मुझे प्रभु की विश्वासिनी समझते हो, तो चलकर मेरे घर में रहो,” और वह हमें मनाकर ले गई।\n"
      },
      {
        "tag": "s",
        "type": "section",
        "content": "बुरी आत्मा से छुटकारा\n"
      },
      {
        "tag": "p",
        "nextChar": "\n",
        "type": "paragraph"
      },
      {
        "tag": "s5",
        "nextChar": "\n",
        "type": "section"
      }
    ]
  },
  "16": {
    "verseObjects": [
      {
        "type": "text",
        "text": "जब हम प्रार्थना करने की जगह जा रहे थे, तो हमें एक दासी मिली, जिसमें भावी कहनेवाली आत्मा थी; और भावी कहने से अपने स्वामियों के लिये बहुत कुछ कमा लाती थी।\n"
      }
    ]
  },
  "17": {
    "verseObjects": [
      {
        "type": "text",
        "text": "वह पौलुस के और हमारे पीछे आकर चिल्लाने लगी, “ये मनुष्य परमप्रधान परमेश्‍वर के दास हैं, जो हमें उद्धार के मार्ग की कथा सुनाते हैं।”\n"
      }
    ]
  },
  "18": {
    "verseObjects": [
      {
        "type": "text",
        "text": "वह बहुत दिन तक ऐसा ही करती रही, परन्तु पौलुस परेशान हुआ, और मुड़कर उस आत्मा से कहा, “मैं तुझे यीशु मसीह के नाम से आज्ञा देता हूँ, कि उसमें से निकल जा और वह उसी घड़ी निकल गई।”\n"
      },
      {
        "tag": "p",
        "nextChar": "\n",
        "type": "paragraph"
      },
      {
        "tag": "s5",
        "nextChar": "\n",
        "type": "section"
      }
    ]
  },
  "19": {
    "verseObjects": [
      {
        "type": "text",
        "text": "जब उसके स्वामियों ने देखा, कि हमारी कमाई की आशा जाती रही, तो पौलुस और सीलास को पकड़कर चौक में प्रधानों के पास खींच ले गए।\n"
      }
    ]
  },
  "20": {
    "verseObjects": [
      {
        "type": "text",
        "text": "और उन्हें फौजदारी के हाकिमों के पास ले जाकर कहा, “ये लोग जो यहूदी हैं, हमारे नगर में बड़ी हलचल मचा रहे हैं; (1 राजा. 18:17)\n"
      }
    ]
  },
  "21": {
    "verseObjects": [
      {
        "type": "text",
        "text": "और ऐसी रीतियाँ बता रहे हैं, जिन्हें ग्रहण करना या मानना हम रोमियों के लिये ठीक नहीं।\n"
      },
      {
        "tag": "s",
        "type": "section",
        "content": "पौलुस और सीलास बन्दीगृह में\n"
      },
      {
        "tag": "p",
        "nextChar": "\n",
        "type": "paragraph"
      },
      {
        "tag": "s5",
        "nextChar": "\n",
        "type": "section"
      }
    ]
  },
  "22": {
    "verseObjects": [
      {
        "type": "text",
        "text": "तब भीड़ के लोग उनके विरोध में इकट्ठे होकर चढ़ आए, और हाकिमों ने उनके कपड़े फाड़कर उतार डाले, और उन्हें बेंत मारने की आज्ञा दी।\n"
      }
    ]
  },
  "23": {
    "verseObjects": [
      {
        "type": "text",
        "text": "और बहुत बेंत लगवाकर उन्होंने उन्हें बन्दीगृह में डाल दिया और दरोगा को आज्ञा दी कि उन्हें सावधानी से रखे।\n"
      }
    ]
  },
  "24": {
    "verseObjects": [
      {
        "type": "text",
        "text": "उसने ऐसी आज्ञा पा कर उन्हें भीतर की कोठरी में रखा और उनके पाँव काठ में ठोंक दिए।\n"
      },
      {
        "tag": "s",
        "type": "section",
        "content": "पौलुस और सीलास को बन्दीगृह से छुटकारा\n"
      },
      {
        "tag": "p",
        "nextChar": "\n",
        "type": "paragraph"
      },
      {
        "tag": "s5",
        "nextChar": "\n",
        "type": "section"
      }
    ]
  },
  "25": {
    "verseObjects": [
      {
        "type": "text",
        "text": "आधी रात के लगभग पौलुस और सीलास प्रार्थना करते हुए परमेश्‍वर के भजन गा रहे थे, और कैदी उनकी सुन रहे थे।\n"
      }
    ]
  },
  "26": {
    "verseObjects": [
      {
        "type": "text",
        "text": "कि इतने में अचानक एक बड़ा भूकम्प हुआ, यहाँ तक कि बन्दीगृह की नींव हिल गईं, और तुरन्त सब द्वार खुल गए; और सब के बन्धन खुल गए।\n"
      },
      {
        "tag": "p",
        "nextChar": "\n",
        "type": "paragraph"
      },
      {
        "tag": "s5",
        "nextChar": "\n",
        "type": "section"
      }
    ]
  },
  "27": {
    "verseObjects": [
      {
        "type": "text",
        "text": "और दरोगा जाग उठा, और बन्दीगृह के द्वार खुले देखकर समझा कि कैदी भाग गए, अतः उसने तलवार खींचकर अपने आपको मार डालना चाहा।\n"
      }
    ]
  },
  "28": {
    "verseObjects": [
      {
        "type": "text",
        "text": "परन्तु पौलुस ने ऊँचे शब्द से पुकारकर कहा, “अपने आप को कुछ हानि न पहुँचा, क्योंकि हम सब यहीं हैं।”\n"
      },
      {
        "tag": "p",
        "nextChar": "\n",
        "type": "paragraph"
      },
      {
        "tag": "s5",
        "nextChar": "\n",
        "type": "section"
      }
    ]
  },
  "29": {
    "verseObjects": [
      {
        "type": "text",
        "text": "तब वह दिया मँगवाकर भीतर आया और काँपता हुआ पौलुस और सीलास के आगे गिरा;\n"
      },
      {
        "tag": "s",
        "type": "section",
        "content": "दरोगा का हृदय परिवर्तन\n"
      },
      {
        "tag": "p",
        "nextChar": "\n",
        "type": "paragraph"
      }
    ]
  },
  "30": {
    "verseObjects": [
      {
        "type": "text",
        "text": "और उन्हें बाहर लाकर कहा, “हे सज्जनों, उद्धार पाने के लिये मैं क्या करूँ?”\n"
      }
    ]
  },
  "31": {
    "verseObjects": [
      {
        "type": "text",
        "text": "उन्होंने कहा, “प्रभु यीशु मसीह पर विश्वास कर, तो तू और तेरा घराना उद्धार पाएगा।”\n"
      },
      {
        "tag": "p",
        "nextChar": "\n",
        "type": "paragraph"
      },
      {
        "tag": "s5",
        "nextChar": "\n",
        "type": "section"
      }
    ]
  },
  "32": {
    "verseObjects": [
      {
        "type": "text",
        "text": "और उन्होंने उसको और उसके सारे घर के लोगों को प्रभु का वचन सुनाया।\n"
      }
    ]
  },
  "33": {
    "verseObjects": [
      {
        "type": "text",
        "text": "और रात को उसी घड़ी उसने उन्हें ले जाकर उनके घाव धोए, और उसने अपने सब लोगों समेत तुरन्त बपतिस्मा लिया।\n"
      }
    ]
  },
  "34": {
    "verseObjects": [
      {
        "type": "text",
        "text": "और उसने उन्हें अपने घर में ले जाकर, उनके आगे भोजन रखा और सारे घराने समेत परमेश्‍वर पर विश्वास करके आनन्द किया।\n"
      },
      {
        "tag": "p",
        "nextChar": "\n",
        "type": "paragraph"
      },
      {
        "tag": "s5",
        "nextChar": "\n",
        "type": "section"
      }
    ]
  },
  "35": {
    "verseObjects": [
      {
        "type": "text",
        "text": "जब दिन हुआ तब हाकिमों ने सिपाहियों के हाथ कहला भेजा कि उन मनुष्यों को छोड़ दो।\n"
      }
    ]
  },
  "36": {
    "verseObjects": [
      {
        "type": "text",
        "text": "दरोगा ने ये बातें पौलुस से कह सुनाई, “हाकिमों ने तुम्हें छोड़ देने की आज्ञा भेज दी है, इसलिए अब निकलकर कुशल से चले जाओ।”\n"
      },
      {
        "tag": "p",
        "nextChar": "\n",
        "type": "paragraph"
      },
      {
        "tag": "s5",
        "nextChar": "\n",
        "type": "section"
      }
    ]
  },
  "37": {
    "verseObjects": [
      {
        "type": "text",
        "text": "परन्तु पौलुस ने उससे कहा, “उन्होंने हमें जो रोमी मनुष्य हैं, दोषी ठहराए बिना लोगों के सामने मारा और बन्दीगृह में डाला, और अब क्या चुपके से निकाल देते हैं? ऐसा नहीं, परन्तु वे आप आकर हमें बाहर ले जाएँ।”\n"
      }
    ]
  },
  "38": {
    "verseObjects": [
      {
        "type": "text",
        "text": "सिपाहियों ने ये बातें हाकिमों से कह दीं, और वे यह सुनकर कि रोमी हैं, डर गए,\n"
      }
    ]
  },
  "39": {
    "verseObjects": [
      {
        "type": "text",
        "text": "और आकर उन्हें मनाया, और बाहर ले जाकर विनती की, कि नगर से चले जाएँ।\n"
      },
      {
        "tag": "p",
        "nextChar": "\n",
        "type": "paragraph"
      },
      {
        "tag": "s5",
        "nextChar": "\n",
        "type": "section"
      }
    ]
  },
  "40": {
    "verseObjects": [
      {
        "type": "text",
        "text": "वे बन्दीगृह से निकलकर लुदिया के यहाँ गए, और भाइयों से भेंट करके उन्हें शान्ति दी, और चले गए।\n\n"
      },
      {
        "tag": "s5",
        "nextChar": "\n",
        "type": "section"
      }
    ]
  },
  "front": {
    "verseObjects": [
      {
        "tag": "s",
        "type": "section",
        "content": "पौलुस और तीमुथियुस\n"
      },
      {
        "tag": "p",
        "nextChar": "\n",
        "type": "paragraph"
      }
    ]
  }
}