{
  "1": {
    "verseObjects": [
      {
        "type": "text",
        "text": "फिर वे अम्फिपुलिस* और अपुल्लोनिया होकर थिस्सलुनीके में आए, जहाँ यहूदियों का एक आराधनालय था।\n"
      }
    ]
  },
  "2": {
    "verseObjects": [
      {
        "type": "text",
        "text": "और पौलुस अपनी रीति के अनुसार उनके पास गया, और तीन सब्त के दिन पवित्रशास्त्रों से उनके साथ वाद-विवाद किया;\n"
      },
      {
        "tag": "p",
        "type": "paragraph",
        "text": "\n"
      },
      {
        "tag": "s5",
        "type": "section",
        "text": "\n"
      }
    ]
  },
  "3": {
    "verseObjects": [
      {
        "type": "text",
        "text": "और उनका अर्थ खोल-खोलकर समझाता था कि मसीह का दुःख उठाना, और मरे हुओं में से जी उठना, अवश्य था; “यही यीशु जिसकी मैं तुम्हें कथा सुनाता हूँ, मसीह है।”\n"
      }
    ]
  },
  "4": {
    "verseObjects": [
      {
        "type": "text",
        "text": "उनमें से कितनों ने, और भक्त यूनानियों में से बहुतों ने और बहुत सारी कुलीन स्त्रियों ने मान लिया, और पौलुस और सीलास के साथ मिल गए।\n"
      },
      {
        "tag": "p",
        "type": "paragraph",
        "text": "\n"
      },
      {
        "tag": "s5",
        "type": "section",
        "text": "\n"
      }
    ]
  },
  "5": {
    "verseObjects": [
      {
        "type": "text",
        "text": "परन्तु यहूदियों ने ईर्ष्या से भरकर बाजारू लोगों में से कई दुष्ट मनुष्यों को अपने साथ में लिया, और भीड़ लगाकर नगर में हुल्लड़ मचाने लगे, और यासोन के घर पर चढ़ाई करके उन्हें लोगों के सामने लाना चाहा।\n"
      }
    ]
  },
  "6": {
    "verseObjects": [
      {
        "type": "text",
        "text": "और उन्हें न पा कर, वे यह चिल्लाते हुए यासोन और कुछ भाइयों को नगर के हाकिमों के सामने खींच लाए, “ये लोग जिन्होंने जगत को उलटा पुलटा कर दिया है, यहाँ भी आए हैं।\n"
      },
      {
        "tag": "p",
        "type": "paragraph",
        "text": "\n"
      }
    ]
  },
  "7": {
    "verseObjects": [
      {
        "type": "text",
        "text": "और यासोन ने उन्हें अपने यहाँ ठहराया है, और ये सब के सब यह कहते हैं कि यीशु राजा है, और कैसर की आज्ञाओं का विरोध करते हैं।”\n"
      },
      {
        "tag": "s5",
        "type": "section",
        "text": "\n"
      }
    ]
  },
  "8": {
    "verseObjects": [
      {
        "type": "text",
        "text": "जब भीड़ और नगर के हाकिमों ने ये बातें सुनीं, तो वे परेशान हो गये।\n"
      }
    ]
  },
  "9": {
    "verseObjects": [
      {
        "type": "text",
        "text": "और उन्होंने यासोन और बाकी लोगों को जमानत पर छोड़ दिया।\n"
      },
      {
        "tag": "s",
        "type": "section",
        "text": "बिरीया नगर में पौलुस और सीलास\n"
      },
      {
        "tag": "p",
        "type": "paragraph",
        "text": "\n"
      },
      {
        "tag": "s5",
        "type": "section",
        "text": "\n"
      }
    ]
  },
  "10": {
    "verseObjects": [
      {
        "type": "text",
        "text": "भाइयों ने तुरन्त रात ही रात पौलुस और सीलास को बिरीया में भेज दिया, और वे वहाँ पहुँचकर यहूदियों के आराधनालय में गए।\n"
      }
    ]
  },
  "11": {
    "verseObjects": [
      {
        "type": "text",
        "text": "ये लोग तो थिस्सलुनीके के यहूदियों से भले थे और उन्होंने बड़ी लालसा से वचन ग्रहण किया, और प्रतिदिन पवित्रशास्त्रों में ढूँढ़ते रहे कि ये बातें ऐसी ही हैं कि नहीं।\n"
      }
    ]
  },
  "12": {
    "verseObjects": [
      {
        "type": "text",
        "text": "इसलिए उनमें से बहुतों ने, और यूनानी कुलीन स्त्रियों में से और पुरुषों में से बहुतों ने विश्वास किया।\n"
      },
      {
        "tag": "p",
        "type": "paragraph",
        "text": "\n"
      },
      {
        "tag": "s5",
        "type": "section",
        "text": "\n"
      }
    ]
  },
  "13": {
    "verseObjects": [
      {
        "type": "text",
        "text": "किन्तु जब थिस्सलुनीके के यहूदी जान गए कि पौलुस बिरीया में भी परमेश्‍वर का वचन सुनाता है, तो वहाँ भी आकर लोगों को भड़काने और हलचल मचाने लगे।\n"
      }
    ]
  },
  "14": {
    "verseObjects": [
      {
        "type": "text",
        "text": "तब भाइयों ने तुरन्त पौलुस को विदा किया कि समुद्र के किनारे चला जाए; परन्तु सीलास और तीमुथियुस वहीं रह गए।\n"
      }
    ]
  },
  "15": {
    "verseObjects": [
      {
        "type": "text",
        "text": "पौलुस के पहुँचाने वाले उसे एथेंस तक ले गए, और सीलास और तीमुथियुस के लिये यह निर्देश लेकर विदा हुए कि मेरे पास अति शीघ्र आओ।\n"
      },
      {
        "tag": "s",
        "type": "section",
        "text": "एथेंस नगर में पौलुस\n"
      },
      {
        "tag": "p",
        "type": "paragraph",
        "text": "\n"
      },
      {
        "tag": "s5",
        "type": "section",
        "text": "\n"
      }
    ]
  },
  "16": {
    "verseObjects": [
      {
        "type": "text",
        "text": "जब पौलुस एथेंस में उनकी प्रतीक्षा कर रहा था, तो नगर को मूरतों से भरा हुआ देखकर उसका जी जल उठा।\n"
      }
    ]
  },
  "17": {
    "verseObjects": [
      {
        "type": "text",
        "text": "अतः वह आराधनालय में यहूदियों और भक्तों से और चौक में जो लोग मिलते थे, उनसे हर दिन वाद-विवाद किया करता था।\n"
      },
      {
        "tag": "p",
        "type": "paragraph",
        "text": "\n"
      },
      {
        "tag": "s5",
        "type": "section",
        "text": "\n"
      }
    ]
  },
  "18": {
    "verseObjects": [
      {
        "type": "text",
        "text": "तब इपिकूरी* और स्तोईकी दार्शनिकों में से कुछ उससे तर्क करने लगे, और कुछ ने कहा, “यह बकवादी क्या कहना चाहता है?” परन्तु दूसरों ने कहा, “वह अन्य देवताओं का प्रचारक मालूम पड़ता है,” क्योंकि वह यीशु का और पुनरुत्थान का सुसमाचार सुनाता था।\n"
      },
      {
        "tag": "p",
        "type": "paragraph",
        "text": "\n"
      },
      {
        "tag": "s5",
        "type": "section",
        "text": "\n"
      }
    ]
  },
  "19": {
    "verseObjects": [
      {
        "type": "text",
        "text": "तब वे उसे अपने साथ अरियुपगुस* पर ले गए और पूछा, “क्या हम जान सकते हैं, कि यह नया मत जो तू सुनाता है, क्या है?\n"
      }
    ]
  },
  "20": {
    "verseObjects": [
      {
        "type": "text",
        "text": "क्योंकि तू अनोखी बातें हमें सुनाता है, इसलिए हम जानना चाहते हैं कि इनका अर्थ क्या है?”\n"
      }
    ]
  },
  "21": {
    "verseObjects": [
      {
        "type": "text",
        "text": "(इसलिए कि सब एथेंस वासी और परदेशी जो वहाँ रहते थे नई-नई बातें कहने और सुनने के सिवाय और किसी काम में समय नहीं बिताते थे।)\n"
      },
      {
        "tag": "s",
        "type": "section",
        "text": "अरियुपगुस में पौलुस का उपदेश\n"
      },
      {
        "tag": "p",
        "type": "paragraph",
        "text": "\n"
      },
      {
        "tag": "s5",
        "type": "section",
        "text": "\n"
      }
    ]
  },
  "22": {
    "verseObjects": [
      {
        "type": "text",
        "text": "तब पौलुस ने अरियुपगुस के बीच में खड़ा होकर कहा,\n"
      },
      {
        "tag": "p",
        "type": "paragraph",
        "text": "“हे एथेंस के लोगों, मैं देखता हूँ कि तुम हर बात में देवताओं के बड़े माननेवाले हो।\n"
      }
    ]
  },
  "23": {
    "verseObjects": [
      {
        "type": "text",
        "text": "क्योंकि मैं फिरते हुए तुम्हारी पूजने की वस्तुओं को देख रहा था, तो एक ऐसी वेदी भी पाई, जिस पर लिखा था, ‘अनजाने ईश्वर के लिये।’ इसलिए जिसे तुम बिना जाने पूजते हो, मैं तुम्हें उसका समाचार सुनाता हूँ।\n"
      },
      {
        "tag": "p",
        "type": "paragraph",
        "text": "\n"
      },
      {
        "tag": "s5",
        "type": "section",
        "text": "\n"
      }
    ]
  },
  "24": {
    "verseObjects": [
      {
        "type": "text",
        "text": "जिस परमेश्‍वर ने पृथ्वी और उसकी सब वस्तुओं को बनाया, वह स्वर्ग और पृथ्वी का स्वामी होकर हाथ के बनाए हुए मन्दिरों में नहीं रहता। (1 राजा. 8:27, 2 इति. 6:18, भज. 146:6)\n"
      }
    ]
  },
  "25": {
    "verseObjects": [
      {
        "type": "text",
        "text": "न किसी वस्तु की आवश्यकता के कारण मनुष्यों के हाथों की सेवा लेता है, क्योंकि वह तो आप ही सब को जीवन और श्वांस और सब कुछ देता है। (यशा. 42:5, भज. 50:12, भज. 50:12)\n"
      },
      {
        "tag": "p",
        "type": "paragraph",
        "text": "\n"
      },
      {
        "tag": "s5",
        "type": "section",
        "text": "\n"
      }
    ]
  },
  "26": {
    "verseObjects": [
      {
        "type": "text",
        "text": "उसने एक ही मूल से मनुष्यों की सब जातियाँ सारी पृथ्वी पर रहने के लिये बनाई हैं; और उनके ठहराए हुए समय और निवास के सीमाओं को इसलिए बाँधा है, (व्य. 32:8)\n"
      }
    ]
  },
  "27": {
    "verseObjects": [
      {
        "type": "text",
        "text": "कि वे परमेश्‍वर को ढूँढ़े, और शायद वे उसके पास पहुँच सके, और वास्तव में, वह हम में से किसी से दूर नहीं हैं। (यशा. 55:6, यिर्म. 23:23)\n"
      },
      {
        "tag": "p",
        "type": "paragraph",
        "text": "\n"
      },
      {
        "tag": "s5",
        "type": "section",
        "text": "\n"
      }
    ]
  },
  "28": {
    "verseObjects": [
      {
        "type": "text",
        "text": "क्योंकि हम उसी में जीवित रहते, और चलते-फिरते, और स्थिर रहते हैं; जैसे तुम्हारे कितने कवियों ने भी कहा है,\n"
      },
      {
        "tag": "p",
        "type": "paragraph",
        "text": "“हम तो उसी के वंश भी हैं।”\n"
      }
    ]
  },
  "29": {
    "verseObjects": [
      {
        "type": "text",
        "text": "अतः परमेश्‍वर का वंश होकर हमें यह समझना उचित नहीं कि ईश्वरत्व, सोने या चाँदी या पत्थर के समान है, जो मनुष्य की कारीगरी और कल्पना से गढ़े गए हों। (उत्प. 1:27, यशा. 40:18-20, यशा. 44:10-17)\n"
      },
      {
        "tag": "p",
        "type": "paragraph",
        "text": "\n"
      },
      {
        "tag": "s5",
        "type": "section",
        "text": "\n"
      }
    ]
  },
  "30": {
    "verseObjects": [
      {
        "type": "text",
        "text": "इसलिए परमेश्‍वर ने अज्ञानता के समयों पर ध्यान नहीं दिया, पर अब हर जगह सब मनुष्यों को मन फिराने की आज्ञा देता है।\n"
      }
    ]
  },
  "31": {
    "verseObjects": [
      {
        "type": "text",
        "text": "क्योंकि उसने एक दिन ठहराया है, जिसमें वह उस मनुष्य के द्वारा धार्मिकता से जगत का न्याय करेगा, जिसे उसने ठहराया है और उसे मरे हुओं में से जिलाकर, यह बात सब पर प्रमाणित कर दी है।” (भज. 9:8, भज. 72:2-4, भज. 96:13, भज. 98:9, यशा. 2:4)\n"
      },
      {
        "tag": "p",
        "type": "paragraph",
        "text": "\n"
      },
      {
        "tag": "s5",
        "type": "section",
        "text": "\n"
      }
    ]
  },
  "32": {
    "verseObjects": [
      {
        "type": "text",
        "text": "मरे हुओं के पुनरुत्थान की बात सुनकर कितने तो उपहास करने लगे, और कितनों ने कहा, “यह बात हम तुझ से फिर कभी सुनेंगे।”\n"
      }
    ]
  },
  "33": {
    "verseObjects": [
      {
        "type": "text",
        "text": "इस पर पौलुस उनके बीच में से चला गया।\n"
      }
    ]
  },
  "34": {
    "verseObjects": [
      {
        "type": "text",
        "text": "परन्तु कुछ मनुष्य उसके साथ मिल गए, और विश्वास किया; जिनमें दियुनुसियुस जो अरियुपगुस का सदस्य था, और दमरिस नाम एक स्त्री थी, और उनके साथ और भी कितने लोग थे।\n\n"
      },
      {
        "tag": "s5",
        "type": "section",
        "text": "\n"
      }
    ]
  },
  "front": {
    "verseObjects": [
      {
        "tag": "s",
        "type": "section",
        "text": "थिस्सलुनीके नगर में पौलुस और सीलास\n"
      },
      {
        "tag": "p",
        "type": "paragraph",
        "text": "\n"
      }
    ]
  }
}