{
  "1": {
    "verseObjects": [
      {
        "type": "text",
        "text": "इसके बाद पौलुस एथेंस को छोड़कर कुरिन्थुस में आया।\n"
      }
    ]
  },
  "2": {
    "verseObjects": [
      {
        "type": "text",
        "text": "और वहाँ अक्विला नामक एक यहूदी मिला, जिसका जन्म पुन्तुस में हुआ था; और अपनी पत्‍नी प्रिस्किल्ला के साथ इतालिया से हाल ही में आया था, क्योंकि क्लौदियुस ने सब यहूदियों को रोम से निकल जाने की आज्ञा दी थी, इसलिए वह उनके यहाँ गया।\n"
      }
    ]
  },
  "3": {
    "verseObjects": [
      {
        "type": "text",
        "text": "और उसका और उनका एक ही व्यापार था; इसलिए वह उनके साथ रहा, और वे काम करने लगे, और उनका व्यापार तम्बू बनाने का था।\n"
      },
      {
        "tag": "p",
        "nextChar": "\n",
        "type": "paragraph"
      },
      {
        "tag": "s5",
        "nextChar": "\n",
        "type": "section"
      }
    ]
  },
  "4": {
    "verseObjects": [
      {
        "type": "text",
        "text": "और वह हर एक सब्त के दिन आराधनालय में वाद-विवाद करके यहूदियों और यूनानियों को भी समझाता था।\n"
      }
    ]
  },
  "5": {
    "verseObjects": [
      {
        "type": "text",
        "text": "जब सीलास और तीमुथियुस मकिदुनिया से आए, तो पौलुस वचन सुनाने की धुन में लगकर यहूदियों को गवाही देता था कि यीशु ही मसीह है।\n"
      }
    ]
  },
  "6": {
    "verseObjects": [
      {
        "type": "text",
        "text": "परन्तु जब वे विरोध और निन्दा करने लगे, तो उसने अपने कपड़े झाड़कर उनसे कहा, “तुम्हारा लहू तुम्हारी सिर पर रहे! मैं निर्दोष हूँ। अब से मैं अन्यजातियों के पास जाऊँगा।”\n"
      },
      {
        "tag": "p",
        "nextChar": "\n",
        "type": "paragraph"
      },
      {
        "tag": "s5",
        "nextChar": "\n",
        "type": "section"
      }
    ]
  },
  "7": {
    "verseObjects": [
      {
        "type": "text",
        "text": "और वहाँ से चलकर वह तीतुस यूस्तुस नामक परमेश्‍वर के एक भक्त के घर में आया, जिसका घर आराधनालय से लगा हुआ था।\n"
      },
      {
        "tag": "p",
        "nextChar": "\n",
        "type": "paragraph"
      }
    ]
  },
  "8": {
    "verseObjects": [
      {
        "type": "text",
        "text": "तब आराधनालय के सरदार क्रिस्पुस* ने अपने सारे घराने समेत प्रभु पर विश्वास किया; और बहुत से कुरिन्थवासी ने सुनकर विश्वास किया और बपतिस्मा लिया।\n"
      },
      {
        "tag": "s5",
        "nextChar": "\n",
        "type": "section"
      }
    ]
  },
  "9": {
    "verseObjects": [
      {
        "type": "text",
        "text": "और प्रभु ने रात को दर्शन के द्वारा पौलुस से कहा, “मत डर, वरन् कहे जा और चुप मत रह;\n"
      }
    ]
  },
  "10": {
    "verseObjects": [
      {
        "type": "text",
        "text": "क्योंकि मैं तेरे साथ हूँ, और कोई तुझ पर चढ़ाई करके तेरी हानि न करेगा; क्योंकि इस नगर में मेरे बहुत से लोग हैं।” (यशा. 41:10, यशा. 43:5, यिर्म. 1:8)\n"
      }
    ]
  },
  "11": {
    "verseObjects": [
      {
        "type": "text",
        "text": "इसलिए वह उनमें परमेश्‍वर का वचन सिखाते हुए डेढ़ वर्ष तक रहा।\n"
      },
      {
        "tag": "p",
        "nextChar": "\n",
        "type": "paragraph"
      },
      {
        "tag": "s5",
        "nextChar": "\n",
        "type": "section"
      }
    ]
  },
  "12": {
    "verseObjects": [
      {
        "type": "text",
        "text": "जब गल्लियो अखाया देश का राज्यपाल था तो यहूदी लोग एका करके पौलुस पर चढ़ आए, और उसे न्याय आसन के सामने लाकर कहने लगे,\n"
      }
    ]
  },
  "13": {
    "verseObjects": [
      {
        "type": "text",
        "text": "“यह लोगों को समझाता है, कि परमेश्‍वर की उपासना ऐसी रीति से करें, जो व्यवस्था के विपरीत है।”\n"
      },
      {
        "tag": "p",
        "nextChar": "\n",
        "type": "paragraph"
      },
      {
        "tag": "s5",
        "nextChar": "\n",
        "type": "section"
      }
    ]
  },
  "14": {
    "verseObjects": [
      {
        "type": "text",
        "text": "जब पौलुस बोलने पर था, तो गल्लियो ने यहूदियों से कहा, “हे यहूदियों, यदि यह कुछ अन्याय या दुष्टता की बात होती तो उचित था कि मैं तुम्हारी सुनता।\n"
      }
    ]
  },
  "15": {
    "verseObjects": [
      {
        "type": "text",
        "text": "परन्तु यदि यह वाद-विवाद शब्दों, और नामों, और तुम्हारे यहाँ की व्यवस्था के विषय में है, तो तुम ही जानो; क्योंकि मैं इन बातों का न्यायी बनना नहीं चाहता।”\n"
      },
      {
        "tag": "p",
        "nextChar": "\n",
        "type": "paragraph"
      },
      {
        "tag": "s5",
        "nextChar": "\n",
        "type": "section"
      }
    ]
  },
  "16": {
    "verseObjects": [
      {
        "type": "text",
        "text": "और उसने उन्हें न्याय आसन के सामने से निकलवा दिया।\n"
      }
    ]
  },
  "17": {
    "verseObjects": [
      {
        "type": "text",
        "text": "तब सब लोगों ने आराधनालय के सरदार सोस्थिनेस को पकड़ के न्याय आसन के सामने मारा। परन्तु गल्लियो ने इन बातों की कुछ भी चिन्ता न की।\n"
      },
      {
        "tag": "s",
        "type": "section",
        "content": "अन्ताकिया को लौटना\n"
      },
      {
        "tag": "p",
        "nextChar": "\n",
        "type": "paragraph"
      },
      {
        "tag": "s5",
        "nextChar": "\n",
        "type": "section"
      }
    ]
  },
  "18": {
    "verseObjects": [
      {
        "type": "text",
        "text": "अतः पौलुस बहुत दिन तक वहाँ रहा, फिर भाइयों से विदा होकर किंख्रिया में इसलिए सिर मुण्डाया, क्योंकि उसने मन्नत मानी थी और जहाज पर सीरिया को चल दिया और उसके साथ प्रिस्किल्ला और अक्विला थे। (गिन. 6:18)\n"
      }
    ]
  },
  "19": {
    "verseObjects": [
      {
        "type": "text",
        "text": "और उसने इफिसुस* में पहुँचकर उनको वहाँ छोड़ा, और आप ही आराधनालय में जाकर यहूदियों से विवाद करने लगा।\n"
      },
      {
        "tag": "p",
        "nextChar": "\n",
        "type": "paragraph"
      },
      {
        "tag": "s5",
        "nextChar": "\n",
        "type": "section"
      }
    ]
  },
  "20": {
    "verseObjects": [
      {
        "type": "text",
        "text": "जब उन्होंने उससे विनती की, “हमारे साथ और कुछ दिन रह।” तो उसने स्वीकार न किया;\n"
      }
    ]
  },
  "21": {
    "verseObjects": [
      {
        "type": "text",
        "text": "परन्तु यह कहकर उनसे विदा हुआ, “यदि परमेश्‍वर चाहे तो मैं तुम्हारे पास फिर आऊँगा।” तब इफिसुस से जहाज खोलकर चल दिया;\n"
      },
      {
        "tag": "p",
        "nextChar": "\n",
        "type": "paragraph"
      },
      {
        "tag": "s5",
        "nextChar": "\n",
        "type": "section"
      }
    ]
  },
  "22": {
    "verseObjects": [
      {
        "type": "text",
        "text": "और कैसरिया में उतर कर (यरूशलेम को) गया और कलीसिया को नमस्कार करके अन्ताकिया में आया।\n"
      },
      {
        "tag": "s",
        "type": "section",
        "content": "पौलुस का तृतीय प्रचार-यात्रा का आरम्भ\n"
      },
      {
        "tag": "p",
        "nextChar": "\n",
        "type": "paragraph"
      }
    ]
  },
  "23": {
    "verseObjects": [
      {
        "type": "text",
        "text": "फिर कुछ दिन रहकर वहाँ से चला गया, और एक ओर से गलातिया और फ्रूगिया में सब चेलों को स्थिर करता फिरा।\n"
      },
      {
        "tag": "s",
        "type": "section",
        "content": "अपुल्लोस नामक विद्वान पुरुष\n"
      },
      {
        "tag": "p",
        "nextChar": "\n",
        "type": "paragraph"
      },
      {
        "tag": "s5",
        "nextChar": "\n",
        "type": "section"
      }
    ]
  },
  "24": {
    "verseObjects": [
      {
        "type": "text",
        "text": "अपुल्लोस नामक एक यहूदी जिसका जन्म सिकन्दरिया* में हुआ था, जो विद्वान पुरुष था और पवित्रशास्त्र को अच्छी तरह से जानता था इफिसुस में आया।\n"
      }
    ]
  },
  "25": {
    "verseObjects": [
      {
        "type": "text",
        "text": "उसने प्रभु के मार्ग की शिक्षा पाई थी, और मन लगाकर यीशु के विषय में ठीक-ठीक सुनाता और सिखाता था, परन्तु वह केवल यूहन्ना के बपतिस्मा की बात जानता था।\n"
      }
    ]
  },
  "26": {
    "verseObjects": [
      {
        "type": "text",
        "text": "वह आराधनालय में निडर होकर बोलने लगा, पर प्रिस्किल्ला और अक्विला उसकी बातें सुनकर, उसे अपने यहाँ ले गए और परमेश्‍वर का मार्ग उसको और भी स्पष्ट रूप से बताया।\n"
      },
      {
        "tag": "p",
        "nextChar": "\n",
        "type": "paragraph"
      },
      {
        "tag": "s5",
        "nextChar": "\n",
        "type": "section"
      }
    ]
  },
  "27": {
    "verseObjects": [
      {
        "type": "text",
        "text": "और जब उसने निश्चय किया कि पार उतरकर अखाया को जाए तो भाइयों ने उसे ढाढ़स देकर चेलों को लिखा कि वे उससे अच्छी तरह मिलें, और उसने पहुँचकर वहाँ उन लोगों की बड़ी सहायता की जिन्होंने अनुग्रह के कारण विश्वास किया था।\n"
      }
    ]
  },
  "28": {
    "verseObjects": [
      {
        "type": "text",
        "text": "अपुल्लोस ने अपनी शक्ति और कौशल के साथ यहूदियों को सार्वजनिक रूप से अभिभूत किया, पवित्रशास्त्र से प्रमाण दे देकर कि यीशु ही मसीह है।\n\n"
      },
      {
        "tag": "s5",
        "nextChar": "\n",
        "type": "section"
      }
    ]
  },
  "front": {
    "verseObjects": [
      {
        "tag": "s",
        "type": "section",
        "content": "कुरिन्थुस में पौलुस\n"
      },
      {
        "tag": "p",
        "nextChar": "\n",
        "type": "paragraph"
      }
    ]
  }
}