{
  "1": {
    "verseObjects": [
      {
        "type": "text",
        "text": "जब पिन्तेकुस्त का दिन* आया, तो वे सब एक जगह इकट्ठे थे। (लैव्य. 23:15-21, व्य. 16:9-11)\n"
      }
    ]
  },
  "2": {
    "verseObjects": [
      {
        "type": "text",
        "text": "और अचानक आकाश से बड़ी आँधी के समान सनसनाहट का शब्द हुआ, और उससे सारा घर जहाँ वे बैठे थे, गूँज गया।\n"
      }
    ]
  },
  "3": {
    "verseObjects": [
      {
        "type": "text",
        "text": "और उन्हें आग के समान जीभें फटती हुई दिखाई दी और उनमें से हर एक पर आ ठहरी।\n"
      }
    ]
  },
  "4": {
    "verseObjects": [
      {
        "type": "text",
        "text": "और वे सब पवित्र आत्मा से भर गए*, और जिस प्रकार आत्मा ने उन्हें बोलने की सामर्थ्य दी, वे अन्य-अन्य भाषा बोलने लगे।\n"
      },
      {
        "tag": "p",
        "nextChar": "\n",
        "type": "paragraph"
      },
      {
        "tag": "s5",
        "nextChar": "\n",
        "type": "section"
      }
    ]
  },
  "5": {
    "verseObjects": [
      {
        "type": "text",
        "text": "और आकाश के नीचे की हर एक जाति में से भक्त-यहूदी यरूशलेम में रहतें थे।\n"
      }
    ]
  },
  "6": {
    "verseObjects": [
      {
        "type": "text",
        "text": "जब वह शब्द सुनाई दिया, तो भीड़ लग गई और लोग घबरा गए, क्‍योंकि हर एक को यही सुनाई देता था, कि ये मेरी ही भाषा में बोल रहे हैं।\n"
      }
    ]
  },
  "7": {
    "verseObjects": [
      {
        "type": "text",
        "text": "और वे सब चकित और अचम्भित होकर कहने लगे, “देखो, ये जो बोल रहे हैं क्या सब गलीली नहीं?\n"
      },
      {
        "tag": "p",
        "nextChar": "\n",
        "type": "paragraph"
      },
      {
        "tag": "s5",
        "nextChar": "\n",
        "type": "section"
      }
    ]
  },
  "8": {
    "verseObjects": [
      {
        "type": "text",
        "text": "तो फिर क्यों हम में से हर एक अपनी-अपनी जन्मभूमि की भाषा सुनता है?\n"
      }
    ]
  },
  "9": {
    "verseObjects": [
      {
        "type": "text",
        "text": "हम जो पारथी, मेदी, एलाम लोग, मेसोपोटामिया, यहूदिया, कप्पदूकिया, पुन्तुस और आसिया,\n"
      }
    ]
  },
  "10": {
    "verseObjects": [
      {
        "type": "text",
        "text": "और फ्रूगिया और पंफूलिया और मिस्र और लीबिया देश जो कुरेने के आस-पास है, इन सब देशों के रहनेवाले और रोमी प्रवासी,\n"
      }
    ]
  },
  "11": {
    "verseObjects": [
      {
        "type": "text",
        "text": "अर्थात् क्या यहूदी, और क्या यहूदी मत धारण करनेवाले, क्रेती और अरबी भी हैं, परन्तु अपनी-अपनी भाषा में उनसे परमेश्‍वर के बड़े-बड़े कामों की चर्चा सुनते हैं।”\n"
      },
      {
        "tag": "p",
        "nextChar": "\n",
        "type": "paragraph"
      },
      {
        "tag": "s5",
        "nextChar": "\n",
        "type": "section"
      }
    ]
  },
  "12": {
    "verseObjects": [
      {
        "type": "text",
        "text": "और वे सब चकित हुए, और घबराकर एक दूसरे से कहने लगे, “यह क्या हो रहा है?”\n"
      }
    ]
  },
  "13": {
    "verseObjects": [
      {
        "type": "text",
        "text": "परन्तु दूसरों ने उपहास करके कहा, “वे तो नई मदिरा के नशे में हैं।”\n"
      },
      {
        "tag": "s",
        "type": "section",
        "content": "पिन्तेकुस्त के दिन पतरस का भाषण\n"
      },
      {
        "tag": "p",
        "nextChar": "\n",
        "type": "paragraph"
      },
      {
        "tag": "s5",
        "nextChar": "\n",
        "type": "section"
      }
    ]
  },
  "14": {
    "verseObjects": [
      {
        "type": "text",
        "text": "पतरस उन ग्यारह के साथ खड़ा हुआ और ऊँचे शब्द से कहने लगा, “हे यहूदियों, और हे यरूशलेम के सब रहनेवालों, यह जान लो और कान लगाकर मेरी बातें सुनो।\n"
      }
    ]
  },
  "15": {
    "verseObjects": [
      {
        "type": "text",
        "text": "जैसा तुम समझ रहे हो, ये नशे में नहीं है, क्योंकि अभी तो तीसरा पहर ही दिन चढ़ा है।\n"
      },
      {
        "tag": "s5",
        "nextChar": "\n",
        "type": "section"
      }
    ]
  },
  "16": {
    "verseObjects": [
      {
        "type": "text",
        "text": "परन्तु यह वह बात है, जो योएल भविष्यद्वक्ता के द्वारा कही गई है:\n"
      },
      {
        "tag": "q",
        "nextChar": "\n",
        "type": "quote"
      }
    ]
  },
  "17": {
    "verseObjects": [
      {
        "type": "text",
        "text": "‘परमेश्‍वर कहता है, कि अन्त के दिनों में ऐसा होगा, कि\n"
      },
      {
        "tag": "q",
        "type": "quote",
        "text": "मैं अपना आत्मा सब मनुष्यों पर उण्डेलूँगा और\n"
      },
      {
        "tag": "q",
        "type": "quote",
        "text": "तुम्हारे बेटे और तुम्हारी बेटियाँ भविष्यद्वाणी करेंगी,\n"
      },
      {
        "tag": "q",
        "type": "quote",
        "text": "और तुम्हारे जवान दर्शन देखेंगे,\n"
      },
      {
        "tag": "q",
        "type": "quote",
        "text": "और तुम्हारे वृद्ध पुरुष स्वप्न देखेंगे।\n"
      },
      {
        "tag": "q",
        "nextChar": "\n",
        "type": "quote"
      },
      {
        "tag": "s5",
        "nextChar": "\n",
        "type": "section"
      }
    ]
  },
  "18": {
    "verseObjects": [
      {
        "type": "text",
        "text": "वरन् मैं अपने दासों और अपनी दासियों पर भी उन दिनों\n"
      },
      {
        "tag": "q",
        "type": "quote",
        "text": "में अपने आत्मा उण्डेलूँगा, और वे भविष्यद्वाणी करेंगे।\n"
      },
      {
        "tag": "q",
        "nextChar": "\n",
        "type": "quote"
      }
    ]
  },
  "19": {
    "verseObjects": [
      {
        "type": "text",
        "text": "और मैं ऊपर आकाश में अद्भुत काम*,\n"
      },
      {
        "tag": "q",
        "type": "quote",
        "text": "और नीचे धरती पर चिन्ह, अर्थात्\n"
      },
      {
        "tag": "q",
        "type": "quote",
        "text": "लहू, और आग और धुएँ का बादल दिखाऊँगा।\n"
      },
      {
        "tag": "q",
        "nextChar": "\n",
        "type": "quote"
      },
      {
        "tag": "s5",
        "nextChar": "\n",
        "type": "section"
      }
    ]
  },
  "20": {
    "verseObjects": [
      {
        "type": "text",
        "text": "प्रभु के महान और तेजस्वी दिन* के आने से पहले\n"
      },
      {
        "tag": "q",
        "type": "quote",
        "text": "सूर्य अंधेरा\n"
      },
      {
        "tag": "q",
        "type": "quote",
        "text": "और चाँद लहू सा हो जाएगा।\n"
      },
      {
        "tag": "q",
        "nextChar": "\n",
        "type": "quote"
      }
    ]
  },
  "21": {
    "verseObjects": [
      {
        "type": "text",
        "text": "और जो कोई प्रभु का नाम लेगा, वही उद्धार पाएगा।’ (योए. 2:28-32)\n"
      },
      {
        "tag": "p",
        "nextChar": "\n",
        "type": "paragraph"
      },
      {
        "tag": "s5",
        "nextChar": "\n",
        "type": "section"
      }
    ]
  },
  "22": {
    "verseObjects": [
      {
        "type": "text",
        "text": "“हे इस्राएलियों, ये बातें सुनो कि यीशु नासरी एक मनुष्य था जिसका परमेश्‍वर की ओर से होने का प्रमाण उन सामर्थ्य के कामों और आश्चर्य के कामों और चिन्हों से प्रगट है, जो परमेश्‍वर ने तुम्हारे बीच उसके द्वारा कर दिखलाए जिसे तुम आप ही जानते हो।\n"
      }
    ]
  },
  "23": {
    "verseObjects": [
      {
        "type": "text",
        "text": "उसी को, जब वह परमेश्‍वर की ठहराई हुई योजना और पूर्व ज्ञान के अनुसार पकड़वाया गया, तो तुम ने अधर्मियों के हाथ से उसे क्रूस पर चढ़वाकर मार डाला।\n"
      }
    ]
  },
  "24": {
    "verseObjects": [
      {
        "type": "text",
        "text": "परन्तु उसी को परमेश्‍वर ने मृत्यु के बन्धनों से छुड़ाकर जिलाया: क्योंकि यह अनहोना था कि वह उसके वश में रहता। (2 शमू. 22:6, भज. 18:4, भज. 116:3)\n"
      },
      {
        "tag": "p",
        "nextChar": "\n",
        "type": "paragraph"
      },
      {
        "tag": "s5",
        "nextChar": "\n",
        "type": "section"
      }
    ]
  },
  "25": {
    "verseObjects": [
      {
        "type": "text",
        "text": "क्योंकि दाऊद उसके विषय में कहता है,\n"
      },
      {
        "tag": "q",
        "type": "quote",
        "text": "‘मैं प्रभु को सर्वदा अपने सामने देखता रहा\n"
      },
      {
        "tag": "q",
        "type": "quote",
        "text": "क्योंकि वह मेरी दाहिनी ओर है, ताकि मैं डिग न जाऊँ।\n"
      },
      {
        "tag": "q",
        "nextChar": "\n",
        "type": "quote"
      }
    ]
  },
  "26": {
    "verseObjects": [
      {
        "type": "text",
        "text": "इसी कारण मेरा मन आनन्दित हुआ, और मेरी जीभ मगन हुई;\n"
      },
      {
        "tag": "q",
        "type": "quote",
        "text": "वरन् मेरा शरीर भी आशा में बना रहेगा।\n"
      },
      {
        "tag": "q",
        "nextChar": "\n",
        "type": "quote"
      },
      {
        "tag": "s5",
        "nextChar": "\n",
        "type": "section"
      }
    ]
  },
  "27": {
    "verseObjects": [
      {
        "type": "text",
        "text": "क्योंकि तू मेरे प्राणों को अधोलोक में न छोड़ेगा;\n"
      },
      {
        "tag": "q",
        "type": "quote",
        "text": "और न अपने पवित्र जन को सड़ने देगा!\n"
      },
      {
        "tag": "q",
        "nextChar": "\n",
        "type": "quote"
      }
    ]
  },
  "28": {
    "verseObjects": [
      {
        "type": "text",
        "text": "तूने मुझे जीवन का मार्ग बताया है;\n"
      },
      {
        "tag": "q",
        "type": "quote",
        "text": "तू मुझे अपने दर्शन के द्वारा आनन्द से भर देगा।’ (भज. 16:8-11)\n"
      },
      {
        "tag": "p",
        "nextChar": "\n",
        "type": "paragraph"
      },
      {
        "tag": "s5",
        "nextChar": "\n",
        "type": "section"
      }
    ]
  },
  "29": {
    "verseObjects": [
      {
        "type": "text",
        "text": "“हे भाइयों, मैं उस कुलपति दाऊद के विषय में तुम से साहस के साथ कह सकता हूँ कि वह तो मर गया और गाड़ा भी गया और उसकी कब्र आज तक हमारे यहाँ वर्तमान है। (1 राजा. 2:10)\n"
      }
    ]
  },
  "30": {
    "verseObjects": [
      {
        "type": "text",
        "text": "वह भविष्यद्वक्ता था, वह जानता था कि परमेश्‍वर ने उससे शपथ खाई है, “मैं तेरे वंश में से एक व्यक्ति को तेरे सिंहासन पर बैठाऊँगा।” (2 शमू. 7:12-13, भज. 132:11)\n"
      }
    ]
  },
  "31": {
    "verseObjects": [
      {
        "type": "text",
        "text": "उसने होनेवाली बात को पहले ही से देखकर मसीह के जी उठने के विषय में भविष्यद्वाणी की,\n"
      },
      {
        "tag": "q",
        "type": "quote",
        "text": "कि न तो उसका प्राण अधोलोक में छोड़ा गया, और न उसकी देह सड़ने पाई। (भज. 16:10)\n"
      },
      {
        "tag": "p",
        "nextChar": "\n",
        "type": "paragraph"
      },
      {
        "tag": "s5",
        "nextChar": "\n",
        "type": "section"
      }
    ]
  },
  "32": {
    "verseObjects": [
      {
        "type": "text",
        "text": "इसी यीशु को परमेश्‍वर ने जिलाया, जिसके हम सब गवाह हैं।\n"
      }
    ]
  },
  "33": {
    "verseObjects": [
      {
        "type": "text",
        "text": "इस प्रकार परमेश्‍वर के दाहिने हाथ से सर्वो‍च्च पद पा कर, और पिता से वह पवित्र आत्मा प्राप्त करके जिसकी प्रतिज्ञा की गई थी, उसने यह उण्डेल दिया है जो तुम देखते और सुनते हो।\n"
      },
      {
        "tag": "p",
        "nextChar": "\n",
        "type": "paragraph"
      },
      {
        "tag": "s5",
        "nextChar": "\n",
        "type": "section"
      }
    ]
  },
  "34": {
    "verseObjects": [
      {
        "type": "text",
        "text": "क्योंकि दाऊद तो स्वर्ग पर नहीं चढ़ा; परन्तु वह स्वयं कहता है,\n"
      },
      {
        "tag": "q",
        "type": "quote",
        "text": "‘प्रभु ने मेरे प्रभु से कहा; मेरे दाहिने बैठ,\n"
      },
      {
        "tag": "q",
        "nextChar": "\n",
        "type": "quote"
      }
    ]
  },
  "35": {
    "verseObjects": [
      {
        "type": "text",
        "text": "जब तक कि मैं तेरे बैरियों को तेरे पाँवों तले की चौकी न कर दूँ।’ (भज. 110:1)\n"
      },
      {
        "tag": "m",
        "nextChar": "\n",
        "type": "paragraph"
      }
    ]
  },
  "36": {
    "verseObjects": [
      {
        "type": "text",
        "text": "अतः अब इस्राएल का सारा घराना निश्चय जान ले कि परमेश्‍वर ने उसी यीशु को जिसे तुम ने क्रूस पर चढ़ाया, प्रभु भी ठहराया और मसीह भी।”\n"
      },
      {
        "tag": "p",
        "nextChar": "\n",
        "type": "paragraph"
      },
      {
        "tag": "s5",
        "nextChar": "\n",
        "type": "section"
      }
    ]
  },
  "37": {
    "verseObjects": [
      {
        "type": "text",
        "text": "तब सुननेवालों के हृदय छिद गए, और वे पतरस और अन्य प्रेरितों से पूछने लगे, “हे भाइयों, हम क्या करें?”\n"
      }
    ]
  },
  "38": {
    "verseObjects": [
      {
        "type": "text",
        "text": "पतरस ने उनसे कहा, “मन फिराओ, और तुम में से हर एक अपने-अपने पापों की क्षमा के लिये यीशु मसीह के नाम से बपतिस्मा ले; तो तुम पवित्र आत्मा का दान पाओगे।\n"
      }
    ]
  },
  "39": {
    "verseObjects": [
      {
        "type": "text",
        "text": "क्योंकि यह प्रतिज्ञा तुम, और तुम्हारी सन्तानों, और उन सब दूर-दूर के लोगों के लिये भी है जिनको प्रभु हमारा परमेश्‍वर अपने पास बुलाएगा।” (योए. 2:32)\n"
      },
      {
        "tag": "p",
        "nextChar": "\n",
        "type": "paragraph"
      },
      {
        "tag": "s5",
        "nextChar": "\n",
        "type": "section"
      }
    ]
  },
  "40": {
    "verseObjects": [
      {
        "type": "text",
        "text": "उसने बहुत और बातों से भी गवाही दे देकर समझाया कि अपने आप को इस टेढ़ी जाति से बचाओ। (व्य. 32:5, भज. 78:8)\n"
      }
    ]
  },
  "41": {
    "verseObjects": [
      {
        "type": "text",
        "text": "अतः जिन्होंने उसका वचन ग्रहण किया उन्होंने बपतिस्मा लिया; और उसी दिन तीन हजार मनुष्यों के लगभग उनमें मिल गए।\n"
      },
      {
        "tag": "s",
        "type": "section",
        "content": "विश्वासियों का साझा जीवन\n"
      },
      {
        "tag": "p",
        "nextChar": "\n",
        "type": "paragraph"
      }
    ]
  },
  "42": {
    "verseObjects": [
      {
        "type": "text",
        "text": "और वे प्रेरितों से शिक्षा पाने, और संगति रखने में और रोटी तोड़ने में और प्रार्थना करने में लौलीन रहे।\n"
      },
      {
        "tag": "p",
        "nextChar": "\n",
        "type": "paragraph"
      },
      {
        "tag": "s5",
        "nextChar": "\n",
        "type": "section"
      }
    ]
  },
  "43": {
    "verseObjects": [
      {
        "type": "text",
        "text": "और सब लोगों पर भय छा गया, और बहुत से अद्भुत काम और चिन्ह प्रेरितों के द्वारा प्रगट होते थे।\n"
      }
    ]
  },
  "44": {
    "verseObjects": [
      {
        "type": "text",
        "text": "और वे सब विश्वास करनेवाले इकट्ठे रहते थे, और उनकी सब वस्तुएँ साझे की थीं।\n"
      }
    ]
  },
  "45": {
    "verseObjects": [
      {
        "type": "text",
        "text": "और वे अपनी-अपनी सम्पत्ति और सामान बेच-बेचकर जैसी जिसकी आवश्यकता होती थी बाँट दिया करते थे।\n"
      },
      {
        "tag": "p",
        "nextChar": "\n",
        "type": "paragraph"
      },
      {
        "tag": "s5",
        "nextChar": "\n",
        "type": "section"
      }
    ]
  },
  "46": {
    "verseObjects": [
      {
        "type": "text",
        "text": "और वे प्रतिदिन एक मन होकर मन्दिर में इकट्ठे होते थे, और घर-घर रोटी तोड़ते हुए आनन्द और मन की सिधाई से भोजन किया करते थे।\n"
      }
    ]
  },
  "47": {
    "verseObjects": [
      {
        "type": "text",
        "text": "और परमेश्‍वर की स्तुति करते थे, और सब लोग उनसे प्रसन्‍न थे; और जो उद्धार पाते थे, उनको प्रभु प्रतिदिन उनमें मिला देता था।\n\n"
      },
      {
        "tag": "s5",
        "nextChar": "\n",
        "type": "section"
      }
    ]
  },
  "front": {
    "verseObjects": [
      {
        "tag": "s",
        "type": "section",
        "content": "पवित्र आत्मा का आगमन\n"
      },
      {
        "tag": "p",
        "nextChar": "\n",
        "type": "paragraph"
      }
    ]
  }
}