{
  "1": {
    "verseObjects": [
      {
        "type": "text",
        "text": "जब हुल्लड़ थम गया तो पौलुस ने चेलों को बुलवाकर समझाया, और उनसे विदा होकर मकिदुनिया की ओर चल दिया।\n"
      }
    ]
  },
  "2": {
    "verseObjects": [
      {
        "type": "text",
        "text": "उस सारे प्रदेश में से होकर और चेलों को बहुत उत्साहित कर वह यूनान में आया।\n"
      }
    ]
  },
  "3": {
    "verseObjects": [
      {
        "type": "text",
        "text": "जब तीन महीने रहकर वह वहाँ से जहाज पर सीरिया की ओर जाने पर था, तो यहूदी उसकी घात में लगे, इसलिए उसने यह निश्चय किया कि मकिदुनिया होकर लौट जाए।\n"
      },
      {
        "tag": "p",
        "nextChar": "\n",
        "type": "paragraph"
      },
      {
        "tag": "s5",
        "nextChar": "\n",
        "type": "section"
      }
    ]
  },
  "4": {
    "verseObjects": [
      {
        "type": "text",
        "text": "बिरीया के पुरूर्स का पुत्र सोपत्रुस और थिस्सलुनीकियों में से अरिस्तर्खुस और सिकुन्दुस और दिरबे का गयुस, और तीमुथियुस और आसिया का तुखिकुस और त्रुफिमुस आसिया तक उसके साथ हो लिए।\n"
      }
    ]
  },
  "5": {
    "verseObjects": [
      {
        "type": "text",
        "text": "पर वे आगे जाकर त्रोआस में हमारी प्रतीक्षा करते रहे।\n"
      }
    ]
  },
  "6": {
    "verseObjects": [
      {
        "type": "text",
        "text": "और हम अख़मीरी रोटी के दिनों के बाद फिलिप्पी से जहाज पर चढ़कर पाँच दिन में त्रोआस में उनके पास पहुँचे, और सात दिन तक वहीं रहे।\n"
      },
      {
        "tag": "s",
        "type": "section",
        "content": "यूतुखुस का जिलाया जाना\n"
      },
      {
        "tag": "p",
        "nextChar": "\n",
        "type": "paragraph"
      },
      {
        "tag": "s5",
        "nextChar": "\n",
        "type": "section"
      }
    ]
  },
  "7": {
    "verseObjects": [
      {
        "type": "text",
        "text": "सप्ताह के पहले दिन जब हम रोटी तोड़ने के लिये इकट्ठे हुए, तो पौलुस ने जो दूसरे दिन चले जाने पर था, उनसे बातें की, और आधी रात तक उपदेश देता रहा।\n"
      }
    ]
  },
  "8": {
    "verseObjects": [
      {
        "type": "text",
        "text": "जिस अटारी पर हम इकट्ठे थे, उसमें बहुत दीये जल रहे थे।\n"
      },
      {
        "tag": "p",
        "nextChar": "\n",
        "type": "paragraph"
      },
      {
        "tag": "s5",
        "nextChar": "\n",
        "type": "section"
      }
    ]
  },
  "9": {
    "verseObjects": [
      {
        "type": "text",
        "text": "और यूतुखुस नाम का एक जवान खिड़की पर बैठा हुआ गहरी नींद से झुक रहा था, और जब पौलुस देर तक बातें करता रहा तो वह नींद के झोके में तीसरी अटारी पर से गिर पड़ा, और मरा हुआ उठाया गया।\n"
      }
    ]
  },
  "10": {
    "verseObjects": [
      {
        "type": "text",
        "text": "परन्तु पौलुस उतरकर उससे लिपट गया*, और गले लगाकर कहा, “घबराओ नहीं; क्योंकि उसका प्राण उसी में है।” (1 राजा. 17:21)\n"
      },
      {
        "tag": "p",
        "nextChar": "\n",
        "type": "paragraph"
      },
      {
        "tag": "s5",
        "nextChar": "\n",
        "type": "section"
      }
    ]
  },
  "11": {
    "verseObjects": [
      {
        "type": "text",
        "text": "और ऊपर जाकर रोटी तोड़ी और खाकर इतनी देर तक उनसे बातें करता रहा कि पौ फट गई; फिर वह चला गया।\n"
      },
      {
        "tag": "p",
        "nextChar": "\n",
        "type": "paragraph"
      }
    ]
  },
  "12": {
    "verseObjects": [
      {
        "type": "text",
        "text": "और वे उस जवान को जीवित ले आए, और बहुत शान्ति पाई।\n"
      },
      {
        "tag": "s",
        "type": "section",
        "content": "त्रोआस से मीलेतुस की यात्रा\n"
      },
      {
        "tag": "p",
        "nextChar": "\n",
        "type": "paragraph"
      },
      {
        "tag": "s5",
        "nextChar": "\n",
        "type": "section"
      }
    ]
  },
  "13": {
    "verseObjects": [
      {
        "type": "text",
        "text": "हम पहले से जहाज पर चढ़कर अस्सुस को इस विचार से आगे गए, कि वहाँ से हम पौलुस को चढ़ा लें क्योंकि उसने यह इसलिए ठहराया था, कि आप ही पैदल जानेवाला था।\n"
      }
    ]
  },
  "14": {
    "verseObjects": [
      {
        "type": "text",
        "text": "जब वह अस्सुस में हमें मिला तो हम उसे चढ़ाकर मितुलेने* में आए।\n"
      },
      {
        "tag": "p",
        "nextChar": "\n",
        "type": "paragraph"
      },
      {
        "tag": "s5",
        "nextChar": "\n",
        "type": "section"
      }
    ]
  },
  "15": {
    "verseObjects": [
      {
        "type": "text",
        "text": "और वहाँ से जहाज खोलकर हम दूसरे दिन खियुस के सामने पहुँचे, और अगले दिन सामुस में जा पहुँचे, फिर दूसरे दिन मीलेतुस में आए।\n"
      }
    ]
  },
  "16": {
    "verseObjects": [
      {
        "type": "text",
        "text": "क्योंकि पौलुस ने इफिसुस के पास से होकर जाने की ठानी थी, कि कहीं ऐसा न हो, कि उसे आसिया में देर लगे; क्योंकि वह जल्दी में था, कि यदि हो सके, तो वह पिन्तेकुस्त के दिन यरूशलेम में रहे।\n"
      },
      {
        "tag": "s",
        "type": "section",
        "content": "इफिसुस के प्राचीनों को उपदेश\n"
      },
      {
        "tag": "p",
        "nextChar": "\n",
        "type": "paragraph"
      },
      {
        "tag": "s5",
        "nextChar": "\n",
        "type": "section"
      }
    ]
  },
  "17": {
    "verseObjects": [
      {
        "type": "text",
        "text": "और उसने मीलेतुस से इफिसुस में कहला भेजा, और कलीसिया के प्राचीनों को बुलवाया।\n"
      }
    ]
  },
  "18": {
    "verseObjects": [
      {
        "type": "text",
        "text": "जब वे उसके पास आए, तो उनसे कहा,\n"
      },
      {
        "tag": "p",
        "type": "paragraph",
        "text": "“तुम जानते हो, कि पहले ही दिन से जब मैं आसिया में पहुँचा, मैं हर समय तुम्हारे साथ किस प्रकार रहा।\n"
      }
    ]
  },
  "19": {
    "verseObjects": [
      {
        "type": "text",
        "text": "अर्थात् बड़ी दीनता से, और आँसू बहा-बहाकर, और उन परीक्षाओं में जो यहूदियों के षड़यंत्र के कारण जो मुझ पर आ पड़ी; मैं प्रभु की सेवा करता ही रहा।\n"
      }
    ]
  },
  "20": {
    "verseObjects": [
      {
        "type": "text",
        "text": "और जो-जो बातें तुम्हारे लाभ की थीं, उनको बताने और लोगों के सामने और घर-घर सिखाने से कभी न झिझका।\n"
      }
    ]
  },
  "21": {
    "verseObjects": [
      {
        "type": "text",
        "text": "वरन् यहूदियों और यूनानियों को चेतावनी देता रहा कि परमेश्‍वर की ओर मन फिराए, और हमारे प्रभु यीशु मसीह पर विश्वास करे।\n"
      },
      {
        "tag": "p",
        "nextChar": "\n",
        "type": "paragraph"
      },
      {
        "tag": "s5",
        "nextChar": "\n",
        "type": "section"
      }
    ]
  },
  "22": {
    "verseObjects": [
      {
        "type": "text",
        "text": "और अब, मैं आत्मा में बंधा हुआ* यरूशलेम को जाता हूँ, और नहीं जानता, कि वहाँ मुझ पर क्या-क्या बीतेगा,\n"
      }
    ]
  },
  "23": {
    "verseObjects": [
      {
        "type": "text",
        "text": "केवल यह कि पवित्र आत्मा हर नगर में गवाही दे-देकर मुझसे कहता है कि बन्धन और क्लेश तेरे लिये तैयार है।\n"
      }
    ]
  },
  "24": {
    "verseObjects": [
      {
        "type": "text",
        "text": "परन्तु मैं अपने प्राण को कुछ नहीं समझता कि उसे प्रिय जानूँ, वरन् यह कि मैं अपनी दौड़ को, और उस सेवा को पूरी करूँ, जो मैंने परमेश्‍वर के अनुग्रह के सुसमाचार पर गवाही देने के लिये प्रभु यीशु से पाई है।\n"
      },
      {
        "tag": "p",
        "nextChar": "\n",
        "type": "paragraph"
      },
      {
        "tag": "s5",
        "nextChar": "\n",
        "type": "section"
      }
    ]
  },
  "25": {
    "verseObjects": [
      {
        "type": "text",
        "text": "और अब मैं जानता हूँ, कि तुम सब जिनमें मैं परमेश्‍वर के राज्य का प्रचार करता फिरा, मेरा मुँह फिर न देखोगे।\n"
      }
    ]
  },
  "26": {
    "verseObjects": [
      {
        "type": "text",
        "text": "इसलिए मैं आज के दिन तुम से गवाही देकर कहता हूँ, कि मैं सब के लहू से निर्दोष हूँ।\n"
      }
    ]
  },
  "27": {
    "verseObjects": [
      {
        "type": "text",
        "text": "क्योंकि मैं परमेश्‍वर की सारी मनसा को तुम्हें पूरी रीति से बताने से न झिझका।\n"
      },
      {
        "tag": "s5",
        "nextChar": "\n",
        "type": "section"
      }
    ]
  },
  "28": {
    "verseObjects": [
      {
        "type": "text",
        "text": "इसलिए अपनी और पूरे झुण्ड की देख-रेख करो; जिसमें पवित्र आत्मा ने तुम्हें अध्यक्ष ठहराया है कि तुम परमेश्‍वर की कलीसिया की रखवाली करो, जिसे उसने अपने लहू से मोल लिया है। (भज. 74:2)\n"
      }
    ]
  },
  "29": {
    "verseObjects": [
      {
        "type": "text",
        "text": "मैं जानता हूँ, कि मेरे जाने के बाद फाड़नेवाले भेड़िए तुम में आएँगे, जो झुण्ड को न छोड़ेंगे।\n"
      }
    ]
  },
  "30": {
    "verseObjects": [
      {
        "type": "text",
        "text": "तुम्हारे ही बीच में से भी ऐसे-ऐसे मनुष्य उठेंगे, जो चेलों को अपने पीछे खींच लेने को टेढ़ी-मेढ़ी बातें कहेंगे।\n"
      },
      {
        "tag": "p",
        "nextChar": "\n",
        "type": "paragraph"
      },
      {
        "tag": "s5",
        "nextChar": "\n",
        "type": "section"
      }
    ]
  },
  "31": {
    "verseObjects": [
      {
        "type": "text",
        "text": "इसलिए जागते रहो, और स्मरण करो कि मैंने तीन वर्ष तक रात दिन आँसू बहा-बहाकर, हर एक को चितौनी देना न छोड़ा।\n"
      }
    ]
  },
  "32": {
    "verseObjects": [
      {
        "type": "text",
        "text": "और अब मैं तुम्हें परमेश्‍वर को, और उसके अनुग्रह के वचन को सौंप देता हूँ; जो तुम्हारी उन्नति कर सकता है, और सब पवित्र किये गये लोगों में सहभागी होकर विरासत दे सकता है।\n"
      },
      {
        "tag": "p",
        "nextChar": "\n",
        "type": "paragraph"
      },
      {
        "tag": "s5",
        "nextChar": "\n",
        "type": "section"
      }
    ]
  },
  "33": {
    "verseObjects": [
      {
        "type": "text",
        "text": "मैंने किसी के चाँदी, सोने या कपड़े का लालच नहीं किया। (1 शमू. 12:3)\n"
      }
    ]
  },
  "34": {
    "verseObjects": [
      {
        "type": "text",
        "text": "तुम आप ही जानते हो कि इन्हीं हाथों ने मेरी और मेरे साथियों की आवश्यकताएँ पूरी की।\n"
      }
    ]
  },
  "35": {
    "verseObjects": [
      {
        "type": "text",
        "text": "मैंने तुम्हें सब कुछ करके दिखाया, कि इस रीति से परिश्रम करते हुए निर्बलों को सम्भालना, और प्रभु यीशु की बातें स्मरण रखना अवश्य है, कि उसने आप ही कहा है: ‘लेने से देना धन्य है’।”\n"
      },
      {
        "tag": "p",
        "nextChar": "\n",
        "type": "paragraph"
      },
      {
        "tag": "s5",
        "nextChar": "\n",
        "type": "section"
      }
    ]
  },
  "36": {
    "verseObjects": [
      {
        "type": "text",
        "text": "यह कहकर उसने घुटने टेके और उन सब के साथ प्रार्थना की।\n"
      }
    ]
  },
  "37": {
    "verseObjects": [
      {
        "type": "text",
        "text": "तब वे सब बहुत रोए और पौलुस के गले लिपट कर उसे चूमने लगे।\n"
      }
    ]
  },
  "38": {
    "verseObjects": [
      {
        "type": "text",
        "text": "वे विशेष करके इस बात का शोक करते थे, जो उसने कही थी, कि तुम मेरा मुँह फिर न देखोगे। और उन्होंने उसे जहाज तक पहुँचाया।\n\n"
      },
      {
        "tag": "s5",
        "nextChar": "\n",
        "type": "section"
      }
    ]
  },
  "front": {
    "verseObjects": [
      {
        "tag": "s",
        "type": "section",
        "content": "मकिदुनिया, यूनान और त्रोआस में पौलुस\n"
      },
      {
        "tag": "p",
        "nextChar": "\n",
        "type": "paragraph"
      }
    ]
  }
}