{
  "1": {
    "verseObjects": [
      {
        "type": "text",
        "text": "पौलुस ने महासभा की ओर टकटकी लगाकर देखा, और कहा, “हे भाइयों, मैंने आज तक परमेश्‍वर के लिये बिलकुल सच्चे विवेक से जीवन बिताया है।”\n"
      }
    ]
  },
  "2": {
    "verseObjects": [
      {
        "type": "text",
        "text": "हनन्याह महायाजक ने, उनको जो उसके पास खड़े थे, उसके मुँह पर थप्पड़ मारने की आज्ञा दी।\n"
      }
    ]
  },
  "3": {
    "verseObjects": [
      {
        "type": "text",
        "text": "तब पौलुस ने उससे कहा, “हे चूना फिरी हुई भीत, परमेश्‍वर तुझे मारेगा। तू व्यवस्था के अनुसार मेरा न्याय करने को बैठा है, और फिर क्या व्यवस्था के विरुद्ध मुझे मारने की आज्ञा देता है?” (लैव्य. 19:15, यहे. 13:10-15)\n"
      },
      {
        "tag": "p",
        "nextChar": "\n",
        "type": "paragraph"
      },
      {
        "tag": "s5",
        "nextChar": "\n",
        "type": "section"
      }
    ]
  },
  "4": {
    "verseObjects": [
      {
        "type": "text",
        "text": "जो पास खड़े थे, उन्होंने कहा, “क्या तू परमेश्‍वर के महायाजक को बुरा-भला कहता है?”\n"
      }
    ]
  },
  "5": {
    "verseObjects": [
      {
        "type": "text",
        "text": "पौलुस ने कहा, “हे भाइयों, मैं नहीं जानता था, कि यह महायाजक है; क्योंकि लिखा है,\n"
      },
      {
        "tag": "q",
        "type": "quote",
        "text": "‘अपने लोगों के प्रधान को बुरा न कह’।” (निर्ग. 22:28)\n"
      },
      {
        "tag": "p",
        "nextChar": "\n",
        "type": "paragraph"
      },
      {
        "tag": "s5",
        "nextChar": "\n",
        "type": "section"
      }
    ]
  },
  "6": {
    "verseObjects": [
      {
        "type": "text",
        "text": "तब पौलुस ने यह जानकर, कि एक दल सदूकियों और दूसरा फरीसियों का हैं, महासभा में पुकारकर कहा, “हे भाइयों, मैं फरीसी और फरीसियों के वंश का हूँ, मरे हुओं की आशा और पुनरुत्थान के विषय में मेरा मुकद्दमा हो रहा है।”\n"
      }
    ]
  },
  "7": {
    "verseObjects": [
      {
        "type": "text",
        "text": "जब उसने यह बात कही तो फरीसियों और सदूकियों में झगड़ा होने लगा; और सभा में फूट पड़ गई।\n"
      }
    ]
  },
  "8": {
    "verseObjects": [
      {
        "type": "text",
        "text": "क्योंकि सदूकी तो यह कहते हैं, कि न पुनरुत्थान है, न स्वर्गदूत और न आत्मा है; परन्तु फरीसी इन सबको मानते हैं।\n"
      },
      {
        "tag": "p",
        "nextChar": "\n",
        "type": "paragraph"
      },
      {
        "tag": "s5",
        "nextChar": "\n",
        "type": "section"
      }
    ]
  },
  "9": {
    "verseObjects": [
      {
        "type": "text",
        "text": "तब बड़ा हल्ला मचा और कुछ शास्त्री जो फरीसियों के दल के थे, उठकर यों कहकर झगड़ने लगे, “हम इस मनुष्य में कुछ बुराई नहीं पाते; और यदि कोई आत्मा या स्वर्गदूत उससे बोला है तो फिर क्या?”\n"
      }
    ]
  },
  "10": {
    "verseObjects": [
      {
        "type": "text",
        "text": "जब बहुत झगड़ा हुआ, तो सैन्य-दल के सरदार ने इस डर से कि वे पौलुस के टुकड़े-टुकड़े न कर डालें, सैन्य-दल को आज्ञा दी कि उतरकर उसको उनके बीच में से जबरदस्ती निकालो, और गढ़ में ले आओ।\n"
      },
      {
        "tag": "p",
        "nextChar": "\n",
        "type": "paragraph"
      },
      {
        "tag": "s5",
        "nextChar": "\n",
        "type": "section"
      }
    ]
  },
  "11": {
    "verseObjects": [
      {
        "type": "text",
        "text": "उसी रात प्रभु ने उसके पास आ खड़े होकर कहा, “हे पौलुस, धैर्य रख; क्योंकि जैसी तूने यरूशलेम में मेरी गवाही दी, वैसी ही तुझे रोम में भी गवाही देनी होगी।”\n"
      },
      {
        "tag": "s",
        "type": "section",
        "content": "पौलुस की हत्या का षड़यंत्र\n"
      },
      {
        "tag": "p",
        "nextChar": "\n",
        "type": "paragraph"
      },
      {
        "tag": "s5",
        "nextChar": "\n",
        "type": "section"
      }
    ]
  },
  "12": {
    "verseObjects": [
      {
        "type": "text",
        "text": "जब दिन हुआ, तो यहूदियों ने एका किया, और शपथ खाई कि जब तक हम पौलुस को मार न डालें, यदि हम खाएँ या पीएँ तो हम पर धिक्कार।\n"
      }
    ]
  },
  "13": {
    "verseObjects": [
      {
        "type": "text",
        "text": "जिन्होंने यह शपथ खाई थी, वे चालीस जन से अधिक थे।\n"
      },
      {
        "tag": "p",
        "nextChar": "\n",
        "type": "paragraph"
      },
      {
        "tag": "s5",
        "nextChar": "\n",
        "type": "section"
      }
    ]
  },
  "14": {
    "verseObjects": [
      {
        "type": "text",
        "text": "उन्होंने प्रधान याजकों और प्राचीनों के पास आकर कहा, “हमने यह ठाना है कि जब तक हम पौलुस को मार न डालें, तब तक यदि कुछ भी खाएँ, तो हम पर धिक्कार है।\n"
      }
    ]
  },
  "15": {
    "verseObjects": [
      {
        "type": "text",
        "text": "इसलिए अब महासभा समेत सैन्य-दल के सरदार को समझाओ, कि उसे तुम्हारे पास ले आए, मानो कि तुम उसके विषय में और भी ठीक से जाँच करना चाहते हो, और हम उसके पहुँचने से पहले ही उसे मार डालने के लिये तैयार रहेंगे।”\n"
      },
      {
        "tag": "p",
        "nextChar": "\n",
        "type": "paragraph"
      },
      {
        "tag": "s5",
        "nextChar": "\n",
        "type": "section"
      }
    ]
  },
  "16": {
    "verseObjects": [
      {
        "type": "text",
        "text": "और पौलुस के भांजे ने सुना कि वे उसकी घात में हैं, तो गढ़ में जाकर पौलुस को सन्देश दिया।\n"
      }
    ]
  },
  "17": {
    "verseObjects": [
      {
        "type": "text",
        "text": "पौलुस ने सूबेदारों में से एक को अपने पास बुलाकर कहा, “इस जवान को सैन्य-दल के सरदार के पास ले जाओ, यह उससे कुछ कहना चाहता है।”\n"
      },
      {
        "tag": "p",
        "nextChar": "\n",
        "type": "paragraph"
      },
      {
        "tag": "s5",
        "nextChar": "\n",
        "type": "section"
      }
    ]
  },
  "18": {
    "verseObjects": [
      {
        "type": "text",
        "text": "अतः उसने उसको सैन्य-दल के सरदार के पास ले जाकर कहा, “बन्दी पौलुस ने मुझे बुलाकर विनती की, कि यह जवान सैन्य-दल के सरदार से कुछ कहना चाहता है; इसे उसके पास ले जा।”\n"
      }
    ]
  },
  "19": {
    "verseObjects": [
      {
        "type": "text",
        "text": "सैन्य-दल के सरदार ने उसका हाथ पकड़कर, और उसे अलग ले जाकर पूछा, “तू मुझसे क्या कहना चाहता है?”\n"
      },
      {
        "tag": "p",
        "nextChar": "\n",
        "type": "paragraph"
      },
      {
        "tag": "s5",
        "nextChar": "\n",
        "type": "section"
      }
    ]
  },
  "20": {
    "verseObjects": [
      {
        "type": "text",
        "text": "उसने कहा, “यहूदियों ने एका किया है, कि तुझ से विनती करें कि कल पौलुस को महासभा में लाए, मानो तू और ठीक से उसकी जाँच करना चाहता है।\n"
      }
    ]
  },
  "21": {
    "verseObjects": [
      {
        "type": "text",
        "text": "परन्तु उनकी मत मानना, क्योंकि उनमें से चालीस के ऊपर मनुष्य उसकी घात में हैं, जिन्होंने यह ठान लिया है कि जब तक वे पौलुस को मार न डालें, तब तक न खाएँगे और न पीएँगे, और अब वे तैयार हैं और तेरे वचन की प्रतीक्षा कर रहे हैं।”\n"
      },
      {
        "tag": "p",
        "nextChar": "\n",
        "type": "paragraph"
      },
      {
        "tag": "s5",
        "nextChar": "\n",
        "type": "section"
      }
    ]
  },
  "22": {
    "verseObjects": [
      {
        "type": "text",
        "text": "तब सैन्य-दल के सरदार ने जवान को यह निर्देश देकर विदा किया, “किसी से न कहना कि तूने मुझ को ये बातें बताई हैं।”\n"
      },
      {
        "tag": "s",
        "type": "section",
        "content": "पौलुस का कैसरिया को भेजा जाना\n"
      },
      {
        "tag": "p",
        "nextChar": "\n",
        "type": "paragraph"
      }
    ]
  },
  "23": {
    "verseObjects": [
      {
        "type": "text",
        "text": "उसने तब दो सूबेदारों को बुलाकर कहा, “दो सौ सिपाही, सत्तर सवार, और दो सौ भालैत को कैसरिया जाने के लिये तैयार कर रख, तू रात के तीसरे पहर को निकलना।”\n"
      }
    ]
  },
  "24": {
    "verseObjects": [
      {
        "type": "text",
        "text": "और पौलुस की सवारी के लिये घोड़े तैयार रखो कि उसे फेलिक्स राज्यपाल* के पास सुरक्षित पहुँचा दें।”\n"
      },
      {
        "tag": "p",
        "nextChar": "\n",
        "type": "paragraph"
      },
      {
        "tag": "s5",
        "nextChar": "\n",
        "type": "section"
      }
    ]
  },
  "25": {
    "verseObjects": [
      {
        "type": "text",
        "text": "उसने इस प्रकार की चिट्ठी भी लिखी:\n"
      },
      {
        "tag": "p",
        "nextChar": "\n",
        "type": "paragraph"
      }
    ]
  },
  "26": {
    "verseObjects": [
      {
        "type": "text",
        "text": "“महाप्रतापी फेलिक्स राज्यपाल को क्लौदियुस लूसियास को नमस्कार;\n"
      }
    ]
  },
  "27": {
    "verseObjects": [
      {
        "type": "text",
        "text": "इस मनुष्य को यहूदियों ने पकड़कर मार डालना चाहा, परन्तु जब मैंने जाना कि वो रोमी है, तो सैन्य-दल लेकर छुड़ा लाया।\n"
      },
      {
        "tag": "p",
        "nextChar": "\n",
        "type": "paragraph"
      },
      {
        "tag": "s5",
        "nextChar": "\n",
        "type": "section"
      }
    ]
  },
  "28": {
    "verseObjects": [
      {
        "type": "text",
        "text": "और मैं जानना चाहता था, कि वे उस पर किस कारण दोष लगाते हैं, इसलिए उसे उनकी महासभा में ले गया।\n"
      }
    ]
  },
  "29": {
    "verseObjects": [
      {
        "type": "text",
        "text": "तब मैंने जान लिया, कि वे अपनी व्यवस्था के विवादों के विषय में उस पर दोष लगाते हैं, परन्तु मार डाले जाने या बाँधे जाने के योग्य उसमें कोई दोष नहीं।\n"
      }
    ]
  },
  "30": {
    "verseObjects": [
      {
        "type": "text",
        "text": "और जब मुझे बताया गया, कि वे इस मनुष्य की घात में लगे हैं तो मैंने तुरन्त उसको तेरे पास भेज दिया; और मुद्दइयों को भी आज्ञा दी, कि तेरे सामने उस पर आरोप लगाए।”\n"
      },
      {
        "tag": "p",
        "nextChar": "\n",
        "type": "paragraph"
      },
      {
        "tag": "s5",
        "nextChar": "\n",
        "type": "section"
      }
    ]
  },
  "31": {
    "verseObjects": [
      {
        "type": "text",
        "text": "अतः जैसे सिपाहियों को आज्ञा दी गई थी, वैसे ही पौलुस को लेकर रातों-रात अन्तिपत्रिस में लाए।\n"
      }
    ]
  },
  "32": {
    "verseObjects": [
      {
        "type": "text",
        "text": "दूसरे दिन वे सवारों को उसके साथ जाने के लिये छोड़कर आप गढ़ को लौटे।\n"
      }
    ]
  },
  "33": {
    "verseObjects": [
      {
        "type": "text",
        "text": "उन्होंने कैसरिया में पहुँचकर राज्यपाल को चिट्ठी दी; और पौलुस को भी उसके सामने खड़ा किया।\n"
      },
      {
        "tag": "p",
        "nextChar": "\n",
        "type": "paragraph"
      },
      {
        "tag": "s5",
        "nextChar": "\n",
        "type": "section"
      }
    ]
  },
  "34": {
    "verseObjects": [
      {
        "type": "text",
        "text": "उसने पढ़कर पूछा, “यह किस प्रदेश का है?”\n"
      }
    ]
  },
  "35": {
    "verseObjects": [
      {
        "type": "text",
        "text": "और जब जान लिया कि किलिकिया का है; तो उससे कहा, “जब तेरे मुद्दई भी आएँगें, तो मैं तेरा मुकद्दमा करूँगा।” और उसने उसे हेरोदेस के किले में, पहरे में रखने की आज्ञा दी।\n\n"
      },
      {
        "tag": "s5",
        "nextChar": "\n",
        "type": "section"
      }
    ]
  },
  "front": {
    "verseObjects": [
      {
        "tag": "p",
        "nextChar": "\n",
        "type": "paragraph"
      }
    ]
  }
}