{
  "1": {
    "verseObjects": [
      {
        "type": "text",
        "text": "तब महायाजक ने कहा, “क्या ये बातें सत्य है?”\n"
      }
    ]
  },
  "2": {
    "verseObjects": [
      {
        "type": "text",
        "text": "उसने कहा,\n"
      },
      {
        "tag": "p",
        "type": "paragraph",
        "text": "“हे भाइयों, और पिताओं सुनो, हमारा पिता अब्राहम हारान में बसने से पहले जब मेसोपोटामिया में था; तो तेजोमय परमेश्‍वर ने उसे दर्शन दिया।\n"
      }
    ]
  },
  "3": {
    "verseObjects": [
      {
        "type": "text",
        "text": "और उससे कहा, ‘तू अपने देश और अपने कुटुम्ब से निकलकर उस देश में चला जा, जिसे मैं तुझे दिखाऊँगा।’ (उत्प. 12:1)\n"
      },
      {
        "tag": "p",
        "type": "paragraph",
        "text": "\n"
      },
      {
        "tag": "s5",
        "type": "section",
        "text": "\n"
      }
    ]
  },
  "4": {
    "verseObjects": [
      {
        "type": "text",
        "text": "तब वह कसदियों के देश से निकलकर हारान में जा बसा; और उसके पिता की मृत्यु के बाद परमेश्‍वर ने उसको वहाँ से इस देश में लाकर बसाया जिसमें अब तुम बसते हो, (उत्प. 12:5)\n"
      }
    ]
  },
  "5": {
    "verseObjects": [
      {
        "type": "text",
        "text": "और परमेश्‍वर ने उसको कुछ विरासत न दी, वरन् पैर रखने भर की भी उसमें जगह न दी, यद्यपि उस समय उसके कोई पुत्र भी न था। फिर भी प्रतिज्ञा की, ‘मैं यह देश, तेरे और तेरे बाद तेरे वंश के हाथ कर दूँगा।’ (उत्प. 13:15, उत्प. 15:18, उत्प. 16:1, उत्प. 24:7, व्य. 2:5, व्य. 11:5)\n"
      },
      {
        "tag": "p",
        "type": "paragraph",
        "text": "\n"
      },
      {
        "tag": "s5",
        "type": "section",
        "text": "\n"
      }
    ]
  },
  "6": {
    "verseObjects": [
      {
        "type": "text",
        "text": "और परमेश्‍वर ने यों कहा, ‘तेरी सन्तान के लोग पराये देश में परदेशी होंगे, और वे उन्हें दास बनाएँगे, और चार सौ वर्ष तक दुःख देंगे।’ (उत्प. 15:13-14, निर्ग. 2:22)\n"
      }
    ]
  },
  "7": {
    "verseObjects": [
      {
        "type": "text",
        "text": "फिर परमेश्‍वर ने कहा, ‘जिस जाति के वे दास होंगे, उसको मैं दण्ड दूँगा; और इसके बाद वे निकलकर इसी जगह मेरी सेवा करेंगे।’ (उत्प. 15:14, निर्ग. 3:12)\n"
      }
    ]
  },
  "8": {
    "verseObjects": [
      {
        "type": "text",
        "text": "और उसने उससे खतने की वाचा* बाँधी; और इसी दशा में इसहाक उससे उत्‍पन्‍न हुआ; और आठवें दिन उसका खतना किया गया; और इसहाक से याकूब और याकूब से बारह कुलपति उत्‍पन्‍न हुए। (उत्प. 17:10-11, उत्प. 21:4)\n"
      },
      {
        "tag": "p",
        "type": "paragraph",
        "text": "\n"
      },
      {
        "tag": "s5",
        "type": "section",
        "text": "\n"
      }
    ]
  },
  "9": {
    "verseObjects": [
      {
        "type": "text",
        "text": "“और कुलपतियों ने यूसुफ से ईर्ष्या करके उसे मिस्र देश जानेवालों के हाथ बेचा; परन्तु परमेश्‍वर उसके साथ था। (उत्प. 37:11, उत्प. 37:28, उत्प. 39:2-3, उत्प. 45:4)\n"
      }
    ]
  },
  "10": {
    "verseObjects": [
      {
        "type": "text",
        "text": "और उसे उसके सब क्लेशों से छुड़ाकर मिस्र के राजा फ़िरौन के आगे अनुग्रह और बुद्धि दी, उसने उसे मिस्र पर और अपने सारे घर पर राज्यपाल ठहराया। (उत्प. 39:21, उत्प. 41:40, उत्प. 41:43, उत्प. 41:46, भज. 105:21)\n"
      },
      {
        "tag": "p",
        "type": "paragraph",
        "text": "\n"
      },
      {
        "tag": "s5",
        "type": "section",
        "text": "\n"
      }
    ]
  },
  "11": {
    "verseObjects": [
      {
        "type": "text",
        "text": "तब मिस्र और कनान के सारे देश में अकाल पड़ा; जिससे भारी क्लेश हुआ, और हमारे पूर्वजों को अन्न नहीं मिलता था। (उत्प. 41:54, 55, उत्प. 42:5)\n"
      }
    ]
  },
  "12": {
    "verseObjects": [
      {
        "type": "text",
        "text": "परन्तु याकूब ने यह सुनकर, कि मिस्र में अनाज है, हमारे पूर्वजों को पहली बार भेजा। (उत्प. 42:2)\n"
      }
    ]
  },
  "13": {
    "verseObjects": [
      {
        "type": "text",
        "text": "और दूसरी बार यूसुफ अपने भाइयों पर प्रगट हो गया, और यूसुफ की जाति फ़िरौन को मालूम हो गई। (उत्प. 45:1, उत्प. 45:3, उत्प. 45:16)\n"
      },
      {
        "tag": "p",
        "type": "paragraph",
        "text": "\n"
      },
      {
        "tag": "s5",
        "type": "section",
        "text": "\n"
      }
    ]
  },
  "14": {
    "verseObjects": [
      {
        "type": "text",
        "text": "तब यूसुफ ने अपने पिता याकूब और अपने सारे कुटुम्ब को, जो पचहत्तर व्यक्ति थे, बुला भेजा। (उत्प. 45:9-11, उत्प. 45:18-19, निर्ग. 1:5, व्य. 10:22)\n"
      }
    ]
  },
  "15": {
    "verseObjects": [
      {
        "type": "text",
        "text": "तब याकूब मिस्र में गया; और वहाँ वह और हमारे पूर्वज मर गए। (उत्प. 45:5,6, उत्प. 49:33, निर्ग. 1:6)\n"
      }
    ]
  },
  "16": {
    "verseObjects": [
      {
        "type": "text",
        "text": "उनके शव शेकेम में पहुँचाए जाकर उस कब्र में रखे गए, जिसे अब्राहम ने चाँदी देकर शेकेम में हामोर की सन्तान से मोल लिया था। (उत्प. 23:16-17, उत्प. 33:19, उत्प. 49:29-30, उत्प. 50:13, यहो. 24:32)\n"
      },
      {
        "tag": "p",
        "type": "paragraph",
        "text": "\n"
      },
      {
        "tag": "s5",
        "type": "section",
        "text": "\n"
      }
    ]
  },
  "17": {
    "verseObjects": [
      {
        "type": "text",
        "text": "“परन्तु जब उस प्रतिज्ञा के पूरे होने का समय निकट आया, जो परमेश्‍वर ने अब्राहम से की थी, तो मिस्र में वे लोग बढ़ गए; और बहुत हो गए।\n"
      }
    ]
  },
  "18": {
    "verseObjects": [
      {
        "type": "text",
        "text": "तब मिस्र में दूसरा राजा हुआ जो यूसुफ को नहीं जानता था। (निर्ग. 1:7-8)\n"
      }
    ]
  },
  "19": {
    "verseObjects": [
      {
        "type": "text",
        "text": "उसने हमारी जाति से चतुराई करके हमारे बाप-दादों के साथ यहाँ तक बुरा व्यवहार किया, कि उन्हें अपने बालकों को फेंक देना पड़ा कि वे जीवित न रहें। (निर्ग. 1:9-10, निर्ग. 1:18, निर्ग. 1:22)\n"
      },
      {
        "tag": "s5",
        "type": "section",
        "text": "\n"
      }
    ]
  },
  "20": {
    "verseObjects": [
      {
        "type": "text",
        "text": "उस समय मूसा का जन्म हुआ; और वह परमेश्‍वर की दृष्टि में बहुत ही सुन्दर था; और वह तीन महीने तक अपने पिता के घर में पाला गया। (निर्ग. 2:2)\n"
      }
    ]
  },
  "21": {
    "verseObjects": [
      {
        "type": "text",
        "text": "परन्तु जब फेंक दिया गया तो फ़िरौन की बेटी ने उसे उठा लिया, और अपना पुत्र करके पाला। (निर्ग. 2:5, निर्ग. 2:10)\n"
      },
      {
        "tag": "s5",
        "type": "section",
        "text": "\n"
      }
    ]
  },
  "22": {
    "verseObjects": [
      {
        "type": "text",
        "text": "और मूसा को मिस्रियों की सारी विद्या पढ़ाई गई, और वह वचन और कामों में सामर्थी था।\n"
      },
      {
        "tag": "p",
        "type": "paragraph",
        "text": "\n"
      }
    ]
  },
  "23": {
    "verseObjects": [
      {
        "type": "text",
        "text": "“जब वह चालीस वर्ष का हुआ, तो उसके मन में आया कि अपने इस्राएली भाइयों से भेंट करे। (निर्ग. 2:11)\n"
      }
    ]
  },
  "24": {
    "verseObjects": [
      {
        "type": "text",
        "text": "और उसने एक व्यक्ति पर अन्याय होते देखकर, उसे बचाया, और मिस्री को मारकर सताए हुए का पलटा लिया। (निर्ग. 2:12)\n"
      }
    ]
  },
  "25": {
    "verseObjects": [
      {
        "type": "text",
        "text": "उसने सोचा, कि उसके भाई समझेंगे कि परमेश्‍वर उसके हाथों से उनका उद्धार करेगा, परन्तु उन्होंने न समझा।\n"
      },
      {
        "tag": "p",
        "type": "paragraph",
        "text": "\n"
      },
      {
        "tag": "s5",
        "type": "section",
        "text": "\n"
      }
    ]
  },
  "26": {
    "verseObjects": [
      {
        "type": "text",
        "text": "दूसरे दिन जब इस्राएली आपस में लड़ रहे थे, तो वह वहाँ जा पहुँचा; और यह कहके उन्हें मेल करने के लिये समझाया, कि हे पुरुषों, ‘तुम तो भाई-भाई हो, एक दूसरे पर क्यों अन्याय करते हो?’\n"
      }
    ]
  },
  "27": {
    "verseObjects": [
      {
        "type": "text",
        "text": "परन्तु जो अपने पड़ोसी पर अन्याय कर रहा था, उसने उसे यह कहकर धक्का दिया, ‘तुझे किस ने हम पर अधिपति और न्यायाधीश ठहराया है?\n"
      }
    ]
  },
  "28": {
    "verseObjects": [
      {
        "type": "text",
        "text": "क्या जिस रीति से तूने कल मिस्री को मार डाला मुझे भी मार डालना चाहता है?’ (निर्ग. 2:13-14)\n"
      },
      {
        "tag": "p",
        "type": "paragraph",
        "text": "\n"
      },
      {
        "tag": "s5",
        "type": "section",
        "text": "\n"
      }
    ]
  },
  "29": {
    "verseObjects": [
      {
        "type": "text",
        "text": "यह बात सुनकर, मूसा भागा और मिद्यान देश में परदेशी होकर रहने लगा: और वहाँ उसके दो पुत्र उत्‍पन्‍न हुए। (निर्ग. 2:15-22, निर्ग. 18:3-4)\n"
      },
      {
        "tag": "p",
        "type": "paragraph",
        "text": "\n"
      }
    ]
  },
  "30": {
    "verseObjects": [
      {
        "type": "text",
        "text": "“जब पूरे चालीस वर्ष बीत गए, तो एक स्वर्गदूत ने सीनै पहाड़ के जंगल में उसे जलती हुई झाड़ी की ज्वाला में दर्शन दिया। (निर्ग. 3:1)\n"
      },
      {
        "tag": "s5",
        "type": "section",
        "text": "\n"
      }
    ]
  },
  "31": {
    "verseObjects": [
      {
        "type": "text",
        "text": "मूसा ने उस दर्शन को देखकर अचम्भा किया, और जब देखने के लिये पास गया, तो प्रभु की यह वाणी सुनाई दी, (निर्ग. 3:2-3)\n"
      }
    ]
  },
  "32": {
    "verseObjects": [
      {
        "type": "text",
        "text": "“मैं तेरे पूर्वज, अब्राहम, इसहाक और याकूब का परमेश्‍वर हूँ।” तब तो मूसा काँप उठा, यहाँ तक कि उसे देखने का साहस न रहा।\n"
      },
      {
        "tag": "s5",
        "type": "section",
        "text": "\n"
      }
    ]
  },
  "33": {
    "verseObjects": [
      {
        "type": "text",
        "text": "तब प्रभु ने उससे कहा, ‘अपने पाँवों से जूती उतार ले, क्योंकि जिस जगह तू खड़ा है, वह पवित्र भूमि है। (निर्ग. 3:5)\n"
      }
    ]
  },
  "34": {
    "verseObjects": [
      {
        "type": "text",
        "text": "मैंने सचमुच अपने लोगों की दुर्दशा को जो मिस्र में है, देखी है; और उनकी आहें और उनका रोना सुन लिया है; इसलिए उन्हें छुड़ाने के लिये उतरा हूँ। अब आ, मैं तुझे मिस्र में भेजूँगा। (निर्ग. 2:24, निर्ग. 3:7-10)\n"
      },
      {
        "tag": "p",
        "type": "paragraph",
        "text": "\n"
      },
      {
        "tag": "s5",
        "type": "section",
        "text": "\n"
      }
    ]
  },
  "35": {
    "verseObjects": [
      {
        "type": "text",
        "text": "“जिस मूसा को उन्होंने यह कहकर नकारा था, ‘तुझे किस ने हम पर अधिपति और न्यायाधीश ठहराया है?’ उसी को परमेश्‍वर ने अधिपति और छुड़ानेवाला ठहराकर, उस स्वर्गदूत के द्वारा जिस ने उसे झाड़ी में दर्शन दिया था, भेजा। (निर्ग. 2:14, निर्ग. 3:2)\n"
      }
    ]
  },
  "36": {
    "verseObjects": [
      {
        "type": "text",
        "text": "यही व्यक्ति मिस्र और लाल समुद्र और जंगल में चालीस वर्ष तक अद्भुत काम और चिन्ह दिखा दिखाकर उन्हें निकाल लाया। (निर्ग. 7:3, निर्ग. 14:21, गिन. 14:33)\n"
      }
    ]
  },
  "37": {
    "verseObjects": [
      {
        "type": "text",
        "text": "यह वही मूसा है, जिस ने इस्राएलियों से कहा, ‘परमेश्‍वर तुम्हारे भाइयों में से तुम्हारे लिये मेरे जैसा एक भविष्यद्वक्ता उठाएगा।’ (व्य. 18:15-18)\n"
      },
      {
        "tag": "p",
        "type": "paragraph",
        "text": "\n"
      },
      {
        "tag": "s5",
        "type": "section",
        "text": "\n"
      }
    ]
  },
  "38": {
    "verseObjects": [
      {
        "type": "text",
        "text": "यह वही है, जिस ने जंगल में मण्डली के बीच उस स्वर्गदूत के साथ सीनै पहाड़ पर उससे बातें की, और हमारे पूर्वजों के साथ था, उसी को जीवित वचन मिले, कि हम तक पहुँचाए। (निर्ग. 19:1-6, निर्ग. 20:1-17, व्य. 5:4-22, व्य. 9:10-11)\n"
      }
    ]
  },
  "39": {
    "verseObjects": [
      {
        "type": "text",
        "text": "परन्तु हमारे पूर्वजों ने उसकी मानना न चाहा; वरन् उसे ठुकराकर अपने मन मिस्र की ओर फेरे, (निर्ग. 23:20-21, गिन. 14:3-4)\n"
      }
    ]
  },
  "40": {
    "verseObjects": [
      {
        "type": "text",
        "text": "और हारून से कहा, ‘हमारे लिये ऐसा देवता बना, जो हमारे आगे-आगे चलें; क्योंकि यह मूसा जो हमें मिस्र देश से निकाल लाया, हम नहीं जानते उसे क्या हुआ?’ (निर्ग. 32:1, निर्ग. 32:23)\n"
      },
      {
        "tag": "p",
        "type": "paragraph",
        "text": "\n"
      },
      {
        "tag": "s5",
        "type": "section",
        "text": "\n"
      }
    ]
  },
  "41": {
    "verseObjects": [
      {
        "type": "text",
        "text": "उन दिनों में उन्होंने एक बछड़ा बनाकर, उसकी मूरत के आगे बलि चढ़ाया; और अपने हाथों के कामों में मगन होने लगे। (निर्ग. 32:4,6)\n"
      }
    ]
  },
  "42": {
    "verseObjects": [
      {
        "type": "text",
        "text": "अतः परमेश्‍वर ने मुँह मोड़कर उन्हें छोड़ दिया*, कि आकाशगण पूजें, जैसा भविष्यद्वक्ताओं की पुस्तक में लिखा है,\n"
      },
      {
        "tag": "q",
        "type": "quote",
        "text": "‘हे इस्राएल के घराने,\n"
      },
      {
        "tag": "q",
        "type": "quote",
        "text": "क्या तुम जंगल में चालीस वर्ष तक पशु बलि और अन्नबलि मुझ ही को\n"
      },
      {
        "tag": "q",
        "type": "quote",
        "text": "चढ़ाते रहे? (यिर्म. 7:18, यिर्म. 8:2, यिर्म. 19:13)\n"
      },
      {
        "tag": "q",
        "type": "quote",
        "text": "\n"
      },
      {
        "tag": "s5",
        "type": "section",
        "text": "\n"
      }
    ]
  },
  "43": {
    "verseObjects": [
      {
        "type": "text",
        "text": "और तुम मोलेक* के तम्बू\n"
      },
      {
        "tag": "q",
        "type": "quote",
        "text": "और रिफान देवता के तारे को लिए फिरते थे,\n"
      },
      {
        "tag": "q",
        "type": "quote",
        "text": "अर्थात् उन मूर्तियों को जिन्हें तुम ने दण्डवत् करने के लिये बनाया था।\n"
      },
      {
        "tag": "q",
        "type": "quote",
        "text": "अतः मैं तुम्हें बाबेल के परे ले जाकर बसाऊँगा।’ (आमो. 5:25-26)\n"
      },
      {
        "tag": "p",
        "type": "paragraph",
        "text": "\n"
      },
      {
        "tag": "s5",
        "type": "section",
        "text": "\n"
      }
    ]
  },
  "44": {
    "verseObjects": [
      {
        "type": "text",
        "text": "“साक्षी का तम्बू जंगल में हमारे पूर्वजों के बीच में था; जैसा उसने ठहराया, जिस ने मूसा से कहा, ‘जो आकार तूने देखा है, उसके अनुसार इसे बना।’ (निर्ग. 25:1-40, निर्ग. 25:40, निर्ग. 27:21, गिन. 1:50)\n"
      }
    ]
  },
  "45": {
    "verseObjects": [
      {
        "type": "text",
        "text": "उसी तम्बू को हमारे पूर्वजों ने पूर्वकाल से पा कर यहोशू के साथ यहाँ ले आए; जिस समय कि उन्होंने उन अन्यजातियों पर अधिकार पाया, जिन्हें परमेश्‍वर ने हमारे पूर्वजों के सामने से निकाल दिया, और वह दाऊद के समय तक रहा। (यहो. 3:14-17, यहो. 18:1, यहो. 23:9, यहो. 24:18)\n"
      }
    ]
  },
  "46": {
    "verseObjects": [
      {
        "type": "text",
        "text": "उस पर परमेश्‍वर ने अनुग्रह किया; अतः उसने विनती की, कि मैं याकूब के परमेश्‍वर के लिये निवास स्थान बनाऊँ। (2 शमू. 7:2-16, 1 राजा. 8:17-18, 1 इति. 17:1-14, 2 इति. 6:7-8, भज. 132:5)\n"
      },
      {
        "tag": "p",
        "type": "paragraph",
        "text": "\n"
      },
      {
        "tag": "s5",
        "type": "section",
        "text": "\n"
      }
    ]
  },
  "47": {
    "verseObjects": [
      {
        "type": "text",
        "text": "परन्तु सुलैमान ने उसके लिये घर बनाया। (1 राजा. 6:1,2, 1 राजा. 6:14, 1 राजा. 8:19-20, 2 इति. 3:1, 2 इति. 5:1, 2 इति. 6:2, 2 इति. 6:10)\n"
      },
      {
        "tag": "p",
        "type": "paragraph",
        "text": "\n"
      }
    ]
  },
  "48": {
    "verseObjects": [
      {
        "type": "text",
        "text": "परन्तु परमप्रधान हाथ के बनाए घरों में नहीं रहता, जैसा कि भविष्यद्वक्ता ने कहा,\n"
      },
      {
        "tag": "q",
        "type": "quote",
        "text": "\n"
      }
    ]
  },
  "49": {
    "verseObjects": [
      {
        "type": "text",
        "text": "‘प्रभु कहता है, स्वर्ग मेरा सिंहासन\n"
      },
      {
        "tag": "q",
        "type": "quote",
        "text": "और पृथ्वी मेरे पाँवों तले की चौकी है,\n"
      },
      {
        "tag": "q",
        "type": "quote",
        "text": "मेरे लिये तुम किस प्रकार का घर बनाओगे?\n"
      },
      {
        "tag": "q",
        "type": "quote",
        "text": "और मेरे विश्राम का कौन सा स्थान होगा?\n"
      },
      {
        "tag": "q",
        "type": "quote",
        "text": "\n"
      }
    ]
  },
  "50": {
    "verseObjects": [
      {
        "type": "text",
        "text": "क्या ये सब वस्तुएँ मेरे हाथ की बनाई नहीं?’ (यशा. 66:1-2)\n"
      },
      {
        "tag": "p",
        "type": "paragraph",
        "text": "\n"
      },
      {
        "tag": "s5",
        "type": "section",
        "text": "\n"
      }
    ]
  },
  "51": {
    "verseObjects": [
      {
        "type": "text",
        "text": "“हे हठीले, और मन और कान के खतनारहित लोगों, तुम सदा पवित्र आत्मा का विरोध करते हो। जैसा तुम्हारे पूर्वज करते थे, वैसे ही तुम भी करते हो। (निर्ग. 32:9, निर्ग. 33:3-5, लैव्य. 26:41, गिन. 27:14, यशा. 63:10, यिर्म. 6:10, यिर्म. 9:26)\n"
      }
    ]
  },
  "52": {
    "verseObjects": [
      {
        "type": "text",
        "text": "भविष्यद्वक्ताओं में से किसको तुम्हारे पूर्वजों ने नहीं सताया? और उन्होंने उस धर्मी के आगमन का पूर्वकाल से सन्देश देनेवालों को मार डाला, और अब तुम भी उसके पकड़वानेवाले और मार डालनेवाले हुए (2 इति. 36:16)\n"
      }
    ]
  },
  "53": {
    "verseObjects": [
      {
        "type": "text",
        "text": "तुम ने स्वर्गदूतों के द्वारा ठहराई हुई व्यवस्था तो पाई, परन्तु उसका पालन नहीं किया।”\n"
      },
      {
        "tag": "s",
        "type": "section",
        "text": "स्तिफनुस की हत्या\n"
      },
      {
        "tag": "p",
        "type": "paragraph",
        "text": "\n"
      },
      {
        "tag": "s5",
        "type": "section",
        "text": "\n"
      }
    ]
  },
  "54": {
    "verseObjects": [
      {
        "type": "text",
        "text": "ये बातें सुनकर वे जल गए और उस पर दाँत पीसने लगे। (अय्यू. 16:9, भज. 35:16, भज. 37:12, भज. 112:10)\n"
      }
    ]
  },
  "55": {
    "verseObjects": [
      {
        "type": "text",
        "text": "परन्तु उसने पवित्र आत्मा से परिपूर्ण होकर स्वर्ग की ओर देखा और परमेश्‍वर की महिमा को* और यीशु को परमेश्‍वर की दाहिनी ओर खड़ा देखकर\n"
      }
    ]
  },
  "56": {
    "verseObjects": [
      {
        "type": "text",
        "text": "कहा, “देखों, मैं स्वर्ग को खुला हुआ, और मनुष्य के पुत्र को परमेश्‍वर के दाहिनी ओर खड़ा हुआ देखता हूँ।”\n"
      },
      {
        "tag": "p",
        "type": "paragraph",
        "text": "\n"
      },
      {
        "tag": "s5",
        "type": "section",
        "text": "\n"
      }
    ]
  },
  "57": {
    "verseObjects": [
      {
        "type": "text",
        "text": "तब उन्होंने बड़े शब्द से चिल्लाकर कान बन्द कर लिए, और एक चित्त होकर उस पर झपटे।\n"
      }
    ]
  },
  "58": {
    "verseObjects": [
      {
        "type": "text",
        "text": "और उसे नगर के बाहर निकालकर पत्थराव करने लगे, और गवाहों ने अपने कपड़े शाऊल नामक एक जवान के पाँवों के पास उतार कर रखे।\n"
      },
      {
        "tag": "p",
        "type": "paragraph",
        "text": "\n"
      },
      {
        "tag": "s5",
        "type": "section",
        "text": "\n"
      }
    ]
  },
  "59": {
    "verseObjects": [
      {
        "type": "text",
        "text": "और वे स्तिफनुस को पत्थराव करते रहे, और वह यह कहकर प्रार्थना करता रहा, “हे प्रभु यीशु, मेरी आत्मा को ग्रहण कर।” (भज. 31:5)\n"
      }
    ]
  },
  "60": {
    "verseObjects": [
      {
        "type": "text",
        "text": "फिर घुटने टेककर ऊँचे शब्द से पुकारा, “हे प्रभु, यह पाप उन पर मत लगा।” और यह कहकर सो गया।\n\n"
      },
      {
        "tag": "s5",
        "type": "section",
        "text": "\n"
      }
    ]
  },
  "front": {
    "verseObjects": [
      {
        "tag": "s",
        "type": "section",
        "text": "महासभा में स्तिफनुस का भाषण\n"
      },
      {
        "tag": "p",
        "type": "paragraph",
        "text": "\n"
      }
    ]
  }
}