{
  "1": {
    "verseObjects": [
      {
        "type": "text",
        "text": "शाऊल उसकी मृत्यु के साथ सहमत था।\n"
      },
      {
        "tag": "p",
        "type": "paragraph",
        "text": "उसी दिन यरूशलेम की कलीसिया पर बड़ा उपद्रव होने लगा और प्रेरितों को छोड़ सब के सब यहूदिया और सामरिया देशों में तितर-बितर हो गए।\n"
      }
    ]
  },
  "2": {
    "verseObjects": [
      {
        "type": "text",
        "text": "और भक्तों ने स्तिफनुस को कब्र में रखा; और उसके लिये बड़ा विलाप किया।\n"
      }
    ]
  },
  "3": {
    "verseObjects": [
      {
        "type": "text",
        "text": "पर शाऊल कलीसिया को उजाड़ रहा था; और घर-घर घुसकर पुरुषों और स्त्रियों को घसीट-घसीट कर बन्दीगृह में डालता था।\n"
      },
      {
        "tag": "s",
        "type": "section",
        "text": "सामरिया में फिलिप्पुस\n"
      },
      {
        "tag": "p",
        "type": "paragraph",
        "text": "\n"
      },
      {
        "tag": "s5",
        "type": "section",
        "text": "\n"
      }
    ]
  },
  "4": {
    "verseObjects": [
      {
        "type": "text",
        "text": "मगर जो तितर-बितर हुए थे, वे सुसमाचार सुनाते हुए फिरे।\n"
      }
    ]
  },
  "5": {
    "verseObjects": [
      {
        "type": "text",
        "text": "और फिलिप्पुस* सामरिया नगर में जाकर लोगों में मसीह का प्रचार करने लगा।\n"
      },
      {
        "tag": "p",
        "type": "paragraph",
        "text": "\n"
      },
      {
        "tag": "s5",
        "type": "section",
        "text": "\n"
      }
    ]
  },
  "6": {
    "verseObjects": [
      {
        "type": "text",
        "text": "जो बातें फिलिप्पुस ने कहीं उन्हें लोगों ने सुनकर और जो चिन्ह वह दिखाता था उन्हें देख-देखकर, एक चित्त होकर मन लगाया।\n"
      }
    ]
  },
  "7": {
    "verseObjects": [
      {
        "type": "text",
        "text": "क्योंकि बहुतों में से अशुद्ध आत्माएँ बड़े शब्द से चिल्लाती हुई निकल गई, और बहुत से लकवे के रोगी और लँगड़े भी अच्छे किए गए।\n"
      }
    ]
  },
  "8": {
    "verseObjects": [
      {
        "type": "text",
        "text": "और उस नगर में बड़ा आनन्द छा गया।\n"
      },
      {
        "tag": "s",
        "type": "section",
        "text": "शमौन जादूगर\n"
      },
      {
        "tag": "p",
        "type": "paragraph",
        "text": "\n"
      },
      {
        "tag": "s5",
        "type": "section",
        "text": "\n"
      }
    ]
  },
  "9": {
    "verseObjects": [
      {
        "type": "text",
        "text": "इससे पहले उस नगर में शमौन* नामक एक मनुष्य था, जो जादू-टोना करके सामरिया के लोगों को चकित करता और अपने आप को कोई बड़ा पुरुष बनाता था।\n"
      }
    ]
  },
  "10": {
    "verseObjects": [
      {
        "type": "text",
        "text": "और सब छोटे से लेकर बड़े तक उसका सम्मान कर कहते थे, “यह मनुष्य परमेश्‍वर की वह शक्ति है, जो महान कहलाती है।”\n"
      }
    ]
  },
  "11": {
    "verseObjects": [
      {
        "type": "text",
        "text": "उसने बहुत दिनों से उन्हें अपने जादू के कामों से चकित कर रखा था, इसलिए वे उसको बहुत मानते थे।\n"
      },
      {
        "tag": "p",
        "type": "paragraph",
        "text": "\n"
      },
      {
        "tag": "s5",
        "type": "section",
        "text": "\n"
      }
    ]
  },
  "12": {
    "verseObjects": [
      {
        "type": "text",
        "text": "परन्तु जब उन्होंने फिलिप्पुस का विश्वास किया जो परमेश्‍वर के राज्य और यीशु मसीह के नाम का सुसमाचार सुनाता था तो लोग, क्या पुरुष, क्या स्त्री बपतिस्मा लेने लगे।\n"
      }
    ]
  },
  "13": {
    "verseObjects": [
      {
        "type": "text",
        "text": "तब शमौन ने स्वयं भी विश्वास किया और बपतिस्मा लेकर फिलिप्पुस के साथ रहने लगा और चिन्ह और बड़े-बड़े सामर्थ्य के काम होते देखकर चकित होता था।\n"
      },
      {
        "tag": "s",
        "type": "section",
        "text": "सामरियों का पवित्र आत्मा पाना\n"
      },
      {
        "tag": "p",
        "type": "paragraph",
        "text": "\n"
      },
      {
        "tag": "s5",
        "type": "section",
        "text": "\n"
      }
    ]
  },
  "14": {
    "verseObjects": [
      {
        "type": "text",
        "text": "जब प्रेरितों ने जो यरूशलेम में थे सुना कि सामरियों ने परमेश्‍वर का वचन मान लिया है तो पतरस और यूहन्ना को उनके पास भेजा।\n"
      }
    ]
  },
  "15": {
    "verseObjects": [
      {
        "type": "text",
        "text": "और उन्होंने जाकर उनके लिये प्रार्थना की ताकि पवित्र आत्मा पाएँ।\n"
      }
    ]
  },
  "16": {
    "verseObjects": [
      {
        "type": "text",
        "text": "क्योंकि पवित्र आत्मा अब तक उनमें से किसी पर न उतरा था, उन्होंने तो केवल प्रभु यीशु के नाम में बपतिस्मा लिया था।\n"
      }
    ]
  },
  "17": {
    "verseObjects": [
      {
        "type": "text",
        "text": "तब उन्होंने उन पर हाथ रखे और उन्होंने पवित्र आत्मा पाया।\n"
      },
      {
        "tag": "s",
        "type": "section",
        "text": "शमौन का पाप\n"
      },
      {
        "tag": "p",
        "type": "paragraph",
        "text": "\n"
      },
      {
        "tag": "s5",
        "type": "section",
        "text": "\n"
      }
    ]
  },
  "18": {
    "verseObjects": [
      {
        "type": "text",
        "text": "जब शमौन ने देखा कि प्रेरितों के हाथ रखने से पवित्र आत्मा दिया जाता है, तो उनके पास रुपये लाकर कहा,\n"
      }
    ]
  },
  "19": {
    "verseObjects": [
      {
        "type": "text",
        "text": "“यह शक्ति मुझे भी दो, कि जिस किसी पर हाथ रखूँ, वह पवित्र आत्मा पाए।”\n"
      },
      {
        "tag": "p",
        "type": "paragraph",
        "text": "\n"
      },
      {
        "tag": "s5",
        "type": "section",
        "text": "\n"
      }
    ]
  },
  "20": {
    "verseObjects": [
      {
        "type": "text",
        "text": "पतरस ने उससे कहा, “तेरे रुपये तेरे साथ नाश हों, क्योंकि तूने परमेश्‍वर का दान रुपयों से मोल लेने का विचार किया।\n"
      }
    ]
  },
  "21": {
    "verseObjects": [
      {
        "type": "text",
        "text": "इस बात में न तेरा हिस्सा है, न भाग; क्योंकि तेरा मन परमेश्‍वर के आगे सीधा नहीं। (भज. 78:37)\n"
      }
    ]
  },
  "22": {
    "verseObjects": [
      {
        "type": "text",
        "text": "इसलिए अपनी इस बुराई से मन फिराकर प्रभु से प्रार्थना कर, सम्भव है तेरे मन का विचार क्षमा किया जाए।\n"
      },
      {
        "tag": "p",
        "type": "paragraph",
        "text": "\n"
      }
    ]
  },
  "23": {
    "verseObjects": [
      {
        "type": "text",
        "text": "क्योंकि मैं देखता हूँ, कि तू पित्त की कड़वाहट और अधर्म के बन्धन में पड़ा है।” (व्य. 29:18, विला. 3:15)\n"
      },
      {
        "tag": "s5",
        "type": "section",
        "text": "\n"
      }
    ]
  },
  "24": {
    "verseObjects": [
      {
        "type": "text",
        "text": "शमौन ने उत्तर दिया, “तुम मेरे लिये प्रभु से प्रार्थना करो कि जो बातें तुम ने कहीं, उनमें से कोई मुझ पर न आ पड़े।”\n"
      },
      {
        "tag": "p",
        "type": "paragraph",
        "text": "\n"
      },
      {
        "tag": "s5",
        "type": "section",
        "text": "\n"
      }
    ]
  },
  "25": {
    "verseObjects": [
      {
        "type": "text",
        "text": "अतः पतरस और यूहन्ना गवाही देकर और प्रभु का वचन सुनाकर, यरूशलेम को लौट गए, और सामरियों के बहुत से गाँवों में सुसमाचार सुनाते गए।\n"
      },
      {
        "tag": "s",
        "type": "section",
        "text": "कूश के खोजा को फिलिप्पुस का उपदेश\n"
      },
      {
        "tag": "p",
        "type": "paragraph",
        "text": "\n"
      },
      {
        "tag": "s5",
        "type": "section",
        "text": "\n"
      }
    ]
  },
  "26": {
    "verseObjects": [
      {
        "type": "text",
        "text": "फिर प्रभु के एक स्वर्गदूत ने फिलिप्पुस से कहा, “उठकर दक्षिण की ओर उस मार्ग पर जा, जो यरूशलेम से गाज़ा को जाता है। यह रेगिस्तानी मार्ग है।\n"
      }
    ]
  },
  "27": {
    "verseObjects": [
      {
        "type": "text",
        "text": "वह उठकर चल दिया, और तब, कूश देश का एक मनुष्य आ रहा था, जो खोजा* और कूशियों की रानी कन्दाके का मंत्री और खजांची था, और आराधना करने को यरूशलेम आया था।\n"
      },
      {
        "tag": "p",
        "type": "paragraph",
        "text": "\n"
      }
    ]
  },
  "28": {
    "verseObjects": [
      {
        "type": "text",
        "text": "और वह अपने रथ पर बैठा हुआ था, और यशायाह भविष्यद्वक्ता की पुस्तक पढ़ता हुआ लौटा जा रहा था।\n"
      },
      {
        "tag": "s5",
        "type": "section",
        "text": "\n"
      }
    ]
  },
  "29": {
    "verseObjects": [
      {
        "type": "text",
        "text": "तब आत्मा ने फिलिप्पुस से कहा, “निकट जाकर इस रथ के साथ हो ले।”\n"
      }
    ]
  },
  "30": {
    "verseObjects": [
      {
        "type": "text",
        "text": "फिलिप्पुस उसकी ओर दौड़ा और उसे यशायाह भविष्यद्वक्ता की पुस्तक पढ़ते हुए सुना, और पूछा, “तू जो पढ़ रहा है क्या उसे समझता भी है?”\n"
      }
    ]
  },
  "31": {
    "verseObjects": [
      {
        "type": "text",
        "text": "उसने कहा, “जब तक कोई मुझे न समझाए तो मैं कैसे समझूँ?” और उसने फिलिप्पुस से विनती की, कि चढ़कर उसके पास बैठे।\n"
      },
      {
        "tag": "p",
        "type": "paragraph",
        "text": "\n"
      },
      {
        "tag": "s5",
        "type": "section",
        "text": "\n"
      }
    ]
  },
  "32": {
    "verseObjects": [
      {
        "type": "text",
        "text": "पवित्रशास्त्र का जो अध्याय वह पढ़ रहा था, वह यह था :\n"
      },
      {
        "tag": "q",
        "type": "quote",
        "text": "“वह भेड़ के समान वध होने को पहुँचाया गया,\n"
      },
      {
        "tag": "q",
        "type": "quote",
        "text": "और जैसा मेम्‍ना अपने ऊन कतरनेवालों के सामने चुपचाप रहता है, वैसे ही\n"
      },
      {
        "tag": "q",
        "type": "quote",
        "text": "उसने भी अपना मुँह न खोला,\n"
      },
      {
        "tag": "q",
        "type": "quote",
        "text": "\n"
      }
    ]
  },
  "33": {
    "verseObjects": [
      {
        "type": "text",
        "text": "उसकी दीनता में उसका न्याय होने नहीं पाया,\n"
      },
      {
        "tag": "q",
        "type": "quote",
        "text": "और उसके समय के लोगों का वर्णन कौन करेगा?\n"
      },
      {
        "tag": "q",
        "type": "quote",
        "text": "क्योंकि पृथ्वी से उसका प्राण उठा लिया जाता है।” (यशा. 53:7-8)\n"
      },
      {
        "tag": "p",
        "type": "paragraph",
        "text": "\n"
      },
      {
        "tag": "s5",
        "type": "section",
        "text": "\n"
      }
    ]
  },
  "34": {
    "verseObjects": [
      {
        "type": "text",
        "text": "इस पर खोजे ने फिलिप्पुस से पूछा, “मैं तुझ से विनती करता हूँ, यह बता कि भविष्यद्वक्ता यह किस के विषय में कहता है, अपने या किसी दूसरे के विषय में?”\n"
      }
    ]
  },
  "35": {
    "verseObjects": [
      {
        "type": "text",
        "text": "तब फिलिप्पुस ने अपना मुँह खोला, और इसी शास्त्र से आरम्भ करके उसे यीशु का सुसमाचार सुनाया।\n"
      },
      {
        "tag": "p",
        "type": "paragraph",
        "text": "\n"
      },
      {
        "tag": "s5",
        "type": "section",
        "text": "\n"
      }
    ]
  },
  "36": {
    "verseObjects": [
      {
        "type": "text",
        "text": "मार्ग में चलते-चलते वे किसी जल की जगह पहुँचे, तब खोजे ने कहा, “देख यहाँ जल है, अब मुझे बपतिस्मा लेने में क्या रोक है?”\n"
      }
    ]
  },
  "37": {
    "verseObjects": [
      {
        "type": "text",
        "text": "फिलिप्पुस ने कहा, “यदि तू सारे मन से विश्वास करता है तो ले सकता है।” उसने उत्तर दिया, “मैं विश्वास करता हूँ कि यीशु मसीह परमेश्‍वर का पुत्र है।”\n"
      }
    ]
  },
  "38": {
    "verseObjects": [
      {
        "type": "text",
        "text": "तब उसने रथ खड़ा करने की आज्ञा दी, और फिलिप्पुस और खोजा दोनों जल में उतर पड़े, और उसने उसे बपतिस्मा दिया।\n"
      },
      {
        "tag": "p",
        "type": "paragraph",
        "text": "\n"
      },
      {
        "tag": "s5",
        "type": "section",
        "text": "\n"
      }
    ]
  },
  "39": {
    "verseObjects": [
      {
        "type": "text",
        "text": "जब वे जल में से निकलकर ऊपर आए, तो प्रभु का आत्मा फिलिप्पुस को उठा ले गया, और खोजे ने उसे फिर न देखा, और वह आनन्द करता हुआ अपने मार्ग चला गया। (1 राजा. 18:12)\n"
      }
    ]
  },
  "40": {
    "verseObjects": [
      {
        "type": "text",
        "text": "पर फिलिप्पुस अश्दोद में आ निकला, और जब तक कैसरिया में न पहुँचा, तब तक नगर-नगर सुसमाचार सुनाता गया।\n\n"
      },
      {
        "tag": "s5",
        "type": "section",
        "text": "\n"
      }
    ]
  },
  "front": {
    "verseObjects": [
      {
        "tag": "s",
        "type": "section",
        "text": "शाऊल का विश्वासियों पर अत्याचार\n"
      },
      {
        "tag": "p",
        "type": "paragraph",
        "text": "\n"
      }
    ]
  }
}