{
  "1": {
    "verseObjects": [
      {
        "type": "text",
        "text": "After three days, Esther put on her royal clothing. Then she went and stood in the inner court of the king's palace, before the front of the king's house. At that time, the king was sitting on his royal throne in his house, facing the entrance to the house.\n"
      }
    ]
  },
  "2": {
    "verseObjects": [
      {
        "type": "text",
        "text": "When the king saw Esther the queen standing in the court, the king was glad and welcomed her. He held out to her the golden sceptre that was in his hand. So Esther approached the king and touched the tip of the scepter.\n\n"
      },
      {
        "tag": "s5",
        "nextChar": "\n",
        "type": "section"
      }
    ]
  },
  "3": {
    "verseObjects": [
      {
        "type": "text",
        "text": "Then the king said to her, \"What is it that you want Queen Esther? What is your request? I will give you up to half my kingdom, if that is what you request.\"\n"
      }
    ]
  },
  "4": {
    "verseObjects": [
      {
        "type": "text",
        "text": "Esther replied, \"Your Majesty, if it pleases you, will you and Haman come to a feast that I have prepared for you?\"\n\n"
      },
      {
        "tag": "s5",
        "nextChar": "\n",
        "type": "section"
      }
    ]
  },
  "5": {
    "verseObjects": [
      {
        "type": "text",
        "text": "The king said to his servants, \"Go and tell Haman to come quickly and do what Esther has said!\" So the king and Haman went to the feast that Esther had prepared.\n"
      }
    ]
  },
  "6": {
    "verseObjects": [
      {
        "type": "text",
        "text": "The king said to Esther when the wine of the feast was being served, \"What is your petition? It shall be granted you. What is your request? I will give you up to half of my kingdom, if that is what you request.\"\n\n"
      },
      {
        "tag": "s5",
        "nextChar": "\n",
        "type": "section"
      }
    ]
  },
  "7": {
    "verseObjects": [
      {
        "type": "text",
        "text": "Esther answered, \"My petition and my request is this,\n"
      }
    ]
  },
  "8": {
    "verseObjects": [
      {
        "type": "text",
        "text": "if you are pleased with me, if you are willing to do this for me: will you and Haman come to another feast I am preparing for you tomorrow. At that time, I will answer your question.\"\n"
      },
      {
        "tag": "s5",
        "nextChar": "\n",
        "type": "section"
      },
      {
        "tag": "p",
        "nextChar": "\n",
        "type": "paragraph"
      }
    ]
  },
  "9": {
    "verseObjects": [
      {
        "type": "text",
        "text": "Haman was feeling very happy when he left the feast. But he saw Mordecai sitting at the gate of the palace, and once again, Mordecai did not stand up or shake with fear in front of him. So Haman was filled with anger toward Mordecai.\n"
      }
    ]
  },
  "10": {
    "verseObjects": [
      {
        "type": "text",
        "text": "However, he did nothing to show that he was angry. He went to his house and gathered his friends. He also called for his wife, Zeresh.\n"
      }
    ]
  },
  "11": {
    "verseObjects": [
      {
        "type": "text",
        "text": "Haman told them all about the great riches he had accumulated. He talked about his many sons, and how he had achieved more than all the other officials and the servants of the king.\n"
      },
      {
        "tag": "s5",
        "nextChar": "\n",
        "type": "section"
      }
    ]
  },
  "12": {
    "verseObjects": [
      {
        "type": "text",
        "text": "Then Haman added, \"Even Queen Esther invited just two of us, me and the king, to a banquet she prepared for us today. And she is inviting just the two of us to another banquet that she is will give us tomorrow!\"\n"
      }
    ]
  },
  "13": {
    "verseObjects": [
      {
        "type": "text",
        "text": "Then Haman said, \"But these things mean nothing to me as long as I can see Mordecai the Jew sitting there at the king's gate!\"\n\n"
      },
      {
        "tag": "s5",
        "nextChar": "\n",
        "type": "section"
      }
    ]
  },
  "14": {
    "verseObjects": [
      {
        "type": "text",
        "text": "Then Zeresh his wife said to Haman and all his friends, \"Why do you not quickly set up a gallows? Make it twenty-three meters high. Then in the morning speak to the king for them to hang Mordecai on it. After that, you can go to the banquet with the king and be happy.\" This idea pleased Haman, and he had the gallows set up.\n\n\n"
      },
      {
        "tag": "s5",
        "nextChar": "\n",
        "type": "section"
      }
    ]
  },
  "front": {
    "verseObjects": [
      {
        "tag": "p",
        "nextChar": "\n",
        "type": "paragraph"
      }
    ]
  }
}