{
  "1": {
    "verseObjects": [
      {
        "type": "text",
        "text": "It came about that when King Hezekiah heard their report, he tore his clothes, covered himself with sackcloth, and went into the house of Yahweh.\n"
      }
    ]
  },
  "2": {
    "verseObjects": [
      {
        "type": "text",
        "text": "He sent Eliakim, who was over the household, and Shebna the scribe, and the elders of the priests, all covered with sackcloth, to Isaiah son of Amoz, the prophet.\n\n"
      },
      {
        "tag": "s5",
        "nextChar": "\n",
        "type": "section"
      }
    ]
  },
  "3": {
    "verseObjects": [
      {
        "type": "text",
        "text": "They said to him, \"Hezekiah says, 'This day is a day of distress, rebuke, and disgrace, for the children have come to the time of birth, but there is no strength for them to be born.\n"
      }
    ]
  },
  "4": {
    "verseObjects": [
      {
        "type": "text",
        "text": "It may be that Yahweh your God will hear all the words of the chief commander, whom the king of Assyria his master has sent to defy the living God, and will rebuke the words which Yahweh your God has heard. Now lift up your prayer for the remnant that is still here.'\"\n\n"
      },
      {
        "tag": "s5",
        "nextChar": "\n",
        "type": "section"
      }
    ]
  },
  "5": {
    "verseObjects": [
      {
        "type": "text",
        "text": "So the servants of King Hezekiah came to Isaiah,\n"
      }
    ]
  },
  "6": {
    "verseObjects": [
      {
        "type": "text",
        "text": "and Isaiah said to them, \"Say to your master: 'Yahweh says, \"Do not be afraid of the words that you have heard, with which the servants of the king of Assyria have insulted me.\n"
      }
    ]
  },
  "7": {
    "verseObjects": [
      {
        "type": "text",
        "text": "Look, I will put a spirit in him, and he will hear a certain report and go back to his own land. I will cause him to fall by the sword in his own land.\"'\"\n\n"
      },
      {
        "tag": "s5",
        "nextChar": "\n",
        "type": "section"
      }
    ]
  },
  "8": {
    "verseObjects": [
      {
        "type": "text",
        "text": "Then the chief commander returned and found the king of Assyria fighting against Libnah, for he had heard that the king had gone away from Lachish.\n"
      }
    ]
  },
  "9": {
    "verseObjects": [
      {
        "type": "text",
        "text": "Then Sennacherib heard that Tirhakah king of Cush and Egypt had mobilized to fight against him, so he sent messengers again to Hezekiah with a message:\n\n"
      },
      {
        "tag": "s5",
        "nextChar": "\n",
        "type": "section"
      }
    ]
  },
  "10": {
    "verseObjects": [
      {
        "type": "text",
        "text": "\"Say to Hezekiah king of Judah, 'Do not let your God in whom you trust deceive you, saying, \"Jerusalem will not be given over into the hand of the king of Assyria.\"\n"
      }
    ]
  },
  "11": {
    "verseObjects": [
      {
        "type": "text",
        "text": "See, you have heard what the kings of Assyria have done to all lands by destroying them completely. So will you be rescued?\n\n"
      },
      {
        "tag": "s5",
        "nextChar": "\n",
        "type": "section"
      }
    ]
  },
  "12": {
    "verseObjects": [
      {
        "type": "text",
        "text": "Have the gods of the nations rescued them, the nations that my fathers destroyed: Gozan, Haran, Rezeph, and the people of Eden in Tel Assar?\n"
      }
    ]
  },
  "13": {
    "verseObjects": [
      {
        "type": "text",
        "text": "Where are the king of Hamath, the king of Arpad, the king of the cities of Sepharvaim, of Hena, and Ivvah?'\"\n\n"
      },
      {
        "tag": "s5",
        "nextChar": "\n",
        "type": "section"
      },
      {
        "tag": "p",
        "nextChar": "\n",
        "type": "paragraph"
      }
    ]
  },
  "14": {
    "verseObjects": [
      {
        "type": "text",
        "text": "Hezekiah received this letter from the messengers and read it. Then he went up to the house of Yahweh and spread it before him.\n"
      }
    ]
  },
  "15": {
    "verseObjects": [
      {
        "type": "text",
        "text": "Then Hezekiah prayed before Yahweh and said, \"Yahweh of hosts, God of Israel, you who sit above the cherubim, you are God alone over all the kingdoms of the earth. You made the heavens and the earth.\n\n"
      },
      {
        "tag": "s5",
        "nextChar": "\n",
        "type": "section"
      }
    ]
  },
  "16": {
    "verseObjects": [
      {
        "type": "text",
        "text": "Turn your ear, Yahweh, and listen. Open your eyes, Yahweh, and see, and hear the words of Sennacherib, which he has sent to mock the living God.\n"
      }
    ]
  },
  "17": {
    "verseObjects": [
      {
        "type": "text",
        "text": "Truly, Yahweh, the kings of Assyria have destroyed the nations and their lands.\n"
      }
    ]
  },
  "18": {
    "verseObjects": [
      {
        "type": "text",
        "text": "They have put their gods into the fire, for they were not gods but the work of men's hands, just wood and stone. So the Assyrians have destroyed them.\n\n"
      },
      {
        "tag": "s5",
        "nextChar": "\n",
        "type": "section"
      }
    ]
  },
  "19": {
    "verseObjects": [
      {
        "type": "text",
        "text": "Now then, Yahweh our God, save us, I implore you, from his power, so that all the kingdoms of the earth may know that you, Yahweh, are God alone.\"\n\n"
      },
      {
        "tag": "s5",
        "nextChar": "\n",
        "type": "section"
      },
      {
        "tag": "p",
        "nextChar": "\n",
        "type": "paragraph"
      }
    ]
  },
  "20": {
    "verseObjects": [
      {
        "type": "text",
        "text": "Then Isaiah son of Amoz sent a message to Hezekiah, saying, \"Yahweh, the God of Israel says, 'Because you have prayed to me concerning Sennacherib king of Assyria, I have heard you.\n"
      }
    ]
  },
  "21": {
    "verseObjects": [
      {
        "type": "text",
        "text": "This is the word that Yahweh has spoken about him:\n"
      },
      {
        "tag": "q",
        "type": "quote",
        "text": "\"The virgin daughter of Zion\n"
      },
      {
        "tag": "q2",
        "type": "quote",
        "text": "despises you and laughs you to scorn.\n"
      },
      {
        "tag": "q",
        "type": "quote",
        "text": "The daughter of Jerusalem\n"
      },
      {
        "tag": "q2",
        "type": "quote",
        "text": "shakes her head at you.\n"
      },
      {
        "tag": "q",
        "nextChar": "\n",
        "type": "quote"
      }
    ]
  },
  "22": {
    "verseObjects": [
      {
        "type": "text",
        "text": "Whom have you defied and insulted?\n"
      },
      {
        "tag": "q2",
        "type": "quote",
        "text": "Against whom have you exalted your voice\n"
      },
      {
        "tag": "q",
        "type": "quote",
        "text": "and lifted up your eyes in pride?\n"
      },
      {
        "tag": "q2",
        "type": "quote",
        "text": "Against the Holy One of Israel!\n"
      },
      {
        "type": "text",
        "text": "\n"
      },
      {
        "tag": "s5",
        "nextChar": "\n",
        "type": "section"
      },
      {
        "tag": "q",
        "nextChar": "\n",
        "type": "quote"
      }
    ]
  },
  "23": {
    "verseObjects": [
      {
        "type": "text",
        "text": "By your messengers\n"
      },
      {
        "tag": "q2",
        "type": "quote",
        "text": "you have defied the Lord,\n"
      },
      {
        "tag": "q",
        "type": "quote",
        "text": "and have said,\n"
      },
      {
        "tag": "q2",
        "type": "quote",
        "text": "'With the multitude of my chariots\n"
      },
      {
        "tag": "q",
        "type": "quote",
        "text": "I have gone up to the heights of the mountains,\n"
      },
      {
        "tag": "q2",
        "type": "quote",
        "text": "to the highest elevations of Lebanon.\n"
      },
      {
        "tag": "q",
        "type": "quote",
        "text": "I will cut down the tall cedars\n"
      },
      {
        "tag": "q2",
        "type": "quote",
        "text": "and the choice cypress trees there.\n"
      },
      {
        "tag": "q",
        "type": "quote",
        "text": "I will enter into its farthest parts,\n"
      },
      {
        "tag": "q2",
        "type": "quote",
        "text": "its most fruitful forest.\n"
      },
      {
        "tag": "q",
        "nextChar": "\n",
        "type": "quote"
      }
    ]
  },
  "24": {
    "verseObjects": [
      {
        "type": "text",
        "text": "I have dug wells\n"
      },
      {
        "tag": "q2",
        "type": "quote",
        "text": "and have drunk foreign waters.\n"
      },
      {
        "tag": "q",
        "type": "quote",
        "text": "I dried up all the rivers of Egypt\n"
      },
      {
        "tag": "q2",
        "type": "quote",
        "text": "under the soles of my feet.'\n"
      },
      {
        "type": "text",
        "text": "\n"
      },
      {
        "tag": "s5",
        "nextChar": "\n",
        "type": "section"
      },
      {
        "tag": "p",
        "nextChar": "\n",
        "type": "paragraph"
      },
      {
        "tag": "q",
        "nextChar": "\n",
        "type": "quote"
      }
    ]
  },
  "25": {
    "verseObjects": [
      {
        "type": "text",
        "text": "Have you not heard how I\n"
      },
      {
        "tag": "q2",
        "type": "quote",
        "text": "determined it long ago,\n"
      },
      {
        "tag": "q",
        "type": "quote",
        "text": "and worked it out in ancient times?\n"
      },
      {
        "tag": "q2",
        "type": "quote",
        "text": "Now I am bringing it to pass.\n"
      },
      {
        "tag": "q",
        "type": "quote",
        "text": "You are here to reduce impregnable cities\n"
      },
      {
        "tag": "q2",
        "type": "quote",
        "text": "into heaps of ruins.\n"
      },
      {
        "tag": "q",
        "nextChar": "\n",
        "type": "quote"
      }
    ]
  },
  "26": {
    "verseObjects": [
      {
        "type": "text",
        "text": "Their inhabitants, of little strength,\n"
      },
      {
        "tag": "q2",
        "type": "quote",
        "text": "are shattered and ashamed.\n"
      },
      {
        "tag": "q",
        "type": "quote",
        "text": "They are plants in the field,\n"
      },
      {
        "tag": "q2",
        "type": "quote",
        "text": "green grass,\n"
      },
      {
        "tag": "q",
        "type": "quote",
        "text": "the grass on the roof or in the field,\n"
      },
      {
        "tag": "q2",
        "type": "quote",
        "text": "burned before it has grown up.\n"
      },
      {
        "type": "text",
        "text": "\n"
      },
      {
        "tag": "s5",
        "nextChar": "\n",
        "type": "section"
      },
      {
        "tag": "q",
        "nextChar": "\n",
        "type": "quote"
      }
    ]
  },
  "27": {
    "verseObjects": [
      {
        "type": "text",
        "text": "But I know your sitting down,\n"
      },
      {
        "tag": "q2",
        "type": "quote",
        "text": "your going out, your coming in,\n"
      },
      {
        "tag": "q2",
        "type": "quote",
        "text": "and your raging against me.\n"
      },
      {
        "tag": "q",
        "nextChar": "\n",
        "type": "quote"
      }
    ]
  },
  "28": {
    "verseObjects": [
      {
        "type": "text",
        "text": "Because of your raging against me,\n"
      },
      {
        "tag": "q2",
        "type": "quote",
        "text": "and because your arrogance has reached my ears,\n"
      },
      {
        "tag": "q",
        "type": "quote",
        "text": "I will put my hook in your nose,\n"
      },
      {
        "tag": "q2",
        "type": "quote",
        "text": "and my bit in your mouth;\n"
      },
      {
        "tag": "q",
        "type": "quote",
        "text": "I will turn you back\n"
      },
      {
        "tag": "q2",
        "type": "quote",
        "text": "the way you came.\"\n"
      },
      {
        "type": "text",
        "text": "\n"
      },
      {
        "tag": "s5",
        "nextChar": "\n",
        "type": "section"
      },
      {
        "tag": "p",
        "nextChar": "\n",
        "type": "paragraph"
      }
    ]
  },
  "29": {
    "verseObjects": [
      {
        "type": "text",
        "text": "This will be the sign for you:\n"
      },
      {
        "tag": "q",
        "type": "quote",
        "text": "This year you will eat what grows wild,\n"
      },
      {
        "tag": "q2",
        "type": "quote",
        "text": "and in the second year what grows from that.\n"
      },
      {
        "tag": "q",
        "type": "quote",
        "text": "But in the third year you must plant and harvest,\n"
      },
      {
        "tag": "q2",
        "type": "quote",
        "text": "plant vineyards and eat their fruit.\n"
      },
      {
        "tag": "q",
        "nextChar": "\n",
        "type": "quote"
      }
    ]
  },
  "30": {
    "verseObjects": [
      {
        "type": "text",
        "text": "The remnant of the house of Judah that survives\n"
      },
      {
        "tag": "q2",
        "type": "quote",
        "text": "will again take root and bear fruit.\n"
      },
      {
        "tag": "q",
        "nextChar": "\n",
        "type": "quote"
      }
    ]
  },
  "31": {
    "verseObjects": [
      {
        "type": "text",
        "text": "For from Jerusalem a remnant will come out,\n"
      },
      {
        "tag": "q2",
        "type": "quote",
        "text": "from Mount Zion survivors will come. The zeal of Yahweh of hosts will do this.\n"
      },
      {
        "type": "text",
        "text": "\n"
      },
      {
        "tag": "s5",
        "nextChar": "\n",
        "type": "section"
      }
    ]
  },
  "32": {
    "verseObjects": [
      {
        "type": "text",
        "text": "Therefore Yahweh says this about the king of Assyria:\n"
      },
      {
        "tag": "q",
        "type": "quote",
        "text": "\"He will not come into this city\n"
      },
      {
        "tag": "q2",
        "type": "quote",
        "text": "nor shoot an arrow here.\n"
      },
      {
        "tag": "q",
        "type": "quote",
        "text": "Neither will he come before it with shield\n"
      },
      {
        "tag": "q2",
        "type": "quote",
        "text": "or build up a siege ramp against it.\n"
      },
      {
        "tag": "q",
        "nextChar": "\n",
        "type": "quote"
      }
    ]
  },
  "33": {
    "verseObjects": [
      {
        "type": "text",
        "text": "The way by which he came\n"
      },
      {
        "tag": "q2",
        "type": "quote",
        "text": "will be the same way he will leave;\n"
      },
      {
        "tag": "q2",
        "type": "quote",
        "text": "he will not enter this city—\n"
      },
      {
        "tag": "q3",
        "type": "quote",
        "text": "this is Yahweh's declaration.\"\n"
      },
      {
        "tag": "q",
        "nextChar": "\n",
        "type": "quote"
      }
    ]
  },
  "34": {
    "verseObjects": [
      {
        "type": "text",
        "text": "For I will defend this city and rescue it,\n"
      },
      {
        "tag": "q2",
        "type": "quote",
        "text": "for my own sake and for my servant David's sake.'\"\n"
      },
      {
        "type": "text",
        "text": "\n"
      },
      {
        "tag": "s5",
        "nextChar": "\n",
        "type": "section"
      },
      {
        "tag": "p",
        "nextChar": "\n",
        "type": "paragraph"
      }
    ]
  },
  "35": {
    "verseObjects": [
      {
        "type": "text",
        "text": "It came about that night that the angel of Yahweh went out and attacked the camp of the Assyrians, putting to death 185,000 soldiers. When the men arose early in the morning, dead bodies lay everywhere.\n"
      }
    ]
  },
  "36": {
    "verseObjects": [
      {
        "type": "text",
        "text": "So Sennacherib king of Assyria left Israel and went home and stayed in Nineveh.\n"
      }
    ]
  },
  "37": {
    "verseObjects": [
      {
        "type": "text",
        "text": "Later, as he was worshiping in the house of Nisrok his god, his sons Adrammelek and Sharezer killed him with the sword. Then they escaped into the land of Ararat. Then Esarhaddon his son became king in his place.\n\n\n"
      },
      {
        "tag": "s5",
        "nextChar": "\n",
        "type": "section"
      }
    ]
  },
  "front": {
    "verseObjects": [
      {
        "tag": "p",
        "nextChar": "\n",
        "type": "paragraph"
      }
    ]
  }
}