{
  "1": {
    "verseObjects": [
      {
        "type": "text",
        "text": "In those days Hezekiah was sick to the point of dying. So Isaiah son of Amoz, the prophet came to him, and said to him, \"Yahweh says, 'Set your house in order; for you will die, and not live.'\"\n"
      }
    ]
  },
  "2": {
    "verseObjects": [
      {
        "type": "text",
        "text": "Then Hezekiah turned his face to the wall and prayed to Yahweh, saying,\n"
      }
    ]
  },
  "3": {
    "verseObjects": [
      {
        "type": "text",
        "text": "\"Please, Yahweh, call to mind how I have faithfully walked before you with my whole heart, and how I have done what was good in your sight.\" Then Hezekiah wept loudly.\n\n"
      },
      {
        "tag": "s5",
        "type": "section",
        "text": "\n"
      }
    ]
  },
  "4": {
    "verseObjects": [
      {
        "type": "text",
        "text": "Before Isaiah had gone out into the middle courtyard, the word of Yahweh came to him, saying,\n"
      }
    ]
  },
  "5": {
    "verseObjects": [
      {
        "type": "text",
        "text": "\"Turn back, and say to Hezekiah, the leader of my people, 'This is what Yahweh, the God of David your ancestor, says: \"I have heard your prayer, and I have seen your tears. I am about to heal you on the third day, and you will go up to the house of Yahweh.\n\n"
      },
      {
        "tag": "s5",
        "type": "section",
        "text": "\n"
      }
    ]
  },
  "6": {
    "verseObjects": [
      {
        "type": "text",
        "text": "I will add fifteen years to your life, and I will rescue you and this city from the hand of the king of Assyria, and I will defend this city for my own sake and for my servant David's sake.\"'\"\n"
      }
    ]
  },
  "7": {
    "verseObjects": [
      {
        "type": "text",
        "text": "So Isaiah said, \"Take a lump of figs.\" They did so and put it on his boil, and he recovered.\n\n"
      },
      {
        "tag": "s5",
        "type": "section",
        "text": "\n"
      },
      {
        "tag": "p",
        "type": "paragraph",
        "text": "\n"
      }
    ]
  },
  "8": {
    "verseObjects": [
      {
        "type": "text",
        "text": "Hezekiah said to Isaiah, \"What will be the sign that Yahweh will heal me, and that I should go up to the temple of Yahweh on the third day?\"\n"
      }
    ]
  },
  "9": {
    "verseObjects": [
      {
        "type": "text",
        "text": "Isaiah replied, \"This will be the sign for you from Yahweh, that Yahweh will do the thing that he has spoken. Shall the shadow go forward ten steps, or go back ten steps?\"\n\n"
      },
      {
        "tag": "s5",
        "type": "section",
        "text": "\n"
      }
    ]
  },
  "10": {
    "verseObjects": [
      {
        "type": "text",
        "text": "Hezekiah answered, \"It is an easy thing for the shadow to go forward ten steps. No, let the shadow go backward ten steps.\"\n"
      }
    ]
  },
  "11": {
    "verseObjects": [
      {
        "type": "text",
        "text": "So Isaiah the prophet cried out to Yahweh, and he brought the shadow ten steps backward, from where it had moved on the stairway of Ahaz.\n\n"
      },
      {
        "tag": "s5",
        "type": "section",
        "text": "\n"
      },
      {
        "tag": "p",
        "type": "paragraph",
        "text": "\n"
      }
    ]
  },
  "12": {
    "verseObjects": [
      {
        "type": "text",
        "text": "At that time Marduk-Baladan son of Baladan king of Babylon sent letters and a gift to Hezekiah, for he had heard that Hezekiah had been sick.\n"
      }
    ]
  },
  "13": {
    "verseObjects": [
      {
        "type": "text",
        "text": "Hezekiah listened to those letters, and then showed the messengers all the palace and his valuable things, the silver, the gold, the spices and precious oil, and the storehouse of his weapons, and all that was found in his storehouses. There was nothing in his house, nor in all his kingdom, that Hezekiah did not show them.\n\n"
      },
      {
        "tag": "s5",
        "type": "section",
        "text": "\n"
      }
    ]
  },
  "14": {
    "verseObjects": [
      {
        "type": "text",
        "text": "Then Isaiah the prophet came to King Hezekiah and asked him, \"What did these men say to you? Where did they come from?\" Hezekiah said, \"They came from the distant country of Babylon.\"\n"
      }
    ]
  },
  "15": {
    "verseObjects": [
      {
        "type": "text",
        "text": "Isaiah asked, \"What have they seen in your house?\" Hezekiah answered, \"They have seen everything in my house. There is nothing among my valuable things that I have not shown them.\"\n\n"
      },
      {
        "tag": "s5",
        "type": "section",
        "text": "\n"
      },
      {
        "tag": "p",
        "type": "paragraph",
        "text": "\n"
      }
    ]
  },
  "16": {
    "verseObjects": [
      {
        "type": "text",
        "text": "So Isaiah said to Hezekiah, \"Listen to the word of Yahweh:\n"
      }
    ]
  },
  "17": {
    "verseObjects": [
      {
        "type": "text",
        "text": "'Look, the days are about to come when everything in your palace, the things that your ancestors stored away until this present day, will be carried to Babylon. Nothing will be left, says Yahweh.\n"
      }
    ]
  },
  "18": {
    "verseObjects": [
      {
        "type": "text",
        "text": "The sons born from you, whom you yourself have fathered—they will take them away, and they will become eunuchs in the palace of the king of Babylon.'\"\n\n"
      },
      {
        "tag": "s5",
        "type": "section",
        "text": "\n"
      }
    ]
  },
  "19": {
    "verseObjects": [
      {
        "type": "text",
        "text": "Then Hezekiah said to Isaiah, \"The word of Yahweh that you have spoken is good.\" For he thought, \"Will there not be peace and stability in my days?\"\n"
      }
    ]
  },
  "20": {
    "verseObjects": [
      {
        "type": "text",
        "text": "As for the other matters concerning Hezekiah, and all his power, and how he constructed the pool and the conduit, and how he brought water into the city—are they not written in the book of the events of the kings of Judah?\n"
      }
    ]
  },
  "21": {
    "verseObjects": [
      {
        "type": "text",
        "text": "Hezekiah slept with his ancestors, and Manasseh his son became king in his place.\n\n\n"
      },
      {
        "tag": "s5",
        "type": "section",
        "text": "\n"
      }
    ]
  },
  "front": {
    "verseObjects": [
      {
        "tag": "p",
        "type": "paragraph",
        "text": "\n"
      }
    ]
  }
}