{
  "1": {
    "verseObjects": [
      {
        "type": "text",
        "text": "Now the wife of one of the sons of the prophets came crying to Elisha, saying, \"Your servant my husband is dead, and you know that your servant feared Yahweh. Now the creditor has come to take my two children to be his slaves.\"\n"
      }
    ]
  },
  "2": {
    "verseObjects": [
      {
        "type": "text",
        "text": "So Elisha said to her, \"What can I do for you? Tell me what do you have in the house?\" She said, \"Your servant has nothing in the house, except a pot of oil.\"\n\n"
      },
      {
        "tag": "s5",
        "type": "section",
        "text": "\n"
      }
    ]
  },
  "3": {
    "verseObjects": [
      {
        "type": "text",
        "text": "Then Elisha said, \"Go out to borrow jars from your neighbors, empty jars. Borrow as many as possible.\n"
      }
    ]
  },
  "4": {
    "verseObjects": [
      {
        "type": "text",
        "text": "Then you must go inside and shut the door behind you and your sons, and pour oil into all those jars; set aside the jars that are full.\"\n\n"
      },
      {
        "tag": "s5",
        "type": "section",
        "text": "\n"
      }
    ]
  },
  "5": {
    "verseObjects": [
      {
        "type": "text",
        "text": "So she left Elisha and shut the door behind her and her sons. They brought the jars to her, and she filled them with oil.\n"
      }
    ]
  },
  "6": {
    "verseObjects": [
      {
        "type": "text",
        "text": "When the vessels were full, she said to her son, \"Bring me another jar.\" But he said to her, \"There are no more jars.\" Then the oil stopped flowing.\n\n"
      },
      {
        "tag": "s5",
        "type": "section",
        "text": "\n"
      }
    ]
  },
  "7": {
    "verseObjects": [
      {
        "type": "text",
        "text": "Then she came and told the man of God. He said, \"Go, sell the oil; pay your debt, and live with your sons on the rest.\"\n\n"
      },
      {
        "tag": "s5",
        "type": "section",
        "text": "\n"
      },
      {
        "tag": "p",
        "type": "paragraph",
        "text": "\n"
      }
    ]
  },
  "8": {
    "verseObjects": [
      {
        "type": "text",
        "text": "One day Elisha walked to Shunem where an important woman lived; she urged him to eat food with her. So as often as Elisha passed by, he would stop there to eat.\n"
      }
    ]
  },
  "9": {
    "verseObjects": [
      {
        "type": "text",
        "text": "The woman said to her husband, \"See, now I realize that this is a holy man of God who is always passing by.\n\n"
      },
      {
        "tag": "s5",
        "type": "section",
        "text": "\n"
      }
    ]
  },
  "10": {
    "verseObjects": [
      {
        "type": "text",
        "text": "Let us make a little room on the roof for Elisha, and let us put in it a bed, a table, a seat, and a lamp. Then when he comes to us, he will stay there.\"\n"
      }
    ]
  },
  "11": {
    "verseObjects": [
      {
        "type": "text",
        "text": "So when the day came again that Elisha stopped there, he stayed in the room and rested there.\n\n"
      },
      {
        "tag": "s5",
        "type": "section",
        "text": "\n"
      }
    ]
  },
  "12": {
    "verseObjects": [
      {
        "type": "text",
        "text": "Elisha said to Gehazi his servant, \"Call this Shunammite.\" When he had called her, she stood before him.\n"
      }
    ]
  },
  "13": {
    "verseObjects": [
      {
        "type": "text",
        "text": "Elisha said to him, \"Say to her, 'You have gone to all this trouble to care for us. What can be done for you? Can we speak for you to the king or to the army commander?'\" She answered, \"I live among my own people.\"\n\n"
      },
      {
        "tag": "s5",
        "type": "section",
        "text": "\n"
      }
    ]
  },
  "14": {
    "verseObjects": [
      {
        "type": "text",
        "text": "So Elisha said, \"What can we do for her, then?\" Gehazi answered, \"Indeed, she has no son, and her husband is old.\"\n"
      }
    ]
  },
  "15": {
    "verseObjects": [
      {
        "type": "text",
        "text": "So Elisha answered, \"Call her.\" When he had called her, she stood in the door.\n"
      }
    ]
  },
  "16": {
    "verseObjects": [
      {
        "type": "text",
        "text": "Elisha said, \"At this time of year, in one year's time, you will be holding a son.\" She said, \"No, my master and man of God, do not lie to your servant.\"\n\n"
      },
      {
        "tag": "s5",
        "type": "section",
        "text": "\n"
      },
      {
        "tag": "p",
        "type": "paragraph",
        "text": "\n"
      }
    ]
  },
  "17": {
    "verseObjects": [
      {
        "type": "text",
        "text": "But the woman conceived and gave birth to a son at the same time in the following year, as Elisha had said to her.\n"
      }
    ]
  },
  "18": {
    "verseObjects": [
      {
        "type": "text",
        "text": "When the child had grown, he went out one day to his father, who was with harvesters.\n"
      }
    ]
  },
  "19": {
    "verseObjects": [
      {
        "type": "text",
        "text": "He said to his father, \"My head, my head.\" His father said to his servant, \"Carry him to his mother.\"\n"
      }
    ]
  },
  "20": {
    "verseObjects": [
      {
        "type": "text",
        "text": "When the servant had picked him up and brought the boy to his mother, the child sat on her knees until noon and then died.\n\n"
      },
      {
        "tag": "s5",
        "type": "section",
        "text": "\n"
      }
    ]
  },
  "21": {
    "verseObjects": [
      {
        "type": "text",
        "text": "So the woman got up and laid the boy on the bed of the man of God, shut the door, and went out.\n"
      }
    ]
  },
  "22": {
    "verseObjects": [
      {
        "type": "text",
        "text": "She called to her husband, and said, \"Please send me one of the servants and one of the donkeys so that I may hurry to the man of God and then come back.\"\n\n"
      },
      {
        "tag": "s5",
        "type": "section",
        "text": "\n"
      }
    ]
  },
  "23": {
    "verseObjects": [
      {
        "type": "text",
        "text": "Her husband said, \"Why do you want to go to him today? It is not a new moon nor a Sabbath.\" She replied, \"It will be all right.\"\n"
      }
    ]
  },
  "24": {
    "verseObjects": [
      {
        "type": "text",
        "text": "Then she saddled a donkey and said to her servant, \"Drive on quickly; do not slow down for me unless I say so.\"\n\n"
      },
      {
        "tag": "s5",
        "type": "section",
        "text": "\n"
      }
    ]
  },
  "25": {
    "verseObjects": [
      {
        "type": "text",
        "text": "So she went and came to the man of God at Mount Carmel.\n"
      },
      {
        "tag": "p",
        "type": "paragraph",
        "text": "So when the man of God saw her in the distance, he said to Gehazi his servant, \"Look, here comes the Shunammite woman.\n"
      }
    ]
  },
  "26": {
    "verseObjects": [
      {
        "type": "text",
        "text": "Please run to meet her and say to her, 'Is everything alright with you and with your husband and child?'\" She answered, \"It is alright.\"\n\n"
      },
      {
        "tag": "s5",
        "type": "section",
        "text": "\n"
      }
    ]
  },
  "27": {
    "verseObjects": [
      {
        "type": "text",
        "text": "When she came to the man of God at the mountain, she caught hold of his feet. Gehazi came near to thrust her away but the man of God said, \"Leave her alone, for she is very upset, and Yahweh has hidden the problem from me, and has told me nothing.\"\n\n"
      },
      {
        "tag": "s5",
        "type": "section",
        "text": "\n"
      }
    ]
  },
  "28": {
    "verseObjects": [
      {
        "type": "text",
        "text": "Then she said, \"Did I ask you for a son, my master? Did I not say, 'Do not deceive me'?\"\n"
      }
    ]
  },
  "29": {
    "verseObjects": [
      {
        "type": "text",
        "text": "Then Elisha said to Gehazi, \"Dress for travel and take my staff in your hand. Go to her home. If you meet any man, do not greet him, and if anyone greets you, do not answer him. Lay my staff on the child's face.\"\n\n"
      },
      {
        "tag": "s5",
        "type": "section",
        "text": "\n"
      }
    ]
  },
  "30": {
    "verseObjects": [
      {
        "type": "text",
        "text": "But the mother of the child said, \"As Yahweh lives, and as you live, I will not leave you.\" So Elisha arose and followed her.\n"
      }
    ]
  },
  "31": {
    "verseObjects": [
      {
        "type": "text",
        "text": "Gehazi hurried on ahead of them and laid the staff on the child's face, but the child did not speak or hear. So then Gehazi returned to meet Elisha and told him saying, \"The child has not awakened.\"\n\n"
      },
      {
        "tag": "s5",
        "type": "section",
        "text": "\n"
      },
      {
        "tag": "p",
        "type": "paragraph",
        "text": "\n"
      }
    ]
  },
  "32": {
    "verseObjects": [
      {
        "type": "text",
        "text": "When Elisha arrived at the house, the child was dead and was still on the bed.\n"
      }
    ]
  },
  "33": {
    "verseObjects": [
      {
        "type": "text",
        "text": "So Elisha went in and shut the door on the child and himself and prayed to Yahweh.\n"
      }
    ]
  },
  "34": {
    "verseObjects": [
      {
        "type": "text",
        "text": "He went up and lay on the child; he put his mouth on his mouth, his eyes on his eyes, and his hands on his hands. He stretched himself out on the boy, and the boy's body grew warm.\n\n"
      },
      {
        "tag": "s5",
        "type": "section",
        "text": "\n"
      }
    ]
  },
  "35": {
    "verseObjects": [
      {
        "type": "text",
        "text": "Then Elisha got up and walked around the room and again went up and stretched himself out on the boy. The child sneezed seven times and then opened his eyes!\n"
      }
    ]
  },
  "36": {
    "verseObjects": [
      {
        "type": "text",
        "text": "So Elisha called Gehazi and said, \"Call the Shunammite!\" So he called her, and when she came into the room, Elisha said, \"Pick up your son.\"\n"
      }
    ]
  },
  "37": {
    "verseObjects": [
      {
        "type": "text",
        "text": "Then she lay facedown on the ground at his feet and bowed to the ground, and then picked up her son and went out.\n\n"
      },
      {
        "tag": "s5",
        "type": "section",
        "text": "\n"
      },
      {
        "tag": "p",
        "type": "paragraph",
        "text": "\n"
      }
    ]
  },
  "38": {
    "verseObjects": [
      {
        "type": "text",
        "text": "Then Elisha came again to Gilgal. There was famine in the land, and the sons of the prophets were sitting before him. He said to his servant, \"Put the large pot on the fire and cook stew for the sons of the prophets.\"\n"
      }
    ]
  },
  "39": {
    "verseObjects": [
      {
        "type": "text",
        "text": "One of them went out into a field to gather vegetables. He found a wild vine and gathered enough wild gourds to fill the fold of his robe. They cut them up and put them into the stew, but did not know what kind they were.\n\n"
      },
      {
        "tag": "s5",
        "type": "section",
        "text": "\n"
      }
    ]
  },
  "40": {
    "verseObjects": [
      {
        "type": "text",
        "text": "So they poured out the stew for the men to eat. Later, as they were eating, they cried out and said, \"Man of God, there is death in the pot!\" So they could not eat it anymore.\n"
      }
    ]
  },
  "41": {
    "verseObjects": [
      {
        "type": "text",
        "text": "But Elisha said, \"Bring some flour.\" He threw it into the pot and said, \"Pour it out for the people, so that they may eat.\" Then there was no longer anything hurtful in the pot.\n\n"
      },
      {
        "tag": "s5",
        "type": "section",
        "text": "\n"
      },
      {
        "tag": "p",
        "type": "paragraph",
        "text": "\n"
      }
    ]
  },
  "42": {
    "verseObjects": [
      {
        "type": "text",
        "text": "A man came from Baal Shalishah to the man of God and brought twenty loaves of barley bread in his sack from the new harvest, and fresh ears of grain. He said, \"Give this to the people so they can eat.\"\n"
      }
    ]
  },
  "43": {
    "verseObjects": [
      {
        "type": "text",
        "text": "His servant said, \"What, should I set this before a hundred men?\" But Elisha said, \"Give this to the people, so they can eat, because Yahweh says, 'They will eat and will have some left.'\"\n"
      }
    ]
  },
  "44": {
    "verseObjects": [
      {
        "type": "text",
        "text": "So his servant set it before them; they ate, and left some remaining, just as the word of Yahweh promised.\n\n\n"
      },
      {
        "tag": "s5",
        "type": "section",
        "text": "\n"
      }
    ]
  },
  "front": {
    "verseObjects": [
      {
        "tag": "p",
        "type": "paragraph",
        "text": "\n"
      }
    ]
  }
}