{
  "1": {
    "verseObjects": [
      {
        "type": "text",
        "text": "एप्रैम के पहाड़ी देश के रामातैम सोपीम नगर का निवासी एल्काना नामक एक पुरुष था, वह एप्रैमी था, और सूफ के पुत्र तोहू का परपोता, एलीहू का पोता, और यरोहाम का पुत्र था।\n"
      }
    ]
  },
  "2": {
    "verseObjects": [
      {
        "type": "text",
        "text": "और उसकी दो पत्नियाँ थीं*; एक का नाम हन्ना और दूसरी का पनिन्ना था। पनिन्ना के तो बालक हुए, परन्तु हन्ना के कोई बालक न हुआ।\n"
      },
      {
        "tag": "s5",
        "type": "section",
        "text": "\n"
      }
    ]
  },
  "3": {
    "verseObjects": [
      {
        "type": "text",
        "text": "वह पुरुष प्रति वर्ष अपने नगर से सेनाओं के यहोवा* को दण्डवत् करने और मेलबलि चढ़ाने के लिये शीलो में जाता था; और वहाँ होप्नी और पीनहास नामक एली के दोनों पुत्र रहते थे, जो यहोवा के याजक थे।\n"
      }
    ]
  },
  "4": {
    "verseObjects": [
      {
        "type": "text",
        "text": "और जब-जब एल्काना मेलबलि चढ़ाता था तब-तब वह अपनी पत्‍नी पनिन्ना को और उसके सब बेटे-बेटियों को दान दिया करता था;\n"
      },
      {
        "tag": "s5",
        "type": "section",
        "text": "\n"
      }
    ]
  },
  "5": {
    "verseObjects": [
      {
        "type": "text",
        "text": "परन्तु हन्ना को वह दो गुना दान दिया करता था, क्योंकि वह हन्ना से प्रीति रखता था; तो भी यहोवा ने उसकी कोख बन्द कर रखी थी।\n"
      }
    ]
  },
  "6": {
    "verseObjects": [
      {
        "type": "text",
        "text": "परन्तु उसकी सौत इस कारण से, कि यहोवा ने उसकी कोख बन्द कर रखी थी, उसे अत्यन्त चिढ़ाकर कुढ़ाती रहती थी।\n"
      },
      {
        "tag": "s5",
        "type": "section",
        "text": "\n"
      }
    ]
  },
  "7": {
    "verseObjects": [
      {
        "type": "text",
        "text": "वह तो प्रति वर्ष ऐसा ही करता था; और जब हन्ना यहोवा के भवन को जाती थी तब पनिन्ना उसको चिढ़ाती थी। इसलिए वह रोती और खाना न खाती थी।\n"
      },
      {
        "tag": "s",
        "type": "section",
        "text": "हन्ना की शपथ\n"
      },
      {
        "tag": "p",
        "type": "paragraph",
        "text": "\n"
      }
    ]
  },
  "8": {
    "verseObjects": [
      {
        "type": "text",
        "text": "इसलिए उसके पति एल्काना ने उससे कहा, “हे हन्ना, तू क्यों रोती है? और खाना क्यों नहीं खाती? और तेरा मन क्यों उदास है? क्या तेरे लिये मैं दस बेटों से भी अच्छा नहीं हूँ?” \n"
      },
      {
        "tag": "s5",
        "type": "section",
        "text": "\n"
      }
    ]
  },
  "9": {
    "verseObjects": [
      {
        "type": "text",
        "text": "तब शीलो में खाने और पीने के बाद हन्ना उठी। और यहोवा के मन्दिर के चौखट के एक बाजू के पास एली याजक कुर्सी पर बैठा हुआ था।\n"
      }
    ]
  },
  "10": {
    "verseObjects": [
      {
        "type": "text",
        "text": "वह मन में व्याकुल होकर यहोवा से प्रार्थना करने और बिलख-बिलख कर रोने लगी।\n"
      },
      {
        "tag": "s5",
        "type": "section",
        "text": "\n"
      }
    ]
  },
  "11": {
    "verseObjects": [
      {
        "type": "text",
        "text": "और उसने यह मन्नत मानी, “हे सेनाओं के यहोवा, यदि तू अपनी दासी के दुःख पर सचमुच दृष्टि करे, और मेरी सुधि ले, और अपनी दासी को भूल न जाए, और अपनी दासी को पुत्र दे, तो मैं उसे उसके जीवन भर के लिये यहोवा को अर्पण करूँगी, और उसके सिर पर छुरा फिरने न पाएगा।” (लूका 1:48)\n"
      },
      {
        "tag": "s5",
        "type": "section",
        "text": "\n"
      }
    ]
  },
  "12": {
    "verseObjects": [
      {
        "type": "text",
        "text": "जब वह यहोवा के सामने ऐसी प्रार्थना कर रही थी, तब एली उसके मुँह की ओर ताक रहा था।\n"
      }
    ]
  },
  "13": {
    "verseObjects": [
      {
        "type": "text",
        "text": "हन्ना मन ही मन कह रही थी; उसके होंठ तो हिलते थे परन्तु उसका शब्द न सुन पड़ता था; इसलिए एली ने समझा कि वह नशे में है।\n"
      }
    ]
  },
  "14": {
    "verseObjects": [
      {
        "type": "text",
        "text": "तब एली ने उससे कहा, “तू कब तक नशे में रहेगी? अपना नशा उतार।” \n"
      },
      {
        "tag": "s5",
        "type": "section",
        "text": "\n"
      }
    ]
  },
  "15": {
    "verseObjects": [
      {
        "type": "text",
        "text": "हन्ना ने कहा, “नहीं, हे मेरे प्रभु, मैं तो दुःखिया हूँ; मैंने न तो दाखमधु पिया है और न मदिरा, मैंने अपने मन की बात खोलकर यहोवा से कही है।\n"
      }
    ]
  },
  "16": {
    "verseObjects": [
      {
        "type": "text",
        "text": "अपनी दासी को ओछी स्त्री न जान, जो कुछ मैंने अब तक कहा है, वह बहुत ही शोकित होने और चिढ़ाई जाने के कारण कहा है।” \n"
      },
      {
        "tag": "s5",
        "type": "section",
        "text": "\n"
      }
    ]
  },
  "17": {
    "verseObjects": [
      {
        "type": "text",
        "text": "एली ने कहा, “कुशल से चली जा; इस्राएल का परमेश्‍वर तुझे मन चाहा वर दे।” (मर. 5:34)\n"
      }
    ]
  },
  "18": {
    "verseObjects": [
      {
        "type": "text",
        "text": "उसने कहा, “तेरी दासी तेरी दृष्टि में अनुग्रह पाए।” तब वह स्त्री चली गई और खाना खाया, और उसका मुँह फिर उदास न रहा*।\n"
      },
      {
        "tag": "s5",
        "type": "section",
        "text": "\n"
      }
    ]
  },
  "19": {
    "verseObjects": [
      {
        "type": "text",
        "text": "वे सवेरे उठ यहोवा को दण्डवत् करके रामाह में अपने घर लौट गए। और एल्काना अपनी स्त्री हन्ना के पास गया, और यहोवा ने उसकी सुधि ली;\n"
      }
    ]
  },
  "20": {
    "verseObjects": [
      {
        "type": "text",
        "text": "तब हन्ना गर्भवती हुई और समय पर उसके एक पुत्र हुआ, और उसका नाम शमूएल* रखा, क्योंकि वह कहने लगी, “मैंने यहोवा से माँगकर इसे पाया है।” \n"
      },
      {
        "tag": "s5",
        "type": "section",
        "text": "\n"
      }
    ]
  },
  "21": {
    "verseObjects": [
      {
        "type": "text",
        "text": "फिर एल्काना अपने पूरे घराने समेत यहोवा के सामने प्रति वर्ष की मेलबलि चढ़ाने और अपनी मन्नत पूरी करने के लिये गया।\n"
      }
    ]
  },
  "22": {
    "verseObjects": [
      {
        "type": "text",
        "text": "परन्तु हन्ना अपने पति से यह कहकर घर में रह गई, “जब बालक का दूध छूट जाएगा तब मैं उसको ले जाऊँगी, कि वह यहोवा को मुँह दिखाए, और वहाँ सदा बना रहे।” \n"
      }
    ]
  },
  "23": {
    "verseObjects": [
      {
        "type": "text",
        "text": "उसके पति एल्काना ने उससे कहा, “जो तुझे भला लगे वही कर जब तक तू उसका दूध न छुड़ाए तब तक यहीं ठहरी रह; केवल इतना हो कि यहोवा अपना वचन पूरा करे।” इसलिए वह स्त्री वहीं घर पर रह गई और अपने पुत्र के दूध छूटने के समय तक उसको पिलाती रही।\n"
      },
      {
        "tag": "s5",
        "type": "section",
        "text": "\n"
      }
    ]
  },
  "24": {
    "verseObjects": [
      {
        "type": "text",
        "text": "जब उसने उसका दूध छुड़ाया तब वह उसको संग ले गई, और तीन बछड़े, और एपा भर आटा, और कुप्पी भर दाखमधु भी ले गई, और उस लड़के को शीलो में यहोवा के भवन में पहुँचा दिया; उस समय वह लड़का ही था।\n"
      }
    ]
  },
  "25": {
    "verseObjects": [
      {
        "type": "text",
        "text": "और उन्होंने बछड़ा बलि करके बालक को एली के पास पहुँचा दिया।\n"
      },
      {
        "tag": "s5",
        "type": "section",
        "text": "\n"
      }
    ]
  },
  "26": {
    "verseObjects": [
      {
        "type": "text",
        "text": "तब हन्ना ने कहा, “हे मेरे प्रभु, तेरे जीवन की शपथ, हे मेरे प्रभु, मैं वही स्त्री हूँ जो तेरे पास यहीं खड़ी होकर यहोवा से प्रार्थना करती थी।\n"
      }
    ]
  },
  "27": {
    "verseObjects": [
      {
        "type": "text",
        "text": "यह वही बालक है जिसके लिये मैंने प्रार्थना की थी; और यहोवा ने मुझे मुँह माँगा वर दिया है।\n"
      }
    ]
  },
  "28": {
    "verseObjects": [
      {
        "type": "text",
        "text": "इसलिए मैं भी उसे यहोवा को अर्पण कर देती हूँ; कि यह अपने जीवन भर यहोवा ही का बना रहे।” तब उसने वहीं यहोवा को दण्डवत् किया।\n\n"
      },
      {
        "tag": "s5",
        "type": "section",
        "text": "\n"
      }
    ]
  },
  "front": {
    "verseObjects": [
      {
        "tag": "s",
        "type": "section",
        "text": "शमूएल के जन्म और लड़कपन का वर्णन\n"
      },
      {
        "tag": "p",
        "type": "paragraph",
        "text": "\n"
      }
    ]
  }
}