{
  "1": {
    "verseObjects": [
      {
        "type": "text",
        "text": "तब शमूएल ने सारे इस्राएलियों से कहा, “सुनो, जो कुछ तुम ने मुझसे कहा था उसे मानकर मैंने एक राजा तुम्हारे ऊपर ठहराया है।\n"
      }
    ]
  },
  "2": {
    "verseObjects": [
      {
        "type": "text",
        "text": "और अब देखो, वह राजा तुम्हारे आगे-आगे चलता है; और अब मैं बूढ़ा हूँ, और मेरे बाल सफेद हो गए हैं, और मेरे पुत्र तुम्हारे पास हैं; और मैं लड़कपन से लेकर आज तक तुम्हारे सामने काम करता रहा हूँ।\n"
      },
      {
        "tag": "s5",
        "nextChar": "\n",
        "type": "section"
      }
    ]
  },
  "3": {
    "verseObjects": [
      {
        "type": "text",
        "text": "मैं उपस्थित हूँ; इसलिए तुम यहोवा के सामने, और उसके अभिषिक्त के सामने मुझ पर साक्षी दो, कि मैंने किस का बैल ले लिया? या किस का गदहा ले लिया? या किस पर अंधेर किया? या किस को पीसा? या किस के हाथ से अपनी आँखें बन्द करने के लिये घूस लिया? बताओ, और मैं वह तुम को फेर दूँगा?” (प्रेरि. 20:33)\n"
      },
      {
        "tag": "s5",
        "nextChar": "\n",
        "type": "section"
      }
    ]
  },
  "4": {
    "verseObjects": [
      {
        "type": "text",
        "text": "वे बोले, “तूने न तो हम पर अंधेर किया, न हमें पीसा, और न किसी के हाथ से कुछ लिया है।” \n"
      }
    ]
  },
  "5": {
    "verseObjects": [
      {
        "type": "text",
        "text": "उसने उनसे कहा, “आज के दिन यहोवा तुम्हारा साक्षी, और उसका अभिषिक्त इस बात का साक्षी है, कि मेरे यहाँ कुछ नहीं निकला।” वे बोले, “हाँ, वह साक्षी है।” \n"
      },
      {
        "tag": "s5",
        "nextChar": "\n",
        "type": "section"
      }
    ]
  },
  "6": {
    "verseObjects": [
      {
        "type": "text",
        "text": "फिर शमूएल लोगों से कहने लगा, “जो मूसा और हारून को ठहराकर तुम्हारे पूर्वजों को मिस्र देश से निकाल लाया वह यहोवा ही है*।\n"
      }
    ]
  },
  "7": {
    "verseObjects": [
      {
        "type": "text",
        "text": "इसलिए अब तुम खड़े रहो, और मैं यहोवा के सामने उसके सब धार्मिकता के कामों के विषय में, जिन्हें उसने तुम्हारे साथ और तुम्हारे पूर्वजों के साथ किया है, तुम्हारे साथ विचार करूँगा।\n"
      },
      {
        "tag": "s5",
        "nextChar": "\n",
        "type": "section"
      }
    ]
  },
  "8": {
    "verseObjects": [
      {
        "type": "text",
        "text": "याकूब मिस्र में गया, और तुम्हारे पूर्वजों ने यहोवा की दुहाई दी; तब यहोवा ने मूसा और हारून को भेजा, और उन्होंने तुम्हारे पूर्वजों को मिस्र से निकाला, और इस स्थान में बसाया।\n"
      }
    ]
  },
  "9": {
    "verseObjects": [
      {
        "type": "text",
        "text": "फिर जब वे अपने परमेश्‍वर यहोवा को भूल गए, तब उसने उन्हें हासोर के सेनापति सीसरा, और पलिश्तियों और मोआब के राजा के अधीन कर दिया; और वे उनसे लड़े।\n"
      },
      {
        "tag": "s5",
        "nextChar": "\n",
        "type": "section"
      }
    ]
  },
  "10": {
    "verseObjects": [
      {
        "type": "text",
        "text": "तब उन्होंने यहोवा की दुहाई देकर कहा, ‘हमने यहोवा को त्याग कर और बाल देवताओं और अश्तोरेत देवियों की उपासना करके महापाप किया है; परन्तु अब तू हमको हमारे शत्रुओं के हाथ से छुड़ा तो हम तेरी उपासना करेंगे।’ \n"
      }
    ]
  },
  "11": {
    "verseObjects": [
      {
        "type": "text",
        "text": "इसलिए यहोवा ने यरूब्बाल, बदान, यिप्तह, और शमूएल को भेजकर तुम को तुम्हारे चारों ओर के शत्रुओं के हाथ से छुड़ाया; और तुम निडर रहने लगे।\n"
      },
      {
        "tag": "s5",
        "nextChar": "\n",
        "type": "section"
      }
    ]
  },
  "12": {
    "verseObjects": [
      {
        "type": "text",
        "text": "और जब तुम ने देखा कि अम्मोनियों का राजा नाहाश हम पर चढ़ाई करता है, तब यद्यपि तुम्हारा परमेश्‍वर यहोवा तुम्हारा राजा था तो भी तुम ने मुझसे कहा, ‘नहीं, हम पर एक राजा राज्य करेगा।’ \n"
      }
    ]
  },
  "13": {
    "verseObjects": [
      {
        "type": "text",
        "text": "अब उस राजा को देखो जिसे तुम ने चुन लिया, और जिसके लिये तुम ने प्रार्थना की थी; देखो, यहोवा ने एक राजा तुम्हारे ऊपर नियुक्त कर दिया है।\n"
      },
      {
        "tag": "s5",
        "nextChar": "\n",
        "type": "section"
      }
    ]
  },
  "14": {
    "verseObjects": [
      {
        "type": "text",
        "text": "यदि तुम यहोवा का भय मानते, उसकी उपासना करते, और उसकी बात सुनते रहो, और यहोवा की आज्ञा को टालकर उससे बलवा न करो, और तुम और वह जो तुम पर राजा हुआ है दोनों अपने परमेश्‍वर यहोवा के पीछे-पीछे चलनेवाले बने रहो, तब तो भला होगा;\n"
      }
    ]
  },
  "15": {
    "verseObjects": [
      {
        "type": "text",
        "text": "परन्तु यदि तुम यहोवा की बात न मानो, और यहोवा की आज्ञा को टालकर उससे बलवा करो, तो यहोवा का हाथ जैसे तुम्हारे पुरखाओं के विरुद्ध हुआ वैसे ही तुम्हारे भी विरुद्ध उठेगा।\n"
      },
      {
        "tag": "s5",
        "nextChar": "\n",
        "type": "section"
      }
    ]
  },
  "16": {
    "verseObjects": [
      {
        "type": "text",
        "text": "इसलिए अब तुम खड़े रहो, और इस बड़े काम को देखो जिसे यहोवा तुम्हारी आँखों के सामने करने पर है।\n"
      }
    ]
  },
  "17": {
    "verseObjects": [
      {
        "type": "text",
        "text": "आज क्या गेहूँ की कटनी नहीं हो रही? मैं यहोवा को पुकारूँगा, और वह मेघ गरजाएगा और मेंह बरसाएगा; तब तुम जान लोगे, और देख भी लोगे, कि तुम ने राजा माँगकर यहोवा की दृष्टि में बहुत बड़ी बुराई की है।” \n"
      }
    ]
  },
  "18": {
    "verseObjects": [
      {
        "type": "text",
        "text": "तब शमूएल ने यहोवा को पुकारा, और यहोवा ने उसी दिन मेघ गरजाया और मेंह बरसाया; और सब लोग यहोवा से और शमूएल से अत्यन्त डर गए।\n"
      },
      {
        "tag": "s5",
        "nextChar": "\n",
        "type": "section"
      }
    ]
  },
  "19": {
    "verseObjects": [
      {
        "type": "text",
        "text": "और सब लोगों ने शमूएल से कहा, “अपने दासों के निमित्त अपने परमेश्‍वर यहोवा से प्रार्थना कर, कि हम मर न जाएँ; क्योंकि हमने अपने सारे पापों से बढ़कर यह बुराई की है कि राजा माँगा है।” \n"
      }
    ]
  },
  "20": {
    "verseObjects": [
      {
        "type": "text",
        "text": "शमूएल ने लोगों से कहा, “डरो मत; तुम ने यह सब बुराई तो की है, परन्तु अब यहोवा के पीछे चलने से फिर मत मुड़ना; परन्तु अपने सम्पूर्ण मन से उसकी उपासना करना;\n"
      }
    ]
  },
  "21": {
    "verseObjects": [
      {
        "type": "text",
        "text": "और मत मुड़ना; नहीं तो ऐसी व्यर्थ वस्तुओं के पीछे चलने लगोगे जिनसे न कुछ लाभ पहुँचेगा, और न कुछ छुटकारा हो सकता है, क्योंकि वे सब व्यर्थ ही हैं।\n"
      },
      {
        "tag": "s5",
        "nextChar": "\n",
        "type": "section"
      }
    ]
  },
  "22": {
    "verseObjects": [
      {
        "type": "text",
        "text": "यहोवा तो अपने बड़े नाम के कारण अपनी प्रजा को न तजेगा, क्योंकि यहोवा ने तुम्हें अपनी ही इच्छा से अपनी प्रजा बनाया है। (रोमियों 11:1)\n"
      }
    ]
  },
  "23": {
    "verseObjects": [
      {
        "type": "text",
        "text": "फिर यह मुझसे दूर हो कि मैं तुम्हारे लिये प्रार्थना करना छोड़कर यहोवा के विरुद्ध पापी ठहरूँ; मैं तो तुम्हें अच्छा और सीधा मार्ग दिखाता रहूँगा।\n"
      },
      {
        "tag": "s5",
        "nextChar": "\n",
        "type": "section"
      }
    ]
  },
  "24": {
    "verseObjects": [
      {
        "type": "text",
        "text": "केवल इतना हो कि तुम लोग यहोवा का भय मानो, और सच्चाई से अपने सम्पूर्ण मन के साथ उसकी उपासना करो; क्योंकि यह तो सोचो कि उसने तुम्हारे लिये कैसे बड़े-बड़े काम किए हैं।\n"
      }
    ]
  },
  "25": {
    "verseObjects": [
      {
        "type": "text",
        "text": "परन्तु यदि तुम बुराई करते ही रहोगे, तो तुम और तुम्हारा राजा दोनों के दोनों मिट जाओगे।” \n\n"
      },
      {
        "tag": "s5",
        "nextChar": "\n",
        "type": "section"
      }
    ]
  },
  "front": {
    "verseObjects": [
      {
        "tag": "s",
        "type": "section",
        "content": "शाऊल के राज्याभिषेक में\n"
      },
      {
        "tag": "p",
        "nextChar": "\n",
        "type": "paragraph"
      }
    ]
  }
}