{
  "1": {
    "verseObjects": [
      {
        "type": "text",
        "text": "अब पलिश्तियों ने युद्ध के लिये अपनी सेनाओं को इकट्ठा किया; और यहूदा देश के सोको में एक साथ होकर सोको और अजेका के बीच एपेसदम्मीम में डेरे डाले।\n"
      },
      {
        "tag": "s5",
        "nextChar": "\n",
        "type": "section"
      }
    ]
  },
  "2": {
    "verseObjects": [
      {
        "type": "text",
        "text": "शाऊल और इस्राएली पुरुषों ने भी इकट्ठे होकर एला नामक तराई में डेरे डाले, और युद्ध के लिये पलिश्तियों के विरुद्ध पाँति बाँधी।\n"
      }
    ]
  },
  "3": {
    "verseObjects": [
      {
        "type": "text",
        "text": "पलिश्ती तो एक ओर के पहाड़ पर और इस्राएली दूसरी ओर के पहाड़ पर खड़े रहे; और दोनों के बीच तराई थी।\n"
      },
      {
        "tag": "s5",
        "nextChar": "\n",
        "type": "section"
      }
    ]
  },
  "4": {
    "verseObjects": [
      {
        "type": "text",
        "text": "तब पलिश्तियों की छावनी में से गोलियत नामक एक वीर निकला, जो गत नगर का था, और उसकी लम्बाई छः हाथ एक बित्ता थी।\n"
      }
    ]
  },
  "5": {
    "verseObjects": [
      {
        "type": "text",
        "text": "उसके सिर पर पीतल का टोप था; और वह एक पत्तर का झिलम पहने हुए था, जिसका तौल पाँच हजार शेकेल पीतल का था।\n"
      },
      {
        "tag": "s5",
        "nextChar": "\n",
        "type": "section"
      }
    ]
  },
  "6": {
    "verseObjects": [
      {
        "type": "text",
        "text": "उसकी टाँगों पर पीतल के कवच थे, और उसके कंधों के बीच बरछी बंधी थी।\n"
      }
    ]
  },
  "7": {
    "verseObjects": [
      {
        "type": "text",
        "text": "उसके भाले की छड़ जुलाहे के डोंगी के समान थी, और उस भाले का फल छः सौ शेकेल लोहे का था, और बड़ी ढाल लिए हुए एक जन उसके आगे-आगे चलता था\n"
      },
      {
        "tag": "s5",
        "nextChar": "\n",
        "type": "section"
      }
    ]
  },
  "8": {
    "verseObjects": [
      {
        "type": "text",
        "text": "वह खड़ा होकर इस्राएली पाँतियों को ललकार के बोला, “तुम ने यहाँ आकर लड़ाई के लिये क्यों पाँति बाँधी है? क्या मैं पलिश्ती नहीं हूँ, और तुम शाऊल के अधीन नहीं हो? अपने में से एक पुरुष चुनो, कि वह मेरे पास उतर आए।\n"
      }
    ]
  },
  "9": {
    "verseObjects": [
      {
        "type": "text",
        "text": "यदि वह मुझसे लड़कर मुझे मार सके, तब तो हम तुम्हारे अधीन हो जाएँगे; परन्तु यदि मैं उस पर प्रबल होकर मारूँ, तो तुम को हमारे अधीन होकर हमारी सेवा करनी पड़ेगी।” \n"
      },
      {
        "tag": "s5",
        "nextChar": "\n",
        "type": "section"
      }
    ]
  },
  "10": {
    "verseObjects": [
      {
        "type": "text",
        "text": "फिर वह पलिश्ती बोला, “मैं आज के दिन इस्राएली पाँतियों को ललकारता हूँ, किसी पुरुष को मेरे पास भेजो, कि हम एक दूसरे से लड़ें।” \n"
      }
    ]
  },
  "11": {
    "verseObjects": [
      {
        "type": "text",
        "text": "उस पलिश्ती की इन बातों को सुनकर शाऊल और समस्त इस्राएलियों का मन कच्चा हो गया, और वे अत्यन्त डर गए।\n"
      },
      {
        "tag": "s5",
        "nextChar": "\n",
        "type": "section"
      }
    ]
  },
  "12": {
    "verseObjects": [
      {
        "type": "text",
        "text": "दाऊद यहूदा के बैतलहम के उस एप्राती पुरुष का पुत्र था, जिसका नाम यिशै था, और उसके आठ पुत्र थे और वह पुरुष शाऊल के दिनों में बूढ़ा और निर्बल हो गया था।\n"
      }
    ]
  },
  "13": {
    "verseObjects": [
      {
        "type": "text",
        "text": "यिशै के तीन बड़े पुत्र शाऊल के पीछे होकर लड़ने को गए थे; और उसके तीन पुत्रों के नाम जो लड़ने को गए थे, ये थे, अर्थात् ज्येष्ठ का नाम एलीआब, दूसरे का अबीनादाब, और तीसरे का शम्मा था।\n"
      },
      {
        "tag": "s5",
        "nextChar": "\n",
        "type": "section"
      }
    ]
  },
  "14": {
    "verseObjects": [
      {
        "type": "text",
        "text": "सबसे छोटा दाऊद था; और तीनों बड़े पुत्र शाऊल के पीछे होकर गए थे,\n"
      }
    ]
  },
  "15": {
    "verseObjects": [
      {
        "type": "text",
        "text": "और दाऊद बैतलहम में अपने पिता की भेड़ बकरियाँ चराने को शाऊल के पास से आया-जाया करता था।\n"
      }
    ]
  },
  "16": {
    "verseObjects": [
      {
        "type": "text",
        "text": "वह पलिश्ती तो चालीस दिन तक सवेरे और सांझ को निकट जाकर खड़ा हुआ करता था।\n"
      },
      {
        "tag": "s5",
        "nextChar": "\n",
        "type": "section"
      }
    ]
  },
  "17": {
    "verseObjects": [
      {
        "type": "text",
        "text": "यिशै ने अपने पुत्र दाऊद से कहा, “यह एपा भर भुना हुआ अनाज, और ये दस रोटियाँ लेकर छावनी में अपने भाइयों के पास दौड़ जा;\n"
      }
    ]
  },
  "18": {
    "verseObjects": [
      {
        "type": "text",
        "text": "और पनीर की ये दस टिकियाँ उनके सहस्रपति के लिये ले जा। और अपने भाइयों का कुशल देखकर उनकी कोई निशानी ले आना।\n"
      },
      {
        "tag": "s5",
        "nextChar": "\n",
        "type": "section"
      }
    ]
  },
  "19": {
    "verseObjects": [
      {
        "type": "text",
        "text": "शाऊल, और तेरे भाई, और समस्त इस्राएली पुरुष एला नामक तराई में पलिश्तियों से लड़ रहे है।” \n"
      }
    ]
  },
  "20": {
    "verseObjects": [
      {
        "type": "text",
        "text": "अतः दाऊद सवेरे उठ, भेड़ बकरियों को किसी रखवाले के हाथ में छोड़कर, यिशै की आज्ञा के अनुसार उन वस्तुओं को लेकर चला; और जब सेना रणभूमि को जा रही, और संग्राम के लिये ललकार रही थी, उसी समय वह गाड़ियों के पड़ाव पर पहुँचा।\n"
      }
    ]
  },
  "21": {
    "verseObjects": [
      {
        "type": "text",
        "text": "तब इस्राएलियों और पलिश्तियों ने अपनी-अपनी सेना आमने-सामने करके पाँति बाँधी।\n"
      },
      {
        "tag": "s5",
        "nextChar": "\n",
        "type": "section"
      }
    ]
  },
  "22": {
    "verseObjects": [
      {
        "type": "text",
        "text": "दाऊद अपनी सामग्री सामान के रखवाले के हाथ में छोड़कर रणभूमि को दौड़ा, और अपने भाइयों के पास जाकर उनका कुशल क्षेम पूछा।\n"
      }
    ]
  },
  "23": {
    "verseObjects": [
      {
        "type": "text",
        "text": "वह उनके साथ बातें कर ही रहा था, कि पलिश्तियों की पाँतियों में से वह वीर, अर्थात् गतवासी गोलियत नामक वह पलिश्ती योद्धा चढ़ आया, और पहले की सी बातें कहने लगा। और दाऊद ने उन्हें सुना।\n"
      }
    ]
  },
  "24": {
    "verseObjects": [
      {
        "type": "text",
        "text": "उस पुरुष को देखकर सब इस्राएली अत्यन्त भय खाकर उसके सामने से भागे।\n"
      },
      {
        "tag": "s5",
        "nextChar": "\n",
        "type": "section"
      }
    ]
  },
  "25": {
    "verseObjects": [
      {
        "type": "text",
        "text": "फिर इस्राएली पुरुष कहने लगे, “क्या तुम ने उस पुरुष को देखा है जो चढ़ा आ रहा है? निश्चय वह इस्राएलियों को ललकारने को चढ़ा आता है; और जो कोई उसे मार डालेगा उसको राजा बहुत धन देगा, और अपनी बेटी का विवाह उससे कर देगा, और उसके पिता के घराने को इस्राएल में स्वतन्त्र कर देगा।” \n"
      },
      {
        "tag": "s5",
        "nextChar": "\n",
        "type": "section"
      }
    ]
  },
  "26": {
    "verseObjects": [
      {
        "type": "text",
        "text": "तब दाऊद ने उन पुरुषों से जो उसके आस-पास खड़े थे पूछा, “जो उस पलिश्ती को मारके इस्राएलियों की नामधराई दूर करेगा उसके लिये क्या किया जाएगा? वह खतनारहित पलिश्ती क्या है कि जीवित परमेश्‍वर की सेना को ललकारे?” \n"
      }
    ]
  },
  "27": {
    "verseObjects": [
      {
        "type": "text",
        "text": "तब लोगों ने उससे वही बातें कहीं, अर्थात् यह, कि जो कोई उसे मारेगा उससे ऐसा-ऐसा किया जाएगा।\n"
      },
      {
        "tag": "s5",
        "nextChar": "\n",
        "type": "section"
      }
    ]
  },
  "28": {
    "verseObjects": [
      {
        "type": "text",
        "text": "जब दाऊद उन मनुष्यों से बातें कर रहा था, तब उसका बड़ा भाई एलीआब सुन रहा था; और एलीआब दाऊद से बहुत क्रोधित होकर कहने लगा, “तू यहाँ क्यों आया है? और जंगल में उन थोड़ी सी भेड़ बकरियों को तू किस के पास छोड़ आया है? तेरा अभिमान और तेरे मन की बुराई मुझे मालूम है; तू तो लड़ाई देखने के लिये यहाँ आया है।” \n"
      }
    ]
  },
  "29": {
    "verseObjects": [
      {
        "type": "text",
        "text": "दाऊद ने कहा, “अब मैंने क्या किया है? वह तो निरी बात थी।” \n"
      }
    ]
  },
  "30": {
    "verseObjects": [
      {
        "type": "text",
        "text": "तब उसने उसके पास से मुँह फेर के दूसरे के सम्मुख होकर वैसी ही बात कही; और लोगों ने उसे पहले के समान उत्तर दिया।\n"
      },
      {
        "tag": "s5",
        "nextChar": "\n",
        "type": "section"
      }
    ]
  },
  "31": {
    "verseObjects": [
      {
        "type": "text",
        "text": "जब दाऊद की बातों की चर्चा हुई, तब शाऊल को भी सुनाई गई; और उसने उसे बुलवा भेजा।\n"
      }
    ]
  },
  "32": {
    "verseObjects": [
      {
        "type": "text",
        "text": "तब दाऊद ने शाऊल से कहा, “किसी मनुष्य का मन उसके कारण कच्चा न हो; तेरा दास जाकर उस पलिश्ती से लड़ेगा।” \n"
      }
    ]
  },
  "33": {
    "verseObjects": [
      {
        "type": "text",
        "text": "शाऊल ने दाऊद से कहा, “तू जाकर उस पलिश्ती के विरुद्ध युद्ध नहीं कर सकता; क्योंकि तू तो लड़का ही है, और वह लड़कपन ही से योद्धा है।” (इब्रानियों. 11:33)\n"
      },
      {
        "tag": "s5",
        "nextChar": "\n",
        "type": "section"
      }
    ]
  },
  "34": {
    "verseObjects": [
      {
        "type": "text",
        "text": "दाऊद ने शाऊल से कहा, “तेरा दास अपने पिता की भेड़-बकरियाँ चराता था; और जब कोई सिंह या भालू झुण्ड में से मेम्‍ना उठा ले जाता,\n"
      }
    ]
  },
  "35": {
    "verseObjects": [
      {
        "type": "text",
        "text": "तब मैं उसका पीछा करके उसे मारता, और मेम्‍ने को उसके मुँह से छुड़ा लेता; और जब वह मुझ पर हमला करता, तब मैं उसके केश को पकड़कर उसे मार डालता।\n"
      },
      {
        "tag": "s5",
        "nextChar": "\n",
        "type": "section"
      }
    ]
  },
  "36": {
    "verseObjects": [
      {
        "type": "text",
        "text": "तेरे दास ने सिंह और भालू दोनों को मारा है। और वह खतनारहित पलिश्ती उनके समान हो जाएगा, क्योंकि उसने जीवित परमेश्‍वर की सेना को ललकारा है।” \n"
      },
      {
        "tag": "s5",
        "nextChar": "\n",
        "type": "section"
      }
    ]
  },
  "37": {
    "verseObjects": [
      {
        "type": "text",
        "text": "फिर दाऊद ने कहा, “यहोवा जिस ने मुझे सिंह और भालू दोनों के पंजे से बचाया है, वह मुझे उस पलिश्ती के हाथ से भी बचाएगा।” शाऊल ने दाऊद से कहा, “जा, यहोवा तेरे साथ रहे।” \n"
      }
    ]
  },
  "38": {
    "verseObjects": [
      {
        "type": "text",
        "text": "तब शाऊल ने अपने वस्त्र दाऊद को पहनाए, और पीतल का टोप उसके सिर पर रख दिया, और झिलम उसको पहनाया।\n"
      },
      {
        "tag": "s5",
        "nextChar": "\n",
        "type": "section"
      }
    ]
  },
  "39": {
    "verseObjects": [
      {
        "type": "text",
        "text": "तब दाऊद ने उसकी तलवार वस्त्र के ऊपर कसी, और चलने का यत्न किया; उसने तो उनको न परखा था। इसलिए दाऊद ने शाऊल से कहा, “इन्हें पहने हुए मुझसे चला नहीं जाता, क्योंकि मैंने इन्हें नहीं परखा है।” और दाऊद ने उन्हें उतार दिया।\n"
      }
    ]
  },
  "40": {
    "verseObjects": [
      {
        "type": "text",
        "text": "तब उसने अपनी लाठी हाथ में ली और नदी में से पाँच चिकने पत्थर छाँटकर अपनी चरवाही की थैली, अर्थात् अपने झोले में रखे; और अपना गोफन हाथ में लेकर पलिश्ती के निकट गया।\n"
      },
      {
        "tag": "s5",
        "nextChar": "\n",
        "type": "section"
      }
    ]
  },
  "41": {
    "verseObjects": [
      {
        "type": "text",
        "text": "और पलिश्ती चलते-चलते दाऊद के निकट पहुँचने लगा, और जो जन उसकी बड़ी ढाल लिए था वह उसके आगे-आगे चला।\n"
      }
    ]
  },
  "42": {
    "verseObjects": [
      {
        "type": "text",
        "text": "जब पलिश्ती ने दृष्टि करके दाऊद को देखा, तब उसे तुच्छ जाना; क्योंकि वह लड़का ही था, और उसके मुख पर लाली झलकती थी, और वह सुन्दर था।\n"
      }
    ]
  },
  "43": {
    "verseObjects": [
      {
        "type": "text",
        "text": "तब पलिश्ती ने दाऊद से कहा, “क्या मैं कुत्ता हूँ, कि तू लाठी लेकर मेरे पास आता है?” तब पलिश्ती अपने देवताओं के नाम लेकर दाऊद को कोसने लगा।\n"
      },
      {
        "tag": "s5",
        "nextChar": "\n",
        "type": "section"
      }
    ]
  },
  "44": {
    "verseObjects": [
      {
        "type": "text",
        "text": "फिर पलिश्ती ने दाऊद से कहा, “मेरे पास आ, मैं तेरा माँस आकाश के पक्षियों और वन-पशुओं को दे दूँगा।” \n"
      }
    ]
  },
  "45": {
    "verseObjects": [
      {
        "type": "text",
        "text": "दाऊद ने पलिश्ती से कहा, “तू तो तलवार और भाला और सांग लिए हुए मेरे पास आता है; परन्तु मैं सेनाओं के यहोवा के नाम से तेरे पास आता हूँ, जो इस्राएली सेना का परमेश्‍वर है, और उसी को तूने ललकारा है।\n"
      },
      {
        "tag": "s5",
        "nextChar": "\n",
        "type": "section"
      }
    ]
  },
  "46": {
    "verseObjects": [
      {
        "type": "text",
        "text": "आज के दिन यहोवा तुझको मेरे हाथ में कर देगा, और मैं तुझको मारूँगा, और तेरा सिर तेरे धड़ से अलग करूँगा; और मैं आज के दिन पलिश्ती सेना के शव आकाश के पक्षियों को दे दूँगा; तब समस्त पृथ्वी के लोग जान लेंगे कि इस्राएल में एक परमेश्‍वर है।\n"
      }
    ]
  },
  "47": {
    "verseObjects": [
      {
        "type": "text",
        "text": "और यह समस्त मण्डली जान लेगी कि यहोवा तलवार या भाले के द्वारा जयवन्त नहीं करता, इसलिए कि संग्राम तो यहोवा का है, और वही तुम्हें हमारे हाथ में कर देगा।” \n"
      },
      {
        "tag": "s5",
        "nextChar": "\n",
        "type": "section"
      }
    ]
  },
  "48": {
    "verseObjects": [
      {
        "type": "text",
        "text": "जब पलिश्ती उठकर दाऊद का सामना करने के लिये निकट आया, तब दाऊद सेना की ओर पलिश्ती का सामना करने के लिये फुर्ती से दौड़ा। (भज. 27:3)\n"
      }
    ]
  },
  "49": {
    "verseObjects": [
      {
        "type": "text",
        "text": "फिर दाऊद ने अपनी थैली में हाथ डालकर उसमें से एक पत्थर निकाला, और उसे गोफन में रखकर पलिश्ती के माथे पर ऐसा मारा कि पत्थर उसके माथे के भीतर घुस गया, और वह भूमि पर मुँह के बल गिर पड़ा।\n"
      },
      {
        "tag": "s5",
        "nextChar": "\n",
        "type": "section"
      }
    ]
  },
  "50": {
    "verseObjects": [
      {
        "type": "text",
        "text": "अतः दाऊद ने पलिश्ती पर गोफन और एक ही पत्थर के द्वारा प्रबल होकर उसे मार डाला; परन्तु दाऊद के हाथ में तलवार न थी।\n"
      }
    ]
  },
  "51": {
    "verseObjects": [
      {
        "type": "text",
        "text": "तब दाऊद दौड़कर पलिश्ती के ऊपर खड़ा हो गया, और उसकी तलवार पकड़कर म्यान से खींची, और उसको घात किया, और उसका सिर उसी तलवार से काट डाला। यह देखकर कि हमारा वीर मर गया पलिश्ती भाग गए।\n"
      },
      {
        "tag": "s5",
        "nextChar": "\n",
        "type": "section"
      }
    ]
  },
  "52": {
    "verseObjects": [
      {
        "type": "text",
        "text": "इस पर इस्राएली और यहूदी पुरुष ललकार उठे, और गत और एक्रोन से फाटकों तक पलिश्तियों का पीछा करते गए, और घायल पलिश्ती शारैंम के मार्ग में और गत और एक्रोन तक गिरते गए। (यहो. 15:36)\n"
      }
    ]
  },
  "53": {
    "verseObjects": [
      {
        "type": "text",
        "text": "तब इस्राएली पलिश्तियों का पीछा छोड़कर लौट आए, और उनके डेरों को लूट लिया।\n"
      }
    ]
  },
  "54": {
    "verseObjects": [
      {
        "type": "text",
        "text": "और दाऊद पलिश्ती का सिर यरूशलेम में ले गया; और उसके हथियार अपने डेरे में रख लिए।\n"
      },
      {
        "tag": "s",
        "type": "section",
        "content": "शाऊल की शत्रुता का आरम्भ और बढ़ती\n"
      },
      {
        "tag": "p",
        "nextChar": "\n",
        "type": "paragraph"
      },
      {
        "tag": "s5",
        "nextChar": "\n",
        "type": "section"
      }
    ]
  },
  "55": {
    "verseObjects": [
      {
        "type": "text",
        "text": "जब शाऊल ने दाऊद को उस पलिश्ती का सामना करने के लिये जाते देखा, तब उसने अपने सेनापति अब्नेर से पूछा, “हे अब्नेर, वह जवान किस का पुत्र है?” अब्नेर ने कहा, “हे राजा, तेरे जीवन की शपथ, मैं नहीं जानता।” \n"
      }
    ]
  },
  "56": {
    "verseObjects": [
      {
        "type": "text",
        "text": "राजा ने कहा, “तू पूछ ले कि वह जवान किस का पुत्र है।” \n"
      },
      {
        "tag": "s5",
        "nextChar": "\n",
        "type": "section"
      }
    ]
  },
  "57": {
    "verseObjects": [
      {
        "type": "text",
        "text": "जब दाऊद पलिश्ती को मारकर लौटा, तब अब्नेर ने उसे पलिश्ती का सिर हाथ में लिए हुए शाऊल के सामने पहुँचाया।\n"
      }
    ]
  },
  "58": {
    "verseObjects": [
      {
        "type": "text",
        "text": "शाऊल ने उससे पूछा, “हे जवान, तू किस का पुत्र है?” दाऊद ने कहा, “मैं तो तेरे दास बैतलहमवासी यिशै का पुत्र हूँ।” \n\n"
      },
      {
        "tag": "s5",
        "nextChar": "\n",
        "type": "section"
      }
    ]
  },
  "front": {
    "verseObjects": [
      {
        "tag": "s",
        "type": "section",
        "content": "दाऊद का गोलियत को मार डालना\n"
      },
      {
        "tag": "p",
        "nextChar": "\n",
        "type": "paragraph"
      }
    ]
  }
}