{
  "1": {
    "verseObjects": [
      {
        "type": "text",
        "text": "जब वह शाऊल से बातें कर चुका, तब योनातान का मन दाऊद पर ऐसा लग गया, कि योनातान उसे अपने प्राण के समान प्यार करने लगा।\n"
      }
    ]
  },
  "2": {
    "verseObjects": [
      {
        "type": "text",
        "text": "और उस दिन शाऊल ने उसे अपने पास रखा, और पिता के घर लौटने न दिया।\n"
      },
      {
        "tag": "s5",
        "nextChar": "\n",
        "type": "section"
      }
    ]
  },
  "3": {
    "verseObjects": [
      {
        "type": "text",
        "text": "तब योनातान ने दाऊद से वाचा बाँधी, क्योंकि वह उसको अपने प्राण के समान प्यार करता था।\n"
      }
    ]
  },
  "4": {
    "verseObjects": [
      {
        "type": "text",
        "text": "योनातान ने अपना बागा जो वह स्वयं पहने था उतारकर अपने वस्त्र समेत दाऊद को दे दिया, वरन् अपनी तलवार और धनुष और कटिबन्ध भी उसको दे दिए।\n"
      },
      {
        "tag": "s5",
        "nextChar": "\n",
        "type": "section"
      }
    ]
  },
  "5": {
    "verseObjects": [
      {
        "type": "text",
        "text": "और जहाँ कहीं शाऊल दाऊद को भेजता था वहाँ वह जाकर बुद्धिमानी के साथ काम करता था; अतः शाऊल ने उसे योद्धाओं का प्रधान नियुक्त किया। और समस्त प्रजा के लोग और शाऊल के कर्मचारी उससे प्रसन्‍न थे।\n"
      },
      {
        "tag": "s5",
        "nextChar": "\n",
        "type": "section"
      }
    ]
  },
  "6": {
    "verseObjects": [
      {
        "type": "text",
        "text": "जब दाऊद उस पलिश्ती को मारकर लौट रहा था, और वे सब लोग भी आ रहे थे, तब सब इस्राएली नगरों से स्त्रियों ने निकलकर डफ और तिकोने बाजे लिए हुए, आनन्द के साथ गाती और नाचती हुई, शाऊल राजा के स्वागत में निकलीं।\n"
      }
    ]
  },
  "7": {
    "verseObjects": [
      {
        "type": "text",
        "text": "और वे स्त्रियाँ नाचती हुई एक दूसरे के साथ यह गाती गईं,\n"
      },
      {
        "tag": "q",
        "type": "quote",
        "text": "“शाऊल ने तो हजारों को, परन्तु दाऊद ने लाखों को मारा है।”\n"
      },
      {
        "tag": "p",
        "nextChar": "\n",
        "type": "paragraph"
      },
      {
        "tag": "s5",
        "nextChar": "\n",
        "type": "section"
      }
    ]
  },
  "8": {
    "verseObjects": [
      {
        "type": "text",
        "text": "तब शाऊल अति क्रोधित हुआ, और यह बात उसको बुरी लगी; और वह कहने लगा, “उन्होंने दाऊद के लिये तो लाखों और मेरे लिये हजारों ही ठहराया; इसलिए अब राज्य को छोड़ उसको अब क्या मिलना बाकी है?”\n"
      }
    ]
  },
  "9": {
    "verseObjects": [
      {
        "type": "text",
        "text": "उस दिन से शाऊल दाऊद की ताक में लगा रहा।\n"
      },
      {
        "tag": "s5",
        "nextChar": "\n",
        "type": "section"
      }
    ]
  },
  "10": {
    "verseObjects": [
      {
        "type": "text",
        "text": "दूसरे दिन परमेश्‍वर की ओर से एक दुष्ट आत्मा शाऊल पर बल से उतरा, और वह अपने घर के भीतर नबूवत करने लगा; दाऊद प्रतिदिन के समान अपने हाथ से बजा रहा था और शाऊल अपने हाथ में अपना भाला लिए हुए था;\n"
      }
    ]
  },
  "11": {
    "verseObjects": [
      {
        "type": "text",
        "text": "तब शाऊल ने यह सोचकर कि “मैं ऐसा मारूँगा कि भाला दाऊद को बेधकर दीवार में धँस जाए,” भाले को चलाया, परन्तु दाऊद उसके सामने से दोनों बार हट गया।\n"
      }
    ]
  },
  "12": {
    "verseObjects": [
      {
        "type": "text",
        "text": "शाऊल दाऊद से डरा करता था, क्योंकि यहोवा दाऊद के साथ था और शाऊल के पास से अलग हो गया था।\n"
      },
      {
        "tag": "s5",
        "nextChar": "\n",
        "type": "section"
      }
    ]
  },
  "13": {
    "verseObjects": [
      {
        "type": "text",
        "text": "शाऊल ने उसको अपने पास से अलग करके सहस्रपति किया, और वह प्रजा के सामने आया-जाया करता था।\n"
      }
    ]
  },
  "14": {
    "verseObjects": [
      {
        "type": "text",
        "text": "और दाऊद अपनी समस्त चाल में बुद्धिमानी दिखाता था; और यहोवा उसके साथ-साथ था।\n"
      },
      {
        "tag": "s5",
        "nextChar": "\n",
        "type": "section"
      }
    ]
  },
  "15": {
    "verseObjects": [
      {
        "type": "text",
        "text": "जब शाऊल ने देखा कि वह बहुत बुद्धिमान है, तब वह उससे डर गया।\n"
      }
    ]
  },
  "16": {
    "verseObjects": [
      {
        "type": "text",
        "text": "परन्तु इस्राएल और यहूदा के समस्त लोग दाऊद से प्रेम रखते थे; क्योंकि वह उनके आगे-आगे आया-जाया करता था।\n"
      },
      {
        "tag": "s",
        "type": "section",
        "content": "दाऊद और मीकल का विवाह\n"
      },
      {
        "tag": "p",
        "nextChar": "\n",
        "type": "paragraph"
      },
      {
        "tag": "s5",
        "nextChar": "\n",
        "type": "section"
      }
    ]
  },
  "17": {
    "verseObjects": [
      {
        "type": "text",
        "text": "शाऊल ने यह सोचकर कि “मेरा हाथ नहीं, वरन् पलिश्तियों ही का हाथ दाऊद पर पड़े,” उससे कहा, “सुन, मैं अपनी बड़ी बेटी मेरब से तेरा विवाह कर दूँगा; इतना कर, कि तू मेरे लिये वीरता के साथ यहोवा की ओर से युद्ध कर।”\n"
      }
    ]
  },
  "18": {
    "verseObjects": [
      {
        "type": "text",
        "text": "दाऊद ने शाऊल से कहा, “मैं क्या हूँ, और मेरा जीवन क्या है, और इस्राएल में मेरे पिता का कुल क्या है, कि मैं राजा का दामाद हो जाऊँ?”\n"
      },
      {
        "tag": "s5",
        "nextChar": "\n",
        "type": "section"
      }
    ]
  },
  "19": {
    "verseObjects": [
      {
        "type": "text",
        "text": "जब समय आ गया कि शाऊल की बेटी मेरब का दाऊद से विवाह किया जाए, तब वह महोलाई अद्रीएल से ब्याह दी गई।\n"
      },
      {
        "tag": "s5",
        "nextChar": "\n",
        "type": "section"
      }
    ]
  },
  "20": {
    "verseObjects": [
      {
        "type": "text",
        "text": "और शाऊल की बेटी मीकल दाऊद से प्रीति रखने लगी; और जब इस बात का समाचार शाऊल को मिला, तब वह प्रसन्‍न हुआ*।\n"
      }
    ]
  },
  "21": {
    "verseObjects": [
      {
        "type": "text",
        "text": "शाऊल तो सोचता था, कि वह उसके लिये फंदा हो, और पलिश्तियों का हाथ उस पर पड़े। और शाऊल ने दाऊद से कहा, “अब की बार तो तू अवश्य ही मेरा दामाद हो जाएगा।”\n"
      },
      {
        "tag": "s5",
        "nextChar": "\n",
        "type": "section"
      }
    ]
  },
  "22": {
    "verseObjects": [
      {
        "type": "text",
        "text": "फिर शाऊल ने अपने कर्मचारियों को आज्ञा दी, “दाऊद से छिपकर ऐसी बातें करो, ‘सुन, राजा तुझ से प्रसन्‍न है, और उसके सब कर्मचारी भी तुझ से प्रेम रखते हैं; इसलिए अब तू राजा का दामाद हो जा’।”\n"
      },
      {
        "tag": "s5",
        "nextChar": "\n",
        "type": "section"
      }
    ]
  },
  "23": {
    "verseObjects": [
      {
        "type": "text",
        "text": "तब शाऊल के कर्मचारियों ने दाऊद से ऐसी ही बातें कहीं। परन्तु दाऊद ने कहा, “मैं तो निर्धन और तुच्छ मनुष्य हूँ, फिर क्या तुम्हारी दृष्टि में राजा का दामाद होना छोटी बात है?”\n"
      }
    ]
  },
  "24": {
    "verseObjects": [
      {
        "type": "text",
        "text": "जब शाऊल के कर्मचारियों ने उसे बताया, कि दाऊद ने ऐसी-ऐसी बातें कहीं।\n"
      },
      {
        "tag": "s5",
        "nextChar": "\n",
        "type": "section"
      }
    ]
  },
  "25": {
    "verseObjects": [
      {
        "type": "text",
        "text": "तब शाऊल ने कहा, “तुम दाऊद से यह कहो, ‘राजा कन्या का मोल तो कुछ नहीं चाहता, केवल पलिश्तियों की एक सौ खलड़ियाँ चाहता है, कि वह अपने शत्रुओं से बदला ले’।” शाऊल की योजना यह थी, कि पलिश्तियों से दाऊद को मरवा डाले।\n"
      }
    ]
  },
  "26": {
    "verseObjects": [
      {
        "type": "text",
        "text": "जब उसके कर्मचारियों ने दाऊद को ये बातें बताईं, तब वह राजा का दामाद होने को प्रसन्‍न हुआ। जब विवाह के कुछ दिन रह गए*,\n"
      },
      {
        "tag": "s5",
        "nextChar": "\n",
        "type": "section"
      }
    ]
  },
  "27": {
    "verseObjects": [
      {
        "type": "text",
        "text": "तब दाऊद अपने जनों को संग लेकर चला, और पलिश्तियों के दो सौ पुरुषों को मारा; तब दाऊद उनकी खलड़ियों को ले आया, और वे राजा को गिन-गिन कर दी गईं, इसलिए कि वह राजा का दामाद हो जाए। अतः शाऊल ने अपनी बेटी मीकल का उससे विवाह कर दिया।\n"
      }
    ]
  },
  "28": {
    "verseObjects": [
      {
        "type": "text",
        "text": "जब शाऊल ने देखा, और निश्चय किया कि यहोवा दाऊद के साथ है, और मेरी बेटी मीकल उससे प्रेम रखती है,\n"
      }
    ]
  },
  "29": {
    "verseObjects": [
      {
        "type": "text",
        "text": "तब शाऊल दाऊद से और भी डर गया। इसलिए शाऊल सदा के लिये दाऊद का बैरी बन गया।\n"
      },
      {
        "tag": "s5",
        "nextChar": "\n",
        "type": "section"
      }
    ]
  },
  "30": {
    "verseObjects": [
      {
        "type": "text",
        "text": "फिर पलिश्तियों के प्रधान निकल आए, और जब-जब वे निकल आए तब-तब दाऊद ने शाऊल के सब कर्मचारियों से अधिक बुद्धिमानी दिखाई; इससे उसका नाम बहुत बड़ा हो गया।\n\n"
      },
      {
        "tag": "s5",
        "nextChar": "\n",
        "type": "section"
      }
    ]
  },
  "front": {
    "verseObjects": [
      {
        "tag": "s",
        "type": "section",
        "content": "शाऊल का दाऊद को पुनः भेजना\n"
      },
      {
        "tag": "p",
        "nextChar": "\n",
        "type": "paragraph"
      }
    ]
  }
}