{
  "1": {
    "verseObjects": [
      {
        "type": "text",
        "text": "दाऊद वहाँ से चला, और बचकर अदुल्लाम की गुफा* में पहुँच गया; यह सुनकर उसके भाई, वरन् उसके पिता का समस्त घराना वहाँ उसके पास गया।\n"
      }
    ]
  },
  "2": {
    "verseObjects": [
      {
        "type": "text",
        "text": "और जितने संकट में पड़े थे, और जितने ऋणी थे, और जितने उदास थे, वे सब उसके पास इकट्ठे हुए; और वह उनका प्रधान हुआ। और कोई चार सौ पुरुष उसके साथ हो गए।\n"
      },
      {
        "tag": "s5",
        "nextChar": "\n",
        "type": "section"
      }
    ]
  },
  "3": {
    "verseObjects": [
      {
        "type": "text",
        "text": "वहाँ से दाऊद ने मोआब के मिस्पे को जाकर मोआब के राजा से कहा, “मेरे पिता को अपने पास तब तक आकर रहने दो, जब तक कि मैं न जानूं कि परमेश्‍वर मेरे लिये क्या करेगा।”\n"
      }
    ]
  },
  "4": {
    "verseObjects": [
      {
        "type": "text",
        "text": "और वह उनको मोआब के राजा के सम्मुख ले गया, और जब तक दाऊद उस गढ़ में रहा, तब तक वे उसके पास रहे।\n"
      }
    ]
  },
  "5": {
    "verseObjects": [
      {
        "type": "text",
        "text": "फिर गाद नामक एक नबी ने दाऊद से कहा, “इस गढ़ में मत रह; चल, यहूदा के देश में जा।” और दाऊद चलकर हेरेत के जंगल में गया।\n"
      },
      {
        "tag": "s5",
        "nextChar": "\n",
        "type": "section"
      }
    ]
  },
  "6": {
    "verseObjects": [
      {
        "type": "text",
        "text": "तब शाऊल ने सुना कि दाऊद और उसके संगियों का पता लग गया हैं उस समय शाऊल गिबा के ऊँचे स्थान पर, एक झाऊ के पेड़ के नीचे, हाथ में अपना भाला लिए हुए बैठा था, और उसके सब कर्मचारी उसके आस-पास खड़े थे।\n"
      },
      {
        "tag": "s5",
        "nextChar": "\n",
        "type": "section"
      }
    ]
  },
  "7": {
    "verseObjects": [
      {
        "type": "text",
        "text": "तब शाऊल अपने कर्मचारियों से जो उसके आस-पास खड़े थे कहने लगा, “हे बिन्यामीनियों, सुनो; क्या यिशै का पुत्र तुम सभी को खेत और दाख की बारियाँ देगा? क्या वह तुम सभी को सहस्रपति और शतपति करेगा?\n"
      }
    ]
  },
  "8": {
    "verseObjects": [
      {
        "type": "text",
        "text": "तुम सभी ने मेरे विरुद्ध क्यों राजद्रोह की गोष्ठी की है? और जब मेरे पुत्र ने यिशै के पुत्र से वाचा बाँधी, तब किसी ने मुझ पर प्रगट नहीं किया; और तुम में से किसी ने मेरे लिये शोकित होकर मुझ पर प्रगट नहीं किया, कि मेरे पुत्र ने मेरे कर्मचारी को मेरे विरुद्ध ऐसा घात लगाने को उभारा है, जैसा आज के दिन है।”\n"
      },
      {
        "tag": "s5",
        "nextChar": "\n",
        "type": "section"
      }
    ]
  },
  "9": {
    "verseObjects": [
      {
        "type": "text",
        "text": "तब एदोमी दोएग ने, जो शाऊल के सेवकों के ऊपर ठहराया गया था, उत्तर देकर कहा, “मैंने तो यिशै के पुत्र को नोब में अहीतूब के पुत्र अहीमेलेक के पास आते देखा,\n"
      }
    ]
  },
  "10": {
    "verseObjects": [
      {
        "type": "text",
        "text": "और उसने उसके लिये यहोवा से पूछा, और उसे भोजनवस्तु दी, और पलिश्ती गोलियत की तलवार भी दी।”\n"
      },
      {
        "tag": "s5",
        "nextChar": "\n",
        "type": "section"
      }
    ]
  },
  "11": {
    "verseObjects": [
      {
        "type": "text",
        "text": "और राजा ने अहीतूब के पुत्र अहीमेलेक याजक को और उसके पिता के समस्त घराने को, अर्थात् नोब में रहनेवाले याजकों को बुलवा भेजा; और जब वे सब के सब शाऊल राजा के पास आए,\n"
      }
    ]
  },
  "12": {
    "verseObjects": [
      {
        "type": "text",
        "text": "तब शाऊल ने कहा, “हे अहीतूब के पुत्र, सुन,” वह बोला, “हे प्रभु, क्या आज्ञा?”\n"
      }
    ]
  },
  "13": {
    "verseObjects": [
      {
        "type": "text",
        "text": "शाऊल ने उससे पूछा, “क्या कारण है कि तू और यिशै के पुत्र दोनों ने मेरे विरुद्ध राजद्रोह की गोष्ठी की है? तूने उसे रोटी और तलवार दी, और उसके लिये परमेश्‍वर से पूछा भी, जिससे वह मेरे विरुद्ध उठे, और ऐसा घात लगाए जैसा आज के दिन है?”\n"
      },
      {
        "tag": "s5",
        "nextChar": "\n",
        "type": "section"
      }
    ]
  },
  "14": {
    "verseObjects": [
      {
        "type": "text",
        "text": "अहीमेलेक ने राजा को उत्तर देकर कहा, “तेरे समस्त कर्मचारियों में दाऊद के तुल्य विश्वासयोग्य कौन है? वह तो राजा का दामाद है, और तेरी राजसभा में उपस्थित हुआ करता, और तेरे परिवार में प्रतिष्ठित है।\n"
      }
    ]
  },
  "15": {
    "verseObjects": [
      {
        "type": "text",
        "text": "क्या मैंने आज ही उसके लिये परमेश्‍वर से पूछना आरम्भ किया है? वह मुझसे दूर रहे! राजा न तो अपने दास पर ऐसा कोई दोष लगाए, न मेरे पिता के समस्त घराने पर, क्योंकि तेरा दास इन सब बातों के विषय कुछ भी नहीं जानता।”\n"
      },
      {
        "tag": "s5",
        "nextChar": "\n",
        "type": "section"
      }
    ]
  },
  "16": {
    "verseObjects": [
      {
        "type": "text",
        "text": "राजा ने कहा, “हे अहीमेलेक, तू और तेरे पिता का समस्त घराना निश्चय मार डाला जाएगा।”\n"
      }
    ]
  },
  "17": {
    "verseObjects": [
      {
        "type": "text",
        "text": "फिर राजा ने उन पहरुओं से जो उसके आस-पास खड़े थे आज्ञा दी, “मुड़ो और यहोवा के याजकों को मार डालो; क्योंकि उन्होंने भी दाऊद की सहायता की है, और उसका भागना जानने पर भी मुझ पर प्रगट नहीं किया।” परन्तु राजा के सेवक यहोवा के याजकों को मारने के लिये हाथ बढ़ाना न चाहते थे।\n"
      },
      {
        "tag": "s5",
        "nextChar": "\n",
        "type": "section"
      }
    ]
  },
  "18": {
    "verseObjects": [
      {
        "type": "text",
        "text": "तब राजा ने दोएग से कहा, “तू मुड़कर याजकों को मार डाल। तब एदोमी दोएग ने मुड़कर याजकों को मारा, और उस दिन सनीवाला एपोद पहने हुए पचासी पुरुषों को घात किया।\n"
      }
    ]
  },
  "19": {
    "verseObjects": [
      {
        "type": "text",
        "text": "और याजकों के नगर नोब को उसने स्त्रियों-पुरुषों, और बाल-बच्चों, और दूधपीतों, और बैलों, गदहों, और भेड़-बकरियों समेत तलवार से मारा।\n"
      },
      {
        "tag": "p",
        "nextChar": "\n",
        "type": "paragraph"
      },
      {
        "tag": "s5",
        "nextChar": "\n",
        "type": "section"
      }
    ]
  },
  "20": {
    "verseObjects": [
      {
        "type": "text",
        "text": "परन्तु अहीतूब के पुत्र अहीमेलेक का एब्यातार नामक एक पुत्र बच निकला, और दाऊद के पास भाग गया।\n"
      }
    ]
  },
  "21": {
    "verseObjects": [
      {
        "type": "text",
        "text": "तब एब्यातार ने दाऊद को बताया, कि शाऊल ने यहोवा के याजकों का वध किया है।\n"
      },
      {
        "tag": "s5",
        "nextChar": "\n",
        "type": "section"
      }
    ]
  },
  "22": {
    "verseObjects": [
      {
        "type": "text",
        "text": "और दाऊद ने एब्यातार* से कहा, “जिस दिन एदोमी दोएग वहाँ था, उसी दिन मैंने जान लिया था, कि वह निश्चय शाऊल को बताएगा। तेरे पिता के समस्त घराने के मारे जाने का कारण मैं ही हुआ।\n"
      }
    ]
  },
  "23": {
    "verseObjects": [
      {
        "type": "text",
        "text": "इसलिए तू मेरे साथ निडर रह; जो मेरे प्राण का ग्राहक है वही तेरे प्राण का भी ग्राहक है; परन्तु मेरे साथ रहने से तेरी रक्षा होगी।”\n\n"
      },
      {
        "tag": "s5",
        "nextChar": "\n",
        "type": "section"
      }
    ]
  },
  "front": {
    "verseObjects": [
      {
        "tag": "s",
        "type": "section",
        "content": "दाऊद और चार सौ पुरुष\n"
      },
      {
        "tag": "p",
        "nextChar": "\n",
        "type": "paragraph"
      }
    ]
  }
}