{
  "1": {
    "verseObjects": [
      {
        "type": "text",
        "text": "दाऊद को यह समाचार मिला कि पलिश्ती लोग कीला नगर से युद्ध कर रहे हैं, और खलिहानों को लूट रहे हैं।\n"
      }
    ]
  },
  "2": {
    "verseObjects": [
      {
        "type": "text",
        "text": "तब दाऊद ने यहोवा से पूछा, “क्या मैं जाकर पलिश्तियों को मारूँ?” यहोवा ने दाऊद से कहा, “जा, और पलिश्तियों को मार के कीला को बचा।”\n"
      },
      {
        "tag": "s5",
        "nextChar": "\n",
        "type": "section"
      }
    ]
  },
  "3": {
    "verseObjects": [
      {
        "type": "text",
        "text": "परन्तु दाऊद के जनों ने उससे कहा, “हम तो इस यहूदा देश में भी डरते रहते हैं, यदि हम कीला जाकर पलिश्तियों की सेना का सामना करें, तो क्या बहुत अधिक डर में न पड़ेंगे?”\n"
      }
    ]
  },
  "4": {
    "verseObjects": [
      {
        "type": "text",
        "text": "तब दाऊद ने यहोवा से फिर पूछा, और यहोवा ने उसे उत्तर देकर कहा, “कमर बाँधकर कीला को जा; क्योंकि मैं पलिश्तियों को तेरे हाथ में कर दूँगा।”\n"
      },
      {
        "tag": "s5",
        "nextChar": "\n",
        "type": "section"
      }
    ]
  },
  "5": {
    "verseObjects": [
      {
        "type": "text",
        "text": "इसलिए दाऊद अपने जनों को संग लेकर कीला को गया, और पलिश्तियों से लड़कर उनके पशुओं को हाँक लाया, और उन्हें बड़ी मार से मारा। अतः दाऊद ने कीला के निवासियों को बचाया।\n"
      }
    ]
  },
  "6": {
    "verseObjects": [
      {
        "type": "text",
        "text": "जब अहीमेलेक का पुत्र एब्यातार दाऊद के पास कीला को भाग गया था, तब हाथ में एपोद लिए हुए गया था।\n"
      },
      {
        "tag": "s5",
        "nextChar": "\n",
        "type": "section"
      }
    ]
  },
  "7": {
    "verseObjects": [
      {
        "type": "text",
        "text": "तब शाऊल को यह समाचार मिला कि दाऊद कीला को गया है। और शाऊल ने कहा, “परमेश्‍वर ने उसे मेरे हाथ में कर दिया है; वह तो फाटक और बेंड़ेवाले नगर में घुसकर बन्द हो गया है।”\n"
      }
    ]
  },
  "8": {
    "verseObjects": [
      {
        "type": "text",
        "text": "तब शाऊल ने अपनी सारी सेना को लड़ाई के लिये बुलवाया, कि कीला को जाकर दाऊद और उसके जनों को घेर ले।\n"
      }
    ]
  },
  "9": {
    "verseObjects": [
      {
        "type": "text",
        "text": "तब दाऊद ने जान लिया कि शाऊल मेरी हानि कि युक्ति कर रहा है; इसलिए उसने एब्यातार याजक से कहा, “एपोद को निकट ले आ।”\n"
      },
      {
        "tag": "s5",
        "nextChar": "\n",
        "type": "section"
      }
    ]
  },
  "10": {
    "verseObjects": [
      {
        "type": "text",
        "text": "तब दाऊद ने कहा, “हे इस्राएल के परमेश्‍वर यहोवा, तेरे दास ने निश्चय सुना है कि शाऊल मेरे कारण कीला नगर नष्ट करने को आना चाहता है।\n"
      }
    ]
  },
  "11": {
    "verseObjects": [
      {
        "type": "text",
        "text": "क्या कीला के लोग मुझे उसके वश में कर देंगे? क्या जैसे तेरे दास ने सुना है, वैसे ही शाऊल आएगा? हे इस्राएल के परमेश्‍वर यहोवा, अपने दास को यह बता।” यहोवा ने कहा, “हाँ, वह आएगा।”\n"
      },
      {
        "tag": "s5",
        "nextChar": "\n",
        "type": "section"
      }
    ]
  },
  "12": {
    "verseObjects": [
      {
        "type": "text",
        "text": "फिर दाऊद ने पूछा, “क्या कीला के लोग मुझे और मेरे जनों को शाऊल के वश में कर देंगे?” यहोवा ने कहा, “हाँ, वे कर देंगे।”\n"
      },
      {
        "tag": "s5",
        "nextChar": "\n",
        "type": "section"
      }
    ]
  },
  "13": {
    "verseObjects": [
      {
        "type": "text",
        "text": "तब दाऊद और उसके जन जो कोई छः सौ थे, कीला से निकल गए, और इधर-उधर जहाँ कहीं जा सके वहाँ गए। और जब शाऊल को यह बताया गया कि दाऊद कीला से निकल भागा है, तब उसने वहाँ जाने का विचार छोड़ दिया।\n"
      },
      {
        "tag": "s",
        "type": "section",
        "content": "दाऊद जंगल के गढ़ों में\n"
      },
      {
        "tag": "p",
        "nextChar": "\n",
        "type": "paragraph"
      }
    ]
  },
  "14": {
    "verseObjects": [
      {
        "type": "text",
        "text": "तब दाऊद जंगल के गढ़ों में रहने लगा, और पहाड़ी देश के जीप* नामक जंगल में रहा। और शाऊल उसे प्रतिदिन ढूँढ़ता रहा, परन्तु परमेश्‍वर ने उसे उसके हाथ में न पड़ने दिया।\n"
      },
      {
        "tag": "s5",
        "nextChar": "\n",
        "type": "section"
      }
    ]
  },
  "15": {
    "verseObjects": [
      {
        "type": "text",
        "text": "और दाऊद ने जान लिया कि शाऊल मेरे प्राण की खोज में निकला है। और दाऊद जीप नामक जंगल के होरेश नामक स्थान में था;\n"
      }
    ]
  },
  "16": {
    "verseObjects": [
      {
        "type": "text",
        "text": "कि शाऊल का पुत्र योनातान उठकर उसके पास होरेश में गया*, और परमेश्‍वर की चर्चा करके उसको ढाढ़स दिलाया।\n"
      },
      {
        "tag": "s5",
        "nextChar": "\n",
        "type": "section"
      }
    ]
  },
  "17": {
    "verseObjects": [
      {
        "type": "text",
        "text": "उसने उससे कहा, “मत डर; क्योंकि तू मेरे पिता शाऊल के हाथ में न पड़ेगा; और तू ही इस्राएल का राजा होगा, और मैं तेरे नीचे हूँगा; और इस बात को मेरा पिता शाऊल भी जानता है।”\n"
      }
    ]
  },
  "18": {
    "verseObjects": [
      {
        "type": "text",
        "text": "तब उन दोनों ने यहोवा की शपथ खाकर आपस में वाचा बाँधी; तब दाऊद होरेश में रह गया, और योनातान अपने घर चला गया।\n"
      },
      {
        "tag": "s5",
        "nextChar": "\n",
        "type": "section"
      }
    ]
  },
  "19": {
    "verseObjects": [
      {
        "type": "text",
        "text": "तब जीपी लोग गिबा में शाऊल के पास जाकर कहने लगे, “दाऊद तो हमारे पास होरेश के गढ़ों में, अर्थात् उस हकीला नामक पहाड़ी पर छिपा रहता है, जो यशीमोन के दक्षिण की ओर है।\n"
      }
    ]
  },
  "20": {
    "verseObjects": [
      {
        "type": "text",
        "text": "इसलिए अब, हे राजा, तेरी जो इच्छा आने की है, तो आ; और उसको राजा के हाथ में पकड़वा देना हमारा काम होगा।”\n"
      },
      {
        "tag": "s5",
        "nextChar": "\n",
        "type": "section"
      }
    ]
  },
  "21": {
    "verseObjects": [
      {
        "type": "text",
        "text": "शाऊल ने कहा, “यहोवा की आशीष तुम पर हो, क्योंकि तुम ने मुझ पर दया की है।\n"
      }
    ]
  },
  "22": {
    "verseObjects": [
      {
        "type": "text",
        "text": "तुम चलकर और भी निश्चय कर लो; और देख भालकर जान लो, और उसके अड्डे का पता लगा लो, और पता लगाओ कि उसको वहाँ किसने देखा है; क्योंकि किसी ने मुझसे कहा है, कि वह बड़ी चतुराई से काम करता है।\n"
      }
    ]
  },
  "23": {
    "verseObjects": [
      {
        "type": "text",
        "text": "इसलिए जहाँ कहीं वह छिपा करता है उन सब स्थानों को देख देखकर पहचानो, तब निश्चय करके मेरे पास लौट आना। और मैं तुम्हारे साथ चलूँगा, और यदि वह उस देश में कहीं भी हो, तो मैं उसे यहूदा के हजारों में से ढूँढ़ निकालूँगा।”\n"
      },
      {
        "tag": "s5",
        "nextChar": "\n",
        "type": "section"
      }
    ]
  },
  "24": {
    "verseObjects": [
      {
        "type": "text",
        "text": "तब वे चलकर शाऊल से पहले जीप को गए। परन्तु दाऊद अपने जनों समेत माओन नामक जंगल में चला गया था, जो अराबा में यशीमोन के दक्षिण की ओर है।\n"
      }
    ]
  },
  "25": {
    "verseObjects": [
      {
        "type": "text",
        "text": "तब शाऊल अपने जनों को साथ लेकर उसकी खोज में गया। इसका समाचार पाकर दाऊद पर्वत पर से उतर के माओन जंगल में रहने लगा। यह सुन शाऊल ने माओन जंगल में दाऊद का पीछा किया।\n"
      },
      {
        "tag": "s5",
        "nextChar": "\n",
        "type": "section"
      }
    ]
  },
  "26": {
    "verseObjects": [
      {
        "type": "text",
        "text": "शाऊल तो पहाड़ की एक ओर, और दाऊद अपने जनों समेत पहाड़ की दूसरी ओर जा रहा था; और दाऊद शाऊल के डर के मारे जल्दी जा रहा था, और शाऊल अपने जनों समेत दाऊद और उसके जनों को पकड़ने के लिये घेरा बनाना चाहता था,\n"
      }
    ]
  },
  "27": {
    "verseObjects": [
      {
        "type": "text",
        "text": "कि एक दूत ने शाऊल के पास आकर कहा, “फुर्ती से चला आ; क्योंकि पलिश्तियों ने देश पर चढ़ाई की है।”\n"
      },
      {
        "tag": "s5",
        "nextChar": "\n",
        "type": "section"
      }
    ]
  },
  "28": {
    "verseObjects": [
      {
        "type": "text",
        "text": "यह सुन शाऊल दाऊद का पीछा छोड़कर पलिश्तियों का सामना करने को चला; इस कारण उस स्थान का नाम सेलाहम्म-हलकोत पड़ा।\n"
      }
    ]
  },
  "29": {
    "verseObjects": [
      {
        "type": "text",
        "text": "वहाँ से दाऊद चढ़कर एनगदी के गढ़ों में रहने लगा।।\n\n"
      },
      {
        "tag": "s5",
        "nextChar": "\n",
        "type": "section"
      }
    ]
  },
  "front": {
    "verseObjects": [
      {
        "tag": "s",
        "type": "section",
        "content": "दाऊद द्वारा कीला नगर की रक्षा\n"
      },
      {
        "tag": "p",
        "nextChar": "\n",
        "type": "paragraph"
      }
    ]
  }
}