{
  "1": {
    "verseObjects": [
      {
        "type": "text",
        "text": "शमूएल की मृत्यु हो गई; और समस्त इस्राएलियों ने इकट्ठे होकर उसके लिये छाती पीटी, और उसके घर ही में जो रामाह में था उसको मिट्टी दी। तब दाऊद उठकर पारान जंगल को चला गया।\n"
      },
      {
        "tag": "s5",
        "nextChar": "\n",
        "type": "section"
      }
    ]
  },
  "2": {
    "verseObjects": [
      {
        "type": "text",
        "text": "माओन में एक पुरुष रहता था जिसका व्यापार कर्मेल में था। और वह पुरुष बहुत धनी था, और उसकी तीन हजार भेड़ें, और एक हजार बकरियाँ थीं; और वह अपनी भेड़ों का ऊन कतर रहा था।\n"
      }
    ]
  },
  "3": {
    "verseObjects": [
      {
        "type": "text",
        "text": "उस पुरुष का नाम नाबाल, और उसकी पत्‍नी का नाम अबीगैल था। स्त्री तो बुद्धिमान और रूपवती थी, परन्तु पुरुष कठोर, और बुरे-बुरे काम करनेवाला था; वह कालेबवंशी था।\n"
      },
      {
        "tag": "s5",
        "nextChar": "\n",
        "type": "section"
      }
    ]
  },
  "4": {
    "verseObjects": [
      {
        "type": "text",
        "text": "जब दाऊद ने जंगल में समाचार पाया, कि नाबाल अपनी भेड़ों का ऊन कतर रहा है;\n"
      }
    ]
  },
  "5": {
    "verseObjects": [
      {
        "type": "text",
        "text": "तब दाऊद ने दस जवानों को वहाँ भेज दिया, और दाऊद ने उन जवानों से कहा, “कर्मेल में नाबाल के पास जाकर मेरी ओर से उसका कुशलक्षेम पूछो।\n"
      }
    ]
  },
  "6": {
    "verseObjects": [
      {
        "type": "text",
        "text": "और उससे यह कहो, ‘तू चिरंजीव रहे, तेरा कल्याण हो, और तेरा घराना कल्याण से रहे, और जो कुछ तेरा है वह कल्याण से रहे।\n"
      },
      {
        "tag": "s5",
        "nextChar": "\n",
        "type": "section"
      }
    ]
  },
  "7": {
    "verseObjects": [
      {
        "type": "text",
        "text": "मैंने सुना है, कि जो तू ऊन कतर रहा है; तेरे चरवाहे हम लोगों के पास रहे, और न तो हमने उनकी कुछ हानि की, और न उनका कुछ खोया गया।\n"
      }
    ]
  },
  "8": {
    "verseObjects": [
      {
        "type": "text",
        "text": "अपने जवानों से यह बात पूछ ले, और वे तुझको बताएँगे। अतः इन जवानों पर तेरे अनुग्रह की दृष्टि हो; हम तो आनन्द के समय में आए हैं, इसलिए जो कुछ तेरे हाथ लगे वह अपने दासों और अपने बेटे दाऊद को दे’।”\n"
      },
      {
        "tag": "s5",
        "nextChar": "\n",
        "type": "section"
      }
    ]
  },
  "9": {
    "verseObjects": [
      {
        "type": "text",
        "text": "दाऊद के जवान जाकर ऐसी बातें उसके नाम से नाबाल को सुनाकर चुप रहे।\n"
      }
    ]
  },
  "10": {
    "verseObjects": [
      {
        "type": "text",
        "text": "नाबाल ने दाऊद के जनों को उत्तर देकर उनसे कहा, “दाऊद कौन है? यिशै का पुत्र कौन है? आजकल बहुत से दास अपने-अपने स्वामी के पास से भाग जाते हैं।\n"
      }
    ]
  },
  "11": {
    "verseObjects": [
      {
        "type": "text",
        "text": "क्या मैं अपनी रोटी-पानी और जो पशु मैंने अपने कतरनेवालों के लिये मारे हैं लेकर ऐसे लोगों को दे दूँ, जिनको मैं नहीं जानता कि कहाँ के हैं?”\n"
      },
      {
        "tag": "s5",
        "nextChar": "\n",
        "type": "section"
      }
    ]
  },
  "12": {
    "verseObjects": [
      {
        "type": "text",
        "text": "तब दाऊद के जवानों ने लौटकर अपना मार्ग लिया, और लौटकर उसको ये सब बातें ज्यों की त्यों सुना दीं।\n"
      }
    ]
  },
  "13": {
    "verseObjects": [
      {
        "type": "text",
        "text": "तब दाऊद ने अपने जनों से कहा, “अपनी-अपनी तलवार बाँध लो।” तब उन्होंने अपनी-अपनी तलवार बाँध ली; और दाऊद ने भी अपनी तलवार बाँध ली; और कोई चार सौ पुरुष दाऊद के पीछे-पीछे चले, और दो सौ सामान के पास रह गए।\n"
      },
      {
        "tag": "s5",
        "nextChar": "\n",
        "type": "section"
      }
    ]
  },
  "14": {
    "verseObjects": [
      {
        "type": "text",
        "text": "परन्तु एक सेवक ने नाबाल की पत्‍नी अबीगैल को बताया, “दाऊद ने जंगल से हमारे स्वामी को आशीर्वाद देने के लिये दूत भेजे थे; और उसने उन्हें ललकार दिया।\n"
      }
    ]
  },
  "15": {
    "verseObjects": [
      {
        "type": "text",
        "text": "परन्तु वे मनुष्य हम से बहुत अच्छा बर्ताव रखते थे, और जब तक हम मैदान में रहते हुए उनके पास आया-जाया करते थे, तब तक न तो हमारी कुछ हानि हुई, और न हमारा कुछ खोया;\n"
      },
      {
        "tag": "s5",
        "nextChar": "\n",
        "type": "section"
      }
    ]
  },
  "16": {
    "verseObjects": [
      {
        "type": "text",
        "text": "जब तक हम उनके साथ भेड़-बकरियाँ चराते रहे, तब तक वे रात दिन हमारी आड़ बने रहे।\n"
      }
    ]
  },
  "17": {
    "verseObjects": [
      {
        "type": "text",
        "text": "इसलिए अब सोच विचार कर कि क्या करना चाहिए; क्योंकि उन्होंने हमारे स्वामी की और उसके समस्त घराने की हानि करना ठान लिया होगा, वह तो ऐसा दुष्ट है कि उससे कोई बोल भी नहीं सकता।”\n"
      },
      {
        "tag": "s5",
        "nextChar": "\n",
        "type": "section"
      }
    ]
  },
  "18": {
    "verseObjects": [
      {
        "type": "text",
        "text": "तब अबीगैल ने फुर्ती से दो सौ रोटी, और दो कुप्पी दाखमधु, और पाँच भेड़ों का माँस, और पाँच सआ भूना हुआ अनाज, और एक सौ गुच्छे किशमिश, और अंजीरों की दो सौ टिकियाँ लेकर गदहों पर लदवाई।\n"
      }
    ]
  },
  "19": {
    "verseObjects": [
      {
        "type": "text",
        "text": "और उसने अपने जवानों से कहा, “तुम मेरे आगे-आगे चलो, मैं तुम्हारे पीछे-पीछे आती हूँ;” परन्तु उसने अपने पति नाबाल से कुछ न कहा।\n"
      },
      {
        "tag": "s5",
        "nextChar": "\n",
        "type": "section"
      }
    ]
  },
  "20": {
    "verseObjects": [
      {
        "type": "text",
        "text": "वह गदहे पर चढ़ी हुई पहाड़ की आड़ में उतरी जाती थी, और दाऊद अपने जनों समेत उसके सामने उतरा आता था; और वह उनको मिली।\n"
      },
      {
        "tag": "s5",
        "nextChar": "\n",
        "type": "section"
      }
    ]
  },
  "21": {
    "verseObjects": [
      {
        "type": "text",
        "text": "दाऊद ने तो सोचा था, “मैंने जो जंगल में उसके सब माल की ऐसी रक्षा की कि उसका कुछ भी न खोया, यह निःसन्देह व्यर्थ हुआ; क्योंकि उसने भलाई के बदले मुझसे बुराई ही की है।\n"
      }
    ]
  },
  "22": {
    "verseObjects": [
      {
        "type": "text",
        "text": "यदि सवेरे को उजियाला होने तक उस जन के समस्त लोगों में से एक लड़के को भी मैं जीवित छोड़ूं, तो परमेश्‍वर मेरे सब शत्रुओं से ऐसा ही*, वरन् इससे भी अधिक करे।”\n"
      },
      {
        "tag": "s5",
        "nextChar": "\n",
        "type": "section"
      }
    ]
  },
  "23": {
    "verseObjects": [
      {
        "type": "text",
        "text": "दाऊद को देख अबीगैल फुर्ती करके गदहे पर से उतर पड़ी, और दाऊद के सम्मुख मुँह के बल भूमि पर गिरकर दण्डवत् की।\n"
      }
    ]
  },
  "24": {
    "verseObjects": [
      {
        "type": "text",
        "text": "फिर वह उसके पाँव पर गिरके कहने लगी, “हे मेरे प्रभु, यह अपराध मेरे ही सिर पर हो; तेरी दासी तुझ से कुछ कहना चाहती है, और तू अपनी दासी की बातों को सुन ले।\n"
      },
      {
        "tag": "s5",
        "nextChar": "\n",
        "type": "section"
      }
    ]
  },
  "25": {
    "verseObjects": [
      {
        "type": "text",
        "text": "मेरा प्रभु उस दुष्ट नाबाल पर चित्त न लगाए; क्योंकि जैसा उसका नाम है वैसा ही वह आप है; उसका नाम तो नाबाल है, और सचमुच उसमें मूर्खता पाई जाती है; परन्तु मुझ तेरी दासी ने अपने प्रभु के जवानों को जिन्हें तूने भेजा था न देखा था।\n"
      }
    ]
  },
  "26": {
    "verseObjects": [
      {
        "type": "text",
        "text": "और अब, हे मेरे प्रभु, यहोवा के जीवन की शपथ और तेरे जीवन की शपथ, कि यहोवा ने जो तुझे खून से और अपने हाथ के द्वारा अपना बदला लेने से रोक रखा है, इसलिए अब तेरे शत्रु और मेरे प्रभु की हानि के चाहनेवाले नाबाल ही के समान ठहरें।\n"
      },
      {
        "tag": "s5",
        "nextChar": "\n",
        "type": "section"
      }
    ]
  },
  "27": {
    "verseObjects": [
      {
        "type": "text",
        "text": "और अब यह भेंट जो तेरी दासी अपने प्रभु के पास लाई है, उन जवानों को दी जाए जो मेरे प्रभु के साथ चलते हैं।\n"
      }
    ]
  },
  "28": {
    "verseObjects": [
      {
        "type": "text",
        "text": "अपनी दासी का अपराध क्षमा कर; क्योंकि यहोवा निश्चय मेरे प्रभु का घर बसाएगा और स्थिर करेगा, इसलिए कि मेरा प्रभु यहोवा की ओर से लड़ता है; और जन्म भर तुझ में कोई बुराई नहीं पाई जाएगी।\n"
      },
      {
        "tag": "s5",
        "nextChar": "\n",
        "type": "section"
      }
    ]
  },
  "29": {
    "verseObjects": [
      {
        "type": "text",
        "text": "और यद्यपि एक मनुष्य तेरा पीछा करने और तेरे प्राण का ग्राहक होने को उठा है, तो भी मेरे प्रभु का प्राण तेरे परमेश्‍वर यहोवा की जीवनरूपी गठरी में बँधा रहेगा, और तेरे शत्रुओं के प्राणों को वह मानो गोफन में रखकर फेंक देगा।\n"
      },
      {
        "tag": "s5",
        "nextChar": "\n",
        "type": "section"
      }
    ]
  },
  "30": {
    "verseObjects": [
      {
        "type": "text",
        "text": "इसलिए जब यहोवा मेरे प्रभु के लिये यह समस्त भलाई करेगा जो उसने तेरे विषय में कही है, और तुझे इस्राएल पर प्रधान करके ठहराएगा,\n"
      }
    ]
  },
  "31": {
    "verseObjects": [
      {
        "type": "text",
        "text": "तब तुझे इस कारण पछताना न होगा, या मेरे प्रभु का हृदय पीड़ित न होगा कि तूने अकारण खून किया, और मेरे प्रभु ने अपना बदला आप लिया है। फिर जब यहोवा मेरे प्रभु से भलाई करे तब अपनी दासी को स्मरण करना।”\n"
      },
      {
        "tag": "s5",
        "nextChar": "\n",
        "type": "section"
      }
    ]
  },
  "32": {
    "verseObjects": [
      {
        "type": "text",
        "text": "दाऊद ने अबीगैल से कहा, “इस्राएल का परमेश्‍वर यहोवा धन्य है, जिस ने आज के दिन मुझसे भेंट करने के लिये तुझे भेजा है।\n"
      }
    ]
  },
  "33": {
    "verseObjects": [
      {
        "type": "text",
        "text": "और तेरा विवेक धन्य है, और तू आप भी धन्य है, कि तूने मुझे आज के दिन खून करने और अपना बदला आप लेने से रोक लिया है।\n"
      },
      {
        "tag": "s5",
        "nextChar": "\n",
        "type": "section"
      }
    ]
  },
  "34": {
    "verseObjects": [
      {
        "type": "text",
        "text": "क्योंकि सचमुच इस्राएल का परमेश्‍वर यहोवा, जिस ने मुझे तेरी हानि करने से रोका है, उसके जीवन की शपथ, यदि तू फुर्ती करके मुझसे भेंट करने को न आती, तो निःसन्देह सवेरे को उजियाला होने तक नाबाल का कोई लड़का भी न बचता।”\n"
      }
    ]
  },
  "35": {
    "verseObjects": [
      {
        "type": "text",
        "text": "तब दाऊद ने उसे ग्रहण किया जो वह उसके लिये लाई थी; फिर उससे उसने कहा, “अपने घर कुशल से जा; सुन, मैंने तेरी बात मानी है और तेरी विनती ग्रहण कर ली है।”\n"
      },
      {
        "tag": "s5",
        "nextChar": "\n",
        "type": "section"
      }
    ]
  },
  "36": {
    "verseObjects": [
      {
        "type": "text",
        "text": "तब अबीगैल नाबाल के पास लौट गई; और क्या देखती है, कि वह घर में राजा का सा भोज कर रहा है। और नाबाल का मन मगन है, और वह नशे में अति चूर हो गया है; इसलिए उसने भोर का उजियाला होने से पहले उससे कुछ भी न कहा।\n"
      },
      {
        "tag": "s5",
        "nextChar": "\n",
        "type": "section"
      }
    ]
  },
  "37": {
    "verseObjects": [
      {
        "type": "text",
        "text": "सवेरे को जब नाबाल का नशा उतर गया, तब उसकी पत्‍नी ने उसे सारा हाल कह सुनाया, तब उसके मन का हियाव जाता रहा, और वह पत्थर सा सुन्न हो गया*।\n"
      }
    ]
  },
  "38": {
    "verseObjects": [
      {
        "type": "text",
        "text": "और दस दिन के पश्चात् यहोवा ने नाबाल को ऐसा मारा, कि वह मर गया।\n"
      },
      {
        "tag": "s5",
        "nextChar": "\n",
        "type": "section"
      }
    ]
  },
  "39": {
    "verseObjects": [
      {
        "type": "text",
        "text": "नाबाल के मरने का हाल सुनकर दाऊद ने कहा, “धन्य है यहोवा जिस ने नाबाल के साथ मेरी नामधराई का मुकद्दमा लड़कर अपने दास को बुराई से रोक रखा; और यहोवा ने नाबाल की बुराई को उसी के सिर पर लाद दिया है।” तब दाऊद ने लोगों को अबीगैल के पास इसलिए भेजा कि वे उससे उसकी पत्‍नी होने की बातचीत करें।\n"
      }
    ]
  },
  "40": {
    "verseObjects": [
      {
        "type": "text",
        "text": "तो जब दाऊद के सेवक कर्मेल को अबीगैल के पास पहुँचे, तब उससे कहने लगे, “दाऊद ने हमें तेरे पास इसलिए भेजा है कि तू उसकी पत्‍नी बने।”\n"
      },
      {
        "tag": "s5",
        "nextChar": "\n",
        "type": "section"
      }
    ]
  },
  "41": {
    "verseObjects": [
      {
        "type": "text",
        "text": "तब वह उठी, और मुँह के बल भूमि पर गिर दण्डवत् करके कहा, “तेरी दासी अपने प्रभु के सेवकों के चरण धोने के लिये दासी बने।”\n"
      }
    ]
  },
  "42": {
    "verseObjects": [
      {
        "type": "text",
        "text": "तब अबीगैल फुर्ती से उठी, और गदहे पर चढ़ी, और उसकी पाँच सहेलियाँ उसके पीछे-पीछे हो लीं; और वह दाऊद के दूतों के पीछे-पीछे गई; और उसकी पत्‍नी हो गई।\n"
      },
      {
        "tag": "s5",
        "nextChar": "\n",
        "type": "section"
      }
    ]
  },
  "43": {
    "verseObjects": [
      {
        "type": "text",
        "text": "और दाऊद ने यिज्रेल नगर की अहीनोअम से भी विवाह कर लिया, तो वे दोनों उसकी पत्नियाँ हुईं।\n"
      }
    ]
  },
  "44": {
    "verseObjects": [
      {
        "type": "text",
        "text": "परन्तु शाऊल ने अपनी बेटी दाऊद की पत्‍नी मीकल को लैश के पुत्र गल्लीमवासी पलती को दे दिया था।\n\n"
      },
      {
        "tag": "s5",
        "nextChar": "\n",
        "type": "section"
      }
    ]
  },
  "front": {
    "verseObjects": [
      {
        "tag": "s",
        "type": "section",
        "content": "शाऊल की मृत्यु\n"
      },
      {
        "tag": "p",
        "nextChar": "\n",
        "type": "paragraph"
      }
    ]
  }
}