{
  "1": {
    "verseObjects": [
      {
        "type": "text",
        "text": "फिर जीपी लोग गिबा में शाऊल के पास जाकर कहने लगे, “क्या दाऊद उस हकीला नामक पहाड़ी पर जो यशीमोन के सामने है छिपा नहीं रहता?” \n"
      }
    ]
  },
  "2": {
    "verseObjects": [
      {
        "type": "text",
        "text": "तब शाऊल उठकर इस्राएल के तीन हजार छाँटे हुए योद्धा संग लिए हुए गया कि दाऊद को जीप के जंगल में खोजे।\n"
      },
      {
        "tag": "s5",
        "nextChar": "\n",
        "type": "section"
      }
    ]
  },
  "3": {
    "verseObjects": [
      {
        "type": "text",
        "text": "और शाऊल ने अपनी छावनी मार्ग के पास हकीला नामक पहाड़ी पर जो यशीमोन के सामने है डाली। परन्तु दाऊद जंगल में रहा; और उसने जान लिया, कि शाऊल मेरा पीछा करने को जंगल में आया है;\n"
      }
    ]
  },
  "4": {
    "verseObjects": [
      {
        "type": "text",
        "text": "तब दाऊद ने भेदियों को भेजकर निश्चय कर लिया कि शाऊल सचमुच आ गया है।\n"
      },
      {
        "tag": "s5",
        "nextChar": "\n",
        "type": "section"
      }
    ]
  },
  "5": {
    "verseObjects": [
      {
        "type": "text",
        "text": "तब दाऊद उठकर उस स्थान पर गया जहाँ शाऊल पड़ा था; और दाऊद ने उस स्थान को देखा जहाँ शाऊल अपने सेनापति नेर के पुत्र अब्नेर समेत पड़ा था, शाऊल तो गाड़ियों की आड़ में पड़ा था और उसके लोग उसके चारों ओर डेरे डाले हुए थे।\n"
      },
      {
        "tag": "s5",
        "nextChar": "\n",
        "type": "section"
      }
    ]
  },
  "6": {
    "verseObjects": [
      {
        "type": "text",
        "text": "तब दाऊद ने हित्ती अहीमेलेक और सरूयाह के पुत्र योआब के भाई अबीशै से कहा, “मेरे साथ उस छावनी में शाऊल के पास कौन चलेगा?” अबीशै ने कहा*, “तेरे साथ मैं चलूँगा।” \n"
      }
    ]
  },
  "7": {
    "verseObjects": [
      {
        "type": "text",
        "text": "अतः दाऊद और अबीशै रातों-रात उन लोगों के पास गए, और क्या देखते हैं, कि शाऊल गाड़ियों की आड़ में पड़ा सो रहा है, और उसका भाला उसके सिरहाने भूमि में गड़ा है; और अब्नेर और योद्धा लोग उसके चारों ओर पड़े हुए हैं।\n"
      }
    ]
  },
  "8": {
    "verseObjects": [
      {
        "type": "text",
        "text": "तब अबीशै ने दाऊद से कहा, “परमेश्‍वर ने आज तेरे शत्रु को तेरे हाथ में कर दिया है; इसलिए अब मैं उसको एक बार ऐसा मारूँ कि भाला उसे बेधता हुआ भूमि में धँस जाए, और मुझ को उसे दूसरी बार मारना न पड़ेगा।” \n"
      },
      {
        "tag": "s5",
        "nextChar": "\n",
        "type": "section"
      }
    ]
  },
  "9": {
    "verseObjects": [
      {
        "type": "text",
        "text": "दाऊद ने अबीशै से कहा, “उसे नष्ट न कर; क्योंकि यहोवा के अभिषिक्त पर हाथ चलाकर कौन निर्दोष ठहर सकता है।” \n"
      }
    ]
  },
  "10": {
    "verseObjects": [
      {
        "type": "text",
        "text": "फिर दाऊद ने कहा, “यहोवा के जीवन की शपथ यहोवा ही उसको मारेगा; या वह अपनी मृत्यु से मरेगा;* या वह लड़ाई में जाकर मर जाएगा।\n"
      },
      {
        "tag": "s5",
        "nextChar": "\n",
        "type": "section"
      }
    ]
  },
  "11": {
    "verseObjects": [
      {
        "type": "text",
        "text": "यहोवा न करे कि मैं अपना हाथ यहोवा के अभिषिक्त पर उठाऊँ; अब उसके सिरहाने से भाला और पानी की सुराही उठा ले, और हम यहाँ से चले जाएँ।” \n"
      }
    ]
  },
  "12": {
    "verseObjects": [
      {
        "type": "text",
        "text": "तब दाऊद ने भाले और पानी की सुराही को शाऊल के सिरहाने से उठा लिया; और वे चले गए। और किसी ने इसे न देखा, और न जाना, और न कोई जागा; क्योंकि वे सब इस कारण सोए हुए थे, कि यहोवा की ओर से उनमें भारी नींद समा गई थी।\n"
      },
      {
        "tag": "s5",
        "nextChar": "\n",
        "type": "section"
      }
    ]
  },
  "13": {
    "verseObjects": [
      {
        "type": "text",
        "text": "तब दाऊद दूसरी ओर जाकर दूर के पहाड़ की चोटी पर खड़ा हुआ, और दोनों के बीच बड़ा अन्तर था;\n"
      }
    ]
  },
  "14": {
    "verseObjects": [
      {
        "type": "text",
        "text": "और दाऊद ने उन लोगों को, और नेर के पुत्र अब्नेर को पुकार के कहा, “हे अब्नेर क्या तू नहीं सुनता?” अब्नेर ने उत्तर देकर कहा, “तू कौन है जो राजा को पुकारता है?” \n"
      },
      {
        "tag": "s5",
        "nextChar": "\n",
        "type": "section"
      }
    ]
  },
  "15": {
    "verseObjects": [
      {
        "type": "text",
        "text": "दाऊद ने अब्नेर से कहा, “क्या तू पुरुष नहीं है? इस्राएल में तेरे तुल्य कौन है? तूने अपने स्वामी राजा की चौकसी क्यों नहीं की? एक जन तो तेरे स्वामी राजा को नष्ट करने घुसा था।\n"
      }
    ]
  },
  "16": {
    "verseObjects": [
      {
        "type": "text",
        "text": "जो काम तूने किया है वह अच्छा नहीं। यहोवा के जीवन की शपथ तुम लोग मारे जाने के योग्य हो, क्योंकि तुम ने अपने स्वामी, यहोवा के अभिषिक्त की चौकसी नहीं की। और अब देख, राजा का भाला और पानी की सुराही जो उसके सिरहाने थी वे कहाँ हैं?” \n"
      },
      {
        "tag": "s5",
        "nextChar": "\n",
        "type": "section"
      }
    ]
  },
  "17": {
    "verseObjects": [
      {
        "type": "text",
        "text": "तब शाऊल ने दाऊद का बोल पहचानकर कहा, “हे मेरे बेटे दाऊद, क्या यह तेरा बोल है?” दाऊद ने कहा, “हाँ, मेरे प्रभु राजा, मेरा ही बोल है।” \n"
      }
    ]
  },
  "18": {
    "verseObjects": [
      {
        "type": "text",
        "text": "फिर उसने कहा, “मेरा प्रभु अपने दास का पीछा क्यों करता है? मैंने क्या किया है? और मुझसे कौन सी बुराई हुई है?\n"
      },
      {
        "tag": "s5",
        "nextChar": "\n",
        "type": "section"
      }
    ]
  },
  "19": {
    "verseObjects": [
      {
        "type": "text",
        "text": "अब मेरा प्रभु राजा, अपने दास की बातें सुन ले। यदि यहोवा ने तुझे मेरे विरुद्ध उकसाया हो*, तब तो वह भेंट ग्रहण करे; परन्तु यदि आदमियों ने ऐसा किया हो, तो वे यहोवा की ओर से श्रापित हों, क्योंकि उन्होंने अब मुझे निकाल दिया कि मैं यहोवा के निज भाग में न रहूँ, और उन्होंने कहा है, ‘जा पराए देवताओं की उपासना कर।’ \n"
      }
    ]
  },
  "20": {
    "verseObjects": [
      {
        "type": "text",
        "text": "इसलिए अब मेरा लहू यहोवा की आँखों की ओट में भूमि पर न बहने पाए; इस्राएल का राजा तो एक पिस्सू ढूँढ़ने आया है, जैसा कि कोई पहाड़ों पर तीतर का अहेर करे।” \n"
      },
      {
        "tag": "s5",
        "nextChar": "\n",
        "type": "section"
      }
    ]
  },
  "21": {
    "verseObjects": [
      {
        "type": "text",
        "text": "शाऊल ने कहा, “मैंने पाप किया है, हे मेरे बेटे दाऊद लौट आ; मेरा प्राण आज के दिन तेरी दृष्टि में अनमोल ठहरा, इस कारण मैं फिर तेरी कुछ हानि न करूँगा; सुन, मैंने मूर्खता की, और मुझसे बड़ी भूल हुई है।” \n"
      },
      {
        "tag": "s5",
        "nextChar": "\n",
        "type": "section"
      }
    ]
  },
  "22": {
    "verseObjects": [
      {
        "type": "text",
        "text": "दाऊद ने उत्तर देकर कहा, “हे राजा, भाले को देख, कोई जवान इधर आकर इसे ले जाए।\n"
      }
    ]
  },
  "23": {
    "verseObjects": [
      {
        "type": "text",
        "text": "यहोवा एक-एक को अपने-अपने धार्मिकता और सच्चाई का फल देगा; देख, आज यहोवा ने तुझको मेरे हाथ में कर दिया था, परन्तु मैंने यहोवा के अभिषिक्त पर अपना हाथ उठाना उचित न समझा।\n"
      },
      {
        "tag": "s5",
        "nextChar": "\n",
        "type": "section"
      }
    ]
  },
  "24": {
    "verseObjects": [
      {
        "type": "text",
        "text": "इसलिए जैसे तेरे प्राण आज मेरी दृष्टि में प्रिय ठहरे, वैसे ही मेरे प्राण भी यहोवा की दृष्टि में प्रिय ठहरे, और वह मुझे समस्त विपत्तियों से छुड़ाए।” \n"
      }
    ]
  },
  "25": {
    "verseObjects": [
      {
        "type": "text",
        "text": "शाऊल ने दाऊद से कहा, “हे मेरे बेटे दाऊद तू धन्य है! तू बड़े-बड़े काम करेगा और तेरे काम सफल होंगे।” तब दाऊद ने अपना मार्ग लिया, और शाऊल भी अपने स्थान को लौट गया।\n\n"
      },
      {
        "tag": "s5",
        "nextChar": "\n",
        "type": "section"
      }
    ]
  },
  "front": {
    "verseObjects": [
      {
        "tag": "s",
        "type": "section",
        "content": "दाऊद का शाऊल के प्राण पुनः छोड़ना\n"
      },
      {
        "tag": "p",
        "nextChar": "\n",
        "type": "paragraph"
      }
    ]
  }
}