{
  "1": {
    "verseObjects": [
      {
        "type": "text",
        "text": "वह बालक शमूएल एली के सामने यहोवा की सेवा टहल करता था। उन दिनों में यहोवा का वचन दुर्लभ था; और दर्शन कम मिलता था।\n"
      }
    ]
  },
  "2": {
    "verseObjects": [
      {
        "type": "text",
        "text": "और उस समय ऐसा हुआ कि (एली की आँखें तो धुँधली होने लगी थीं और उसे न सूझ पड़ता था) जब वह अपने स्थान में लेटा हुआ था,\n"
      }
    ]
  },
  "3": {
    "verseObjects": [
      {
        "type": "text",
        "text": "और परमेश्‍वर का दीपक अब तक बुझा नहीं था, और शमूएल यहोवा के मन्दिर में जहाँ परमेश्‍वर का सन्दूक था, लेटा था;\n"
      }
    ]
  },
  "4": {
    "verseObjects": [
      {
        "type": "text",
        "text": "तब यहोवा ने शमूएल को पुकारा; और उसने कहा, “क्या आज्ञा!”\n"
      },
      {
        "tag": "s5",
        "type": "section",
        "text": "\n"
      }
    ]
  },
  "5": {
    "verseObjects": [
      {
        "type": "text",
        "text": "तब उसने एली के पास दौड़कर कहा, “क्या आज्ञा, तूने तो मुझे पुकारा है।” वह बोला, “मैंने नहीं पुकारा; फिर जा लेटा रह।” तो वह जाकर लेट गया।\n"
      }
    ]
  },
  "6": {
    "verseObjects": [
      {
        "type": "text",
        "text": "तब यहोवा ने फिर पुकार के कहा, “हे शमूएल!” शमूएल उठकर एली के पास गया, और कहा, “क्या आज्ञा, तूने तो मुझे पुकारा है।” उसने कहा, “हे मेरे बेटे, मैंने नहीं पुकारा; फिर जा लेटा रह।”\n"
      },
      {
        "tag": "s5",
        "type": "section",
        "text": "\n"
      }
    ]
  },
  "7": {
    "verseObjects": [
      {
        "type": "text",
        "text": "उस समय तक तो शमूएल यहोवा को नहीं पहचानता था, और न यहोवा का वचन ही उस पर प्रगट हुआ था।\n"
      }
    ]
  },
  "8": {
    "verseObjects": [
      {
        "type": "text",
        "text": "फिर तीसरी बार यहोवा ने शमूएल को पुकारा। और वह उठके एली के पास गया, और कहा, “क्या आज्ञा, तूने तो मुझे पुकारा है।” तब एली ने समझ लिया कि इस बालक को यहोवा ने पुकारा है।\n"
      },
      {
        "tag": "s5",
        "type": "section",
        "text": "\n"
      }
    ]
  },
  "9": {
    "verseObjects": [
      {
        "type": "text",
        "text": "इसलिए एली ने शमूएल से कहा, “जा लेटा रह; और यदि वह तुझे फिर पुकारे, तो तू कहना, ‘हे यहोवा, कह, क्योंकि तेरा दास सुन रहा है।’” तब शमूएल अपने स्थान पर जाकर लेट गया।\n"
      },
      {
        "tag": "s5",
        "type": "section",
        "text": "\n"
      }
    ]
  },
  "10": {
    "verseObjects": [
      {
        "type": "text",
        "text": "तब यहोवा आ खड़ा हुआ*, और पहले के समान पुकारा, “शमूएल! शमूएल!” शमूएल ने कहा, “कह, क्योंकि तेरा दास सुन रहा है।”\n"
      }
    ]
  },
  "11": {
    "verseObjects": [
      {
        "type": "text",
        "text": "यहोवा ने शमूएल से कहा, “सुन, मैं इस्राएल में एक ऐसा काम करने पर हूँ, जिससे सब सुननेवालों पर बड़ा सन्‍नाटा छा जाएगा।\n"
      },
      {
        "tag": "s5",
        "type": "section",
        "text": "\n"
      }
    ]
  },
  "12": {
    "verseObjects": [
      {
        "type": "text",
        "text": "उस दिन मैं एली के विरुद्ध वह सब कुछ पूरा करूँगा जो मैंने उसके घराने के विषय में कहा, उसे आरम्भ से अन्त तक पूरा करूँगा।\n"
      }
    ]
  },
  "13": {
    "verseObjects": [
      {
        "type": "text",
        "text": "क्योंकि मैं तो उसको यह कहकर जता चुका हूँ, कि मैं उस अधर्म का दण्ड जिसे वह जानता है सदा के लिये उसके घर का न्याय करूँगा, क्योंकि उसके पुत्र आप श्रापित हुए हैं, और उसने उन्हें नहीं रोका।\n"
      }
    ]
  },
  "14": {
    "verseObjects": [
      {
        "type": "text",
        "text": "इस कारण मैंने *एली के घराने के विषय यह शपथ खाई, कि एली के घराने के अधर्म का प्रायश्चित* न तो मेलबलि से कभी होगा, और न अन्नबलि से।”\n"
      },
      {
        "tag": "s5",
        "type": "section",
        "text": "\n"
      }
    ]
  },
  "15": {
    "verseObjects": [
      {
        "type": "text",
        "text": "और शमूएल भोर तक लेटा रहा; तब उसने यहोवा के भवन के किवाड़ों को खोला। और शमूएल एली को उस दर्शन की बातें बताने से डरा।\n"
      }
    ]
  },
  "16": {
    "verseObjects": [
      {
        "type": "text",
        "text": "तब एली ने शमूएल को पुकारकर कहा, “हे मेरे बेटे, शमूएल।” वह बोला, “क्या आज्ञा।”\n"
      },
      {
        "tag": "s5",
        "type": "section",
        "text": "\n"
      }
    ]
  },
  "17": {
    "verseObjects": [
      {
        "type": "text",
        "text": "तब उसने पूछा, “वह कौन सी बात है जो यहोवा ने तुझ से कही है? उसे मुझसे न छिपा। जो कुछ उसने तुझ से कहा हो यदि तू उसमें से कुछ भी मुझसे छिपाए, तो परमेश्‍वर तुझ से वैसा ही वरन् उससे भी अधिक करे।”\n"
      }
    ]
  },
  "18": {
    "verseObjects": [
      {
        "type": "text",
        "text": "तब शमूएल ने उसको रत्ती-रत्ती बातें कह सुनाईं, और कुछ भी न छिपा रखा। वह बोला, “वह तो यहोवा है; जो कुछ वह भला जाने वही करे।”\n"
      },
      {
        "tag": "s5",
        "type": "section",
        "text": "\n"
      }
    ]
  },
  "19": {
    "verseObjects": [
      {
        "type": "text",
        "text": "और शमूएल बड़ा होता गया, और यहोवा उसके संग रहा, और उसने उसकी कोई भी बात निष्फल होने नहीं दी।\n"
      }
    ]
  },
  "20": {
    "verseObjects": [
      {
        "type": "text",
        "text": "और दान से बेर्शेबा तक के रहनेवाले सारे इस्राएलियों ने जान लिया कि शमूएल यहोवा का नबी होने के लिये नियुक्त किया गया है। (प्रेरि. 13:20)\n"
      }
    ]
  },
  "21": {
    "verseObjects": [
      {
        "type": "text",
        "text": "और यहोवा ने शीलो में फिर दर्शन दिया, क्योंकि यहोवा ने अपने आप को शीलो में शमूएल पर अपने वचन के द्वारा प्रगट किया।\n\n"
      },
      {
        "tag": "s5",
        "type": "section",
        "text": "\n"
      }
    ]
  },
  "front": {
    "verseObjects": [
      {
        "tag": "ms",
        "content": "शमूएल की प्रथम भविष्यद्वाणी\n"
      },
      {
        "tag": "p",
        "type": "paragraph",
        "text": "\n"
      }
    ]
  }
}