{
  "1": {
    "verseObjects": [
      {
        "type": "text",
        "text": "तीसरे दिन जब दाऊद अपने जनों समेत सिकलग पहुँचा, तब उन्होंने क्या देखा, कि अमालेकियों ने दक्षिण देश और सिकलग पर चढ़ाई की। और सिकलग को मार के फूँक दिया,\n"
      }
    ]
  },
  "2": {
    "verseObjects": [
      {
        "type": "text",
        "text": "और उसमें की स्त्री आदि छोटे बड़े जितने थे, सब को बन्दी बनाकर ले गए; उन्होंने किसी को मार तो नहीं डाला, परन्तु सभी को लेकर अपना मार्ग लिया।\n"
      },
      {
        "tag": "s5",
        "type": "section",
        "text": "\n"
      }
    ]
  },
  "3": {
    "verseObjects": [
      {
        "type": "text",
        "text": "इसलिए जब दाऊद अपने जनों समेत उस नगर में पहुँचा, तब नगर तो जला पड़ा था, और स्त्रियाँ और बेटे-बेटियाँ बँधुआई में चली गई थीं।\n"
      }
    ]
  },
  "4": {
    "verseObjects": [
      {
        "type": "text",
        "text": "तब दाऊद और वे लोग जो उसके साथ थे चिल्लाकर इतना रोए, कि फिर उनमें रोने की शक्ति न रही।\n"
      },
      {
        "tag": "s5",
        "type": "section",
        "text": "\n"
      }
    ]
  },
  "5": {
    "verseObjects": [
      {
        "type": "text",
        "text": "दाऊद की दोनों स्त्रियाँ, यिज्रेली अहीनोअम, और कर्मेली नाबाल की स्त्री अबीगैल, बन्दी बना ली गई थीं।\n"
      }
    ]
  },
  "6": {
    "verseObjects": [
      {
        "type": "text",
        "text": "और दाऊद बड़े संकट में पड़ा; क्योंकि लोग अपने बेटे-बेटियों के कारण बहुत शोकित होकर उस पर पथरवाह करने की चर्चा कर रहे थे। परन्तु दाऊद ने अपने परमेश्‍वर यहोवा को स्मरण करके हियाव बाँधा।\n"
      },
      {
        "tag": "s5",
        "type": "section",
        "text": "\n"
      }
    ]
  },
  "7": {
    "verseObjects": [
      {
        "type": "text",
        "text": "तब दाऊद ने अहीमेलेक के पुत्र एब्यातार* याजक से कहा, “एपोद को मेरे पास ला।” तब एब्यातार एपोद को दाऊद के पास ले आया।\n"
      }
    ]
  },
  "8": {
    "verseObjects": [
      {
        "type": "text",
        "text": "और दाऊद ने यहोवा से पूछा, “क्या मैं इस दल का पीछा करूँ? क्या उसको जा पकड़ूँगा?” उसने उससे कहा, “पीछा कर; क्योंकि तू निश्चय उसको पकड़ेगा, और निःसन्देह सब कुछ छुड़ा लाएगा;” \n"
      },
      {
        "tag": "s5",
        "type": "section",
        "text": "\n"
      }
    ]
  },
  "9": {
    "verseObjects": [
      {
        "type": "text",
        "text": "तब दाऊद अपने छः सौ साथी जनों को लेकर बसोर नामक नदी तक पहुँचा; वहाँ कुछ लोग छोड़े जाकर रह गए।\n"
      }
    ]
  },
  "10": {
    "verseObjects": [
      {
        "type": "text",
        "text": "दाऊद तो चार सौ पुरुषों समेत पीछा किए चला गया; परन्तु दो सौ जो ऐसे थक गए थे, कि बसोर नदी के पार न जा सके वहीं रहे।\n"
      },
      {
        "tag": "s5",
        "type": "section",
        "text": "\n"
      }
    ]
  },
  "11": {
    "verseObjects": [
      {
        "type": "text",
        "text": "उनको एक मिस्री पुरुष मैदान में मिला, उन्होंने उसे दाऊद के पास ले जाकर रोटी दी; और उसने उसे खाया, तब उसे पानी पिलाया,\n"
      }
    ]
  },
  "12": {
    "verseObjects": [
      {
        "type": "text",
        "text": "फिर उन्होंने उसको अंजीर की टिकिया का एक टुकड़ा और दो गुच्छे किशमिश दिए। और जब उसने खाया, तब उसके जी में जी आया; उसने तीन दिन और तीन रात से न तो रोटी खाई थी और न पानी पिया था।\n"
      },
      {
        "tag": "s5",
        "type": "section",
        "text": "\n"
      }
    ]
  },
  "13": {
    "verseObjects": [
      {
        "type": "text",
        "text": "तब दाऊद ने उससे पूछा, “तू किस का जन है? और कहाँ का है?” उसने कहा, “मैं तो मिस्री जवान और एक अमालेकी मनुष्य का दास हूँ; और तीन दिन हुए कि मैं बीमार पड़ा, और मेरा स्वामी मुझे छोड़ गया।\n"
      }
    ]
  },
  "14": {
    "verseObjects": [
      {
        "type": "text",
        "text": "हम लोगों ने करेतियों की दक्षिण दिशा में, और यहूदा के देश में, और कालेब की दक्षिण दिशा में चढ़ाई की; और सिकलग को आग लगाकर फूँक दिया था।” \n"
      },
      {
        "tag": "s5",
        "type": "section",
        "text": "\n"
      }
    ]
  },
  "15": {
    "verseObjects": [
      {
        "type": "text",
        "text": "दाऊद ने उससे पूछा, “क्या तू मुझे उस दल के पास पहुँचा देगा?” उसने कहा, “मुझसे परमेश्‍वर की यह शपथ खा, कि तू मुझे न तो प्राण से मारेगा, और न मेरे स्वामी के हाथ कर देगा, तब मैं तुझे उस दल के पास पहुँचा दूँगा।” \n"
      },
      {
        "tag": "s5",
        "type": "section",
        "text": "\n"
      }
    ]
  },
  "16": {
    "verseObjects": [
      {
        "type": "text",
        "text": "जब उसने उसे पहुँचाया, तब देखने में आया कि वे सब भूमि पर छिटके हुए खाते पीते, और उस बड़ी लूट के कारण, जो वे पलिश्तियों के देश और यहूदा देश से लाए थे, नाच रहे हैं।\n"
      }
    ]
  },
  "17": {
    "verseObjects": [
      {
        "type": "text",
        "text": "इसलिए दाऊद उन्हें रात के पहले पहर से लेकर दूसरे दिन की सांझ तक मारता रहा; यहाँ तक कि चार सौ जवानों को छोड़, जो ऊँटों पर चढ़कर भाग गए, उनमें से एक भी मनुष्य न बचा।\n"
      },
      {
        "tag": "s5",
        "type": "section",
        "text": "\n"
      }
    ]
  },
  "18": {
    "verseObjects": [
      {
        "type": "text",
        "text": "और जो कुछ अमालेकी ले गए थे वह सब दाऊद ने छुड़ाया; और दाऊद ने अपनी दोनों स्त्रियों को भी छुड़ा लिया।\n"
      }
    ]
  },
  "19": {
    "verseObjects": [
      {
        "type": "text",
        "text": "वरन् उनके क्या छोटे, क्या बडे़, क्या बेटे, क्या बेटियाँ, क्या लूट का माल, सब कुछ जो अमालेकी ले गए थे, उसमें से कोई वस्तु न रही जो उनको न मिली हो; क्योंकि दाऊद सब का सब लौटा लाया।\n"
      }
    ]
  },
  "20": {
    "verseObjects": [
      {
        "type": "text",
        "text": "और दाऊद ने सब भेड़-बकरियाँ, और गाय-बैल भी लूट लिए; और इन्हें लोग यह कहते हुए अपने जानवरों के आगे हाँकते गए, कि यह दाऊद की लूट है।\n"
      },
      {
        "tag": "s5",
        "type": "section",
        "text": "\n"
      }
    ]
  },
  "21": {
    "verseObjects": [
      {
        "type": "text",
        "text": "तब दाऊद उन दो सौ पुरुषों के पास आया, जो ऐसे थक गए थे कि दाऊद के पीछे-पीछे न जा सके थे, और बसोर नाले के पास छोड़ दिए गए थे; और वे दाऊद से और उसके संग के लोगों से मिलने को चले; और दाऊद ने उनके पास पहुँचकर उनका कुशल क्षेम पूछा।\n"
      }
    ]
  },
  "22": {
    "verseObjects": [
      {
        "type": "text",
        "text": "तब उन लोगों में से जो दाऊद के संग गए थे सब दुष्ट और ओछे लोगों ने कहा, “ये लोग हमारे साथ नहीं चले थे, इस कारण हम उन्हें अपने छुड़ाए हुए लूट के माल में से कुछ न देंगे, केवल एक-एक मनुष्य को उसकी स्त्री और बाल-बच्चे देंगे, कि वे उन्हें लेकर चले जाएँ।” \n"
      },
      {
        "tag": "s5",
        "type": "section",
        "text": "\n"
      }
    ]
  },
  "23": {
    "verseObjects": [
      {
        "type": "text",
        "text": "परन्तु दाऊद ने कहा, “हे मेरे भाइयों, तुम उस माल के साथ ऐसा न करने पाओगे जिसे यहोवा ने हमें दिया है; और उसने हमारी रक्षा की, और उस दल को जिस ने हमारे ऊपर चढ़ाई की थी हमारे हाथ में कर दिया है।\n"
      }
    ]
  },
  "24": {
    "verseObjects": [
      {
        "type": "text",
        "text": "और इस विषय में तुम्हारी कौन सुनेगा? लड़ाई में जानेवाले का जैसा भाग हो, सामान के पास बैठे हुए का भी वैसा ही भाग होगा; दोनों एक ही समान भाग पाएँगे।” \n"
      }
    ]
  },
  "25": {
    "verseObjects": [
      {
        "type": "text",
        "text": "और दाऊद ने इस्राएलियों के लिये ऐसी ही विधि और नियम ठहराया, और वह उस दिन से लेकर आगे को वरन् आज लों बना है।\n"
      },
      {
        "tag": "s5",
        "type": "section",
        "text": "\n"
      }
    ]
  },
  "26": {
    "verseObjects": [
      {
        "type": "text",
        "text": "सिकलग में पहुँचकर दाऊद ने यहूदी पुरनियों के पास जो उसके मित्र थे लूट के माल में से कुछ-कुछ भेजा, और यह सन्देश भेजा, “यहोवा के शत्रुओं से ली हुई लूट में से तुम्हारे लिये यह भेंट है।” \n"
      }
    ]
  },
  "27": {
    "verseObjects": [
      {
        "type": "text",
        "text": "अर्थात् बेतेल के दक्षिण देश के रामोत, यत्तीर,\n"
      }
    ]
  },
  "28": {
    "verseObjects": [
      {
        "type": "text",
        "text": "अरोएर, सिपमोत, एश्तमो,\n"
      },
      {
        "tag": "s5",
        "type": "section",
        "text": "\n"
      }
    ]
  },
  "29": {
    "verseObjects": [
      {
        "type": "text",
        "text": "राकाल, यरहमेलियों के नगरों, केनियों के नगरों,\n"
      }
    ]
  },
  "30": {
    "verseObjects": [
      {
        "type": "text",
        "text": "होर्मा, कोराशान, अताक,\n"
      }
    ]
  },
  "31": {
    "verseObjects": [
      {
        "type": "text",
        "text": "हेब्रोन* आदि जितने स्थानों में दाऊद अपने जनों समेत फिरा करता था, उन सब के पुरनियों के पास उसने कुछ-कुछ भेजा।\n\n"
      },
      {
        "tag": "s5",
        "type": "section",
        "text": "\n"
      }
    ]
  },
  "front": {
    "verseObjects": [
      {
        "tag": "ms",
        "content": "दाऊद और अमालेकियों के संग संघर्ष\n"
      },
      {
        "tag": "p",
        "type": "paragraph",
        "text": "\n"
      }
    ]
  }
}