{
  "1": {
    "verseObjects": [
      {
        "type": "text",
        "text": "पलिश्ती तो इस्राएलियों से लड़े; और इस्राएली पुरुष पलिश्तियों के सामने से भागे, और गिलबो नाम पहाड़ पर मारे गए।\n"
      }
    ]
  },
  "2": {
    "verseObjects": [
      {
        "type": "text",
        "text": "और पलिश्ती शाऊल और उसके पुत्रों के पीछे लगे रहे; और पलिश्तियों ने शाऊल के पुत्र योनातान, अबीनादाब, और मल्‍कीशूअ को मार डाला।\n"
      }
    ]
  },
  "3": {
    "verseObjects": [
      {
        "type": "text",
        "text": "शाऊल के साथ घमासान युद्ध हो रहा था, और धनुर्धारियों ने उसे पा लिया, और वह उनके कारण अत्यन्त व्याकुल हो गया।\n"
      },
      {
        "tag": "s5",
        "type": "section",
        "text": "\n"
      }
    ]
  },
  "4": {
    "verseObjects": [
      {
        "type": "text",
        "text": "तब शाऊल ने अपने हथियार ढोनेवाले से कहा, “अपनी तलवार खींचकर मुझे भोंक दे, ऐसा न हो कि वे खतनारहित लोग आकर मुझे भोंक दें, और मेरा ठट्टा करें।” परन्तु उसके हथियार ढोनेवाले ने अत्यन्त भय खाकर ऐसा करने से इन्कार किया। तब शाऊल अपनी तलवार खड़ी करके उस पर गिर पड़ा।\n"
      }
    ]
  },
  "5": {
    "verseObjects": [
      {
        "type": "text",
        "text": "यह देखकर कि शाऊल मर गया, उसका हथियार ढोनेवाला भी अपनी तलवार पर आप गिरकर उसके साथ मर गया।\n"
      }
    ]
  },
  "6": {
    "verseObjects": [
      {
        "type": "text",
        "text": "अतः शाऊल, और उसके तीनों पुत्र, और उसका हथियार ढोनेवाला, और उसके समस्त जन उसी दिन एक संग मर गए।\n"
      },
      {
        "tag": "s5",
        "type": "section",
        "text": "\n"
      }
    ]
  },
  "7": {
    "verseObjects": [
      {
        "type": "text",
        "text": "यह देखकर कि इस्राएली पुरुष भाग गए, और शाऊल और उसके पुत्र मर गए, उस तराई की दूसरी ओर वाले और यरदन के पार रहनेवाले भी इस्राएली मनुष्य अपने-अपने नगरों को छोड़कर भाग गए; और पलिश्ती आकर उनमें रहने लगे।\n"
      }
    ]
  },
  "8": {
    "verseObjects": [
      {
        "type": "text",
        "text": "दूसरे दिन जब पलिश्ती मारे हुओं के माल को लूटने आए, तब उनको शाऊल और उसके तीनों पुत्र गिलबो पहाड़ पर पड़े हुए मिले।\n"
      },
      {
        "tag": "s5",
        "type": "section",
        "text": "\n"
      }
    ]
  },
  "9": {
    "verseObjects": [
      {
        "type": "text",
        "text": "तब उन्होंने शाऊल का सिर काटा, और हथियार लूट लिए, और पलिश्तियों के देश के सब स्थानों में दूतों को इसलिए भेजा, कि उनके देवालयों और साधारण लोगों में यह शुभ समाचार देते जाएँ।\n"
      }
    ]
  },
  "10": {
    "verseObjects": [
      {
        "type": "text",
        "text": "तब उन्होंने उसके हथियार तो अश्तोरेत नामक देवियों के मन्दिर में रखे, और उसके शव को बेतशान की शहरपनाह में जड़ दिया।\n"
      },
      {
        "tag": "s5",
        "type": "section",
        "text": "\n"
      }
    ]
  },
  "11": {
    "verseObjects": [
      {
        "type": "text",
        "text": "जब गिलादवाले याबेश के निवासियों ने सुना कि पलिश्तियों ने शाऊल से क्या-क्या किया है,\n"
      }
    ]
  },
  "12": {
    "verseObjects": [
      {
        "type": "text",
        "text": "तब सब शूरवीर चले, और रातों-रात जाकर शाऊल और उसके पुत्रों के शव बेतशान की शहरपनाह पर से याबेश में ले आए, और वहीं फूँक दिए*\n"
      }
    ]
  },
  "13": {
    "verseObjects": [
      {
        "type": "text",
        "text": "तब उन्होंने उनकी हड्डियां लेकर याबेश के झाऊ के पेड़ के नीचे गाड़ दीं, और सात दिन तक उपवास किया*।"
      }
    ]
  },
  "front": {
    "verseObjects": [
      {
        "tag": "ms",
        "content": "शाऊल और उसके पुत्रों की मृत्यु\n"
      },
      {
        "tag": "p",
        "type": "paragraph",
        "text": "\n"
      }
    ]
  }
}