{
  "1": {
    "verseObjects": [
      {
        "type": "text",
        "text": "और शमूएल का वचन सारे इस्राएल के पास पहुँचा। और इस्राएली पलिश्तियों से युद्ध करने को निकले; और उन्होंने तो एबेनेजेर के आस-पास छावनी डाली, और पलिश्तियों ने अपेक में छावनी डाली।\n"
      }
    ]
  },
  "2": {
    "verseObjects": [
      {
        "type": "text",
        "text": "तब पलिश्तियों ने इस्राएल के विरुद्ध पाँति बाँधी, और जब घमासान युद्ध होने लगा तब इस्राएली पलिश्तियों से हार गए, और उन्होंने कोई चार हजार इस्राएली सेना के पुरुषों को मैदान में मार ही डाला।\n"
      },
      {
        "tag": "s5",
        "nextChar": "\n",
        "type": "section"
      }
    ]
  },
  "3": {
    "verseObjects": [
      {
        "type": "text",
        "text": "जब वे लोग छावनी में लौट आए, तब इस्राएल के वृद्ध लोग कहने लगे, “यहोवा ने आज हमें पलिश्तियों से क्यों हरवा दिया है? आओ*, हम यहोवा की वाचा का सन्दूक शीलो से माँग ले आएँ, कि वह हमारे बीच में आकर हमें शत्रुओं के हाथ से बचाए।” \n"
      }
    ]
  },
  "4": {
    "verseObjects": [
      {
        "type": "text",
        "text": "तब उन लोगों ने शीलो में भेजकर वहाँ से करूबों के ऊपर विराजनेवाले सेनाओं के यहोवा की वाचा का सन्दूक मँगा लिया; और परमेश्‍वर की वाचा के सन्दूक के साथ एली के दोनों पुत्र, होप्नी और पीनहास भी वहाँ थे।\n"
      },
      {
        "tag": "s5",
        "nextChar": "\n",
        "type": "section"
      }
    ]
  },
  "5": {
    "verseObjects": [
      {
        "type": "text",
        "text": "जब यहोवा की वाचा का सन्दूक छावनी में पहुँचा, तब सारे इस्राएली इतने बल से ललकार उठे, कि भूमि गूँज उठी।\n"
      }
    ]
  },
  "6": {
    "verseObjects": [
      {
        "type": "text",
        "text": "इस ललकार का शब्द सुनकर पलिश्तियों ने पूछा, “इब्रियों* की छावनी में ऐसी बड़ी ललकार का क्या कारण है?” तब उन्होंने जान लिया, कि यहोवा का सन्दूक छावनी में आया है।\n"
      },
      {
        "tag": "s5",
        "nextChar": "\n",
        "type": "section"
      }
    ]
  },
  "7": {
    "verseObjects": [
      {
        "type": "text",
        "text": "तब पलिश्ती डरकर कहने लगे, “उस छावनी में परमेश्‍वर आ गया है।” फिर उन्होंने कहा, “हाय! हम पर ऐसी बात पहले नहीं हुई थी।\n"
      }
    ]
  },
  "8": {
    "verseObjects": [
      {
        "type": "text",
        "text": "हाय! ऐसे महाप्रतापी देवताओं के हाथ से हमको कौन बचाएगा? ये तो वे ही देवता हैं जिन्होंने मिस्रियों पर जंगल में सब प्रकार की विपत्तियाँ डाली थीं।\n"
      }
    ]
  },
  "9": {
    "verseObjects": [
      {
        "type": "text",
        "text": "हे पलिश्तियों, तुम हियाव बाँधो, और पुरुषार्थ जगाओ, कहीं ऐसा न हो कि जैसे इब्री तुम्हारे अधीन हो गए वैसे तुम भी उनके अधीन हो जाओ; पुरुषार्थ करके संग्राम करो।” \n"
      },
      {
        "tag": "s5",
        "nextChar": "\n",
        "type": "section"
      }
    ]
  },
  "10": {
    "verseObjects": [
      {
        "type": "text",
        "text": "तब पलिश्ती लड़ाई के मैदान में टूट पड़े, और इस्राएली हारकर अपने-अपने डेरे को भागने लगे; और ऐसा अत्यन्त संहार हुआ, कि तीस हजार इस्राएली पैदल खेत आए।\n"
      }
    ]
  },
  "11": {
    "verseObjects": [
      {
        "type": "text",
        "text": "और परमेश्‍वर का सन्दूक छीन लिया गया; और एली के दोनों पुत्र, होप्नी और पीनहास, भी मारे गए।\n"
      },
      {
        "tag": "s",
        "type": "section",
        "content": "एली की मृत्यु\n"
      },
      {
        "tag": "p",
        "nextChar": "\n",
        "type": "paragraph"
      },
      {
        "tag": "s5",
        "nextChar": "\n",
        "type": "section"
      }
    ]
  },
  "12": {
    "verseObjects": [
      {
        "type": "text",
        "text": "तब उसी दिन एक बिन्यामीनी मनुष्य सेना में से दौड़कर अपने वस्त्र फाड़े और सिर पर मिट्टी डाले हुए शीलो पहुँचा।\n"
      }
    ]
  },
  "13": {
    "verseObjects": [
      {
        "type": "text",
        "text": "वह जब पहुँचा उस समय एली, जिसका मन परमेश्‍वर के सन्दूक की चिन्ता से थरथरा रहा था, वह मार्ग के किनारे कुर्सी पर बैठा बाट जोह रहा था। और जैसे ही उस मनुष्य ने नगर में पहुँचकर वह समाचार दिया वैसे ही सारा नगर चिल्ला उठा।\n"
      },
      {
        "tag": "s5",
        "nextChar": "\n",
        "type": "section"
      }
    ]
  },
  "14": {
    "verseObjects": [
      {
        "type": "text",
        "text": "चिल्लाने का शब्द सुनकर एली ने पूछा, “ऐसे हुल्लड़ और हाहाकार मचने का क्या कारण है?” और उस मनुष्य ने झट जाकर एली को पूरा हाल सुनाया।\n"
      }
    ]
  },
  "15": {
    "verseObjects": [
      {
        "type": "text",
        "text": "एली तो अठानवे वर्ष का था, और उसकी आँखें धुंधली पड़ गई थीं, और उसे कुछ सूझता न था।\n"
      },
      {
        "tag": "s5",
        "nextChar": "\n",
        "type": "section"
      }
    ]
  },
  "16": {
    "verseObjects": [
      {
        "type": "text",
        "text": "उस मनुष्य ने एली से कहा, “मैं वही हूँ जो सेना में से आया हूँ; और मैं सेना से आज ही भाग कर आया हूँ।” वह बोला, “हे मेरे बेटे, क्या समाचार है?” \n"
      }
    ]
  },
  "17": {
    "verseObjects": [
      {
        "type": "text",
        "text": "उस समाचार देनेवाले ने उत्तर दिया, “इस्राएली पलिश्तियों के सामने से भाग गए हैं, और लोगों का बड़ा भयानक संहार भी हुआ है, और तेरे दोनों पुत्र होप्नी और पीनहास भी मारे गए, और परमेश्‍वर का सन्दूक भी छीन लिया गया है।” \n"
      },
      {
        "tag": "s5",
        "nextChar": "\n",
        "type": "section"
      }
    ]
  },
  "18": {
    "verseObjects": [
      {
        "type": "text",
        "text": "जैसे ही उसने परमेश्‍वर के सन्दूक का नाम लिया वैसे ही एली फाटक के पास कुर्सी पर से पछाड़ खाकर गिर पड़ा; और बूढ़ा और भारी होने के कारण उसकी गर्दन टूट गई, और वह मर गया। उसने तो इस्राएलियों का न्याय चालीस वर्ष तक किया था।\n"
      },
      {
        "tag": "s",
        "type": "section",
        "content": "ईकाबोद\n"
      },
      {
        "tag": "p",
        "nextChar": "\n",
        "type": "paragraph"
      },
      {
        "tag": "s5",
        "nextChar": "\n",
        "type": "section"
      }
    ]
  },
  "19": {
    "verseObjects": [
      {
        "type": "text",
        "text": "उसकी बहू पीनहास की स्त्री गर्भवती थी, और उसका समय समीप था। और जब उसने परमेश्‍वर के सन्दूक के छीन लिए जाने, और अपने ससुर और पति के मरने का समाचार सुना, तब उसको जच्चा का दर्द उठा, और वह दुहर गई, और उसके एक पुत्र उत्‍पन्‍न हुआ।\n"
      }
    ]
  },
  "20": {
    "verseObjects": [
      {
        "type": "text",
        "text": "उसके मरते-मरते उन स्त्रियों ने जो उसके आस-पास खड़ी थीं उससे कहा, “मत डर, क्योंकि तेरे पुत्र उत्‍पन्‍न हुआ है।” परन्तु उसने कुछ उत्तर न दिया, और न कुछ ध्यान दिया।\n"
      },
      {
        "tag": "s5",
        "nextChar": "\n",
        "type": "section"
      }
    ]
  },
  "21": {
    "verseObjects": [
      {
        "type": "text",
        "text": "और परमेश्‍वर के सन्दूक के छीन लिए जाने और अपने ससुर और पति के कारण उसने यह कहकर उस बालक का नाम ईकाबोद रखा, “इस्राएल में से महिमा उठ गई!” \n"
      }
    ]
  },
  "22": {
    "verseObjects": [
      {
        "type": "text",
        "text": "फिर उसने कहा, “इस्राएल में से महिमा उठ गई है, क्योंकि परमेश्‍वर का सन्दूक छीन लिया गया है।” \n\n"
      },
      {
        "tag": "s5",
        "nextChar": "\n",
        "type": "section"
      }
    ]
  },
  "front": {
    "verseObjects": [
      {
        "tag": "s",
        "type": "section",
        "content": "पवित्र सन्दूक की बँधुआई और लौटाया जाना\n"
      },
      {
        "tag": "p",
        "nextChar": "\n",
        "type": "paragraph"
      }
    ]
  }
}