{
  "1": {
    "verseObjects": [
      {
        "type": "text",
        "text": "पलिश्तियों ने परमेश्‍वर का सन्दूक एबेनेजेर से उठाकर अश्दोद में पहुँचा दिया;\n"
      }
    ]
  },
  "2": {
    "verseObjects": [
      {
        "type": "text",
        "text": "फिर पलिश्तियों ने परमेश्‍वर के सन्दूक को उठाकर दागोन के मन्दिर में पहुँचाकर दागोन के पास रख दिया*।\n"
      }
    ]
  },
  "3": {
    "verseObjects": [
      {
        "type": "text",
        "text": "दूसरे दिन अश्दोदियों ने तड़के उठकर क्या देखा, कि दागोन यहोवा के सन्दूक के सामने औंधे मुँह भूमि पर गिरा पड़ा है। तब उन्होंने दागोन को उठाकर उसी के स्थान पर फिर खड़ा किया।\n"
      },
      {
        "tag": "s5",
        "type": "section",
        "text": "\n"
      }
    ]
  },
  "4": {
    "verseObjects": [
      {
        "type": "text",
        "text": "फिर अगले दिन जब वे तड़के उठे, तब क्या देखा, कि दागोन यहोवा के सन्दूक के सामने औंधे मुँह भूमि पर गिरा पड़ा है; और दागोन का सिर और दोनों हथेलियाँ डेवढ़ी पर कटी हुई पड़ी हैं; इस प्रकार दागोन का केवल धड़ समूचा रह गया।\n"
      }
    ]
  },
  "5": {
    "verseObjects": [
      {
        "type": "text",
        "text": "इस कारण आज के दिन तक भी दागोन के पुजारी और जितने दागोन के मन्दिर में जाते हैं, वे अश्दोद में दागोन की डेवढ़ी पर पाँव नहीं रखते।\n"
      },
      {
        "tag": "s5",
        "type": "section",
        "text": "\n"
      }
    ]
  },
  "6": {
    "verseObjects": [
      {
        "type": "text",
        "text": "तब यहोवा का हाथ अश्दोदियों के ऊपर भारी पड़ा, और वह उन्हें नाश करने लगा; और उसने अश्दोद और उसके आस-पास के लोगों के गिलटियाँ निकालीं।\n"
      }
    ]
  },
  "7": {
    "verseObjects": [
      {
        "type": "text",
        "text": "यह हाल देखकर अश्दोद के लोगों ने कहा, “इस्राएल के देवता का सन्दूक हमारे मध्य रहने नहीं पाएगा; क्योंकि उसका हाथ हम पर और हमारे देवता दागोन पर कठोरता के साथ पड़ा है।” \n"
      },
      {
        "tag": "s5",
        "type": "section",
        "text": "\n"
      }
    ]
  },
  "8": {
    "verseObjects": [
      {
        "type": "text",
        "text": "तब उन्होंने पलिश्तियों के सब सरदारों को बुलवा भेजा, और उनसे पूछा, “हम इस्राएल के देवता के सन्दूक से क्या करें*?” वे बोले, “इस्राएल के देवता का सन्दूक घुमाकर गत नगर में पहुँचाया जाए।” अतः: उन्होंने इस्राएल के परमेश्‍वर के सन्दूक को घुमाकर गत में पहुँचा दिया।\n"
      }
    ]
  },
  "9": {
    "verseObjects": [
      {
        "type": "text",
        "text": "जब वे उसको घुमाकर वहाँ पहुँचे, तो यूँ हुआ कि यहोवा का हाथ उस नगर के विरुद्ध ऐसा उठा कि उसमें अत्यन्त बड़ी हलचल मच गई; और उसने छोटे से बड़े तक उस नगर के सब लोगों को मारा, और उनके गिलटियाँ निकलने लगीं।\n"
      },
      {
        "tag": "s5",
        "type": "section",
        "text": "\n"
      }
    ]
  },
  "10": {
    "verseObjects": [
      {
        "type": "text",
        "text": "तब उन्होंने परमेश्‍वर का सन्दूक एक्रोन को भेजा और जैसे ही परमेश्‍वर का सन्दूक एक्रोन में पहुँचा वैसे ही एक्रोनी यह कहकर चिल्लाने लगे, “इस्राएल के देवता का सन्दूक घुमाकर हमारे पास इसलिए पहुँचाया गया है, कि हम और हमारे लोगों को मरवा डालें।” \n"
      },
      {
        "tag": "s5",
        "type": "section",
        "text": "\n"
      }
    ]
  },
  "11": {
    "verseObjects": [
      {
        "type": "text",
        "text": "तब उन्होंने पलिश्तियों के सब सरदारों को इकट्ठा किया, और उनसे कहा, “इस्राएल के देवता के सन्दूक को निकाल दो, कि वह अपने स्थान पर लौट जाए, और हमको और हमारे लोगों को मार डालने न पाए।” उस समस्त नगर में तो मृत्यु के भय की हलचल मच रही थी, और परमेश्‍वर का हाथ वहाँ बहुत भारी पड़ा था।\n"
      }
    ]
  },
  "12": {
    "verseObjects": [
      {
        "type": "text",
        "text": "और जो मनुष्य न मरे वे भी गिलटियों के मारे पड़े रहे; और नगर की चिल्लाहट आकाश तक पहुँची।\n\n"
      },
      {
        "tag": "s5",
        "type": "section",
        "text": "\n"
      }
    ]
  },
  "front": {
    "verseObjects": [
      {
        "tag": "ms",
        "content": "पलिश्ती और वाचा का सन्दूक\n"
      },
      {
        "tag": "p",
        "type": "paragraph",
        "text": "\n"
      }
    ]
  }
}