{
  "1": {
    "verseObjects": [
      {
        "type": "text",
        "text": "जब शमूएल बूढ़ा हुआ, तब उसने अपने पुत्रों को इस्राएलियों पर न्यायी ठहराया।\n"
      }
    ]
  },
  "2": {
    "verseObjects": [
      {
        "type": "text",
        "text": "उसके जेठे पुत्र का नाम योएल, और दूसरे का नाम अबिय्याह था; ये बेर्शेबा में न्याय करते थे।\n"
      }
    ]
  },
  "3": {
    "verseObjects": [
      {
        "type": "text",
        "text": "परन्तु उसके पुत्र उसकी राह पर न चले, अर्थात् लालच में आकर घूस लेते और न्याय बिगाड़ते थे।\n"
      },
      {
        "tag": "s5",
        "nextChar": "\n",
        "type": "section"
      }
    ]
  },
  "4": {
    "verseObjects": [
      {
        "type": "text",
        "text": "तब सब इस्राएली वृद्ध लोग इकट्ठे होकर रामाह में शमूएल के पास जाकर\n"
      }
    ]
  },
  "5": {
    "verseObjects": [
      {
        "type": "text",
        "text": "उससे कहने लगे, “सुन, तू तो अब बूढ़ा हो गया, और तेरे पुत्र तेरी राह पर नहीं चलते; अब हम पर न्याय करने के लिये सब जातियों की रीति के अनुसार हमारे लिये एक राजा नियुक्त कर दे।” (प्रेरि. 13:21)\n"
      },
      {
        "tag": "s5",
        "nextChar": "\n",
        "type": "section"
      }
    ]
  },
  "6": {
    "verseObjects": [
      {
        "type": "text",
        "text": "परन्तु जो बात उन्होंने कही, ‘हम पर न्याय करने के लिये हमारे ऊपर राजा नियुक्त कर दे,’ यह बात शमूएल को बुरी लगी। और शमूएल ने यहोवा से प्रार्थना की।\n"
      }
    ]
  },
  "7": {
    "verseObjects": [
      {
        "type": "text",
        "text": "और यहोवा ने शमूएल से कहा, “वे लोग जो कुछ तुझ से कहें उसे मान ले; क्योंकि उन्होंने तुझको नहीं* परन्तु मुझी को निकम्मा जाना है, कि मैं उनका राजा न रहूँ।\n"
      },
      {
        "tag": "s5",
        "nextChar": "\n",
        "type": "section"
      }
    ]
  },
  "8": {
    "verseObjects": [
      {
        "type": "text",
        "text": "जैसे-जैसे काम वे उस दिन से, जब से मैं उन्हें मिस्र से निकाल लाया, आज के दिन तक करते आए हैं, कि मुझ को त्याग कर पराए, देवताओं की उपासना करते आए हैं, वैसे ही वे तुझ से भी करते हैं।\n"
      }
    ]
  },
  "9": {
    "verseObjects": [
      {
        "type": "text",
        "text": "इसलिए अब तू उनकी बात मान; तो भी तू गम्भीरता से उनको भली भाँति समझा दे, और उनको बता भी दे कि जो राजा उन पर राज्य करेगा उसका व्यवहार किस प्रकार होगा।” \n"
      },
      {
        "tag": "s5",
        "nextChar": "\n",
        "type": "section"
      }
    ]
  },
  "10": {
    "verseObjects": [
      {
        "type": "text",
        "text": "शमूएल ने उन लोगों को जो उससे राजा चाहते थे यहोवा की सब बातें कह सुनाईं।\n"
      }
    ]
  },
  "11": {
    "verseObjects": [
      {
        "type": "text",
        "text": "उसने कहा, “जो राजा तुम पर राज्य करेगा उसकी यह चाल होगी, अर्थात् वह तुम्हारे पुत्रों को लेकर अपने रथों और घोड़ों के काम पर नौकर रखेगा, और वे उसके रथों के आगे-आगे दौड़ा करेंगे;\n"
      }
    ]
  },
  "12": {
    "verseObjects": [
      {
        "type": "text",
        "text": "फिर वह उनको हजार-हजार और पचास-पचास के ऊपर प्रधान बनाएगा, और कितनों से वह अपने हल जुतवाएगा, और अपने खेत कटवाएगा, और अपने लिये युद्ध के हथियार और रथों के साज बनवाएगा।\n"
      },
      {
        "tag": "s5",
        "nextChar": "\n",
        "type": "section"
      }
    ]
  },
  "13": {
    "verseObjects": [
      {
        "type": "text",
        "text": "फिर वह तुम्हारी बेटियों को लेकर उनसे सुगन्ध-द्रव्य और रसोई और रोटियाँ बनवाएगा।\n"
      }
    ]
  },
  "14": {
    "verseObjects": [
      {
        "type": "text",
        "text": "फिर वह तुम्हारे खेतों और दाख और जैतून की बारियों में से जो अच्छी से अच्छी होंगी उन्हें ले लेकर अपने कर्मचारियों को देगा।\n"
      }
    ]
  },
  "15": {
    "verseObjects": [
      {
        "type": "text",
        "text": "फिर वह तुम्हारे बीज और दाख की बारियों का दसवाँ अंश ले लेकर अपने हाकिमों और कर्मचारियों को देगा।\n"
      },
      {
        "tag": "s5",
        "nextChar": "\n",
        "type": "section"
      }
    ]
  },
  "16": {
    "verseObjects": [
      {
        "type": "text",
        "text": "फिर वह तुम्हारे दास-दासियों को, और तुम्हारे अच्छे से अच्छे जवानों को, और तुम्हारे गदहों को भी लेकर अपने काम में लगाएगा।\n"
      }
    ]
  },
  "17": {
    "verseObjects": [
      {
        "type": "text",
        "text": "वह तुम्हारी भेड़-बकरियों का भी दसवाँ अंश लेगा; इस प्रकार तुम लोग उसके दास बन जाओगे।\n"
      }
    ]
  },
  "18": {
    "verseObjects": [
      {
        "type": "text",
        "text": "और उस दिन तुम अपने उस चुने हुए राजा के कारण दुहाई दोगे, परन्तु यहोवा उस समय तुम्हारी न सुनेगा।” \n"
      },
      {
        "tag": "s5",
        "nextChar": "\n",
        "type": "section"
      }
    ]
  },
  "19": {
    "verseObjects": [
      {
        "type": "text",
        "text": "तो भी उन लोगों ने शमूएल की बात न सुनी; और कहने लगे, “नहीं! हम निश्चय अपने लिये राजा चाहते हैं, (प्रेरि. 13:21)\n"
      }
    ]
  },
  "20": {
    "verseObjects": [
      {
        "type": "text",
        "text": "जिससे हम भी और सब जातियों के समान हो जाएँ, और हमारा राजा हमारा न्याय करे, और हमारे आगे-आगे चलकर हमारी ओर से युद्ध किया करे।” \n"
      },
      {
        "tag": "s5",
        "nextChar": "\n",
        "type": "section"
      }
    ]
  },
  "21": {
    "verseObjects": [
      {
        "type": "text",
        "text": "लोगों की ये सब बातें सुनकर शमूएल ने यहोवा के कानों तक पहुँचाया।\n"
      }
    ]
  },
  "22": {
    "verseObjects": [
      {
        "type": "text",
        "text": "यहोवा ने शमूएल से कहा, “उनकी बात मानकर* उनके लिये राजा ठहरा दे।” तब शमूएल ने इस्राएली मनुष्यों से कहा, “तुम अब अपने-अपने नगर को चले जाओ।” \n\n"
      },
      {
        "tag": "s5",
        "nextChar": "\n",
        "type": "section"
      }
    ]
  },
  "front": {
    "verseObjects": [
      {
        "tag": "s",
        "type": "section",
        "content": "शाऊल को राजपद का मिलना\n"
      },
      {
        "tag": "p",
        "nextChar": "\n",
        "type": "paragraph"
      }
    ]
  }
}