{
  "1": {
    "verseObjects": [
      {
        "type": "text",
        "text": "बिन्यामीन के गोत्र में कीश नाम का एक पुरुष था, जो अपीह के पुत्र बकोरत का परपोता, और सरोर का पोता, और अबीएल का पुत्र था; वह एक बिन्यामीनी पुरुष का पुत्र और बड़ा शक्तिशाली सूरमा था।\n"
      }
    ]
  },
  "2": {
    "verseObjects": [
      {
        "type": "text",
        "text": "उसके शाऊल नामक एक जवान पुत्र था, जो सुन्दर था, और इस्राएलियों में कोई उससे बढ़कर सुन्दर न था; वह इतना लम्बा था कि दूसरे लोग उसके कंधे ही तक आते थे।\n"
      },
      {
        "tag": "s5",
        "nextChar": "\n",
        "type": "section"
      }
    ]
  },
  "3": {
    "verseObjects": [
      {
        "type": "text",
        "text": "जब शाऊल के पिता कीश की गदहियाँ खो गईं, तब कीश ने अपने पुत्र शाऊल से कहा, “एक सेवक को अपने साथ ले जा और गदहियों को ढूँढ़ ला।” \n"
      }
    ]
  },
  "4": {
    "verseObjects": [
      {
        "type": "text",
        "text": "तब वह एप्रैम के पहाड़ी देश और शलीशा देश होते हुए गया, परन्तु उन्हें न पाया। तब वे शालीम नामक देश भी होकर गए, और वहाँ भी न पाया। फिर बिन्यामीन के देश में गए, परन्तु गदहियाँ न मिलीं।\n"
      },
      {
        "tag": "s5",
        "nextChar": "\n",
        "type": "section"
      }
    ]
  },
  "5": {
    "verseObjects": [
      {
        "type": "text",
        "text": "जब वे सूफ नामक देश में आए, तब शाऊल ने अपने साथ के सेवक से कहा, “आ, हम लौट चलें, ऐसा न हो कि मेरा पिता गदहियों की चिन्ता छोड़कर हमारी चिन्ता करने लगे।” \n"
      }
    ]
  },
  "6": {
    "verseObjects": [
      {
        "type": "text",
        "text": "उसने उससे कहा, “सुन, इस नगर में परमेश्‍वर का एक जन है जिसका बड़ा आदरमान होता है; और जो कुछ वह कहता है वह बिना पूरा हुए नहीं रहता। अब हम उधर चलें, सम्भव है वह हमको हमारा मार्ग बताए कि किधर जाएँ।” \n"
      },
      {
        "tag": "s5",
        "nextChar": "\n",
        "type": "section"
      }
    ]
  },
  "7": {
    "verseObjects": [
      {
        "type": "text",
        "text": "शाऊल ने अपने सेवक से कहा, “सुन, यदि हम उस पुरुष के पास चलें तो उसके लिये क्या ले चलें? देख, हमारी थैलियों में की रोटी चुक गई है और भेंट के योग्य कोई वस्तु है ही नहीं, जो हम परमेश्‍वर के उस जन को दें। हमारे पास क्या है?” \n"
      }
    ]
  },
  "8": {
    "verseObjects": [
      {
        "type": "text",
        "text": "सेवक ने फिर शाऊल से कहा, “मेरे पास तो एक शेकेल चाँदी की चौथाई है, वही मैं परमेश्‍वर के जन को दूँगा, कि वह हमको बताए कि किधर जाएँ।” \n"
      },
      {
        "tag": "s5",
        "nextChar": "\n",
        "type": "section"
      }
    ]
  },
  "9": {
    "verseObjects": [
      {
        "type": "text",
        "text": "(पूर्वकाल में तो इस्राएल में जब कोई परमेश्‍वर से प्रश्न करने जाता तब ऐसा कहता था, “चलो, हम दर्शी के पास चलें;” क्योंकि जो आजकल नबी कहलाता है वह पूर्वकाल में दर्शी कहलाता था।)\n"
      }
    ]
  },
  "10": {
    "verseObjects": [
      {
        "type": "text",
        "text": "तब शाऊल ने अपने सेवक से कहा, “तूने भला कहा है; हम चलें।” अतः वे उस नगर को चले जहाँ परमेश्‍वर का जन था।\n"
      }
    ]
  },
  "11": {
    "verseObjects": [
      {
        "type": "text",
        "text": "उस नगर की चढ़ाई पर चढ़ते समय उन्हें कई एक लड़कियाँ मिलीं जो पानी भरने को निकली थीं; उन्होंने उनसे पूछा, “क्या दर्शी यहाँ है?” \n"
      },
      {
        "tag": "s5",
        "nextChar": "\n",
        "type": "section"
      }
    ]
  },
  "12": {
    "verseObjects": [
      {
        "type": "text",
        "text": "उन्होंने उत्तर दिया, “है; देखो, वह तुम्हारे आगे है। अब फुर्ती करो; आज ऊँचे स्थान पर लोगों का यज्ञ है, इसलिए वह आज नगर में आया हुआ है।\n"
      }
    ]
  },
  "13": {
    "verseObjects": [
      {
        "type": "text",
        "text": "जैसे ही तुम नगर में पहुँचो वैसे ही वह तुम को ऊँचे स्थान पर खाना* खाने को जाने से पहले मिलेगा; क्योंकि जब तक वह न पहुँचे तब तक लोग भोजन न करेंगे, इसलिए कि यज्ञ के विषय में वही धन्यवाद करता; तब उसके बाद ही आमंत्रित लोग भोजन करते हैं। इसलिए तुम अभी चढ़ जाओ, इसी समय वह तुम्हें मिलेगा।” \n"
      },
      {
        "tag": "s5",
        "nextChar": "\n",
        "type": "section"
      }
    ]
  },
  "14": {
    "verseObjects": [
      {
        "type": "text",
        "text": "वे नगर में चढ़ गए और जैसे ही नगर के भीतर पहुँचे वैसे ही शमूएल ऊँचे स्थान पर चढ़ने के विचार से उनके सामने आ रहा था।।\n"
      },
      {
        "tag": "s5",
        "nextChar": "\n",
        "type": "section"
      }
    ]
  },
  "15": {
    "verseObjects": [
      {
        "type": "text",
        "text": "शाऊल के आने से एक दिन पहले यहोवा ने शमूएल को यह चिता रखा था,\n"
      }
    ]
  },
  "16": {
    "verseObjects": [
      {
        "type": "text",
        "text": "“कल इसी समय मैं तेरे पास बिन्यामीन के क्षेत्र से एक पुरुष को भेजूँगा, उसी को तू मेरी इस्राएली प्रजा के ऊपर प्रधान होने के लिये अभिषेक करना। और वह मेरी प्रजा को पलिश्तियों के हाथ से छुड़ाएगा; क्योंकि मैंने अपनी प्रजा पर कृपादृष्‍टि की है, इसलिए कि उनकी चिल्लाहट मेरे पास पहुँची है।” \n"
      },
      {
        "tag": "s5",
        "nextChar": "\n",
        "type": "section"
      }
    ]
  },
  "17": {
    "verseObjects": [
      {
        "type": "text",
        "text": "फिर जब शमूएल को शाऊल दिखाई पड़ा, तब यहोवा ने उससे कहा, “जिस पुरुष की चर्चा मैंने तुझ से की थी वह यही है; मेरी प्रजा पर यही अधिकार करेगा।” \n"
      }
    ]
  },
  "18": {
    "verseObjects": [
      {
        "type": "text",
        "text": "तब शाऊल फाटक में शमूएल के निकट जाकर कहने लगा, “मुझे बता कि दर्शी का घर कहाँ है?” \n"
      }
    ]
  },
  "19": {
    "verseObjects": [
      {
        "type": "text",
        "text": "उसने कहा, “दर्शी तो मैं हूँ; मेरे आगे-आगे ऊँचे स्थान पर चढ़ जा, क्योंकि आज के दिन तुम मेरे साथ भोजन खाओगे, और सवेरे को जो कुछ तेरे मन में हो सब कुछ मैं तुझे बताकर विदा करूँगा।\n"
      },
      {
        "tag": "s5",
        "nextChar": "\n",
        "type": "section"
      }
    ]
  },
  "20": {
    "verseObjects": [
      {
        "type": "text",
        "text": "और तेरी गदहियाँ जो तीन दिन हुए खो गई थीं उनकी कुछ भी चिन्ता न कर, क्योंकि वे मिल गई है। और इस्राएल में जो कुछ मनभाऊ है वह किस का है? क्या वह तेरा और तेरे पिता के सारे घराने का नहीं है?” \n"
      }
    ]
  },
  "21": {
    "verseObjects": [
      {
        "type": "text",
        "text": "शाऊल ने उत्तर देकर कहा, “*क्या मैं बिन्यामीनी, अर्थात् सब इस्राएली गोत्रों में से छोटे गोत्र का नहीं हूँ? और क्या मेरा कुल बिन्यामीन के गोत्र के सारे कुलों में से छोटा नहीं है? इसलिए तू मुझसे ऐसी बातें क्यों कहता है?” \n"
      },
      {
        "tag": "s5",
        "nextChar": "\n",
        "type": "section"
      }
    ]
  },
  "22": {
    "verseObjects": [
      {
        "type": "text",
        "text": "तब शमूएल ने शाऊल और उसके सेवक को कोठरी* में पहुँचाकर आमंत्रित लोग, जो लगभग तीस जन थे, उनके साथ मुख्य स्थान पर बैठा दिया।\n"
      },
      {
        "tag": "s5",
        "nextChar": "\n",
        "type": "section"
      }
    ]
  },
  "23": {
    "verseObjects": [
      {
        "type": "text",
        "text": "फिर शमूएल ने रसोइये से कहा, “जो टुकड़ा मैंने तुझे देकर, अपने पास रख छोड़ने को कहा था, उसे ले आ।” \n"
      }
    ]
  },
  "24": {
    "verseObjects": [
      {
        "type": "text",
        "text": "तो रसोइये ने जाँघ को माँस समेत उठाकर शाऊल के आगे धर दिया; तब शमूएल ने कहा, “जो रखा गया था उसे देख, और अपने सामने रख के खा; क्योंकि वह तेरे लिये इसी नियत समय तक, जिसकी चर्चा करके मैंने लोगों को न्योता दिया, रखा हुआ है।” और शाऊल ने उस दिन शमूएल के साथ भोजन किया।\n"
      },
      {
        "tag": "s5",
        "nextChar": "\n",
        "type": "section"
      }
    ]
  },
  "25": {
    "verseObjects": [
      {
        "type": "text",
        "text": "तब वे ऊँचे स्थान से उतरकर नगर में आए, और उसने घर की छत पर शाऊल से बातें की।\n"
      },
      {
        "tag": "s",
        "type": "section",
        "content": "राजा के रूप में शाऊल का अभिषेक\n"
      },
      {
        "tag": "p",
        "nextChar": "\n",
        "type": "paragraph"
      }
    ]
  },
  "26": {
    "verseObjects": [
      {
        "type": "text",
        "text": "सवेरे वे तड़के उठे, और पौ फटते शमूएल ने शाऊल को छत पर बुलाकर कहा, “उठ, मैं तुझको विदा करूँगा।” तब शाऊल उठा, और वह और शमूएल दोनों बाहर निकल गए।\n"
      },
      {
        "tag": "s5",
        "nextChar": "\n",
        "type": "section"
      }
    ]
  },
  "27": {
    "verseObjects": [
      {
        "type": "text",
        "text": "और नगर के सिरे की उतराई पर चलते-चलते शमूएल ने शाऊल से कहा, “अपने सेवक को हम से आगे बढ़ने की आज्ञा दे, (वह आगे बढ़ गया,) परन्तु तू अभी खड़ा रह कि मैं तुझे परमेश्‍वर का वचन सुनाऊँ।” \n\n"
      },
      {
        "tag": "s5",
        "nextChar": "\n",
        "type": "section"
      }
    ]
  },
  "front": {
    "verseObjects": [
      {
        "tag": "ms",
        "content": "शाऊल का राजा के रूप में नियुक्त करना\n"
      },
      {
        "tag": "p",
        "nextChar": "\n",
        "type": "paragraph"
      }
    ]
  }
}