{
  "1": {
    "verseObjects": [
      {
        "type": "text",
        "text": "People have even told us that there is someone in your church who is living in sexual immorality, a kind of immorality that even the unbelievers do not allow. A man has a sexual relationship with his father's wife! \n"
      }
    ]
  },
  "2": {
    "verseObjects": [
      {
        "type": "text",
        "text": "And you, you remain arrogant! Rather you should have wept over this sin, and should have expelled this man from your congregation.\n\n"
      },
      {
        "tag": "s5",
        "type": "section",
        "text": " \n"
      }
    ]
  },
  "3": {
    "verseObjects": [
      {
        "type": "text",
        "text": "I am not with you physically, but I am very concerned for you all, and I am with you in my spirit. And I have already judged the one who did this, just as if I were with you. \n"
      }
    ]
  },
  "4": {
    "verseObjects": [
      {
        "type": "text",
        "text": "When you gather together for worship under the authority of the Lord Jesus—and I am worshiping with you in spirit— \n"
      }
    ]
  },
  "5": {
    "verseObjects": [
      {
        "type": "text",
        "text": "you should turn this man over to Satan out into the world, so that his physical body might be destroyed, so that God may save his spirit on the day of the Lord's return.\n\n"
      },
      {
        "tag": "s5",
        "type": "section",
        "text": "\n"
      },
      {
        "tag": "p",
        "type": "paragraph",
        "text": " \n"
      }
    ]
  },
  "6": {
    "verseObjects": [
      {
        "type": "text",
        "text": "It is not good that you are praising yourselves. Surely you know that evil is like yeast: A little yeast makes the whole loaf rise. \n"
      }
    ]
  },
  "7": {
    "verseObjects": [
      {
        "type": "text",
        "text": "Sin is like that yeast. You must clean out the old yeast and throw it away so that it cannot infect the whole batch of dough. You are like an unleavened batch of dough. As in the Passover Festival, the yeast must be kept away from the bread. For the Messiah is our Passover lamb: He became the sacrifice for us. \n"
      }
    ]
  },
  "8": {
    "verseObjects": [
      {
        "type": "text",
        "text": "So let us celebrate the Passover Festival, and let us follow all the rules of purification. We must throw out the old yeast, which stands for disobedience and wickedness, and we must celebrate the festival by obeying God and speaking truth to each other. If we do that, we will be like the bread that has no yeast.\n\n"
      },
      {
        "tag": "s5",
        "type": "section",
        "text": "\n"
      },
      {
        "tag": "p",
        "type": "paragraph",
        "text": " \n"
      }
    ]
  },
  "9": {
    "verseObjects": [
      {
        "type": "text",
        "text": "I wrote to you, that you must not keep company with sexually immoral people. \n"
      }
    ]
  },
  "10": {
    "verseObjects": [
      {
        "type": "text",
        "text": "Of course, I did not mean that you should not associate with unbelievers who are immoral, or who selfishly desire many things, or who trick and cheat to take from others, or who worship idols. You would have to leave this world to avoid all people like that.\n"
      },
      {
        "tag": "s5",
        "type": "section",
        "text": " \n"
      }
    ]
  },
  "11": {
    "verseObjects": [
      {
        "type": "text",
        "text": "Instead, I mean that you are not to be close friends with a fellow believer who is living in sexual immorality. We must include other sins, such as greed, or idolatry, or one who is abusive in the way he talks to others, or a drunkard, or a swindler. You must not even eat with these people who claim to trust in the Messiah, yet they do these terrible things. \n"
      }
    ]
  },
  "12": {
    "verseObjects": [
      {
        "type": "text",
        "text": "For I have no obligation to judge those who are outside the church of the Messiah. Your duty is to judge those who are in it. \n"
      }
    ]
  },
  "13": {
    "verseObjects": [
      {
        "type": "text",
        "text": "God is the one who will judge those who are outside the church. The scriptures command us,\n"
      },
      {
        "tag": "q",
        "type": "quote",
        "text": "\"You must take away the evil person who is among you!\"\n"
      },
      {
        "type": "text",
        "text": "\n"
      },
      {
        "tag": "s5",
        "type": "section",
        "text": "\n"
      }
    ]
  },
  "front": {
    "verseObjects": [
      {
        "tag": "p",
        "type": "paragraph",
        "text": " \n"
      }
    ]
  }
}