{
  "1": {
    "verseObjects": [
      {
        "type": "text",
        "text": "The whole community of the Israelites journeyed from the wilderness of Sin, following Yahweh's instructions. They camped at Rephidim, but there was no water for the people to drink.\n"
      }
    ]
  },
  "2": {
    "verseObjects": [
      {
        "type": "text",
        "text": "So the people blamed Moses for their situation and said, \"Give us water to drink.\" Moses said, \"Why do you quarrel with me? Why do you test Yahweh?\"\n"
      }
    ]
  },
  "3": {
    "verseObjects": [
      {
        "type": "text",
        "text": "The people were very thirsty, and they complained against Moses. They said, \"Why have you brought us up out of Egypt? To kill us and our children and our cattle with thirst?\"\n\n"
      },
      {
        "tag": "s5",
        "nextChar": "\n",
        "type": "section"
      }
    ]
  },
  "4": {
    "verseObjects": [
      {
        "type": "text",
        "text": "Then Moses cried out to Yahweh, \"What should I do with this people? They are almost ready to stone me.\"\n"
      }
    ]
  },
  "5": {
    "verseObjects": [
      {
        "type": "text",
        "text": "Yahweh said to Moses, \"Go on ahead of the people, and take with you some elders of Israel. Take with you the staff with which you struck the river, and go.\n"
      }
    ]
  },
  "6": {
    "verseObjects": [
      {
        "type": "text",
        "text": "I will stand before you there on the rock at Horeb, and you will strike the rock. Water will come out of it for the people to drink.\" Then Moses did so in the sight of the elders of Israel.\n"
      }
    ]
  },
  "7": {
    "verseObjects": [
      {
        "type": "text",
        "text": "He called that place Massah and Meribah because of the Israelites' complaining, and because they had tested the Lord by saying, \"Is Yahweh among us or not?\"\n\n"
      },
      {
        "tag": "s5",
        "nextChar": "\n",
        "type": "section"
      },
      {
        "tag": "p",
        "nextChar": "\n",
        "type": "paragraph"
      }
    ]
  },
  "8": {
    "verseObjects": [
      {
        "type": "text",
        "text": "Then an army of the Amalek people came and attacked Israel at Rephidim.\n"
      }
    ]
  },
  "9": {
    "verseObjects": [
      {
        "type": "text",
        "text": "So Moses said to Joshua, \"Choose some men and go out. Fight with Amalek. Tomorrow I will stand on top of the hill with the staff of God in my hand.\"\n"
      }
    ]
  },
  "10": {
    "verseObjects": [
      {
        "type": "text",
        "text": "So Joshua fought Amalek as Moses had instructed, while Moses, Aaron, and Hur went up to the top of the hill.\n\n"
      },
      {
        "tag": "s5",
        "nextChar": "\n",
        "type": "section"
      }
    ]
  },
  "11": {
    "verseObjects": [
      {
        "type": "text",
        "text": "While Moses was holding his hands up, Israel was winning; when he let his hands rest, Amalek would begin to win.\n"
      }
    ]
  },
  "12": {
    "verseObjects": [
      {
        "type": "text",
        "text": "When Moses' hands became heavy, Aaron and Hur took a stone and put it under him for him to sit on. At the same time, Aaron and Hur held his hands up, one person on one side of him, and the other person on the other side. So Moses' hands were held steady until the sun went down.\n"
      }
    ]
  },
  "13": {
    "verseObjects": [
      {
        "type": "text",
        "text": "So Joshua defeated the people of Amalek with the sword.\n\n"
      },
      {
        "tag": "s5",
        "nextChar": "\n",
        "type": "section"
      }
    ]
  },
  "14": {
    "verseObjects": [
      {
        "type": "text",
        "text": "Yahweh said to Moses, \"Write this in a book and read it in Joshua's hearing, because I will completely blot out the memory of Amalek from under the skies.\"\n"
      }
    ]
  },
  "15": {
    "verseObjects": [
      {
        "type": "text",
        "text": "Then Moses built an altar and he called it \"Yahweh is my banner.\"\n"
      }
    ]
  },
  "16": {
    "verseObjects": [
      {
        "type": "text",
        "text": "He said, \"For a hand was lifted up to the throne of Yahweh—that Yahweh will wage war with Amalek from generation to generation.\"\n\n\n"
      },
      {
        "tag": "s5",
        "nextChar": "\n",
        "type": "section"
      }
    ]
  },
  "front": {
    "verseObjects": [
      {
        "tag": "p",
        "nextChar": "\n",
        "type": "paragraph"
      }
    ]
  }
}