{
  "1": {
    "verseObjects": [
      {
        "type": "text",
        "text": "God spoke all these words:\n"
      }
    ]
  },
  "2": {
    "verseObjects": [
      {
        "type": "text",
        "text": "\"I am Yahweh your God, who brought you out of the land of Egypt, out of the house of slavery.\n"
      }
    ]
  },
  "3": {
    "verseObjects": [
      {
        "type": "text",
        "text": "You must have no other gods before me.\n\n"
      },
      {
        "tag": "s5",
        "type": "section",
        "text": "\n"
      },
      {
        "tag": "p",
        "type": "paragraph",
        "text": "\n"
      }
    ]
  },
  "4": {
    "verseObjects": [
      {
        "type": "text",
        "text": "You must not make for yourself a carved figure nor the likeness of anything that is in heaven above, or that is in the earth beneath, or that is in the water below.\n"
      }
    ]
  },
  "5": {
    "verseObjects": [
      {
        "type": "text",
        "text": "You must not bow down to them or worship them, for I, Yahweh your God, am a jealous God. I punish the ancestors' wickedness by bringing punishment on the descendants, to the third and the fourth generation of those who hate me.\n"
      }
    ]
  },
  "6": {
    "verseObjects": [
      {
        "type": "text",
        "text": "But I show covenant faithfulness to thousands of those who love me and keep my commandments.\n\n"
      },
      {
        "tag": "s5",
        "type": "section",
        "text": "\n"
      },
      {
        "tag": "p",
        "type": "paragraph",
        "text": "\n"
      }
    ]
  },
  "7": {
    "verseObjects": [
      {
        "type": "text",
        "text": "You must not take the name of Yahweh your God, in vain, for I will not hold guiltless anyone who takes my name in vain.\n\n"
      },
      {
        "tag": "s5",
        "type": "section",
        "text": "\n"
      },
      {
        "tag": "p",
        "type": "paragraph",
        "text": "\n"
      }
    ]
  },
  "8": {
    "verseObjects": [
      {
        "type": "text",
        "text": "Remember the Sabbath day, to set it apart to me.\n"
      }
    ]
  },
  "9": {
    "verseObjects": [
      {
        "type": "text",
        "text": "You must labor and do all your work for six days.\n"
      }
    ]
  },
  "10": {
    "verseObjects": [
      {
        "type": "text",
        "text": "But the seventh day is a Sabbath for Yahweh your God. On it you must not do any work, you, or your son, or your daughter, or your male servant, or your female servant, or your cattle, or the foreigner who is within your gates.\n"
      }
    ]
  },
  "11": {
    "verseObjects": [
      {
        "type": "text",
        "text": "For in six days Yahweh made the heavens and earth, the sea, and everything that is in them, and rested on the seventh day. Therefore Yahweh blessed the Sabbath day and set it apart.\n\n"
      },
      {
        "tag": "s5",
        "type": "section",
        "text": "\n"
      },
      {
        "tag": "p",
        "type": "paragraph",
        "text": "\n"
      }
    ]
  },
  "12": {
    "verseObjects": [
      {
        "type": "text",
        "text": "Honor your father and your mother, so that you may live a long time in the land that Yahweh your God is giving you.\n"
      },
      {
        "tag": "p",
        "type": "paragraph",
        "text": "\n"
      }
    ]
  },
  "13": {
    "verseObjects": [
      {
        "type": "text",
        "text": "You must not murder anyone.\n"
      },
      {
        "tag": "p",
        "type": "paragraph",
        "text": "\n"
      }
    ]
  },
  "14": {
    "verseObjects": [
      {
        "type": "text",
        "text": "You must not commit adultery.\n\n"
      },
      {
        "tag": "s5",
        "type": "section",
        "text": "\n"
      },
      {
        "tag": "p",
        "type": "paragraph",
        "text": "\n"
      }
    ]
  },
  "15": {
    "verseObjects": [
      {
        "type": "text",
        "text": "You must not steal from anyone.\n"
      },
      {
        "tag": "p",
        "type": "paragraph",
        "text": "\n"
      }
    ]
  },
  "16": {
    "verseObjects": [
      {
        "type": "text",
        "text": "You must not give false testimony against your neighbor.\n"
      },
      {
        "tag": "p",
        "type": "paragraph",
        "text": "\n"
      }
    ]
  },
  "17": {
    "verseObjects": [
      {
        "type": "text",
        "text": "You must not covet your neighbor's house; you must not covet your neighbor's wife, his male servant, his female servant, his ox, his donkey, or anything that belongs to your neighbor.\"\n\n"
      },
      {
        "tag": "s5",
        "type": "section",
        "text": "\n"
      },
      {
        "tag": "p",
        "type": "paragraph",
        "text": "\n"
      }
    ]
  },
  "18": {
    "verseObjects": [
      {
        "type": "text",
        "text": "All the people saw the thundering and the lightning, and heard the voice of the trumpet, and saw the mountain smoking. When the people saw it, they trembled and stood far off.\n"
      }
    ]
  },
  "19": {
    "verseObjects": [
      {
        "type": "text",
        "text": "They said to Moses, \"Speak to us, and we will listen; but do not let God speak to us, or we will die.\"\n"
      }
    ]
  },
  "20": {
    "verseObjects": [
      {
        "type": "text",
        "text": "Moses said to the people, \"Do not be afraid, for God has come to test you so that the honor of him may be in you, and so that you do not sin.\"\n"
      }
    ]
  },
  "21": {
    "verseObjects": [
      {
        "type": "text",
        "text": "So the people stood far off, and Moses approached the thick darkness where God was.\n\n"
      },
      {
        "tag": "s5",
        "type": "section",
        "text": "\n"
      },
      {
        "tag": "p",
        "type": "paragraph",
        "text": "\n"
      }
    ]
  },
  "22": {
    "verseObjects": [
      {
        "type": "text",
        "text": "Yahweh said to Moses, \"This is what you must tell the Israelites: 'You yourselves have seen that I have talked with you from heaven.\n"
      }
    ]
  },
  "23": {
    "verseObjects": [
      {
        "type": "text",
        "text": "You will not make for yourselves other gods alongside me, gods of silver or gods of gold.\n\n"
      },
      {
        "tag": "s5",
        "type": "section",
        "text": "\n"
      }
    ]
  },
  "24": {
    "verseObjects": [
      {
        "type": "text",
        "text": "You must make an earthen altar for me, and you must sacrifice on it your burnt offerings, fellowship offerings, sheep, and oxen. In every place where I cause my name to be honored, I will come to you and bless you.\n"
      }
    ]
  },
  "25": {
    "verseObjects": [
      {
        "type": "text",
        "text": "If you make me an altar of stone, you must not build it of cut stones, for if you use your tools on it, you will have defiled it.\n"
      }
    ]
  },
  "26": {
    "verseObjects": [
      {
        "type": "text",
        "text": "You must not go up to my altar on steps, so that your nakedness is not exposed.'\"\n\n\n"
      },
      {
        "tag": "s5",
        "type": "section",
        "text": "\n"
      }
    ]
  },
  "front": {
    "verseObjects": [
      {
        "tag": "p",
        "type": "paragraph",
        "text": "\n"
      }
    ]
  }
}