{
  "1": {
    "verseObjects": [
      {
        "type": "text",
        "text": "Jehoshaphat slept with his ancestors and was buried with them in the city of David; Jehoram, his son, became king in his place.\n"
      }
    ]
  },
  "2": {
    "verseObjects": [
      {
        "type": "text",
        "text": "Jehoram had brothers, sons of Jehoshaphat: Azariah, Jehiel, Zechariah, Azariahu, Michael, and Shephatiah. All these were sons of Jehoshaphat, king of Israel.\n"
      }
    ]
  },
  "3": {
    "verseObjects": [
      {
        "type": "text",
        "text": "Their father had given them large gifts of silver, gold, and other precious things, and also fortified cities in Judah, but he gave the kingdom to Jehoram.\n\n"
      },
      {
        "tag": "s5",
        "type": "section",
        "text": "\n"
      }
    ]
  },
  "4": {
    "verseObjects": [
      {
        "type": "text",
        "text": "Now when Jehoram had risen up over his father's kingdom and had firmly established himself as king, he killed all his brothers with the sword, and also various other leaders of Israel.\n"
      }
    ]
  },
  "5": {
    "verseObjects": [
      {
        "type": "text",
        "text": "Jehoram was thirty-two years old when he began to reign, and he reigned for eight years in Jerusalem.\n\n"
      },
      {
        "tag": "s5",
        "type": "section",
        "text": "\n"
      }
    ]
  },
  "6": {
    "verseObjects": [
      {
        "type": "text",
        "text": "He walked in the ways of the kings of Israel, as the house of Ahab was doing, for he had Ahab's daughter as his wife, and he did what was evil in the sight of Yahweh.\n"
      }
    ]
  },
  "7": {
    "verseObjects": [
      {
        "type": "text",
        "text": "However, Yahweh did not wish to destroy the house of David, because of the covenant that he had made with David; he had promised that he would always give life to him and his descendants.\n\n"
      },
      {
        "tag": "s5",
        "type": "section",
        "text": "\n"
      },
      {
        "tag": "p",
        "type": "paragraph",
        "text": "\n"
      }
    ]
  },
  "8": {
    "verseObjects": [
      {
        "type": "text",
        "text": "In Jehoram's days, Edom revolted from the control of Judah, and they set a king over themselves.\n"
      }
    ]
  },
  "9": {
    "verseObjects": [
      {
        "type": "text",
        "text": "Then Jehoram crossed over with his commanders and all his chariots. It was night when he rose up and fought against the Edomites who had surrounded him and his chariot commanders.\n"
      }
    ]
  },
  "10": {
    "verseObjects": [
      {
        "type": "text",
        "text": "So Edom has been in rebellion from the control of Judah to this present day. Libnah also revolted at the same time from his control, because Jehoram had forsaken Yahweh, the God of his ancestors.\n\n"
      },
      {
        "tag": "s5",
        "type": "section",
        "text": "\n"
      },
      {
        "tag": "p",
        "type": "paragraph",
        "text": "\n"
      }
    ]
  },
  "11": {
    "verseObjects": [
      {
        "type": "text",
        "text": "In addition, Jehoram had also built high places in the mountains of Judah and he made the inhabitants of Jerusalem to live like prostitutes, and he led Judah astray.\n\n"
      },
      {
        "tag": "s5",
        "type": "section",
        "text": "\n"
      }
    ]
  },
  "12": {
    "verseObjects": [
      {
        "type": "text",
        "text": "A letter from the prophet Elijah came to Jehoram. It said, \"This is what Yahweh, the God of David, your ancestor, says: Because you have not walked in the ways of Jehoshaphat, your father, nor in the ways of Asa, king of Judah,\n"
      }
    ]
  },
  "13": {
    "verseObjects": [
      {
        "type": "text",
        "text": "but have walked in the ways of the kings of Israel, and have made Judah and the inhabitants of Jerusalem to act like a prostitute, as the house of Ahab did—and because you have also killed your brothers in your father's family, men who were better than yourself—\n"
      }
    ]
  },
  "14": {
    "verseObjects": [
      {
        "type": "text",
        "text": "see, Yahweh will strike with a great plague your people, your children, your wives, and all your possessions.\n"
      }
    ]
  },
  "15": {
    "verseObjects": [
      {
        "type": "text",
        "text": "You yourself will have much sickness because of a disease in your intestines, until your intestines fall out because of the sickness, day after day.\"\n\n"
      },
      {
        "tag": "s5",
        "type": "section",
        "text": "\n"
      },
      {
        "tag": "p",
        "type": "paragraph",
        "text": "\n"
      }
    ]
  },
  "16": {
    "verseObjects": [
      {
        "type": "text",
        "text": "Yahweh stirred up against Jehoram the spirit of the Philistines and of the Arabians who were near the Cushites.\n"
      }
    ]
  },
  "17": {
    "verseObjects": [
      {
        "type": "text",
        "text": "They attacked Judah, invaded it, and carried away all the wealth that was found in the king's house. They also carried away his sons and his wives. No son was left to him except Jehoahaz, his youngest son.\n\n"
      },
      {
        "tag": "s5",
        "type": "section",
        "text": "\n"
      },
      {
        "tag": "p",
        "type": "paragraph",
        "text": "\n"
      }
    ]
  },
  "18": {
    "verseObjects": [
      {
        "type": "text",
        "text": "After all this, Yahweh struck him in his intestines with an incurable disease.\n"
      }
    ]
  },
  "19": {
    "verseObjects": [
      {
        "type": "text",
        "text": "It came about in due time, at the end of two years, that his intestines fell out because of his sickness, and that he died of severe disease. His people made no fire in his honor as they had done for his ancestors.\n"
      }
    ]
  },
  "20": {
    "verseObjects": [
      {
        "type": "text",
        "text": "He had begun to reign when he was thirty-two years old; he reigned in Jerusalem for eight years, and when he departed no one mourned him. They buried him in the city of David, but not in the royal tombs.\n\n\n"
      },
      {
        "tag": "s5",
        "type": "section",
        "text": "\n"
      }
    ]
  },
  "front": {
    "verseObjects": [
      {
        "tag": "p",
        "type": "paragraph",
        "text": "\n"
      }
    ]
  }
}