{
  "1": {
    "verseObjects": [
      {
        "type": "text",
        "text": "King Nebuchadnezzar's soldiers captured many Israelite people and took them to Babylonia. Many years later, some Israelite people returned to Judah. Some returned to Jerusalem,\nand some returned to other places in Judah. They went to the towns where their ancestors had lived. This is a list of the groups who returned.\n"
      }
    ]
  },
  "2": {
    "verseObjects": [
      {
        "type": "text",
        "text": "The leaders of those people who returned were Zerubbabel, Jeshua, Nehemiah, Seraiah, Reelaiah, Mordecai, Bilshan, Mispar, Bigvai, Rehum, and Baanah.\n"
      },
      {
        "tag": "p",
        "type": "paragraph",
        "text": "The groups of people who returned to Judah are listed next.\n"
      },
      {
        "type": "text",
        "text": "\n"
      },
      {
        "tag": "s5",
        "type": "section",
        "text": "\n"
      }
    ]
  },
  "3": {
    "verseObjects": [
      {
        "type": "text",
        "text": "2,172 descendants of Parosh\n"
      }
    ]
  },
  "4": {
    "verseObjects": [
      {
        "type": "text",
        "text": "372 descendants of Shephatiah\n"
      }
    ]
  },
  "5": {
    "verseObjects": [
      {
        "type": "text",
        "text": "775 descendants of Arach\n"
      }
    ]
  },
  "6": {
    "verseObjects": [
      {
        "type": "text",
        "text": "2,812 descendants of Pahath-Moab, from the families of Jeshua and Joab\n\n"
      },
      {
        "tag": "s5",
        "type": "section",
        "text": "\n"
      }
    ]
  },
  "7": {
    "verseObjects": [
      {
        "type": "text",
        "text": "1,254 descendants of Elam\n"
      }
    ]
  },
  "8": {
    "verseObjects": [
      {
        "type": "text",
        "text": "945 descendants of Zattu\n"
      }
    ]
  },
  "9": {
    "verseObjects": [
      {
        "type": "text",
        "text": "760 descendants of Zaccai\n"
      }
    ]
  },
  "10": {
    "verseObjects": [
      {
        "type": "text",
        "text": "642 descendants of Bani\n\n"
      },
      {
        "tag": "s5",
        "type": "section",
        "text": "\n"
      }
    ]
  },
  "11": {
    "verseObjects": [
      {
        "type": "text",
        "text": "623 descendants of Bebai\n"
      }
    ]
  },
  "12": {
    "verseObjects": [
      {
        "type": "text",
        "text": "1,222 descendants of Azgad\n"
      }
    ]
  },
  "13": {
    "verseObjects": [
      {
        "type": "text",
        "text": "666 descendants of Adonikam\n"
      }
    ]
  },
  "14": {
    "verseObjects": [
      {
        "type": "text",
        "text": "2,056 descendants of Bigvai\n\n"
      },
      {
        "tag": "s5",
        "type": "section",
        "text": "\n"
      }
    ]
  },
  "15": {
    "verseObjects": [
      {
        "type": "text",
        "text": "454 descendants of Adin\n"
      }
    ]
  },
  "16": {
    "verseObjects": [
      {
        "type": "text",
        "text": "Ninety-eight descendants of Ater, who descended from Hezekiah\n"
      }
    ]
  },
  "17": {
    "verseObjects": [
      {
        "type": "text",
        "text": "323 descendants of Bezai\n"
      }
    ]
  },
  "18": {
    "verseObjects": [
      {
        "type": "text",
        "text": "112 descendants of Jorah\n\n"
      },
      {
        "tag": "s5",
        "type": "section",
        "text": "\n"
      }
    ]
  },
  "19": {
    "verseObjects": [
      {
        "type": "text",
        "text": "223 descendants of Hashum\n"
      }
    ]
  },
  "20": {
    "verseObjects": [
      {
        "type": "text",
        "text": "Ninty-five descendants of Gibbar\n\n"
      },
      {
        "tag": "p",
        "type": "paragraph",
        "text": "People whose ancestors had lived in these towns in Judah:\n"
      }
    ]
  },
  "21": {
    "verseObjects": [
      {
        "type": "text",
        "text": "123 from Bethlehem\n"
      }
    ]
  },
  "22": {
    "verseObjects": [
      {
        "type": "text",
        "text": "Fifty-six from Netophah\n\n"
      },
      {
        "tag": "s5",
        "type": "section",
        "text": "\n"
      }
    ]
  },
  "23": {
    "verseObjects": [
      {
        "type": "text",
        "text": "128 from Anathoth\n"
      }
    ]
  },
  "24": {
    "verseObjects": [
      {
        "type": "text",
        "text": "Forty-two from Azmaveth\n"
      }
    ]
  },
  "25": {
    "verseObjects": [
      {
        "type": "text",
        "text": "743 from Kiriath Arim, Kephirah, and Beeroth\n"
      }
    ]
  },
  "26": {
    "verseObjects": [
      {
        "type": "text",
        "text": "621 from Ramah and Geba\n\n"
      },
      {
        "tag": "s5",
        "type": "section",
        "text": "\n"
      }
    ]
  },
  "27": {
    "verseObjects": [
      {
        "type": "text",
        "text": "122 from Michmas\n"
      }
    ]
  },
  "28": {
    "verseObjects": [
      {
        "type": "text",
        "text": "223 from Bethel and Ai\n"
      }
    ]
  },
  "29": {
    "verseObjects": [
      {
        "type": "text",
        "text": "Fifty-two from Nebo\n"
      }
    ]
  },
  "30": {
    "verseObjects": [
      {
        "type": "text",
        "text": "156 from Magbish\n\n"
      },
      {
        "tag": "s5",
        "type": "section",
        "text": "\n"
      }
    ]
  },
  "31": {
    "verseObjects": [
      {
        "type": "text",
        "text": "1,254 from Elam\n"
      }
    ]
  },
  "32": {
    "verseObjects": [
      {
        "type": "text",
        "text": "320 from Harim\n"
      }
    ]
  },
  "33": {
    "verseObjects": [
      {
        "type": "text",
        "text": "725 from Lod, Hadid, and Ono\n\n"
      },
      {
        "tag": "s5",
        "type": "section",
        "text": "\n"
      }
    ]
  },
  "34": {
    "verseObjects": [
      {
        "type": "text",
        "text": "345 from Jericho\n"
      }
    ]
  },
  "35": {
    "verseObjects": [
      {
        "type": "text",
        "text": "3,630 from Senaah\n\n"
      },
      {
        "tag": "s5",
        "type": "section",
        "text": "\n"
      },
      {
        "tag": "p",
        "type": "paragraph",
        "text": "\n"
      }
    ]
  },
  "36": {
    "verseObjects": [
      {
        "type": "text",
        "text": "Priests who returned:\n973 descendants of Jedaiah (that is, those who descended through Jeshua)\n"
      }
    ]
  },
  "37": {
    "verseObjects": [
      {
        "type": "text",
        "text": "1,052 descendants of Immer\n"
      }
    ]
  },
  "38": {
    "verseObjects": [
      {
        "type": "text",
        "text": "1,247 descendants of Pashur\n"
      }
    ]
  },
  "39": {
    "verseObjects": [
      {
        "type": "text",
        "text": "1,017 descendants of Harim\n\n"
      },
      {
        "tag": "s5",
        "type": "section",
        "text": "\n"
      },
      {
        "tag": "p",
        "type": "paragraph",
        "text": "\n"
      }
    ]
  },
  "40": {
    "verseObjects": [
      {
        "type": "text",
        "text": "Those from the tribe of Levi who returned:\nSeventy-four descendants of Jeshua and Kadmiel, who were from the family of Hodaviah\n"
      }
    ]
  },
  "41": {
    "verseObjects": [
      {
        "type": "text",
        "text": "128 singers who were descendants of Asaph\n"
      }
    ]
  },
  "42": {
    "verseObjects": [
      {
        "type": "text",
        "text": "139 gatekeepers who were descendants of the gatekeepers Shallum, Ater, Talmon, Akkub, Hatita, and Shobai\n\n"
      },
      {
        "tag": "s5",
        "type": "section",
        "text": "\n"
      },
      {
        "tag": "p",
        "type": "paragraph",
        "text": "\n"
      }
    ]
  },
  "43": {
    "verseObjects": [
      {
        "type": "text",
        "text": "The temple workers who were descendants of these men:\nZiha, Hasupha, Tabbaoth,\n"
      }
    ]
  },
  "44": {
    "verseObjects": [
      {
        "type": "text",
        "text": "Keros, Siaha, Padon,\n"
      }
    ]
  },
  "45": {
    "verseObjects": [
      {
        "type": "text",
        "text": "Lebanah, Hagabah, Akkub,\n"
      }
    ]
  },
  "46": {
    "verseObjects": [
      {
        "type": "text",
        "text": "Hagab, Shalmai, Hanan,\n\n"
      },
      {
        "tag": "s5",
        "type": "section",
        "text": "\n"
      }
    ]
  },
  "47": {
    "verseObjects": [
      {
        "type": "text",
        "text": "Giddel, Gahar, Reaiah,\n"
      }
    ]
  },
  "48": {
    "verseObjects": [
      {
        "type": "text",
        "text": "Rezin, Nekoda, Gazzam,\n"
      }
    ]
  },
  "49": {
    "verseObjects": [
      {
        "type": "text",
        "text": "Uzza, Paseah, Besai,\n"
      }
    ]
  },
  "50": {
    "verseObjects": [
      {
        "type": "text",
        "text": "Asnah, Meunim, Nephusim,\n\n"
      },
      {
        "tag": "s5",
        "type": "section",
        "text": "\n"
      }
    ]
  },
  "51": {
    "verseObjects": [
      {
        "type": "text",
        "text": "Bakbuk, Hakupha, Harhur,\n"
      }
    ]
  },
  "52": {
    "verseObjects": [
      {
        "type": "text",
        "text": "Bazluth, Mehida, Harsha,\n"
      }
    ]
  },
  "53": {
    "verseObjects": [
      {
        "type": "text",
        "text": "Barkos, Sisera, Temah,\n"
      }
    ]
  },
  "54": {
    "verseObjects": [
      {
        "type": "text",
        "text": "Neziah, and Hatipha.\n\n"
      },
      {
        "tag": "s5",
        "type": "section",
        "text": "\n"
      },
      {
        "tag": "p",
        "type": "paragraph",
        "text": "\n"
      }
    ]
  },
  "55": {
    "verseObjects": [
      {
        "type": "text",
        "text": "The following descendants of King Solomon's servants returned to Jerusalem:\nSotai, Hassophereth, Peruda,\n"
      }
    ]
  },
  "56": {
    "verseObjects": [
      {
        "type": "text",
        "text": "Jaalah, Darkon, Giddel,\n"
      }
    ]
  },
  "57": {
    "verseObjects": [
      {
        "type": "text",
        "text": "Shephatiah, Hattil, Pochereth Hazzebaim, and Ami.\n"
      },
      {
        "tag": "p",
        "type": "paragraph",
        "text": "\n"
      }
    ]
  },
  "58": {
    "verseObjects": [
      {
        "type": "text",
        "text": "Altogether, there were 392 descendants of temple workers and Solomon's servants who returned.\n\n"
      },
      {
        "tag": "s5",
        "type": "section",
        "text": "\n"
      },
      {
        "tag": "p",
        "type": "paragraph",
        "text": "\n"
      }
    ]
  },
  "59": {
    "verseObjects": [
      {
        "type": "text",
        "text": "There was another group who returned to Judah from Tel Melah, Tel Harsha, Cerub, Addon, and Immer in Babylonia. But they could not prove that they were true Israelites.\n"
      }
    ]
  },
  "60": {
    "verseObjects": [
      {
        "type": "text",
        "text": "This group included 652 people who were descendants of Delaiah, Tobiah, and Nekoda.\n\n"
      },
      {
        "tag": "s5",
        "type": "section",
        "text": "\n"
      },
      {
        "tag": "p",
        "type": "paragraph",
        "text": "\n"
      }
    ]
  },
  "61": {
    "verseObjects": [
      {
        "type": "text",
        "text": "The descendants of the priests in this group included people belonging to Habaiah's clan, Hakkoz's clan, and Barzillai's clan. Barzillai had married a woman who was a descendant of Barzillai from the region of Gilead, and he had taken for himself the name of his father-in-law's clan.\n"
      },
      {
        "tag": "p",
        "type": "paragraph",
        "text": "\n"
      }
    ]
  },
  "62": {
    "verseObjects": [
      {
        "type": "text",
        "text": "The people in that group searched in the documents that had the names of the ancestors of all the clans, but these men's names were not found. So they were not permitted do the\nwork that priests did.\n"
      }
    ]
  },
  "63": {
    "verseObjects": [
      {
        "type": "text",
        "text": "The governor told them that they would need to ask a priest to consult Yahweh by casting the sacred lots, to determine whether those men were truly Israelites. If the stones showed that those men were Israelites, they would be permitted to eat the shares of the sacrifices that were given to the priests.\n\n"
      },
      {
        "tag": "s5",
        "type": "section",
        "text": "\n"
      },
      {
        "tag": "p",
        "type": "paragraph",
        "text": "\n"
      }
    ]
  },
  "64": {
    "verseObjects": [
      {
        "type": "text",
        "text": "Altogether 42,360 Israelite people returned to Judah.\n"
      }
    ]
  },
  "65": {
    "verseObjects": [
      {
        "type": "text",
        "text": "There were also 7,337 servants and two hundred musicians, both men and women, who returned.\n\n"
      },
      {
        "tag": "s5",
        "type": "section",
        "text": "\n"
      }
    ]
  },
  "66": {
    "verseObjects": [
      {
        "type": "text",
        "text": "The Israelites brought with them from Babylonia 736 horses, 245 mules,\n"
      }
    ]
  },
  "67": {
    "verseObjects": [
      {
        "type": "text",
        "text": "435 camels, and 6,720 donkeys.\n\n"
      },
      {
        "tag": "s5",
        "type": "section",
        "text": "\n"
      },
      {
        "tag": "p",
        "type": "paragraph",
        "text": "\n"
      }
    ]
  },
  "68": {
    "verseObjects": [
      {
        "type": "text",
        "text": "When they arrived at the temple of Yahweh in Jerusalem, some of the clan leaders gave money for the supplies needed to rebuild the temple in the same place where the old temple had been.\n"
      }
    ]
  },
  "69": {
    "verseObjects": [
      {
        "type": "text",
        "text": "They all gave as much money as they were able to give. Altogether they gave about five hundred kilograms of gold, three metric tons of silver, and one hundred robes for the priests.\n\n"
      },
      {
        "tag": "s5",
        "type": "section",
        "text": "\n"
      },
      {
        "tag": "p",
        "type": "paragraph",
        "text": "\n"
      }
    ]
  },
  "70": {
    "verseObjects": [
      {
        "type": "text",
        "text": "Then the priests, the other descendants of Levi, the musicians, the temple guards, and some of the other people started to live in the towns and villages near Jerusalem. The rest of the\npeople went to the other places in Israel there where their ancestors had lived.\n\n\n"
      },
      {
        "tag": "s5",
        "type": "section",
        "text": "\n"
      }
    ]
  },
  "front": {
    "verseObjects": [
      {
        "tag": "p",
        "type": "paragraph",
        "text": "\n"
      }
    ]
  }
}