{
  "1": {
    "verseObjects": [
      {
        "type": "text",
        "text": "For I thought about all this in my mind to understand about the righteous and wise people and their deeds. They are all in God's hands. No one knows whether love or hate will come to someone.\n\n"
      },
      {
        "tag": "s5",
        "type": "section",
        "text": "\n"
      },
      {
        "tag": "q1",
        "type": "quote",
        "text": "\n"
      }
    ]
  },
  "2": {
    "verseObjects": [
      {
        "type": "text",
        "text": "Everyone has the same fate. The same fate awaits\n"
      },
      {
        "tag": "q2",
        "type": "quote",
        "text": "righteous people and wicked,\n"
      },
      {
        "tag": "q2",
        "type": "quote",
        "text": "the good,\n"
      },
      {
        "tag": "f",
        "type": "footnote",
        "content": "+ \\ft Some modern versions copy ancient versions which have \\fqa the good and the bad \\fqa* . In this way, they make the phrase complete. Translators may decide to imitate them. "
      },
      {
        "type": "text",
        "text": "\n"
      },
      {
        "tag": "q2",
        "type": "quote",
        "text": "the clean and the unclean,\n"
      },
      {
        "tag": "q2",
        "type": "quote",
        "text": "and the one who sacrifices and the one who does not sacrifice.\n"
      },
      {
        "tag": "q1",
        "type": "quote",
        "text": "As good people will die,\n"
      },
      {
        "tag": "q2",
        "type": "quote",
        "text": "so also will the sinner.\n"
      },
      {
        "tag": "q1",
        "type": "quote",
        "text": "As the one who swears will die,\n"
      },
      {
        "tag": "q2",
        "type": "quote",
        "text": "so also will the man who fears to make an oath.\n"
      },
      {
        "type": "text",
        "text": "\n"
      },
      {
        "tag": "s5",
        "type": "section",
        "text": "\n"
      }
    ]
  },
  "3": {
    "verseObjects": [
      {
        "type": "text",
        "text": "There is an evil fate for everything that is done under the sun, the same event happens to them all. The hearts of human beings are full of evil, and madness is in their hearts while they live. So after that they go to the dead.\n\n"
      },
      {
        "tag": "s5",
        "type": "section",
        "text": "\n"
      }
    ]
  },
  "4": {
    "verseObjects": [
      {
        "type": "text",
        "text": "For anyone who is united to all the living, there is hope, just as a living dog is better than a dead lion. "
      },
      {
        "tag": "f",
        "type": "footnote",
        "content": "+ \\ft Some modern versions have \\fqa For what is preferable? For all the living, this is sure: A living dog is better than a dead lion \\fqa* . "
      },
      {
        "type": "text",
        "text": "\n"
      },
      {
        "tag": "q1",
        "type": "quote",
        "text": "\n"
      }
    ]
  },
  "5": {
    "verseObjects": [
      {
        "type": "text",
        "text": "For living people know they will die,\n"
      },
      {
        "tag": "q2",
        "type": "quote",
        "text": "but the dead do not know anything.\n"
      },
      {
        "tag": "q1",
        "type": "quote",
        "text": "They no longer have any reward\n"
      },
      {
        "tag": "q2",
        "type": "quote",
        "text": "because their memory is forgotten.\n"
      },
      {
        "type": "text",
        "text": "\n"
      },
      {
        "tag": "s5",
        "type": "section",
        "text": "\n"
      },
      {
        "tag": "q1",
        "type": "quote",
        "text": "\n"
      }
    ]
  },
  "6": {
    "verseObjects": [
      {
        "type": "text",
        "text": "Their love, hatred, and envy\n"
      },
      {
        "tag": "q2",
        "type": "quote",
        "text": "have vanished long ago.\n"
      },
      {
        "tag": "q1",
        "type": "quote",
        "text": "They will never have a place again\n"
      },
      {
        "tag": "q2",
        "type": "quote",
        "text": "in anything done under the sun.\n"
      }
    ]
  },
  "7": {
    "verseObjects": [
      {
        "type": "text",
        "text": "Go your way, eat your bread with joy, and drink your wine with a happy heart, for God approves of celebrating good works.\n"
      }
    ]
  },
  "8": {
    "verseObjects": [
      {
        "type": "text",
        "text": "Let your clothes be always white and your head anointed with oil.\n\n"
      },
      {
        "tag": "s5",
        "type": "section",
        "text": "\n"
      }
    ]
  },
  "9": {
    "verseObjects": [
      {
        "type": "text",
        "text": "Live happily with the wife whom you love all the days of your life of uselessness, the days that God has given you under the sun during your days of uselessness. That is your reward in life for your work under the sun.\n"
      }
    ]
  },
  "10": {
    "verseObjects": [
      {
        "type": "text",
        "text": "Whatever your hand finds to do, work at it with your strength, because there is no work or explanation or knowledge or wisdom in Sheol, where you are going.\n\n"
      },
      {
        "tag": "s5",
        "type": "section",
        "text": "\n"
      },
      {
        "tag": "q1",
        "type": "quote",
        "text": "\n"
      }
    ]
  },
  "11": {
    "verseObjects": [
      {
        "type": "text",
        "text": "I have seen some interesting things under the sun:\n"
      },
      {
        "tag": "q2",
        "type": "quote",
        "text": "The race does not belong to swift people.\n"
      },
      {
        "tag": "q2",
        "type": "quote",
        "text": "The battle does not belong to strong people.\n"
      },
      {
        "tag": "q2",
        "type": "quote",
        "text": "Bread does not belong to wise people.\n"
      },
      {
        "tag": "q2",
        "type": "quote",
        "text": "Riches do not belong to people of understanding.\n"
      },
      {
        "tag": "q2",
        "type": "quote",
        "text": "Favor does not belong to people of knowledge.\n"
      },
      {
        "tag": "q1",
        "type": "quote",
        "text": "Instead, time and chance affect them all.\n"
      },
      {
        "tag": "q1",
        "type": "quote",
        "text": "\n"
      }
    ]
  },
  "12": {
    "verseObjects": [
      {
        "type": "text",
        "text": "Surely, no one knows when his time will come.\n"
      },
      {
        "tag": "q2",
        "type": "quote",
        "text": "As fish are caught in a deadly net,\n"
      },
      {
        "tag": "q2",
        "type": "quote",
        "text": "or birds are caught in a snare,\n"
      },
      {
        "tag": "q1",
        "type": "quote",
        "text": "the children of human beings are ensnared by evil times\n"
      },
      {
        "tag": "q2",
        "type": "quote",
        "text": "that suddenly fall upon them.\n"
      },
      {
        "type": "text",
        "text": "\n"
      },
      {
        "tag": "s5",
        "type": "section",
        "text": "\n"
      }
    ]
  },
  "13": {
    "verseObjects": [
      {
        "type": "text",
        "text": "I have also seen wisdom under the sun in a way that seemed great to me.\n"
      }
    ]
  },
  "14": {
    "verseObjects": [
      {
        "type": "text",
        "text": "There was a small city with only a few men in it, and a great king came against it and besieged it and built great siege ramps against it.\n"
      }
    ]
  },
  "15": {
    "verseObjects": [
      {
        "type": "text",
        "text": "Now in the city was found a poor, wise man, who by his wisdom saved the city. Yet later, no one remembered that same poor man.\n\n"
      },
      {
        "tag": "s5",
        "type": "section",
        "text": "\n"
      }
    ]
  },
  "16": {
    "verseObjects": [
      {
        "type": "text",
        "text": "So I concluded, \"Wisdom is better than strength, but the poor man's wisdom is despised, and his words are not heard.\"\n\n"
      },
      {
        "tag": "s5",
        "type": "section",
        "text": "\n"
      },
      {
        "tag": "q1",
        "type": "quote",
        "text": "\n"
      }
    ]
  },
  "17": {
    "verseObjects": [
      {
        "type": "text",
        "text": "The words of wise people spoken quietly are heard better\n"
      },
      {
        "tag": "q2",
        "type": "quote",
        "text": "than the shouts of any ruler among fools.\n"
      },
      {
        "tag": "q1",
        "type": "quote",
        "text": "\n"
      }
    ]
  },
  "18": {
    "verseObjects": [
      {
        "type": "text",
        "text": "Wisdom is better than weapons of war,\n"
      },
      {
        "tag": "q2",
        "type": "quote",
        "text": "but one sinner can ruin much good.\n"
      },
      {
        "type": "text",
        "text": "\n\n"
      },
      {
        "tag": "s5",
        "type": "section",
        "text": "\n"
      }
    ]
  },
  "front": {
    "verseObjects": [
      {
        "tag": "p",
        "type": "paragraph",
        "text": "\n"
      }
    ]
  }
}