{
  "1": {
    "verseObjects": [
      {
        "type": "text",
        "text": "At this time, all the people in the world spoke the same language.\n"
      }
    ]
  },
  "2": {
    "verseObjects": [
      {
        "type": "text",
        "text": "As people moved around in the east, they arrived at a plain in the region of Babylon and began to live there.\n\n"
      },
      {
        "tag": "s5",
        "nextChar": "\n",
        "type": "section"
      }
    ]
  },
  "3": {
    "verseObjects": [
      {
        "type": "text",
        "text": "Then they said to each other, \"Let us make bricks and bake them to make them hard, for building!\" So they used bricks instead of stones, and used tar instead of mortar to hold them together.\n"
      }
    ]
  },
  "4": {
    "verseObjects": [
      {
        "type": "text",
        "text": "They said, \"Let us build a city for ourselves! We also ought to build a very high tower that reaches up to the sky! In that way people will know who we are! If we do not do this, we will be scattered all over the earth!\"\n\n"
      },
      {
        "tag": "s5",
        "nextChar": "\n",
        "type": "section"
      },
      {
        "tag": "p",
        "nextChar": "\n",
        "type": "paragraph"
      }
    ]
  },
  "5": {
    "verseObjects": [
      {
        "type": "text",
        "text": "One day Yahweh came down to see the city and the tower that the people were building.\n"
      }
    ]
  },
  "6": {
    "verseObjects": [
      {
        "type": "text",
        "text": "Yahweh said, \"These people are one group that all speak the same language. If they have begun to do this, then there is nothing that they will decide to do that will be impossible for them!\n"
      }
    ]
  },
  "7": {
    "verseObjects": [
      {
        "type": "text",
        "text": "So, let us go down there and make the people speak different languages, so that they will not be able to understand what each other is saying.\"\n\n"
      },
      {
        "tag": "s5",
        "nextChar": "\n",
        "type": "section"
      },
      {
        "tag": "p",
        "nextChar": "\n",
        "type": "paragraph"
      }
    ]
  },
  "8": {
    "verseObjects": [
      {
        "type": "text",
        "text": "By doing this, Yahweh caused them to scatter all over the earth, and the people stopped building the city.\n"
      }
    ]
  },
  "9": {
    "verseObjects": [
      {
        "type": "text",
        "text": "The city was called Babel, because there Yahweh caused the people all over the earth to no longer speak only one language. And Yahweh caused them to scatter all over the earth from that place.\n\n"
      },
      {
        "tag": "s5",
        "nextChar": "\n",
        "type": "section"
      },
      {
        "tag": "p",
        "nextChar": "\n",
        "type": "paragraph"
      }
    ]
  },
  "10": {
    "verseObjects": [
      {
        "type": "text",
        "text": "These are those who descended from Shem. Two years after the flood, when Shem was one hundred years old, he became the father of Arphaxad.\n"
      }
    ]
  },
  "11": {
    "verseObjects": [
      {
        "type": "text",
        "text": "After Arphaxad was born, Shem lived five hundred more years and became the father of other sons and daughters.\n\n"
      },
      {
        "tag": "s5",
        "nextChar": "\n",
        "type": "section"
      },
      {
        "tag": "p",
        "nextChar": "\n",
        "type": "paragraph"
      }
    ]
  },
  "12": {
    "verseObjects": [
      {
        "type": "text",
        "text": "When Arphachshad was thirty-five years old, he became the father of Shelah.\n"
      }
    ]
  },
  "13": {
    "verseObjects": [
      {
        "type": "text",
        "text": "After Shelah was born, Arphaxad lived 403 more years and became the father of other sons and daughters.\n\n"
      },
      {
        "tag": "s5",
        "nextChar": "\n",
        "type": "section"
      },
      {
        "tag": "p",
        "nextChar": "\n",
        "type": "paragraph"
      }
    ]
  },
  "14": {
    "verseObjects": [
      {
        "type": "text",
        "text": "When Shelah was thirty years old, he became the father of Eber.\n"
      }
    ]
  },
  "15": {
    "verseObjects": [
      {
        "type": "text",
        "text": "After Eber was born, Shelah lived 403 more years and became the father of other sons and daughters.\n\n"
      },
      {
        "tag": "s5",
        "nextChar": "\n",
        "type": "section"
      },
      {
        "tag": "p",
        "nextChar": "\n",
        "type": "paragraph"
      }
    ]
  },
  "16": {
    "verseObjects": [
      {
        "type": "text",
        "text": "When Eber was thirty-four years old, he became the father of Peleg.\n"
      }
    ]
  },
  "17": {
    "verseObjects": [
      {
        "type": "text",
        "text": "After Peleg was born, Eber lived 430 more years and became the father of other sons and daughters.\n\n"
      },
      {
        "tag": "s5",
        "nextChar": "\n",
        "type": "section"
      },
      {
        "tag": "p",
        "nextChar": "\n",
        "type": "paragraph"
      }
    ]
  },
  "18": {
    "verseObjects": [
      {
        "type": "text",
        "text": "When Peleg was thirty years old, he became the father of Reu.\n"
      }
    ]
  },
  "19": {
    "verseObjects": [
      {
        "type": "text",
        "text": "After Reu was born, Peleg lived 209 more years and became the father of other sons and daughters.\n\n"
      },
      {
        "tag": "s5",
        "nextChar": "\n",
        "type": "section"
      },
      {
        "tag": "p",
        "nextChar": "\n",
        "type": "paragraph"
      }
    ]
  },
  "20": {
    "verseObjects": [
      {
        "type": "text",
        "text": "When Reu was thirty-two years old, he became the father of Serug.\n"
      }
    ]
  },
  "21": {
    "verseObjects": [
      {
        "type": "text",
        "text": "After Serug was born, Reu lived 207 more years and became the father of other sons and daughters.\n\n"
      },
      {
        "tag": "s5",
        "nextChar": "\n",
        "type": "section"
      },
      {
        "tag": "p",
        "nextChar": "\n",
        "type": "paragraph"
      }
    ]
  },
  "22": {
    "verseObjects": [
      {
        "type": "text",
        "text": "When Serug was thirty years old, he became the father of Nahor.\n"
      }
    ]
  },
  "23": {
    "verseObjects": [
      {
        "type": "text",
        "text": "After Nahor was born, Serug lived two hundred more years and became the father of other sons and daughters.\n\n"
      },
      {
        "tag": "s5",
        "nextChar": "\n",
        "type": "section"
      },
      {
        "tag": "p",
        "nextChar": "\n",
        "type": "paragraph"
      }
    ]
  },
  "24": {
    "verseObjects": [
      {
        "type": "text",
        "text": "When Nahor was twenty-nine years old, he became the father of Terah.\n"
      }
    ]
  },
  "25": {
    "verseObjects": [
      {
        "type": "text",
        "text": "After Terah was born, Nahor lived 119 more years and became the father of other sons and daughters.\n"
      },
      {
        "tag": "p",
        "nextChar": "\n",
        "type": "paragraph"
      }
    ]
  },
  "26": {
    "verseObjects": [
      {
        "type": "text",
        "text": "After Terah was seventy years old, he became the father of Abram, Nahor, and Haran.\n\n"
      },
      {
        "tag": "s5",
        "nextChar": "\n",
        "type": "section"
      },
      {
        "tag": "p",
        "nextChar": "\n",
        "type": "paragraph"
      }
    ]
  },
  "27": {
    "verseObjects": [
      {
        "type": "text",
        "text": "This is what happened concerning the descendants of Terah: Terah's sons were Abram, Nahor, and Haran. Haran's son was named Lot.\n"
      }
    ]
  },
  "28": {
    "verseObjects": [
      {
        "type": "text",
        "text": "Haran's father was with him when Haran died in the city of Ur, in the country of the Chaldeans. This is the land where he was born.\n\n"
      },
      {
        "tag": "s5",
        "nextChar": "\n",
        "type": "section"
      }
    ]
  },
  "29": {
    "verseObjects": [
      {
        "type": "text",
        "text": "Abram and Nahor both married. Abram's wife was named Sarai, and Nahor's wife was named Milkah. Milkah and her sister Iskah were the daughters of Haran.\n"
      }
    ]
  },
  "30": {
    "verseObjects": [
      {
        "type": "text",
        "text": "Sarai was unable to have any children.\n\n"
      },
      {
        "tag": "s5",
        "nextChar": "\n",
        "type": "section"
      },
      {
        "tag": "p",
        "nextChar": "\n",
        "type": "paragraph"
      }
    ]
  },
  "31": {
    "verseObjects": [
      {
        "type": "text",
        "text": "Terah decided to leave Ur and go to live in the land of Canaan. So he took his son Abram and his grandson Lot son of Haran, and Abram's wife Sarai with him. But instead of going to Canaan, they stopped at the town of Haran and lived there.\n"
      }
    ]
  },
  "32": {
    "verseObjects": [
      {
        "type": "text",
        "text": "When Terah was 205 years old, he died in Haran.\n\n\n"
      },
      {
        "tag": "s5",
        "nextChar": "\n",
        "type": "section"
      }
    ]
  },
  "front": {
    "verseObjects": [
      {
        "tag": "p",
        "nextChar": "\n",
        "type": "paragraph"
      }
    ]
  }
}