{
  "1": {
    "verseObjects": [
      {
        "type": "text",
        "text": "Jacob continued on the road, and he reached the land that was east of the land of Canaan.\n"
      }
    ]
  },
  "2": {
    "verseObjects": [
      {
        "type": "text",
        "text": "There he saw a well in a field, and three flocks of sheep were lying near the well. It was the well from which shepherds normally got water for their sheep. There was a large stone covering the top of the well.\n"
      }
    ]
  },
  "3": {
    "verseObjects": [
      {
        "type": "text",
        "text": "When all the flocks were gathered there, the shepherds would work together to roll the stone away from the top of the well and get water for the sheep. When they finished doing that, they would put the stone back in its place over the top of the well.\n\n"
      },
      {
        "tag": "s5",
        "type": "section",
        "text": "\n"
      },
      {
        "tag": "p",
        "type": "paragraph",
        "text": "\n"
      }
    ]
  },
  "4": {
    "verseObjects": [
      {
        "type": "text",
        "text": "On that day, Jacob asked the shepherds who were sitting there, \"Where are you from?\" They replied, \"We are from the city of Haran.\"\n"
      }
    ]
  },
  "5": {
    "verseObjects": [
      {
        "type": "text",
        "text": "He asked them, \"Do you know Laban, the grandson of Nahor?\" They replied, \"Yes, we know him.\"\n"
      }
    ]
  },
  "6": {
    "verseObjects": [
      {
        "type": "text",
        "text": "Jacob asked them, \"Is Laban well?\" They replied, \"Yes, he is well. Look! Here comes his daughter Rachel with the sheep!\"\n\n"
      },
      {
        "tag": "s5",
        "type": "section",
        "text": "\n"
      }
    ]
  },
  "7": {
    "verseObjects": [
      {
        "type": "text",
        "text": "Jacob said, \"But the sun is still high in the sky. It is not time for the flocks to be gathered for nighttime. Why do you not give the sheep some water and then take them back to graze in the pastures?\"\n"
      }
    ]
  },
  "8": {
    "verseObjects": [
      {
        "type": "text",
        "text": "They replied, \"No, we cannot do that until all the flocks are gathered here and the stone is removed from the top of the well. After that, we will give water to the sheep.\"\n\n"
      },
      {
        "tag": "s5",
        "type": "section",
        "text": "\n"
      },
      {
        "tag": "p",
        "type": "paragraph",
        "text": "\n"
      }
    ]
  },
  "9": {
    "verseObjects": [
      {
        "type": "text",
        "text": "While he was still talking with them, Rachel came with her father's sheep. She was the one who took care of her father's sheep.\n"
      }
    ]
  },
  "10": {
    "verseObjects": [
      {
        "type": "text",
        "text": "When Jacob saw Rachel, the daughter of Laban, his mother's brother, and Laban's sheep, he went over and by himself rolled away the stone that covered the top of the well, and he got water for his uncle's sheep.\n\n"
      },
      {
        "tag": "s5",
        "type": "section",
        "text": "\n"
      }
    ]
  },
  "11": {
    "verseObjects": [
      {
        "type": "text",
        "text": "Then Jacob kissed Rachel on the cheek, and he cried loudly because he was so happy.\n"
      }
    ]
  },
  "12": {
    "verseObjects": [
      {
        "type": "text",
        "text": "Jacob told Rachel that he was one of her father's relatives, the son of her aunt Rebekah. So she ran and told that to her father.\n\n"
      },
      {
        "tag": "s5",
        "type": "section",
        "text": "\n"
      },
      {
        "tag": "p",
        "type": "paragraph",
        "text": "\n"
      }
    ]
  },
  "13": {
    "verseObjects": [
      {
        "type": "text",
        "text": "As soon as Laban heard that Jacob, his sister's son, was there, he ran to meet him. He embraced him and kissed him on the cheek. Then he brought him to his home, and then Jacob told him all that had happened to him.\n"
      }
    ]
  },
  "14": {
    "verseObjects": [
      {
        "type": "text",
        "text": "Then Laban said to him, \"Truly, you are part of my family!\"\n"
      },
      {
        "tag": "p",
        "type": "paragraph",
        "text": "Jacob stayed there and worked for Laban for a month.\n"
      },
      {
        "type": "text",
        "text": "\n"
      },
      {
        "tag": "s5",
        "type": "section",
        "text": "\n"
      }
    ]
  },
  "15": {
    "verseObjects": [
      {
        "type": "text",
        "text": "Then Laban said to him \"You should not work for me for nothing just because you are a relative of mine! Tell me how much you want me to pay you.\"\n"
      }
    ]
  },
  "16": {
    "verseObjects": [
      {
        "type": "text",
        "text": "Now Laban had two daughters. The older one was named Leah, and the younger one was named Rachel.\n"
      }
    ]
  },
  "17": {
    "verseObjects": [
      {
        "type": "text",
        "text": "Leah had pretty eyes, but Rachel had a very attractive figure and was beautiful.\n"
      }
    ]
  },
  "18": {
    "verseObjects": [
      {
        "type": "text",
        "text": "Jacob was in love with Rachel, and he said, \"I will work for you for seven years. That will be my payment for you giving me permission to marry your younger daughter, Rachel.\"\n\n"
      },
      {
        "tag": "s5",
        "type": "section",
        "text": "\n"
      }
    ]
  },
  "19": {
    "verseObjects": [
      {
        "type": "text",
        "text": "Laban replied, \"It is better for me to let you marry her than for her to marry some other man! You should stay here with us.\"\n"
      }
    ]
  },
  "20": {
    "verseObjects": [
      {
        "type": "text",
        "text": "So Jacob worked for Laban for seven years to get Rachel, but to him it seemed like it was only a few days, because he loved her so much.\n\n"
      },
      {
        "tag": "s5",
        "type": "section",
        "text": "\n"
      },
      {
        "tag": "p",
        "type": "paragraph",
        "text": "\n"
      }
    ]
  },
  "21": {
    "verseObjects": [
      {
        "type": "text",
        "text": "After the seven years were ended, Jacob said to Laban, \"Let me marry Rachel now, because the time we agreed upon for me to work for you has ended, and I want to marry her.\"\n"
      }
    ]
  },
  "22": {
    "verseObjects": [
      {
        "type": "text",
        "text": "So Laban gathered together all the people who lived in that area and made a feast.\n\n"
      },
      {
        "tag": "s5",
        "type": "section",
        "text": "\n"
      }
    ]
  },
  "23": {
    "verseObjects": [
      {
        "type": "text",
        "text": "But that evening, instead of taking Rachel to Jacob, Laban took his older daughter, Leah, to him. But because it was already dark, he could not see that it was Leah and not Rachel, and he slept with her.\n"
      }
    ]
  },
  "24": {
    "verseObjects": [
      {
        "type": "text",
        "text": "(Laban had already given his slave girl Zilpah to his daughter Leah to be her maid.)\n"
      },
      {
        "tag": "p",
        "type": "paragraph",
        "text": "\n"
      }
    ]
  },
  "25": {
    "verseObjects": [
      {
        "type": "text",
        "text": "The next morning, Jacob was shocked to see that it was Leah who was with him! So he went to Laban and told him very angrily, \"What you have done to me is disgusting! I worked for you to get Rachel, did I not? So why did you deceive me?\"\n\n"
      },
      {
        "tag": "s5",
        "type": "section",
        "text": "\n"
      }
    ]
  },
  "26": {
    "verseObjects": [
      {
        "type": "text",
        "text": "Laban replied, \"In this land, it is not our custom to give a younger daughter to be married before we let someone marry our firstborn daughter.\n"
      }
    ]
  },
  "27": {
    "verseObjects": [
      {
        "type": "text",
        "text": "After we finish this week of celebration, we will let you marry the younger one also. But in return, you must pay for Rachel by working for me for another seven years.\"\n\n"
      },
      {
        "tag": "s5",
        "type": "section",
        "text": "\n"
      },
      {
        "tag": "p",
        "type": "paragraph",
        "text": "\n"
      }
    ]
  },
  "28": {
    "verseObjects": [
      {
        "type": "text",
        "text": "So that is what Jacob did. After the week of celebration was ended, Laban gave him his daughter, Rachel, to be his wife.\n"
      }
    ]
  },
  "29": {
    "verseObjects": [
      {
        "type": "text",
        "text": "Laban gave his slave girl, Bilhah, to Rachel to be her servant.\n"
      }
    ]
  },
  "30": {
    "verseObjects": [
      {
        "type": "text",
        "text": "Jacob married Rachel also, and he loved Rachel more than he loved Leah. He worked for Laban for another seven years.\n\n\n"
      },
      {
        "tag": "s5",
        "type": "section",
        "text": "\n"
      },
      {
        "tag": "p",
        "type": "paragraph",
        "text": "\n"
      }
    ]
  },
  "31": {
    "verseObjects": [
      {
        "type": "text",
        "text": "When Yahweh saw that Jacob did not love Leah very much, he enabled her to become pregnant. But Rachel was not able to become pregnant.\n"
      }
    ]
  },
  "32": {
    "verseObjects": [
      {
        "type": "text",
        "text": "Leah gave birth to a son, whom she named Reuben. She said, \"Yahweh has seen that I was miserable, and because of that he has given me a son. Now, surely my husband will love me for giving birth to a son for him.\"\n\n"
      },
      {
        "tag": "s5",
        "type": "section",
        "text": "\n"
      }
    ]
  },
  "33": {
    "verseObjects": [
      {
        "type": "text",
        "text": "Later she became pregnant again and gave birth to another son. She said, \"Because Yahweh has heard that my husband does not love me, he has given me this son, too.\" So she named him Simeon, which means \"someone who hears.\"\n"
      }
    ]
  },
  "34": {
    "verseObjects": [
      {
        "type": "text",
        "text": "Later she became pregnant again, and gave birth to another son. She said, \"Now, finally, my husband will hold me close to him.\" So she named him Levi, which means \"hold close.\"\n\n"
      },
      {
        "tag": "s5",
        "type": "section",
        "text": "\n"
      }
    ]
  },
  "35": {
    "verseObjects": [
      {
        "type": "text",
        "text": "Later she became pregnant again and gave birth to another son. She said, \"This time I will praise Yahweh,\" so she called his name Judah. After that, she did not give birth to any more children.\n\n\n"
      },
      {
        "tag": "s5",
        "type": "section",
        "text": "\n"
      }
    ]
  },
  "front": {
    "verseObjects": [
      {
        "type": "text",
        "text": "\n"
      },
      {
        "tag": "p",
        "type": "paragraph",
        "text": "\n"
      }
    ]
  }
}