{
  "1": {
    "verseObjects": [
      {
        "type": "text",
        "text": "These are those who descended from Esau, whose other name was Edom, and what happened concerning them.\n"
      }
    ]
  },
  "2": {
    "verseObjects": [
      {
        "type": "text",
        "text": "Esau married three women from Canaan land: Adah, the daughter of Elon the Hittite; Oholibamah, who was the daughter of Anah and granddaughter of Zibeon the Hittite;\n"
      }
    ]
  },
  "3": {
    "verseObjects": [
      {
        "type": "text",
        "text": "and Basemath, who was the daughter of Ishmael and sister of Nebaioth.\n\n"
      },
      {
        "tag": "s5",
        "type": "section",
        "text": "\n"
      }
    ]
  },
  "4": {
    "verseObjects": [
      {
        "type": "text",
        "text": "Esau's wife Adah gave birth to Eliphaz. Basemath gave birth to Reuel.\n"
      }
    ]
  },
  "5": {
    "verseObjects": [
      {
        "type": "text",
        "text": "Oholibamah gave birth to Jeush, Jalam, and Korah. All these sons of Esau were born while he was living in Canaan land.\n\n"
      },
      {
        "tag": "s5",
        "type": "section",
        "text": "\n"
      },
      {
        "tag": "p",
        "type": "paragraph",
        "text": "\n"
      }
    ]
  },
  "8": {
    "verseObjects": [
      {
        "type": "text",
        "text": "They went to live in the hill country of Seir.\n\n"
      },
      {
        "tag": "s5",
        "type": "section",
        "text": "\n"
      },
      {
        "tag": "p",
        "type": "paragraph",
        "text": "\n"
      }
    ]
  },
  "9": {
    "verseObjects": [
      {
        "type": "text",
        "text": "These are those who descended from Esau, the ancestor of the Edom people group who live in the Seir area.\n"
      }
    ]
  },
  "10": {
    "verseObjects": [
      {
        "type": "text",
        "text": "Esau's wife Adah gave birth to Eliphaz, and Esau's wife Basemath gave birth to Reuel.\n"
      }
    ]
  },
  "11": {
    "verseObjects": [
      {
        "type": "text",
        "text": "The sons of Eliphaz were Teman, Omar, Zepho, Gatam, and Kenaz.\n"
      }
    ]
  },
  "12": {
    "verseObjects": [
      {
        "type": "text",
        "text": "Esau's son Eliphaz also had a concubine. Her name was Timna. She gave birth to Amalek. Those six men were grandsons of Esau's wife Adah.\n\n"
      },
      {
        "tag": "s5",
        "type": "section",
        "text": "\n"
      },
      {
        "tag": "p",
        "type": "paragraph",
        "text": "\n"
      }
    ]
  },
  "13": {
    "verseObjects": [
      {
        "type": "text",
        "text": "Reuel's sons were Nahath, Zerah, Shammah, and Mizzah. They were grandsons of Esau's wife Basemath.\n"
      },
      {
        "tag": "p",
        "type": "paragraph",
        "text": "\n"
      }
    ]
  },
  "14": {
    "verseObjects": [
      {
        "type": "text",
        "text": "Esau's wife Oholibamah, who was the daughter of Anah and granddaughter of Zibeon, gave birth to three sons: Jeush, Jalam, and Korah.\n\n"
      },
      {
        "tag": "s5",
        "type": "section",
        "text": "\n"
      },
      {
        "tag": "p",
        "type": "paragraph",
        "text": "\n"
      }
    ]
  },
  "15": {
    "verseObjects": [
      {
        "type": "text",
        "text": "These are the chiefs among the descendants of Esau. The descendants of Eliphaz, his firstborn son, these were the chiefs: Teman, Omar, Zepho, Kenaz,\n"
      }
    ]
  },
  "16": {
    "verseObjects": [
      {
        "type": "text",
        "text": "Korah, Gatam, and Amalek people groups. These were chiefs that descended from Eliphaz who lived in Edom; they were grandsons of Adah.\n\n"
      },
      {
        "tag": "s5",
        "type": "section",
        "text": "\n"
      },
      {
        "tag": "p",
        "type": "paragraph",
        "text": "\n"
      }
    ]
  },
  "17": {
    "verseObjects": [
      {
        "type": "text",
        "text": "The sons of Esau's son Reuel were ancestors of the Nahath, Zerah, Shammah, and Mizzah people groups. They were descended from Esau's wife Basemath. They also lived in Edom.\n"
      },
      {
        "tag": "p",
        "type": "paragraph",
        "text": "\n"
      }
    ]
  },
  "18": {
    "verseObjects": [
      {
        "type": "text",
        "text": "The sons of Esau's wife Oholibamah, whose mother was Anah, were ancestors of the Jeush, Jalam, and Korah people groups.\n"
      },
      {
        "tag": "p",
        "type": "paragraph",
        "text": "\n"
      }
    ]
  },
  "19": {
    "verseObjects": [
      {
        "type": "text",
        "text": "That is the list of the sons of Esau, and the people groups who were their descendants.\n\n"
      },
      {
        "tag": "s5",
        "type": "section",
        "text": "\n"
      },
      {
        "tag": "p",
        "type": "paragraph",
        "text": "\n"
      }
    ]
  },
  "20": {
    "verseObjects": [
      {
        "type": "text",
        "text": "This is a list of the descendants of Seir, who belonged to the Hor people group, who were the first people group who lived in the region of Edom: Lotan, Shobal, Zibeon, Anah,\n"
      }
    ]
  },
  "21": {
    "verseObjects": [
      {
        "type": "text",
        "text": "Dishon, Ezer, and Dishan. Those seven men each became ancestors of a people group. Each of the people groups had the same name as the name of their ancestor.\n"
      },
      {
        "tag": "p",
        "type": "paragraph",
        "text": "\n"
      }
    ]
  },
  "22": {
    "verseObjects": [
      {
        "type": "text",
        "text": "The sons of Lotan were Hori and Heman. Lotan's sister was Timna.\n\n"
      },
      {
        "tag": "s5",
        "type": "section",
        "text": "\n"
      },
      {
        "tag": "p",
        "type": "paragraph",
        "text": "\n"
      }
    ]
  },
  "23": {
    "verseObjects": [
      {
        "type": "text",
        "text": "The sons of Shobal were Alvan, Manahath, Ebal, Shepho, and Onam.\n"
      },
      {
        "tag": "p",
        "type": "paragraph",
        "text": "\n"
      }
    ]
  },
  "24": {
    "verseObjects": [
      {
        "type": "text",
        "text": "The sons of Zibeon were Aiah and Anah. This Anah was the one who discovered the hot springs in the desert while he was taking care of his father Zibeon's donkeys.\n\n"
      },
      {
        "tag": "s5",
        "type": "section",
        "text": "\n"
      },
      {
        "tag": "p",
        "type": "paragraph",
        "text": "\n"
      }
    ]
  },
  "25": {
    "verseObjects": [
      {
        "type": "text",
        "text": "Anah had two children—a son named Dishon and a daughter named Oholibamah.\n"
      },
      {
        "tag": "p",
        "type": "paragraph",
        "text": "\n"
      }
    ]
  },
  "26": {
    "verseObjects": [
      {
        "type": "text",
        "text": "Dishon's sons were Hemdan, Eshban, Ithran, and Keran.\n"
      },
      {
        "tag": "p",
        "type": "paragraph",
        "text": "\n"
      }
    ]
  },
  "27": {
    "verseObjects": [
      {
        "type": "text",
        "text": "Ezer's sons were Bilhan, Zaavan, and Akan.\n"
      },
      {
        "tag": "p",
        "type": "paragraph",
        "text": "\n"
      }
    ]
  },
  "28": {
    "verseObjects": [
      {
        "type": "text",
        "text": "Dishan's sons were Uz and Aran.\n\n"
      },
      {
        "tag": "s5",
        "type": "section",
        "text": "\n"
      },
      {
        "tag": "p",
        "type": "paragraph",
        "text": "\n"
      }
    ]
  },
  "31": {
    "verseObjects": [
      {
        "type": "text",
        "text": "These are the names of the kings who ruled in Edom before any kings ruled over the Israelites.\n"
      }
    ]
  },
  "32": {
    "verseObjects": [
      {
        "type": "text",
        "text": "Beor's son Bela became the first king in Edom. The city where he lived was named Dinhabah.\n"
      },
      {
        "tag": "p",
        "type": "paragraph",
        "text": "\n"
      }
    ]
  },
  "33": {
    "verseObjects": [
      {
        "type": "text",
        "text": "When Bela died, Zerah's son Jobab became the king. He was from the city of Bozrah.\n\n"
      },
      {
        "tag": "s5",
        "type": "section",
        "text": "\n"
      },
      {
        "tag": "p",
        "type": "paragraph",
        "text": "\n"
      }
    ]
  },
  "34": {
    "verseObjects": [
      {
        "type": "text",
        "text": "When Jobab died, Husham became the king. He was from the region where the Teman people group lived.\n"
      },
      {
        "tag": "p",
        "type": "paragraph",
        "text": "\n"
      }
    ]
  },
  "35": {
    "verseObjects": [
      {
        "type": "text",
        "text": "When Husham died, Bedad's son Hadan became the king. Husham's army fought the army of the Midian people group in the region of Moab and defeated them. The city where Husham lived was Avith.\n"
      },
      {
        "tag": "p",
        "type": "paragraph",
        "text": "\n"
      }
    ]
  },
  "36": {
    "verseObjects": [
      {
        "type": "text",
        "text": "When Hadad died, Samlah became the king. He was from Masrekah.\n\n"
      },
      {
        "tag": "s5",
        "type": "section",
        "text": "\n"
      },
      {
        "tag": "p",
        "type": "paragraph",
        "text": "\n"
      }
    ]
  },
  "37": {
    "verseObjects": [
      {
        "type": "text",
        "text": "When Samlah died, Shaul became the king. He was from Rehoboth, that was beside the Euphrates river.\n"
      },
      {
        "tag": "p",
        "type": "paragraph",
        "text": "\n"
      }
    ]
  },
  "38": {
    "verseObjects": [
      {
        "type": "text",
        "text": "When Shaul died, Akbor's son Baal-Hanan became king.\n"
      },
      {
        "tag": "p",
        "type": "paragraph",
        "text": "\n"
      }
    ]
  },
  "39": {
    "verseObjects": [
      {
        "type": "text",
        "text": "When Akbor's son Baal-Hanan died, Hadad became king. The city where he lived was named Pau. His wife's name was Mehetabel. She was the daughter of Matred, who was the daughter of Me Zahab.\n\n"
      },
      {
        "tag": "s5",
        "type": "section",
        "text": "\n"
      },
      {
        "tag": "p",
        "type": "paragraph",
        "text": "\n"
      }
    ]
  },
  "front": {
    "verseObjects": [
      {
        "type": "text",
        "text": "\n"
      },
      {
        "tag": "p",
        "type": "paragraph",
        "text": "\n"
      }
    ]
  },
  "6-7": {
    "verseObjects": [
      {
        "type": "text",
        "text": "Jacob and Esau had very many possessions. For this reason, they needed more land for their livestock. The land where they were living was not big enough for all their livestock. So Esau, whose other name was Edom, had taken his wives and sons and daughters and all the other members of his household, his sheep and goats and his other animals, and all the other things he had obtained in Canaan land, and they had moved to an area that was away from Jacob.\n"
      }
    ]
  },
  "29-30": {
    "verseObjects": [
      {
        "type": "text",
        "text": "The people groups who were descendants of Hor lived in Seir land. The names of the people groups are Lotan, Shobal, Zibeon, Anah, Dishon, Ezer, and Dishan.\n\n"
      },
      {
        "tag": "s5",
        "type": "section",
        "text": "\n"
      },
      {
        "tag": "p",
        "type": "paragraph",
        "text": "\n"
      }
    ]
  },
  "40-43": {
    "verseObjects": [
      {
        "type": "text",
        "text": "Here is a list of all the people groups that were descendants of Esau: Timna, Alvah, Jetheth, Oholibamah, Elah, Pinon, Kenaz, Teman, Mibzar, Magdiel, and Iram. They all lived in the land of Edom. The land where each people group lived got the same name as the name of the people group.\n\n\n"
      },
      {
        "tag": "s5",
        "type": "section",
        "text": "\n"
      }
    ]
  }
}