{
  "1": {
    "verseObjects": [
      {
        "type": "text",
        "text": "Joseph fell on his father's face and he cried over him and kissed him.\n"
      }
    ]
  },
  "2": {
    "verseObjects": [
      {
        "type": "text",
        "text": "Joseph commanded his servants who prepared the dead for burial to embalm his father's body.\n"
      }
    ]
  },
  "3": {
    "verseObjects": [
      {
        "type": "text",
        "text": "It took forty days to embalm Jacob's body, because that is the amount of time that was always required for them to embalm a body. The people of Egypt cried for seventy days because of Jacob's death.\n\n"
      },
      {
        "tag": "s5",
        "type": "section",
        "text": "\n"
      }
    ]
  },
  "4": {
    "verseObjects": [
      {
        "type": "text",
        "text": "When the time of mourning was finished, Joseph said to the king's officials, \"If you are pleased with me, please take this message to the king:\n"
      }
    ]
  },
  "5": {
    "verseObjects": [
      {
        "type": "text",
        "text": "'When my father was about to die, he told me to solemnly promise that I would bury his body in Canaan land, in the tomb that he himself had prepared. So please let me go up to Canaan and bury my father's body. Then I will return.'\"\n"
      },
      {
        "tag": "p",
        "type": "paragraph",
        "text": "\n"
      }
    ]
  },
  "6": {
    "verseObjects": [
      {
        "type": "text",
        "text": "After they gave the king the message, he replied, \"Tell Joseph, 'Go up and bury your father's body, as you swore that you would do.'\"\n\n"
      },
      {
        "tag": "s5",
        "type": "section",
        "text": "\n"
      }
    ]
  },
  "7": {
    "verseObjects": [
      {
        "type": "text",
        "text": "So Joseph went up to Canaan to bury his father's body. All of the king's officials, all the king's advisors, and all the elders in Egypt went with him.\n"
      }
    ]
  },
  "8": {
    "verseObjects": [
      {
        "type": "text",
        "text": "His family's small children and their sheep and goats and their cattle stayed in the region of Goshen. But all the rest of Joseph's family and his brothers and his father's family went with him.\n"
      }
    ]
  },
  "9": {
    "verseObjects": [
      {
        "type": "text",
        "text": "Men riding in chariots and on horses also went along. It was a huge group.\n\n"
      },
      {
        "tag": "s5",
        "type": "section",
        "text": "\n"
      },
      {
        "tag": "p",
        "type": "paragraph",
        "text": "\n"
      }
    ]
  },
  "10": {
    "verseObjects": [
      {
        "type": "text",
        "text": "They went to the east side of the Jordan River and arrived at Atad. There was a place there where people threshed the grain to separate the wheat from the chaff. There they mourned loudly for Jacob for a long time. Joseph performed mourning ceremonies for his father for seven days.\n"
      }
    ]
  },
  "11": {
    "verseObjects": [
      {
        "type": "text",
        "text": "When the Canaan people group who lived there saw them mourning like that, they said, \"This is a sad mourning place for the people of Egypt!\" So they named the place Abel Mizraim, which sounds like the Hebrew words that mean \"mourning of the Egyptians.\"\n\n"
      },
      {
        "tag": "s5",
        "type": "section",
        "text": " \n"
      },
      {
        "tag": "p",
        "type": "paragraph",
        "text": "\n"
      }
    ]
  },
  "12": {
    "verseObjects": [
      {
        "type": "text",
        "text": "Then Jacob's sons did for him what their father had commanded.\n"
      }
    ]
  },
  "13": {
    "verseObjects": [
      {
        "type": "text",
        "text": "They crossed the Jordan River and carried Jacob's body into Canaan land. They buried it in the cave in the field at Machpelah, east of Mamre town. That was the field that Abraham had bought from Ephron, who was one of the Heth people group, to use as a burial place.\n"
      },
      {
        "tag": "p",
        "type": "paragraph",
        "text": "\n"
      }
    ]
  },
  "14": {
    "verseObjects": [
      {
        "type": "text",
        "text": "After he had buried his father, Joseph and his brothers and all the others who had gone up to Canaan with him for the funeral returned to Egypt.\n\n\n"
      },
      {
        "tag": "s5",
        "type": "section",
        "text": "\n"
      },
      {
        "tag": "p",
        "type": "paragraph",
        "text": "\n"
      }
    ]
  },
  "15": {
    "verseObjects": [
      {
        "type": "text",
        "text": "After Jacob died, Joseph's brothers became worried. They realized what might happen. They said, \"What will happen if Joseph is carrying hatred for us and wants to take revenge on us, because of all the evil things we did to him many years ago?\"\n"
      }
    ]
  },
  "16": {
    "verseObjects": [
      {
        "type": "text",
        "text": "So they sent someone to tell this to Joseph for them: \"Before our father died, he told us this:\n"
      }
    ]
  },
  "17": {
    "verseObjects": [
      {
        "type": "text",
        "text": "'Say to Joseph, Please forgive your older brothers for the evil thing that they did to you, for their terrible sin against you, because what they did to you was very wrong.' So now we, who are servants of your father's God, ask you, please forgive us for what we did to you.\" Joseph cried when he received their message.\n\n"
      },
      {
        "tag": "s5",
        "type": "section",
        "text": "\n"
      }
    ]
  },
  "18": {
    "verseObjects": [
      {
        "type": "text",
        "text": "Then his older brothers themselves came and threw themselves on the ground in front of Joseph, and one of them said, \"Please listen. We will be your servants.\"\n"
      }
    ]
  },
  "19": {
    "verseObjects": [
      {
        "type": "text",
        "text": "But Joseph replied to them, \"Do not be afraid! God is the one who punishes people; am I God?\n"
      }
    ]
  },
  "20": {
    "verseObjects": [
      {
        "type": "text",
        "text": "As for you, yes, you wanted to do something very evil to me. But God caused something good to come from it! He wanted to save many people from dying of hunger, and that is what happened! Today they are alive!\n"
      }
    ]
  },
  "21": {
    "verseObjects": [
      {
        "type": "text",
        "text": "So I say again, do not be afraid! I will make sure that you and your children have enough to eat.\" In this way he reassured them as he spoke to them.\n\n"
      },
      {
        "tag": "s5",
        "type": "section",
        "text": "\n"
      },
      {
        "tag": "p",
        "type": "paragraph",
        "text": "\n"
      }
    ]
  },
  "22": {
    "verseObjects": [
      {
        "type": "text",
        "text": "Joseph lived with his father's family in Egypt until he was 110 years old.\n"
      }
    ]
  },
  "23": {
    "verseObjects": [
      {
        "type": "text",
        "text": "He lived long enough to see Ephraim's children and grandchildren. The children of Joseph's grandson Machir, who was Manasseh's son, were born before Joseph died, and they were recognized as being his descendants.\n\n"
      },
      {
        "tag": "s5",
        "type": "section",
        "text": "\n"
      }
    ]
  },
  "24": {
    "verseObjects": [
      {
        "type": "text",
        "text": "One day Joseph said to his older brothers, \"I am about to die. But God will certainly help you. Some day he will lead your descendants up out of this land and take them to Canaan, the land that he solemnly promised to give to Abraham, Isaac, and Jacob.\"\n"
      }
    ]
  },
  "25": {
    "verseObjects": [
      {
        "type": "text",
        "text": "Then Joseph said, \"When God enables you to do that, you must take my body up from here to Canaan.\" He made his older brothers solemnly promise to do that.\n"
      },
      {
        "tag": "p",
        "type": "paragraph",
        "text": "\n"
      }
    ]
  },
  "26": {
    "verseObjects": [
      {
        "type": "text",
        "text": "So Joseph died in Egypt when he was 110 years old. His body was embalmed and put in a coffin there.\n\n\n"
      }
    ]
  },
  "front": {
    "verseObjects": [
      {
        "tag": "p",
        "type": "paragraph",
        "text": "\n"
      }
    ]
  }
}