{
  "1": {
    "verseObjects": [
      {
        "type": "text",
        "text": "हे भाइयों, यदि कोई मनुष्य किसी अपराध में पकड़ा जाए, तो तुम जो आत्मिक हो, नम्रता के साथ ऐसे को संभालो, और अपनी भी देख-रेख करो, कि तुम भी परीक्षा में न पड़ो।\n"
      }
    ]
  },
  "2": {
    "verseObjects": [
      {
        "type": "text",
        "text": "तुम एक दूसरे के भार उठाओ*, और इस प्रकार मसीह की व्यवस्था को पूरी करो।\n"
      },
      {
        "tag": "p",
        "type": "paragraph",
        "text": "\n"
      },
      {
        "tag": "s5",
        "type": "section",
        "text": "\n"
      }
    ]
  },
  "3": {
    "verseObjects": [
      {
        "type": "text",
        "text": "क्योंकि यदि कोई कुछ न होने पर भी अपने आप को कुछ समझता है, तो अपने आप को धोखा देता है।\n"
      }
    ]
  },
  "4": {
    "verseObjects": [
      {
        "type": "text",
        "text": "पर हर एक अपने ही काम को जाँच ले*, और तब दूसरे के विषय में नहीं परन्तु अपने ही विषय में उसको घमण्ड करने का अवसर होगा।\n"
      }
    ]
  },
  "5": {
    "verseObjects": [
      {
        "type": "text",
        "text": "क्योंकि हर एक व्यक्ति अपना ही बोझ उठाएगा।\n"
      },
      {
        "tag": "s",
        "type": "section",
        "text": "जीवन खेत बोने जैसा है\n"
      },
      {
        "tag": "p",
        "type": "paragraph",
        "text": "\n"
      },
      {
        "tag": "s5",
        "type": "section",
        "text": "\n"
      }
    ]
  },
  "6": {
    "verseObjects": [
      {
        "type": "text",
        "text": "जो वचन की शिक्षा पाता है, वह सब अच्छी वस्तुओं में सिखानेवाले को भागी करे।\n"
      }
    ]
  },
  "7": {
    "verseObjects": [
      {
        "type": "text",
        "text": "धोखा न खाओ, परमेश्‍वर उपहास में नहीं उड़ाया जाता, क्योंकि मनुष्य जो कुछ बोता है, वही काटेगा।\n"
      }
    ]
  },
  "8": {
    "verseObjects": [
      {
        "type": "text",
        "text": "क्योंकि जो अपने शरीर के लिये बोता है, वह शरीर के द्वारा विनाश की कटनी काटेगा; और जो आत्मा के लिये बोता है, वह आत्मा के द्वारा अनन्त जीवन की कटनी काटेगा।\n"
      },
      {
        "tag": "p",
        "type": "paragraph",
        "text": "\n"
      },
      {
        "tag": "s5",
        "type": "section",
        "text": "\n"
      }
    ]
  },
  "9": {
    "verseObjects": [
      {
        "type": "text",
        "text": "हम भले काम करने में साहस न छोड़े, क्योंकि यदि हम ढीले न हों, तो ठीक समय पर कटनी काटेंगे।\n"
      }
    ]
  },
  "10": {
    "verseObjects": [
      {
        "type": "text",
        "text": "इसलिए जहाँ तक अवसर मिले हम सब के साथ भलाई करें; विशेष करके विश्वासी भाइयों के साथ।\n"
      },
      {
        "tag": "s",
        "type": "section",
        "text": "अन्तिम चेतावनी और शुभकामनाएँ\n"
      },
      {
        "tag": "p",
        "type": "paragraph",
        "text": "\n"
      },
      {
        "tag": "s5",
        "type": "section",
        "text": "\n"
      }
    ]
  },
  "11": {
    "verseObjects": [
      {
        "type": "text",
        "text": "देखो, मैंने कैसे बड़े-बड़े अक्षरों में तुम को अपने हाथ से लिखा है।\n"
      }
    ]
  },
  "12": {
    "verseObjects": [
      {
        "type": "text",
        "text": "जितने लोग शारीरिक दिखावा चाहते हैं वे तुम्हारे खतना करवाने के लिये दबाव देते हैं, केवल इसलिए कि वे मसीह के क्रूस के कारण सताए न जाएँ।\n"
      }
    ]
  },
  "13": {
    "verseObjects": [
      {
        "type": "text",
        "text": "क्योंकि खतना करानेवाले आप तो, व्यवस्था पर नहीं चलते, पर तुम्हारा खतना कराना इसलिए चाहते हैं, कि तुम्हारी शारीरिक दशा पर घमण्ड करें।\n"
      },
      {
        "tag": "p",
        "type": "paragraph",
        "text": "\n"
      },
      {
        "tag": "s5",
        "type": "section",
        "text": "\n"
      }
    ]
  },
  "14": {
    "verseObjects": [
      {
        "type": "text",
        "text": "पर ऐसा न हो, कि मैं और किसी बात का घमण्ड करूँ, केवल हमारे प्रभु यीशु मसीह के क्रूस का जिसके द्वारा संसार मेरी दृष्टि में और मैं संसार की दृष्टि में क्रूस पर चढ़ाया गया हूँ।\n"
      }
    ]
  },
  "15": {
    "verseObjects": [
      {
        "type": "text",
        "text": "क्योंकि न खतना, और न खतनारहित कुछ है, परन्तु नई सृष्टि महत्वपूर्ण है।\n"
      }
    ]
  },
  "16": {
    "verseObjects": [
      {
        "type": "text",
        "text": "और जितने इस नियम पर चलेंगे उन पर, और परमेश्‍वर के इस्राएल पर, शान्ति और दया होती रहे।\n"
      },
      {
        "tag": "p",
        "type": "paragraph",
        "text": "\n"
      },
      {
        "tag": "s5",
        "type": "section",
        "text": "\n"
      }
    ]
  },
  "17": {
    "verseObjects": [
      {
        "type": "text",
        "text": "आगे को कोई मुझे दुःख न दे, क्योंकि मैं यीशु के दागों को अपनी देह में लिये फिरता हूँ*।\n"
      },
      {
        "tag": "p",
        "type": "paragraph",
        "text": "\n"
      }
    ]
  },
  "18": {
    "verseObjects": [
      {
        "type": "text",
        "text": "हे भाइयों, हमारे प्रभु यीशु मसीह का अनुग्रह तुम्हारी आत्मा के साथ रहे। आमीन।"
      }
    ]
  },
  "front": {
    "verseObjects": [
      {
        "tag": "s",
        "type": "section",
        "text": "सबके साथ भलाई करें\n"
      },
      {
        "tag": "p",
        "type": "paragraph",
        "text": "\n"
      }
    ]
  }
}