{
  "1": {
    "verseObjects": [
      {
        "type": "text",
        "text": "In this book is written what Moses had said to all the Israelites, after they had set up their tents east of the Jordan—in the desert plain along the Jordan—near a place named Suph, between Paran on one side of the Jordan River and the towns of Tophel, Laban, Hazeroth, and Dizahab on the other side of the river.\n"
      }
    ]
  },
  "2": {
    "verseObjects": [
      {
        "type": "text",
        "text": "To walk from Mount Sinai to Kadesh Barnea, people usually travel for only eleven days, going by way of the hill country called Edom.\n\n"
      },
      {
        "tag": "s5",
        "type": "section",
        "text": "\n"
      },
      {
        "tag": "p",
        "type": "paragraph",
        "text": "\n"
      }
    ]
  },
  "3": {
    "verseObjects": [
      {
        "type": "text",
        "text": "Forty years after the Israelites had left Egypt, Moses told the Israelite people everything that Yahweh had commanded him.\n"
      }
    ]
  },
  "4": {
    "verseObjects": [
      {
        "type": "text",
        "text": "This was after they had defeated Sihon, the king of the Amor people group, who lived in the city of Heshbon, and Og, the king of the region of Bashan, who lived in towns of Ashtaroth and Edrei.\n\n"
      },
      {
        "tag": "s5",
        "type": "section",
        "text": "\n"
      },
      {
        "tag": "p",
        "type": "paragraph",
        "text": "\n"
      }
    ]
  },
  "5": {
    "verseObjects": [
      {
        "type": "text",
        "text": "Moses told them these things while the people were in Moab, on the east side of the Jordan River. He explained to them God's instructions. This is what he said to them:\n"
      },
      {
        "tag": "p",
        "type": "paragraph",
        "text": "\n"
      }
    ]
  },
  "6": {
    "verseObjects": [
      {
        "type": "text",
        "text": "\"Yahweh our God said to us when we were at Mount Sinai, 'You have stayed for a very long time at the foot of this mountain.\n\n"
      },
      {
        "tag": "s5",
        "type": "section",
        "text": "\n"
      }
    ]
  },
  "7": {
    "verseObjects": [
      {
        "type": "text",
        "text": "So now continue traveling. Go to the hill country where the Amorites live and to the nearby areas—to the plain along the Jordan, to the hill country, to the western foothills, to the southern Judean wilderness, to the Mediterranean seacoast, to all the land of Canaan, to the Lebanon mountains, and northeast to the great Euphrates River.\n"
      }
    ]
  },
  "8": {
    "verseObjects": [
      {
        "type": "text",
        "text": "I will give that land to you. I, Yahweh, promised to your ancestors Abraham and Isaac and Jacob that I would give it to them and to their descendants. So now go and occupy it.'\"\n\n"
      },
      {
        "tag": "s5",
        "type": "section",
        "text": "\n"
      },
      {
        "tag": "p",
        "type": "paragraph",
        "text": "\n"
      }
    ]
  },
  "9": {
    "verseObjects": [
      {
        "type": "text",
        "text": "Moses also said to the people, \"When we were still at Mount Sinai, I said to your ancestors, 'It is a very big task for me to govern all of you. I cannot do it by myself.\n"
      }
    ]
  },
  "10": {
    "verseObjects": [
      {
        "type": "text",
        "text": "Yahweh our God has caused us Israelites to become as numerous as the stars in the sky.\n"
      }
    ]
  },
  "11": {
    "verseObjects": [
      {
        "type": "text",
        "text": "And I hope that Yahweh, the God whom our ancestors worshiped, will cause us to become a thousand times as numerous as we are now and that he will bless us just like he promised to do.\n\n"
      },
      {
        "tag": "s5",
        "type": "section",
        "text": "\n"
      }
    ]
  },
  "12": {
    "verseObjects": [
      {
        "type": "text",
        "text": "But I certainly cannot deal with all of your complaints and disputes.\n"
      }
    ]
  },
  "13": {
    "verseObjects": [
      {
        "type": "text",
        "text": "So choose some men from your tribes who are wise and who have good sense and who are respected. Then I will appoint them to be your leaders.'\n"
      },
      {
        "tag": "p",
        "type": "paragraph",
        "text": "\n"
      }
    ]
  },
  "14": {
    "verseObjects": [
      {
        "type": "text",
        "text": "Your ancestors replied, 'What you have suggested is good for us to do.'\n\n"
      },
      {
        "tag": "s5",
        "type": "section",
        "text": "\n"
      },
      {
        "tag": "p",
        "type": "paragraph",
        "text": "\n"
      }
    ]
  },
  "15": {
    "verseObjects": [
      {
        "type": "text",
        "text": "So I took the wise and respected men that your ancestors chose from your tribes, and I appointed them to be your leaders. I appointed some to rule over one thousand people, some to have authority over one hundred people, some to have authority over fifty people, and some to have authority over ten people. I also appointed other officers from throughout your tribes.\n"
      }
    ]
  },
  "16": {
    "verseObjects": [
      {
        "type": "text",
        "text": "I instructed your leaders, 'Listen to the disputes that occur among your people. Judge each dispute, including disputes between close relatives and quarrels between your people and people from other countries who live among you.\n\n"
      },
      {
        "tag": "s5",
        "type": "section",
        "text": "\n"
      }
    ]
  },
  "17": {
    "verseObjects": [
      {
        "type": "text",
        "text": "You must not play favorites. You must treat poor people and important people equally. You must not worry about what anyone will think, because you will decide matters as God wants you to. If any dispute is very difficult and you are unable to decide it, bring it to me, and I will decide.'\n"
      }
    ]
  },
  "18": {
    "verseObjects": [
      {
        "type": "text",
        "text": "At that time I also told to you many other things.\"\n\n"
      },
      {
        "tag": "s5",
        "type": "section",
        "text": "\n"
      },
      {
        "tag": "p",
        "type": "paragraph",
        "text": "\n"
      }
    ]
  },
  "19": {
    "verseObjects": [
      {
        "type": "text",
        "text": "\"Then, just like Yahweh our God commanded us, we left Mount Sinai and went through that huge desert that is very dangerous, on the road to the hill country where the Amor people group live. We arrived at Kadesh Barnea.\n\n"
      },
      {
        "tag": "s5",
        "type": "section",
        "text": "\n"
      }
    ]
  },
  "20": {
    "verseObjects": [
      {
        "type": "text",
        "text": "I said to your ancestors, 'We have now come to the hill country where the Amor people group live. This is part of the area that Yahweh our God, the one whom our ancestors worshiped, is giving to us.\n"
      }
    ]
  },
  "21": {
    "verseObjects": [
      {
        "type": "text",
        "text": "Note that Yahweh our God is giving this land to us. So go and occupy it as he commanded. Do not be at all afraid.'\n\n"
      },
      {
        "tag": "s5",
        "type": "section",
        "text": "\n"
      },
      {
        "tag": "p",
        "type": "paragraph",
        "text": "\n"
      }
    ]
  },
  "22": {
    "verseObjects": [
      {
        "type": "text",
        "text": "But your ancestors all came to me and said, 'Before we go, we should first send some men there to explore the land, in order that they can return and tell us which will be the best road to go there and what kind of towns are there.'\n"
      },
      {
        "tag": "p",
        "type": "paragraph",
        "text": "\n"
      }
    ]
  },
  "23": {
    "verseObjects": [
      {
        "type": "text",
        "text": "I thought that it would be good to do that, so I chose twelve men, one man from each tribe.\n"
      }
    ]
  },
  "24": {
    "verseObjects": [
      {
        "type": "text",
        "text": "They went up into the hill country as far as Eshcol Valley, and they explored all that area.\n\n"
      },
      {
        "tag": "s5",
        "type": "section",
        "text": "\n"
      }
    ]
  },
  "25": {
    "verseObjects": [
      {
        "type": "text",
        "text": "They picked some of the fruit that they found there and brought it to us. They reported that the land that Yahweh our God was giving to us is very good.\"\n\n"
      },
      {
        "tag": "s5",
        "type": "section",
        "text": "\n"
      },
      {
        "tag": "p",
        "type": "paragraph",
        "text": "\n"
      }
    ]
  },
  "26": {
    "verseObjects": [
      {
        "type": "text",
        "text": "\"But your ancestors refused to go and conquer that land. They rebelled against what Yahweh our God had commanded them to do, and they would not go into that land.\n"
      }
    ]
  },
  "27": {
    "verseObjects": [
      {
        "type": "text",
        "text": "Your ancestors stayed in their tents and complained. They said, 'Yahweh hates us. So he has brought us here from Egypt just to allow the Amor people group to destroy us.\n"
      }
    ]
  },
  "28": {
    "verseObjects": [
      {
        "type": "text",
        "text": "We do not want to go there. The men whom we sent there have made us very discouraged. They have told us that the people there are much stronger and taller than we are, and that there are very high walls around their towns. Also they reported that they had seen giants there that are descendants of Anak.'\n\n"
      },
      {
        "tag": "s5",
        "type": "section",
        "text": "\n"
      },
      {
        "tag": "p",
        "type": "paragraph",
        "text": "\n"
      }
    ]
  },
  "29": {
    "verseObjects": [
      {
        "type": "text",
        "text": "Then I said to your ancestors, 'Do not be afraid at all of those people!\n"
      }
    ]
  },
  "30": {
    "verseObjects": [
      {
        "type": "text",
        "text": "Yahweh our God will go ahead of you, and he will fight for you, just like you saw him do for you in Egypt\n"
      }
    ]
  },
  "31": {
    "verseObjects": [
      {
        "type": "text",
        "text": "and in the desert. You saw how he brought you safely here, like a man would carry his son. '\n\n"
      },
      {
        "tag": "s5",
        "type": "section",
        "text": "\n"
      },
      {
        "tag": "p",
        "type": "paragraph",
        "text": "\n"
      }
    ]
  },
  "34": {
    "verseObjects": [
      {
        "type": "text",
        "text": "Yahweh heard what they said, and he became angry. He solemnly declared,\n"
      }
    ]
  },
  "37": {
    "verseObjects": [
      {
        "type": "text",
        "text": "But because of what your ancestors did, Yahweh was also angry with me. He said to me, 'You also will not go enter that land.\n"
      }
    ]
  },
  "38": {
    "verseObjects": [
      {
        "type": "text",
        "text": "Joshua son of Nun, who is your helper, will enter it. Encourage him, because he is the one who will enable you Israelite people to occupy that land.'\n\n"
      },
      {
        "tag": "s5",
        "type": "section",
        "text": "\n"
      },
      {
        "tag": "p",
        "type": "paragraph",
        "text": "\n"
      }
    ]
  },
  "39": {
    "verseObjects": [
      {
        "type": "text",
        "text": "Then Yahweh said to all of us, 'You said that your children would be captured by your enemies. Because they are very young, they do not yet know what is good and what is evil. But they are the ones to whom I will give that land, and they will enter it and occupy it.\n"
      }
    ]
  },
  "40": {
    "verseObjects": [
      {
        "type": "text",
        "text": "But as for you, turn around and go back into the desert, toward the Sea of Reeds.'\n\n"
      },
      {
        "tag": "s5",
        "type": "section",
        "text": "\n"
      },
      {
        "tag": "p",
        "type": "paragraph",
        "text": "\n"
      }
    ]
  },
  "41": {
    "verseObjects": [
      {
        "type": "text",
        "text": "Then your ancestors replied, 'We have sinned; we have disobeyed Yahweh. So we will go and attack the people who live in that land, just as Yahweh our God has commanded us to do.' And each of their men put on his weapons, and they thought that it would be easy to invade the hill country.\n"
      },
      {
        "tag": "p",
        "type": "paragraph",
        "text": "\n"
      }
    ]
  },
  "42": {
    "verseObjects": [
      {
        "type": "text",
        "text": "But Yahweh said to me, 'Tell them, \"Do not go there and attack those people, because I will not go with you, and if you go, you can be sure that your enemy will defeat you.\"'\n\n"
      },
      {
        "tag": "s5",
        "type": "section",
        "text": "\n"
      },
      {
        "tag": "p",
        "type": "paragraph",
        "text": "\n"
      }
    ]
  },
  "43": {
    "verseObjects": [
      {
        "type": "text",
        "text": "So I said that to your ancestors, but they did not want to listen to what I said. They again rebelled against what Yahweh commanded them to do. Their soldiers proudly marched up into that hill country.\n"
      }
    ]
  },
  "44": {
    "verseObjects": [
      {
        "type": "text",
        "text": "Then the men of the Amor people group who lived in that region came out of their towns and attacked those soldiers. They chased your ancestors' soldiers like a swarm of bees would chase a person, and they pursued their men south from Edom and defeated them at the city of Hormah.\n\n"
      },
      {
        "tag": "s5",
        "type": "section",
        "text": "\n"
      }
    ]
  },
  "45": {
    "verseObjects": [
      {
        "type": "text",
        "text": "So your ancestors went back to Kadesh Barnea and cried out to request Yahweh to help them, but he did not listen to them. He did not pay any attention to them.\n"
      }
    ]
  },
  "46": {
    "verseObjects": [
      {
        "type": "text",
        "text": "So we stayed there at Kadesh Barnea for a long time.\"\n\n\n"
      },
      {
        "tag": "s5",
        "type": "section",
        "text": "\n"
      }
    ]
  },
  "front": {
    "verseObjects": [
      {
        "tag": "p",
        "type": "paragraph",
        "text": "\n"
      }
    ]
  },
  "32-33": {
    "verseObjects": [
      {
        "type": "text",
        "text": "I reminded them that he always went ahead of them while they traveled in the desert. He directed them by a pillar of fire during the night and a pillar of cloud during the day. He showed them places to set up their tents. But in spite of what I said, your ancestors would not trust Yahweh our God.\n\n"
      },
      {
        "tag": "s5",
        "type": "section",
        "text": "\n"
      },
      {
        "tag": "p",
        "type": "paragraph",
        "text": "\n"
      }
    ]
  },
  "35-36": {
    "verseObjects": [
      {
        "type": "text",
        "text": "'Caleb son of Jephunneh, will enter the land. He has obeyed me completely. So I will give to him and to his descendants some of the land that he explored. He is the only one of all you people who will enter that land. None of these evil people will ever see that good land which I solemnly promised to give to your ancestors.'\n\n"
      },
      {
        "tag": "s5",
        "type": "section",
        "text": "\n"
      },
      {
        "tag": "p",
        "type": "paragraph",
        "text": "\n"
      }
    ]
  }
}