{
  "1": {
    "verseObjects": [
      {
        "type": "text",
        "text": "\"Listen to me, all you who are in the heavens,\n"
      },
      {
        "tag": "q",
        "type": "quote",
        "text": "and all you who are on the earth, listen to what I say.\n"
      },
      {
        "tag": "q",
        "nextChar": "\n",
        "type": "quote"
      }
    ]
  },
  "2": {
    "verseObjects": [
      {
        "type": "text",
        "text": "I wish that my song may help you like the rain helps you,\n"
      },
      {
        "tag": "q",
        "type": "quote",
        "text": "or like the dew on the ground in the morning,\n"
      },
      {
        "tag": "q",
        "type": "quote",
        "text": "or like a gentle rain on the young plants,\n"
      },
      {
        "tag": "q",
        "type": "quote",
        "text": "like showers of rain on the grass.\n"
      },
      {
        "type": "text",
        "text": "\n"
      },
      {
        "tag": "s5",
        "nextChar": "\n",
        "type": "section"
      },
      {
        "tag": "q",
        "nextChar": "\n",
        "type": "quote"
      }
    ]
  },
  "3": {
    "verseObjects": [
      {
        "type": "text",
        "text": "I will praise Yahweh.\n"
      },
      {
        "tag": "q",
        "type": "quote",
        "text": "And all you people should praise how great our God is.\n"
      },
      {
        "tag": "q",
        "nextChar": "\n",
        "type": "quote"
      }
    ]
  },
  "4": {
    "verseObjects": [
      {
        "type": "text",
        "text": "He is like a rock on top of which we are protected;\n"
      },
      {
        "tag": "q",
        "type": "quote",
        "text": "everything that he does is perfect and completely just.\n"
      },
      {
        "tag": "q",
        "type": "quote",
        "text": "He always does what he says that he will do;\n"
      },
      {
        "tag": "q",
        "type": "quote",
        "text": "he never does anything that is wrong.\n"
      },
      {
        "type": "text",
        "text": "\n"
      },
      {
        "tag": "s5",
        "nextChar": "\n",
        "type": "section"
      },
      {
        "tag": "q",
        "nextChar": "\n",
        "type": "quote"
      }
    ]
  },
  "5": {
    "verseObjects": [
      {
        "type": "text",
        "text": "But you Israelite people have been very unfaithful to him;\n"
      },
      {
        "tag": "q",
        "type": "quote",
        "text": "because of your sins, you no longer deserve to be his children.\n"
      },
      {
        "tag": "q",
        "type": "quote",
        "text": "You are extremely wicked and deceitful.\n"
      },
      {
        "tag": "q1",
        "nextChar": "\n",
        "type": "quote"
      }
    ]
  },
  "6": {
    "verseObjects": [
      {
        "type": "text",
        "text": "You foolish and senseless people,\n"
      },
      {
        "tag": "q",
        "type": "quote",
        "text": "is this the way that you should repay Yahweh for all that he has done for you?\n"
      },
      {
        "tag": "q",
        "type": "quote",
        "text": "He is your father; he created you;\n"
      },
      {
        "tag": "q",
        "type": "quote",
        "text": "he caused you to become a nation.\n"
      },
      {
        "type": "text",
        "text": "\n"
      },
      {
        "tag": "s5",
        "nextChar": "\n",
        "type": "section"
      },
      {
        "tag": "q",
        "nextChar": "\n",
        "type": "quote"
      }
    ]
  },
  "7": {
    "verseObjects": [
      {
        "type": "text",
        "text": "Think about what happened long ago;\n"
      },
      {
        "tag": "q",
        "type": "quote",
        "text": "consider what happened to your ancestors.\n"
      },
      {
        "tag": "q",
        "type": "quote",
        "text": "Ask your parents, and they will inform you;\n"
      },
      {
        "tag": "q",
        "type": "quote",
        "text": "ask the older people, and they will tell you.\n"
      },
      {
        "tag": "q",
        "nextChar": "\n",
        "type": "quote"
      }
    ]
  },
  "8": {
    "verseObjects": [
      {
        "type": "text",
        "text": "When God, who is greater than any other god, long ago divided the people into groups,\n"
      },
      {
        "tag": "q",
        "type": "quote",
        "text": "he assigned to the nations their land.\n"
      },
      {
        "tag": "q",
        "type": "quote",
        "text": "He determined where each people group should live\n"
      },
      {
        "tag": "q",
        "type": "quote",
        "text": "and limited to each people group their own gods.\n"
      },
      {
        "type": "text",
        "text": "\n"
      },
      {
        "tag": "s5",
        "nextChar": "\n",
        "type": "section"
      },
      {
        "tag": "q",
        "nextChar": "\n",
        "type": "quote"
      }
    ]
  },
  "9": {
    "verseObjects": [
      {
        "type": "text",
        "text": "But Yahweh decided that we would be his people;\n"
      },
      {
        "tag": "q",
        "type": "quote",
        "text": "he chose us, the descendants of Jacob, to belong to him.\n"
      },
      {
        "tag": "q",
        "nextChar": "\n",
        "type": "quote"
      }
    ]
  },
  "10": {
    "verseObjects": [
      {
        "type": "text",
        "text": "He saw our ancestors when they were in a desert,\n"
      },
      {
        "tag": "q",
        "type": "quote",
        "text": "wandering in a land that was desolate.\n"
      },
      {
        "tag": "q",
        "type": "quote",
        "text": "He protected them and took care of them,\n"
      },
      {
        "tag": "q",
        "type": "quote",
        "text": "as every person takes good care of his own eyes.\n"
      },
      {
        "type": "text",
        "text": "\n"
      },
      {
        "tag": "s5",
        "nextChar": "\n",
        "type": "section"
      },
      {
        "tag": "q",
        "nextChar": "\n",
        "type": "quote"
      }
    ]
  },
  "11": {
    "verseObjects": [
      {
        "type": "text",
        "text": "Yahweh protected his people just like an eagle encourages its babies to fly\n"
      },
      {
        "tag": "q",
        "type": "quote",
        "text": "and flutters over them,\n"
      },
      {
        "tag": "q",
        "type": "quote",
        "text": "spreading its wings and catching them if they start to fall.\n"
      },
      {
        "tag": "q",
        "nextChar": "\n",
        "type": "quote"
      }
    ]
  },
  "12": {
    "verseObjects": [
      {
        "type": "text",
        "text": "Yahweh was the only one who led them;\n"
      },
      {
        "tag": "q",
        "type": "quote",
        "text": "no other foreign god helped them.\n"
      },
      {
        "type": "text",
        "text": "\n"
      },
      {
        "tag": "s5",
        "nextChar": "\n",
        "type": "section"
      },
      {
        "tag": "q",
        "nextChar": "\n",
        "type": "quote"
      }
    ]
  },
  "13": {
    "verseObjects": [
      {
        "type": "text",
        "text": "After they entered the land that Yahweh promised to give to them,\n"
      },
      {
        "tag": "q",
        "type": "quote",
        "text": "Yahweh enabled them to rule the hill country;\n"
      },
      {
        "tag": "q",
        "type": "quote",
        "text": "they ate the crops that grew in the fields.\n"
      },
      {
        "tag": "q",
        "type": "quote",
        "text": "They found honey in the rocks,\n"
      },
      {
        "tag": "q",
        "type": "quote",
        "text": "and their olive trees grew even in stony ground.\n"
      },
      {
        "type": "text",
        "text": "\n"
      },
      {
        "tag": "s5",
        "nextChar": "\n",
        "type": "section"
      },
      {
        "tag": "q",
        "nextChar": "\n",
        "type": "quote"
      }
    ]
  },
  "14": {
    "verseObjects": [
      {
        "type": "text",
        "text": "The cows gave them plenty of curds; the goats gave them plenty of milk,\n"
      },
      {
        "tag": "q",
        "type": "quote",
        "text": "they had well fed sheep and cattle,\n"
      },
      {
        "tag": "q",
        "type": "quote",
        "text": "they had very good wheat,\n"
      },
      {
        "tag": "q",
        "type": "quote",
        "text": "and they made delicious wine from their grapes.\n"
      },
      {
        "type": "text",
        "text": "\n"
      },
      {
        "tag": "s5",
        "nextChar": "\n",
        "type": "section"
      },
      {
        "tag": "q",
        "nextChar": "\n",
        "type": "quote"
      }
    ]
  },
  "15": {
    "verseObjects": [
      {
        "type": "text",
        "text": "The Israelite people became rich and prosperous,\n"
      },
      {
        "tag": "q",
        "type": "quote",
        "text": "but then they rebelled against God;\n"
      },
      {
        "tag": "q",
        "type": "quote",
        "text": "they abandoned him, the one who created them,\n"
      },
      {
        "tag": "q",
        "type": "quote",
        "text": "the one who powerfully saves them.\n"
      },
      {
        "tag": "q",
        "nextChar": "\n",
        "type": "quote"
      }
    ]
  },
  "16": {
    "verseObjects": [
      {
        "type": "text",
        "text": "He abandoned them because they started to worship other gods.\n"
      },
      {
        "tag": "q",
        "type": "quote",
        "text": "Because of their worshiping disgusting idols,\n"
      },
      {
        "tag": "q",
        "type": "quote",
        "text": "he became angry.\n"
      },
      {
        "type": "text",
        "text": "\n"
      },
      {
        "tag": "s5",
        "nextChar": "\n",
        "type": "section"
      },
      {
        "tag": "q",
        "nextChar": "\n",
        "type": "quote"
      }
    ]
  },
  "17": {
    "verseObjects": [
      {
        "type": "text",
        "text": "They offered sacrifices to gods who were really demons,\n"
      },
      {
        "tag": "q",
        "type": "quote",
        "text": "gods that their ancestors had never known;\n"
      },
      {
        "tag": "q",
        "type": "quote",
        "text": "they offered sacrifices to gods that they had recently found out about,\n"
      },
      {
        "tag": "q",
        "type": "quote",
        "text": "gods whom your ancestors had never had any respect for.\n"
      },
      {
        "tag": "q",
        "nextChar": "\n",
        "type": "quote"
      }
    ]
  },
  "18": {
    "verseObjects": [
      {
        "type": "text",
        "text": "They forgot the true God, the one who protects them,\n"
      },
      {
        "tag": "q",
        "type": "quote",
        "text": "the one who created them and caused them to live.\n"
      },
      {
        "type": "text",
        "text": "\n"
      },
      {
        "tag": "s5",
        "nextChar": "\n",
        "type": "section"
      },
      {
        "tag": "q",
        "nextChar": "\n",
        "type": "quote"
      }
    ]
  },
  "19": {
    "verseObjects": [
      {
        "type": "text",
        "text": "When Yahweh saw that they had abandoned him, he became angry,\n"
      },
      {
        "tag": "q",
        "type": "quote",
        "text": "so he rejected the Israelite people who were like his sons and daughters.\n"
      },
      {
        "tag": "q",
        "nextChar": "\n",
        "type": "quote"
      }
    ]
  },
  "20": {
    "verseObjects": [
      {
        "type": "text",
        "text": "He said, 'They are very wicked people,\n"
      },
      {
        "tag": "q",
        "type": "quote",
        "text": "very unfaithful;\n"
      },
      {
        "tag": "q",
        "type": "quote",
        "text": "so I will no longer help them,\n"
      },
      {
        "tag": "q",
        "type": "quote",
        "text": "and then I will watch and see what happens to them.\n"
      },
      {
        "type": "text",
        "text": "\n"
      },
      {
        "tag": "s5",
        "nextChar": "\n",
        "type": "section"
      },
      {
        "tag": "q",
        "nextChar": "\n",
        "type": "quote"
      }
    ]
  },
  "21": {
    "verseObjects": [
      {
        "type": "text",
        "text": "Because they now are worshiping idols, which are not really gods,\n"
      },
      {
        "tag": "q",
        "type": "quote",
        "text": "they have caused me to be like a jealous husband because I want them to worship only me.\n"
      },
      {
        "tag": "q",
        "type": "quote",
        "text": "So now, in order to cause them to become angry,\n"
      },
      {
        "tag": "q",
        "type": "quote",
        "text": "I will now send to attack them an army of a nation of worthless and foolish people.\n"
      },
      {
        "type": "text",
        "text": "\n"
      },
      {
        "tag": "s5",
        "nextChar": "\n",
        "type": "section"
      },
      {
        "tag": "q",
        "nextChar": "\n",
        "type": "quote"
      }
    ]
  },
  "22": {
    "verseObjects": [
      {
        "type": "text",
        "text": "I will be very angry, and I will destroy them\n"
      },
      {
        "tag": "q",
        "type": "quote",
        "text": "like a fire that will burn all the way down to the place where dead people are;\n"
      },
      {
        "tag": "q",
        "type": "quote",
        "text": "that fire will destroy the earth and everything that grows on it,\n"
      },
      {
        "tag": "q",
        "type": "quote",
        "text": "and it will even burn what is down under the mountains.\n"
      },
      {
        "type": "text",
        "text": "\n"
      },
      {
        "tag": "s5",
        "nextChar": "\n",
        "type": "section"
      },
      {
        "tag": "q",
        "nextChar": "\n",
        "type": "quote"
      }
    ]
  },
  "23": {
    "verseObjects": [
      {
        "type": "text",
        "text": "I will pile up on them many disasters;\n"
      },
      {
        "tag": "q",
        "type": "quote",
        "text": "they will feel as though I am shooting all my arrows on them.\n"
      },
      {
        "tag": "q",
        "nextChar": "\n",
        "type": "quote"
      }
    ]
  },
  "24": {
    "verseObjects": [
      {
        "type": "text",
        "text": "They will die because of being hungry and because of having hot fevers\n"
      },
      {
        "tag": "q",
        "type": "quote",
        "text": "and because of terrible diseases;\n"
      },
      {
        "tag": "q",
        "type": "quote",
        "text": "I will send wild animals to attack them,\n"
      },
      {
        "tag": "q",
        "type": "quote",
        "text": "and poisonous snakes to bite them.\n"
      },
      {
        "type": "text",
        "text": "\n"
      },
      {
        "tag": "s5",
        "nextChar": "\n",
        "type": "section"
      },
      {
        "tag": "q",
        "nextChar": "\n",
        "type": "quote"
      }
    ]
  },
  "25": {
    "verseObjects": [
      {
        "type": "text",
        "text": "Outside their houses, their enemies will kill them with swords,\n"
      },
      {
        "tag": "q",
        "type": "quote",
        "text": "and in their homes, their enemies will cause them to be terrified.\n"
      },
      {
        "tag": "q",
        "type": "quote",
        "text": "Their enemies will kill young men and young women,\n"
      },
      {
        "tag": "q",
        "type": "quote",
        "text": "and they will kill infants and old people with gray hair.\n"
      },
      {
        "tag": "q",
        "nextChar": "\n",
        "type": "quote"
      }
    ]
  },
  "26": {
    "verseObjects": [
      {
        "type": "text",
        "text": "I wanted only to scatter them to distant countries\n"
      },
      {
        "tag": "q",
        "type": "quote",
        "text": "in order that no one would ever remember them.\n"
      },
      {
        "type": "text",
        "text": "\n"
      },
      {
        "tag": "s5",
        "nextChar": "\n",
        "type": "section"
      },
      {
        "tag": "q",
        "nextChar": "\n",
        "type": "quote"
      }
    ]
  },
  "27": {
    "verseObjects": [
      {
        "type": "text",
        "text": "But if I did that, their enemies would wrongly boast\n"
      },
      {
        "tag": "q",
        "type": "quote",
        "text": "that they were the ones who had gotten rid of my people;\n"
      },
      {
        "tag": "q",
        "type": "quote",
        "text": "they would say, \"We are the ones who defeated them;\n"
      },
      {
        "tag": "q",
        "type": "quote",
        "text": "it was not Yahweh who has done all these things.\"'\n"
      },
      {
        "type": "text",
        "text": "\n"
      },
      {
        "tag": "s5",
        "nextChar": "\n",
        "type": "section"
      },
      {
        "tag": "q",
        "nextChar": "\n",
        "type": "quote"
      }
    ]
  },
  "28": {
    "verseObjects": [
      {
        "type": "text",
        "text": "You Israelites are a nation of people who do not have any sense.\n"
      },
      {
        "tag": "q",
        "type": "quote",
        "text": "None of you are wise.\n"
      },
      {
        "tag": "q",
        "nextChar": "\n",
        "type": "quote"
      }
    ]
  },
  "29": {
    "verseObjects": [
      {
        "type": "text",
        "text": "If you were wise, you would understand why you would be punished;\n"
      },
      {
        "tag": "q",
        "type": "quote",
        "text": "you would have realized what was going to happen to you.\n"
      },
      {
        "type": "text",
        "text": "\n"
      },
      {
        "tag": "s5",
        "nextChar": "\n",
        "type": "section"
      },
      {
        "tag": "q",
        "nextChar": "\n",
        "type": "quote"
      }
    ]
  },
  "30": {
    "verseObjects": [
      {
        "type": "text",
        "text": "You would have realized why a thousand of your soldiers would be defeated by only one of the enemy soldiers,\n"
      },
      {
        "tag": "q",
        "type": "quote",
        "text": "and why two of your enemies would chase away ten thousand Israelite soldiers.\n"
      },
      {
        "tag": "q",
        "type": "quote",
        "text": "You would realize that this would happen only if God, the one who always defended you, had put you in the hands of your enemies,\n"
      },
      {
        "tag": "q",
        "type": "quote",
        "text": "that Yahweh had abandoned you.\n"
      },
      {
        "tag": "q",
        "nextChar": "\n",
        "type": "quote"
      }
    ]
  },
  "31": {
    "verseObjects": [
      {
        "type": "text",
        "text": "Your enemies know that their gods are not powerful like Yahweh, our God,\n"
      },
      {
        "tag": "q",
        "type": "quote",
        "text": "so their gods could not have defeated us Israelites.\n"
      },
      {
        "type": "text",
        "text": "\n"
      },
      {
        "tag": "s5",
        "nextChar": "\n",
        "type": "section"
      },
      {
        "tag": "q",
        "nextChar": "\n",
        "type": "quote"
      }
    ]
  },
  "32": {
    "verseObjects": [
      {
        "type": "text",
        "text": "Your enemies are like grapevines planted near the ruins of the cities of Sodom and Gomorrah;\n"
      },
      {
        "tag": "q",
        "type": "quote",
        "text": "the grapes from those vines are bitter and poisonous.\n"
      },
      {
        "tag": "q",
        "nextChar": "\n",
        "type": "quote"
      },
      {
        "type": "text",
        "text": "\n"
      },
      {
        "tag": "s5",
        "nextChar": "\n",
        "type": "section"
      }
    ]
  },
  "33": {
    "verseObjects": [
      {
        "type": "text",
        "text": "The wine from those grapes is like the poison of snakes.\n"
      },
      {
        "tag": "q",
        "nextChar": "\n",
        "type": "quote"
      }
    ]
  },
  "34": {
    "verseObjects": [
      {
        "type": "text",
        "text": "Yahweh says, 'I know what I have planned to do to the Israelite people and to their enemies,\n"
      },
      {
        "tag": "q",
        "type": "quote",
        "text": "and I have locked up those plans as someone would lock up his valuable possessions.\n"
      },
      {
        "type": "text",
        "text": "\n"
      },
      {
        "tag": "s5",
        "nextChar": "\n",
        "type": "section"
      },
      {
        "tag": "q",
        "nextChar": "\n",
        "type": "quote"
      }
    ]
  },
  "35": {
    "verseObjects": [
      {
        "type": "text",
        "text": "I am the one who will get revenge and pay those enemies back for what they have done to my people,\n"
      },
      {
        "tag": "q",
        "type": "quote",
        "text": "at the right time for them to be punished;\n"
      },
      {
        "tag": "q",
        "type": "quote",
        "text": "they will soon experience disasters,\n"
      },
      {
        "tag": "q",
        "type": "quote",
        "text": "and I will punish them quickly.'\n"
      },
      {
        "type": "text",
        "text": "\n"
      },
      {
        "tag": "s5",
        "nextChar": "\n",
        "type": "section"
      },
      {
        "tag": "q",
        "nextChar": "\n",
        "type": "quote"
      }
    ]
  },
  "36": {
    "verseObjects": [
      {
        "type": "text",
        "text": "But Yahweh will say that you who are truly his people are innocent,\n"
      },
      {
        "tag": "q",
        "type": "quote",
        "text": "and he will act mercifully toward you who serve him,\n"
      },
      {
        "tag": "q",
        "type": "quote",
        "text": "when he sees that you are helpless,\n"
      },
      {
        "tag": "q",
        "type": "quote",
        "text": "and that there are very few of you, slaves or free people, who are still alive.\n"
      },
      {
        "type": "text",
        "text": "\n"
      },
      {
        "tag": "s5",
        "nextChar": "\n",
        "type": "section"
      },
      {
        "tag": "q",
        "nextChar": "\n",
        "type": "quote"
      }
    ]
  },
  "37": {
    "verseObjects": [
      {
        "type": "text",
        "text": "Then Yahweh will ask you, 'Where are the gods\n"
      },
      {
        "tag": "q2",
        "type": "quote",
        "text": "that you thought would protect you?\n"
      },
      {
        "tag": "q",
        "nextChar": "\n",
        "type": "quote"
      }
    ]
  },
  "38": {
    "verseObjects": [
      {
        "type": "text",
        "text": "You gave to those gods the best parts of the animals that you sacrificed,\n"
      },
      {
        "tag": "q",
        "type": "quote",
        "text": "and you poured out wine for them to drink.\n"
      },
      {
        "tag": "q",
        "type": "quote",
        "text": "So they should rise and help you;\n"
      },
      {
        "tag": "q",
        "type": "quote",
        "text": "they should be the ones who will protect you!\n"
      },
      {
        "type": "text",
        "text": "\n"
      },
      {
        "tag": "s5",
        "nextChar": "\n",
        "type": "section"
      },
      {
        "tag": "q",
        "nextChar": "\n",
        "type": "quote"
      }
    ]
  },
  "39": {
    "verseObjects": [
      {
        "type": "text",
        "text": "But now you will realize that I, only I, am God;\n"
      },
      {
        "tag": "q",
        "type": "quote",
        "text": "there is no other god who is a real god.\n"
      },
      {
        "tag": "q",
        "type": "quote",
        "text": "I am the one who can kill people and who can cause people to live;\n"
      },
      {
        "tag": "q",
        "type": "quote",
        "text": "I can wound people, and I can heal people,\n"
      },
      {
        "tag": "q",
        "type": "quote",
        "text": "and there is no one who can prevent me from doing those things.\n"
      },
      {
        "tag": "q",
        "nextChar": "\n",
        "type": "quote"
      }
    ]
  },
  "40": {
    "verseObjects": [
      {
        "type": "text",
        "text": "I raise my hand toward heaven and solemnly declare\n"
      },
      {
        "tag": "q",
        "type": "quote",
        "text": "that just as sure as I live forever, I will act.\n"
      },
      {
        "type": "text",
        "text": "\n"
      },
      {
        "tag": "s5",
        "nextChar": "\n",
        "type": "section"
      },
      {
        "tag": "q",
        "nextChar": "\n",
        "type": "quote"
      }
    ]
  },
  "41": {
    "verseObjects": [
      {
        "type": "text",
        "text": "When I sharpen my sword\n"
      },
      {
        "tag": "q",
        "type": "quote",
        "text": "and prepare to punish people,\n"
      },
      {
        "tag": "q",
        "type": "quote",
        "text": "I will get revenge on my enemies,\n"
      },
      {
        "tag": "q",
        "type": "quote",
        "text": "and I will pay back those who hate me.\n"
      },
      {
        "type": "text",
        "text": "\n"
      },
      {
        "tag": "s5",
        "nextChar": "\n",
        "type": "section"
      },
      {
        "tag": "q",
        "nextChar": "\n",
        "type": "quote"
      }
    ]
  },
  "42": {
    "verseObjects": [
      {
        "type": "text",
        "text": "I will kill all of my enemies with a sword;\n"
      },
      {
        "tag": "q",
        "type": "quote",
        "text": "it will be as though I had arrows that were covered with their blood.\n"
      },
      {
        "tag": "q",
        "type": "quote",
        "text": "I will kill all those whom I capture\n"
      },
      {
        "tag": "q",
        "type": "quote",
        "text": "and cut off their heads.'\n"
      },
      {
        "type": "text",
        "text": "\n"
      },
      {
        "tag": "s5",
        "nextChar": "\n",
        "type": "section"
      },
      {
        "tag": "q",
        "nextChar": "\n",
        "type": "quote"
      }
    ]
  },
  "43": {
    "verseObjects": [
      {
        "type": "text",
        "text": "You people of all nations, you should praise Yahweh's people,\n"
      },
      {
        "tag": "q",
        "type": "quote",
        "text": "because Yahweh gets revenge on those who kill the people who serve him,\n"
      },
      {
        "tag": "q",
        "type": "quote",
        "text": "and he cleanses his people's land\n"
      },
      {
        "tag": "q",
        "type": "quote",
        "text": "which has become defiled because of their sins.\"\n"
      },
      {
        "type": "text",
        "text": "\n"
      },
      {
        "tag": "s5",
        "nextChar": "\n",
        "type": "section"
      },
      {
        "tag": "p",
        "nextChar": "\n",
        "type": "paragraph"
      }
    ]
  },
  "44": {
    "verseObjects": [
      {
        "type": "text",
        "text": "Joshua and Moses sang that song while the Israelite people were listening.\n"
      }
    ]
  },
  "45": {
    "verseObjects": [
      {
        "type": "text",
        "text": "Then they finished singing to them this song.\n\n"
      },
      {
        "tag": "s5",
        "nextChar": "\n",
        "type": "section"
      }
    ]
  },
  "46": {
    "verseObjects": [
      {
        "type": "text",
        "text": "Moses said, \"Never forget all these commands that I have been giving you today. Teach these laws to your children, in order that they will faithfully obey all of them.\n"
      }
    ]
  },
  "47": {
    "verseObjects": [
      {
        "type": "text",
        "text": "These instructions are very important. If you obey them, you will live a long time in the land that you are about to cross the Jordan River to occupy.\"\n\n\n"
      },
      {
        "tag": "s5",
        "nextChar": "\n",
        "type": "section"
      },
      {
        "tag": "p",
        "nextChar": "\n",
        "type": "paragraph"
      }
    ]
  },
  "48": {
    "verseObjects": [
      {
        "type": "text",
        "text": "On that same day, Yahweh said to Moses,\n"
      }
    ]
  },
  "49": {
    "verseObjects": [
      {
        "type": "text",
        "text": "\"Go to the Abarim mountain range here in the region of Moab, across from Jericho. Climb Mount Nebo and look toward the west to see Canaan, the land that I am about to give to the Israelite people.\n\n"
      },
      {
        "tag": "s5",
        "nextChar": "\n",
        "type": "section"
      }
    ]
  },
  "50": {
    "verseObjects": [
      {
        "type": "text",
        "text": "You will die on that mountain, like your older brother Aaron died on Mount Hor.\n"
      }
    ]
  },
  "51": {
    "verseObjects": [
      {
        "type": "text",
        "text": "You will die because both of you disobeyed me in the presence of the Israelite people, when you all were at the springs of Meribah near Kadesh in the wilderness of Zin. You did not honor and respect me in the presence of the Israelite people in the way that I deserve because I am God.\n"
      }
    ]
  },
  "52": {
    "verseObjects": [
      {
        "type": "text",
        "text": "When you are on that mountain where I told you to go, you will see in the distance in front of you the land that I am about to give to the Israelite people, but you will not enter it.\"\n\n\n"
      },
      {
        "tag": "s5",
        "nextChar": "\n",
        "type": "section"
      }
    ]
  },
  "front": {
    "verseObjects": [
      {
        "tag": "q",
        "nextChar": "\n",
        "type": "quote"
      }
    ]
  }
}