{
  "1": {
    "verseObjects": [
      {
        "type": "text",
        "text": "This saying is trustworthy: If someone desires to be an overseer, he desires a good work.\n"
      }
    ]
  },
  "2": {
    "verseObjects": [
      {
        "type": "text",
        "text": "Therefore the overseer must be without reproach. He must be a husband of one wife. He must be moderate, sensible, orderly, and hospitable. He must be able to teach.\n"
      }
    ]
  },
  "3": {
    "verseObjects": [
      {
        "type": "text",
        "text": "He must not be addicted to wine, not a brawler, but instead, gentle, peaceful. He must not be a lover of money.\n\n"
      },
      {
        "tag": "s5",
        "nextChar": "\n",
        "type": "section"
      }
    ]
  },
  "4": {
    "verseObjects": [
      {
        "type": "text",
        "text": "He should manage his own household well, and his children should obey him with all respect.\n"
      }
    ]
  },
  "5": {
    "verseObjects": [
      {
        "type": "text",
        "text": "For if a man does not know how to manage his own household, how will he care for a church of God?\n"
      },
      {
        "tag": "s5",
        "nextChar": "\n",
        "type": "section"
      }
    ]
  },
  "6": {
    "verseObjects": [
      {
        "type": "text",
        "text": "He should not be a new convert, so that he does not swell with pride and might fall into condemnation as the devil.\n"
      }
    ]
  },
  "7": {
    "verseObjects": [
      {
        "type": "text",
        "text": "He must also have a good reputation with those outside, so that he does not fall into disgrace and the trap of the devil.\n\n"
      },
      {
        "tag": "s5",
        "nextChar": "\n",
        "type": "section"
      }
    ]
  },
  "8": {
    "verseObjects": [
      {
        "type": "text",
        "text": "Deacons, likewise, should be dignified, not double-talkers. They should not drink too much wine or be greedy.\n"
      }
    ]
  },
  "9": {
    "verseObjects": [
      {
        "type": "text",
        "text": "They should keep the revealed truth of the faith with a clean conscience.\n"
      }
    ]
  },
  "10": {
    "verseObjects": [
      {
        "type": "text",
        "text": "They should also be approved first, then they should serve because they are blameless.\n\n"
      },
      {
        "tag": "s5",
        "nextChar": "\n",
        "type": "section"
      }
    ]
  },
  "11": {
    "verseObjects": [
      {
        "type": "text",
        "text": "Women in the same way should be dignified. They should not be slanderers. They should be moderate and faithful in all things.\n"
      }
    ]
  },
  "12": {
    "verseObjects": [
      {
        "type": "text",
        "text": "Deacons must be husbands of one wife. They must manage well their children and household.\n"
      }
    ]
  },
  "13": {
    "verseObjects": [
      {
        "type": "text",
        "text": "For those who have served well acquire for themselves a good standing and great confidence in the faith that is in Christ Jesus.\n\n"
      },
      {
        "tag": "s5",
        "nextChar": "\n",
        "type": "section"
      },
      {
        "tag": "p",
        "nextChar": "\n",
        "type": "paragraph"
      }
    ]
  },
  "14": {
    "verseObjects": [
      {
        "type": "text",
        "text": "I am writing these things to you, and I expect to come to you soon.\n"
      }
    ]
  },
  "15": {
    "verseObjects": [
      {
        "type": "text",
        "text": "But if I delay, I am writing so that you may know how to behave in the household of God, which is the church of the living God, the pillar and support of the truth.\n\n"
      },
      {
        "tag": "s5",
        "nextChar": "\n",
        "type": "section"
      }
    ]
  },
  "16": {
    "verseObjects": [
      {
        "type": "text",
        "text": "It is undeniable that the revealed truth of godliness is great:\n"
      },
      {
        "tag": "q",
        "type": "quote",
        "text": "\"He appeared in the flesh,\n"
      },
      {
        "tag": "q",
        "type": "quote",
        "text": "was justified by the Spirit,\n"
      },
      {
        "tag": "q",
        "type": "quote",
        "text": "was seen by angels,\n"
      },
      {
        "tag": "q",
        "type": "quote",
        "text": "was proclaimed among nations,\n"
      },
      {
        "tag": "q",
        "type": "quote",
        "text": "was believed on in the world,\n"
      },
      {
        "tag": "q",
        "type": "quote",
        "text": "and was taken up in glory.\"\n"
      },
      {
        "type": "text",
        "text": "\n\n"
      },
      {
        "tag": "s5",
        "nextChar": "\n",
        "type": "section"
      }
    ]
  },
  "front": {
    "verseObjects": [
      {
        "tag": "p",
        "nextChar": "\n",
        "type": "paragraph"
      }
    ]
  }
}