{
  "1": {
    "verseObjects": [
      {
        "type": "text",
        "text": "One day a prophet, obeying what Yahweh commanded him to do, went from Judah north to Bethel. He arrived there right at the time that Jeroboam was standing at the altar, ready to burn incense.\n"
      }
    ]
  },
  "2": {
    "verseObjects": [
      {
        "type": "text",
        "text": "Saying what Yahweh told him to say, the prophet shouted, \"This is what Yahweh says about this altar, 'I want you to know that some day a descendant of King David will be born. His name will be Josiah, and he will come here. He will slaughter at this altar the priests who are burning incense for sacrifices on the hills in this area, and he will burn the bones of dead people on this altar.'\"\n"
      }
    ]
  },
  "3": {
    "verseObjects": [
      {
        "type": "text",
        "text": "Then the prophet also said, \"This is what will prove to you that Yahweh has said this: This altar will be split apart, and the ashes that are on it will be scattered.\"\n\n"
      },
      {
        "tag": "s5",
        "nextChar": "\n",
        "type": "section"
      },
      {
        "tag": "p",
        "nextChar": "\n",
        "type": "paragraph"
      }
    ]
  },
  "4": {
    "verseObjects": [
      {
        "type": "text",
        "text": "When King Jeroboam heard the prophet say that, he pointed his finger at him and said to his servants, \"Seize that man!\" But immediately the king's arm became paralyzed, with the result that he could not move it.\n"
      }
    ]
  },
  "5": {
    "verseObjects": [
      {
        "type": "text",
        "text": "(The altar split apart, and the ashes spilled out on the ground, which is what the prophet said that Yahweh had predicted would happen.)\n\n"
      },
      {
        "tag": "s5",
        "nextChar": "\n",
        "type": "section"
      },
      {
        "tag": "p",
        "nextChar": "\n",
        "type": "paragraph"
      }
    ]
  },
  "6": {
    "verseObjects": [
      {
        "type": "text",
        "text": "Then the king said to the prophet, \"Please pray that Yahweh will be merciful to me and heal my arm!\" So the prophet prayed, and Yahweh completely healed the king's arm.\n"
      },
      {
        "tag": "p",
        "nextChar": "\n",
        "type": "paragraph"
      }
    ]
  },
  "7": {
    "verseObjects": [
      {
        "type": "text",
        "text": "Then the king said to the prophet, \"Come home with me and eat some food. And I will also give you a reward for what you have done!\"\n\n"
      },
      {
        "tag": "s5",
        "nextChar": "\n",
        "type": "section"
      },
      {
        "tag": "p",
        "nextChar": "\n",
        "type": "paragraph"
      }
    ]
  },
  "8": {
    "verseObjects": [
      {
        "type": "text",
        "text": "But the prophet replied, \"Even if you would promise to give me half of everything that you own, I will not go with you, and I will not eat or drink anything with you here,\n"
      }
    ]
  },
  "9": {
    "verseObjects": [
      {
        "type": "text",
        "text": "because Yahweh commanded me not to eat or drink anything here. He also commanded me not to return home on the road on which I came here.\"\n"
      }
    ]
  },
  "10": {
    "verseObjects": [
      {
        "type": "text",
        "text": "So he started to return home, but he did not go on the road on which he came to Bethel. He went on a different road.\n\n\n"
      },
      {
        "tag": "s5",
        "nextChar": "\n",
        "type": "section"
      },
      {
        "tag": "p",
        "nextChar": "\n",
        "type": "paragraph"
      }
    ]
  },
  "11": {
    "verseObjects": [
      {
        "type": "text",
        "text": "At that time there was an old man living in Bethel who was also a prophet. His sons came and told him what the prophet from Judah had done there on that day, and they also told him what the prophet had said to the king.\n"
      }
    ]
  },
  "12": {
    "verseObjects": [
      {
        "type": "text",
        "text": "Their father said, \"On which road did he go?\" So his sons showed him the road on which the prophet from Judah had gone when he left Bethel.\n"
      }
    ]
  },
  "13": {
    "verseObjects": [
      {
        "type": "text",
        "text": "Then he said to his sons, \"Put a saddle on my donkey.\" So they did that, and he got on the donkey.\n\n"
      },
      {
        "tag": "s5",
        "nextChar": "\n",
        "type": "section"
      }
    ]
  },
  "14": {
    "verseObjects": [
      {
        "type": "text",
        "text": "He went along the road to find the prophet from Judah. He found him sitting under an oak tree. He said to him, \"Are you the prophet who came from Judah?\" He replied, \"Yes, I am.\"\n"
      },
      {
        "tag": "p",
        "nextChar": "\n",
        "type": "paragraph"
      }
    ]
  },
  "15": {
    "verseObjects": [
      {
        "type": "text",
        "text": "The old prophet said to him, \"Come home with me and eat some food.\"\n"
      },
      {
        "tag": "p",
        "nextChar": "\n",
        "type": "paragraph"
      }
    ]
  },
  "16": {
    "verseObjects": [
      {
        "type": "text",
        "text": "He replied, \"No, I am not allowed to go with you into your house, or to eat or drink anything with you,\n"
      }
    ]
  },
  "17": {
    "verseObjects": [
      {
        "type": "text",
        "text": "because Yahweh told me, 'Do not eat or drink anything here, and do not return home on the road on which you came.'\"\n\n"
      },
      {
        "tag": "s5",
        "nextChar": "\n",
        "type": "section"
      },
      {
        "tag": "p",
        "nextChar": "\n",
        "type": "paragraph"
      }
    ]
  },
  "18": {
    "verseObjects": [
      {
        "type": "text",
        "text": "Then the old prophet said to him, \"I also am a prophet, like you are. Yahweh sent an angel to tell me that I should take you home with me and give you some food and drink.\" But the old man was lying when he said that.\n"
      }
    ]
  },
  "19": {
    "verseObjects": [
      {
        "type": "text",
        "text": "But because of what the old prophet said, the prophet from Judah returned with him to his home and ate some food and drank some water with him.\n\n"
      },
      {
        "tag": "s5",
        "nextChar": "\n",
        "type": "section"
      },
      {
        "tag": "p",
        "nextChar": "\n",
        "type": "paragraph"
      }
    ]
  },
  "20": {
    "verseObjects": [
      {
        "type": "text",
        "text": "While they were sitting at the table, Yahweh spoke to the old man.\n"
      }
    ]
  },
  "21": {
    "verseObjects": [
      {
        "type": "text",
        "text": "Then he cried out to the prophet from Judah, \"This is what Yahweh says: 'You have disobeyed him, and you have not done what he commanded you to do.\n"
      }
    ]
  },
  "22": {
    "verseObjects": [
      {
        "type": "text",
        "text": "Instead, you have come back here and had things to eat and drink in a place where he commanded you not to do that. As a result, you will be killed, and your body will not be buried in the grave where your ancestors are buried.'\"\n\n"
      },
      {
        "tag": "s5",
        "nextChar": "\n",
        "type": "section"
      },
      {
        "tag": "p",
        "nextChar": "\n",
        "type": "paragraph"
      }
    ]
  },
  "23": {
    "verseObjects": [
      {
        "type": "text",
        "text": "When they had finished eating, the old man put a saddle on the donkey for the prophet from Judah, and the prophet from Judah left.\n"
      }
    ]
  },
  "24": {
    "verseObjects": [
      {
        "type": "text",
        "text": "But as he was going, a lion met him and killed him. The prophet's corpse was lying on the road; the donkey was standing beside it, and the lion was also standing beside the corpse.\n"
      }
    ]
  },
  "25": {
    "verseObjects": [
      {
        "type": "text",
        "text": "Some men passed by and were surprised to see the corpse on the road and the lion standing next to the corpse. So they went into Bethel and reported what they had seen.\n\n"
      },
      {
        "tag": "s5",
        "nextChar": "\n",
        "type": "section"
      },
      {
        "tag": "p",
        "nextChar": "\n",
        "type": "paragraph"
      }
    ]
  },
  "26": {
    "verseObjects": [
      {
        "type": "text",
        "text": "When the old man who had brought the prophet from Judah to his home heard about it, he said, \"That is the prophet who disobeyed what Yahweh told him to do! That is why Yahweh allowed the lion to attack him and kill him. That is what Yahweh said would happen!\"\n"
      },
      {
        "tag": "p",
        "nextChar": "\n",
        "type": "paragraph"
      }
    ]
  },
  "27": {
    "verseObjects": [
      {
        "type": "text",
        "text": "Then he said to his sons, \"Put a saddle on my donkey.\" So they did that.\n"
      }
    ]
  },
  "28": {
    "verseObjects": [
      {
        "type": "text",
        "text": "Then he rode on the donkey and found the prophet's corpse on the road, and his donkey and the lion were still standing there alongside the corpse. But the lion had not eaten any of the flesh of the prophet and had not attacked the donkey.\n\n"
      },
      {
        "tag": "s5",
        "nextChar": "\n",
        "type": "section"
      }
    ]
  },
  "29": {
    "verseObjects": [
      {
        "type": "text",
        "text": "The old man picked up the corpse of the prophet and put it on his donkey and brought it back to Bethel, in order to mourn for him and to bury his corpse.\n"
      }
    ]
  },
  "30": {
    "verseObjects": [
      {
        "type": "text",
        "text": "He buried the prophet's corpse in the grave where other people in his family had been buried. Then he and his sons mourned about him, saying, \"We are very sorry, my brother!\"\n\n"
      },
      {
        "tag": "s5",
        "nextChar": "\n",
        "type": "section"
      },
      {
        "tag": "p",
        "nextChar": "\n",
        "type": "paragraph"
      }
    ]
  },
  "31": {
    "verseObjects": [
      {
        "type": "text",
        "text": "After they had buried him, the old man said to his sons, \"When I die, bury my corpse in the grave where we buried the prophet from Judah. Lay my corpse next to his corpse.\n"
      }
    ]
  },
  "32": {
    "verseObjects": [
      {
        "type": "text",
        "text": "And do not forget what he said, things that Yahweh told him to say about the altar in Bethel, and what Yahweh told him to say about the places where they worshiped idols on the hills around the towns in Samaria. Those things will surely happen.\"\n"
      },
      {
        "tag": "s5",
        "nextChar": "\n",
        "type": "section"
      },
      {
        "tag": "p",
        "nextChar": "\n",
        "type": "paragraph"
      }
    ]
  },
  "33": {
    "verseObjects": [
      {
        "type": "text",
        "text": "But King Jeroboam still did not stop continuing to do the evil things that he was doing. Instead, he appointed more priests from men who were not descended from Levi. He appointed as priest anyone who agreed to become one, in order that he could offer sacrifices on the hilltops.\n"
      }
    ]
  },
  "34": {
    "verseObjects": [
      {
        "type": "text",
        "text": "Because he committed that sin, a few years later God got rid of most of Jeroboam's descendants and did not allow them to become kings of Israel.\n\n\n"
      },
      {
        "tag": "s5",
        "nextChar": "\n",
        "type": "section"
      }
    ]
  },
  "front": {
    "verseObjects": [
      {
        "type": "text",
        "text": "\n"
      },
      {
        "tag": "p",
        "nextChar": "\n",
        "type": "paragraph"
      }
    ]
  }
}