{
  "1": {
    "verseObjects": [
      {
        "type": "text",
        "text": "यदि तुम मेरी थोड़ी मूर्खता सह लेते तो क्या ही भला होता; हाँ, मेरी सह भी लेते हो।\n"
      }
    ]
  },
  "2": {
    "verseObjects": [
      {
        "type": "text",
        "text": "क्योंकि मैं तुम्हारे विषय में ईश्वरीय धुन लगाए रहता हूँ, इसलिए कि मैंने एक ही पुरुष से तुम्हारी बात लगाई है, कि तुम्हें पवित्र कुँवारी के समान मसीह को सौंप दूँ।\n"
      },
      {
        "tag": "p",
        "type": "paragraph",
        "text": "\n"
      },
      {
        "tag": "s5",
        "type": "section",
        "text": "\n"
      }
    ]
  },
  "3": {
    "verseObjects": [
      {
        "type": "text",
        "text": "परन्तु मैं डरता हूँ कि जैसे साँप ने अपनी चतुराई से हव्वा को बहकाया, वैसे ही तुम्हारे मन उस सिधाई और पवित्रता से जो मसीह के साथ होनी चाहिए कहीं भ्रष्ट न किए जाएँ। (1 थिस्स. 3:5, उत्प. 3:13)\n"
      }
    ]
  },
  "4": {
    "verseObjects": [
      {
        "type": "text",
        "text": "यदि कोई तुम्हारे पास आकर, किसी दूसरे यीशु को प्रचार करे, जिसका प्रचार हमने नहीं किया या कोई और आत्मा तुम्हें मिले; जो पहले न मिला था; या और कोई सुसमाचार जिसे तुम ने पहले न माना था, तो तुम्हारा सहना ठीक होता।\n"
      },
      {
        "tag": "s",
        "type": "section",
        "text": "पौलुस और झूठे प्रेरित\n"
      },
      {
        "tag": "p",
        "type": "paragraph",
        "text": "\n"
      },
      {
        "tag": "s5",
        "type": "section",
        "text": "\n"
      }
    ]
  },
  "5": {
    "verseObjects": [
      {
        "type": "text",
        "text": "मैं तो समझता हूँ, कि मैं किसी बात में बड़े से बड़े प्रेरितों से कम नहीं हूँ।\n"
      }
    ]
  },
  "6": {
    "verseObjects": [
      {
        "type": "text",
        "text": "यदि मैं वक्तव्य में अनाड़ी हूँ, तो भी ज्ञान में नहीं; वरन् हमने इसको हर बात में सब पर तुम्हारे लिये प्रगट किया है।\n"
      },
      {
        "tag": "p",
        "type": "paragraph",
        "text": "\n"
      },
      {
        "tag": "s5",
        "type": "section",
        "text": "\n"
      }
    ]
  },
  "7": {
    "verseObjects": [
      {
        "type": "text",
        "text": "क्या इसमें मैंने कुछ पाप किया; कि मैंने तुम्हें परमेश्‍वर का सुसमाचार सेंत-मेंत सुनाया; और अपने आप को नीचा किया, कि तुम ऊँचे हो जाओ?\n"
      }
    ]
  },
  "8": {
    "verseObjects": [
      {
        "type": "text",
        "text": "मैंने और कलीसियाओं को लूटा अर्थात् मैंने उनसे मजदूरी ली, ताकि तुम्हारी सेवा करूँ।\n"
      }
    ]
  },
  "9": {
    "verseObjects": [
      {
        "type": "text",
        "text": "और जब तुम्हारे साथ था, और मुझे घटी हुई, तो मैंने किसी पर भार नहीं डाला, क्योंकि भाइयों ने, मकिदुनिया से आकर मेरी घटी को पूरी की: और मैंने हर बात में अपने आप को तुम पर भार बनने से रोका, और रोके रहूँगा।\n"
      },
      {
        "tag": "p",
        "type": "paragraph",
        "text": "\n"
      },
      {
        "tag": "s5",
        "type": "section",
        "text": "\n"
      }
    ]
  },
  "10": {
    "verseObjects": [
      {
        "type": "text",
        "text": "मसीह की सच्चाई मुझ में है, तो अखाया देश में कोई मुझे इस घमण्ड से न रोकेगा।\n"
      }
    ]
  },
  "11": {
    "verseObjects": [
      {
        "type": "text",
        "text": "किस लिये? क्या इसलिए कि मैं तुम से प्रेम नहीं रखता? परमेश्‍वर यह जानता है।\n"
      },
      {
        "tag": "p",
        "type": "paragraph",
        "text": "\n"
      },
      {
        "tag": "s5",
        "type": "section",
        "text": "\n"
      }
    ]
  },
  "12": {
    "verseObjects": [
      {
        "type": "text",
        "text": "परन्तु जो मैं करता हूँ, वही करता रहूँगा; कि जो लोग दाँव ढूँढ़ते हैं, उन्हें मैं दाँव पाने न दूँ, ताकि जिस बात में वे घमण्ड करते हैं, उसमें वे हमारे ही समान ठहरें।\n"
      }
    ]
  },
  "13": {
    "verseObjects": [
      {
        "type": "text",
        "text": "क्योंकि ऐसे लोग झूठे प्रेरित, और छल से काम करनेवाले, और मसीह के प्रेरितों का रूप धरनेवाले हैं।\n"
      },
      {
        "tag": "p",
        "type": "paragraph",
        "text": "\n"
      },
      {
        "tag": "s5",
        "type": "section",
        "text": "\n"
      }
    ]
  },
  "14": {
    "verseObjects": [
      {
        "type": "text",
        "text": "और यह कुछ अचम्भे की बात नहीं क्योंकि शैतान आप भी ज्योतिर्मय स्वर्गदूत का रूप धारण करता है।\n"
      }
    ]
  },
  "15": {
    "verseObjects": [
      {
        "type": "text",
        "text": "इसलिए यदि उसके सेवक भी धार्मिकता के सेवकों जैसा रूप धरें, तो कुछ बड़ी बात नहीं, परन्तु उनका अन्त उनके कामों के अनुसार होगा।\n"
      },
      {
        "tag": "s",
        "type": "section",
        "text": "मसीह के लिये दुःख उठाना\n"
      },
      {
        "tag": "p",
        "type": "paragraph",
        "text": "\n"
      },
      {
        "tag": "s5",
        "type": "section",
        "text": "\n"
      }
    ]
  },
  "16": {
    "verseObjects": [
      {
        "type": "text",
        "text": "मैं फिर कहता हूँ, कोई मुझे मूर्ख न समझे; नहीं तो मूर्ख ही समझकर मेरी सह लो, ताकि थोड़ा सा मैं भी घमण्ड कर सकूँ।\n"
      }
    ]
  },
  "17": {
    "verseObjects": [
      {
        "type": "text",
        "text": "इस बेधड़क में जो कुछ मैं कहता हूँ वह प्रभु की आज्ञा के अनुसार* नहीं पर मानो मूर्खता से ही कहता हूँ।\n"
      }
    ]
  },
  "18": {
    "verseObjects": [
      {
        "type": "text",
        "text": "जब कि बहुत लोग शरीर के अनुसार घमण्ड करते हैं, तो मैं भी घमण्ड करूँगा।\n"
      },
      {
        "tag": "p",
        "type": "paragraph",
        "text": "\n"
      },
      {
        "tag": "s5",
        "type": "section",
        "text": "\n"
      }
    ]
  },
  "19": {
    "verseObjects": [
      {
        "type": "text",
        "text": "तुम तो समझदार होकर आनन्द से मूर्खों की सह लेते हो।\n"
      }
    ]
  },
  "20": {
    "verseObjects": [
      {
        "type": "text",
        "text": "क्योंकि जब तुम्हें कोई दास बना लेता है*, या खा जाता है, या फँसा लेता है, या अपने आप को बड़ा बनाता है, या तुम्हारे मुँह पर थप्पड़ मारता है, तो तुम सह लेते हो।\n"
      }
    ]
  },
  "21": {
    "verseObjects": [
      {
        "type": "text",
        "text": "मेरा कहना अनादर की रीति पर है, मानो कि हम निर्बल से थे; परन्तु जिस किसी बात में कोई साहस करता है, मैं मूर्खता से कहता हूँ तो मैं भी साहस करता हूँ।\n"
      },
      {
        "tag": "p",
        "type": "paragraph",
        "text": "\n"
      },
      {
        "tag": "s5",
        "type": "section",
        "text": "\n"
      }
    ]
  },
  "22": {
    "verseObjects": [
      {
        "type": "text",
        "text": "क्या वे ही इब्रानी हैं? मैं भी हूँ। क्या वे ही इस्राएली हैं? मैं भी हूँ; क्या वे ही अब्राहम के वंश के हैं? मैं भी हूँ।\n"
      }
    ]
  },
  "23": {
    "verseObjects": [
      {
        "type": "text",
        "text": "क्या वे ही मसीह के सेवक हैं? (मैं पागल के समान कहता हूँ) मैं उनसे बढ़कर हूँ! अधिक परिश्रम करने में; बार-बार कैद होने में; कोड़े खाने में; बार-बार मृत्यु के जोखिमों में।\n"
      },
      {
        "tag": "p",
        "type": "paragraph",
        "text": "\n"
      },
      {
        "tag": "s5",
        "type": "section",
        "text": "\n"
      }
    ]
  },
  "24": {
    "verseObjects": [
      {
        "type": "text",
        "text": "पाँच बार मैंने यहूदियों के हाथ से उनतालीस कोड़े खाए।\n"
      }
    ]
  },
  "25": {
    "verseObjects": [
      {
        "type": "text",
        "text": "तीन बार मैंने बेंतें खाई; एक बार पत्थराव किया गया; तीन बार जहाज जिन पर मैं चढ़ा था, टूट गए; एक रात दिन मैंने समुद्र में काटा।\n"
      }
    ]
  },
  "26": {
    "verseObjects": [
      {
        "type": "text",
        "text": "मैं बार-बार यात्राओं में; नदियों के जोखिमों में; डाकुओं के जोखिमों में; अपने जातिवालों से जोखिमों में; अन्यजातियों से जोखिमों में; नगरों में के जोखिमों में; जंगल के जोखिमों में; समुद्र के जोखिमों में; झूठे भाइयों के बीच जोखिमों में रहा;\n"
      },
      {
        "tag": "p",
        "type": "paragraph",
        "text": "\n"
      },
      {
        "tag": "s5",
        "type": "section",
        "text": "\n"
      }
    ]
  },
  "27": {
    "verseObjects": [
      {
        "type": "text",
        "text": "परिश्रम और कष्ट में; बार-बार जागते रहने में; भूख-प्यास में; बार-बार उपवास करने में; जाड़े में; उघाड़े रहने में।\n"
      }
    ]
  },
  "28": {
    "verseObjects": [
      {
        "type": "text",
        "text": "और अन्य बातों को छोड़कर जिनका वर्णन मैं नहीं करता सब कलीसियाओं की चिन्ता प्रतिदिन मुझे दबाती है।\n"
      }
    ]
  },
  "29": {
    "verseObjects": [
      {
        "type": "text",
        "text": "किस की निर्बलता से मैं निर्बल नहीं होता? किस के पाप में गिरने से मेरा जी नहीं दुःखता?\n"
      },
      {
        "tag": "p",
        "type": "paragraph",
        "text": "\n"
      },
      {
        "tag": "s5",
        "type": "section",
        "text": "\n"
      }
    ]
  },
  "30": {
    "verseObjects": [
      {
        "type": "text",
        "text": "यदि घमण्ड करना अवश्य है, तो मैं अपनी निर्बलता की बातों पर घमण्ड करूँगा।\n"
      }
    ]
  },
  "31": {
    "verseObjects": [
      {
        "type": "text",
        "text": "प्रभु यीशु का परमेश्‍वर और पिता जो सदा धन्य है, जानता है, कि मैं झूठ नहीं बोलता।\n"
      },
      {
        "tag": "p",
        "type": "paragraph",
        "text": "\n"
      },
      {
        "tag": "s5",
        "type": "section",
        "text": "\n"
      }
    ]
  },
  "32": {
    "verseObjects": [
      {
        "type": "text",
        "text": "दमिश्क में अरितास राजा की ओर से जो राज्यपाल था, उसने मेरे पकड़ने को दमिश्कियों के नगर पर पहरा बैठा रखा था।\n"
      }
    ]
  },
  "33": {
    "verseObjects": [
      {
        "type": "text",
        "text": "और मैं टोकरे में खिड़की से होकर दीवार पर से उतारा गया, और उसके हाथ से बच निकला।\n\n"
      },
      {
        "tag": "s5",
        "type": "section",
        "text": "\n"
      }
    ]
  },
  "front": {
    "verseObjects": [
      {
        "tag": "s",
        "type": "section",
        "text": "उनके विश्वासयोग्यता के लिये चिन्ता\n"
      },
      {
        "tag": "p",
        "type": "paragraph",
        "text": "\n"
      }
    ]
  }
}