{
  "1": {
    "verseObjects": [
      {
        "type": "text",
        "text": "क्या हम फिर अपनी बड़ाई करने लगे? या हमें कितनों के समान सिफारिश की पत्रियाँ तुम्हारे पास लानी या तुम से लेनी हैं?\n"
      }
    ]
  },
  "2": {
    "verseObjects": [
      {
        "type": "text",
        "text": "हमारी पत्री तुम ही हो*, जो हमारे हृदयों पर लिखी हुई है, और उसे सब मनुष्य पहचानते और पढ़ते है।\n"
      }
    ]
  },
  "3": {
    "verseObjects": [
      {
        "type": "text",
        "text": "यह प्रगट है, कि तुम मसीह की पत्री हो, जिसको हमने सेवकों के समान लिखा; और जो स्याही से नहीं, परन्तु जीविते परमेश्‍वर के आत्मा से पत्थर की पटियों पर नहीं, परन्तु हृदय की माँस रूपी पटियों पर लिखी है। (निर्ग. 24:12, यिर्म. 31:33, यहे. 11:19-20)\n"
      },
      {
        "tag": "s",
        "type": "section",
        "text": "पौलुस की क्षमता\n"
      },
      {
        "tag": "p",
        "type": "paragraph",
        "text": "\n"
      },
      {
        "tag": "s5",
        "type": "section",
        "text": "\n"
      }
    ]
  },
  "4": {
    "verseObjects": [
      {
        "type": "text",
        "text": "हम मसीह के द्वारा परमेश्‍वर पर ऐसा ही भरोसा रखते हैं।\n"
      }
    ]
  },
  "5": {
    "verseObjects": [
      {
        "type": "text",
        "text": "यह नहीं, कि हम अपने आप से इस योग्य हैं, कि अपनी ओर से किसी बात का विचार कर सके; पर हमारी योग्यता परमेश्‍वर की ओर से है।\n"
      }
    ]
  },
  "6": {
    "verseObjects": [
      {
        "type": "text",
        "text": "जिस ने हमें नई वाचा के सेवक होने के योग्य भी किया, शब्द के सेवक नहीं वरन् आत्मा के; क्योंकि शब्द मारता है, पर आत्मा जिलाता है। (निर्ग. 24:8, यिर्म. 31:31, यिर्म. 32:40)\n"
      },
      {
        "tag": "s",
        "type": "section",
        "text": "नई वाचा की महिमा\n"
      },
      {
        "tag": "p",
        "type": "paragraph",
        "text": "\n"
      },
      {
        "tag": "s5",
        "type": "section",
        "text": "\n"
      }
    ]
  },
  "7": {
    "verseObjects": [
      {
        "type": "text",
        "text": "और यदि मृत्यु की यह वाचा जिसके अक्षर पत्थरों पर खोदे गए थे, यहाँ तक तेजोमय हुई, कि मूसा के मुँह पर के तेज के कारण जो घटता भी जाता था, इस्राएल उसके मुँह पर दृष्टि नहीं कर सकते थे।\n"
      }
    ]
  },
  "8": {
    "verseObjects": [
      {
        "type": "text",
        "text": "तो आत्मा की वाचा और भी तेजोमय क्यों न होगी?\n"
      },
      {
        "tag": "p",
        "type": "paragraph",
        "text": "\n"
      },
      {
        "tag": "s5",
        "type": "section",
        "text": "\n"
      }
    ]
  },
  "9": {
    "verseObjects": [
      {
        "type": "text",
        "text": "क्योंकि जब दोषी ठहरानेवाली वाचा तेजोमय थी, तो धर्मी ठहरानेवाली वाचा और भी तेजोमय क्यों न होगी?\n"
      }
    ]
  },
  "10": {
    "verseObjects": [
      {
        "type": "text",
        "text": "और जो तेजोमय था, वह भी उस तेज के कारण जो उससे बढ़कर तेजोमय था, कुछ तेजोमय न ठहरा। (निर्ग. 34:29-30)\n"
      }
    ]
  },
  "11": {
    "verseObjects": [
      {
        "type": "text",
        "text": "क्योंकि जब वह जो घटता जाता था तेजोमय था, तो वह जो स्थिर रहेगा, और भी तेजोमय क्यों न होगा?\n"
      },
      {
        "tag": "p",
        "type": "paragraph",
        "text": "\n"
      },
      {
        "tag": "s5",
        "type": "section",
        "text": "\n"
      }
    ]
  },
  "12": {
    "verseObjects": [
      {
        "type": "text",
        "text": "इसलिए ऐसी आशा रखकर हम साहस के साथ बोलते हैं।\n"
      }
    ]
  },
  "13": {
    "verseObjects": [
      {
        "type": "text",
        "text": "और मूसा के समान नहीं, जिस ने अपने मुँह पर परदा डाला था ताकि इस्राएली उस घटनेवाले तेज के अन्त को न देखें। (निर्ग. 34:33,35)\n"
      },
      {
        "tag": "p",
        "type": "paragraph",
        "text": "\n"
      },
      {
        "tag": "s5",
        "type": "section",
        "text": "\n"
      }
    ]
  },
  "14": {
    "verseObjects": [
      {
        "type": "text",
        "text": "परन्तु वे मतिमन्द हो गए, क्योंकि आज तक पुराने नियम के पढ़ते समय उनके हृदयों पर वही परदा पड़ा रहता है; पर वह मसीह में उठ जाता है।\n"
      }
    ]
  },
  "15": {
    "verseObjects": [
      {
        "type": "text",
        "text": "और आज तक जब कभी मूसा की पुस्तक पढ़ी जाती है, तो उनके हृदय पर परदा पड़ा रहता है।\n"
      }
    ]
  },
  "16": {
    "verseObjects": [
      {
        "type": "text",
        "text": "परन्तु जब कभी उनका हृदय प्रभु की ओर फिरेगा, तब वह परदा उठ जाएगा। (निर्ग. 34:34, यशा. 25:7)\n"
      },
      {
        "tag": "p",
        "type": "paragraph",
        "text": "\n"
      },
      {
        "tag": "s5",
        "type": "section",
        "text": "\n"
      }
    ]
  },
  "17": {
    "verseObjects": [
      {
        "type": "text",
        "text": "प्रभु तो आत्मा है: और जहाँ कहीं प्रभु का आत्मा है वहाँ स्वतंत्रता है।\n"
      }
    ]
  },
  "18": {
    "verseObjects": [
      {
        "type": "text",
        "text": "परन्तु जब हम सब के उघाड़े चेहरे* से प्रभु का प्रताप इस प्रकार प्रगट होता है, जिस प्रकार दर्पण में, तो प्रभु के द्वारा जो आत्मा है, हम उसी तेजस्वी रूप में अंश-अंश कर के बदलते जाते हैं।\n\n"
      },
      {
        "tag": "s5",
        "type": "section",
        "text": "\n"
      }
    ]
  },
  "front": {
    "verseObjects": [
      {
        "tag": "s",
        "type": "section",
        "text": "मसीही जीवित पत्र\n"
      },
      {
        "tag": "p",
        "type": "paragraph",
        "text": "\n"
      }
    ]
  }
}