{
  "1": {
    "verseObjects": [
      {
        "type": "text",
        "text": "अब हे भाइयों, हम तुम्हें परमेश्‍वर के उस अनुग्रह का समाचार देते हैं, जो मकिदुनिया की कलीसियाओं पर हुआ है।\n"
      }
    ]
  },
  "2": {
    "verseObjects": [
      {
        "type": "text",
        "text": "कि क्लेश की बड़ी परीक्षा में उनके बड़े आनन्द* और भारी कंगालपन के बढ़ जाने से उनकी उदारता बहुत बढ़ गई।\n"
      },
      {
        "tag": "p",
        "nextChar": "\n",
        "type": "paragraph"
      },
      {
        "tag": "s5",
        "nextChar": "\n",
        "type": "section"
      }
    ]
  },
  "3": {
    "verseObjects": [
      {
        "type": "text",
        "text": "और उनके विषय में मेरी यह गवाही है, कि उन्होंने अपनी सामर्थ्य भर वरन् सामर्थ्य से भी बाहर मन से दिया।\n"
      }
    ]
  },
  "4": {
    "verseObjects": [
      {
        "type": "text",
        "text": "और इस दान में और पवित्र लोगों की सेवा में भागी होने के अनुग्रह के विषय में हम से बार-बार बहुत विनती की।\n"
      }
    ]
  },
  "5": {
    "verseObjects": [
      {
        "type": "text",
        "text": "और जैसी हमने आशा की थी, वैसी ही नहीं, वरन् उन्होंने प्रभु को, फिर परमेश्‍वर की इच्छा से हमको भी अपने आपको दे दिया।\n"
      },
      {
        "tag": "p",
        "nextChar": "\n",
        "type": "paragraph"
      },
      {
        "tag": "s5",
        "nextChar": "\n",
        "type": "section"
      }
    ]
  },
  "6": {
    "verseObjects": [
      {
        "type": "text",
        "text": "इसलिए हमने तीतुस को समझाया, कि जैसा उसने पहले आरम्भ किया था, वैसा ही तुम्हारे बीच में इस दान के काम को पूरा भी कर ले।\n"
      }
    ]
  },
  "7": {
    "verseObjects": [
      {
        "type": "text",
        "text": "पर जैसे हर बात में अर्थात् विश्वास, वचन, ज्ञान और सब प्रकार के यत्न में, और उस प्रेम में, जो हम से रखते हो, बढ़ते जाते हो, वैसे ही इस दान के काम में भी बढ़ते जाओ।\n"
      },
      {
        "tag": "s",
        "type": "section",
        "content": "मसीह हमारा नमूना\n"
      },
      {
        "tag": "p",
        "nextChar": "\n",
        "type": "paragraph"
      },
      {
        "tag": "s5",
        "nextChar": "\n",
        "type": "section"
      }
    ]
  },
  "8": {
    "verseObjects": [
      {
        "type": "text",
        "text": "मैं आज्ञा की रीति पर तो नहीं*, परन्तु औरों के उत्साह से तुम्हारे प्रेम की सच्चाई को परखने के लिये कहता हूँ।\n"
      }
    ]
  },
  "9": {
    "verseObjects": [
      {
        "type": "text",
        "text": "तुम हमारे प्रभु यीशु मसीह का अनुग्रह जानते हो, कि वह धनी होकर भी तुम्हारे लिये कंगाल बन गया ताकि उसके कंगाल हो जाने से तुम धनी हो जाओ।\n"
      },
      {
        "tag": "p",
        "nextChar": "\n",
        "type": "paragraph"
      },
      {
        "tag": "s5",
        "nextChar": "\n",
        "type": "section"
      }
    ]
  },
  "10": {
    "verseObjects": [
      {
        "type": "text",
        "text": "और इस बात में मेरा विचार यही है: यह तुम्हारे लिये अच्छा है; जो एक वर्ष से न तो केवल इस काम को करने ही में, परन्तु इस बात के चाहने में भी प्रथम हुए थे।\n"
      }
    ]
  },
  "11": {
    "verseObjects": [
      {
        "type": "text",
        "text": "इसलिए अब यह काम पूरा करो; कि जिस प्रकार इच्छा करने में तुम तैयार थे, वैसा ही अपनी-अपनी पूँजी के अनुसार पूरा भी करो।\n"
      }
    ]
  },
  "12": {
    "verseObjects": [
      {
        "type": "text",
        "text": "क्योंकि यदि मन की तैयारी हो तो दान उसके अनुसार ग्रहण भी होता है जो उसके पास है न कि उसके अनुसार जो उसके पास नहीं।\n"
      },
      {
        "tag": "p",
        "nextChar": "\n",
        "type": "paragraph"
      },
      {
        "tag": "s5",
        "nextChar": "\n",
        "type": "section"
      }
    ]
  },
  "13": {
    "verseObjects": [
      {
        "type": "text",
        "text": "यह नहीं कि औरों को चैन और तुम को क्लेश मिले।\n"
      }
    ]
  },
  "14": {
    "verseObjects": [
      {
        "type": "text",
        "text": "परन्तु बराबरी के विचार से इस समय तुम्हारी बढ़ती उनकी घटी में काम आए, ताकि उनकी बढ़ती भी तुम्हारी घटी में काम आए, कि बराबरी हो जाए।\n"
      }
    ]
  },
  "15": {
    "verseObjects": [
      {
        "type": "text",
        "text": "जैसा लिखा है,\n"
      },
      {
        "tag": "q",
        "type": "quote",
        "text": "“जिसने बहुत बटोरा उसका कुछ अधिक न निकला\n"
      },
      {
        "tag": "q",
        "type": "quote",
        "text": "और जिस ने थोड़ा बटोरा उसका कुछ कम न निकला।” (निर्ग. 16:18)\n"
      },
      {
        "tag": "s",
        "type": "section",
        "content": "तीतुस का कुरिन्थुस को भेजा जाना\n"
      },
      {
        "tag": "p",
        "nextChar": "\n",
        "type": "paragraph"
      },
      {
        "tag": "s5",
        "nextChar": "\n",
        "type": "section"
      }
    ]
  },
  "16": {
    "verseObjects": [
      {
        "type": "text",
        "text": "परमेश्‍वर का धन्यवाद हो, जिसने तुम्हारे लिये वही उत्साह तीतुस के हृदय में डाल दिया है।\n"
      }
    ]
  },
  "17": {
    "verseObjects": [
      {
        "type": "text",
        "text": "कि उसने हमारा समझाना मान लिया वरन् बहुत उत्साही होकर वह अपनी इच्छा से तुम्हारे पास गया है।\n"
      },
      {
        "tag": "p",
        "nextChar": "\n",
        "type": "paragraph"
      },
      {
        "tag": "s5",
        "nextChar": "\n",
        "type": "section"
      }
    ]
  },
  "18": {
    "verseObjects": [
      {
        "type": "text",
        "text": "और हमने उसके साथ उस भाई को भेजा है जिसका नाम सुसमाचार के विषय में सब कलीसिया में फैला हुआ है;\n"
      }
    ]
  },
  "19": {
    "verseObjects": [
      {
        "type": "text",
        "text": "और इतना ही नहीं, परन्तु वह कलीसिया द्वारा ठहराया भी गया कि इस दान के काम के लिये हमारे साथ जाए और हम यह सेवा इसलिए करते हैं, कि प्रभु की महिमा और हमारे मन की तैयारी प्रगट हो जाए।\n"
      },
      {
        "tag": "p",
        "nextChar": "\n",
        "type": "paragraph"
      },
      {
        "tag": "s5",
        "nextChar": "\n",
        "type": "section"
      }
    ]
  },
  "20": {
    "verseObjects": [
      {
        "type": "text",
        "text": "हम इस बात में चौकस रहते हैं, कि इस उदारता के काम के विषय में जिसकी सेवा हम करते हैं, कोई हम पर दोष न लगाने पाए।\n"
      }
    ]
  },
  "21": {
    "verseObjects": [
      {
        "type": "text",
        "text": "क्योंकि जो बातें केवल प्रभु ही के निकट नहीं, परन्तु मनुष्यों के निकट भी भली हैं हम उनकी चिन्ता करते हैं।\n"
      },
      {
        "tag": "p",
        "nextChar": "\n",
        "type": "paragraph"
      },
      {
        "tag": "s5",
        "nextChar": "\n",
        "type": "section"
      }
    ]
  },
  "22": {
    "verseObjects": [
      {
        "type": "text",
        "text": "और हमने उसके साथ अपने भाई को भेजा है, जिसको हमने बार-बार परख के बहुत बातों में उत्साही पाया है; परन्तु अब तुम पर उसको बड़ा भरोसा है, इस कारण वह और भी अधिक उत्साही है।\n"
      }
    ]
  },
  "23": {
    "verseObjects": [
      {
        "type": "text",
        "text": "यदि कोई तीतुस के विषय में पूछे, तो वह मेरा साथी, और तुम्हारे लिये मेरा सहकर्मी है, और यदि हमारे भाइयों के विषय में पूछे, तो वे कलीसियाओं के भेजे हुए और मसीह की महिमा हैं।\n"
      }
    ]
  },
  "24": {
    "verseObjects": [
      {
        "type": "text",
        "text": "अतः अपना प्रेम और हमारा वह घमण्ड जो तुम्हारे विषय में है कलीसियाओं के सामने उन्हें सिद्ध करके दिखाओ।\n\n"
      },
      {
        "tag": "s5",
        "nextChar": "\n",
        "type": "section"
      }
    ]
  },
  "front": {
    "verseObjects": [
      {
        "tag": "s",
        "type": "section",
        "content": "उदारतापूर्वक दान देना\n"
      },
      {
        "tag": "p",
        "nextChar": "\n",
        "type": "paragraph"
      }
    ]
  }
}