{
  "1": {
    "verseObjects": [
      {
        "type": "text",
        "text": "अब उस सेवा के विषय में जो पवित्र लोगों के लिये की जाती है, मुझे तुम को लिखना अवश्य नहीं।\n"
      }
    ]
  },
  "2": {
    "verseObjects": [
      {
        "type": "text",
        "text": "क्योंकि मैं तुम्हारे मन की तैयारी को जानता हूँ, जिसके कारण मैं तुम्हारे विषय में मकिदुनियों के सामने घमण्ड दिखाता हूँ, कि अखाया के लोग एक वर्ष से तैयार हुए हैं, और तुम्हारे उत्साह ने और बहुतों को भी उभारा है।\n"
      },
      {
        "tag": "p",
        "type": "paragraph",
        "text": "\n"
      },
      {
        "tag": "s5",
        "type": "section",
        "text": "\n"
      }
    ]
  },
  "3": {
    "verseObjects": [
      {
        "type": "text",
        "text": "परन्तु मैंने भाइयों को इसलिए भेजा है, कि हमने जो घमण्ड तुम्हारे विषय में दिखाया, वह इस बात में व्यर्थ न ठहरे; परन्तु जैसा मैंने कहा; वैसे ही तुम तैयार हो रहो।\n"
      }
    ]
  },
  "4": {
    "verseObjects": [
      {
        "type": "text",
        "text": "ऐसा न हो, कि यदि कोई मकिदुनी मेरे साथ आए, और तुम्हें तैयार न पाए, तो क्या जानें, इस भरोसे के कारण हम (यह नहीं कहते कि तुम) लज्जित हों।\n"
      }
    ]
  },
  "5": {
    "verseObjects": [
      {
        "type": "text",
        "text": "इसलिए मैंने भाइयों से यह विनती करना अवश्य समझा कि वे पहले से तुम्हारे पास जाएँ, और तुम्हारी उदारता का फल जिसके विषय में पहले से वचन दिया गया था, तैयार कर रखें, कि यह दबाव से नहीं परन्तु उदारता के फल की तरह तैयार हो।\n"
      },
      {
        "tag": "s",
        "type": "section",
        "text": "अच्छे दान दाता\n"
      },
      {
        "tag": "p",
        "type": "paragraph",
        "text": "\n"
      },
      {
        "tag": "s5",
        "type": "section",
        "text": "\n"
      }
    ]
  },
  "6": {
    "verseObjects": [
      {
        "type": "text",
        "text": "परन्तु बात तो यह है, कि जो थोड़ा बोता है वह थोड़ा काटेगा भी; और जो बहुत बोता है, वह बहुत काटेगा। (नीति. 11:24, नीति. 22:9)\n"
      }
    ]
  },
  "7": {
    "verseObjects": [
      {
        "type": "text",
        "text": "हर एक जन जैसा मन में ठाने वैसा ही दान करे; न कुढ़-कुढ़ के, और न दबाव से, क्योंकि परमेश्‍वर हर्ष से देनेवाले से प्रेम रखता है। (व्य. 18:10, नीति. 22:9, नीति. 11:25)\n"
      },
      {
        "tag": "p",
        "type": "paragraph",
        "text": "\n"
      },
      {
        "tag": "s5",
        "type": "section",
        "text": "\n"
      }
    ]
  },
  "8": {
    "verseObjects": [
      {
        "type": "text",
        "text": "परमेश्‍वर सब प्रकार का अनुग्रह तुम्हें बहुतायत से दे सकता है*। जिससे हर बात में और हर समय, सब कुछ, जो तुम्हें आवश्यक हो, तुम्हारे पास रहे, और हर एक भले काम के लिये तुम्हारे पास बहुत कुछ हो।\n"
      }
    ]
  },
  "9": {
    "verseObjects": [
      {
        "type": "text",
        "text": "जैसा लिखा है,\n"
      },
      {
        "tag": "q",
        "type": "quote",
        "text": "“उसने बिखेरा, उसने गरीबों को दान दिया,\n"
      },
      {
        "tag": "q",
        "type": "quote",
        "text": "उसकी धार्मिकता सदा बनी रहेगी।” (भज. 112:9)\n"
      },
      {
        "tag": "p",
        "type": "paragraph",
        "text": "\n"
      },
      {
        "tag": "s5",
        "type": "section",
        "text": "\n"
      }
    ]
  },
  "10": {
    "verseObjects": [
      {
        "type": "text",
        "text": "अतः जो बोनेवाले को बीज, और भोजन के लिये रोटी देता है वह तुम्हें बीज देगा, और उसे फलवन्त करेगा; और तुम्हारे धार्मिकता के फलों को बढ़ाएगा। (यशा. 55:10, होशे 10:12)\n"
      }
    ]
  },
  "11": {
    "verseObjects": [
      {
        "type": "text",
        "text": "तुम हर बात में सब प्रकार की उदारता के लिये जो हमारे द्वारा परमेश्‍वर का धन्यवाद करवाती है, धनवान किए जाओ।\n"
      },
      {
        "tag": "p",
        "type": "paragraph",
        "text": "\n"
      },
      {
        "tag": "s5",
        "type": "section",
        "text": "\n"
      }
    ]
  },
  "12": {
    "verseObjects": [
      {
        "type": "text",
        "text": "क्योंकि इस सेवा के पूरा करने से, न केवल पवित्र लोगों की घटियाँ पूरी होती हैं, परन्तु लोगों की ओर से परमेश्‍वर का बहुत धन्यवाद होता है।\n"
      }
    ]
  },
  "13": {
    "verseObjects": [
      {
        "type": "text",
        "text": "क्योंकि इस सेवा को प्रमाण स्वीकार कर वे परमेश्‍वर की महिमा प्रगट करते हैं*, कि तुम मसीह के सुसमाचार को मान कर उसके अधीन रहते हो, और उनकी, और सब की सहायता करने में उदारता प्रगट करते रहते हो।\n"
      }
    ]
  },
  "14": {
    "verseObjects": [
      {
        "type": "text",
        "text": "और वे तुम्हारे लिये प्रार्थना करते हैं; और इसलिए कि तुम पर परमेश्‍वर का बड़ा ही अनुग्रह है*, तुम्हारी लालसा करते रहते हैं।\n"
      }
    ]
  },
  "15": {
    "verseObjects": [
      {
        "type": "text",
        "text": "परमेश्‍वर को उसके उस दान के लिये जो वर्णन से बाहर है, धन्यवाद हो।\n\n"
      },
      {
        "tag": "s5",
        "type": "section",
        "text": "\n"
      }
    ]
  },
  "front": {
    "verseObjects": [
      {
        "tag": "s",
        "type": "section",
        "text": "मदद की प्रेरणा\n"
      },
      {
        "tag": "p",
        "type": "paragraph",
        "text": "\n"
      }
    ]
  }
}