{
  "1": {
    "verseObjects": [
      {
        "type": "text",
        "text": "When Saul returned from chasing the Philistines, he was told, \"David is in the wilderness of Engedi.\"\n"
      }
    ]
  },
  "2": {
    "verseObjects": [
      {
        "type": "text",
        "text": "Then Saul took three thousand chosen men from all Israel and went to seek David and his men on the Rocks of the Wild Goats.\n\n"
      },
      {
        "tag": "s5",
        "type": "section",
        "text": "\n"
      }
    ]
  },
  "3": {
    "verseObjects": [
      {
        "type": "text",
        "text": "He came to sheep pens on the way, where there was a cave. Saul went inside to cover his feet. Now David and his men were sitting far back in the cave.\n"
      }
    ]
  },
  "4": {
    "verseObjects": [
      {
        "type": "text",
        "text": "David's men said to him, \"This is the day of which Yahweh spoke when he said to you, 'I will give your enemy into your hand, for you to do with him as you wish.'\" Then David arose and quietly crept forward and cut off the corner of Saul's robe.\n"
      },
      {
        "tag": "s5",
        "type": "section",
        "text": "\n"
      }
    ]
  },
  "5": {
    "verseObjects": [
      {
        "type": "text",
        "text": "Afterward David's heart afflicted him because he had cut a corner off Saul's robe.\n"
      }
    ]
  },
  "6": {
    "verseObjects": [
      {
        "type": "text",
        "text": "He said to his men, \"May Yahweh forbid that I should do this thing to my master, Yahweh's anointed, to put out my hand against him, seeing he is Yahweh's anointed.\"\n"
      }
    ]
  },
  "7": {
    "verseObjects": [
      {
        "type": "text",
        "text": "So David rebuked his men with these words, and did not permit them to attack Saul. Saul stood up, left the cave, and went on his way.\n\n"
      },
      {
        "tag": "s5",
        "type": "section",
        "text": "\n"
      },
      {
        "tag": "p",
        "type": "paragraph",
        "text": "\n"
      }
    ]
  },
  "8": {
    "verseObjects": [
      {
        "type": "text",
        "text": "Afterward, David also stood up, left the cave, and called out after Saul: \"My master the king.\" When Saul looked behind him, David bowed with his face to the ground and showed him respect.\n"
      }
    ]
  },
  "9": {
    "verseObjects": [
      {
        "type": "text",
        "text": "David said to Saul, \"Why do you listen to the men who say, 'See, David is seeking your harm?'\n\n"
      },
      {
        "tag": "s5",
        "type": "section",
        "text": "\n"
      }
    ]
  },
  "10": {
    "verseObjects": [
      {
        "type": "text",
        "text": "Today your eyes have seen how Yahweh put you into my hand when we were in the cave. Some told me to kill you, but I spared you. I said, 'I will not put out my hand against my master; for he is Yahweh's anointed.'\n"
      }
    ]
  },
  "11": {
    "verseObjects": [
      {
        "type": "text",
        "text": "See, my father, see the corner of your robe in my hand. For the fact that I cut off the corner of your robe and did not kill you, you may know and see that there is no evil or treason in my hand, and I have not sinned against you, even though you hunt my life to take it.\n\n"
      },
      {
        "tag": "s5",
        "type": "section",
        "text": "\n"
      }
    ]
  },
  "12": {
    "verseObjects": [
      {
        "type": "text",
        "text": "May Yahweh judge between you and me, and may Yahweh avenge me against you, but my hand shall not be against you.\n"
      }
    ]
  },
  "13": {
    "verseObjects": [
      {
        "type": "text",
        "text": "As the proverb of the ancients says, 'Out of the wicked comes wickedness.' But my hand will not be against you.\n\n"
      },
      {
        "tag": "s5",
        "type": "section",
        "text": "\n"
      }
    ]
  },
  "14": {
    "verseObjects": [
      {
        "type": "text",
        "text": "After whom has the king of Israel come out? After whom do you pursue? After a dead dog! After a flea!\n"
      }
    ]
  },
  "15": {
    "verseObjects": [
      {
        "type": "text",
        "text": "May Yahweh be judge and give judgment between you and me, and see to it, and plead my cause and permit me to escape from your hand.\"\n\n"
      },
      {
        "tag": "s5",
        "type": "section",
        "text": "\n"
      },
      {
        "tag": "p",
        "type": "paragraph",
        "text": "\n"
      }
    ]
  },
  "16": {
    "verseObjects": [
      {
        "type": "text",
        "text": "When David had finished speaking these words to Saul, Saul said, \"Is this your voice, my son David?\" Saul lifted up his voice and wept.\n\n"
      },
      {
        "tag": "s5",
        "type": "section",
        "text": "\n"
      }
    ]
  },
  "17": {
    "verseObjects": [
      {
        "type": "text",
        "text": "He said to David, \"You are more righteous than I am. For you have repaid me good, where I have repaid you evil.\n"
      }
    ]
  },
  "18": {
    "verseObjects": [
      {
        "type": "text",
        "text": "You have declared today how you have done good to me, for you did not kill me when Yahweh had put me at your mercy.\n\n"
      },
      {
        "tag": "s5",
        "type": "section",
        "text": "\n"
      }
    ]
  },
  "19": {
    "verseObjects": [
      {
        "type": "text",
        "text": "For if a man finds his enemy, will he let him go safely? May Yahweh reward you with good for what you have done to me today.\n"
      }
    ]
  },
  "20": {
    "verseObjects": [
      {
        "type": "text",
        "text": "Now, I know that you will surely be king and that the kingdom of Israel will be established in your hand.\n\n"
      },
      {
        "tag": "s5",
        "type": "section",
        "text": "\n"
      }
    ]
  },
  "21": {
    "verseObjects": [
      {
        "type": "text",
        "text": "Swear to me by Yahweh that you will not cut off my descendants after me, and that you will not destroy my name out of my father's house.\"\n"
      }
    ]
  },
  "22": {
    "verseObjects": [
      {
        "type": "text",
        "text": "So David made an oath to Saul. Then Saul went home, but David and his men went up to the stronghold.\n\n\n"
      },
      {
        "tag": "s5",
        "type": "section",
        "text": "\n"
      }
    ]
  },
  "front": {
    "verseObjects": [
      {
        "tag": "p",
        "type": "paragraph",
        "text": "\n"
      }
    ]
  }
}