{
  "1": {
    "verseObjects": [
      {
        "type": "text",
        "text": "नबूकदनेस्सर राजा की ओर से देश-देश और जाति-जाति के लोगों, और भिन्न-भिन्न भाषा बोलनेवाले जितने सारी पृथ्वी पर रहते हैं, उन सभी को यह वचन मिला, “तुम्हारा कुशल क्षेम बढ़े!\n"
      }
    ]
  },
  "2": {
    "verseObjects": [
      {
        "type": "text",
        "text": "मुझे यह अच्छा लगा, कि परमप्रधान परमेश्‍वर ने मुझे जो-जो चिन्ह और चमत्कार दिखाए हैं, उनको प्रगट करूँ। (भज. 66:16)\n"
      }
    ]
  },
  "3": {
    "verseObjects": [
      {
        "type": "text",
        "text": "उसके दिखाए हुए चिन्ह क्या ही बड़े, और उसके चमत्कारों में क्या ही बड़ी शक्ति प्रगट होती है! उसका राज्य तो सदा का और उसकी प्रभुता पीढ़ी से पीढ़ी तक बनी रहती है।\n"
      },
      {
        "tag": "p",
        "type": "paragraph",
        "text": "\n"
      },
      {
        "tag": "s5",
        "type": "section",
        "text": "\n"
      }
    ]
  },
  "4": {
    "verseObjects": [
      {
        "type": "text",
        "text": "“मैं नबूकदनेस्सर अपने भवन में चैन से और अपने महल में प्रफुल्लित रहता था।\n"
      }
    ]
  },
  "5": {
    "verseObjects": [
      {
        "type": "text",
        "text": "मैंने ऐसा स्वप्न देखा जिसके कारण मैं डर गया; और पलंग पर पड़े-पड़े जो विचार मेरे मन में आए और जो बातें मैंने देखीं, उनके कारण मैं घबरा गया था।\n"
      }
    ]
  },
  "6": {
    "verseObjects": [
      {
        "type": "text",
        "text": "तब मैंने आज्ञा दी कि बाबेल के सब पंडित मेरे स्वप्न का अर्थ मुझे बताने के लिये मेरे सामने हाजिर किए जाएँ।\n"
      },
      {
        "tag": "s5",
        "type": "section",
        "text": "\n"
      }
    ]
  },
  "7": {
    "verseObjects": [
      {
        "type": "text",
        "text": "तब ज्योतिषी, तांत्रिक, कसदी और भावी बतानेवाले भीतर आए, और मैंने उनको अपना स्वप्न बताया, परन्तु वे उसका अर्थ न बता सके।\n"
      }
    ]
  },
  "8": {
    "verseObjects": [
      {
        "type": "text",
        "text": "अन्त में दानिय्येल मेरे सम्मुख आया, जिसका नाम मेरे देवता के नाम के कारण* बेलतशस्सर रखा गया था, और जिसमें पवित्र ईश्वरों की आत्मा रहती है; और मैंने उसको अपना स्वप्न यह कहकर बता दिया,\n"
      }
    ]
  },
  "9": {
    "verseObjects": [
      {
        "type": "text",
        "text": "हे बेलतशस्सर तू तो सब ज्योतिषियों का प्रधान है, मैं जानता हूँ कि तुझ में पवित्र ईश्वरों की आत्मा रहती है, और तू किसी भेद के कारण नहीं घबराता; इसलिए जो स्वप्न मैंने देखा है उसे अर्थ समेत मुझे बताकर समझा दे।\n"
      },
      {
        "tag": "s5",
        "type": "section",
        "text": "\n"
      }
    ]
  },
  "10": {
    "verseObjects": [
      {
        "type": "text",
        "text": "जो दर्शन मैंने पलंग पर पाया वह यह है: मैंने देखा, कि पृथ्वी के बीचोबीच एक वृक्ष लगा है; उसकी ऊँचाई बहुत बड़ी है।\n"
      }
    ]
  },
  "11": {
    "verseObjects": [
      {
        "type": "text",
        "text": "वह वृक्ष बड़ा होकर दृढ़ हो गया, और उसकी ऊँचाई स्वर्ग तक पहुँची, और वह सारी पृथ्वी की छोर तक दिखाई पड़ता था।\n"
      }
    ]
  },
  "12": {
    "verseObjects": [
      {
        "type": "text",
        "text": "उसके पत्ते सुन्दर, और उसमें बहुत फल थे, यहाँ तक कि उसमें सभी के लिये भोजन था। उसके नीचे मैदान के सब पशुओं को छाया मिलती थी, और उसकी डालियों में आकाश की सब चिड़ियाँ बसेरा करती थीं, और सब प्राणी उससे आहार पाते थे। (मत्ती 13:32)\n"
      },
      {
        "tag": "p",
        "type": "paragraph",
        "text": "\n"
      },
      {
        "tag": "s5",
        "type": "section",
        "text": "\n"
      }
    ]
  },
  "13": {
    "verseObjects": [
      {
        "type": "text",
        "text": "“मैंने पलंग पर दर्शन पाते समय क्या देखा, कि एक पवित्र दूत स्वर्ग से उतर आया।\n"
      }
    ]
  },
  "14": {
    "verseObjects": [
      {
        "type": "text",
        "text": "उसने ऊँचे शब्द से पुकारकर यह कहा, ‘वृक्ष को काट डालो, उसकी डालियों को छाँट दो, उसके पत्ते झाड़ दो और उसके फल छितरा डालो; पशु उसके नीचे से हट जाएँ, और चिड़ियाँ उसकी डालियों पर से उड़ जाएँ।\n"
      },
      {
        "tag": "s5",
        "type": "section",
        "text": "\n"
      }
    ]
  },
  "15": {
    "verseObjects": [
      {
        "type": "text",
        "text": "तो भी उसके ठूँठे को जड़ समेत भूमि में छोड़ो, और उसको लोहे और पीतल के बन्धन से बाँधकर मैदान की हरी घास के बीच रहने दो। वह आकाश की ओस से भीगा करे और भूमि की घास खाने में मैदान के पशुओं के संग भागी हो।\n"
      }
    ]
  },
  "16": {
    "verseObjects": [
      {
        "type": "text",
        "text": "उसका मन बदले और मनुष्य का न रहे, परन्तु पशु का सा बन जाए; और उस पर सात काल बीतें।\n"
      },
      {
        "tag": "s5",
        "type": "section",
        "text": "\n"
      }
    ]
  },
  "17": {
    "verseObjects": [
      {
        "type": "text",
        "text": "यह आज्ञा उस दूत के निर्णय से, और यह बात पवित्र लोगों के वचन से निकली, कि जो जीवित हैं वे जान लें कि परमप्रधान परमेश्‍वर मनुष्यों के राज्य में प्रभुता करता है, और उसको जिसे चाहे उसे दे देता है, और वह छोटे से छोटे मनुष्य को भी उस पर नियुक्त कर देता है।’\n"
      }
    ]
  },
  "18": {
    "verseObjects": [
      {
        "type": "text",
        "text": "मुझ नबूकदनेस्सर राजा ने यही स्वप्न देखा। इसलिए हे बेलतशस्सर, तू इसका अर्थ बता, क्योंकि मेरे राज्य में और कोई पंडित इसका अर्थ मुझे समझा नहीं सका, परन्तु तुझ में तो पवित्र ईश्वरों की आत्मा रहती है, इस कारण तू उसे समझा सकता है।”\n"
      },
      {
        "tag": "s",
        "type": "section",
        "text": "दानिय्येल द्वारा दूसरे स्वप्न का अर्थ बताना\n"
      },
      {
        "tag": "p",
        "type": "paragraph",
        "text": "\n"
      },
      {
        "tag": "s5",
        "type": "section",
        "text": "\n"
      }
    ]
  },
  "19": {
    "verseObjects": [
      {
        "type": "text",
        "text": "तब दानिय्येल जिसका नाम बेलतशस्सर भी था, घड़ी भर घबराता रहा, और सोचते-सोचते व्याकुल हो गया। तब राजा कहने लगा, “हे बेलतशस्सर इस स्वप्न से, या इसके अर्थ से तू व्याकुल मत हो।” बेलतशस्सर ने कहा, “हे मेरे प्रभु, यह स्वप्न तेरे बैरियों पर, और इसका अर्थ तेरे द्रोहियों पर फले!\n"
      },
      {
        "tag": "s5",
        "type": "section",
        "text": "\n"
      }
    ]
  },
  "20": {
    "verseObjects": [
      {
        "type": "text",
        "text": "जिस वृक्ष को तूने देखा, जो बड़ा और दृढ़ हो गया, और जिसकी ऊँचाई स्वर्ग तक पहुँची और जो पृथ्वी के सिरे तक दिखाई देता था;\n"
      }
    ]
  },
  "21": {
    "verseObjects": [
      {
        "type": "text",
        "text": "जिसके पत्ते सुन्दर और फल बहुत थे, और जिसमें सभी के लिये भोजन था; जिसके नीचे मैदान के सब पशु रहते थे, और जिसकी डालियों में आकाश की चिड़ियाँ बसेरा करती थीं,\n"
      }
    ]
  },
  "22": {
    "verseObjects": [
      {
        "type": "text",
        "text": "हे राजा, वह तू ही है। तू महान और सामर्थी हो गया, तेरी महिमा बढ़ी और स्वर्ग तक पहुँच गई, और तेरी प्रभुता पृथ्वी की छोर तक फैली है।\n"
      },
      {
        "tag": "s5",
        "type": "section",
        "text": "\n"
      }
    ]
  },
  "23": {
    "verseObjects": [
      {
        "type": "text",
        "text": "और हे राजा, तूने जो एक पवित्र दूत को स्वर्ग से उतरते और यह कहते देखा कि वृक्ष को काट डालो और उसका नाश करो, तो भी उसके ठूँठे को जड़ समेत भूमि में छोड़ो, और उसको लोहे और पीतल के बन्धन से बाँधकर मैदान की हरी घास के बीच में रहने दो; वह आकाश की ओस से भीगा करे, और उसको मैदान के पशुओं के संग ही भाग मिले; और जब तक सात युग उस पर बीत न चुकें, तब तक उसकी ऐसी ही दशा रहे।\n"
      },
      {
        "tag": "s5",
        "type": "section",
        "text": "\n"
      }
    ]
  },
  "24": {
    "verseObjects": [
      {
        "type": "text",
        "text": "हे राजा, इसका अर्थ जो परमप्रधान ने ठाना है कि राजा पर घटे, वह यह है,\n"
      }
    ]
  },
  "25": {
    "verseObjects": [
      {
        "type": "text",
        "text": "तू मनुष्यों के बीच से निकाला जाएगा*, और मैदान के पशुओं के संग रहेगा; तू बैलों के समान घास चरेगा; और आकाश की ओस से भीगा करेगा और सात युग तुझ पर बीतेंगे, जब तक कि तू न जान ले कि मनुष्यों के राज्य में परमप्रधान ही प्रभुता करता है, और जिसे चाहे वह उसे दे देता है।\n"
      },
      {
        "tag": "s5",
        "type": "section",
        "text": "\n"
      }
    ]
  },
  "26": {
    "verseObjects": [
      {
        "type": "text",
        "text": "और उस वृक्ष के ठूँठे को जड़ समेत छोड़ने की आज्ञा जो हुई है, इसका अर्थ यह है कि तेरा राज्य तेरे लिये बना रहेगा; और जब तू जान लेगा कि जगत का प्रभु स्वर्ग ही में है, तब तू फिर से राज्य करने पाएगा।\n"
      }
    ]
  },
  "27": {
    "verseObjects": [
      {
        "type": "text",
        "text": "इस कारण, हे राजा, मेरी यह सम्मति स्वीकार कर, कि यदि तू पाप छोड़कर धार्मिकता करने लगे, और अधर्म छोड़कर दीन-हीनों पर दया करने लगे, तो सम्भव है कि ऐसा करने से तेरा चैन बना रहे।”\n"
      },
      {
        "tag": "s",
        "type": "section",
        "text": "नबूकदनेस्सर का अपमान\n"
      },
      {
        "tag": "p",
        "type": "paragraph",
        "text": "\n"
      },
      {
        "tag": "s5",
        "type": "section",
        "text": "\n"
      }
    ]
  },
  "28": {
    "verseObjects": [
      {
        "type": "text",
        "text": "यह सब कुछ नबूकदनेस्सर राजा पर घट गया।\n"
      }
    ]
  },
  "29": {
    "verseObjects": [
      {
        "type": "text",
        "text": "बारह महीने बीतने पर जब वह बाबेल के राजभवन की छत पर टहल रहा था, तब वह कहने लगा,\n"
      }
    ]
  },
  "30": {
    "verseObjects": [
      {
        "type": "text",
        "text": "“क्या यह बड़ा बाबेल नहीं है, जिसे मैं ही ने अपने बल और सामर्थ्य से राजनिवास होने को और अपने प्रताप की बड़ाई के लिये बसाया है?”\n"
      },
      {
        "tag": "s5",
        "type": "section",
        "text": "\n"
      }
    ]
  },
  "31": {
    "verseObjects": [
      {
        "type": "text",
        "text": "यह वचन राजा के मुँह से निकलने भी न पाया था कि आकाशवाणी हुई, “हे राजा नबूकदनेस्सर तेरे विषय में यह आज्ञा निकलती है कि राज्य तेरे हाथ से निकल गया,\n"
      }
    ]
  },
  "32": {
    "verseObjects": [
      {
        "type": "text",
        "text": "और तू मनुष्यों के बीच में से निकाला जाएगा, और मैदान के पशुओं के संग रहेगा; और बैलों के समान घास चरेगा और सात काल तुझ पर बीतेंगे, जब तक कि तू न जान ले कि परमप्रधान, मनुष्यों के राज्य में प्रभुता करता है और जिसे चाहे वह उसे दे देता है।”\n"
      },
      {
        "tag": "s5",
        "type": "section",
        "text": "\n"
      }
    ]
  },
  "33": {
    "verseObjects": [
      {
        "type": "text",
        "text": "उसी घड़ी यह वचन नबूकदनेस्सर के विषय में पूरा हुआ। वह मनुष्यों में से निकाला गया, और बैलों के समान घास चरने लगा, और उसकी देह आकाश की ओस से भीगती थी, यहाँ तक कि उसके बाल उकाब पक्षियों के परों से और उसके नाखून चिड़ियाँ के पंजों के समान बढ़ गए।\n"
      },
      {
        "tag": "s",
        "type": "section",
        "text": "नबूकदनेस्सर द्वारा परमेश्‍वर की प्रशंसा\n"
      },
      {
        "tag": "p",
        "type": "paragraph",
        "text": "\n"
      },
      {
        "tag": "s5",
        "type": "section",
        "text": "\n"
      }
    ]
  },
  "34": {
    "verseObjects": [
      {
        "type": "text",
        "text": "उन दिनों के बीतने पर, मुझ नबूकदनेस्सर ने अपनी आँखें स्वर्ग की ओर उठाई, और मेरी बुद्धि फिर ज्यों की त्यों हो गई; तब मैंने परमप्रधान को धन्य कहा, और जो सदा जीवित है उसकी स्तुति और महिमा यह कहकर करने लगा:\n"
      },
      {
        "tag": "q",
        "type": "quote",
        "text": "उसकी प्रभुता सदा की है\n"
      },
      {
        "tag": "q",
        "type": "quote",
        "text": "और उसका राज्य पीढ़ी से पीढ़ी तब बना रहनेवाला है। (भज. 145:13, 1 तीमु. 1:17)\n"
      },
      {
        "tag": "q",
        "type": "quote",
        "text": "\n"
      },
      {
        "tag": "s5",
        "type": "section",
        "text": "\n"
      }
    ]
  },
  "35": {
    "verseObjects": [
      {
        "type": "text",
        "text": "पृथ्वी के सब रहनेवाले उसके सामने तुच्छ गिने जाते हैं,\n"
      },
      {
        "tag": "q",
        "type": "quote",
        "text": "और वह स्वर्ग की सेना और पृथ्वी के रहनेवालों के बीच\n"
      },
      {
        "tag": "q",
        "type": "quote",
        "text": "अपनी इच्छा के अनुसार काम करता है;\n"
      },
      {
        "tag": "q",
        "type": "quote",
        "text": "और कोई उसको रोककर उससे नहीं कह सकता है, “तूने यह क्या किया है?”\n"
      },
      {
        "tag": "b",
        "type": "paragraph",
        "text": "\n"
      },
      {
        "tag": "pi",
        "type": "paragraph",
        "text": "\n"
      },
      {
        "tag": "s5",
        "type": "section",
        "text": "\n"
      }
    ]
  },
  "36": {
    "verseObjects": [
      {
        "type": "text",
        "text": "उसी समय, मेरी बुद्धि फिर ज्यों की त्यों हो गई; और मेरे राज्य की महिमा के लिये मेरा प्रताप और मुकुट मुझ पर फिर आ गया। और मेरे मंत्री और प्रधान लोग मुझसे भेंट करने के लिये आने लगे, और मैं अपने राज्य में स्थिर हो गया; और मेरी और अधिक प्रशंसा होने लगी।\n"
      }
    ]
  },
  "37": {
    "verseObjects": [
      {
        "type": "text",
        "text": "अब मैं नबूकदनेस्सर स्वर्ग के राजा को सराहता हूँ, और उसकी स्तुति और महिमा करता हूँ क्योंकि उसके सब काम सच्चे, और उसके सब व्यवहार न्याय के हैं; और जो लोग घमण्ड से चलते हैं, उन्हें वह नीचा कर सकता है। (व्य. 32:4)\n\n"
      },
      {
        "tag": "s5",
        "type": "section",
        "text": "\n"
      }
    ]
  },
  "front": {
    "verseObjects": [
      {
        "tag": "s",
        "type": "section",
        "text": "नबूकदनेस्सर का दूसरा स्वप्न\n"
      },
      {
        "tag": "p",
        "type": "paragraph",
        "text": "\n"
      }
    ]
  }
}