{
  "1": {
    "verseObjects": [
      {
        "type": "text",
        "text": "दारा को यह अच्छा लगा कि अपने राज्य के ऊपर एक सौ बीस ऐसे अधिपति ठहराए, जो पूरे राज्य में अधिकार रखें।\n"
      }
    ]
  },
  "2": {
    "verseObjects": [
      {
        "type": "text",
        "text": "और उनके ऊपर उसने तीन अध्यक्ष, जिनमें से दानिय्येल एक था, इसलिए ठहराए, कि वे उन अधिपतियों से लेखा लिया करें, और इस रीति राजा की कुछ हानि न होने पाए।\n"
      }
    ]
  },
  "3": {
    "verseObjects": [
      {
        "type": "text",
        "text": "जब यह देखा गया कि दानिय्येल में उत्तम आत्मा रहती है, तब उसको उन अध्यक्षों और अधिपतियों से अधिक प्रतिष्ठा मिली; वरन् राजा यह भी सोचता था कि उसको सारे राज्य के ऊपर ठहराए।\n"
      },
      {
        "tag": "s5",
        "type": "section",
        "text": "\n"
      }
    ]
  },
  "4": {
    "verseObjects": [
      {
        "type": "text",
        "text": "तब अध्यक्ष और अधिपति राजकार्य के विषय में दानिय्येल के विरुद्ध दोष ढूँढ़ने लगे; परन्तु वह विश्वासयोग्य था, और उसके काम में कोई भूल या दोष न निकला, और वे ऐसा कोई अपराध या दोष न पा सके।\n"
      }
    ]
  },
  "5": {
    "verseObjects": [
      {
        "type": "text",
        "text": "तब वे लोग कहने लगे, “हम उस दानिय्येल के परमेश्‍वर की व्यवस्था को छोड़ और किसी विषय में उसके विरुद्ध कोई दोष न पा सकेंगे।” \n"
      },
      {
        "tag": "s5",
        "type": "section",
        "text": "\n"
      }
    ]
  },
  "6": {
    "verseObjects": [
      {
        "type": "text",
        "text": "तब वे अध्यक्ष और अधिपति राजा के पास उतावली से आए, और उससे कहा, “हे राजा दारा, तू युग-युग जीवित रहे।\n"
      }
    ]
  },
  "7": {
    "verseObjects": [
      {
        "type": "text",
        "text": "राज्य के सारे अध्यक्षों ने, और हाकिमों, अधिपतियों, न्यायियों, और राज्यपालों ने आपस में सम्मति की है, कि राजा ऐसी आज्ञा दे और ऐसी कड़ी आज्ञा निकाले, कि तीस दिन तक जो कोई, हे राजा, तुझे छोड़ किसी और मनुष्य या देवता से विनती करे*, वह सिंहों की मांद में डाल दिया जाए।\n"
      },
      {
        "tag": "s5",
        "type": "section",
        "text": "\n"
      }
    ]
  },
  "8": {
    "verseObjects": [
      {
        "type": "text",
        "text": "इसलिए अब हे राजा, ऐसी आज्ञा दे, और इस पत्र पर हस्ताक्षर कर, जिससे यह बात मादियों और फारसियों की अटल व्यवस्था के अनुसार अदल-बदल न हो सके।” \n"
      }
    ]
  },
  "9": {
    "verseObjects": [
      {
        "type": "text",
        "text": "तब दारा राजा ने उस आज्ञापत्र पर हस्ताक्षर कर दिया।\n"
      },
      {
        "tag": "s",
        "type": "section",
        "text": "शेरों की गुफा में दानिय्येल\n"
      },
      {
        "tag": "p",
        "type": "paragraph",
        "text": "\n"
      },
      {
        "tag": "s5",
        "type": "section",
        "text": "\n"
      }
    ]
  },
  "10": {
    "verseObjects": [
      {
        "type": "text",
        "text": "जब दानिय्येल को मालूम हुआ कि उस पत्र पर हस्ताक्षर किया गया है, तब वह अपने घर में गया जिसकी ऊपरी कोठरी की खिड़कियाँ यरूशलेम की ओर खुली रहती थीं, और अपनी रीति के अनुसार जैसा वह दिन में तीन बार अपने परमेश्‍वर के सामने घुटने टेककर प्रार्थना और धन्यवाद करता था, वैसा ही तब भी करता रहा।\n"
      }
    ]
  },
  "11": {
    "verseObjects": [
      {
        "type": "text",
        "text": "तब उन पुरुषों ने उतावली से आकर दानिय्येल को अपने परमेश्‍वर के सामने विनती करते और गिड़गिड़ाते हुए पाया।\n"
      },
      {
        "tag": "s5",
        "type": "section",
        "text": "\n"
      }
    ]
  },
  "12": {
    "verseObjects": [
      {
        "type": "text",
        "text": "तब वे राजा के पास जाकर, उसकी राजआज्ञा के विषय में उससे कहने लगे, “हे राजा, क्या तूने ऐसे आज्ञापत्र पर हस्ताक्षर नहीं किया कि तीस दिन तक जो कोई तुझे छोड़ किसी मनुष्य या देवता से विनती करेगा, वह सिंहों की मांद में डाल दिया जाएगा?” राजा ने उत्तर दिया, “हाँ, मादियों और फारसियों की अटल व्यवस्था के अनुसार यह बात स्थिर है।” \n"
      },
      {
        "tag": "s5",
        "type": "section",
        "text": "\n"
      }
    ]
  },
  "13": {
    "verseObjects": [
      {
        "type": "text",
        "text": "तब उन्होंने राजा से कहा, “यहूदी बंधुओं में से जो दानिय्येल है, उसने, हे राजा, न तो तेरी ओर कुछ ध्यान दिया, और न तेरे हस्ताक्षर किए हुए आज्ञापत्र की ओर; वह दिन में तीन बार विनती किया करता है।” \n"
      }
    ]
  },
  "14": {
    "verseObjects": [
      {
        "type": "text",
        "text": "यह वचन सुनकर, राजा बहुत उदास हुआ, और दानिय्येल को बचाने के उपाय सोचने लगा; और सूर्य के अस्त होने तक उसके बचाने का यत्न करता रहा।\n"
      },
      {
        "tag": "s5",
        "type": "section",
        "text": "\n"
      }
    ]
  },
  "15": {
    "verseObjects": [
      {
        "type": "text",
        "text": "तब वे पुरुष राजा के पास उतावली से आकर कहने लगे, “हे राजा, यह जान रख, कि मादियों और फारसियों में यह व्यवस्था है कि जो-जो मनाही या आज्ञा राजा ठहराए, वह नहीं बदल सकती।” \n"
      },
      {
        "tag": "s5",
        "type": "section",
        "text": "\n"
      }
    ]
  },
  "16": {
    "verseObjects": [
      {
        "type": "text",
        "text": "तब राजा ने आज्ञा दी, और दानिय्येल लाकर सिंहों की मांद में डाल दिया गया। उस समय राजा ने दानिय्येल से कहा, “तेरा परमेश्‍वर जिसकी तू नित्य उपासना करता है, वही तुझे बचाए!” \n"
      },
      {
        "tag": "s5",
        "type": "section",
        "text": "\n"
      }
    ]
  },
  "17": {
    "verseObjects": [
      {
        "type": "text",
        "text": "तब एक पत्थर लाकर* उस मांद के मुँह पर रखा गया, और राजा ने उस पर अपनी अंगूठी से, और अपने प्रधानों की अँगूठियों से मुहर लगा दी कि दानिय्येल के विषय में कुछ बदलने न पाए।\n"
      },
      {
        "tag": "s",
        "type": "section",
        "text": "दानिय्येल का शेरों से बचाया जाना\n"
      },
      {
        "tag": "p",
        "type": "paragraph",
        "text": "\n"
      }
    ]
  },
  "18": {
    "verseObjects": [
      {
        "type": "text",
        "text": "तब राजा अपने महल में चला गया, और उस रात को बिना भोजन पड़ा रहा; और उसके पास सुख-विलास की कोई वस्तु नहीं पहुँचाई गई, और उसे नींद भी नहीं आई।\n"
      },
      {
        "tag": "s5",
        "type": "section",
        "text": "\n"
      }
    ]
  },
  "19": {
    "verseObjects": [
      {
        "type": "text",
        "text": "भोर को पौ फटते ही राजा उठा, और सिंहों के मांद की ओर फुर्ती से चला गया।\n"
      }
    ]
  },
  "20": {
    "verseObjects": [
      {
        "type": "text",
        "text": "जब राजा मांद के निकट आया, तब शोकभरी वाणी से चिल्लाने लगा और दानिय्येल से कहा, “हे दानिय्येल, हे जीविते परमेश्‍वर के दास, क्या तेरा परमेश्‍वर जिसकी तू नित्य उपासना करता है, तुझे सिंहों से बचा सका है?” \n"
      },
      {
        "tag": "s5",
        "type": "section",
        "text": "\n"
      }
    ]
  },
  "21": {
    "verseObjects": [
      {
        "type": "text",
        "text": "तब दानिय्येल ने राजा से कहा, “हे राजा, तू युग-युग जीवित रहे!\n"
      }
    ]
  },
  "22": {
    "verseObjects": [
      {
        "type": "text",
        "text": "मेरे परमेश्‍वर ने अपना दूत भेजकर सिंहों के मुँह को ऐसा बन्द कर रखा कि उन्होंने मेरी कुछ भी हानि नहीं की; इसका कारण यह है, कि मैं उसके सामने निर्दोष पाया गया; और हे राजा, तेरे सम्मुख भी मैंने कोई भूल नहीं की।” (यशा. 63:9, भज. 34:7)\n"
      },
      {
        "tag": "s5",
        "type": "section",
        "text": "\n"
      }
    ]
  },
  "23": {
    "verseObjects": [
      {
        "type": "text",
        "text": "तब राजा ने बहुत आनन्दित होकर*, दानिय्येल को मांद में से निकालने की आज्ञा दी। अतः दानिय्येल मांद में से निकाला गया, और उस पर हानि का कोई चिन्ह न पाया गया, क्योंकि वह अपने परमेश्‍वर पर विश्वास रखता था।\n"
      },
      {
        "tag": "s",
        "type": "section",
        "text": "दारा द्वारा परमेश्‍वर का सम्मान\n"
      },
      {
        "tag": "p",
        "type": "paragraph",
        "text": "\n"
      },
      {
        "tag": "s5",
        "type": "section",
        "text": "\n"
      }
    ]
  },
  "24": {
    "verseObjects": [
      {
        "type": "text",
        "text": "तब राजा ने आज्ञा दी कि जिन पुरुषों ने दानिय्येल की चुगली की थी, वे अपने-अपने बाल-बच्चों और स्त्रियों समेत लाकर सिंहों के मांद में डाल दिए जाएँ; और वे मांद की पेंदी तक भी न पहुँचे कि सिंहों ने उन पर झपटकर सब हड्डियों समेत उनको चबा डाला।।\n"
      }
    ]
  },
  "25": {
    "verseObjects": [
      {
        "type": "text",
        "text": "तब दारा राजा ने सारी पृथ्वी के रहनेवाले देश-देश और जाति-जाति के सब लोगों, और भिन्न-भिन्न भाषा बोलनेवालों के पास यह लिखा, “तुम्हारा बहुत कुशल हो!\n"
      },
      {
        "tag": "s5",
        "type": "section",
        "text": "\n"
      }
    ]
  },
  "26": {
    "verseObjects": [
      {
        "type": "text",
        "text": "मैं यह आज्ञा देता हूँ कि जहाँ-जहाँ मेरे राज्य का अधिकार है, वहाँ के लोग दानिय्येल के परमेश्‍वर के सम्मुख काँपते और थरथराते रहें, क्योंकि जीविता और युगानुयुग तक रहनेवाला परमेश्‍वर वही है; उसका राज्य अविनाशी और उसकी प्रभुता सदा स्थिर रहेगी। (दानि. 7:27, भज. 99:1-3)\n"
      }
    ]
  },
  "27": {
    "verseObjects": [
      {
        "type": "text",
        "text": "जिस ने दानिय्येल को सिंहों से बचाया है, वही बचाने और छुड़ानेवाला है; और स्वर्ग में और पृथ्वी पर चिन्हों और चमत्कारों का प्रगट करनेवाला है।” \n"
      },
      {
        "tag": "s5",
        "type": "section",
        "text": "\n"
      }
    ]
  },
  "28": {
    "verseObjects": [
      {
        "type": "text",
        "text": "और दानिय्येल, दारा और कुस्रू फारसी, दोनों के राज्य के दिनों में सुख-चैन से रहा।\n\n"
      },
      {
        "tag": "s5",
        "type": "section",
        "text": "\n"
      }
    ]
  },
  "front": {
    "verseObjects": [
      {
        "tag": "s",
        "type": "section",
        "text": "दानिय्येल के खिलाफ षड्‍यंत्र\n"
      },
      {
        "tag": "p",
        "type": "paragraph",
        "text": "\n"
      }
    ]
  }
}