{
  "1": {
    "verseObjects": [
      {
        "type": "text",
        "text": "All the people of northern Israel went to the city Shechem in order to appoint Rehoboam to be their king. So Rehoboam also went there.\n"
      }
    ]
  },
  "2": {
    "verseObjects": [
      {
        "type": "text",
        "text": "Now Jeroboam son of Nebat had fled to Egypt to escape from King Solomon. While he was in Egypt he heard about the people wanting to appoint Rehoboam to be their king, and so he returned to Israel from Egypt.\n\n"
      },
      {
        "tag": "s5",
        "nextChar": "\n",
        "type": "section"
      }
    ]
  },
  "3": {
    "verseObjects": [
      {
        "type": "text",
        "text": "So the leaders of the northern tribes summoned Jeroboam, and he went with them to talk to Rehoboam. They said to Rehoboam,\n"
      }
    ]
  },
  "4": {
    "verseObjects": [
      {
        "type": "text",
        "text": "\"Your father Solomon forced us to work very hard, but if you charge us fewer taxes than we were paying to him, and if you make us work not so much we will serve you faithfully.\"\n"
      },
      {
        "tag": "p",
        "nextChar": "\n",
        "type": "paragraph"
      }
    ]
  },
  "5": {
    "verseObjects": [
      {
        "type": "text",
        "text": "He replied, \"Come back three days from now, and I will give you my answer.\" So those leaders and Jeroboam left.\n\n"
      },
      {
        "tag": "s5",
        "nextChar": "\n",
        "type": "section"
      },
      {
        "tag": "p",
        "nextChar": "\n",
        "type": "paragraph"
      }
    ]
  },
  "6": {
    "verseObjects": [
      {
        "type": "text",
        "text": "Then King Rehoboam consulted his older men who had advised his father Solomon while he was still alive. He asked them, \"What shall I say to answer these men?\"\n"
      },
      {
        "tag": "p",
        "nextChar": "\n",
        "type": "paragraph"
      }
    ]
  },
  "7": {
    "verseObjects": [
      {
        "type": "text",
        "text": "They replied, \"If you will be kind to these people and do things that will please them, and if you say kind things to them when you answer them, they will always serve you.\"\n\n"
      },
      {
        "tag": "s5",
        "nextChar": "\n",
        "type": "section"
      },
      {
        "tag": "p",
        "nextChar": "\n",
        "type": "paragraph"
      }
    ]
  },
  "8": {
    "verseObjects": [
      {
        "type": "text",
        "text": "But he did not agree with what the older men advised him to do. Instead, he consulted the younger men who had grown up with him, who were now his advisors.\n"
      }
    ]
  },
  "9": {
    "verseObjects": [
      {
        "type": "text",
        "text": "He said to them, \"What do you say that I should answer the men who are asking me to reduce the work and taxes that my father required from them?\"\n\n"
      },
      {
        "tag": "s5",
        "nextChar": "\n",
        "type": "section"
      },
      {
        "tag": "p",
        "nextChar": "\n",
        "type": "paragraph"
      }
    ]
  },
  "10": {
    "verseObjects": [
      {
        "type": "text",
        "text": "The young men who had grown up with him replied, \"Those men have said that your father forced them to work very hard for him, so they want you to reduce the work and taxes that your father required from them. But this is what you should tell them: 'My little finger is thicker than my father's waist.'\n"
      }
    ]
  },
  "11": {
    "verseObjects": [
      {
        "type": "text",
        "text": "My father required you people to work hard and pay high taxes, but I will make the loads you carry even heavier. My father whipped you with leather whips, but I will whip you with scorpions.\"\n\n"
      },
      {
        "tag": "s5",
        "nextChar": "\n",
        "type": "section"
      },
      {
        "tag": "p",
        "nextChar": "\n",
        "type": "paragraph"
      }
    ]
  },
  "12": {
    "verseObjects": [
      {
        "type": "text",
        "text": "Three days later, Jeroboam and all the leaders came to King Rehoboam again, as he had instructed them to do.\n"
      }
    ]
  },
  "13": {
    "verseObjects": [
      {
        "type": "text",
        "text": "The king ignored the advice of the older men and spoke harshly to the Israelite leaders.\n"
      }
    ]
  },
  "14": {
    "verseObjects": [
      {
        "type": "text",
        "text": "He told them what the younger men had advised. He said, \"My father put heavy burdens of work and taxes on you, but I will put heavier burdens on you. It was as though he beat you with whips, but I will beat you with scorpions!\"\n\n"
      },
      {
        "tag": "s5",
        "nextChar": "\n",
        "type": "section"
      }
    ]
  },
  "15": {
    "verseObjects": [
      {
        "type": "text",
        "text": "So the king did not pay any attention to the people's leaders. All this happened in order that what Yahweh wanted would occur, what he had told the prophet Ahijah about Jeroboam becoming king of the ten tribes out of the twelve.\n\n"
      },
      {
        "tag": "s5",
        "nextChar": "\n",
        "type": "section"
      },
      {
        "tag": "p",
        "nextChar": "\n",
        "type": "paragraph"
      }
    ]
  },
  "16": {
    "verseObjects": [
      {
        "type": "text",
        "text": "When the Israelite leaders realized that the king did not pay any attention to what they said, they shouted,\n"
      },
      {
        "tag": "q1",
        "type": "quote",
        "text": "\"We do not want anything to do with this descendant of King David!\n"
      },
      {
        "tag": "q2",
        "type": "quote",
        "text": "We will not pay attention to what this grandson of Jesse says!\n"
      },
      {
        "tag": "q1",
        "type": "quote",
        "text": "You people of Israel, let us go home!\n"
      },
      {
        "tag": "q2",
        "type": "quote",
        "text": "As for this descendant of David, he can look after his family himself!\"\n"
      },
      {
        "tag": "m",
        "type": "paragraph",
        "text": "So the Israelite leaders returned to their homes.\n"
      },
      {
        "type": "text",
        "text": "\n"
      },
      {
        "tag": "s5",
        "nextChar": "\n",
        "type": "section"
      },
      {
        "tag": "p",
        "nextChar": "\n",
        "type": "paragraph"
      }
    ]
  },
  "17": {
    "verseObjects": [
      {
        "type": "text",
        "text": "And after that, the only Israelite people whom Rehoboam ruled over were those who lived in the territory of the tribe of Judah, in the countryside and in the cities, towns, and villages.\n"
      },
      {
        "tag": "p",
        "nextChar": "\n",
        "type": "paragraph"
      }
    ]
  },
  "18": {
    "verseObjects": [
      {
        "type": "text",
        "text": "Then King Rehoboam went with Adoniram to talk to the Israelite people. Adoniram was the man who supervised all the men who were forced to work for Rehoboam. But the Israelite people killed him by throwing stones at him. When that happened, King Rehoboam quickly got in his chariot and escaped to Jerusalem.\n"
      }
    ]
  },
  "19": {
    "verseObjects": [
      {
        "type": "text",
        "text": "Ever since that time, the people of the northern tribes of Israel have been rebelling against the descendants of King David.\n\n\n"
      },
      {
        "tag": "s5",
        "nextChar": "\n",
        "type": "section"
      }
    ]
  },
  "front": {
    "verseObjects": [
      {
        "type": "text",
        "text": "\n"
      },
      {
        "tag": "p",
        "nextChar": "\n",
        "type": "paragraph"
      }
    ]
  }
}