{
  "1": {
    "verseObjects": [
      {
        "type": "text",
        "text": "The queen who ruled the Sheba area in Arabia heard that Solomon had become famous, so she traveled to Jerusalem to ask him questions that were difficult to answer. She came with a large group of servants, and she brought camels that were loaded with spices, and valuable gems. When she arrived, she shared her thoughts with him.\n"
      }
    ]
  },
  "2": {
    "verseObjects": [
      {
        "type": "text",
        "text": "Solomon answered all her questions. He explained everything that she asked about, even things that were very difficult.\n\n"
      },
      {
        "tag": "s5",
        "type": "section",
        "text": "\n"
      },
      {
        "tag": "p",
        "type": "paragraph",
        "text": "\n"
      }
    ]
  },
  "3": {
    "verseObjects": [
      {
        "type": "text",
        "text": "The queen realized that Solomon was very wise. She saw his palace,\n"
      }
    ]
  },
  "4": {
    "verseObjects": [
      {
        "type": "text",
        "text": "she saw the food that was served on his table every day, she saw where his officials lived, their uniforms, the servants who served the food and wine, and the sacrifices that he took to the temple to be offered. She was extremely amazed.\n\n"
      },
      {
        "tag": "s5",
        "type": "section",
        "text": "\n"
      },
      {
        "tag": "p",
        "type": "paragraph",
        "text": "\n"
      }
    ]
  },
  "5": {
    "verseObjects": [
      {
        "type": "text",
        "text": "She said to the king, \"Everything that I heard in my own country about you and about how wise you are is true!\n"
      }
    ]
  },
  "6": {
    "verseObjects": [
      {
        "type": "text",
        "text": "But I did not believe it was true until I came here and saw it myself. You are extremely wise and rich, even more than what people told me.\n\n"
      },
      {
        "tag": "s5",
        "type": "section",
        "text": "\n"
      }
    ]
  },
  "7": {
    "verseObjects": [
      {
        "type": "text",
        "text": "The men who work for you are very fortunate! Your servants who are constantly standing in front of you and listening to the wise things that you say are also fortunate!\n"
      }
    ]
  },
  "8": {
    "verseObjects": [
      {
        "type": "text",
        "text": "I praise Yahweh your God, who has shown that he is pleased with you by appointing you to be the king of Israel for him. God has always loved the Israelite people, and he desires to assist them forever, so he has appointed you to be their king, in order that you will rule them fairly and righteously.\"\n\n"
      },
      {
        "tag": "s5",
        "type": "section",
        "text": "\n"
      },
      {
        "tag": "p",
        "type": "paragraph",
        "text": "\n"
      }
    ]
  },
  "9": {
    "verseObjects": [
      {
        "type": "text",
        "text": "Then the queen gave to Solomon about four metric tons of gold and a large amount of spices and gemstones. Never had King Solomon received more spices than the queen gave him at that time.\n\n"
      },
      {
        "tag": "s5",
        "type": "section",
        "text": "\n"
      },
      {
        "tag": "p",
        "type": "paragraph",
        "text": "\n"
      }
    ]
  },
  "13": {
    "verseObjects": [
      {
        "type": "text",
        "text": "Each year there was brought to Solomon about twenty-two metric tons of gold. That was in addition to the taxes paid to him by the merchants and traders.\n"
      }
    ]
  },
  "14": {
    "verseObjects": [
      {
        "type": "text",
        "text": "Also, the kings of Arabia and the governors of the districts in Israel brought gold and silver to Solomon.\n\n"
      },
      {
        "tag": "s5",
        "type": "section",
        "text": "\n"
      },
      {
        "tag": "p",
        "type": "paragraph",
        "text": "\n"
      }
    ]
  },
  "15": {
    "verseObjects": [
      {
        "type": "text",
        "text": "King Solomon's workers took this gold and hammered it into thin sheets and covered two hundred large shields with those thin sheets of gold; they put about six and one-half kilograms of gold on each shield.\n"
      }
    ]
  },
  "16": {
    "verseObjects": [
      {
        "type": "text",
        "text": "His workers made three hundred smaller shields. They covered each of them with one and three-quarters kilograms of gold. Then the king put those shields in the House of the Forest of Lebanon.\n\n"
      },
      {
        "tag": "s5",
        "type": "section",
        "text": "\n"
      },
      {
        "tag": "p",
        "type": "paragraph",
        "text": "\n"
      }
    ]
  },
  "17": {
    "verseObjects": [
      {
        "type": "text",
        "text": "His workers also made for him a large throne. Part of it was covered with ivory and part of it was covered with very fine gold.\n"
      }
    ]
  },
  "18": {
    "verseObjects": [
      {
        "type": "text",
        "text": "There were six steps in front of the throne. There was a gold footstool that was attached to the throne. At each side of the throne there was an armrest, and alongside each armrest there was a statue of a lion. \n\n"
      },
      {
        "tag": "s5",
        "type": "section",
        "text": "\n"
      }
    ]
  },
  "19": {
    "verseObjects": [
      {
        "type": "text",
        "text": "So there were twelve statues of lions. No throne like that had ever existed in any other kingdom.\n"
      }
    ]
  },
  "20": {
    "verseObjects": [
      {
        "type": "text",
        "text": "All of Solomon's cups were made of gold, and all the various dishes in the House of the Forest of Lebanon were made of gold. They did not make things from silver, because during the years that Solomon ruled, silver was not considered to be valuable.\n"
      }
    ]
  },
  "21": {
    "verseObjects": [
      {
        "type": "text",
        "text": "The king had a fleet of ships capable of sailing far out on the ocean. It sailed along with Hiram's merchant fleet. Every three years the fleet brought gold, silver, ivory, apes, and baboons.\n\n"
      },
      {
        "tag": "s5",
        "type": "section",
        "text": "\n"
      },
      {
        "tag": "p",
        "type": "paragraph",
        "text": "\n"
      }
    ]
  },
  "22": {
    "verseObjects": [
      {
        "type": "text",
        "text": "King Solomon became richer and wiser than any other king on the earth.\n"
      }
    ]
  },
  "23": {
    "verseObjects": [
      {
        "type": "text",
        "text": "Kings from all over the world wanted to come and listen to the wise things that Solomon said, things that God had put into his mind.\n"
      }
    ]
  },
  "24": {
    "verseObjects": [
      {
        "type": "text",
        "text": "All the people who came to him brought presents: things made from silver or gold; they also brought robes, weapons , spices, horses, and mules. The merchants continued to do this every year.\n\n"
      },
      {
        "tag": "s5",
        "type": "section",
        "text": "\n"
      },
      {
        "tag": "p",
        "type": "paragraph",
        "text": "\n"
      }
    ]
  },
  "25": {
    "verseObjects": [
      {
        "type": "text",
        "text": "Solomon had four thousand stalls for his horses and chariots, and twelve thousand men who rodes horses. Solomon put some of them in Jerusalem and some of them in other cities where he kept his chariots.\n"
      }
    ]
  },
  "26": {
    "verseObjects": [
      {
        "type": "text",
        "text": "Solomon ruled over all the kings in the area from the Euphrates River in the northeast, to the region of Philistia in the west, and to the border of Egypt in the south.\n\n"
      },
      {
        "tag": "s5",
        "type": "section",
        "text": "\n"
      }
    ]
  },
  "27": {
    "verseObjects": [
      {
        "type": "text",
        "text": "During the years that Solomon was king, he caused silver to become as common in Jerusalem as stone; and he caused cedar trees in the foothills of Judah to become as plentiful as sycamore fig trees.\n"
      }
    ]
  },
  "28": {
    "verseObjects": [
      {
        "type": "text",
        "text": "Solomon's agents brought horses to the land of Judah from Egypt and from many other lands.\n\n\n"
      },
      {
        "tag": "s5",
        "type": "section",
        "text": "\n"
      },
      {
        "tag": "p",
        "type": "paragraph",
        "text": "\n"
      }
    ]
  },
  "29": {
    "verseObjects": [
      {
        "type": "text",
        "text": "Lists of all the other things that Solomon did are written in the scrolls written by the prophet Nathan, and by the prophet Ahijah from the city of Shiloh, and in the scroll in which was written the visions of the prophet Iddo (a scroll in which Iddo's visions about Jeroboam son of Nebat were also written).\n"
      }
    ]
  },
  "30": {
    "verseObjects": [
      {
        "type": "text",
        "text": "Solomon ruled in Jerusalem over all of Israel for forty years.\n"
      }
    ]
  },
  "31": {
    "verseObjects": [
      {
        "type": "text",
        "text": "Then Solomon died; they buried him in the part of Jerusalem called 'the city of David.' And his son Rehoboam became the next king.\n\n\n"
      },
      {
        "tag": "s5",
        "type": "section",
        "text": "\n"
      }
    ]
  },
  "front": {
    "verseObjects": [
      {
        "type": "text",
        "text": "\n"
      },
      {
        "tag": "p",
        "type": "paragraph",
        "text": "\n"
      }
    ]
  },
  "10-12": {
    "verseObjects": [
      {
        "type": "text",
        "text": "King Solomon gave to the queen from Sheba everything that she wanted. He gave her more than she had given to him. Then she and those who came with her returned to her own land.\n"
      },
      {
        "tag": "p",
        "type": "paragraph",
        "text": "The men of Hiram worked with the men of Solomon to bring gold from Ophir. They also brought a large amount of algum wood. The wood was used to make steps for the house of Yahweh, and they also used the wood to make harps and lyres for those who played music. No one in all the land of Judah had ever seen anything like the quality of the algum wood that was used to make the steps and the instruments. \n"
      },
      {
        "type": "text",
        "text": "\n"
      },
      {
        "tag": "s5",
        "type": "section",
        "text": "\n"
      },
      {
        "tag": "p",
        "type": "paragraph",
        "text": "\n"
      }
    ]
  }
}