{
  "1": {
    "verseObjects": [
      {
        "type": "text",
        "text": "तकोआवासी आमोस जो भेड़-बकरियों के चरानेवालों में से था, उसके ये वचन हैं जो उसने यहूदा के राजा उज्जियाह के, और योआश के पुत्र इस्राएल के राजा यारोबाम के दिनों में, भूकम्प से दो वर्ष पहले, इस्राएल के विषय में दर्शन देखकर कहे:\n"
      }
    ]
  },
  "2": {
    "verseObjects": [
      {
        "type": "text",
        "text": "“यहोवा सिय्योन से गरजेगा और यरूशलेम से अपना शब्द सुनाएगा; तब चरवाहों की चराइयाँ विलाप करेंगी, और कर्मेल की चोटी झुलस जाएगी।” \n"
      },
      {
        "tag": "s",
        "type": "section",
        "content": "इस्राएल के पड़ोसी राज्यों का न्याय\n"
      },
      {
        "tag": "p",
        "nextChar": "\n",
        "type": "paragraph"
      },
      {
        "tag": "s5",
        "nextChar": "\n",
        "type": "section"
      }
    ]
  },
  "3": {
    "verseObjects": [
      {
        "type": "text",
        "text": "यहोवा यह कहता है: “दमिश्क के तीन क्या, वरन् चार अपराधों के कारण मैं उसका दण्ड न छोड़ूँगा*; क्योंकि उन्होंने गिलाद को लोहे के दाँवनेवाले यन्त्रों से रौंद डाला है।\n"
      }
    ]
  },
  "4": {
    "verseObjects": [
      {
        "type": "text",
        "text": "इसलिए मैं हजाएल राजा के राजभवन में आग लगाऊँगा, और उससे बेन्हदद राजा के राजभवन भी भस्म हो जाएँगे।\n"
      },
      {
        "tag": "s5",
        "nextChar": "\n",
        "type": "section"
      }
    ]
  },
  "5": {
    "verseObjects": [
      {
        "type": "text",
        "text": "मैं दमिश्क के बेंड़ों को तोड़ डालूँगा, और आवेन नामक तराई के रहनेवालों को और बेतएदेन के घर में रहनेवाले राजदण्डधारी को नष्ट करूँगा; और अराम के लोग बन्दी होकर कीर को जाएँगे, यहोवा का यही वचन है।” \n"
      },
      {
        "tag": "s5",
        "nextChar": "\n",
        "type": "section"
      }
    ]
  },
  "6": {
    "verseObjects": [
      {
        "type": "text",
        "text": "यहोवा यह कहता है: “गाज़ा के तीन क्या, वरन् चार अपराधों के कारण मैं उसका दण्ड न छोड़ूँगा; क्योंकि वे सब लोगों को बन्दी बनाकर ले गए कि उन्हें एदोम के वश में कर दें।\n"
      }
    ]
  },
  "7": {
    "verseObjects": [
      {
        "type": "text",
        "text": "इसलिए मैं गाज़ा की शहरपनाह में आग लगाऊँगा, और उससे उसके भवन भस्म हो जाएँगे।\n"
      },
      {
        "tag": "s5",
        "nextChar": "\n",
        "type": "section"
      }
    ]
  },
  "8": {
    "verseObjects": [
      {
        "type": "text",
        "text": "मैं अश्दोद के रहनेवालों को और अश्कलोन के राजदण्डधारी को भी नष्ट करूँगा; मैं अपना हाथ एक्रोन के विरुद्ध चलाऊँगा, और शेष पलिश्ती लोग नष्ट होंगे,” परमेश्‍वर यहोवा का यही वचन है।\n"
      },
      {
        "tag": "s5",
        "nextChar": "\n",
        "type": "section"
      }
    ]
  },
  "9": {
    "verseObjects": [
      {
        "type": "text",
        "text": "यहोवा यह कहता है: “सोर के तीन क्या, वरन् चार अपराधों के कारण मैं उसका दण्ड न छोड़ूँगा; क्योंकि उन्होंने सब लोगों को बन्दी बनाकर एदोम के वश में कर दिया और भाई की सी वाचा का स्मरण न किया।\n"
      }
    ]
  },
  "10": {
    "verseObjects": [
      {
        "type": "text",
        "text": "इसलिए मैं सोर की शहरपनाह पर आग लगाऊँगा, और उससे उसके भवन भी भस्म हो जाएँगे।” (मत्ती 11:21-22, लूका 10:13-14) एदोम\n"
      },
      {
        "tag": "s5",
        "nextChar": "\n",
        "type": "section"
      }
    ]
  },
  "11": {
    "verseObjects": [
      {
        "type": "text",
        "text": "यहोवा यह कहता है: “एदोम के तीन क्या, वरन् चार अपराधों के कारण मैं उसका दण्ड न छोड़ूँगा; क्योंकि उसने अपने भाई को तलवार लिए हुए खदेड़ा और कुछ भी दया न की, परन्तु क्रोध से उनको लगातार फाड़ता ही रहा, और अपने रोष को अनन्तकाल के लिये बनाए रहा।\n"
      }
    ]
  },
  "12": {
    "verseObjects": [
      {
        "type": "text",
        "text": "इसलिए मैं तेमान में आग लगाऊँगा, और उससे बोस्रा के भवन भस्म हो जाएँगे।” \n"
      },
      {
        "tag": "s",
        "type": "section",
        "content": "अम्मोन\n"
      },
      {
        "tag": "p",
        "nextChar": "\n",
        "type": "paragraph"
      },
      {
        "tag": "s5",
        "nextChar": "\n",
        "type": "section"
      }
    ]
  },
  "13": {
    "verseObjects": [
      {
        "type": "text",
        "text": "यहोवा यह कहता है, “अम्मोन के तीन क्या, वरन् चार अपराधों के कारण मैं उसका दण्ड न छोड़ूँगा, क्योंकि उन्होंने अपनी सीमा को बढ़ा लेने के लिये गिलाद की गर्भवती स्त्रियों का पेट चीर डाला।\n"
      },
      {
        "tag": "s5",
        "nextChar": "\n",
        "type": "section"
      }
    ]
  },
  "14": {
    "verseObjects": [
      {
        "type": "text",
        "text": "इसलिए मैं रब्‍बाह की शहरपनाह में आग लगाऊँगा, और उससे उसके भवन भी भस्म हो जाएँगे। उस युद्ध के दिन में ललकार होगी, वह आँधी वरन् बवण्डर का दिन होगा;\n"
      }
    ]
  },
  "15": {
    "verseObjects": [
      {
        "type": "text",
        "text": "और उनका राजा अपने हाकिमों समेत बँधुआई में जाएगा, यहोवा का यही वचन है।” \n\n"
      },
      {
        "tag": "s5",
        "nextChar": "\n",
        "type": "section"
      }
    ]
  },
  "front": {
    "verseObjects": [
      {
        "tag": "p",
        "nextChar": "\n",
        "type": "paragraph"
      }
    ]
  }
}