{
  "1": {
    "verseObjects": [
      {
        "type": "text",
        "text": "यहोवा यह कहता है: “मोआब के तीन क्या, वरन् चार अपराधों के कारण, मैं उसका दण्ड न छोड़ूँगा; क्योंकि उसने एदोम के राजा की हड्डियों को जलाकर चूना कर दिया।\n"
      },
      {
        "tag": "s5",
        "type": "section",
        "text": "\n"
      }
    ]
  },
  "2": {
    "verseObjects": [
      {
        "type": "text",
        "text": "इसलिए मैं मोआब में आग लगाऊँगा, और उससे करिय्योत के भवन भस्म हो जाएँगे*; और मोआब हुल्लड़ और ललकार, और नरसिंगे के शब्द होते-होते मर जाएगा।\n"
      }
    ]
  },
  "3": {
    "verseObjects": [
      {
        "type": "text",
        "text": "मैं उसके बीच में से न्यायी का नाश करूँगा, और साथ ही साथ उसके सब हाकिमों को भी घात करूँगा,” यहोवा का यही वचन है।\n"
      },
      {
        "tag": "s",
        "type": "section",
        "text": "यहूदा\n"
      },
      {
        "tag": "p",
        "type": "paragraph",
        "text": "\n"
      },
      {
        "tag": "s5",
        "type": "section",
        "text": "\n"
      }
    ]
  },
  "4": {
    "verseObjects": [
      {
        "type": "text",
        "text": "यहोवा यह कहता है: “यहूदा के तीन क्या, वरन् चार अपराधों के कारण, मैं उसका दण्ड न छोड़ूँगा; क्योंकि उन्होंने यहोवा की व्यवस्था को तुच्छ जाना और मेरी विधियों को नहीं माना; और अपने झूठे देवताओं के कारण जिनके पीछे उनके पुरखा चलते थे, वे भी भटक गए हैं।\n"
      }
    ]
  },
  "5": {
    "verseObjects": [
      {
        "type": "text",
        "text": "इसलिए मैं यहूदा में आग लगाऊँगा, और उससे यरूशलेम के भवन भस्म हो जाएँगे।”\n"
      },
      {
        "tag": "s",
        "type": "section",
        "text": "इस्राएल का न्याय\n"
      },
      {
        "tag": "p",
        "type": "paragraph",
        "text": "\n"
      },
      {
        "tag": "s5",
        "type": "section",
        "text": "\n"
      }
    ]
  },
  "6": {
    "verseObjects": [
      {
        "type": "text",
        "text": "यहोवा यह कहता है: “इस्राएल के तीन क्या, वरन् चार अपराधों के कारण, मैं उसका दण्ड न छोड़ूँगा; क्योंकि उन्होंने निर्दोष को रुपये के लिये और दरिद्र को एक जोड़ी जूतियों के लिये बेच डाला है।\n"
      },
      {
        "tag": "s5",
        "type": "section",
        "text": "\n"
      }
    ]
  },
  "7": {
    "verseObjects": [
      {
        "type": "text",
        "text": "वे कंगालों के सिर पर की धूल का भी लालच करते, और नम्र लोगों को मार्ग से हटा देते हैं; और बाप-बेटा दोनों एक ही कुमारी के पास जाते हैं, जिससे मेरे पवित्र नाम को अपवित्र ठहराएँ।\n"
      }
    ]
  },
  "8": {
    "verseObjects": [
      {
        "type": "text",
        "text": "वे हर एक वेदी के पास बन्धक के वस्त्रों पर सोते हैं, और दण्ड के रुपये से मोल लिया हुआ दाखमधु अपने देवता के घर में पी लेते हैं।\n"
      },
      {
        "tag": "p",
        "type": "paragraph",
        "text": "\n"
      },
      {
        "tag": "s5",
        "type": "section",
        "text": "\n"
      }
    ]
  },
  "9": {
    "verseObjects": [
      {
        "type": "text",
        "text": "“मैंने उनके सामने से एमोरियों को नष्ट किया था, जिनकी लम्बाई देवदारों की सी, और जिनका बल बांज वृक्षों का सा था; तो भी मैंने ऊपर से उसके फल, और नीचे से उसकी जड़ नष्ट की।\n"
      }
    ]
  },
  "10": {
    "verseObjects": [
      {
        "type": "text",
        "text": "और मैं तुम को मिस्र देश से निकाल लाया, और जंगल में चालीस वर्ष तक लिए फिरता रहा, कि तुम एमोरियों के देश के अधिकारी हो जाओ।\n"
      },
      {
        "tag": "s5",
        "type": "section",
        "text": "\n"
      }
    ]
  },
  "11": {
    "verseObjects": [
      {
        "type": "text",
        "text": "और मैंने तुम्हारे पुत्रों में से नबी होने के लिये और तुम्हारे कुछ जवानों में से नाज़ीर होने के लिये ठहराया*। हे इस्राएलियों, क्या यह सब सच नहीं है?” यहोवा की यही वाणी है।\n"
      },
      {
        "tag": "p",
        "type": "paragraph",
        "text": "\n"
      }
    ]
  },
  "12": {
    "verseObjects": [
      {
        "type": "text",
        "text": "परन्तु तुम ने नाज़ीरों को दाखमधु पिलाया, और नबियों को आज्ञा दी कि भविष्यद्वाणी न करें।\n"
      },
      {
        "tag": "s5",
        "type": "section",
        "text": "\n"
      }
    ]
  },
  "13": {
    "verseObjects": [
      {
        "type": "text",
        "text": "“देखो, मैं तुम को ऐसा दबाऊँगा, जैसे पूलों से भरी हुई गाड़ी नीचे को दबाई जाती है।\n"
      }
    ]
  },
  "14": {
    "verseObjects": [
      {
        "type": "text",
        "text": "इसलिए वेग दौड़नेवाले को भाग जाने का स्थान न मिलेगा, और सामर्थी का सामर्थ्य कुछ काम न देगा; और न पराक्रमी अपना प्राण बचा सकेगा;\n"
      },
      {
        "tag": "s5",
        "type": "section",
        "text": "\n"
      }
    ]
  },
  "15": {
    "verseObjects": [
      {
        "type": "text",
        "text": "धनुर्धारी खड़ा न रह सकेगा, और फुर्ती से दौड़नेवाला न बचेगा; घुड़सवार भी अपना प्राण न बचा सकेगा;\n"
      }
    ]
  },
  "16": {
    "verseObjects": [
      {
        "type": "text",
        "text": "और शूरवीरों में जो अधिक धीर हो, वह भी उस दिन नंगा होकर भाग जाएगा,” यहोवा की यही वाणी है।\n\n"
      },
      {
        "tag": "s5",
        "type": "section",
        "text": "\n"
      }
    ]
  },
  "front": {
    "verseObjects": [
      {
        "tag": "s",
        "type": "section",
        "text": "मोआब\n"
      },
      {
        "tag": "p",
        "type": "paragraph",
        "text": "\n"
      }
    ]
  }
}