{
  "1": {
    "verseObjects": [
      {
        "type": "text",
        "text": "हे इस्राएलियों, यह वचन सुनो जो यहोवा ने तुम्हारे विषय में अर्थात् उस सारे कुल के विषय में कहा है जिसे मैं मिस्र देश से लाया हूँ:\n"
      }
    ]
  },
  "2": {
    "verseObjects": [
      {
        "type": "text",
        "text": "“पृथ्वी के सारे कुलों में से मैंने केवल तुम्हीं पर मन लगाया है*, इस कारण मैं तुम्हारे सारे अधर्म के कामों का दण्ड दूँगा।\n"
      },
      {
        "tag": "s",
        "type": "section",
        "text": "भविष्यद्वक्ता का कार्य\n"
      },
      {
        "tag": "p",
        "type": "paragraph",
        "text": "\n"
      },
      {
        "tag": "s5",
        "type": "section",
        "text": "\n"
      }
    ]
  },
  "3": {
    "verseObjects": [
      {
        "type": "text",
        "text": "“यदि दो मनुष्य परस्पर सहमत न हों, तो क्या वे एक संग चल सकेंगे?\n"
      }
    ]
  },
  "4": {
    "verseObjects": [
      {
        "type": "text",
        "text": "क्या सिंह बिना अहेर पाए वन में गरजेंगे? क्या जवान सिंह बिना कुछ पकड़े अपनी मांद में से गुर्राएगा?\n"
      },
      {
        "tag": "s5",
        "type": "section",
        "text": "\n"
      }
    ]
  },
  "5": {
    "verseObjects": [
      {
        "type": "text",
        "text": "क्या चिड़िया बिना फंदा लगाए फँसेगी? क्या बिना कुछ फँसे फंदा भूमि पर से उचकेगा?\n"
      }
    ]
  },
  "6": {
    "verseObjects": [
      {
        "type": "text",
        "text": "क्या किसी नगर में नरसिंगा फूँकने पर लोग न थरथराएँगे? क्या यहोवा के बिना भेजे किसी नगर में कोई विपत्ति पड़ेगी?\n"
      },
      {
        "tag": "s5",
        "type": "section",
        "text": "\n"
      }
    ]
  },
  "7": {
    "verseObjects": [
      {
        "type": "text",
        "text": "इसी प्रकार से प्रभु यहोवा अपने दास भविष्यद्वक्ताओं पर अपना मर्म बिना प्रकट किए कुछ भी न करेगा। (प्रका. 10:7, भज. 25:14, यहू. 15:158)\n"
      }
    ]
  },
  "8": {
    "verseObjects": [
      {
        "type": "text",
        "text": "सिंह गरजा; कौन न डरेगा*? परमेश्‍वर यहोवा बोला; कौन भविष्यद्वाणी न करेगा?” \n"
      },
      {
        "tag": "s5",
        "type": "section",
        "text": "\n"
      }
    ]
  },
  "9": {
    "verseObjects": [
      {
        "type": "text",
        "text": "अश्दोद के भवन और मिस्र देश के राजभवन पर प्रचार करके कहो: “सामरिया के पहाड़ों पर इकट्ठे होकर देखो कि उसमें क्या ही बड़ा कोलाहल और उसके बीच क्या ही अंधेर के काम हो रहे हैं!” \n"
      }
    ]
  },
  "10": {
    "verseObjects": [
      {
        "type": "text",
        "text": "यहोवा की यह वाणी है, “जो लोग अपने भवनों में उपद्रव और डकैती का धन बटोर कर रखते हैं, वे सिधाई से काम करना जानते ही नहीं।” \n"
      },
      {
        "tag": "s5",
        "type": "section",
        "text": "\n"
      }
    ]
  },
  "11": {
    "verseObjects": [
      {
        "type": "text",
        "text": "इस कारण परमेश्‍वर यहोवा यह कहता है: “देश का घेरनेवाला एक शत्रु होगा, और वह तेरा बल तोड़ेगा, और तेरे भवन लूटे जाएँगे।” \n"
      }
    ]
  },
  "12": {
    "verseObjects": [
      {
        "type": "text",
        "text": "यहोवा यह कहता है: “जिस भाँति चरवाहा सिंह के मुँह से दो टाँगें या कान का एक टुकड़ा छुड़ाता है, वैसे ही इस्राएली लोग, जो सामरिया में बिछौने के एक कोने या रेशमी गद्दी पर बैठा करते हैं, वे भी छुड़ाए जाएँगे।” \n"
      },
      {
        "tag": "s5",
        "type": "section",
        "text": "\n"
      }
    ]
  },
  "13": {
    "verseObjects": [
      {
        "type": "text",
        "text": "सेनाओं के परमेश्‍वर, प्रभु यहोवा की यह वाणी है, “देखो, और याकूब के घराने से यह बात चिताकर कहो:\n"
      }
    ]
  },
  "14": {
    "verseObjects": [
      {
        "type": "text",
        "text": "जिस समय मैं इस्राएल को उसके अपराधों का दण्ड दूँगा, उसी समय मैं बेतेल की वेदियों को भी दण्ड दूँगा, और वेदी के सींग टूटकर भूमि पर गिर पड़ेंगे।\n"
      },
      {
        "tag": "s5",
        "type": "section",
        "text": "\n"
      }
    ]
  },
  "15": {
    "verseObjects": [
      {
        "type": "text",
        "text": "और मैं सर्दी के भवन को और धूपकाल के भवन, दोनों को गिराऊँगा; और हाथी दाँत के बने भवन भी नष्ट होंगे, और बड़े-बड़े घर नष्ट हो जाएँगे,” यहोवा की यही वाणी है।\n\n"
      },
      {
        "tag": "s5",
        "type": "section",
        "text": "\n"
      }
    ]
  },
  "front": {
    "verseObjects": [
      {
        "tag": "p",
        "type": "paragraph",
        "text": "\n"
      }
    ]
  }
}