{
  "1": {
    "verseObjects": [
      {
        "text": "πᾶς",
        "tag": "w",
        "type": "word",
        "lemma": "πᾶς",
        "strong": "G39560",
        "morph": "Gr,RI,,,,NMS,"
      },
      {
        "text": "ὁ",
        "tag": "w",
        "type": "word",
        "lemma": "ὁ",
        "strong": "G35880",
        "morph": "Gr,RD,,,,NMS,"
      },
      {
        "text": "πιστεύων",
        "tag": "w",
        "type": "word",
        "lemma": "πιστεύω",
        "strong": "G41000",
        "morph": "Gr,V,PPA,NMS,",
        "tw": "rc://*/tw/dict/bible/kt/believe"
      },
      {
        "text": "ὅτι",
        "tag": "w",
        "type": "word",
        "lemma": "ὅτι",
        "strong": "G37540",
        "morph": "Gr,CS,,,,,,,,"
      },
      {
        "text": "Ἰησοῦς",
        "tag": "w",
        "type": "word",
        "lemma": "Ἰησοῦς",
        "strong": "G24240",
        "morph": "Gr,N,,,,,NMS,",
        "tw": "rc://*/tw/dict/bible/kt/jesus"
      },
      {
        "text": "ἐστιν",
        "tag": "w",
        "type": "word",
        "lemma": "εἰμί",
        "strong": "G15100",
        "morph": "Gr,V,IPA3,,S,"
      },
      {
        "text": "ὁ",
        "tag": "w",
        "type": "word",
        "lemma": "ὁ",
        "strong": "G35880",
        "morph": "Gr,EA,,,,NMS,"
      },
      {
        "text": "Χριστὸς",
        "tag": "w",
        "type": "word",
        "lemma": "χριστός",
        "strong": "G55470",
        "morph": "Gr,N,,,,,NMS,",
        "tw": "rc://*/tw/dict/bible/kt/christ"
      },
      {
        "type": "text",
        "text": ","
      },
      {
        "text": "ἐκ",
        "tag": "w",
        "type": "word",
        "lemma": "ἐκ",
        "strong": "G15370",
        "morph": "Gr,P,,,,,G,,,"
      },
      {
        "text": "τοῦ",
        "tag": "w",
        "type": "word",
        "lemma": "ὁ",
        "strong": "G35880",
        "morph": "Gr,EA,,,,GMS,"
      },
      {
        "text": "Θεοῦ",
        "tag": "w",
        "type": "word",
        "lemma": "θεός",
        "strong": "G23160",
        "morph": "Gr,N,,,,,GMS,",
        "tw": "rc://*/tw/dict/bible/kt/god"
      },
      {
        "text": "γεγέννηται",
        "tag": "w",
        "type": "word",
        "lemma": "γεννάω",
        "strong": "G10800",
        "morph": "Gr,V,IEP3,,S,",
        "tw": "rc://*/tw/dict/bible/kt/bornagain"
      },
      {
        "type": "text",
        "text": ","
      },
      {
        "text": "καὶ",
        "tag": "w",
        "type": "word",
        "lemma": "καί",
        "strong": "G25320",
        "morph": "Gr,CC,,,,,,,,"
      },
      {
        "text": "πᾶς",
        "tag": "w",
        "type": "word",
        "lemma": "πᾶς",
        "strong": "G39560",
        "morph": "Gr,RI,,,,NMS,"
      },
      {
        "text": "ὁ",
        "tag": "w",
        "type": "word",
        "lemma": "ὁ",
        "strong": "G35880",
        "morph": "Gr,RD,,,,NMS,"
      },
      {
        "text": "ἀγαπῶν",
        "tag": "w",
        "type": "word",
        "lemma": "ἀγαπάω",
        "strong": "G00250",
        "morph": "Gr,V,PPA,NMS,",
        "tw": "rc://*/tw/dict/bible/kt/love"
      },
      {
        "text": "τὸν",
        "tag": "w",
        "type": "word",
        "lemma": "ὁ",
        "strong": "G35880",
        "morph": "Gr,RD,,,,AMS,"
      },
      {
        "text": "γεννήσαντα",
        "tag": "w",
        "type": "word",
        "lemma": "γεννάω",
        "strong": "G10800",
        "morph": "Gr,V,PAA,AMS,",
        "tw": "rc://*/tw/dict/bible/kt/bornagain"
      },
      {
        "type": "text",
        "text": ","
      },
      {
        "text": "ἀγαπᾷ",
        "tag": "w",
        "type": "word",
        "lemma": "ἀγαπάω",
        "strong": "G00250",
        "morph": "Gr,V,IPA3,,S,",
        "tw": "rc://*/tw/dict/bible/kt/love"
      },
      {
        "text": "καὶ",
        "tag": "w",
        "type": "word",
        "lemma": "καί",
        "strong": "G25320",
        "morph": "Gr,D,,,,,,,,,"
      },
      {
        "text": "τὸν",
        "tag": "w",
        "type": "word",
        "lemma": "ὁ",
        "strong": "G35880",
        "morph": "Gr,RD,,,,AMS,"
      },
      {
        "text": "γεγεννημένον",
        "tag": "w",
        "type": "word",
        "lemma": "γεννάω",
        "strong": "G10800",
        "morph": "Gr,V,PEP,AMS,",
        "tw": "rc://*/tw/dict/bible/kt/bornagain"
      },
      {
        "text": "ἐξ",
        "tag": "w",
        "type": "word",
        "lemma": "ἐκ",
        "strong": "G15370",
        "morph": "Gr,P,,,,,G,,,"
      },
      {
        "text": "αὐτοῦ",
        "tag": "w",
        "type": "word",
        "lemma": "αὐτός",
        "strong": "G08460",
        "morph": "Gr,RP,,,3GMS,"
      },
      {
        "type": "text",
        "text": ".\n\n"
      }
    ]
  },
  "2": {
    "verseObjects": [
      {
        "text": "ἐν",
        "tag": "w",
        "type": "word",
        "lemma": "ἐν",
        "strong": "G17220",
        "morph": "Gr,P,,,,,D,,,"
      },
      {
        "text": "τούτῳ",
        "tag": "w",
        "type": "word",
        "lemma": "οὗτος",
        "strong": "G37780",
        "morph": "Gr,RD,,,,DNS,"
      },
      {
        "text": "γινώσκομεν",
        "tag": "w",
        "type": "word",
        "lemma": "γινώσκω",
        "strong": "G10970",
        "morph": "Gr,V,IPA1,,P,",
        "tw": "rc://*/tw/dict/bible/other/know"
      },
      {
        "text": "ὅτι",
        "tag": "w",
        "type": "word",
        "lemma": "ὅτι",
        "strong": "G37540",
        "morph": "Gr,CS,,,,,,,,"
      },
      {
        "text": "ἀγαπῶμεν",
        "tag": "w",
        "type": "word",
        "lemma": "ἀγαπάω",
        "strong": "G00250",
        "morph": "Gr,V,IPA1,,P,",
        "tw": "rc://*/tw/dict/bible/kt/love"
      },
      {
        "text": "τὰ",
        "tag": "w",
        "type": "word",
        "lemma": "ὁ",
        "strong": "G35880",
        "morph": "Gr,EA,,,,ANP,"
      },
      {
        "text": "τέκνα",
        "tag": "w",
        "type": "word",
        "lemma": "τέκνον",
        "strong": "G50430",
        "morph": "Gr,N,,,,,ANP,",
        "tw": "rc://*/tw/dict/bible/kt/children"
      },
      {
        "text": "τοῦ",
        "tag": "w",
        "type": "word",
        "lemma": "ὁ",
        "strong": "G35880",
        "morph": "Gr,EA,,,,GMS,"
      },
      {
        "text": "Θεοῦ",
        "tag": "w",
        "type": "word",
        "lemma": "θεός",
        "strong": "G23160",
        "morph": "Gr,N,,,,,GMS,",
        "tw": "rc://*/tw/dict/bible/kt/god"
      },
      {
        "type": "text",
        "text": ":"
      },
      {
        "text": "ὅταν",
        "tag": "w",
        "type": "word",
        "lemma": "ὅταν",
        "strong": "G37520",
        "morph": "Gr,CS,,,,,,,,"
      },
      {
        "text": "τὸν",
        "tag": "w",
        "type": "word",
        "lemma": "ὁ",
        "strong": "G35880",
        "morph": "Gr,EA,,,,AMS,"
      },
      {
        "text": "Θεὸν",
        "tag": "w",
        "type": "word",
        "lemma": "θεός",
        "strong": "G23160",
        "morph": "Gr,N,,,,,AMS,",
        "tw": "rc://*/tw/dict/bible/kt/god"
      },
      {
        "text": "ἀγαπῶμεν",
        "tag": "w",
        "type": "word",
        "lemma": "ἀγαπάω",
        "strong": "G00250",
        "morph": "Gr,V,IPA1,,P,",
        "tw": "rc://*/tw/dict/bible/kt/love"
      },
      {
        "type": "text",
        "text": ","
      },
      {
        "text": "καὶ",
        "tag": "w",
        "type": "word",
        "lemma": "καί",
        "strong": "G25320",
        "morph": "Gr,CC,,,,,,,,"
      },
      {
        "text": "τὰς",
        "tag": "w",
        "type": "word",
        "lemma": "ὁ",
        "strong": "G35880",
        "morph": "Gr,EA,,,,AFP,"
      },
      {
        "text": "ἐντολὰς",
        "tag": "w",
        "type": "word",
        "lemma": "ἐντολή",
        "strong": "G17850",
        "morph": "Gr,N,,,,,AFP,",
        "tw": "rc://*/tw/dict/bible/kt/command"
      },
      {
        "text": "αὐτοῦ",
        "tag": "w",
        "type": "word",
        "lemma": "αὐτός",
        "strong": "G08460",
        "morph": "Gr,RP,,,3GMS,"
      },
      {
        "text": "τηρῶμεν",
        "tag": "w",
        "type": "word",
        "lemma": "τηρέω",
        "strong": "G50830",
        "morph": "Gr,V,SPA1,,P,",
        "tw": "rc://*/tw/dict/bible/other/obey"
      },
      {
        "type": "text",
        "text": ".\n\n"
      }
    ]
  },
  "3": {
    "verseObjects": [
      {
        "text": "αὕτη",
        "tag": "w",
        "type": "word",
        "lemma": "οὗτος",
        "strong": "G37780",
        "morph": "Gr,RD,,,,NFS,"
      },
      {
        "text": "γάρ",
        "tag": "w",
        "type": "word",
        "lemma": "γάρ",
        "strong": "G10630",
        "morph": "Gr,CC,,,,,,,,"
      },
      {
        "text": "ἐστιν",
        "tag": "w",
        "type": "word",
        "lemma": "εἰμί",
        "strong": "G15100",
        "morph": "Gr,V,IPA3,,S,"
      },
      {
        "text": "ἡ",
        "tag": "w",
        "type": "word",
        "lemma": "ὁ",
        "strong": "G35880",
        "morph": "Gr,EA,,,,NFS,"
      },
      {
        "text": "ἀγάπη",
        "tag": "w",
        "type": "word",
        "lemma": "ἀγάπη",
        "strong": "G00260",
        "morph": "Gr,N,,,,,NFS,",
        "tw": "rc://*/tw/dict/bible/kt/love"
      },
      {
        "text": "τοῦ",
        "tag": "w",
        "type": "word",
        "lemma": "ὁ",
        "strong": "G35880",
        "morph": "Gr,EA,,,,GMS,"
      },
      {
        "text": "Θεοῦ",
        "tag": "w",
        "type": "word",
        "lemma": "θεός",
        "strong": "G23160",
        "morph": "Gr,N,,,,,GMS,",
        "tw": "rc://*/tw/dict/bible/kt/god"
      },
      {
        "type": "text",
        "text": ","
      },
      {
        "text": "ἵνα",
        "tag": "w",
        "type": "word",
        "lemma": "ἵνα",
        "strong": "G24430",
        "morph": "Gr,D,,,,,,,,,"
      },
      {
        "text": "τὰς",
        "tag": "w",
        "type": "word",
        "lemma": "ὁ",
        "strong": "G35880",
        "morph": "Gr,EA,,,,AFP,"
      },
      {
        "text": "ἐντολὰς",
        "tag": "w",
        "type": "word",
        "lemma": "ἐντολή",
        "strong": "G17850",
        "morph": "Gr,N,,,,,AFP,",
        "tw": "rc://*/tw/dict/bible/kt/command"
      },
      {
        "text": "αὐτοῦ",
        "tag": "w",
        "type": "word",
        "lemma": "αὐτός",
        "strong": "G08460",
        "morph": "Gr,RP,,,3GMS,"
      },
      {
        "text": "τηρῶμεν",
        "tag": "w",
        "type": "word",
        "lemma": "τηρέω",
        "strong": "G50830",
        "morph": "Gr,V,SPA1,,P,",
        "tw": "rc://*/tw/dict/bible/other/obey"
      },
      {
        "type": "text",
        "text": ";"
      },
      {
        "text": "καὶ",
        "tag": "w",
        "type": "word",
        "lemma": "καί",
        "strong": "G25320",
        "morph": "Gr,CC,,,,,,,,"
      },
      {
        "text": "αἱ",
        "tag": "w",
        "type": "word",
        "lemma": "ὁ",
        "strong": "G35880",
        "morph": "Gr,EA,,,,NFP,"
      },
      {
        "text": "ἐντολαὶ",
        "tag": "w",
        "type": "word",
        "lemma": "ἐντολή",
        "strong": "G17850",
        "morph": "Gr,N,,,,,NFP,",
        "tw": "rc://*/tw/dict/bible/kt/command"
      },
      {
        "text": "αὐτοῦ",
        "tag": "w",
        "type": "word",
        "lemma": "αὐτός",
        "strong": "G08460",
        "morph": "Gr,RP,,,3GMS,"
      },
      {
        "text": "βαρεῖαι",
        "tag": "w",
        "type": "word",
        "lemma": "βαρύς",
        "strong": "G09260",
        "morph": "Gr,NP,,,,NFP,",
        "tw": "rc://*/tw/dict/bible/other/burden"
      },
      {
        "text": "οὐκ",
        "tag": "w",
        "type": "word",
        "lemma": "οὐ",
        "strong": "G37560",
        "morph": "Gr,D,,,,,,,,,"
      },
      {
        "text": "εἰσίν",
        "tag": "w",
        "type": "word",
        "lemma": "εἰμί",
        "strong": "G15100",
        "morph": "Gr,V,IPA3,,P,"
      },
      {
        "type": "text",
        "text": ",\n\n"
      }
    ]
  },
  "4": {
    "verseObjects": [
      {
        "text": "ὅτι",
        "tag": "w",
        "type": "word",
        "lemma": "ὅτι",
        "strong": "G37540",
        "morph": "Gr,CS,,,,,,,,"
      },
      {
        "text": "πᾶν",
        "tag": "w",
        "type": "word",
        "lemma": "πᾶς",
        "strong": "G39560",
        "morph": "Gr,RI,,,,NNS,"
      },
      {
        "text": "τὸ",
        "tag": "w",
        "type": "word",
        "lemma": "ὁ",
        "strong": "G35880",
        "morph": "Gr,RD,,,,NNS,"
      },
      {
        "text": "γεγεννημένον",
        "tag": "w",
        "type": "word",
        "lemma": "γεννάω",
        "strong": "G10800",
        "morph": "Gr,V,PEP,NNS,",
        "tw": "rc://*/tw/dict/bible/kt/bornagain"
      },
      {
        "text": "ἐκ",
        "tag": "w",
        "type": "word",
        "lemma": "ἐκ",
        "strong": "G15370",
        "morph": "Gr,P,,,,,G,,,"
      },
      {
        "text": "τοῦ",
        "tag": "w",
        "type": "word",
        "lemma": "ὁ",
        "strong": "G35880",
        "morph": "Gr,EA,,,,GMS,"
      },
      {
        "text": "Θεοῦ",
        "tag": "w",
        "type": "word",
        "lemma": "θεός",
        "strong": "G23160",
        "morph": "Gr,N,,,,,GMS,",
        "tw": "rc://*/tw/dict/bible/kt/god"
      },
      {
        "type": "text",
        "text": ","
      },
      {
        "text": "νικᾷ",
        "tag": "w",
        "type": "word",
        "lemma": "νικάω",
        "strong": "G35280",
        "morph": "Gr,V,IPA3,,S,"
      },
      {
        "text": "τὸν",
        "tag": "w",
        "type": "word",
        "lemma": "ὁ",
        "strong": "G35880",
        "morph": "Gr,EA,,,,AMS,"
      },
      {
        "text": "κόσμον",
        "tag": "w",
        "type": "word",
        "lemma": "κόσμος",
        "strong": "G28890",
        "morph": "Gr,N,,,,,AMS,",
        "tw": "rc://*/tw/dict/bible/kt/world"
      },
      {
        "type": "text",
        "text": "."
      },
      {
        "text": "καὶ",
        "tag": "w",
        "type": "word",
        "lemma": "καί",
        "strong": "G25320",
        "morph": "Gr,CC,,,,,,,,"
      },
      {
        "text": "αὕτη",
        "tag": "w",
        "type": "word",
        "lemma": "οὗτος",
        "strong": "G37780",
        "morph": "Gr,RD,,,,NFS,"
      },
      {
        "text": "ἐστὶν",
        "tag": "w",
        "type": "word",
        "lemma": "εἰμί",
        "strong": "G15100",
        "morph": "Gr,V,IPA3,,S,"
      },
      {
        "text": "ἡ",
        "tag": "w",
        "type": "word",
        "lemma": "ὁ",
        "strong": "G35880",
        "morph": "Gr,EA,,,,NFS,"
      },
      {
        "text": "νίκη",
        "tag": "w",
        "type": "word",
        "lemma": "νίκη",
        "strong": "G35290",
        "morph": "Gr,N,,,,,NFS,"
      },
      {
        "text": "ἡ",
        "tag": "w",
        "type": "word",
        "lemma": "ὁ",
        "strong": "G35880",
        "morph": "Gr,RD,,,,NFS,"
      },
      {
        "text": "νικήσασα",
        "tag": "w",
        "type": "word",
        "lemma": "νικάω",
        "strong": "G35280",
        "morph": "Gr,V,PAA,NFS,"
      },
      {
        "text": "τὸν",
        "tag": "w",
        "type": "word",
        "lemma": "ὁ",
        "strong": "G35880",
        "morph": "Gr,EA,,,,AMS,"
      },
      {
        "text": "κόσμον",
        "tag": "w",
        "type": "word",
        "lemma": "κόσμος",
        "strong": "G28890",
        "morph": "Gr,N,,,,,AMS,",
        "tw": "rc://*/tw/dict/bible/kt/world"
      },
      {
        "type": "text",
        "text": "–"
      },
      {
        "text": "ἡ",
        "tag": "w",
        "type": "word",
        "lemma": "ὁ",
        "strong": "G35880",
        "morph": "Gr,EA,,,,NFS,"
      },
      {
        "text": "πίστις",
        "tag": "w",
        "type": "word",
        "lemma": "πίστις",
        "strong": "G41020",
        "morph": "Gr,N,,,,,NFS,",
        "tw": "rc://*/tw/dict/bible/kt/faith"
      },
      {
        "text": "ἡμῶν",
        "tag": "w",
        "type": "word",
        "lemma": "ἐγώ",
        "strong": "G14730",
        "morph": "Gr,RP,,,1G,P,"
      },
      {
        "type": "text",
        "text": ".\n\n"
      }
    ]
  },
  "5": {
    "verseObjects": [
      {
        "text": "τίς",
        "tag": "w",
        "type": "word",
        "lemma": "τίς",
        "strong": "G51010",
        "morph": "Gr,RT,,,,NMS,"
      },
      {
        "text": "ἐστιν",
        "tag": "w",
        "type": "word",
        "lemma": "εἰμί",
        "strong": "G15100",
        "morph": "Gr,V,IPA3,,S,"
      },
      {
        "text": "δέ",
        "tag": "w",
        "type": "word",
        "lemma": "δέ",
        "strong": "G11610",
        "morph": "Gr,CC,,,,,,,,"
      },
      {
        "text": "ὁ",
        "tag": "w",
        "type": "word",
        "lemma": "ὁ",
        "strong": "G35880",
        "morph": "Gr,RD,,,,NMS,"
      },
      {
        "text": "νικῶν",
        "tag": "w",
        "type": "word",
        "lemma": "νικάω",
        "strong": "G35280",
        "morph": "Gr,V,PPA,NMS,"
      },
      {
        "text": "τὸν",
        "tag": "w",
        "type": "word",
        "lemma": "ὁ",
        "strong": "G35880",
        "morph": "Gr,EA,,,,AMS,"
      },
      {
        "text": "κόσμον",
        "tag": "w",
        "type": "word",
        "lemma": "κόσμος",
        "strong": "G28890",
        "morph": "Gr,N,,,,,AMS,",
        "tw": "rc://*/tw/dict/bible/kt/world"
      },
      {
        "type": "text",
        "text": ","
      },
      {
        "text": "εἰ",
        "tag": "w",
        "type": "word",
        "lemma": "εἰ",
        "strong": "G14870",
        "morph": "Gr,PI,,,,,,,,"
      },
      {
        "text": "μὴ",
        "tag": "w",
        "type": "word",
        "lemma": "μή",
        "strong": "G33610",
        "morph": "Gr,D,,,,,,,,,"
      },
      {
        "text": "ὁ",
        "tag": "w",
        "type": "word",
        "lemma": "ὁ",
        "strong": "G35880",
        "morph": "Gr,RD,,,,NMS,"
      },
      {
        "text": "πιστεύων",
        "tag": "w",
        "type": "word",
        "lemma": "πιστεύω",
        "strong": "G41000",
        "morph": "Gr,V,PPA,NMS,",
        "tw": "rc://*/tw/dict/bible/kt/believe"
      },
      {
        "text": "ὅτι",
        "tag": "w",
        "type": "word",
        "lemma": "ὅτι",
        "strong": "G37540",
        "morph": "Gr,CS,,,,,,,,"
      },
      {
        "text": "Ἰησοῦς",
        "tag": "w",
        "type": "word",
        "lemma": "Ἰησοῦς",
        "strong": "G24240",
        "morph": "Gr,N,,,,,NMS,",
        "tw": "rc://*/tw/dict/bible/kt/jesus"
      },
      {
        "text": "ἐστιν",
        "tag": "w",
        "type": "word",
        "lemma": "εἰμί",
        "strong": "G15100",
        "morph": "Gr,V,IPA3,,S,"
      },
      {
        "text": "ὁ",
        "tag": "w",
        "type": "word",
        "lemma": "ὁ",
        "strong": "G35880",
        "morph": "Gr,EA,,,,NMS,"
      },
      {
        "tag": "k",
        "type": "milestone",
        "tw": "rc://*/tw/dict/bible/kt/sonofgod",
        "children": [
          {
            "text": "Υἱὸς",
            "tag": "w",
            "type": "word",
            "lemma": "υἱός",
            "strong": "G52070",
            "morph": "Gr,N,,,,,NMS,"
          },
          {
            "text": "τοῦ",
            "tag": "w",
            "type": "word",
            "lemma": "ὁ",
            "strong": "G35880",
            "morph": "Gr,EA,,,,GMS,"
          },
          {
            "text": "Θεοῦ",
            "tag": "w",
            "type": "word",
            "lemma": "θεός",
            "strong": "G23160",
            "morph": "Gr,N,,,,,GMS,",
            "tw": "rc://*/tw/dict/bible/kt/god"
          }
        ],
        "endTag": "k-e\\*"
      },
      {
        "type": "text",
        "text": "?\n\n"
      }
    ]
  },
  "6": {
    "verseObjects": [
      {
        "type": "text",
        "text": "\n"
      },
      {
        "tag": "p",
        "type": "paragraph"
      },
      {
        "text": "οὗτός",
        "tag": "w",
        "type": "word",
        "lemma": "οὗτος",
        "strong": "G37780",
        "morph": "Gr,RD,,,,NMS,"
      },
      {
        "text": "ἐστιν",
        "tag": "w",
        "type": "word",
        "lemma": "εἰμί",
        "strong": "G15100",
        "morph": "Gr,V,IPA3,,S,"
      },
      {
        "text": "ὁ",
        "tag": "w",
        "type": "word",
        "lemma": "ὁ",
        "strong": "G35880",
        "morph": "Gr,RD,,,,NMS,"
      },
      {
        "text": "ἐλθὼν",
        "tag": "w",
        "type": "word",
        "lemma": "ἔρχομαι",
        "strong": "G20640",
        "morph": "Gr,V,PAA,NMS,"
      },
      {
        "text": "δι’",
        "tag": "w",
        "type": "word",
        "lemma": "διά",
        "strong": "G12230",
        "morph": "Gr,P,,,,,G,,,"
      },
      {
        "text": "ὕδατος",
        "tag": "w",
        "type": "word",
        "lemma": "ὕδωρ",
        "strong": "G52040",
        "morph": "Gr,N,,,,,GNS,",
        "tw": "rc://*/tw/dict/bible/other/water"
      },
      {
        "text": "καὶ",
        "tag": "w",
        "type": "word",
        "lemma": "καί",
        "strong": "G25320",
        "morph": "Gr,CC,,,,,,,,"
      },
      {
        "text": "αἵματος",
        "tag": "w",
        "type": "word",
        "lemma": "αἷμα",
        "strong": "G01290",
        "morph": "Gr,N,,,,,GNS,",
        "tw": "rc://*/tw/dict/bible/kt/blood"
      },
      {
        "type": "text",
        "text": ","
      },
      {
        "tag": "k",
        "type": "milestone",
        "tw": "rc://*/tw/dict/bible/kt/jesus",
        "children": [
          {
            "text": "Ἰησοῦς",
            "tag": "w",
            "type": "word",
            "lemma": "Ἰησοῦς",
            "strong": "G24240",
            "morph": "Gr,N,,,,,NMS,"
          },
          {
            "text": "Χριστός",
            "tag": "w",
            "type": "word",
            "lemma": "χριστός",
            "strong": "G55470",
            "morph": "Gr,N,,,,,NMS,",
            "tw": "rc://*/tw/dict/bible/kt/christ"
          }
        ],
        "endTag": "k-e\\*"
      },
      {
        "type": "text",
        "text": ";"
      },
      {
        "text": "οὐκ",
        "tag": "w",
        "type": "word",
        "lemma": "οὐ",
        "strong": "G37560",
        "morph": "Gr,DO,,,,,,,,"
      },
      {
        "text": "ἐν",
        "tag": "w",
        "type": "word",
        "lemma": "ἐν",
        "strong": "G17220",
        "morph": "Gr,P,,,,,D,,,"
      },
      {
        "text": "τῷ",
        "tag": "w",
        "type": "word",
        "lemma": "ὁ",
        "strong": "G35880",
        "morph": "Gr,EA,,,,DNS,"
      },
      {
        "text": "ὕδατι",
        "tag": "w",
        "type": "word",
        "lemma": "ὕδωρ",
        "strong": "G52040",
        "morph": "Gr,N,,,,,DNS,",
        "tw": "rc://*/tw/dict/bible/other/water"
      },
      {
        "text": "μόνον",
        "tag": "w",
        "type": "word",
        "lemma": "μόνον",
        "strong": "G34400",
        "morph": "Gr,D,,,,,,,,,"
      },
      {
        "type": "text",
        "text": ","
      },
      {
        "text": "ἀλλ’",
        "tag": "w",
        "type": "word",
        "lemma": "ἀλλά",
        "strong": "G02350",
        "morph": "Gr,CO,,,,,,,,"
      },
      {
        "text": "ἐν",
        "tag": "w",
        "type": "word",
        "lemma": "ἐν",
        "strong": "G17220",
        "morph": "Gr,P,,,,,D,,,"
      },
      {
        "text": "τῷ",
        "tag": "w",
        "type": "word",
        "lemma": "ὁ",
        "strong": "G35880",
        "morph": "Gr,EA,,,,DNS,"
      },
      {
        "text": "ὕδατι",
        "tag": "w",
        "type": "word",
        "lemma": "ὕδωρ",
        "strong": "G52040",
        "morph": "Gr,N,,,,,DNS,",
        "tw": "rc://*/tw/dict/bible/other/water"
      },
      {
        "text": "καὶ",
        "tag": "w",
        "type": "word",
        "lemma": "καί",
        "strong": "G25320",
        "morph": "Gr,CC,,,,,,,,"
      },
      {
        "text": "ἐν",
        "tag": "w",
        "type": "word",
        "lemma": "ἐν",
        "strong": "G17220",
        "morph": "Gr,P,,,,,D,,,"
      },
      {
        "text": "τῷ",
        "tag": "w",
        "type": "word",
        "lemma": "ὁ",
        "strong": "G35880",
        "morph": "Gr,EA,,,,DNS,"
      },
      {
        "text": "αἵματι",
        "tag": "w",
        "type": "word",
        "lemma": "αἷμα",
        "strong": "G01290",
        "morph": "Gr,N,,,,,DNS,",
        "tw": "rc://*/tw/dict/bible/kt/blood"
      },
      {
        "type": "text",
        "text": "."
      },
      {
        "text": "καὶ",
        "tag": "w",
        "type": "word",
        "lemma": "καί",
        "strong": "G25320",
        "morph": "Gr,CC,,,,,,,,"
      },
      {
        "text": "τὸ",
        "tag": "w",
        "type": "word",
        "lemma": "ὁ",
        "strong": "G35880",
        "morph": "Gr,EA,,,,NNS,"
      },
      {
        "text": "Πνεῦμά",
        "tag": "w",
        "type": "word",
        "lemma": "πνεῦμα",
        "strong": "G41510",
        "morph": "Gr,N,,,,,NNS,",
        "tw": "rc://*/tw/dict/bible/kt/holyspirit"
      },
      {
        "text": "ἐστιν",
        "tag": "w",
        "type": "word",
        "lemma": "εἰμί",
        "strong": "G15100",
        "morph": "Gr,V,IPA3,,S,"
      },
      {
        "text": "τὸ",
        "tag": "w",
        "type": "word",
        "lemma": "ὁ",
        "strong": "G35880",
        "morph": "Gr,RD,,,,NNS,"
      },
      {
        "text": "μαρτυροῦν",
        "tag": "w",
        "type": "word",
        "lemma": "μαρτυρέω",
        "strong": "G31400",
        "morph": "Gr,V,PPA,NNS,",
        "tw": "rc://*/tw/dict/bible/kt/testimony"
      },
      {
        "type": "text",
        "text": ","
      },
      {
        "text": "ὅτι",
        "tag": "w",
        "type": "word",
        "lemma": "ὅτι",
        "strong": "G37540",
        "morph": "Gr,CS,,,,,,,,"
      },
      {
        "text": "τὸ",
        "tag": "w",
        "type": "word",
        "lemma": "ὁ",
        "strong": "G35880",
        "morph": "Gr,EA,,,,NNS,"
      },
      {
        "text": "Πνεῦμά",
        "tag": "w",
        "type": "word",
        "lemma": "πνεῦμα",
        "strong": "G41510",
        "morph": "Gr,N,,,,,NNS,",
        "tw": "rc://*/tw/dict/bible/kt/holyspirit"
      },
      {
        "text": "ἐστιν",
        "tag": "w",
        "type": "word",
        "lemma": "εἰμί",
        "strong": "G15100",
        "morph": "Gr,V,IPA3,,S,"
      },
      {
        "text": "ἡ",
        "tag": "w",
        "type": "word",
        "lemma": "ὁ",
        "strong": "G35880",
        "morph": "Gr,EA,,,,NFS,"
      },
      {
        "text": "ἀλήθεια",
        "tag": "w",
        "type": "word",
        "lemma": "ἀλήθεια",
        "strong": "G02250",
        "morph": "Gr,N,,,,,NFS,",
        "tw": "rc://*/tw/dict/bible/kt/true"
      },
      {
        "type": "text",
        "text": ".\n\n"
      }
    ]
  },
  "7": {
    "verseObjects": [
      {
        "text": "ὅτι",
        "tag": "w",
        "type": "word",
        "lemma": "ὅτι",
        "strong": "G37540",
        "morph": "Gr,CS,,,,,,,,"
      },
      {
        "text": "τρεῖς",
        "tag": "w",
        "type": "word",
        "lemma": "τρεῖς",
        "strong": "G51400",
        "morph": "Gr,NP,,,,NMP,"
      },
      {
        "text": "εἰσιν",
        "tag": "w",
        "type": "word",
        "lemma": "εἰμί",
        "strong": "G15100",
        "morph": "Gr,V,IPA3,,P,"
      },
      {
        "text": "οἱ",
        "tag": "w",
        "type": "word",
        "lemma": "ὁ",
        "strong": "G35880",
        "morph": "Gr,RD,,,,NMP,"
      },
      {
        "text": "μαρτυροῦντες",
        "tag": "w",
        "type": "word",
        "lemma": "μαρτυρέω",
        "strong": "G31400",
        "morph": "Gr,V,PPA,NMP,",
        "tw": "rc://*/tw/dict/bible/kt/testimony"
      },
      {
        "type": "text",
        "text": ":\n\n"
      }
    ]
  },
  "8": {
    "verseObjects": [
      {
        "text": "τὸ",
        "tag": "w",
        "type": "word",
        "lemma": "ὁ",
        "strong": "G35880",
        "morph": "Gr,EA,,,,NNS,"
      },
      {
        "text": "Πνεῦμα",
        "tag": "w",
        "type": "word",
        "lemma": "πνεῦμα",
        "strong": "G41510",
        "morph": "Gr,N,,,,,NNS,",
        "tw": "rc://*/tw/dict/bible/kt/holyspirit"
      },
      {
        "type": "text",
        "text": ","
      },
      {
        "text": "καὶ",
        "tag": "w",
        "type": "word",
        "lemma": "καί",
        "strong": "G25320",
        "morph": "Gr,CC,,,,,,,,"
      },
      {
        "text": "τὸ",
        "tag": "w",
        "type": "word",
        "lemma": "ὁ",
        "strong": "G35880",
        "morph": "Gr,EA,,,,NNS,"
      },
      {
        "text": "ὕδωρ",
        "tag": "w",
        "type": "word",
        "lemma": "ὕδωρ",
        "strong": "G52040",
        "morph": "Gr,N,,,,,NNS,",
        "tw": "rc://*/tw/dict/bible/other/water"
      },
      {
        "type": "text",
        "text": ","
      },
      {
        "text": "καὶ",
        "tag": "w",
        "type": "word",
        "lemma": "καί",
        "strong": "G25320",
        "morph": "Gr,CC,,,,,,,,"
      },
      {
        "text": "τὸ",
        "tag": "w",
        "type": "word",
        "lemma": "ὁ",
        "strong": "G35880",
        "morph": "Gr,EA,,,,NNS,"
      },
      {
        "text": "αἷμα",
        "tag": "w",
        "type": "word",
        "lemma": "αἷμα",
        "strong": "G01290",
        "morph": "Gr,N,,,,,NNS,",
        "tw": "rc://*/tw/dict/bible/kt/blood"
      },
      {
        "type": "text",
        "text": ";"
      },
      {
        "text": "καὶ",
        "tag": "w",
        "type": "word",
        "lemma": "καί",
        "strong": "G25320",
        "morph": "Gr,CC,,,,,,,,"
      },
      {
        "text": "οἱ",
        "tag": "w",
        "type": "word",
        "lemma": "ὁ",
        "strong": "G35880",
        "morph": "Gr,EA,,,,NMP,"
      },
      {
        "text": "τρεῖς",
        "tag": "w",
        "type": "word",
        "lemma": "τρεῖς",
        "strong": "G51400",
        "morph": "Gr,NS,,,,NMP,"
      },
      {
        "text": "εἰς",
        "tag": "w",
        "type": "word",
        "lemma": "εἰς",
        "strong": "G15190",
        "morph": "Gr,P,,,,,A,,,"
      },
      {
        "text": "τὸ",
        "tag": "w",
        "type": "word",
        "lemma": "ὁ",
        "strong": "G35880",
        "morph": "Gr,EA,,,,ANS,"
      },
      {
        "text": "ἕν",
        "tag": "w",
        "type": "word",
        "lemma": "εἷς",
        "strong": "G15200",
        "morph": "Gr,NS,,,,ANS,"
      },
      {
        "text": "εἰσιν",
        "tag": "w",
        "type": "word",
        "lemma": "εἰμί",
        "strong": "G15100",
        "morph": "Gr,V,IPA3,,P,"
      },
      {
        "type": "text",
        "text": ".\n\n"
      }
    ]
  },
  "9": {
    "verseObjects": [
      {
        "text": "εἰ",
        "tag": "w",
        "type": "word",
        "lemma": "εἰ",
        "strong": "G14870",
        "morph": "Gr,CS,,,,,,,,"
      },
      {
        "text": "τὴν",
        "tag": "w",
        "type": "word",
        "lemma": "ὁ",
        "strong": "G35880",
        "morph": "Gr,EA,,,,AFS,"
      },
      {
        "text": "μαρτυρίαν",
        "tag": "w",
        "type": "word",
        "lemma": "μαρτυρία",
        "strong": "G31410",
        "morph": "Gr,N,,,,,AFS,",
        "tw": "rc://*/tw/dict/bible/kt/testimony"
      },
      {
        "text": "τῶν",
        "tag": "w",
        "type": "word",
        "lemma": "ὁ",
        "strong": "G35880",
        "morph": "Gr,EA,,,,GMP,"
      },
      {
        "text": "ἀνθρώπων",
        "tag": "w",
        "type": "word",
        "lemma": "ἄνθρωπος",
        "strong": "G04440",
        "morph": "Gr,N,,,,,GMP,"
      },
      {
        "text": "λαμβάνομεν",
        "tag": "w",
        "type": "word",
        "lemma": "λαμβάνω",
        "strong": "G29830",
        "morph": "Gr,V,IPA1,,P,",
        "tw": "rc://*/tw/dict/bible/other/receive"
      },
      {
        "type": "text",
        "text": ","
      },
      {
        "text": "ἡ",
        "tag": "w",
        "type": "word",
        "lemma": "ὁ",
        "strong": "G35880",
        "morph": "Gr,EA,,,,NFS,"
      },
      {
        "text": "μαρτυρία",
        "tag": "w",
        "type": "word",
        "lemma": "μαρτυρία",
        "strong": "G31410",
        "morph": "Gr,N,,,,,NFS,",
        "tw": "rc://*/tw/dict/bible/kt/testimony"
      },
      {
        "text": "τοῦ",
        "tag": "w",
        "type": "word",
        "lemma": "ὁ",
        "strong": "G35880",
        "morph": "Gr,EA,,,,GMS,"
      },
      {
        "text": "Θεοῦ",
        "tag": "w",
        "type": "word",
        "lemma": "θεός",
        "strong": "G23160",
        "morph": "Gr,N,,,,,GMS,",
        "tw": "rc://*/tw/dict/bible/kt/god"
      },
      {
        "text": "μείζων",
        "tag": "w",
        "type": "word",
        "lemma": "μείζων",
        "strong": "G31870",
        "morph": "Gr,NP,,,,NFSC"
      },
      {
        "text": "ἐστίν",
        "tag": "w",
        "type": "word",
        "lemma": "εἰμί",
        "strong": "G15100",
        "morph": "Gr,V,IPA3,,S,"
      },
      {
        "type": "text",
        "text": ";"
      },
      {
        "text": "ὅτι",
        "tag": "w",
        "type": "word",
        "lemma": "ὅτι",
        "strong": "G37540",
        "morph": "Gr,CS,,,,,,,,"
      },
      {
        "text": "αὕτη",
        "tag": "w",
        "type": "word",
        "lemma": "οὗτος",
        "strong": "G37780",
        "morph": "Gr,RD,,,,NFS,"
      },
      {
        "text": "ἐστὶν",
        "tag": "w",
        "type": "word",
        "lemma": "εἰμί",
        "strong": "G15100",
        "morph": "Gr,V,IPA3,,S,"
      },
      {
        "text": "ἡ",
        "tag": "w",
        "type": "word",
        "lemma": "ὁ",
        "strong": "G35880",
        "morph": "Gr,EA,,,,NFS,"
      },
      {
        "text": "μαρτυρία",
        "tag": "w",
        "type": "word",
        "lemma": "μαρτυρία",
        "strong": "G31410",
        "morph": "Gr,N,,,,,NFS,",
        "tw": "rc://*/tw/dict/bible/kt/testimony"
      },
      {
        "text": "τοῦ",
        "tag": "w",
        "type": "word",
        "lemma": "ὁ",
        "strong": "G35880",
        "morph": "Gr,EA,,,,GMS,"
      },
      {
        "text": "Θεοῦ",
        "tag": "w",
        "type": "word",
        "lemma": "θεός",
        "strong": "G23160",
        "morph": "Gr,N,,,,,GMS,",
        "tw": "rc://*/tw/dict/bible/kt/god"
      },
      {
        "type": "text",
        "text": ","
      },
      {
        "text": "ὅτι",
        "tag": "w",
        "type": "word",
        "lemma": "ὅτι",
        "strong": "G37540",
        "morph": "Gr,CS,,,,,,,,"
      },
      {
        "text": "μεμαρτύρηκεν",
        "tag": "w",
        "type": "word",
        "lemma": "μαρτυρέω",
        "strong": "G31400",
        "morph": "Gr,V,IEA3,,S,",
        "tw": "rc://*/tw/dict/bible/kt/testimony"
      },
      {
        "text": "περὶ",
        "tag": "w",
        "type": "word",
        "lemma": "περί",
        "strong": "G40120",
        "morph": "Gr,P,,,,,G,,,"
      },
      {
        "text": "τοῦ",
        "tag": "w",
        "type": "word",
        "lemma": "ὁ",
        "strong": "G35880",
        "morph": "Gr,EA,,,,GMS,"
      },
      {
        "text": "Υἱοῦ",
        "tag": "w",
        "type": "word",
        "lemma": "υἱός",
        "strong": "G52070",
        "morph": "Gr,N,,,,,GMS,",
        "tw": "rc://*/tw/dict/bible/kt/sonofgod"
      },
      {
        "text": "αὐτοῦ",
        "tag": "w",
        "type": "word",
        "lemma": "αὐτός",
        "strong": "G08460",
        "morph": "Gr,RP,,,3GMS,"
      },
      {
        "type": "text",
        "text": ".\n\n"
      }
    ]
  },
  "10": {
    "verseObjects": [
      {
        "text": "ὁ",
        "tag": "w",
        "type": "word",
        "lemma": "ὁ",
        "strong": "G35880",
        "morph": "Gr,RD,,,,NMS,"
      },
      {
        "text": "πιστεύων",
        "tag": "w",
        "type": "word",
        "lemma": "πιστεύω",
        "strong": "G41000",
        "morph": "Gr,V,PPA,NMS,",
        "tw": "rc://*/tw/dict/bible/kt/believe"
      },
      {
        "text": "εἰς",
        "tag": "w",
        "type": "word",
        "lemma": "εἰς",
        "strong": "G15190",
        "morph": "Gr,P,,,,,A,,,"
      },
      {
        "text": "τὸν",
        "tag": "w",
        "type": "word",
        "lemma": "ὁ",
        "strong": "G35880",
        "morph": "Gr,EA,,,,AMS,"
      },
      {
        "tag": "k",
        "type": "milestone",
        "tw": "rc://*/tw/dict/bible/kt/sonofgod",
        "children": [
          {
            "text": "Υἱὸν",
            "tag": "w",
            "type": "word",
            "lemma": "υἱός",
            "strong": "G52070",
            "morph": "Gr,N,,,,,AMS,"
          },
          {
            "text": "τοῦ",
            "tag": "w",
            "type": "word",
            "lemma": "ὁ",
            "strong": "G35880",
            "morph": "Gr,EA,,,,GMS,"
          },
          {
            "text": "Θεοῦ",
            "tag": "w",
            "type": "word",
            "lemma": "θεός",
            "strong": "G23160",
            "morph": "Gr,N,,,,,GMS,",
            "tw": "rc://*/tw/dict/bible/kt/god"
          }
        ],
        "endTag": "k-e\\*"
      },
      {
        "type": "text",
        "text": ","
      },
      {
        "text": "ἔχει",
        "tag": "w",
        "type": "word",
        "lemma": "ἔχω",
        "strong": "G21920",
        "morph": "Gr,V,IPA3,,S,"
      },
      {
        "text": "τὴν",
        "tag": "w",
        "type": "word",
        "lemma": "ὁ",
        "strong": "G35880",
        "morph": "Gr,EA,,,,AFS,"
      },
      {
        "text": "μαρτυρίαν",
        "tag": "w",
        "type": "word",
        "lemma": "μαρτυρία",
        "strong": "G31410",
        "morph": "Gr,N,,,,,AFS,",
        "tw": "rc://*/tw/dict/bible/kt/testimony"
      },
      {
        "text": "ἐν",
        "tag": "w",
        "type": "word",
        "lemma": "ἐν",
        "strong": "G17220",
        "morph": "Gr,P,,,,,D,,,"
      },
      {
        "text": "αὑτῷ",
        "tag": "w",
        "type": "word",
        "lemma": "αὐτός",
        "strong": "G08460",
        "morph": "Gr,RE,,,3DMS,"
      },
      {
        "type": "text",
        "text": ";"
      },
      {
        "text": "ὁ",
        "tag": "w",
        "type": "word",
        "lemma": "ὁ",
        "strong": "G35880",
        "morph": "Gr,RD,,,,NMS,"
      },
      {
        "text": "μὴ",
        "tag": "w",
        "type": "word",
        "lemma": "μή",
        "strong": "G33610",
        "morph": "Gr,D,,,,,,,,,"
      },
      {
        "text": "πιστεύων",
        "tag": "w",
        "type": "word",
        "lemma": "πιστεύω",
        "strong": "G41000",
        "morph": "Gr,V,PPA,NMS,",
        "tw": "rc://*/tw/dict/bible/kt/believe"
      },
      {
        "text": "τῷ",
        "tag": "w",
        "type": "word",
        "lemma": "ὁ",
        "strong": "G35880",
        "morph": "Gr,EA,,,,DMS,"
      },
      {
        "text": "Θεῷ",
        "tag": "w",
        "type": "word",
        "lemma": "θεός",
        "strong": "G23160",
        "morph": "Gr,N,,,,,DMS,",
        "tw": "rc://*/tw/dict/bible/kt/god"
      },
      {
        "type": "text",
        "text": ","
      },
      {
        "text": "ψεύστην",
        "tag": "w",
        "type": "word",
        "lemma": "ψεύστης",
        "strong": "G55830",
        "morph": "Gr,N,,,,,AMS,"
      },
      {
        "text": "πεποίηκεν",
        "tag": "w",
        "type": "word",
        "lemma": "ποιέω",
        "strong": "G41600",
        "morph": "Gr,V,IEA3,,S,"
      },
      {
        "text": "αὐτόν",
        "tag": "w",
        "type": "word",
        "lemma": "αὐτός",
        "strong": "G08460",
        "morph": "Gr,RP,,,3AMS,"
      },
      {
        "type": "text",
        "text": ","
      },
      {
        "text": "ὅτι",
        "tag": "w",
        "type": "word",
        "lemma": "ὅτι",
        "strong": "G37540",
        "morph": "Gr,CS,,,,,,,,"
      },
      {
        "text": "οὐ",
        "tag": "w",
        "type": "word",
        "lemma": "οὐ",
        "strong": "G37560",
        "morph": "Gr,D,,,,,,,,,"
      },
      {
        "text": "πεπίστευκεν",
        "tag": "w",
        "type": "word",
        "lemma": "πιστεύω",
        "strong": "G41000",
        "morph": "Gr,V,IEA3,,S,",
        "tw": "rc://*/tw/dict/bible/kt/believe"
      },
      {
        "text": "εἰς",
        "tag": "w",
        "type": "word",
        "lemma": "εἰς",
        "strong": "G15190",
        "morph": "Gr,P,,,,,A,,,"
      },
      {
        "text": "τὴν",
        "tag": "w",
        "type": "word",
        "lemma": "ὁ",
        "strong": "G35880",
        "morph": "Gr,EA,,,,AFS,"
      },
      {
        "text": "μαρτυρίαν",
        "tag": "w",
        "type": "word",
        "lemma": "μαρτυρία",
        "strong": "G31410",
        "morph": "Gr,N,,,,,AFS,",
        "tw": "rc://*/tw/dict/bible/kt/testimony"
      },
      {
        "text": "ἣν",
        "tag": "w",
        "type": "word",
        "lemma": "ὅς",
        "strong": "G37390",
        "morph": "Gr,RD,,,,AFS,"
      },
      {
        "text": "μεμαρτύρηκεν",
        "tag": "w",
        "type": "word",
        "lemma": "μαρτυρέω",
        "strong": "G31400",
        "morph": "Gr,V,IEA3,,S,",
        "tw": "rc://*/tw/dict/bible/kt/testimony"
      },
      {
        "text": "ὁ",
        "tag": "w",
        "type": "word",
        "lemma": "ὁ",
        "strong": "G35880",
        "morph": "Gr,EA,,,,NMS,"
      },
      {
        "text": "Θεὸς",
        "tag": "w",
        "type": "word",
        "lemma": "θεός",
        "strong": "G23160",
        "morph": "Gr,N,,,,,NMS,",
        "tw": "rc://*/tw/dict/bible/kt/god"
      },
      {
        "text": "περὶ",
        "tag": "w",
        "type": "word",
        "lemma": "περί",
        "strong": "G40120",
        "morph": "Gr,P,,,,,G,,,"
      },
      {
        "text": "τοῦ",
        "tag": "w",
        "type": "word",
        "lemma": "ὁ",
        "strong": "G35880",
        "morph": "Gr,EA,,,,GMS,"
      },
      {
        "text": "Υἱοῦ",
        "tag": "w",
        "type": "word",
        "lemma": "υἱός",
        "strong": "G52070",
        "morph": "Gr,N,,,,,GMS,",
        "tw": "rc://*/tw/dict/bible/kt/sonofgod"
      },
      {
        "text": "αὐτοῦ",
        "tag": "w",
        "type": "word",
        "lemma": "αὐτός",
        "strong": "G08460",
        "morph": "Gr,RP,,,3GMS,"
      },
      {
        "type": "text",
        "text": ".\n\n"
      }
    ]
  },
  "11": {
    "verseObjects": [
      {
        "text": "καὶ",
        "tag": "w",
        "type": "word",
        "lemma": "καί",
        "strong": "G25320",
        "morph": "Gr,CC,,,,,,,,"
      },
      {
        "text": "αὕτη",
        "tag": "w",
        "type": "word",
        "lemma": "οὗτος",
        "strong": "G37780",
        "morph": "Gr,RD,,,,NFS,"
      },
      {
        "text": "ἐστὶν",
        "tag": "w",
        "type": "word",
        "lemma": "εἰμί",
        "strong": "G15100",
        "morph": "Gr,V,IPA3,,S,"
      },
      {
        "text": "ἡ",
        "tag": "w",
        "type": "word",
        "lemma": "ὁ",
        "strong": "G35880",
        "morph": "Gr,EA,,,,NFS,"
      },
      {
        "text": "μαρτυρία",
        "tag": "w",
        "type": "word",
        "lemma": "μαρτυρία",
        "strong": "G31410",
        "morph": "Gr,N,,,,,NFS,",
        "tw": "rc://*/tw/dict/bible/kt/testimony"
      },
      {
        "type": "text",
        "text": ":"
      },
      {
        "text": "ὅτι",
        "tag": "w",
        "type": "word",
        "lemma": "ὅτι",
        "strong": "G37540",
        "morph": "Gr,CS,,,,,,,,"
      },
      {
        "text": "ζωὴν",
        "tag": "w",
        "type": "word",
        "lemma": "ζωή",
        "strong": "G22220",
        "morph": "Gr,N,,,,,AFS,",
        "tw": "rc://*/tw/dict/bible/kt/life"
      },
      {
        "text": "αἰώνιον",
        "tag": "w",
        "type": "word",
        "lemma": "αἰώνιος",
        "strong": "G01660",
        "morph": "Gr,AA,,,,AFS,",
        "tw": "rc://*/tw/dict/bible/kt/eternity"
      },
      {
        "text": "ἔδωκεν",
        "tag": "w",
        "type": "word",
        "lemma": "δίδωμι",
        "strong": "G13250",
        "morph": "Gr,V,IAA3,,S,"
      },
      {
        "text": "ἡμῖν",
        "tag": "w",
        "type": "word",
        "lemma": "ἐγώ",
        "strong": "G14730",
        "morph": "Gr,RP,,,1D,P,"
      },
      {
        "text": "ὁ",
        "tag": "w",
        "type": "word",
        "lemma": "ὁ",
        "strong": "G35880",
        "morph": "Gr,EA,,,,NMS,"
      },
      {
        "text": "Θεὸς",
        "tag": "w",
        "type": "word",
        "lemma": "θεός",
        "strong": "G23160",
        "morph": "Gr,N,,,,,NMS,",
        "tw": "rc://*/tw/dict/bible/kt/god"
      },
      {
        "type": "text",
        "text": ","
      },
      {
        "text": "καὶ",
        "tag": "w",
        "type": "word",
        "lemma": "καί",
        "strong": "G25320",
        "morph": "Gr,CC,,,,,,,,"
      },
      {
        "text": "αὕτη",
        "tag": "w",
        "type": "word",
        "lemma": "οὗτος",
        "strong": "G37780",
        "morph": "Gr,ED,,,,NFS,"
      },
      {
        "text": "ἡ",
        "tag": "w",
        "type": "word",
        "lemma": "ὁ",
        "strong": "G35880",
        "morph": "Gr,EA,,,,NFS,"
      },
      {
        "text": "ζωὴ",
        "tag": "w",
        "type": "word",
        "lemma": "ζωή",
        "strong": "G22220",
        "morph": "Gr,N,,,,,NFS,",
        "tw": "rc://*/tw/dict/bible/kt/life"
      },
      {
        "text": "ἐν",
        "tag": "w",
        "type": "word",
        "lemma": "ἐν",
        "strong": "G17220",
        "morph": "Gr,P,,,,,D,,,"
      },
      {
        "text": "τῷ",
        "tag": "w",
        "type": "word",
        "lemma": "ὁ",
        "strong": "G35880",
        "morph": "Gr,EA,,,,DMS,"
      },
      {
        "text": "Υἱῷ",
        "tag": "w",
        "type": "word",
        "lemma": "υἱός",
        "strong": "G52070",
        "morph": "Gr,N,,,,,DMS,",
        "tw": "rc://*/tw/dict/bible/kt/sonofgod"
      },
      {
        "text": "αὐτοῦ",
        "tag": "w",
        "type": "word",
        "lemma": "αὐτός",
        "strong": "G08460",
        "morph": "Gr,RP,,,3GMS,"
      },
      {
        "text": "ἐστιν",
        "tag": "w",
        "type": "word",
        "lemma": "εἰμί",
        "strong": "G15100",
        "morph": "Gr,V,IPA3,,S,"
      },
      {
        "type": "text",
        "text": ".\n\n"
      }
    ]
  },
  "12": {
    "verseObjects": [
      {
        "text": "ὁ",
        "tag": "w",
        "type": "word",
        "lemma": "ὁ",
        "strong": "G35880",
        "morph": "Gr,RD,,,,NMS,"
      },
      {
        "text": "ἔχων",
        "tag": "w",
        "type": "word",
        "lemma": "ἔχω",
        "strong": "G21920",
        "morph": "Gr,V,PPA,NMS,"
      },
      {
        "text": "τὸν",
        "tag": "w",
        "type": "word",
        "lemma": "ὁ",
        "strong": "G35880",
        "morph": "Gr,EA,,,,AMS,"
      },
      {
        "text": "Υἱὸν",
        "tag": "w",
        "type": "word",
        "lemma": "υἱός",
        "strong": "G52070",
        "morph": "Gr,N,,,,,AMS,",
        "tw": "rc://*/tw/dict/bible/kt/sonofgod"
      },
      {
        "type": "text",
        "text": ","
      },
      {
        "text": "ἔχει",
        "tag": "w",
        "type": "word",
        "lemma": "ἔχω",
        "strong": "G21920",
        "morph": "Gr,V,IPA3,,S,"
      },
      {
        "text": "τὴν",
        "tag": "w",
        "type": "word",
        "lemma": "ὁ",
        "strong": "G35880",
        "morph": "Gr,EA,,,,AFS,"
      },
      {
        "text": "ζωήν",
        "tag": "w",
        "type": "word",
        "lemma": "ζωή",
        "strong": "G22220",
        "morph": "Gr,N,,,,,AFS,",
        "tw": "rc://*/tw/dict/bible/kt/life"
      },
      {
        "type": "text",
        "text": ";"
      },
      {
        "text": "ὁ",
        "tag": "w",
        "type": "word",
        "lemma": "ὁ",
        "strong": "G35880",
        "morph": "Gr,RD,,,,NMS,"
      },
      {
        "text": "μὴ",
        "tag": "w",
        "type": "word",
        "lemma": "μή",
        "strong": "G33610",
        "morph": "Gr,D,,,,,,,,,"
      },
      {
        "text": "ἔχων",
        "tag": "w",
        "type": "word",
        "lemma": "ἔχω",
        "strong": "G21920",
        "morph": "Gr,V,PPA,NMS,"
      },
      {
        "text": "τὸν",
        "tag": "w",
        "type": "word",
        "lemma": "ὁ",
        "strong": "G35880",
        "morph": "Gr,EA,,,,AMS,"
      },
      {
        "tag": "k",
        "type": "milestone",
        "tw": "rc://*/tw/dict/bible/kt/sonofgod",
        "children": [
          {
            "text": "Υἱὸν",
            "tag": "w",
            "type": "word",
            "lemma": "υἱός",
            "strong": "G52070",
            "morph": "Gr,N,,,,,AMS,"
          },
          {
            "text": "τοῦ",
            "tag": "w",
            "type": "word",
            "lemma": "ὁ",
            "strong": "G35880",
            "morph": "Gr,EA,,,,GMS,"
          },
          {
            "text": "Θεοῦ",
            "tag": "w",
            "type": "word",
            "lemma": "θεός",
            "strong": "G23160",
            "morph": "Gr,N,,,,,GMS,",
            "tw": "rc://*/tw/dict/bible/kt/god"
          }
        ],
        "endTag": "k-e\\*"
      },
      {
        "type": "text",
        "text": ","
      },
      {
        "text": "τὴν",
        "tag": "w",
        "type": "word",
        "lemma": "ὁ",
        "strong": "G35880",
        "morph": "Gr,EA,,,,AFS,"
      },
      {
        "text": "ζωὴν",
        "tag": "w",
        "type": "word",
        "lemma": "ζωή",
        "strong": "G22220",
        "morph": "Gr,N,,,,,AFS,",
        "tw": "rc://*/tw/dict/bible/kt/life"
      },
      {
        "text": "οὐκ",
        "tag": "w",
        "type": "word",
        "lemma": "οὐ",
        "strong": "G37560",
        "morph": "Gr,D,,,,,,,,,"
      },
      {
        "text": "ἔχει",
        "tag": "w",
        "type": "word",
        "lemma": "ἔχω",
        "strong": "G21920",
        "morph": "Gr,V,IPA3,,S,"
      },
      {
        "type": "text",
        "text": ".\n\n"
      }
    ]
  },
  "13": {
    "verseObjects": [
      {
        "type": "text",
        "text": "\n"
      },
      {
        "tag": "p",
        "type": "paragraph"
      },
      {
        "text": "ταῦτα",
        "tag": "w",
        "type": "word",
        "lemma": "οὗτος",
        "strong": "G37780",
        "morph": "Gr,RD,,,,ANP,"
      },
      {
        "text": "ἔγραψα",
        "tag": "w",
        "type": "word",
        "lemma": "γράφω",
        "strong": "G11250",
        "morph": "Gr,V,IAA1,,S,",
        "tw": "rc://*/tw/dict/bible/other/written"
      },
      {
        "text": "ὑμῖν",
        "tag": "w",
        "type": "word",
        "lemma": "σύ",
        "strong": "G47710",
        "morph": "Gr,RP,,,2D,P,"
      },
      {
        "text": "ἵνα",
        "tag": "w",
        "type": "word",
        "lemma": "ἵνα",
        "strong": "G24430",
        "morph": "Gr,CS,,,,,,,,"
      },
      {
        "text": "εἰδῆτε",
        "tag": "w",
        "type": "word",
        "lemma": "εἴδω",
        "strong": "G14920",
        "morph": "Gr,V,SEA2,,P,",
        "tw": "rc://*/tw/dict/bible/other/know"
      },
      {
        "text": "ὅτι",
        "tag": "w",
        "type": "word",
        "lemma": "ὅτι",
        "strong": "G37540",
        "morph": "Gr,CS,,,,,,,,"
      },
      {
        "text": "ζωὴν",
        "tag": "w",
        "type": "word",
        "lemma": "ζωή",
        "strong": "G22220",
        "morph": "Gr,N,,,,,AFS,",
        "tw": "rc://*/tw/dict/bible/kt/life"
      },
      {
        "text": "ἔχετε",
        "tag": "w",
        "type": "word",
        "lemma": "ἔχω",
        "strong": "G21920",
        "morph": "Gr,V,IPA2,,P,"
      },
      {
        "text": "αἰώνιον",
        "tag": "w",
        "type": "word",
        "lemma": "αἰώνιος",
        "strong": "G01660",
        "morph": "Gr,NS,,,,AFS,",
        "tw": "rc://*/tw/dict/bible/kt/eternity"
      },
      {
        "type": "text",
        "text": ","
      },
      {
        "text": "τοῖς",
        "tag": "w",
        "type": "word",
        "lemma": "ὁ",
        "strong": "G35880",
        "morph": "Gr,RD,,,,DMP,"
      },
      {
        "text": "πιστεύουσιν",
        "tag": "w",
        "type": "word",
        "lemma": "πιστεύω",
        "strong": "G41000",
        "morph": "Gr,V,PPA,DMP,",
        "tw": "rc://*/tw/dict/bible/kt/believe"
      },
      {
        "text": "εἰς",
        "tag": "w",
        "type": "word",
        "lemma": "εἰς",
        "strong": "G15190",
        "morph": "Gr,P,,,,,A,,,"
      },
      {
        "text": "τὸ",
        "tag": "w",
        "type": "word",
        "lemma": "ὁ",
        "strong": "G35880",
        "morph": "Gr,EA,,,,ANS,"
      },
      {
        "text": "ὄνομα",
        "tag": "w",
        "type": "word",
        "lemma": "ὄνομα",
        "strong": "G36860",
        "morph": "Gr,N,,,,,ANS,",
        "tw": "rc://*/tw/dict/bible/kt/name"
      },
      {
        "text": "τοῦ",
        "tag": "w",
        "type": "word",
        "lemma": "ὁ",
        "strong": "G35880",
        "morph": "Gr,EA,,,,GMS,"
      },
      {
        "tag": "k",
        "type": "milestone",
        "tw": "rc://*/tw/dict/bible/kt/sonofgod",
        "children": [
          {
            "text": "Υἱοῦ",
            "tag": "w",
            "type": "word",
            "lemma": "υἱός",
            "strong": "G52070",
            "morph": "Gr,N,,,,,GMS,"
          },
          {
            "text": "τοῦ",
            "tag": "w",
            "type": "word",
            "lemma": "ὁ",
            "strong": "G35880",
            "morph": "Gr,EA,,,,GMS,"
          },
          {
            "text": "Θεοῦ",
            "tag": "w",
            "type": "word",
            "lemma": "θεός",
            "strong": "G23160",
            "morph": "Gr,N,,,,,GMS,",
            "tw": "rc://*/tw/dict/bible/kt/god"
          }
        ],
        "endTag": "k-e\\*"
      },
      {
        "type": "text",
        "text": ".\n\n"
      }
    ]
  },
  "14": {
    "verseObjects": [
      {
        "text": "καὶ",
        "tag": "w",
        "type": "word",
        "lemma": "καί",
        "strong": "G25320",
        "morph": "Gr,CC,,,,,,,,"
      },
      {
        "text": "αὕτη",
        "tag": "w",
        "type": "word",
        "lemma": "οὗτος",
        "strong": "G37780",
        "morph": "Gr,RD,,,,NFS,"
      },
      {
        "text": "ἐστὶν",
        "tag": "w",
        "type": "word",
        "lemma": "εἰμί",
        "strong": "G15100",
        "morph": "Gr,V,IPA3,,S,"
      },
      {
        "text": "ἡ",
        "tag": "w",
        "type": "word",
        "lemma": "ὁ",
        "strong": "G35880",
        "morph": "Gr,EA,,,,NFS,"
      },
      {
        "text": "παρρησία",
        "tag": "w",
        "type": "word",
        "lemma": "παρρησία",
        "strong": "G39540",
        "morph": "Gr,N,,,,,NFS,",
        "tw": "rc://*/tw/dict/bible/other/confidence"
      },
      {
        "text": "ἣν",
        "tag": "w",
        "type": "word",
        "lemma": "ὅς",
        "strong": "G37390",
        "morph": "Gr,RD,,,,AFS,"
      },
      {
        "text": "ἔχομεν",
        "tag": "w",
        "type": "word",
        "lemma": "ἔχω",
        "strong": "G21920",
        "morph": "Gr,V,IPA1,,P,"
      },
      {
        "text": "πρὸς",
        "tag": "w",
        "type": "word",
        "lemma": "πρός",
        "strong": "G43140",
        "morph": "Gr,P,,,,,A,,,"
      },
      {
        "text": "αὐτόν",
        "tag": "w",
        "type": "word",
        "lemma": "αὐτός",
        "strong": "G08460",
        "morph": "Gr,RP,,,3AMS,"
      },
      {
        "type": "text",
        "text": ":"
      },
      {
        "text": "ὅτι",
        "tag": "w",
        "type": "word",
        "lemma": "ὅτι",
        "strong": "G37540",
        "morph": "Gr,CS,,,,,,,,"
      },
      {
        "text": "ἐάν",
        "tag": "w",
        "type": "word",
        "lemma": "ἐάν",
        "strong": "G14370",
        "morph": "Gr,CS,,,,,,,,"
      },
      {
        "text": "τι",
        "tag": "w",
        "type": "word",
        "lemma": "τις",
        "strong": "G51000",
        "morph": "Gr,RI,,,,ANS,"
      },
      {
        "text": "αἰτώμεθα",
        "tag": "w",
        "type": "word",
        "lemma": "αἰτέω",
        "strong": "G01540",
        "morph": "Gr,V,SPM1,,P,"
      },
      {
        "text": "κατὰ",
        "tag": "w",
        "type": "word",
        "lemma": "κατά",
        "strong": "G25960",
        "morph": "Gr,P,,,,,A,,,"
      },
      {
        "text": "τὸ",
        "tag": "w",
        "type": "word",
        "lemma": "ὁ",
        "strong": "G35880",
        "morph": "Gr,EA,,,,ANS,"
      },
      {
        "tag": "k",
        "type": "milestone",
        "tw": "rc://*/tw/dict/bible/kt/willofgod",
        "children": [
          {
            "text": "θέλημα",
            "tag": "w",
            "type": "word",
            "lemma": "θέλημα",
            "strong": "G23070",
            "morph": "Gr,N,,,,,ANS,"
          },
          {
            "text": "αὐτοῦ",
            "tag": "w",
            "type": "word",
            "lemma": "αὐτός",
            "strong": "G08460",
            "morph": "Gr,RP,,,3GMS,"
          }
        ],
        "endTag": "k-e\\*"
      },
      {
        "type": "text",
        "text": ","
      },
      {
        "text": "ἀκούει",
        "tag": "w",
        "type": "word",
        "lemma": "ἀκούω",
        "strong": "G01910",
        "morph": "Gr,V,IPA3,,S,"
      },
      {
        "text": "ἡμῶν",
        "tag": "w",
        "type": "word",
        "lemma": "ἐγώ",
        "strong": "G14730",
        "morph": "Gr,RP,,,1G,P,"
      },
      {
        "type": "text",
        "text": ".\n\n"
      }
    ]
  },
  "15": {
    "verseObjects": [
      {
        "text": "καὶ",
        "tag": "w",
        "type": "word",
        "lemma": "καί",
        "strong": "G25320",
        "morph": "Gr,CC,,,,,,,,"
      },
      {
        "text": "ἐὰν",
        "tag": "w",
        "type": "word",
        "lemma": "ἐάν",
        "strong": "G14370",
        "morph": "Gr,CS,,,,,,,,"
      },
      {
        "text": "οἴδαμεν",
        "tag": "w",
        "type": "word",
        "lemma": "οἶδα",
        "strong": "G14920",
        "morph": "Gr,V,IEA1,,P,",
        "tw": "rc://*/tw/dict/bible/other/know"
      },
      {
        "text": "ὅτι",
        "tag": "w",
        "type": "word",
        "lemma": "ὅτι",
        "strong": "G37540",
        "morph": "Gr,CS,,,,,,,,"
      },
      {
        "text": "ἀκούει",
        "tag": "w",
        "type": "word",
        "lemma": "ἀκούω",
        "strong": "G01910",
        "morph": "Gr,V,IPA3,,S,"
      },
      {
        "text": "ἡμῶν",
        "tag": "w",
        "type": "word",
        "lemma": "ἐγώ",
        "strong": "G14730",
        "morph": "Gr,RP,,,1G,P,"
      },
      {
        "type": "text",
        "text": ","
      },
      {
        "text": "ὃ",
        "tag": "w",
        "type": "word",
        "lemma": "ὅς",
        "strong": "G37390",
        "morph": "Gr,RR,,,,ANS,"
      },
      {
        "text": "ἂν",
        "tag": "w",
        "type": "word",
        "lemma": "ἄν",
        "strong": "G03020",
        "morph": "Gr,T,,,,,,,,,"
      },
      {
        "text": "αἰτώμεθα",
        "tag": "w",
        "type": "word",
        "lemma": "αἰτέω",
        "strong": "G01540",
        "morph": "Gr,V,SPM1,,P,"
      },
      {
        "type": "text",
        "text": ","
      },
      {
        "text": "οἴδαμεν",
        "tag": "w",
        "type": "word",
        "lemma": "οἶδα",
        "strong": "G14920",
        "morph": "Gr,V,IEA1,,P,",
        "tw": "rc://*/tw/dict/bible/other/know"
      },
      {
        "text": "ὅτι",
        "tag": "w",
        "type": "word",
        "lemma": "ὅτι",
        "strong": "G37540",
        "morph": "Gr,CS,,,,,,,,"
      },
      {
        "text": "ἔχομεν",
        "tag": "w",
        "type": "word",
        "lemma": "ἔχω",
        "strong": "G21920",
        "morph": "Gr,V,IPA1,,P,"
      },
      {
        "text": "τὰ",
        "tag": "w",
        "type": "word",
        "lemma": "ὁ",
        "strong": "G35880",
        "morph": "Gr,EA,,,,ANP,"
      },
      {
        "text": "αἰτήματα",
        "tag": "w",
        "type": "word",
        "lemma": "αἴτημα",
        "strong": "G01550",
        "morph": "Gr,N,,,,,ANP,"
      },
      {
        "text": "ἃ",
        "tag": "w",
        "type": "word",
        "lemma": "ὅς",
        "strong": "G37390",
        "morph": "Gr,RD,,,,ANP,"
      },
      {
        "text": "ᾐτήκαμεν",
        "tag": "w",
        "type": "word",
        "lemma": "αἰτέω",
        "strong": "G01540",
        "morph": "Gr,V,IEA1,,P,"
      },
      {
        "text": "ἀπ’",
        "tag": "w",
        "type": "word",
        "lemma": "ἀπό",
        "strong": "G05750",
        "morph": "Gr,P,,,,,G,,,"
      },
      {
        "text": "αὐτοῦ",
        "tag": "w",
        "type": "word",
        "lemma": "αὐτός",
        "strong": "G08460",
        "morph": "Gr,RP,,,3GMS,"
      },
      {
        "type": "text",
        "text": ".\n\n"
      }
    ]
  },
  "16": {
    "verseObjects": [
      {
        "text": "ἐάν",
        "tag": "w",
        "type": "word",
        "lemma": "ἐάν",
        "strong": "G14370",
        "morph": "Gr,CS,,,,,,,,"
      },
      {
        "text": "τις",
        "tag": "w",
        "type": "word",
        "lemma": "τις",
        "strong": "G51000",
        "morph": "Gr,RI,,,,NMS,"
      },
      {
        "text": "ἴδῃ",
        "tag": "w",
        "type": "word",
        "lemma": "ὁράω",
        "strong": "G37080",
        "morph": "Gr,V,SAA3,,S,"
      },
      {
        "text": "τὸν",
        "tag": "w",
        "type": "word",
        "lemma": "ὁ",
        "strong": "G35880",
        "morph": "Gr,EA,,,,AMS,"
      },
      {
        "text": "ἀδελφὸν",
        "tag": "w",
        "type": "word",
        "lemma": "ἀδελφός",
        "strong": "G00800",
        "morph": "Gr,N,,,,,AMS,",
        "tw": "rc://*/tw/dict/bible/kt/brother"
      },
      {
        "text": "αὐτοῦ",
        "tag": "w",
        "type": "word",
        "lemma": "αὐτός",
        "strong": "G08460",
        "morph": "Gr,RP,,,3GMS,"
      },
      {
        "text": "ἁμαρτάνοντα",
        "tag": "w",
        "type": "word",
        "lemma": "ἁμαρτάνω",
        "strong": "G02640",
        "morph": "Gr,V,PPA,AMS,",
        "tw": "rc://*/tw/dict/bible/kt/sin"
      },
      {
        "text": "ἁμαρτίαν",
        "tag": "w",
        "type": "word",
        "lemma": "ἁμαρτία",
        "strong": "G02660",
        "morph": "Gr,N,,,,,AFS,",
        "tw": "rc://*/tw/dict/bible/kt/sin"
      },
      {
        "text": "μὴ",
        "tag": "w",
        "type": "word",
        "lemma": "μή",
        "strong": "G33610",
        "morph": "Gr,D,,,,,,,,,"
      },
      {
        "text": "πρὸς",
        "tag": "w",
        "type": "word",
        "lemma": "πρός",
        "strong": "G43140",
        "morph": "Gr,P,,,,,A,,,"
      },
      {
        "text": "θάνατον",
        "tag": "w",
        "type": "word",
        "lemma": "θάνατος",
        "strong": "G22880",
        "morph": "Gr,N,,,,,AMS,",
        "tw": "rc://*/tw/dict/bible/other/death"
      },
      {
        "type": "text",
        "text": ","
      },
      {
        "text": "αἰτήσει",
        "tag": "w",
        "type": "word",
        "lemma": "αἰτέω",
        "strong": "G01540",
        "morph": "Gr,V,IFA3,,S,"
      },
      {
        "text": "καὶ",
        "tag": "w",
        "type": "word",
        "lemma": "καί",
        "strong": "G25320",
        "morph": "Gr,CC,,,,,,,,"
      },
      {
        "text": "δώσει",
        "tag": "w",
        "type": "word",
        "lemma": "δίδωμι",
        "strong": "G13250",
        "morph": "Gr,V,IFA3,,S,"
      },
      {
        "text": "αὐτῷ",
        "tag": "w",
        "type": "word",
        "lemma": "αὐτός",
        "strong": "G08460",
        "morph": "Gr,RP,,,3DMS,"
      },
      {
        "text": "ζωήν",
        "tag": "w",
        "type": "word",
        "lemma": "ζωή",
        "strong": "G22220",
        "morph": "Gr,N,,,,,AFS,",
        "tw": "rc://*/tw/dict/bible/kt/life"
      },
      {
        "type": "text",
        "text": ","
      },
      {
        "text": "τοῖς",
        "tag": "w",
        "type": "word",
        "lemma": "ὁ",
        "strong": "G35880",
        "morph": "Gr,RD,,,,DMP,"
      },
      {
        "text": "ἁμαρτάνουσιν",
        "tag": "w",
        "type": "word",
        "lemma": "ἁμαρτάνω",
        "strong": "G02640",
        "morph": "Gr,V,PPA,DMP,",
        "tw": "rc://*/tw/dict/bible/kt/sin"
      },
      {
        "text": "μὴ",
        "tag": "w",
        "type": "word",
        "lemma": "μή",
        "strong": "G33610",
        "morph": "Gr,D,,,,,,,,,"
      },
      {
        "text": "πρὸς",
        "tag": "w",
        "type": "word",
        "lemma": "πρός",
        "strong": "G43140",
        "morph": "Gr,P,,,,,A,,,"
      },
      {
        "text": "θάνατον",
        "tag": "w",
        "type": "word",
        "lemma": "θάνατος",
        "strong": "G22880",
        "morph": "Gr,N,,,,,AMS,",
        "tw": "rc://*/tw/dict/bible/other/death"
      },
      {
        "type": "text",
        "text": "."
      },
      {
        "text": "ἔστιν",
        "tag": "w",
        "type": "word",
        "lemma": "εἰμί",
        "strong": "G15100",
        "morph": "Gr,V,IPA3,,S,"
      },
      {
        "text": "ἁμαρτία",
        "tag": "w",
        "type": "word",
        "lemma": "ἁμαρτία",
        "strong": "G02660",
        "morph": "Gr,N,,,,,NFS,",
        "tw": "rc://*/tw/dict/bible/kt/sin"
      },
      {
        "text": "πρὸς",
        "tag": "w",
        "type": "word",
        "lemma": "πρός",
        "strong": "G43140",
        "morph": "Gr,P,,,,,A,,,"
      },
      {
        "text": "θάνατον",
        "tag": "w",
        "type": "word",
        "lemma": "θάνατος",
        "strong": "G22880",
        "morph": "Gr,N,,,,,AMS,",
        "tw": "rc://*/tw/dict/bible/other/death"
      },
      {
        "type": "text",
        "text": ";"
      },
      {
        "text": "οὐ",
        "tag": "w",
        "type": "word",
        "lemma": "οὐ",
        "strong": "G37560",
        "morph": "Gr,D,,,,,,,,,"
      },
      {
        "text": "περὶ",
        "tag": "w",
        "type": "word",
        "lemma": "περί",
        "strong": "G40120",
        "morph": "Gr,P,,,,,G,,,"
      },
      {
        "text": "ἐκείνης",
        "tag": "w",
        "type": "word",
        "lemma": "ἐκεῖνος",
        "strong": "G15650",
        "morph": "Gr,RD,,,,GFS,"
      },
      {
        "text": "λέγω",
        "tag": "w",
        "type": "word",
        "lemma": "λέγω",
        "strong": "G30040",
        "morph": "Gr,V,IPA1,,S,"
      },
      {
        "text": "ἵνα",
        "tag": "w",
        "type": "word",
        "lemma": "ἵνα",
        "strong": "G24430",
        "morph": "Gr,CS,,,,,,,,"
      },
      {
        "text": "ἐρωτήσῃ",
        "tag": "w",
        "type": "word",
        "lemma": "ἐρωτάω",
        "strong": "G20650",
        "morph": "Gr,V,SAA3,,S,",
        "tw": "rc://*/tw/dict/bible/kt/pray"
      },
      {
        "type": "text",
        "text": ".\n\n"
      }
    ]
  },
  "17": {
    "verseObjects": [
      {
        "text": "πᾶσα",
        "tag": "w",
        "type": "word",
        "lemma": "πᾶς",
        "strong": "G39560",
        "morph": "Gr,EQ,,,,NFS,"
      },
      {
        "text": "ἀδικία",
        "tag": "w",
        "type": "word",
        "lemma": "ἀδικία",
        "strong": "G00930",
        "morph": "Gr,N,,,,,NFS,",
        "tw": "rc://*/tw/dict/bible/kt/iniquity"
      },
      {
        "text": "ἁμαρτία",
        "tag": "w",
        "type": "word",
        "lemma": "ἁμαρτία",
        "strong": "G02660",
        "morph": "Gr,N,,,,,NFS,",
        "tw": "rc://*/tw/dict/bible/kt/sin"
      },
      {
        "text": "ἐστίν",
        "tag": "w",
        "type": "word",
        "lemma": "εἰμί",
        "strong": "G15100",
        "morph": "Gr,V,IPA3,,S,"
      },
      {
        "type": "text",
        "text": ","
      },
      {
        "text": "καὶ",
        "tag": "w",
        "type": "word",
        "lemma": "καί",
        "strong": "G25320",
        "morph": "Gr,CC,,,,,,,,"
      },
      {
        "text": "ἔστιν",
        "tag": "w",
        "type": "word",
        "lemma": "εἰμί",
        "strong": "G15100",
        "morph": "Gr,V,IPA3,,S,"
      },
      {
        "text": "ἁμαρτία",
        "tag": "w",
        "type": "word",
        "lemma": "ἁμαρτία",
        "strong": "G02660",
        "morph": "Gr,N,,,,,NFS,",
        "tw": "rc://*/tw/dict/bible/kt/sin"
      },
      {
        "text": "οὐ",
        "tag": "w",
        "type": "word",
        "lemma": "οὐ",
        "strong": "G37560",
        "morph": "Gr,D,,,,,,,,,"
      },
      {
        "text": "πρὸς",
        "tag": "w",
        "type": "word",
        "lemma": "πρός",
        "strong": "G43140",
        "morph": "Gr,P,,,,,A,,,"
      },
      {
        "text": "θάνατον",
        "tag": "w",
        "type": "word",
        "lemma": "θάνατος",
        "strong": "G22880",
        "morph": "Gr,N,,,,,AMS,",
        "tw": "rc://*/tw/dict/bible/other/death"
      },
      {
        "type": "text",
        "text": ".\n\n"
      }
    ]
  },
  "18": {
    "verseObjects": [
      {
        "type": "text",
        "text": "\n"
      },
      {
        "tag": "p",
        "type": "paragraph"
      },
      {
        "text": "οἴδαμεν",
        "tag": "w",
        "type": "word",
        "lemma": "οἶδα",
        "strong": "G14920",
        "morph": "Gr,V,IEA1,,P,",
        "tw": "rc://*/tw/dict/bible/other/know"
      },
      {
        "text": "ὅτι",
        "tag": "w",
        "type": "word",
        "lemma": "ὅτι",
        "strong": "G37540",
        "morph": "Gr,CS,,,,,,,,"
      },
      {
        "text": "πᾶς",
        "tag": "w",
        "type": "word",
        "lemma": "πᾶς",
        "strong": "G39560",
        "morph": "Gr,RI,,,,NMS,"
      },
      {
        "text": "ὁ",
        "tag": "w",
        "type": "word",
        "lemma": "ὁ",
        "strong": "G35880",
        "morph": "Gr,RD,,,,NMS,"
      },
      {
        "text": "γεγεννημένος",
        "tag": "w",
        "type": "word",
        "lemma": "γεννάω",
        "strong": "G10800",
        "morph": "Gr,V,PEP,NMS,",
        "tw": "rc://*/tw/dict/bible/kt/bornagain"
      },
      {
        "text": "ἐκ",
        "tag": "w",
        "type": "word",
        "lemma": "ἐκ",
        "strong": "G15370",
        "morph": "Gr,P,,,,,G,,,"
      },
      {
        "text": "τοῦ",
        "tag": "w",
        "type": "word",
        "lemma": "ὁ",
        "strong": "G35880",
        "morph": "Gr,EA,,,,GMS,"
      },
      {
        "text": "Θεοῦ",
        "tag": "w",
        "type": "word",
        "lemma": "θεός",
        "strong": "G23160",
        "morph": "Gr,N,,,,,GMS,",
        "tw": "rc://*/tw/dict/bible/kt/god"
      },
      {
        "text": "οὐχ",
        "tag": "w",
        "type": "word",
        "lemma": "οὐ",
        "strong": "G37560",
        "morph": "Gr,D,,,,,,,,,"
      },
      {
        "text": "ἁμαρτάνει",
        "tag": "w",
        "type": "word",
        "lemma": "ἁμαρτάνω",
        "strong": "G02640",
        "morph": "Gr,V,IPA3,,S,",
        "tw": "rc://*/tw/dict/bible/kt/sin"
      },
      {
        "type": "text",
        "text": ","
      },
      {
        "text": "ἀλλ’",
        "tag": "w",
        "type": "word",
        "lemma": "ἀλλά",
        "strong": "G02350",
        "morph": "Gr,CC,,,,,,,,"
      },
      {
        "text": "ὁ",
        "tag": "w",
        "type": "word",
        "lemma": "ὁ",
        "strong": "G35880",
        "morph": "Gr,RD,,,,NMS,"
      },
      {
        "text": "γεννηθεὶς",
        "tag": "w",
        "type": "word",
        "lemma": "γεννάω",
        "strong": "G10800",
        "morph": "Gr,V,PAP,NMS,",
        "tw": "rc://*/tw/dict/bible/kt/bornagain"
      },
      {
        "text": "ἐκ",
        "tag": "w",
        "type": "word",
        "lemma": "ἐκ",
        "strong": "G15370",
        "morph": "Gr,P,,,,,G,,,"
      },
      {
        "text": "τοῦ",
        "tag": "w",
        "type": "word",
        "lemma": "ὁ",
        "strong": "G35880",
        "morph": "Gr,EA,,,,GMS,"
      },
      {
        "text": "Θεοῦ",
        "tag": "w",
        "type": "word",
        "lemma": "θεός",
        "strong": "G23160",
        "morph": "Gr,N,,,,,GMS,",
        "tw": "rc://*/tw/dict/bible/kt/god"
      },
      {
        "text": "τηρεῖ",
        "tag": "w",
        "type": "word",
        "lemma": "τηρέω",
        "strong": "G50830",
        "morph": "Gr,V,IPA3,,S,"
      },
      {
        "text": "ἑαυτὸν",
        "tag": "w",
        "type": "word",
        "lemma": "ἑαυτοῦ",
        "strong": "G14380",
        "morph": "Gr,RE,,,3AMS,"
      },
      {
        "text": "καὶ",
        "tag": "w",
        "type": "word",
        "lemma": "καί",
        "strong": "G25320",
        "morph": "Gr,CC,,,,,,,,"
      },
      {
        "text": "ὁ",
        "tag": "w",
        "type": "word",
        "lemma": "ὁ",
        "strong": "G35880",
        "morph": "Gr,EA,,,,NMS,"
      },
      {
        "text": "πονηρὸς",
        "tag": "w",
        "type": "word",
        "lemma": "πονηρός",
        "strong": "G41900",
        "morph": "Gr,NS,,,,NMS,",
        "tw": "rc://*/tw/dict/bible/kt/satan"
      },
      {
        "text": "οὐχ",
        "tag": "w",
        "type": "word",
        "lemma": "οὐ",
        "strong": "G37560",
        "morph": "Gr,D,,,,,,,,,"
      },
      {
        "text": "ἅπτεται",
        "tag": "w",
        "type": "word",
        "lemma": "ἅπτω",
        "strong": "G06810",
        "morph": "Gr,V,IPM3,,S,"
      },
      {
        "text": "αὐτοῦ",
        "tag": "w",
        "type": "word",
        "lemma": "αὐτός",
        "strong": "G08460",
        "morph": "Gr,RP,,,3GMS,"
      },
      {
        "type": "text",
        "text": ".\n\n"
      }
    ]
  },
  "19": {
    "verseObjects": [
      {
        "text": "οἴδαμεν",
        "tag": "w",
        "type": "word",
        "lemma": "οἶδα",
        "strong": "G14920",
        "morph": "Gr,V,IEA1,,P,",
        "tw": "rc://*/tw/dict/bible/other/know"
      },
      {
        "text": "ὅτι",
        "tag": "w",
        "type": "word",
        "lemma": "ὅτι",
        "strong": "G37540",
        "morph": "Gr,CS,,,,,,,,"
      },
      {
        "text": "ἐκ",
        "tag": "w",
        "type": "word",
        "lemma": "ἐκ",
        "strong": "G15370",
        "morph": "Gr,P,,,,,G,,,"
      },
      {
        "text": "τοῦ",
        "tag": "w",
        "type": "word",
        "lemma": "ὁ",
        "strong": "G35880",
        "morph": "Gr,EA,,,,GMS,"
      },
      {
        "text": "Θεοῦ",
        "tag": "w",
        "type": "word",
        "lemma": "θεός",
        "strong": "G23160",
        "morph": "Gr,N,,,,,GMS,",
        "tw": "rc://*/tw/dict/bible/kt/god"
      },
      {
        "text": "ἐσμεν",
        "tag": "w",
        "type": "word",
        "lemma": "εἰμί",
        "strong": "G15100",
        "morph": "Gr,V,IPA1,,P,"
      },
      {
        "type": "text",
        "text": ","
      },
      {
        "text": "καὶ",
        "tag": "w",
        "type": "word",
        "lemma": "καί",
        "strong": "G25320",
        "morph": "Gr,CC,,,,,,,,"
      },
      {
        "text": "ὁ",
        "tag": "w",
        "type": "word",
        "lemma": "ὁ",
        "strong": "G35880",
        "morph": "Gr,EA,,,,NMS,"
      },
      {
        "text": "κόσμος",
        "tag": "w",
        "type": "word",
        "lemma": "κόσμος",
        "strong": "G28890",
        "morph": "Gr,N,,,,,NMS,",
        "tw": "rc://*/tw/dict/bible/kt/world"
      },
      {
        "text": "ὅλος",
        "tag": "w",
        "type": "word",
        "lemma": "ὅλος",
        "strong": "G36500",
        "morph": "Gr,EQ,,,,NMS,"
      },
      {
        "text": "ἐν",
        "tag": "w",
        "type": "word",
        "lemma": "ἐν",
        "strong": "G17220",
        "morph": "Gr,P,,,,,D,,,"
      },
      {
        "text": "τῷ",
        "tag": "w",
        "type": "word",
        "lemma": "ὁ",
        "strong": "G35880",
        "morph": "Gr,EA,,,,DMS,"
      },
      {
        "text": "πονηρῷ",
        "tag": "w",
        "type": "word",
        "lemma": "πονηρός",
        "strong": "G41900",
        "morph": "Gr,NS,,,,DMS,",
        "tw": "rc://*/tw/dict/bible/kt/satan"
      },
      {
        "text": "κεῖται",
        "tag": "w",
        "type": "word",
        "lemma": "κεῖμαι",
        "strong": "G27490",
        "morph": "Gr,V,IPM3,,S,"
      },
      {
        "type": "text",
        "text": ".\n\n"
      }
    ]
  },
  "20": {
    "verseObjects": [
      {
        "text": "οἴδαμεν",
        "tag": "w",
        "type": "word",
        "lemma": "οἶδα",
        "strong": "G14920",
        "morph": "Gr,V,IEA1,,P,",
        "tw": "rc://*/tw/dict/bible/other/know"
      },
      {
        "text": "δὲ",
        "tag": "w",
        "type": "word",
        "lemma": "δέ",
        "strong": "G11610",
        "morph": "Gr,CC,,,,,,,,"
      },
      {
        "text": "ὅτι",
        "tag": "w",
        "type": "word",
        "lemma": "ὅτι",
        "strong": "G37540",
        "morph": "Gr,CS,,,,,,,,"
      },
      {
        "text": "ὁ",
        "tag": "w",
        "type": "word",
        "lemma": "ὁ",
        "strong": "G35880",
        "morph": "Gr,EA,,,,NMS,"
      },
      {
        "tag": "k",
        "type": "milestone",
        "tw": "rc://*/tw/dict/bible/kt/sonofgod",
        "children": [
          {
            "text": "Υἱὸς",
            "tag": "w",
            "type": "word",
            "lemma": "υἱός",
            "strong": "G52070",
            "morph": "Gr,N,,,,,NMS,"
          },
          {
            "text": "τοῦ",
            "tag": "w",
            "type": "word",
            "lemma": "ὁ",
            "strong": "G35880",
            "morph": "Gr,EA,,,,GMS,"
          },
          {
            "text": "Θεοῦ",
            "tag": "w",
            "type": "word",
            "lemma": "θεός",
            "strong": "G23160",
            "morph": "Gr,N,,,,,GMS,",
            "tw": "rc://*/tw/dict/bible/kt/god"
          }
        ],
        "endTag": "k-e\\*"
      },
      {
        "text": "ἥκει",
        "tag": "w",
        "type": "word",
        "lemma": "ἥκω",
        "strong": "G22400",
        "morph": "Gr,V,IPA3,,S,"
      },
      {
        "type": "text",
        "text": ","
      },
      {
        "text": "καὶ",
        "tag": "w",
        "type": "word",
        "lemma": "καί",
        "strong": "G25320",
        "morph": "Gr,CC,,,,,,,,"
      },
      {
        "text": "δέδωκεν",
        "tag": "w",
        "type": "word",
        "lemma": "δίδωμι",
        "strong": "G13250",
        "morph": "Gr,V,IEA3,,S,"
      },
      {
        "text": "ἡμῖν",
        "tag": "w",
        "type": "word",
        "lemma": "ἐγώ",
        "strong": "G14730",
        "morph": "Gr,RP,,,1D,P,"
      },
      {
        "text": "διάνοιαν",
        "tag": "w",
        "type": "word",
        "lemma": "διάνοια",
        "strong": "G12710",
        "morph": "Gr,N,,,,,AFS,",
        "tw": "rc://*/tw/dict/bible/other/understand"
      },
      {
        "type": "text",
        "text": ","
      },
      {
        "text": "ἵνα",
        "tag": "w",
        "type": "word",
        "lemma": "ἵνα",
        "strong": "G24430",
        "morph": "Gr,CS,,,,,,,,"
      },
      {
        "text": "γινώσκωμεν",
        "tag": "w",
        "type": "word",
        "lemma": "γινώσκω",
        "strong": "G10970",
        "morph": "Gr,V,SPA1,,P,",
        "tw": "rc://*/tw/dict/bible/other/know"
      },
      {
        "text": "τὸν",
        "tag": "w",
        "type": "word",
        "lemma": "ὁ",
        "strong": "G35880",
        "morph": "Gr,EA,,,,AMS,"
      },
      {
        "text": "Ἀληθινόν",
        "tag": "w",
        "type": "word",
        "lemma": "ἀληθινός",
        "strong": "G02280",
        "morph": "Gr,NS,,,,AMS,",
        "tw": "rc://*/tw/dict/bible/kt/true"
      },
      {
        "type": "text",
        "text": ";"
      },
      {
        "text": "καὶ",
        "tag": "w",
        "type": "word",
        "lemma": "καί",
        "strong": "G25320",
        "morph": "Gr,CC,,,,,,,,"
      },
      {
        "text": "ἐσμὲν",
        "tag": "w",
        "type": "word",
        "lemma": "εἰμί",
        "strong": "G15100",
        "morph": "Gr,V,IPA1,,P,"
      },
      {
        "text": "ἐν",
        "tag": "w",
        "type": "word",
        "lemma": "ἐν",
        "strong": "G17220",
        "morph": "Gr,P,,,,,D,,,"
      },
      {
        "text": "τῷ",
        "tag": "w",
        "type": "word",
        "lemma": "ὁ",
        "strong": "G35880",
        "morph": "Gr,EA,,,,DMS,"
      },
      {
        "text": "Ἀληθινῷ",
        "tag": "w",
        "type": "word",
        "lemma": "ἀληθινός",
        "strong": "G02280",
        "morph": "Gr,NS,,,,DMS,",
        "tw": "rc://*/tw/dict/bible/kt/true"
      },
      {
        "type": "text",
        "text": ","
      },
      {
        "text": "ἐν",
        "tag": "w",
        "type": "word",
        "lemma": "ἐν",
        "strong": "G17220",
        "morph": "Gr,P,,,,,D,,,"
      },
      {
        "text": "τῷ",
        "tag": "w",
        "type": "word",
        "lemma": "ὁ",
        "strong": "G35880",
        "morph": "Gr,EA,,,,DMS,"
      },
      {
        "text": "Υἱῷ",
        "tag": "w",
        "type": "word",
        "lemma": "υἱός",
        "strong": "G52070",
        "morph": "Gr,N,,,,,DMS,",
        "tw": "rc://*/tw/dict/bible/kt/sonofgod"
      },
      {
        "text": "αὐτοῦ",
        "tag": "w",
        "type": "word",
        "lemma": "αὐτός",
        "strong": "G08460",
        "morph": "Gr,RP,,,3GMS,"
      },
      {
        "type": "text",
        "text": ","
      },
      {
        "tag": "k",
        "type": "milestone",
        "tw": "rc://*/tw/dict/bible/kt/jesus",
        "children": [
          {
            "text": "Ἰησοῦ",
            "tag": "w",
            "type": "word",
            "lemma": "Ἰησοῦς",
            "strong": "G24240",
            "morph": "Gr,N,,,,,DMS,"
          },
          {
            "text": "Χριστῷ",
            "tag": "w",
            "type": "word",
            "lemma": "χριστός",
            "strong": "G55470",
            "morph": "Gr,N,,,,,DMS,",
            "tw": "rc://*/tw/dict/bible/kt/christ"
          }
        ],
        "endTag": "k-e\\*"
      },
      {
        "type": "text",
        "text": "."
      },
      {
        "text": "οὗτός",
        "tag": "w",
        "type": "word",
        "lemma": "οὗτος",
        "strong": "G37780",
        "morph": "Gr,RD,,,,NMS,"
      },
      {
        "text": "ἐστιν",
        "tag": "w",
        "type": "word",
        "lemma": "εἰμί",
        "strong": "G15100",
        "morph": "Gr,V,IPA3,,S,"
      },
      {
        "text": "ὁ",
        "tag": "w",
        "type": "word",
        "lemma": "ὁ",
        "strong": "G35880",
        "morph": "Gr,EA,,,,NMS,"
      },
      {
        "text": "ἀληθινὸς",
        "tag": "w",
        "type": "word",
        "lemma": "ἀληθινός",
        "strong": "G02280",
        "morph": "Gr,AA,,,,NMS,",
        "tw": "rc://*/tw/dict/bible/kt/true"
      },
      {
        "text": "Θεὸς",
        "tag": "w",
        "type": "word",
        "lemma": "θεός",
        "strong": "G23160",
        "morph": "Gr,N,,,,,NMS,",
        "tw": "rc://*/tw/dict/bible/kt/god"
      },
      {
        "text": "καὶ",
        "tag": "w",
        "type": "word",
        "lemma": "καί",
        "strong": "G25320",
        "morph": "Gr,CC,,,,,,,,"
      },
      {
        "text": "ζωὴ",
        "tag": "w",
        "type": "word",
        "lemma": "ζωή",
        "strong": "G22220",
        "morph": "Gr,N,,,,,NFS,",
        "tw": "rc://*/tw/dict/bible/kt/life"
      },
      {
        "text": "αἰώνιος",
        "tag": "w",
        "type": "word",
        "lemma": "αἰώνιος",
        "strong": "G01660",
        "morph": "Gr,AA,,,,NFS,",
        "tw": "rc://*/tw/dict/bible/kt/eternity"
      },
      {
        "type": "text",
        "text": ".\n\n"
      }
    ]
  },
  "21": {
    "verseObjects": [
      {
        "type": "text",
        "text": "\n"
      },
      {
        "tag": "p",
        "type": "paragraph"
      },
      {
        "text": "τεκνία",
        "tag": "w",
        "type": "word",
        "lemma": "τεκνίον",
        "strong": "G50400",
        "morph": "Gr,N,,,,,VNPD",
        "tw": "rc://*/tw/dict/bible/kt/children"
      },
      {
        "type": "text",
        "text": ","
      },
      {
        "text": "φυλάξατε",
        "tag": "w",
        "type": "word",
        "lemma": "φυλάσσω",
        "strong": "G54420",
        "morph": "Gr,V,MAA2,,P,"
      },
      {
        "text": "ἑαυτὰ",
        "tag": "w",
        "type": "word",
        "lemma": "ἑαυτοῦ",
        "strong": "G14380",
        "morph": "Gr,RE,,,2ANP,"
      },
      {
        "text": "ἀπὸ",
        "tag": "w",
        "type": "word",
        "lemma": "ἀπό",
        "strong": "G05750",
        "morph": "Gr,P,,,,,G,,,"
      },
      {
        "text": "τῶν",
        "tag": "w",
        "type": "word",
        "lemma": "ὁ",
        "strong": "G35880",
        "morph": "Gr,EA,,,,GNP,"
      },
      {
        "text": "εἰδώλων",
        "tag": "w",
        "type": "word",
        "lemma": "εἴδωλον",
        "strong": "G14970",
        "morph": "Gr,N,,,,,GNP,",
        "tw": "rc://*/tw/dict/bible/kt/falsegod"
      },
      {
        "type": "text",
        "text": ".\n"
      }
    ]
  },
  "front": {
    "verseObjects": [
      {
        "tag": "p",
        "nextChar": "\n",
        "type": "paragraph"
      },
      {
        "type": "text",
        "text": "\n"
      }
    ]
  }
}