{
  "1": {
    "verseObjects": [
      {
        "type": "text",
        "text": "इस्राएल के पुत्रों के नाम, जो अपने-अपने घराने को लेकर याकूब के साथ मिस्र देश में आए, ये हैं:\n"
      }
    ]
  },
  "2": {
    "verseObjects": [
      {
        "type": "text",
        "text": "रूबेन, शिमोन, लेवी, यहूदा,\n"
      }
    ]
  },
  "3": {
    "verseObjects": [
      {
        "type": "text",
        "text": "इस्साकार, जबूलून, बिन्यामीन,\n"
      }
    ]
  },
  "4": {
    "verseObjects": [
      {
        "type": "text",
        "text": "दान, नप्ताली, गाद और आशेर।\n"
      }
    ]
  },
  "5": {
    "verseObjects": [
      {
        "type": "text",
        "text": "और यूसुफ तो मिस्र में पहले ही आ चुका था। याकूब के निज वंश में जो उत्‍पन्‍न हुए वे सब सत्तर प्राणी थे। (प्रेरि. 7:14)\n"
      },
      {
        "tag": "s5",
        "type": "section",
        "text": "\n"
      }
    ]
  },
  "6": {
    "verseObjects": [
      {
        "type": "text",
        "text": "यूसुफ, और उसके सब भाई, और उस पीढ़ी के सब लोग मर मिटे। (प्रेरि. 7:15)\n"
      }
    ]
  },
  "7": {
    "verseObjects": [
      {
        "type": "text",
        "text": "परन्तु इस्राएल की सन्तान फूलने-फलने लगी; और वे अत्यन्त सामर्थी बनते चले गए; और इतना अधिक बढ़ गए कि सारा देश उनसे भर गया।\n"
      },
      {
        "tag": "s5",
        "type": "section",
        "text": "\n"
      }
    ]
  },
  "8": {
    "verseObjects": [
      {
        "type": "text",
        "text": "मिस्र में एक नया राजा गद्दी पर बैठा जो यूसुफ को नहीं जानता था। (प्रेरि. 7:17,18)\n"
      }
    ]
  },
  "9": {
    "verseObjects": [
      {
        "type": "text",
        "text": "और उसने अपनी प्रजा से कहा, “देखो, इस्राएली हम से गिनती और सामर्थ्य में अधिक बढ़ गए हैं।\n"
      }
    ]
  },
  "10": {
    "verseObjects": [
      {
        "type": "text",
        "text": "इसलिए आओ, हम उनके साथ बुद्धिमानी से बर्ताव करें, कहीं ऐसा न हो कि जब वे बहुत बढ़ जाएँ, और यदि युद्ध का समय आ पड़े, तो हमारे बैरियों से मिलकर हम से लड़ें और इस देश से निकल जाएँ।” \n"
      },
      {
        "tag": "s5",
        "type": "section",
        "text": "\n"
      }
    ]
  },
  "11": {
    "verseObjects": [
      {
        "type": "text",
        "text": "इसलिए मिस्रियों ने उन पर बेगारी करानेवालों* को नियुक्त किया कि वे उन पर भार डाल-डालकर उनको दुःख दिया करें; तब उन्होंने फ़िरौन के लिये पितोम और रामसेस नामक भण्डारवाले नगरों को बनाया।\n"
      }
    ]
  },
  "12": {
    "verseObjects": [
      {
        "type": "text",
        "text": "पर ज्यों-ज्यों वे उनको दुःख देते गए त्यों-त्यों वे बढ़ते और फैलते चले गए; इसलिए वे इस्राएलियों से अत्यन्त डर गए।\n"
      },
      {
        "tag": "s5",
        "type": "section",
        "text": "\n"
      }
    ]
  },
  "13": {
    "verseObjects": [
      {
        "type": "text",
        "text": "तो भी मिस्रियों ने इस्राएलियों से कठोरता के साथ सेवा करवाई;\n"
      }
    ]
  },
  "14": {
    "verseObjects": [
      {
        "type": "text",
        "text": "और उनके जीवन को गारे, ईंट और खेती के भाँति-भाँति के काम की कठिन सेवा से दुःखी कर डाला; जिस किसी काम में वे उनसे सेवा करवाते थे उसमें वे कठोरता का व्यवहार करते थे।\n"
      },
      {
        "tag": "s5",
        "type": "section",
        "text": "\n"
      }
    ]
  },
  "15": {
    "verseObjects": [
      {
        "type": "text",
        "text": "शिप्रा और पूआ नामक दो इब्री दाइयों को मिस्र के राजा ने आज्ञा दी,\n"
      }
    ]
  },
  "16": {
    "verseObjects": [
      {
        "type": "text",
        "text": "“जब तुम इब्री स्त्रियों को बच्चा उत्‍पन्‍न होने के समय प्रसव के पत्थरों* पर बैठी देखो, तब यदि बेटा हो, तो उसे मार डालना; और बेटी हो, तो जीवित रहने देना।” \n"
      }
    ]
  },
  "17": {
    "verseObjects": [
      {
        "type": "text",
        "text": "परन्तु वे दाइयां परमेश्‍वर का भय मानती थीं, इसलिए मिस्र के राजा की आज्ञा न मानकर लड़कों को भी जीवित छोड़ देती थीं।\n"
      },
      {
        "tag": "s5",
        "type": "section",
        "text": "\n"
      }
    ]
  },
  "18": {
    "verseObjects": [
      {
        "type": "text",
        "text": "तब मिस्र के राजा ने उनको बुलवाकर पूछा, “तुम जो लड़कों को जीवित छोड़ देती हो, तो ऐसा क्यों करती हो?” (प्रेरि. 7:19)\n"
      }
    ]
  },
  "19": {
    "verseObjects": [
      {
        "type": "text",
        "text": "दाइयों ने फ़िरौन को उतर दिया, “इब्री स्त्रियाँ मिस्री स्त्रियों के समान नहीं हैं; वे ऐसी फुर्तीली हैं कि दाइयों के पहुँचने से पहले ही उनको बच्चा उत्‍पन्‍न हो जाता है।” \n"
      },
      {
        "tag": "s5",
        "type": "section",
        "text": "\n"
      }
    ]
  },
  "20": {
    "verseObjects": [
      {
        "type": "text",
        "text": "इसलिए परमेश्‍वर ने दाइयों के साथ भलाई की; और वे लोग बढ़कर बहुत सामर्थी हो गए।\n"
      }
    ]
  },
  "21": {
    "verseObjects": [
      {
        "type": "text",
        "text": "इसलिए कि दाइयां परमेश्‍वर का भय मानती थीं उसने उनके घर बसाए*।\n"
      }
    ]
  },
  "22": {
    "verseObjects": [
      {
        "type": "text",
        "text": "तब फ़िरौन ने अपनी सारी प्रजा के लोगों को आज्ञा दी, “इब्रियों के जितने बेटे उत्‍पन्‍न हों उन सभी को तुम नील नदी में डाल देना, और सब बेटियों को जीवित रख छोड़ना।” (प्रेरि. 7:19)\n\n"
      },
      {
        "tag": "s5",
        "type": "section",
        "text": "\n"
      }
    ]
  },
  "front": {
    "verseObjects": [
      {
        "tag": "s",
        "type": "section",
        "text": "मिस्र में इस्राएलियों की दुर्दशा\n"
      },
      {
        "tag": "p",
        "type": "paragraph",
        "text": "\n"
      }
    ]
  }
}