{
  "1": {
    "verseObjects": [
      {
        "type": "text",
        "text": "फिर यहोवा ने मूसा से कहा,\n"
      }
    ]
  },
  "2": {
    "verseObjects": [
      {
        "type": "text",
        "text": "“क्या मनुष्य के क्या पशु के, इस्राएलियों में जितने अपनी-अपनी माँ के पहलौठे हों, उन्हें मेरे लिये पवित्र मानना*; वह तो मेरा ही है।” \n"
      },
      {
        "tag": "s5",
        "type": "section",
        "text": "\n"
      }
    ]
  },
  "3": {
    "verseObjects": [
      {
        "type": "text",
        "text": "फिर मूसा ने लोगों से कहा, “इस दिन को स्मरण रखो, जिसमें तुम लोग दासत्व के घर, अर्थात् मिस्र से निकल आए हो; यहोवा तो तुम को वहाँ से अपने हाथ के बल से निकाल लाया; इसमें ख़मीरी रोटी न खाई जाए।\n"
      }
    ]
  },
  "4": {
    "verseObjects": [
      {
        "type": "text",
        "text": "अबीब के महीने में आज के दिन तुम निकले हो।\n"
      }
    ]
  },
  "5": {
    "verseObjects": [
      {
        "type": "text",
        "text": "इसलिए जब यहोवा तुम को कनानी, हित्ती, एमोरी, हिव्वी, और यबूसी लोगों के देश में पहुँचाएगा, जिसे देने की उसने तुम्हारे पुरखाओं से शपथ खाई थी, और जिसमें दूध और मधु की धारा बहती हैं, तब तुम इसी महीने में पर्व करना।\n"
      },
      {
        "tag": "s5",
        "type": "section",
        "text": "\n"
      }
    ]
  },
  "6": {
    "verseObjects": [
      {
        "type": "text",
        "text": "सात दिन तक अख़मीरी रोटी खाया करना, और सातवें दिन यहोवा के लिये पर्व मानना।\n"
      }
    ]
  },
  "7": {
    "verseObjects": [
      {
        "type": "text",
        "text": "इन सातों दिनों में अख़मीरी रोटी खाई जाए; वरन् तुम्हारे देश भर में न ख़मीरी रोटी, न ख़मीर तुम्हारे पास देखने में आए।\n"
      },
      {
        "tag": "s5",
        "type": "section",
        "text": "\n"
      }
    ]
  },
  "8": {
    "verseObjects": [
      {
        "type": "text",
        "text": "और उस दिन तुम अपने-अपने पुत्रों को यह कहकर समझा देना, कि यह तो हम उसी काम के कारण करते हैं, जो यहोवा ने हमारे मिस्र से निकल आने के समय हमारे लिये किया था।\n"
      }
    ]
  },
  "9": {
    "verseObjects": [
      {
        "type": "text",
        "text": "फिर यह तुम्हारे लिये तुम्हारे हाथ में एक चिन्ह होगा, और तुम्हारी आँखों के सामने स्मरण करानेवाली वस्तु ठहरे; जिससे यहोवा की व्यवस्था तुम्हारे मुँह पर रहे क्योंकि यहोवा ने तुम्हें अपने बलवन्त हाथों से मिस्र से निकाला है।\n"
      }
    ]
  },
  "10": {
    "verseObjects": [
      {
        "type": "text",
        "text": "इस कारण तुम इस विधि को प्रति वर्ष नियत समय पर माना करना।\n"
      },
      {
        "tag": "s",
        "type": "section",
        "text": "पहलौठे का नियम\n"
      },
      {
        "tag": "p",
        "type": "paragraph",
        "text": "\n"
      },
      {
        "tag": "s5",
        "type": "section",
        "text": "\n"
      }
    ]
  },
  "11": {
    "verseObjects": [
      {
        "type": "text",
        "text": "“फिर जब यहोवा उस शपथ के अनुसार, जो उसने तुम्हारे पुरखाओं से और तुम से भी खाई है, तुम्हें कनानियों के देश में पहुँचाकर उसको तुम्हें दे देगा,\n"
      }
    ]
  },
  "12": {
    "verseObjects": [
      {
        "type": "text",
        "text": "तब तुम में से जितने अपनी-अपनी माँ के जेठे हों उनको, और तुम्हारे पशुओं में जो ऐसे हों उनको भी यहोवा के लिये अर्पण करना; सब नर बच्चे तो यहोवा के हैं।\n"
      }
    ]
  },
  "13": {
    "verseObjects": [
      {
        "type": "text",
        "text": "और गदही के हर एक पहलौठे के बदले मेम्‍ना देकर उसको छुड़ा लेना, और यदि तुम उसे छुड़ाना न चाहो तो उसका गला तोड़ देना। पर अपने सब पहलौठे पुत्रों को बदला देकर छुड़ा लेना।\n"
      },
      {
        "tag": "s5",
        "type": "section",
        "text": "\n"
      }
    ]
  },
  "14": {
    "verseObjects": [
      {
        "type": "text",
        "text": "और आगे के दिनों में जब तुम्हारे पुत्र तुम से पूछें, ‘यह क्या है?’ तो उनसे कहना, ‘यहोवा हम लोगों को दासत्व के घर से, अर्थात् मिस्र देश से अपने हाथों के बल से निकाल लाया है।\n"
      }
    ]
  },
  "15": {
    "verseObjects": [
      {
        "type": "text",
        "text": "उस समय जब फ़िरौन ने कठोर होकर हमको जाने देना न चाहा, तब यहोवा ने मिस्र देश में मनुष्य से लेकर पशु तक सबके पहलौठों को मार डाला। इसी कारण पशुओं में से तो जितने अपनी-अपनी माँ के पहलौठे नर हैं, उन्हें हम यहोवा के लिये बलि करते हैं; पर अपने सब जेठे पुत्रों को हम बदला देकर छुड़ा लेते हैं।’ \n"
      }
    ]
  },
  "16": {
    "verseObjects": [
      {
        "type": "text",
        "text": "यह तुम्हारे हाथों पर एक चिन्ह-सा और तुम्हारी भौहों के बीच टीका-सा ठहरे; क्योंकि यहोवा हम लोगों को मिस्र से अपने हाथों के बल से निकाल लाया है।” \n"
      },
      {
        "tag": "s",
        "type": "section",
        "text": "जंगल का रास्ता\n"
      },
      {
        "tag": "p",
        "type": "paragraph",
        "text": "\n"
      },
      {
        "tag": "s5",
        "type": "section",
        "text": "\n"
      }
    ]
  },
  "17": {
    "verseObjects": [
      {
        "type": "text",
        "text": "जब फ़िरौन ने लोगों को जाने की आज्ञा दे दी, तब यद्यपि पलिश्तियों के देश में होकर जो मार्ग जाता है वह छोटा था; तो भी परमेश्‍वर यह सोचकर उनको उस मार्ग से नहीं ले गया कि कहीं ऐसा न हो कि जब ये लोग लड़ाई देखें तब पछताकर मिस्र को लौट आएँ।\n"
      }
    ]
  },
  "18": {
    "verseObjects": [
      {
        "type": "text",
        "text": "इसलिए परमेश्‍वर उनको चक्कर खिलाकर लाल समुद्र के जंगल के मार्ग से ले चला। और इस्राएली पाँति बाँधे हुए मिस्र से निकल गए।\n"
      },
      {
        "tag": "s5",
        "type": "section",
        "text": "\n"
      }
    ]
  },
  "19": {
    "verseObjects": [
      {
        "type": "text",
        "text": "और मूसा यूसुफ की हड्डियों को साथ लेता गया; क्योंकि यूसुफ ने इस्राएलियों से यह कहकर, ‘परमेश्‍वर निश्चय तुम्हारी सुधि लेगा,’ उनको इस विषय की दृढ़ शपथ खिलाई थी कि वे उसकी हड्डियों को अपने साथ यहाँ से ले जाएँगे।\n"
      }
    ]
  },
  "20": {
    "verseObjects": [
      {
        "type": "text",
        "text": "फिर उन्होंने सुक्कोत से कूच करके जंगल की छोर पर एताम* में डेरा किया।\n"
      },
      {
        "tag": "s",
        "type": "section",
        "text": "बादल का खम्भा और आग का खम्भा\n"
      },
      {
        "tag": "p",
        "type": "paragraph",
        "text": "\n"
      }
    ]
  },
  "21": {
    "verseObjects": [
      {
        "type": "text",
        "text": "और यहोवा उन्हें दिन को मार्ग दिखाने के लिये बादल के खम्भे में, और रात को उजियाला देने के लिये आग के खम्भे* में होकर उनके आगे-आगे चला करता था, जिससे वे रात और दिन दोनों में चल सके।\n"
      }
    ]
  },
  "22": {
    "verseObjects": [
      {
        "type": "text",
        "text": "उसने न तो बादल के खम्भे को दिन में और न आग के खम्भे को रात में लोगों के आगे से हटाया।\n\n"
      },
      {
        "tag": "s5",
        "type": "section",
        "text": "\n"
      }
    ]
  },
  "front": {
    "verseObjects": [
      {
        "tag": "s",
        "type": "section",
        "text": "पहलौठों का अर्पण\n"
      },
      {
        "tag": "p",
        "type": "paragraph",
        "text": "\n"
      }
    ]
  }
}