{
  "1": {
    "verseObjects": [
      {
        "type": "text",
        "text": "इस्राएलियों को मिस्र देश से निकले हुए जिस दिन तीन महीने बीत चुके, उसी दिन वे सीनै के जंगल में आए।\n"
      }
    ]
  },
  "2": {
    "verseObjects": [
      {
        "type": "text",
        "text": "और जब वे रपीदीम से कूच करके सीनै के जंगल में आए, तब उन्होंने जंगल में डेरे खड़े किए; और वहीं पर्वत के आगे इस्राएलियों ने छावनी डाली।\n"
      },
      {
        "tag": "s5",
        "type": "section",
        "text": "\n"
      }
    ]
  },
  "3": {
    "verseObjects": [
      {
        "type": "text",
        "text": "तब मूसा पर्वत पर परमेश्‍वर के पास चढ़ गया, और यहोवा ने पर्वत पर से उसको पुकारकर कहा, “याकूब के घराने से ऐसा कह, और इस्राएलियों को मेरा यह वचन सुना,\n"
      }
    ]
  },
  "4": {
    "verseObjects": [
      {
        "type": "text",
        "text": "‘तुमने देखा है कि मैंने मिस्रियों से क्या-क्या किया; तुम को मानो उकाब पक्षी के पंखों पर चढ़ाकर अपने पास ले आया हूँ।\n"
      }
    ]
  },
  "5": {
    "verseObjects": [
      {
        "type": "text",
        "text": "इसलिए अब यदि तुम निश्चय मेरी मानोगे, और मेरी वाचा का पालन करोगे, तो सब लोगों में से तुम ही मेरा निज धन ठहरोगे; समस्त पृथ्वी तो मेरी है।\n"
      }
    ]
  },
  "6": {
    "verseObjects": [
      {
        "type": "text",
        "text": "और तुम मेरी दृष्टि में याजकों का राज्य* और पवित्र जाति ठहरोगे।’ जो बातें तुझे इस्राएलियों से कहनी हैं वे ये ही हैं।” \n"
      },
      {
        "tag": "s5",
        "type": "section",
        "text": "\n"
      }
    ]
  },
  "7": {
    "verseObjects": [
      {
        "type": "text",
        "text": "तब मूसा ने आकर लोगों के पुरनियों को बुलवाया, और ये सब बातें, जिनके कहने की आज्ञा यहोवा ने उसे दी थी, उनको समझा दीं।\n"
      }
    ]
  },
  "8": {
    "verseObjects": [
      {
        "type": "text",
        "text": "और सब लोग मिलकर बोल उठे, “जो कुछ यहोवा ने कहा है वह सब हम नित करेंगे।” लोगों की यह बातें मूसा ने यहोवा को सुनाईं।\n"
      }
    ]
  },
  "9": {
    "verseObjects": [
      {
        "type": "text",
        "text": "तब यहोवा ने मूसा से कहा, “सुन, मैं बादल के अंधियारे में होकर तेरे पास आता हूँ, इसलिए कि जब मैं तुझ से बातें करूँ तब वे लोग सुनें, और सदा तेरा विश्वास करें।” और मूसा ने यहोवा से लोगों की बातों का वर्णन किया।\n"
      },
      {
        "tag": "s5",
        "type": "section",
        "text": "\n"
      }
    ]
  },
  "10": {
    "verseObjects": [
      {
        "type": "text",
        "text": "तब यहोवा ने मूसा से कहा, “लोगों के पास जा और उन्हें आज और कल पवित्र करना*, और वे अपने वस्त्र धो लें,\n"
      }
    ]
  },
  "11": {
    "verseObjects": [
      {
        "type": "text",
        "text": "और वे तीसरे दिन तक तैयार हो जाएँ; क्योंकि तीसरे दिन यहोवा सब लोगों के देखते सीनै पर्वत पर उतर आएगा।\n"
      },
      {
        "tag": "s5",
        "type": "section",
        "text": "\n"
      }
    ]
  },
  "12": {
    "verseObjects": [
      {
        "type": "text",
        "text": "और तू लोगों के लिये चारों ओर बाड़ा बाँध देना, और उनसे कहना, ‘तुम सचेत रहो कि पर्वत पर न चढ़ो और उसकी सीमा को भी न छूओ; और जो कोई पहाड़ को छूए वह निश्चय मार डाला जाए।\n"
      }
    ]
  },
  "13": {
    "verseObjects": [
      {
        "type": "text",
        "text": "उसको कोई हाथ से न छूए, जो छूए उस पर पथराव किया जाए, या उसे तीर से छेदा जाए; चाहे पशु हो चाहे मनुष्य, वह जीवित न बचे।’ जब महाशब्द वाले नरसिंगे का शब्द देर तक सुनाई दे, तब लोग पर्वत के पास आएँ।” \n"
      },
      {
        "tag": "s5",
        "type": "section",
        "text": "\n"
      }
    ]
  },
  "14": {
    "verseObjects": [
      {
        "type": "text",
        "text": "तब मूसा ने पर्वत पर से उतरकर लोगों के पास आकर उनको पवित्र कराया; और उन्होंने अपने वस्त्र धो लिए।\n"
      }
    ]
  },
  "15": {
    "verseObjects": [
      {
        "type": "text",
        "text": "और उसने लोगों से कहा, “तीसरे दिन तक तैयार हो जाओ; स्त्री के पास न जाना।” \n"
      },
      {
        "tag": "s5",
        "type": "section",
        "text": "\n"
      }
    ]
  },
  "16": {
    "verseObjects": [
      {
        "type": "text",
        "text": "जब तीसरा दिन आया तब भोर होते बादल गरजने और बिजली चमकने लगी, और पर्वत पर काली घटा छा गई, फिर नरसिंगे का शब्द बड़ा भारी हुआ, और छावनी में जितने लोग थे सब काँप उठे।\n"
      }
    ]
  },
  "17": {
    "verseObjects": [
      {
        "type": "text",
        "text": "तब मूसा लोगों को परमेश्‍वर से भेंट करने के लिये छावनी से निकाल ले गया; और वे पर्वत के नीचे खड़े हुए।\n"
      }
    ]
  },
  "18": {
    "verseObjects": [
      {
        "type": "text",
        "text": "और यहोवा जो आग में होकर सीनै पर्वत पर उतरा था, इस कारण समस्त पर्वत धुएँ से भर गया; और उसका धुआँ भट्ठे का सा उठ रहा था, और समस्त पर्वत बहुत काँप रहा था।\n"
      },
      {
        "tag": "s5",
        "type": "section",
        "text": "\n"
      }
    ]
  },
  "19": {
    "verseObjects": [
      {
        "type": "text",
        "text": "फिर जब नरसिंगे का शब्द बढ़ता और बहुत भारी होता गया, तब मूसा बोला, और परमेश्‍वर ने वाणी सुनाकर उसको उत्तर दिया।\n"
      }
    ]
  },
  "20": {
    "verseObjects": [
      {
        "type": "text",
        "text": "और यहोवा सीनै पर्वत की चोटी पर उतरा; और मूसा को पर्वत की चोटी पर बुलाया और मूसा ऊपर चढ़ गया।\n"
      }
    ]
  },
  "21": {
    "verseObjects": [
      {
        "type": "text",
        "text": "तब यहोवा ने मूसा से कहा, “नीचे उतरके लोगों को चेतावनी दे, कहीं ऐसा न हो कि वे बाड़ा तोड़कर यहोवा के पास देखने को घुसें, और उनमें से बहुत नाश हो जाएँ।\n"
      }
    ]
  },
  "22": {
    "verseObjects": [
      {
        "type": "text",
        "text": "और याजक जो यहोवा के समीप आया करते हैं वे भी अपने को पवित्र करें, कहीं ऐसा न हो कि यहोवा उन पर टूट पड़े।” \n"
      },
      {
        "tag": "s5",
        "type": "section",
        "text": "\n"
      }
    ]
  },
  "23": {
    "verseObjects": [
      {
        "type": "text",
        "text": "मूसा ने यहोवा से कहा, “वे लोग सीनै पर्वत पर नहीं चढ़ सकते; तूने तो आप हमको यह कहकर चिताया कि पर्वत के चारों और बाड़ा बाँधकर उसे पवित्र रखो।” \n"
      }
    ]
  },
  "24": {
    "verseObjects": [
      {
        "type": "text",
        "text": "यहोवा ने उससे कहा, “उतर तो जा, और हारून समेत तू ऊपर आ; परन्तु याजक और साधारण लोग कहीं यहोवा के पास बाड़ा तोड़कर न चढ़ आएँ, कहीं ऐसा न हो कि वह उन पर टूट पड़े।” \n"
      }
    ]
  },
  "25": {
    "verseObjects": [
      {
        "type": "text",
        "text": "अतः ये बातें मूसा ने लोगों के पास उतरकर उनको सुनाईं।\n\n"
      },
      {
        "tag": "s5",
        "type": "section",
        "text": "\n"
      }
    ]
  },
  "front": {
    "verseObjects": [
      {
        "tag": "s",
        "type": "section",
        "text": "सीनै पर्वत पर यहोवा के दर्शन देने का वर्णन\n"
      },
      {
        "tag": "p",
        "type": "paragraph",
        "text": "\n"
      }
    ]
  }
}