{
  "1": {
    "verseObjects": [
      {
        "type": "text",
        "text": "फिर जो नियम तुझे उनको समझाने हैं वे ये हैं।\n"
      },
      {
        "tag": "s5",
        "type": "section",
        "text": "\n"
      }
    ]
  },
  "2": {
    "verseObjects": [
      {
        "type": "text",
        "text": "“जब तुम कोई इब्री दास* मोल लो, तब वह छः वर्ष तक सेवा करता रहे, और सातवें वर्ष स्वतंत्र होकर सेंत-मेंत चला जाए।\n"
      }
    ]
  },
  "3": {
    "verseObjects": [
      {
        "type": "text",
        "text": "यदि वह अकेला आया हो, तो अकेला ही चला जाए; और यदि पत्‍नी सहित आया हो, तो उसके साथ उसकी पत्‍नी भी चली जाए।\n"
      }
    ]
  },
  "4": {
    "verseObjects": [
      {
        "type": "text",
        "text": "यदि उसके स्वामी ने उसको पत्‍नी दी हो और उससे उसके बेटे या बेटियाँ उत्‍पन्‍न हुई हों, तो उसकी पत्‍नी और बालक उस स्वामी के ही रहें, और वह अकेला चला जाए।\n"
      },
      {
        "tag": "s5",
        "type": "section",
        "text": "\n"
      }
    ]
  },
  "5": {
    "verseObjects": [
      {
        "type": "text",
        "text": "परन्तु यदि वह दास दृढ़ता से कहे, ‘मैं अपने स्वामी, और अपनी पत्‍नी, और बालकों से प्रेम रखता हूँ; इसलिए मैं स्वतंत्र होकर न चला जाऊँगा;’\n"
      }
    ]
  },
  "6": {
    "verseObjects": [
      {
        "type": "text",
        "text": "तो उसका स्वामी उसको परमेश्‍वर के पास ले चले; फिर उसको द्वार के किवाड़ या बाजू के पास ले जाकर उसके कान में सुतारी से छेद करें; तब वह सदा* उसकी सेवा करता रहे।\n"
      },
      {
        "tag": "p",
        "type": "paragraph",
        "text": "\n"
      },
      {
        "tag": "s5",
        "type": "section",
        "text": "\n"
      }
    ]
  },
  "7": {
    "verseObjects": [
      {
        "type": "text",
        "text": "“यदि कोई अपनी बेटी को दासी होने के लिये बेच डालें, तो वह दासी के समान बाहर न जाए।\n"
      }
    ]
  },
  "8": {
    "verseObjects": [
      {
        "type": "text",
        "text": "यदि उसका स्वामी उसको अपनी पत्‍नी बनाए, और फिर उससे प्रसन्‍न न रहे, तो वह उसे दाम से छुड़ाई जाने दे; उसका विश्वासघात करने के बाद उसे विदेशी लोगों के हाथ बेचने का उसको अधिकार न होगा।\n"
      },
      {
        "tag": "s5",
        "type": "section",
        "text": "\n"
      }
    ]
  },
  "9": {
    "verseObjects": [
      {
        "type": "text",
        "text": "यदि उसने उसे अपने बेटे को ब्याह दिया हो, तो उससे बेटी का सा व्यवहार करे।\n"
      }
    ]
  },
  "10": {
    "verseObjects": [
      {
        "type": "text",
        "text": "चाहे वह दूसरी पत्‍नी कर ले, तो भी वह उसका भोजन, वस्त्र, और संगति न घटाए।\n"
      }
    ]
  },
  "11": {
    "verseObjects": [
      {
        "type": "text",
        "text": "और यदि वह इन तीन बातों में घटी करे, तो वह स्त्री सेंत-मेंत बिना दाम चुकाए ही चली जाए।\n"
      },
      {
        "tag": "s",
        "type": "section",
        "text": "हिंसा संबंधी नियम\n"
      },
      {
        "tag": "p",
        "type": "paragraph",
        "text": "\n"
      },
      {
        "tag": "s5",
        "type": "section",
        "text": "\n"
      }
    ]
  },
  "12": {
    "verseObjects": [
      {
        "type": "text",
        "text": "“जो किसी मनुष्य को ऐसा मारे कि वह मर जाए, तो वह भी निश्चय मार डाला जाए।\n"
      }
    ]
  },
  "13": {
    "verseObjects": [
      {
        "type": "text",
        "text": "यदि वह उसकी घात में न बैठा हो, और परमेश्‍वर की इच्छा ही से वह उसके हाथ में पड़ गया हो, तो ऐसे मारनेवाले के भागने के निमित्त मैं एक स्थान ठहराऊँगा जहाँ वह भाग जाए।\n"
      }
    ]
  },
  "14": {
    "verseObjects": [
      {
        "type": "text",
        "text": "परन्तु यदि कोई ढिठाई से किसी पर चढ़ाई करके उसे छल से घात करे, तो उसको मार डालने के लिये मेरी वेदी के पास से भी अलग ले जाना।\n"
      },
      {
        "tag": "p",
        "type": "paragraph",
        "text": "\n"
      },
      {
        "tag": "s5",
        "type": "section",
        "text": "\n"
      }
    ]
  },
  "15": {
    "verseObjects": [
      {
        "type": "text",
        "text": "“जो अपने पिता या माता को मारे-पीटे वह निश्चय मार डाला जाए।\n"
      },
      {
        "tag": "p",
        "type": "paragraph",
        "text": "\n"
      }
    ]
  },
  "16": {
    "verseObjects": [
      {
        "type": "text",
        "text": "“जो किसी मनुष्य को चुराए, चाहे उसे ले जाकर बेच डाले, चाहे वह उसके पास पाया जाए, तो वह भी निश्चय मार डाला जाए।\n"
      },
      {
        "tag": "p",
        "type": "paragraph",
        "text": "\n"
      }
    ]
  },
  "17": {
    "verseObjects": [
      {
        "type": "text",
        "text": "“जो अपने पिता या माता को श्राप दे वह भी निश्चय मार डाला जाए।\n"
      },
      {
        "tag": "p",
        "type": "paragraph",
        "text": "\n"
      },
      {
        "tag": "s5",
        "type": "section",
        "text": "\n"
      }
    ]
  },
  "18": {
    "verseObjects": [
      {
        "type": "text",
        "text": "“यदि मनुष्य झगड़ते हों, और एक दूसरे को पत्थर या मुक्के से ऐसा मारे कि वह मरे नहीं परन्तु बिछौने पर पड़ा रहे,\n"
      }
    ]
  },
  "19": {
    "verseObjects": [
      {
        "type": "text",
        "text": "तो जब वह उठकर लाठी के सहारे से बाहर चलने फिरने लगे, तब वह मारनेवाला निर्दोष ठहरे; उस दशा में वह उसके पड़े रहने के समय की हानि भर दे, और उसको भला चंगा भी करा दे।\n"
      },
      {
        "tag": "p",
        "type": "paragraph",
        "text": "\n"
      },
      {
        "tag": "s5",
        "type": "section",
        "text": "\n"
      }
    ]
  },
  "20": {
    "verseObjects": [
      {
        "type": "text",
        "text": "“यदि कोई अपने दास या दासी को सोंटे से ऐसा मारे कि वह उसके मारने से मर जाए, तब तो उसको निश्चय दण्ड दिया जाए।\n"
      }
    ]
  },
  "21": {
    "verseObjects": [
      {
        "type": "text",
        "text": "परन्तु यदि वह दो एक दिन जीवित रहे, तो उसके स्वामी को दण्ड न दिया जाए; क्योंकि वह दास उसका धन है।\n"
      },
      {
        "tag": "p",
        "type": "paragraph",
        "text": "\n"
      },
      {
        "tag": "s5",
        "type": "section",
        "text": "\n"
      }
    ]
  },
  "22": {
    "verseObjects": [
      {
        "type": "text",
        "text": "“यदि मनुष्य आपस में मार पीट करके किसी गर्भवती स्त्री को ऐसी चोट पहुँचाए, कि उसका गर्भ गिर जाए, परन्तु और कुछ हानि न हो, तो मारनेवाले से उतना दण्ड लिया जाए जितना उस स्त्री का पति पंच की सम्मति से ठहराए।\n"
      }
    ]
  },
  "23": {
    "verseObjects": [
      {
        "type": "text",
        "text": "परन्तु यदि उसको और कुछ हानि पहुँचे, तो प्राण के बदले प्राण का,\n"
      }
    ]
  },
  "24": {
    "verseObjects": [
      {
        "type": "text",
        "text": "और आँख के बदले आँख का, और दाँत के बदले दाँत का, और हाथ के बदले हाथ का, और पाँव के बदले पाँव का,\n"
      }
    ]
  },
  "25": {
    "verseObjects": [
      {
        "type": "text",
        "text": "और दाग के बदले दाग का, और घाव के बदले घाव का, और मार के बदले मार का दण्ड हो।\n"
      },
      {
        "tag": "p",
        "type": "paragraph",
        "text": "\n"
      },
      {
        "tag": "s5",
        "type": "section",
        "text": "\n"
      }
    ]
  },
  "26": {
    "verseObjects": [
      {
        "type": "text",
        "text": "“जब कोई अपने दास या दासी की आँख पर ऐसा मारे कि फूट जाए, तो वह उसकी आँख के बदले उसे स्वतंत्र करके जाने दे।\n"
      }
    ]
  },
  "27": {
    "verseObjects": [
      {
        "type": "text",
        "text": "और यदि वह अपने दास या दासी को मारकर उसका दाँत तोड़ डाले, तो वह उसके दाँत के बदले उसे स्वतंत्र करके जाने दे।\n"
      },
      {
        "tag": "s",
        "type": "section",
        "text": "पशु नियंत्रण संबंधी नियम\n"
      },
      {
        "tag": "p",
        "type": "paragraph",
        "text": "\n"
      },
      {
        "tag": "s5",
        "type": "section",
        "text": "\n"
      }
    ]
  },
  "28": {
    "verseObjects": [
      {
        "type": "text",
        "text": "“यदि बैल किसी पुरुष या स्त्री को ऐसा सींग मारे कि वह मर जाए, तो वह बैल तो निश्चय पथरवाह करके मार डाला जाए, और उसका माँस खाया न जाए; परन्तु बैल का स्वामी निर्दोष ठहरे।\n"
      }
    ]
  },
  "29": {
    "verseObjects": [
      {
        "type": "text",
        "text": "परन्तु यदि उस बैल की पहले से सींग मारने की आदत पड़ी हो, और उसके स्वामी ने जताए जाने पर भी उसको न बाँध रखा हो, और वह किसी पुरुष या स्त्री को मार डाले, तब तो वह बैल पथरवाह किया जाए, और उसका स्वामी भी मार डाला जाए।\n"
      }
    ]
  },
  "30": {
    "verseObjects": [
      {
        "type": "text",
        "text": "यदि उस पर छुड़ौती ठहराई जाए, तो प्राण छुड़ाने को जो कुछ उसके लिये ठहराया जाए उसे उतना ही देना पड़ेगा।\n"
      },
      {
        "tag": "s5",
        "type": "section",
        "text": "\n"
      }
    ]
  },
  "31": {
    "verseObjects": [
      {
        "type": "text",
        "text": "चाहे बैल ने किसी बेटे को, चाहे बेटी को मारा हो, तो भी इसी नियम के अनुसार उसके स्वामी के साथ व्यवहार किया जाए।\n"
      }
    ]
  },
  "32": {
    "verseObjects": [
      {
        "type": "text",
        "text": "यदि बैल ने किसी दास या दासी को सींग मारा हो, तो बैल का स्वामी उस दास के स्वामी को तीस शेकेल रूपा दे, और वह बैल पथरवाह किया जाए।\n"
      },
      {
        "tag": "p",
        "type": "paragraph",
        "text": "\n"
      },
      {
        "tag": "s5",
        "type": "section",
        "text": "\n"
      }
    ]
  },
  "33": {
    "verseObjects": [
      {
        "type": "text",
        "text": "“यदि कोई मनुष्य गड्ढा खोलकर या खोदकर उसको न ढाँपे, और उसमें किसी का बैल या गदहा गिर पड़े,\n"
      }
    ]
  },
  "34": {
    "verseObjects": [
      {
        "type": "text",
        "text": "तो जिसका वह गड्ढा हो वह उस हानि को भर दे; वह पशु के स्वामी को उसका मोल दे, और लोथ गड्ढेवाले की ठहरे।\n"
      },
      {
        "tag": "p",
        "type": "paragraph",
        "text": "\n"
      },
      {
        "tag": "s5",
        "type": "section",
        "text": "\n"
      }
    ]
  },
  "35": {
    "verseObjects": [
      {
        "type": "text",
        "text": "“यदि किसी का बैल किसी दूसरे के बैल को ऐसी चोट लगाए, कि वह मर जाए, तो वे दोनों मनुष्य जीवित बैल को बेचकर उसका मोल आपस में आधा-आधा बाँट लें; और लोथ को भी वैसा ही बाँटें।\n"
      }
    ]
  },
  "36": {
    "verseObjects": [
      {
        "type": "text",
        "text": "यदि यह प्रगट हो कि उस बैल की पहले से सींग मारने की आदत पड़ी थी, पर उसके स्वामी ने उसे बाँध नहीं रखा, तो निश्चय यह बैल के बदले बैल भर दे, पर लोथ उसी की ठहरे।\n\n"
      },
      {
        "tag": "s5",
        "type": "section",
        "text": "\n"
      }
    ]
  },
  "front": {
    "verseObjects": [
      {
        "tag": "s",
        "type": "section",
        "text": "दासों के प्रति नियम\n"
      },
      {
        "tag": "p",
        "type": "paragraph",
        "text": "\n"
      }
    ]
  }
}