{
  "1": {
    "verseObjects": [
      {
        "type": "text",
        "text": "फिर यहोवा ने मूसा से कहा,\n"
      }
    ]
  },
  "2": {
    "verseObjects": [
      {
        "type": "text",
        "text": "“सुन, मैं ऊरी के पुत्र बसलेल को, जो हूर का पोता और यहूदा के गोत्र का है, नाम लेकर बुलाता हूँ।\n"
      },
      {
        "tag": "s5",
        "nextChar": "\n",
        "type": "section"
      }
    ]
  },
  "3": {
    "verseObjects": [
      {
        "type": "text",
        "text": "और मैं उसको परमेश्‍वर की आत्मा से जो बुद्धि, प्रवीणता, ज्ञान*, और सब प्रकार के कार्यों की समझ देनेवाली आत्मा है परिपूर्ण करता हूँ,\n"
      }
    ]
  },
  "4": {
    "verseObjects": [
      {
        "type": "text",
        "text": "जिससे वह कारीगरी के कार्य बुद्धि से निकाल निकालकर सब भाँति की बनावट में, अर्थात् सोने, चाँदी, और पीतल में,\n"
      }
    ]
  },
  "5": {
    "verseObjects": [
      {
        "type": "text",
        "text": "और जड़ने के लिये मणि काटने में, और लकड़ी पर नक्काशी का काम करे।\n"
      },
      {
        "tag": "s5",
        "nextChar": "\n",
        "type": "section"
      }
    ]
  },
  "6": {
    "verseObjects": [
      {
        "type": "text",
        "text": "और सुन, मैं दान के गोत्रवाले अहीसामाक के पुत्र ओहोलीआब को उसके संग कर देता हूँ; वरन् जितने बुद्धिमान हैं उन सभी के हृदय में मैं बुद्धि देता हूँ, जिससे जितनी वस्तुओं की आज्ञा मैंने तुझे दी है उन सभी को वे बनाएँ;\n"
      }
    ]
  },
  "7": {
    "verseObjects": [
      {
        "type": "text",
        "text": "अर्थात् मिलापवाले तम्बू, और साक्षीपत्र का सन्दूक, और उस पर का प्रायश्चितवाला ढकना, और तम्बू का सारा सामान,\n"
      }
    ]
  },
  "8": {
    "verseObjects": [
      {
        "type": "text",
        "text": "और सामान सहित मेज, और सारे सामान समेत शुद्ध सोने की दीवट, और धूपवेदी,\n"
      }
    ]
  },
  "9": {
    "verseObjects": [
      {
        "type": "text",
        "text": "और सारे सामान सहित होमवेदी, और पाए समेत हौदी,\n"
      },
      {
        "tag": "s5",
        "nextChar": "\n",
        "type": "section"
      }
    ]
  },
  "10": {
    "verseObjects": [
      {
        "type": "text",
        "text": "और काढ़े हुए वस्त्र, और हारून याजक के याजकवाले काम के पवित्र वस्त्र*, और उसके पुत्रों के वस्त्र,\n"
      }
    ]
  },
  "11": {
    "verseObjects": [
      {
        "type": "text",
        "text": "और अभिषेक का तेल, और पवित्रस्‍थान के लिये सुगन्धित धूप, इन सभी को वे उन सब आज्ञाओं के अनुसार बनाएँ जो मैंने तुझे दी हैं।” \n"
      },
      {
        "tag": "s",
        "type": "section",
        "content": "सब्त अर्थात् विश्रामदिन\n"
      },
      {
        "tag": "p",
        "nextChar": "\n",
        "type": "paragraph"
      },
      {
        "tag": "s5",
        "nextChar": "\n",
        "type": "section"
      }
    ]
  },
  "12": {
    "verseObjects": [
      {
        "type": "text",
        "text": "फिर यहोवा ने मूसा से कहा,\n"
      }
    ]
  },
  "13": {
    "verseObjects": [
      {
        "type": "text",
        "text": "“तू इस्राएलियों से यह भी कहना, ‘निश्चय तुम मेरे विश्रामदिनों को मानना, क्योंकि तुम्हारी पीढ़ी-पीढ़ी में मेरे और तुम लोगों के बीच यह एक चिन्ह ठहरा है, जिससे तुम यह बात जान रखो कि यहोवा हमारा पवित्र करनेवाला है।\n"
      }
    ]
  },
  "14": {
    "verseObjects": [
      {
        "type": "text",
        "text": "इस कारण तुम विश्रामदिन को मानना, क्योंकि वह तुम्हारे लिये पवित्र ठहरा है; जो उसको अपवित्र करे वह निश्चय मार डाला जाए; जो कोई उस दिन में कुछ काम-काज करे वह प्राणी अपने लोगों के बीच से नाश किया जाए।\n"
      }
    ]
  },
  "15": {
    "verseObjects": [
      {
        "type": "text",
        "text": "छः दिन तो काम-काज किया जाए, पर सातवाँ दिन पवित्र विश्राम का दिन और यहोवा के लिये पवित्र है; इसलिए जो कोई विश्राम के दिन में कुछ काम-काज करे वह निश्चय मार डाला जाए।\n"
      },
      {
        "tag": "s5",
        "nextChar": "\n",
        "type": "section"
      }
    ]
  },
  "16": {
    "verseObjects": [
      {
        "type": "text",
        "text": "इसलिए इस्राएली विश्रामदिन को माना करें, वरन् पीढ़ी-पीढ़ी में उसको सदा की वाचा का विषय जानकर माना करें।\n"
      }
    ]
  },
  "17": {
    "verseObjects": [
      {
        "type": "text",
        "text": "वह मेरे और इस्राएलियों के बीच सदा एक चिन्ह रहेगा, क्योंकि छः दिन में यहोवा ने आकाश और पृथ्वी को बनाया, और सातवें दिन विश्राम करके अपना जी ठण्डा किया’।” \n"
      },
      {
        "tag": "s",
        "type": "section",
        "content": "पत्थर की दो तख्तियाँ\n"
      },
      {
        "tag": "p",
        "nextChar": "\n",
        "type": "paragraph"
      },
      {
        "tag": "s5",
        "nextChar": "\n",
        "type": "section"
      }
    ]
  },
  "18": {
    "verseObjects": [
      {
        "type": "text",
        "text": "जब परमेश्‍वर मूसा से सीनै पर्वत पर ऐसी बातें कर चुका, तब परमेश्‍वर ने उसको अपनी उँगली से लिखी हुई साक्षी देनेवाली पत्थर की दोनों तख्तियाँ दीं।\n\n"
      },
      {
        "tag": "s5",
        "nextChar": "\n",
        "type": "section"
      }
    ]
  },
  "front": {
    "verseObjects": [
      {
        "tag": "s",
        "type": "section",
        "content": "बसलेल और ओहोलीआब\n"
      },
      {
        "tag": "p",
        "nextChar": "\n",
        "type": "paragraph"
      }
    ]
  }
}