{
  "1": {
    "verseObjects": [
      {
        "type": "text",
        "text": "फिर यहोवा ने मूसा से कहा, “पहली तख्तियों के समान पत्थर की दो और तख्तियाँ गढ़ ले; तब जो वचन उन पहली तख्तियों पर लिखे थे, जिन्हें तूने तोड़ डाला, वे ही वचन मैं उन तख्तियों पर भी लिखूँगा।\n"
      }
    ]
  },
  "2": {
    "verseObjects": [
      {
        "type": "text",
        "text": "और सवेरे तैयार रहना, और भोर को सीनै पर्वत पर चढ़कर उसकी चोटी पर मेरे सामने खड़ा होना।\n"
      },
      {
        "tag": "s5",
        "nextChar": "\n",
        "type": "section"
      }
    ]
  },
  "3": {
    "verseObjects": [
      {
        "type": "text",
        "text": "तेरे संग कोई न चढ़ पाए, वरन् पर्वत भर पर कोई मनुष्य कहीं दिखाई न दे; और न भेड़-बकरी और गाय-बैल भी पर्वत के आगे चरने पाएँ।” \n"
      }
    ]
  },
  "4": {
    "verseObjects": [
      {
        "type": "text",
        "text": "तब मूसा ने पहली तख्तियों के समान दो और तख्तियाँ गढ़ीं; और भोर को सवेरे उठकर अपने हाथ में पत्थर की वे दोनों तख्तियाँ लेकर यहोवा की आज्ञा के अनुसार पर्वत पर चढ़ गया।\n"
      },
      {
        "tag": "s5",
        "nextChar": "\n",
        "type": "section"
      }
    ]
  },
  "5": {
    "verseObjects": [
      {
        "type": "text",
        "text": "तब यहोवा ने बादल में उतरकर उसके संग वहाँ खड़ा होकर यहोवा नाम का प्रचार किया।\n"
      }
    ]
  },
  "6": {
    "verseObjects": [
      {
        "type": "text",
        "text": "और यहोवा उसके सामने होकर यह प्रचार करता हुआ चला, “यहोवा, यहोवा, परमेश्‍वर दयालु और अनुग्रहकारी, कोप करने में धीरजवन्त, और अति करुणामय और सत्य,\n"
      }
    ]
  },
  "7": {
    "verseObjects": [
      {
        "type": "text",
        "text": "हजारों पीढ़ियों तक निरन्तर करुणा करनेवाला, अधर्म और अपराध और पाप को क्षमा करनेवाला है, परन्तु दोषी को वह किसी प्रकार निर्दोष न ठहराएगा, वह पितरों के अधर्म का दण्ड उनके बेटों वरन् पोतों और परपोतों को भी देनेवाला है।” \n"
      },
      {
        "tag": "s5",
        "nextChar": "\n",
        "type": "section"
      }
    ]
  },
  "8": {
    "verseObjects": [
      {
        "type": "text",
        "text": "तब मूसा ने फुर्ती कर पृथ्वी की ओर झुककर दण्डवत् की।\n"
      }
    ]
  },
  "9": {
    "verseObjects": [
      {
        "type": "text",
        "text": "और उसने कहा, “हे प्रभु, यदि तेरे अनुग्रह की दृष्टि मुझ पर हो तो प्रभु, हम लोगों के बीच में होकर चले, ये लोग हठीले तो हैं, तो भी हमारे अधर्म और पाप को क्षमा कर, और हमें अपना निज भाग मानकर ग्रहण कर।” \n"
      },
      {
        "tag": "s",
        "type": "section",
        "content": "वाचा का दोहराया जाना\n"
      },
      {
        "tag": "p",
        "nextChar": "\n",
        "type": "paragraph"
      },
      {
        "tag": "s5",
        "nextChar": "\n",
        "type": "section"
      }
    ]
  },
  "10": {
    "verseObjects": [
      {
        "type": "text",
        "text": "उसने कहा, “सुन, मैं एक वाचा बाँधता हूँ। तेरे सब लोगों के सामने मैं ऐसे आश्चर्यकर्म करूँगा जैसा पृथ्वी पर और सब जातियों में कभी नहीं हुए; और वे सारे लोग जिनके बीच तू रहता है यहोवा के कार्य को देखेंगे; क्योंकि जो मैं तुम लोगों से करने पर हूँ वह भययोग्य काम है।\n"
      }
    ]
  },
  "11": {
    "verseObjects": [
      {
        "type": "text",
        "text": "जो आज्ञा मैं आज तुम्हें देता हूँ उसे तुम लोग मानना। देखो, मैं तुम्हारे आगे से एमोरी, कनानी, हित्ती, परिज्जी, हिव्वी, और यबूसी लोगों को निकालता हूँ।\n"
      },
      {
        "tag": "s5",
        "nextChar": "\n",
        "type": "section"
      }
    ]
  },
  "12": {
    "verseObjects": [
      {
        "type": "text",
        "text": "इसलिए सावधान रहना कि जिस देश में तू जानेवाला है उसके निवासियों से वाचा न बाँधना; कहीं ऐसा न हो कि वह तेरे लिये फंदा ठहरे।\n"
      }
    ]
  },
  "13": {
    "verseObjects": [
      {
        "type": "text",
        "text": "वरन् उनकी वेदियों को गिरा देना*, उनकी लाठों को तोड़ डालना, और उनकी अशेरा नामक मूर्तियों को काट डालना;\n"
      }
    ]
  },
  "14": {
    "verseObjects": [
      {
        "type": "text",
        "text": "क्योंकि तुम्हें किसी दूसरे को परमेश्‍वर करके दण्डवत् करने की आज्ञा नहीं, क्योंकि यहोवा जिसका नाम जलनशील है, वह जल उठनेवाला परमेश्‍वर है,\n"
      },
      {
        "tag": "s5",
        "nextChar": "\n",
        "type": "section"
      }
    ]
  },
  "15": {
    "verseObjects": [
      {
        "type": "text",
        "text": "ऐसा न हो कि तू उस देश के निवासियों से वाचा बाँधे, और वे अपने देवताओं के पीछे होने का व्यभिचार करें, और उनके लिये बलिदान भी करें, और कोई तुझे नेवता दे और तू भी उसके बलिपशु का प्रसाद खाए,\n"
      }
    ]
  },
  "16": {
    "verseObjects": [
      {
        "type": "text",
        "text": "और तू उनकी बेटियों को अपने बेटों के लिये लाये, और उनकी बेटियाँ जो आप अपने देवताओं के पीछे होने का व्यभिचार करती हैं तेरे बेटों से भी अपने देवताओं के पीछे होने को व्यभिचार करवाएँ।\n"
      }
    ]
  },
  "17": {
    "verseObjects": [
      {
        "type": "text",
        "text": "“तुम देवताओं की मूर्तियाँ ढालकर न बना लेना।\n"
      },
      {
        "tag": "s5",
        "nextChar": "\n",
        "type": "section"
      }
    ]
  },
  "18": {
    "verseObjects": [
      {
        "type": "text",
        "text": "“अख़मीरी रोटी का पर्व मानना। उसमें मेरी आज्ञा के अनुसार अबीब महीने के नियत समय पर सात दिन तक अख़मीरी रोटी खाया करना; क्योंकि तू मिस्र से अबीब महीने में निकल आया।\n"
      },
      {
        "tag": "s5",
        "nextChar": "\n",
        "type": "section"
      }
    ]
  },
  "19": {
    "verseObjects": [
      {
        "type": "text",
        "text": "हर एक पहलौठा मेरा है; और क्या बछड़ा, क्या मेम्‍ना, तेरे पशुओं में से जो नर पहलौठे हों वे सब मेरे ही हैं।\n"
      }
    ]
  },
  "20": {
    "verseObjects": [
      {
        "type": "text",
        "text": "और गदही के पहलौठे के बदले मेम्‍ना देकर उसको छुड़ाना, यदि तू उसे छुड़ाना न चाहे तो उसकी गर्दन तोड़ देना। परन्तु अपने सब पहलौठे बेटों को बदला देकर छुड़ाना। मुझे कोई खाली हाथ अपना मुँह न दिखाए।\n"
      },
      {
        "tag": "s5",
        "nextChar": "\n",
        "type": "section"
      }
    ]
  },
  "21": {
    "verseObjects": [
      {
        "type": "text",
        "text": "“छः दिन तो परिश्रम करना, परन्तु सातवें दिन विश्राम करना; वरन् हल जोतने और लवने के समय में भी विश्राम करना।\n"
      }
    ]
  },
  "22": {
    "verseObjects": [
      {
        "type": "text",
        "text": "और तू सप्ताहों का पर्व मानना जो पहले लवे हुए गेहूँ का पर्व कहलाता है, और वर्ष के अन्त में बटोरन का भी पर्व मानना।\n"
      },
      {
        "tag": "s5",
        "nextChar": "\n",
        "type": "section"
      }
    ]
  },
  "23": {
    "verseObjects": [
      {
        "type": "text",
        "text": "वर्ष में तीन बार तेरे सब पुरुष इस्राएल के परमेश्‍वर प्रभु यहोवा को अपने मुँह दिखाएँ।\n"
      }
    ]
  },
  "24": {
    "verseObjects": [
      {
        "type": "text",
        "text": "मैं तो अन्यजातियों को तेरे आगे से निकालकर तेरी सीमाओं को बढ़ाऊँगा; और जब तू अपने परमेश्‍वर यहोवा को अपना मुँह दिखाने के लिये वर्ष में तीन बार आया करे, तब कोई तेरी भूमि का लालच न करेगा।\n"
      },
      {
        "tag": "s5",
        "nextChar": "\n",
        "type": "section"
      }
    ]
  },
  "25": {
    "verseObjects": [
      {
        "type": "text",
        "text": "“मेरे बलिदान के लहू को ख़मीर सहित न चढ़ाना, और न फसह के पर्व के बलिदान में से कुछ सवेरे तक रहने देना।\n"
      }
    ]
  },
  "26": {
    "verseObjects": [
      {
        "type": "text",
        "text": "अपनी भूमि की पहली उपज का पहला भाग अपने परमेश्‍वर यहोवा के भवन में ले आना। बकरी के बच्चे को उसकी माँ के दूध में न पकाना।” \n"
      },
      {
        "tag": "s5",
        "nextChar": "\n",
        "type": "section"
      }
    ]
  },
  "27": {
    "verseObjects": [
      {
        "type": "text",
        "text": "और यहोवा ने मूसा से कहा, “ये वचन लिख ले; क्योंकि इन्हीं वचनों के अनुसार मैं तेरे और इस्राएल के साथ वाचा बाँधता हूँ।” \n"
      }
    ]
  },
  "28": {
    "verseObjects": [
      {
        "type": "text",
        "text": "मूसा तो वहाँ यहोवा के संग चालीस दिन और रात रहा; और तब तक न तो उसने रोटी खाई और न पानी पिया। और उसने उन तख्तियों पर वाचा के वचन अर्थात् दस आज्ञाएँ लिख दीं।\n"
      },
      {
        "tag": "s",
        "type": "section",
        "content": "मूसा का तेजस्वी चेहरा\n"
      },
      {
        "tag": "p",
        "nextChar": "\n",
        "type": "paragraph"
      },
      {
        "tag": "s5",
        "nextChar": "\n",
        "type": "section"
      }
    ]
  },
  "29": {
    "verseObjects": [
      {
        "type": "text",
        "text": "जब मूसा साक्षी की दोनों तख्तियाँ हाथ में लिये हुए सीनै पर्वत से उतरा आता था तब यहोवा के साथ बातें करने के कारण उसके चेहरे से किरणें निकल रही थीं*।, परन्तु वह यह नहीं जानता था कि उसके चेहरे से किरणें निकल रही हैं।\n"
      }
    ]
  },
  "30": {
    "verseObjects": [
      {
        "type": "text",
        "text": "जब हारून और सब इस्राएलियों ने मूसा को देखा कि उसके चेहरे से किरणें निकलती हैं, तब वे उसके पास जाने से डर गए।\n"
      }
    ]
  },
  "31": {
    "verseObjects": [
      {
        "type": "text",
        "text": "तब मूसा ने उनको बुलाया; और हारून मण्डली के सारे प्रधानों समेत उसके पास आया, और मूसा उनसे बातें करने लगा।\n"
      },
      {
        "tag": "s5",
        "nextChar": "\n",
        "type": "section"
      }
    ]
  },
  "32": {
    "verseObjects": [
      {
        "type": "text",
        "text": "इसके बाद सब इस्राएली पास आए, और जितनी आज्ञाएँ यहोवा ने सीनै पर्वत पर उसके साथ बात करने के समय दी थीं, वे सब उसने उन्हें बताईं।\n"
      }
    ]
  },
  "33": {
    "verseObjects": [
      {
        "type": "text",
        "text": "जब तक मूसा उनसे बात न कर चुका तब तक अपने मुँह पर ओढ़ना डाले रहा।\n"
      },
      {
        "tag": "s5",
        "nextChar": "\n",
        "type": "section"
      }
    ]
  },
  "34": {
    "verseObjects": [
      {
        "type": "text",
        "text": "और जब-जब मूसा भीतर यहोवा से बात करने को उसके सामने जाता तब-तब वह उस ओढ़नी को निकलते समय तक उतारे हुए रहता था; फिर बाहर आकर जो-जो आज्ञा उसे मिलती उन्हें इस्राएलियों से कह देता था।\n"
      }
    ]
  },
  "35": {
    "verseObjects": [
      {
        "type": "text",
        "text": "इस्राएली मूसा का चेहरा देखते थे कि उससे किरणें निकलती हैं; और जब तक वह यहोवा से बात करने को भीतर न जाता तब तक वह उस ओढ़नी को डाले रहता था।\n\n"
      },
      {
        "tag": "s5",
        "nextChar": "\n",
        "type": "section"
      }
    ]
  },
  "front": {
    "verseObjects": [
      {
        "tag": "s",
        "type": "section",
        "content": "दो नई तख्तियाँ\n"
      },
      {
        "tag": "p",
        "nextChar": "\n",
        "type": "paragraph"
      }
    ]
  }
}