{
  "1": {
    "verseObjects": [
      {
        "type": "text",
        "text": "“बसलेल और ओहोलीआब और सब बुद्धिमान जिनको यहोवा ने ऐसी बुद्धि और समझ दी हो, कि वे यहोवा की सारी आज्ञाओं के अनुसार पवित्रस्‍थान की सेवकाई के लिये सब प्रकार का काम करना जानें, वे सब यह काम करें।” \n"
      },
      {
        "tag": "s",
        "type": "section",
        "text": "लोगों का पर्याप्त से अधिक देना\n"
      },
      {
        "tag": "p",
        "type": "paragraph",
        "text": "\n"
      },
      {
        "tag": "s5",
        "type": "section",
        "text": "\n"
      }
    ]
  },
  "2": {
    "verseObjects": [
      {
        "type": "text",
        "text": "तब मूसा ने बसलेल और ओहोलीआब और सब बुद्धिमानों को जिनके हृदय में यहोवा ने बुद्धि का प्रकाश दिया था, अर्थात् जिस-जिस को पास आकर काम करने का उत्साह हुआ था उन सभी को बुलवाया।\n"
      }
    ]
  },
  "3": {
    "verseObjects": [
      {
        "type": "text",
        "text": "और इस्राएली जो-जो भेंट पवित्रस्‍थान की सेवकाई के काम और उसके बनाने के लिये ले आए थे, उन्हें उन पुरुषों ने मूसा के हाथ से ले लिया। तब भी लोग प्रति भोर को उसके पास भेंट अपनी इच्छा से लाते रहे;\n"
      }
    ]
  },
  "4": {
    "verseObjects": [
      {
        "type": "text",
        "text": "और जितने बुद्धिमान पवित्रस्‍थान का काम करते थे वे सब अपना-अपना काम छोड़कर मूसा के पास आए,\n"
      },
      {
        "tag": "s5",
        "type": "section",
        "text": "\n"
      }
    ]
  },
  "5": {
    "verseObjects": [
      {
        "type": "text",
        "text": "और कहने लगे, “जिस काम के करने की आज्ञा यहोवा ने दी है उसके लिये जितना चाहिये उससे अधिक वे ले आए हैं।” \n"
      }
    ]
  },
  "6": {
    "verseObjects": [
      {
        "type": "text",
        "text": "तब मूसा ने सारी छावनी में इस आज्ञा का प्रचार करवाया, “क्या पुरुष, क्या स्त्री, कोई पवित्रस्‍थान के लिये और भेंट न लाए।” इस प्रकार लोग और भेंट लाने से रोके गए।\n"
      }
    ]
  },
  "7": {
    "verseObjects": [
      {
        "type": "text",
        "text": "क्योंकि सब काम बनाने के लिये जितना सामान आवश्यक था उतना वरन् उससे अधिक बनानेवालों के पास आ चुका था।\n"
      },
      {
        "tag": "s",
        "type": "section",
        "text": "निवास-स्थान का निर्माण\n"
      },
      {
        "tag": "p",
        "type": "paragraph",
        "text": "\n"
      },
      {
        "tag": "s5",
        "type": "section",
        "text": "\n"
      }
    ]
  },
  "8": {
    "verseObjects": [
      {
        "type": "text",
        "text": "और काम करनेवाले जितने बुद्धिमान थे* उन्होंने निवास के लिये बटी हुई सूक्ष्म सनी के कपड़े के, और नीले, बैंगनी और लाल रंग के कपड़े के दस परदों को काढ़े हुए करूबों सहित बनाया।\n"
      }
    ]
  },
  "9": {
    "verseObjects": [
      {
        "type": "text",
        "text": "एक-एक परदे की लम्बाई अट्ठाईस हाथ और चौड़ाई चार हाथ की हुई; सब परदे एक ही नाप के बने।\n"
      }
    ]
  },
  "10": {
    "verseObjects": [
      {
        "type": "text",
        "text": "उसने पाँच परदे एक दूसरे से जोड़ दिए, और फिर दूसरे पाँच परदे भी एक दूसरे से जोड़ दिए।\n"
      },
      {
        "tag": "s5",
        "type": "section",
        "text": "\n"
      }
    ]
  },
  "11": {
    "verseObjects": [
      {
        "type": "text",
        "text": "और जहाँ ये परदे जोड़े गए वहाँ की दोनों छोरों पर उसने नीले-नीले फंदे लगाए।\n"
      }
    ]
  },
  "12": {
    "verseObjects": [
      {
        "type": "text",
        "text": "उसने दोनों छोरों में पचास-पचास फंदे इस प्रकार लगाए कि वे एक दूसरे के सामने थे।\n"
      }
    ]
  },
  "13": {
    "verseObjects": [
      {
        "type": "text",
        "text": "और उसने सोने की पचास अंकड़े बनाए, और उनके द्वारा परदों को एक दूसरे से ऐसा जोड़ा कि निवास मिलकर एक हो गया।\n"
      },
      {
        "tag": "s5",
        "type": "section",
        "text": "\n"
      }
    ]
  },
  "14": {
    "verseObjects": [
      {
        "type": "text",
        "text": "फिर निवास के ऊपर के तम्बू के लिये उसने बकरी के बाल के ग्यारह परदे बनाए।\n"
      }
    ]
  },
  "15": {
    "verseObjects": [
      {
        "type": "text",
        "text": "एक-एक परदे की लम्बाई तीस हाथ और चौड़ाई चार हाथ की हुई; और ग्यारहों परदे एक ही नाप के थे।\n"
      }
    ]
  },
  "16": {
    "verseObjects": [
      {
        "type": "text",
        "text": "इनमें से उसने पाँच परदे अलग और छः परदे अलग जोड़ दिए।\n"
      }
    ]
  },
  "17": {
    "verseObjects": [
      {
        "type": "text",
        "text": "और जहाँ दोनों जोड़े गए वहाँ की छोरों में उसने पचास-पचास फंदे लगाए।\n"
      },
      {
        "tag": "s5",
        "type": "section",
        "text": "\n"
      }
    ]
  },
  "18": {
    "verseObjects": [
      {
        "type": "text",
        "text": "और उसने तम्बू के जोड़ने के लिये पीतल की पचास अंकड़े भी बनाए जिससे वह एक हो जाए।\n"
      }
    ]
  },
  "19": {
    "verseObjects": [
      {
        "type": "text",
        "text": "और उसने तम्बू के लिये लाल रंग से रंगी हुई मेढ़ों की खालों का एक ओढ़ना और उसके ऊपर के लिये सुइसों की खालों का एक ओढ़ना बनाया।\n"
      },
      {
        "tag": "s5",
        "type": "section",
        "text": "\n"
      }
    ]
  },
  "20": {
    "verseObjects": [
      {
        "type": "text",
        "text": "फिर उसने निवास के लिये बबूल की लकड़ी के तख्तों को खड़े रहने के लिये बनाया।\n"
      }
    ]
  },
  "21": {
    "verseObjects": [
      {
        "type": "text",
        "text": "एक-एक तख्ते की लम्बाई दस हाथ और चौड़ाई डेढ़ हाथ की हुई।\n"
      }
    ]
  },
  "22": {
    "verseObjects": [
      {
        "type": "text",
        "text": "एक-एक तख्ते में एक दूसरी से जोड़ी हुई दो-दो चूलें बनीं, निवास के सब तख्तों के लिये उसने इसी भाँति बनाया।\n"
      }
    ]
  },
  "23": {
    "verseObjects": [
      {
        "type": "text",
        "text": "और उसने निवास के लिये तख्तों को इस रीति से बनाया कि दक्षिण की ओर बीस तख्ते लगे।\n"
      },
      {
        "tag": "s5",
        "type": "section",
        "text": "\n"
      }
    ]
  },
  "24": {
    "verseObjects": [
      {
        "type": "text",
        "text": "और इन बीसों तख्तो के नीचे चाँदी की चालीस कुर्सियाँ, अर्थात् एक-एक तख्ते के नीचे उसकी दो चूलों के लिये उसने दो कुर्सियाँ बनाईं।\n"
      }
    ]
  },
  "25": {
    "verseObjects": [
      {
        "type": "text",
        "text": "और निवास की दूसरी ओर, अर्थात् उत्तर की ओर के लिये भी उसने बीस तख्ते बनाए।\n"
      }
    ]
  },
  "26": {
    "verseObjects": [
      {
        "type": "text",
        "text": "और इनके लिये भी उसने चाँदी की चालीस कुर्सियाँ, अर्थात् एक-एक तख्ते के नीचे दो-दो कुर्सियाँ बनाईं।\n"
      },
      {
        "tag": "s5",
        "type": "section",
        "text": "\n"
      }
    ]
  },
  "27": {
    "verseObjects": [
      {
        "type": "text",
        "text": "और निवास की पिछली ओर, अर्थात् पश्चिम ओर के लिये उसने छः तख्ते बनाए।\n"
      }
    ]
  },
  "28": {
    "verseObjects": [
      {
        "type": "text",
        "text": "और पिछले भाग में निवास के कोनों के लिये उसने दो तख्ते बनाए।\n"
      },
      {
        "tag": "s5",
        "type": "section",
        "text": "\n"
      }
    ]
  },
  "29": {
    "verseObjects": [
      {
        "type": "text",
        "text": "और वे नीचे से दो-दो भाग के बने, और दोनों भाग ऊपर के सिरे तक एक-एक कड़े में मिलाये गए; उसने उन दोनों तख्तों का आकार ऐसा ही बनाया।\n"
      }
    ]
  },
  "30": {
    "verseObjects": [
      {
        "type": "text",
        "text": "इस प्रकार आठ तख्ते हुए, और उनकी चाँदी की सोलह कुर्सियाँ हुईं, अर्थात् एक-एक तख्ते के नीचे दो-दो कुर्सियाँ हुईं।\n"
      },
      {
        "tag": "s5",
        "type": "section",
        "text": "\n"
      }
    ]
  },
  "31": {
    "verseObjects": [
      {
        "type": "text",
        "text": "फिर उसने बबूल की लकड़ी के बेंड़े बनाए, अर्थात् निवास की एक ओर के तख्तों के लिये पाँच बेंड़े,\n"
      }
    ]
  },
  "32": {
    "verseObjects": [
      {
        "type": "text",
        "text": "और निवास की दूसरी ओर के तख्तों के लिये पाँच बेंड़े, और निवास का जो किनारा पश्चिम की ओर पिछले भाग में था उसके लिये भी पाँच बेंड़े, बनाए।\n"
      }
    ]
  },
  "33": {
    "verseObjects": [
      {
        "type": "text",
        "text": "और उसने बीचवाले बेंड़े को तख्तों के मध्य में तम्बू के एक सिरे से दूसरे सिरे तक पहुँचने के लिये बनाया।\n"
      }
    ]
  },
  "34": {
    "verseObjects": [
      {
        "type": "text",
        "text": "और तख्तों को उसने सोने से मढ़ा, और बेंड़ों के घर को काम देनेवाले कड़ों को सोने के बनाया, और बेंड़ों को भी सोने से मढ़ा।\n"
      },
      {
        "tag": "s5",
        "type": "section",
        "text": "\n"
      }
    ]
  },
  "35": {
    "verseObjects": [
      {
        "type": "text",
        "text": "फिर उसने नीले, बैंगनी और लाल रंग के कपड़े का, और बटी हुई सूक्ष्म सनीवाले कपड़े का बीचवाला परदा बनाया; वह कढ़ाई के काम किये हुए करूबों के साथ बना।\n"
      }
    ]
  },
  "36": {
    "verseObjects": [
      {
        "type": "text",
        "text": "और उसने उसके लिये बबूल के चार खम्भे बनाए, और उनको सोने से मढ़ा; उनकी घुंडियाँ सोने की बनीं, और उसने उनके लिये चाँदी की चार कुर्सियाँ ढालीं।\n"
      },
      {
        "tag": "s5",
        "type": "section",
        "text": "\n"
      }
    ]
  },
  "37": {
    "verseObjects": [
      {
        "type": "text",
        "text": "उसने तम्बू के द्वार के लिये भी नीले, बैंगनी और लाल रंग के कपड़े का, और बटी हुई सूक्ष्म सनी के कपड़े का कढ़ाई का काम किया हुआ परदा बनाया।\n"
      }
    ]
  },
  "38": {
    "verseObjects": [
      {
        "type": "text",
        "text": "और उसने घुंडियों समेत उसके पाँच खम्भे भी बनाए, और उनके सिरों और जोड़ने की छड़ों को सोने से मढ़ा, और उनकी पाँच कुर्सियाँ पीतल की बनाईं।\n\n"
      },
      {
        "tag": "s5",
        "type": "section",
        "text": "\n"
      }
    ]
  },
  "front": {
    "verseObjects": [
      {
        "tag": "p",
        "type": "paragraph",
        "text": "\n"
      }
    ]
  }
}