{
  "1": {
    "verseObjects": [
      {
        "type": "text",
        "text": "फिर बसलेल ने बबूल की लकड़ी का सन्दूक* बनाया; उसकी लम्बाई ढाई हाथ, चौड़ाई डेढ़ हाथ, और ऊँचाई डेढ़ हाथ की थी।\n"
      }
    ]
  },
  "2": {
    "verseObjects": [
      {
        "type": "text",
        "text": "उसने उसको भीतर बाहर शुद्ध सोने से मढ़ा, और उसके चारों ओर सोने की बाड़ बनाई।\n"
      }
    ]
  },
  "3": {
    "verseObjects": [
      {
        "type": "text",
        "text": "और उसके चारों पायों पर लगाने को उसने सोने के चार कड़े ढाले, दो कड़े एक ओर और दो कड़े दूसरी ओर लगे।\n"
      },
      {
        "tag": "s5",
        "type": "section",
        "text": "\n"
      }
    ]
  },
  "4": {
    "verseObjects": [
      {
        "type": "text",
        "text": "फिर उसने बबूल के डंडे बनाए, और उन्हें सोने से मढ़ा,\n"
      }
    ]
  },
  "5": {
    "verseObjects": [
      {
        "type": "text",
        "text": "और उनको सन्दूक के दोनों ओर के कड़ों में डाला कि उनके बल सन्दूक उठाया जाए।\n"
      }
    ]
  },
  "6": {
    "verseObjects": [
      {
        "type": "text",
        "text": "फिर उसने शुद्ध सोने के प्रायश्चितवाले ढकने को बनाया; उसकी लम्बाई ढाई हाथ और चौड़ाई डेढ़ हाथ की थी।\n"
      },
      {
        "tag": "s5",
        "type": "section",
        "text": "\n"
      }
    ]
  },
  "7": {
    "verseObjects": [
      {
        "type": "text",
        "text": "और उसने सोना गढ़कर दो करूब प्रायश्चित के ढकने के दोनों सिरों पर बनाए;\n"
      }
    ]
  },
  "8": {
    "verseObjects": [
      {
        "type": "text",
        "text": "एक करूब तो एक सिरे पर, और दूसरा करूब दूसरे सिरे पर बना; उसने उनको प्रायश्चित के ढकने के साथ एक ही टुकड़े के दोनों सिरों पर बनाया।\n"
      }
    ]
  },
  "9": {
    "verseObjects": [
      {
        "type": "text",
        "text": "और करूबों के पंख ऊपर से फैले हुए बने, और उन पंखों से प्रायश्चित का ढकना ढपा हुआ बना, और उनके मुख आमने-सामने और प्रायश्चित के ढकने की ओर किए हुए बने।\n"
      },
      {
        "tag": "s",
        "type": "section",
        "text": "पवित्र मेज का बनाया जाना\n"
      },
      {
        "tag": "p",
        "type": "paragraph",
        "text": "\n"
      },
      {
        "tag": "s5",
        "type": "section",
        "text": "\n"
      }
    ]
  },
  "10": {
    "verseObjects": [
      {
        "type": "text",
        "text": "फिर उसने बबूल की लकड़ी की मेज को बनाया; उसकी लम्बाई दो हाथ, चौड़ाई एक हाथ, और ऊँचाई डेढ़ हाथ की थी;\n"
      }
    ]
  },
  "11": {
    "verseObjects": [
      {
        "type": "text",
        "text": "और उसने उसको शुद्ध सोने से मढ़ा, और उसमें चारों ओर शुद्ध सोने की एक बाड़ बनाई।\n"
      }
    ]
  },
  "12": {
    "verseObjects": [
      {
        "type": "text",
        "text": "और उसने उसके लिये चार अंगुल चौड़ी एक पटरी, और इस पटरी के लिये चारों ओर सोने की एक बाड़ बनाई।\n"
      }
    ]
  },
  "13": {
    "verseObjects": [
      {
        "type": "text",
        "text": "और उसने मेज के लिये सोने के चार कड़े ढालकर उन चारों कोनों में लगाया, जो उसके चारों पायों पर थे।\n"
      },
      {
        "tag": "s5",
        "type": "section",
        "text": "\n"
      }
    ]
  },
  "14": {
    "verseObjects": [
      {
        "type": "text",
        "text": "वे कड़े पटरी के पास मेज उठाने के डंडों के खानों का काम देने को बने।\n"
      }
    ]
  },
  "15": {
    "verseObjects": [
      {
        "type": "text",
        "text": "और उसने मेज उठाने के लिये डंडों को बबूल की लकड़ी के बनाया, और सोने से मढ़ा।\n"
      }
    ]
  },
  "16": {
    "verseObjects": [
      {
        "type": "text",
        "text": "और उसने मेज पर का सामान अर्थात् परात, धूपदान, कटोरे, और उण्डेलने के बर्तन सब शुद्ध सोने के बनाए।\n"
      },
      {
        "tag": "s",
        "type": "section",
        "text": "सोने की दीवट का बनाया जाना\n"
      },
      {
        "tag": "p",
        "type": "paragraph",
        "text": "\n"
      },
      {
        "tag": "s5",
        "type": "section",
        "text": "\n"
      }
    ]
  },
  "17": {
    "verseObjects": [
      {
        "type": "text",
        "text": "फिर उसने शुद्ध सोना गढ़कर पाए और डंडी समेत दीवट को बनाया*; उसके पुष्पकोष, गाँठ, और फूल सब एक ही टुकड़े के बने।\n"
      }
    ]
  },
  "18": {
    "verseObjects": [
      {
        "type": "text",
        "text": "और दीवट से निकली हुई छः डालियाँ बनीं; तीन डालियाँ तो उसकी एक ओर से और तीन डालियाँ उसकी दूसरी ओर से निकली हुई बनीं।\n"
      }
    ]
  },
  "19": {
    "verseObjects": [
      {
        "type": "text",
        "text": "एक-एक डाली में बादाम के फूल के सरीखे तीन-तीन पुष्पकोष, एक-एक गाँठ, और एक-एक फूल बना; दीवट से निकली हुई, उन छहों डालियों का यही आकार हुआ।\n"
      },
      {
        "tag": "s5",
        "type": "section",
        "text": "\n"
      }
    ]
  },
  "20": {
    "verseObjects": [
      {
        "type": "text",
        "text": "और दीवट की डंडी में बादाम के फूल के समान अपनी-अपनी गाँठ और फूल समेत चार पुष्पकोष बने।\n"
      }
    ]
  },
  "21": {
    "verseObjects": [
      {
        "type": "text",
        "text": "और दीवट से निकली हुई छहों डालियों में से दो-दो डालियों के नीचे एक-एक गाँठ दीवट के साथ एक ही टुकड़े की बनी।\n"
      }
    ]
  },
  "22": {
    "verseObjects": [
      {
        "type": "text",
        "text": "गाँठें और डालियाँ सब दीवट के साथ एक ही टुकड़े की बनीं; सारा दीवट गढ़े हुए शुद्ध सोने का और एक ही टुकड़े का बना।\n"
      },
      {
        "tag": "s5",
        "type": "section",
        "text": "\n"
      }
    ]
  },
  "23": {
    "verseObjects": [
      {
        "type": "text",
        "text": "और उसने दीवट के सातों दीपक, और गुलतराश, और गुलदान, शुद्ध सोने के बनाए।\n"
      }
    ]
  },
  "24": {
    "verseObjects": [
      {
        "type": "text",
        "text": "उसने सारे सामान समेत दीवट को किक्कार भर सोने का बनाया।\n"
      },
      {
        "tag": "s",
        "type": "section",
        "text": "धूप वेदी का बनाया जाना\n"
      },
      {
        "tag": "p",
        "type": "paragraph",
        "text": "\n"
      },
      {
        "tag": "s5",
        "type": "section",
        "text": "\n"
      }
    ]
  },
  "25": {
    "verseObjects": [
      {
        "type": "text",
        "text": "फिर उसने बबूल की लकड़ी की धूप वेदी भी बनाई; उसकी लम्बाई एक हाथ और चौड़ाई एक हाथ की थी; वह चौकोर बनी, और उसकी ऊँचाई दो हाथ की थी; और उसके सींग उसके साथ बिना जोड़ के बने थे\n"
      }
    ]
  },
  "26": {
    "verseObjects": [
      {
        "type": "text",
        "text": "ऊपरवाले पल्लों, और चारों ओर के बाजुओं और सींगों समेत उसने उस वेदी को शुद्ध सोने से मढ़ा; और उसके चारों ओर सोने की एक बाड़ बनाई,\n"
      },
      {
        "tag": "s5",
        "type": "section",
        "text": "\n"
      }
    ]
  },
  "27": {
    "verseObjects": [
      {
        "type": "text",
        "text": "और उस बाड़ के नीचे उसके दोनों पल्लों पर उसने सोने के दो कड़े बनाए, जो उसके उठाने के डंडों के खानों का काम दें।\n"
      }
    ]
  },
  "28": {
    "verseObjects": [
      {
        "type": "text",
        "text": "और डंडों को उसने बबूल की लकड़ी का बनाया, और सोने से मढ़ा।\n"
      }
    ]
  },
  "29": {
    "verseObjects": [
      {
        "type": "text",
        "text": "और उसने अभिषेक का पवित्र तेल, और सुगन्ध-द्रव्य का धूप गंधी की रीति के अनुसार बनाया।\n\n"
      },
      {
        "tag": "s5",
        "type": "section",
        "text": "\n"
      }
    ]
  },
  "front": {
    "verseObjects": [
      {
        "tag": "s",
        "type": "section",
        "text": "साक्षीपत्र का सन्दूक बनाया जाना\n"
      },
      {
        "tag": "p",
        "type": "paragraph",
        "text": "\n"
      }
    ]
  }
}