{
  "1": {
    "verseObjects": [
      {
        "type": "text",
        "text": "फिर उसने बबूल की लकड़ी की होमबलि के लिये वेदी भी बनाई; उसकी लम्बाई पाँच हाथ और चौड़ाई पाँच हाथ की थी; इस प्रकार से वह चौकोर बनी, और ऊँचाई तीन हाथ की थी।\n"
      }
    ]
  },
  "2": {
    "verseObjects": [
      {
        "type": "text",
        "text": "और उसने उसके चारों कोनों पर उसके चार सींग बनाए, वे उसके साथ बिना जोड़ के बने; और उसने उसको पीतल से मढ़ा।\n"
      }
    ]
  },
  "3": {
    "verseObjects": [
      {
        "type": "text",
        "text": "और उसने वेदी का सारा सामान, अर्थात् उसकी हाँडियों, फावड़ियों, कटोरों, काँटों, और करछों को बनाया। उसका सारा सामान उसने पीतल का बनाया।\n"
      },
      {
        "tag": "s5",
        "nextChar": "\n",
        "type": "section"
      }
    ]
  },
  "4": {
    "verseObjects": [
      {
        "type": "text",
        "text": "और वेदी के लिये उसके चारों ओर की कँगनी के तले उसने पीतल की जाली की एक झंझरी बनाई, वह नीचे से वेदी की ऊँचाई के मध्य तक पहुँची।\n"
      }
    ]
  },
  "5": {
    "verseObjects": [
      {
        "type": "text",
        "text": "और उसने पीतल की झंझरी के चारों कोनों के लिये चार कड़े ढाले, जो डंडों के खानों का काम दें।\n"
      },
      {
        "tag": "s5",
        "nextChar": "\n",
        "type": "section"
      }
    ]
  },
  "6": {
    "verseObjects": [
      {
        "type": "text",
        "text": "फिर उसने डंडों को बबूल की लकड़ी का बनाया, और पीतल से मढ़ा।\n"
      }
    ]
  },
  "7": {
    "verseObjects": [
      {
        "type": "text",
        "text": "तब उसने डंडों को वेदी की ओर के कड़ों में वेदी के उठाने के लिये डाल दिया। वेदी को उसने तख्तों से खोखली बनाया।\n"
      },
      {
        "tag": "s",
        "type": "section",
        "content": "पीतल की हौदी\n"
      },
      {
        "tag": "p",
        "nextChar": "\n",
        "type": "paragraph"
      },
      {
        "tag": "s5",
        "nextChar": "\n",
        "type": "section"
      }
    ]
  },
  "8": {
    "verseObjects": [
      {
        "type": "text",
        "text": "उसने हौदी और उसका पाया दोनों पीतल के बनाए, यह मिलापवाले तम्बू के द्वार पर सेवा करनेवाली महिलाओं* के पीतल के दर्पणों के लिये बनाए गए।\n"
      },
      {
        "tag": "s",
        "type": "section",
        "content": "पवित्रस्‍थान का आँगन\n"
      },
      {
        "tag": "p",
        "nextChar": "\n",
        "type": "paragraph"
      },
      {
        "tag": "s5",
        "nextChar": "\n",
        "type": "section"
      }
    ]
  },
  "9": {
    "verseObjects": [
      {
        "type": "text",
        "text": "फिर उसने आँगन बनाया; और दक्षिण की ओर के लिये आँगन के पर्दे बटी हुई सूक्ष्म सनी के कपड़े के थे, और सब मिलाकर सौ हाथ लम्बे थे;\n"
      }
    ]
  },
  "10": {
    "verseObjects": [
      {
        "type": "text",
        "text": "उनके लिये बीस खम्भे, और इनकी पीतल की बीस कुर्सियाँ बनीं; और खम्भों की घुंडियाँ और जोड़ने की छड़ें चाँदी की बनीं।\n"
      },
      {
        "tag": "s5",
        "nextChar": "\n",
        "type": "section"
      }
    ]
  },
  "11": {
    "verseObjects": [
      {
        "type": "text",
        "text": "और उत्तर की ओर के लिये भी सौ हाथ लम्बे पर्दे बने; और उनके लिये बीस खम्भे, और इनकी पीतल की बीस ही कुर्सियाँ बनीं, और खम्भों की घुंडियाँ और जोड़ने की छड़ें चाँदी की बनीं।\n"
      }
    ]
  },
  "12": {
    "verseObjects": [
      {
        "type": "text",
        "text": "और पश्चिम की ओर के लिये सब पर्दे मिलाकर पचास हाथ के थे; उनके लिए दस खम्भे, और दस ही उनकी कुर्सियाँ थीं, और खम्भों की घुंडियाँ और जोड़ने की छड़ें चाँदी की थीं।\n"
      },
      {
        "tag": "s5",
        "nextChar": "\n",
        "type": "section"
      }
    ]
  },
  "13": {
    "verseObjects": [
      {
        "type": "text",
        "text": "और पूरब की ओर भी वह पचास हाथ के थे।\n"
      }
    ]
  },
  "14": {
    "verseObjects": [
      {
        "type": "text",
        "text": "आँगन के द्वार के एक ओर के लिये पन्द्रह हाथ के पर्दे बने; और उनके लिये तीन खम्भे और तीन कुर्सियाँ थीं।\n"
      }
    ]
  },
  "15": {
    "verseObjects": [
      {
        "type": "text",
        "text": "और आँगन के द्वार के दूसरी ओर भी वैसा ही बना था; और आँगन के दरवाज़े के इधर और उधर पन्द्रह-पन्द्रह हाथ के पर्दे बने थे; और उनके लिये तीन ही तीन खम्भे, और तीन ही तीन इनकी कुर्सियाँ भी थीं।\n"
      }
    ]
  },
  "16": {
    "verseObjects": [
      {
        "type": "text",
        "text": "आँगन की चारों ओर सब पर्दे सूक्ष्म बटी हुई सनी के कपड़े के बने हुए थे।\n"
      },
      {
        "tag": "s5",
        "nextChar": "\n",
        "type": "section"
      }
    ]
  },
  "17": {
    "verseObjects": [
      {
        "type": "text",
        "text": "और खम्भों की कुर्सियाँ पीतल की, और घुंडियाँ और छड़ें चाँदी की बनीं, और उनके सिरे चाँदी से मढ़े गए, और आँगन के सब खम्भे चाँदी के छड़ों से जोड़े गए थे।\n"
      }
    ]
  },
  "18": {
    "verseObjects": [
      {
        "type": "text",
        "text": "आँगन के द्वार के पर्दे पर बेलबूटे का काम किया हुआ था, और वह नीले, बैंगनी और लाल रंग के कपड़े का; और सूक्ष्म बटी हुई सनी के कपड़े के बने थे; और उसकी लम्बाई बीस हाथ की थी, और उसकी ऊँचाई आँगन की कनात की चौड़ाई के सामान पाँच हाथ की बनी।\n"
      }
    ]
  },
  "19": {
    "verseObjects": [
      {
        "type": "text",
        "text": "और उनके लिये चार खम्भे, और खम्भों की चार ही कुर्सियाँ पीतल की बनीं, उनकी घुंडियाँ चाँदी की बनीं, और उनके सिरे चाँदी से मढ़े गए, और उनकी छड़ें चाँदी की बनीं।\n"
      }
    ]
  },
  "20": {
    "verseObjects": [
      {
        "type": "text",
        "text": "और निवास और आँगन के चारों ओर के सब खूँटे पीतल के बने थे।\n"
      },
      {
        "tag": "s",
        "type": "section",
        "content": "धातुओं का विवरण\n"
      },
      {
        "tag": "p",
        "nextChar": "\n",
        "type": "paragraph"
      },
      {
        "tag": "s5",
        "nextChar": "\n",
        "type": "section"
      }
    ]
  },
  "21": {
    "verseObjects": [
      {
        "type": "text",
        "text": "साक्षीपत्र के निवास का सामान जो लेवियों के सेवा कार्य के लिये बना; और जिसकी गिनती हारून याजक के पुत्र ईतामार के द्वारा मूसा के कहने से हुई थी, उसका वर्णन यह है।\n"
      }
    ]
  },
  "22": {
    "verseObjects": [
      {
        "type": "text",
        "text": "जिस-जिस वस्तु के बनाने की आज्ञा यहोवा ने मूसा को दी थी उसको यहूदा के गोत्रवाले बसलेल ने, जो हूर का पोता और ऊरी का पुत्र था, बना दिया।\n"
      }
    ]
  },
  "23": {
    "verseObjects": [
      {
        "type": "text",
        "text": "और उसके संग दान के गोत्रवाले, अहीसामाक का पुत्र, ओहोलीआब था, जो नक्काशी करने और काढ़नेवाला और नीले, बैंगनी और लाल रंग के और सूक्ष्म सनी के कपड़े में कढ़ाई करनेवाला निपुण कारीगर था।\n"
      },
      {
        "tag": "s5",
        "nextChar": "\n",
        "type": "section"
      }
    ]
  },
  "24": {
    "verseObjects": [
      {
        "type": "text",
        "text": "पवित्रस्‍थान के सारे काम में जो भेंट का सोना लगा वह पवित्रस्‍थान के शेकेल के हिसाब से उनतीस किक्कार, और सात सौ तीस शेकेल था।\n"
      }
    ]
  },
  "25": {
    "verseObjects": [
      {
        "type": "text",
        "text": "और मण्डली के गिने हुए लोगों की भेंट की चाँदी पवित्रस्‍थान के शेकेल के हिसाब से सौ किक्कार, और सत्तरह सौ पचहत्तर शेकेल थी।\n"
      }
    ]
  },
  "26": {
    "verseObjects": [
      {
        "type": "text",
        "text": "अर्थात् जितने बीस वर्ष के और उससे अधिक आयु के गिने गए थे, वे छः लाख तीन हजार साढ़े पाँच सौ पुरुष थे, और एक-एक जन की ओर से पवित्रस्‍थान के शेकेल के अनुसार आधा शेकेल, जो एक बेका होता है, मिला।\n"
      },
      {
        "tag": "s5",
        "nextChar": "\n",
        "type": "section"
      }
    ]
  },
  "27": {
    "verseObjects": [
      {
        "type": "text",
        "text": "और वह सौ किक्कार चाँदी पवित्रस्‍थान और बीचवाले पर्दे दोनों की कुर्सियों के ढालने में लग गई; सौ किक्कार से सौ कुर्सियाँ बनीं, एक-एक कुर्सी एक किक्कार की बनी।\n"
      }
    ]
  },
  "28": {
    "verseObjects": [
      {
        "type": "text",
        "text": "और सत्तरह सौ पचहत्तर शेकेल जो बच गए उनसे खम्भों की घुंडियाँ बनाई गईं, और खम्भों की चोटियाँ मढ़ी गईं, और उनकी छड़ें भी बनाई गईं।\n"
      }
    ]
  },
  "29": {
    "verseObjects": [
      {
        "type": "text",
        "text": "और भेंट का पीतल सत्तर किक्कार और दो हजार चार सौ शेकेल था;\n"
      },
      {
        "tag": "s5",
        "nextChar": "\n",
        "type": "section"
      }
    ]
  },
  "30": {
    "verseObjects": [
      {
        "type": "text",
        "text": "इससे मिलापवाले तम्बू के द्वार की कुर्सियाँ, और पीतल की वेदी, पीतल की झंझरी, और वेदी का सारा सामान;\n"
      }
    ]
  },
  "31": {
    "verseObjects": [
      {
        "type": "text",
        "text": "और आँगन के चारों ओर की कुर्सियाँ, और उसके द्वार की कुर्सियाँ, और निवास, और आँगन के चारों ओर के खूँटे भी बनाए गए।\n\n"
      },
      {
        "tag": "s5",
        "nextChar": "\n",
        "type": "section"
      }
    ]
  },
  "front": {
    "verseObjects": [
      {
        "tag": "s",
        "type": "section",
        "content": "होमबलि की वेदी\n"
      },
      {
        "tag": "p",
        "nextChar": "\n",
        "type": "paragraph"
      }
    ]
  }
}