{
  "1": {
    "verseObjects": [
      {
        "type": "text",
        "text": "फिर यहोवा ने मूसा से कहा,\n"
      }
    ]
  },
  "2": {
    "verseObjects": [
      {
        "type": "text",
        "text": "“पहले महीने के पहले दिन को तू मिलापवाले तम्बू के निवास को खड़ा कर देना।\n"
      },
      {
        "tag": "s5",
        "nextChar": "\n",
        "type": "section"
      }
    ]
  },
  "3": {
    "verseObjects": [
      {
        "type": "text",
        "text": "और उसमें साक्षीपत्र के सन्दूक को रखकर बीचवाले पर्दे की ओट में कर देना।\n"
      }
    ]
  },
  "4": {
    "verseObjects": [
      {
        "type": "text",
        "text": "और मेज को भीतर ले जाकर जो कुछ उस पर सजाना है उसे सजा देना; तब दीवट को भीतर ले जाकर उसके दीपकों को जला देना।\n"
      },
      {
        "tag": "s5",
        "nextChar": "\n",
        "type": "section"
      }
    ]
  },
  "5": {
    "verseObjects": [
      {
        "type": "text",
        "text": "और साक्षीपत्र के सन्दूक के सामने सोने की वेदी को जो धूप के लिये है उसे रखना, और निवास के द्वार के पर्दे को लगा देना।\n"
      }
    ]
  },
  "6": {
    "verseObjects": [
      {
        "type": "text",
        "text": "और मिलापवाले तम्बू के निवास के द्वार के सामने होमवेदी को रखना।\n"
      }
    ]
  },
  "7": {
    "verseObjects": [
      {
        "type": "text",
        "text": "और मिलापवाले तम्बू और वेदी के बीच हौदी को रखकर उसमें जल भरना।\n"
      },
      {
        "tag": "s5",
        "nextChar": "\n",
        "type": "section"
      }
    ]
  },
  "8": {
    "verseObjects": [
      {
        "type": "text",
        "text": "और चारों ओर के आँगन की कनात को खड़ा करना, और उस आँगन के द्वार पर पर्दे को लटका देना।\n"
      }
    ]
  },
  "9": {
    "verseObjects": [
      {
        "type": "text",
        "text": "और अभिषेक का तेल लेकर निवास का और जो कुछ उसमें होगा सब कुछ का अभिषेक करना, और सारे सामान समेत उसको पवित्र करना; तब वह पवित्र ठहरेगा।\n"
      }
    ]
  },
  "10": {
    "verseObjects": [
      {
        "type": "text",
        "text": "सब सामान समेत होमवेदी का अभिषेक करके उसको पवित्र करना; तब वह परमपवित्र ठहरेगी।\n"
      }
    ]
  },
  "11": {
    "verseObjects": [
      {
        "type": "text",
        "text": "पाए समेत हौदी का भी अभिषेक करके उसे पवित्र करना।\n"
      },
      {
        "tag": "s5",
        "nextChar": "\n",
        "type": "section"
      }
    ]
  },
  "12": {
    "verseObjects": [
      {
        "type": "text",
        "text": "तब हारून और उसके पुत्रों को मिलापवाले तम्बू के द्वार पर ले जाकर जल से नहलाना,\n"
      }
    ]
  },
  "13": {
    "verseObjects": [
      {
        "type": "text",
        "text": "और हारून को पवित्र वस्त्र पहनाना, और उसका अभिषेक करके उसको पवित्र करना कि वह मेरे लिये याजक का काम करे।\n"
      },
      {
        "tag": "s5",
        "nextChar": "\n",
        "type": "section"
      }
    ]
  },
  "14": {
    "verseObjects": [
      {
        "type": "text",
        "text": "और उसके पुत्रों को ले जाकर अंगरखे पहनाना,\n"
      }
    ]
  },
  "15": {
    "verseObjects": [
      {
        "type": "text",
        "text": "और जैसे तू उनके पिता का अभिषेक करे वैसे ही उनका भी अभिषेक करना कि वे मेरे लिये याजक का काम करें; और उनका अभिषेक उनकी पीढ़ी-पीढ़ी के लिये उनके सदा के याजकपद का चिन्ह ठहरेगा।\n"
      },
      {
        "tag": "s",
        "type": "section",
        "content": "मिलापवाले तम्बू का खड़ा किया जाना\n"
      },
      {
        "tag": "p",
        "nextChar": "\n",
        "type": "paragraph"
      }
    ]
  },
  "16": {
    "verseObjects": [
      {
        "type": "text",
        "text": "और मूसा ने जो-जो आज्ञा यहोवा ने उसको दी थी उसी के अनुसार किया।\n"
      },
      {
        "tag": "s5",
        "nextChar": "\n",
        "type": "section"
      }
    ]
  },
  "17": {
    "verseObjects": [
      {
        "type": "text",
        "text": "और दूसरे वर्ष के पहले महीने के पहले दिन को निवास खड़ा किया गया।\n"
      }
    ]
  },
  "18": {
    "verseObjects": [
      {
        "type": "text",
        "text": "मूसा ने निवास को खड़ा करवाया और उसकी कुर्सियाँ धर उसके तख्ते लगाकर उनमें बेंड़े डाले, और उसके खम्भों को खड़ा किया;\n"
      }
    ]
  },
  "19": {
    "verseObjects": [
      {
        "type": "text",
        "text": "और उसने निवास के ऊपर तम्बू को फैलाया, और तम्बू के ऊपर उसने ओढ़ने को लगाया; जिस प्रकार यहोवा ने मूसा को आज्ञा दी थी।\n"
      }
    ]
  },
  "20": {
    "verseObjects": [
      {
        "type": "text",
        "text": "और उसने साक्षीपत्र को लेकर सन्दूक में रखा, और सन्दूक में डंडों को लगाके उसके ऊपर प्रायश्चित के ढकने को रख दिया;\n"
      },
      {
        "tag": "s5",
        "nextChar": "\n",
        "type": "section"
      }
    ]
  },
  "21": {
    "verseObjects": [
      {
        "type": "text",
        "text": "और उसने सन्दूक को निवास में पहुँचवाया, और बीचवाले पर्दे को लटकवा के साक्षीपत्र के सन्दूक को उसके अन्दर किया; जिस प्रकार यहोवा ने मूसा को आज्ञा दी थी।\n"
      }
    ]
  },
  "22": {
    "verseObjects": [
      {
        "type": "text",
        "text": "और उसने मिलापवाले तम्बू में निवास की उत्तर की ओर बीच के पर्दे से बाहर मेज को लगवाया,\n"
      }
    ]
  },
  "23": {
    "verseObjects": [
      {
        "type": "text",
        "text": "और उस पर उन ने यहोवा के सम्मुख रोटी सजा कर रखी; जिस प्रकार यहोवा ने मूसा को आज्ञा दी थी।\n"
      },
      {
        "tag": "s5",
        "nextChar": "\n",
        "type": "section"
      }
    ]
  },
  "24": {
    "verseObjects": [
      {
        "type": "text",
        "text": "और उसने मिलापवाले तम्बू में मेज के सामने निवास की दक्षिण ओर पर दीवट को रखा,\n"
      }
    ]
  },
  "25": {
    "verseObjects": [
      {
        "type": "text",
        "text": "और उसने दीपकों को यहोवा के सम्मुख जला दिया; जिस प्रकार यहोवा ने मूसा को आज्ञा दी थी।\n"
      },
      {
        "tag": "s5",
        "nextChar": "\n",
        "type": "section"
      }
    ]
  },
  "26": {
    "verseObjects": [
      {
        "type": "text",
        "text": "और उसने मिलापवाले तम्बू में बीच के पर्दे के सामने सोने की वेदी को रखा,\n"
      }
    ]
  },
  "27": {
    "verseObjects": [
      {
        "type": "text",
        "text": "और उसने उस पर सुगन्धित धूप जलाया; जिस प्रकार यहोवा ने मूसा को आज्ञा दी थी।\n"
      },
      {
        "tag": "s5",
        "nextChar": "\n",
        "type": "section"
      }
    ]
  },
  "28": {
    "verseObjects": [
      {
        "type": "text",
        "text": "और उसने निवास के द्वार पर पर्दे को लगाया।\n"
      }
    ]
  },
  "29": {
    "verseObjects": [
      {
        "type": "text",
        "text": "और मिलापवाले तम्बू के निवास के द्वार पर होमबलि को रखकर उस पर होमबलि और अन्नबलि को चढ़ाया; जिस प्रकार यहोवा ने मूसा को आज्ञा दी थी।\n"
      }
    ]
  },
  "30": {
    "verseObjects": [
      {
        "type": "text",
        "text": "और उसने मिलापवाले तम्बू और वेदी के बीच हौदी को रखकर उसमें धोने के लिये जल डाला,\n"
      },
      {
        "tag": "s5",
        "nextChar": "\n",
        "type": "section"
      }
    ]
  },
  "31": {
    "verseObjects": [
      {
        "type": "text",
        "text": "और मूसा और हारून और उसके पुत्रों ने उसमें अपने-अपने हाथ पाँव धोए;\n"
      }
    ]
  },
  "32": {
    "verseObjects": [
      {
        "type": "text",
        "text": "और जब-जब वे मिलापवाले तम्बू में या वेदी के पास जाते थे तब-तब वे हाथ पाँव धोते थे; जिस प्रकार यहोवा ने मूसा को आज्ञा दी थी।\n"
      }
    ]
  },
  "33": {
    "verseObjects": [
      {
        "type": "text",
        "text": "और उसने निवास के चारों ओर और वेदी के आस-पास आँगन की कनात को खड़ा करवाया, और आँगन के द्वार के पर्दे को लटका दिया। इस प्रकार मूसा ने सब काम को पूरा किया।\n"
      },
      {
        "tag": "s",
        "type": "section",
        "content": "मिलापवाले तम्बू पर यहोवा की महिमा\n"
      },
      {
        "tag": "p",
        "nextChar": "\n",
        "type": "paragraph"
      },
      {
        "tag": "s5",
        "nextChar": "\n",
        "type": "section"
      }
    ]
  },
  "34": {
    "verseObjects": [
      {
        "type": "text",
        "text": "तब बादल मिलापवाले तम्बू पर छा गया, और यहोवा का तेज निवास-स्थान में भर गया।\n"
      }
    ]
  },
  "35": {
    "verseObjects": [
      {
        "type": "text",
        "text": "और बादल मिलापवाले तम्बू पर ठहर गया, और यहोवा का तेज निवास-स्थान में भर गया, इस कारण मूसा उसमें प्रवेश न कर सका।\n"
      },
      {
        "tag": "s5",
        "nextChar": "\n",
        "type": "section"
      }
    ]
  },
  "36": {
    "verseObjects": [
      {
        "type": "text",
        "text": "इस्राएलियों की सारी यात्रा में ऐसा होता था, कि जब-जब वह बादल निवास के ऊपर से उठ जाता तब-तब वे कूच करते थे।\n"
      }
    ]
  },
  "37": {
    "verseObjects": [
      {
        "type": "text",
        "text": "और यदि वह न उठता, तो जिस दिन तक वह न उठता था उस दिन तक वे कूच नहीं करते थे।\n"
      }
    ]
  },
  "38": {
    "verseObjects": [
      {
        "type": "text",
        "text": "इस्राएल के घराने की सारी यात्रा में दिन को तो यहोवा का बादल निवास पर, और रात को उसी बादल में आग उन सभी को दिखाई दिया करती थी।"
      }
    ]
  },
  "front": {
    "verseObjects": [
      {
        "tag": "s",
        "type": "section",
        "content": "मिलापवाले तम्बू स्थापित करने के निर्देश\n"
      },
      {
        "tag": "p",
        "nextChar": "\n",
        "type": "paragraph"
      }
    ]
  }
}