{
  "1": {
    "verseObjects": [
      {
        "type": "text",
        "text": "तब यहोवा ने मूसा से कहा, “अब तू देखेगा कि मैं फ़िरौन से क्या करूँगा; जिससे वह उनको बरबस निकालेगा, वह तो उन्हें अपने देश से बरबस निकाल देगा।” \n"
      },
      {
        "tag": "s",
        "type": "section",
        "text": "परमेश्‍वर के छुटकारे का वादा\n"
      },
      {
        "tag": "p",
        "type": "paragraph",
        "text": "\n"
      },
      {
        "tag": "s5",
        "type": "section",
        "text": "\n"
      }
    ]
  },
  "2": {
    "verseObjects": [
      {
        "type": "text",
        "text": "परमेश्‍वर ने मूसा से कहा, “मैं यहोवा हूँ*;\n"
      }
    ]
  },
  "3": {
    "verseObjects": [
      {
        "type": "text",
        "text": "मैं सर्वशक्तिमान परमेश्‍वर के नाम से अब्राहम, इसहाक, और याकूब को दर्शन देता था, परन्तु यहोवा के नाम से मैं उन पर प्रगट न हुआ।\n"
      }
    ]
  },
  "4": {
    "verseObjects": [
      {
        "type": "text",
        "text": "और मैंने उनके साथ अपनी वाचा दृढ़ की है, अर्थात् कनान देश जिसमें वे परदेशी होकर रहते थे, उसे उन्हें दे दूँ।\n"
      }
    ]
  },
  "5": {
    "verseObjects": [
      {
        "type": "text",
        "text": "इस्राएली जिन्हें मिस्री लोग दासत्व में रखते हैं उनका कराहना भी सुनकर मैंने अपनी वाचा को स्मरण किया है।\n"
      },
      {
        "tag": "s5",
        "type": "section",
        "text": "\n"
      }
    ]
  },
  "6": {
    "verseObjects": [
      {
        "type": "text",
        "text": "इस कारण तू इस्राएलियों से कह, ‘मैं यहोवा हूँ, और तुम को मिस्रियों के बोझों के नीचे से निकालूँगा, और उनके दासत्व से तुम को छुड़ाऊँगा, और अपनी भुजा बढ़ाकर और भारी दण्ड देकर तुम्हें छुड़ा लूँगा, (प्रेरि. 13:17)\n"
      }
    ]
  },
  "7": {
    "verseObjects": [
      {
        "type": "text",
        "text": "और मैं तुम को अपनी प्रजा बनाने के लिये अपना लूँगा, और मैं तुम्हारा परमेश्‍वर ठहरूँगा; और तुम जान लोगे कि मैं तुम्हारा परमेश्‍वर यहोवा हूँ जो तुम्हें मिस्रियों के बोझों के नीचे से निकाल ले आया।\n"
      },
      {
        "tag": "s5",
        "type": "section",
        "text": "\n"
      }
    ]
  },
  "8": {
    "verseObjects": [
      {
        "type": "text",
        "text": "और जिस देश के देने की शपथ मैंने अब्राहम, इसहाक, और याकूब से खाई थी उसी में मैं तुम्हें पहुँचाकर उसे तुम्हारा भाग कर दूँगा। मैं तो यहोवा हूँ’।” \n"
      }
    ]
  },
  "9": {
    "verseObjects": [
      {
        "type": "text",
        "text": "ये बातें मूसा ने इस्राएलियों को सुनाईं; परन्तु उन्होंने मन की बेचैनी और दासत्व की क्रूरता के कारण उसकी न सुनी।\n"
      },
      {
        "tag": "s5",
        "type": "section",
        "text": "\n"
      }
    ]
  },
  "10": {
    "verseObjects": [
      {
        "type": "text",
        "text": "तब यहोवा ने मूसा से कहा,\n"
      }
    ]
  },
  "11": {
    "verseObjects": [
      {
        "type": "text",
        "text": "“तू जाकर मिस्र के राजा फ़िरौन से कह कि इस्राएलियों को अपने देश में से निकल जाने दे*।” \n"
      }
    ]
  },
  "12": {
    "verseObjects": [
      {
        "type": "text",
        "text": "और मूसा ने यहोवा से कहा, “देख, इस्राएलियों ने मेरी नहीं सुनी; फिर फ़िरौन मुझ भद्दे बोलनेवाले की कैसे सुनेगा?” \n"
      }
    ]
  },
  "13": {
    "verseObjects": [
      {
        "type": "text",
        "text": "तब यहोवा ने मूसा और हारून को इस्राएलियों और मिस्र के राजा फ़िरौन के लिये आज्ञा इस अभिप्राय से दी कि वे इस्राएलियों को मिस्र देश से निकाल ले जाएँ।\n"
      },
      {
        "tag": "s",
        "type": "section",
        "text": "मूसा और हारून की वंशावली\n"
      },
      {
        "tag": "p",
        "type": "paragraph",
        "text": "\n"
      },
      {
        "tag": "s5",
        "type": "section",
        "text": "\n"
      }
    ]
  },
  "14": {
    "verseObjects": [
      {
        "type": "text",
        "text": "उनके पितरों के घरानों के मुख्य पुरुष ये हैं: इस्राएल के पहलौठा रूबेन के पुत्र: हनोक, पल्लू, हेस्रोन और कर्मी थे; इन्हीं से रूबेन के कुल निकले।\n"
      }
    ]
  },
  "15": {
    "verseObjects": [
      {
        "type": "text",
        "text": "और शिमोन के पुत्र: यमूएल, यामीन, ओहद, याकीन, और सोहर थे, और एक कनानी स्त्री का बेटा शाऊल भी था; इन्हीं से शिमोन के कुल निकले।\n"
      },
      {
        "tag": "s5",
        "type": "section",
        "text": "\n"
      }
    ]
  },
  "16": {
    "verseObjects": [
      {
        "type": "text",
        "text": "लेवी के पुत्र जिनसे उनकी वंशावली चली है, उनके नाम ये हैं: अर्थात् गेर्शोन, कहात और मरारी, और लेवी की पूरी अवस्था एक सौ सैंतीस वर्ष की हुई।\n"
      }
    ]
  },
  "17": {
    "verseObjects": [
      {
        "type": "text",
        "text": "गेर्शोन के पुत्र जिनसे उनका कुल चला: लिब्नी और शिमी थे।\n"
      }
    ]
  },
  "18": {
    "verseObjects": [
      {
        "type": "text",
        "text": "कहात के पुत्र: अम्राम, यिसहार, हेब्रोन और उज्जीएल थे, और कहात की पूरी अवस्था एक सौ सैंतीस वर्ष की हुई।\n"
      }
    ]
  },
  "19": {
    "verseObjects": [
      {
        "type": "text",
        "text": "मरारी के पुत्र: महली और मूशी थे। लेवियों के कुल जिनसे उनकी वंशावली चली ये ही हैं।\n"
      },
      {
        "tag": "s5",
        "type": "section",
        "text": "\n"
      }
    ]
  },
  "20": {
    "verseObjects": [
      {
        "type": "text",
        "text": "अम्राम ने अपनी फूफी योकेबेद* को ब्याह लिया और उससे हारून और मूसा उत्‍पन्‍न हुए, और अम्राम की पूरी अवस्था एक सौ सैंतीस वर्ष की हुई।\n"
      }
    ]
  },
  "21": {
    "verseObjects": [
      {
        "type": "text",
        "text": "यिसहार के पुत्र: कोरह, नेपेग और जिक्री थे।\n"
      }
    ]
  },
  "22": {
    "verseObjects": [
      {
        "type": "text",
        "text": "उज्जीएल के पुत्र: मीशाएल, एलसाफान और सित्री थे।\n"
      },
      {
        "tag": "s5",
        "type": "section",
        "text": "\n"
      }
    ]
  },
  "23": {
    "verseObjects": [
      {
        "type": "text",
        "text": "हारून ने अम्मीनादाब की बेटी, और नहशोन की बहन एलीशेबा को ब्याह लिया; और उससे नादाब, अबीहू, और ईतामार उत्‍पन्‍न हुए।\n"
      }
    ]
  },
  "24": {
    "verseObjects": [
      {
        "type": "text",
        "text": "कोरह के पुत्र: अस्सीर, एल्काना और अबीआसाफ थे; और इन्हीं से कोरहियों के कुल निकले।\n"
      }
    ]
  },
  "25": {
    "verseObjects": [
      {
        "type": "text",
        "text": "हारून के पुत्र एलीआजर ने पूतीएल की एक बेटी को ब्याह लिया; और उससे पीनहास उत्‍पन्‍न हुआ। जिनसे उनका कुल चला। लेवियों के पितरों के घरानों के मुख्य पुरुष ये ही हैं।\n"
      },
      {
        "tag": "s5",
        "type": "section",
        "text": "\n"
      }
    ]
  },
  "26": {
    "verseObjects": [
      {
        "type": "text",
        "text": "हारून और मूसा वे ही हैं जिनको यहोवा ने यह आज्ञा दी: “इस्राएलियों को दल-दल करके उनके जत्थों के अनुसार मिस्र देश से निकाल ले आओ।” \n"
      }
    ]
  },
  "27": {
    "verseObjects": [
      {
        "type": "text",
        "text": "ये वही मूसा और हारून हैं जिन्होंने मिस्र के राजा फ़िरौन से कहा कि हम इस्राएलियों को मिस्र से निकाल ले जाएँगे।\n"
      },
      {
        "tag": "s",
        "type": "section",
        "text": "यहोवा का मूसा को फिर से बुलाया जाना\n"
      },
      {
        "tag": "p",
        "type": "paragraph",
        "text": "\n"
      },
      {
        "tag": "s5",
        "type": "section",
        "text": "\n"
      }
    ]
  },
  "28": {
    "verseObjects": [
      {
        "type": "text",
        "text": "जब यहोवा ने मिस्र देश में मूसा से यह बात कहीं,\n"
      }
    ]
  },
  "29": {
    "verseObjects": [
      {
        "type": "text",
        "text": "“मैं तो यहोवा हूँ; इसलिए जो कुछ मैं तुम से कहूँगा वह सब मिस्र के राजा फ़िरौन से कहना।” \n"
      }
    ]
  },
  "30": {
    "verseObjects": [
      {
        "type": "text",
        "text": "परन्तु मूसा ने यहोवा को उत्तर दिया, “मैं तो बोलने में भद्दा हूँ; और फ़िरौन कैसे मेरी सुनेगा?” \n\n"
      },
      {
        "tag": "s5",
        "type": "section",
        "text": "\n"
      }
    ]
  },
  "front": {
    "verseObjects": [
      {
        "tag": "p",
        "type": "paragraph",
        "text": "\n"
      }
    ]
  }
}