{
  "1": {
    "verseObjects": [
      {
        "type": "text",
        "text": "तब यहोवा ने मूसा से कहा, “सुन, मैं तुझे फ़िरौन के लिये परमेश्‍वर सा ठहराता हूँ*; और तेरा भाई हारून तेरा नबी ठहरेगा।\n"
      }
    ]
  },
  "2": {
    "verseObjects": [
      {
        "type": "text",
        "text": "जो-जो आज्ञा मैं तुझे दूँ वही तू कहना, और हारून उसे फ़िरौन से कहेगा जिससे वह इस्राएलियों को अपने देश से निकल जाने दे।\n"
      },
      {
        "tag": "s5",
        "nextChar": "\n",
        "type": "section"
      }
    ]
  },
  "3": {
    "verseObjects": [
      {
        "type": "text",
        "text": "परन्तु मैं फ़िरौन के मन को कठोर कर दूँगा, और अपने चिन्ह और चमत्कार मिस्र देश में बहुत से दिखलाऊँगा। (प्रेरि. 7:36)\n"
      }
    ]
  },
  "4": {
    "verseObjects": [
      {
        "type": "text",
        "text": "तो भी फ़िरौन तुम्हारी न सुनेगा; और मैं मिस्र देश पर अपना हाथ बढ़ाकर मिस्रियों को भारी दण्ड देकर अपनी सेना अर्थात् अपनी इस्राएली प्रजा को मिस्र देश से निकाल लूँगा।\n"
      }
    ]
  },
  "5": {
    "verseObjects": [
      {
        "type": "text",
        "text": "और जब मैं मिस्र पर हाथ बढ़ा कर इस्राएलियों को उनके बीच से निकालूँगा तब मिस्री जान लेंगे, कि मैं यहोवा हूँ।” \n"
      },
      {
        "tag": "s5",
        "nextChar": "\n",
        "type": "section"
      }
    ]
  },
  "6": {
    "verseObjects": [
      {
        "type": "text",
        "text": "तब मूसा और हारून ने यहोवा की आज्ञा के अनुसार ही किया।\n"
      }
    ]
  },
  "7": {
    "verseObjects": [
      {
        "type": "text",
        "text": "तब जब मूसा और हारून फ़िरौन से बात करने लगे तब मूसा तो अस्सी वर्ष का था, और हारून तिरासी वर्ष का था।\n"
      },
      {
        "tag": "s",
        "type": "section",
        "content": "हारून की चमत्कारी लाठी\n"
      },
      {
        "tag": "p",
        "nextChar": "\n",
        "type": "paragraph"
      },
      {
        "tag": "s5",
        "nextChar": "\n",
        "type": "section"
      }
    ]
  },
  "8": {
    "verseObjects": [
      {
        "type": "text",
        "text": "फिर यहोवा ने मूसा और हारून से इस प्रकार कहा,\n"
      }
    ]
  },
  "9": {
    "verseObjects": [
      {
        "type": "text",
        "text": "“जब फ़िरौन तुम से कहे, ‘अपने प्रमाण का कोई चमत्कार दिखाओ,’ तब तू हारून से कहना, ‘अपनी लाठी* को लेकर फ़िरौन के सामने डाल दे, कि वह अजगर बन जाए’।” \n"
      }
    ]
  },
  "10": {
    "verseObjects": [
      {
        "type": "text",
        "text": "तब मूसा और हारून ने फ़िरौन के पास जाकर यहोवा की आज्ञा के अनुसार किया; और जब हारून ने अपनी लाठी को फ़िरौन और उसके कर्मचारियों के सामने डाल दिया, तब वह अजगर बन गया।\n"
      },
      {
        "tag": "s5",
        "nextChar": "\n",
        "type": "section"
      }
    ]
  },
  "11": {
    "verseObjects": [
      {
        "type": "text",
        "text": "तब फ़िरौन ने पंडितों और टोनहा करनेवालों को बुलवाया; और मिस्र के जादूगरों ने आकर अपने-अपने तंत्र-मंत्र से वैसा ही किया।\n"
      }
    ]
  },
  "12": {
    "verseObjects": [
      {
        "type": "text",
        "text": "उन्होंने भी अपनी-अपनी लाठी को डाल दिया, और वे भी अजगर बन गए। पर हारून की लाठी उनकी लाठियों को निगल गई।\n"
      }
    ]
  },
  "13": {
    "verseObjects": [
      {
        "type": "text",
        "text": "परन्तु फ़िरौन का मन और हठीला हो गया, और यहोवा के वचन के अनुसार उसने मूसा और हारून की बातों को नहीं माना।\n"
      },
      {
        "tag": "s",
        "type": "section",
        "content": "मिस्रियों पर दस भारी विपत्तियों के पड़ने का वर्णन\n"
      },
      {
        "tag": "p",
        "nextChar": "\n",
        "type": "paragraph"
      },
      {
        "tag": "s5",
        "nextChar": "\n",
        "type": "section"
      }
    ]
  },
  "14": {
    "verseObjects": [
      {
        "type": "text",
        "text": "तब यहोवा ने मूसा से कहा, “फ़िरौन का मन कठोर हो गया है और वह इस प्रजा को जाने नहीं देता।\n"
      }
    ]
  },
  "15": {
    "verseObjects": [
      {
        "type": "text",
        "text": "इसलिए सवेरे के समय फ़िरौन के पास जा, वह तो जल की ओर बाहर आएगा; और जो लाठी सर्प बन गई थी, उसको हाथ में लिए हुए नील नदी के तट पर उससे भेंट करने के लिये खड़े रहना।\n"
      },
      {
        "tag": "s5",
        "nextChar": "\n",
        "type": "section"
      }
    ]
  },
  "16": {
    "verseObjects": [
      {
        "type": "text",
        "text": "और उससे इस प्रकार कहना, ‘इब्रियों के परमेश्‍वर यहोवा ने मुझे यह कहने के लिये तेरे पास भेजा है कि मेरी प्रजा के लोगों को जाने दे कि जिससे वे जंगल में मेरी उपासना करें; और अब तक तूने मेरा कहना नहीं माना।\n"
      }
    ]
  },
  "17": {
    "verseObjects": [
      {
        "type": "text",
        "text": "यहोवा यह कहता है, इससे तू जान लेगा कि मैं ही परमेश्‍वर हूँ; देख, मैं अपने हाथ की लाठी को नील नदी के जल पर मारूँगा, और जल लहू बन जाएगा,\n"
      }
    ]
  },
  "18": {
    "verseObjects": [
      {
        "type": "text",
        "text": "और जो मछलियाँ नील नदी में हैं वे मर जाएँगी, और नील नदी से दुर्गन्ध आने लगेगी, और मिस्रियों का जी नदी का पानी पीने के लिये न चाहेगा’।” \n"
      },
      {
        "tag": "s5",
        "nextChar": "\n",
        "type": "section"
      }
    ]
  },
  "19": {
    "verseObjects": [
      {
        "type": "text",
        "text": "फिर यहोवा ने मूसा से कहा, “हारून से कह कि अपनी लाठी लेकर मिस्र देश में जितना जल है, अर्थात् उसकी नदियाँ, नहरें, झीलें, और जलकुण्ड, सब के ऊपर अपना हाथ बढ़ा कि उनका जल लहू बन जाए; और सारे मिस्र देश में काठ और पत्थर दोनों भाँति के जलपात्रों में लहू ही लहू हो जाएगा।” (प्रका. 8:8, प्रका. 11:6)\n"
      },
      {
        "tag": "s",
        "type": "section",
        "content": "प्रथम विपत्ति जल का लहू में बदलना\n"
      },
      {
        "tag": "p",
        "nextChar": "\n",
        "type": "paragraph"
      },
      {
        "tag": "s5",
        "nextChar": "\n",
        "type": "section"
      }
    ]
  },
  "20": {
    "verseObjects": [
      {
        "type": "text",
        "text": "तब मूसा और हारून ने यहोवा की आज्ञा ही के अनुसार किया, अर्थात् उसने लाठी को उठाकर फ़िरौन और उसके कर्मचारियों के देखते नील नदी के जल पर मारा, और नदी का सब जल लहू बन गया।\n"
      }
    ]
  },
  "21": {
    "verseObjects": [
      {
        "type": "text",
        "text": "और नील नदी में जो मछलियाँ थीं वे मर गई; और नदी से दुर्गन्ध आने लगी, और मिस्री लोग नदी का पानी न पी सके; और सारे मिस्र देश में लहू हो गया। (प्रका. 16:3)\n"
      }
    ]
  },
  "22": {
    "verseObjects": [
      {
        "type": "text",
        "text": "तब मिस्र के जादूगरों ने भी अपने तंत्र-मंत्रों से वैसा ही किया; तो भी फ़िरौन का मन हठीला हो गया, और यहोवा के कहने के अनुसार उसने मूसा और हारून की न मानी।\n"
      },
      {
        "tag": "s5",
        "nextChar": "\n",
        "type": "section"
      }
    ]
  },
  "23": {
    "verseObjects": [
      {
        "type": "text",
        "text": "फ़िरौन ने इस पर भी ध्यान नहीं दिया, और मुँह फेरकर अपने घर में चला गया।\n"
      }
    ]
  },
  "24": {
    "verseObjects": [
      {
        "type": "text",
        "text": "और सब मिस्री लोग पीने के जल के लिये नील नदी के आस-पास खोदने लगे, क्योंकि वे नदी का जल नहीं पी सकते थे।\n"
      }
    ]
  },
  "25": {
    "verseObjects": [
      {
        "type": "text",
        "text": "जब से यहोवा ने नील नदी को मारा था तब से सात दिन हो चुके थे।\n\n"
      },
      {
        "tag": "s5",
        "nextChar": "\n",
        "type": "section"
      }
    ]
  },
  "front": {
    "verseObjects": [
      {
        "tag": "p",
        "nextChar": "\n",
        "type": "paragraph"
      }
    ]
  }
}