{
  "1": {
    "verseObjects": [
      {
        "type": "text",
        "text": "तब यहोवा ने फिर मूसा से कहा, “फ़िरौन के पास जाकर कह, ‘यहोवा तुझ से इस प्रकार कहता है, कि मेरी प्रजा के लोगों को जाने दे जिससे वे मेरी उपासना करें।\n"
      }
    ]
  },
  "2": {
    "verseObjects": [
      {
        "type": "text",
        "text": "परन्तु यदि उन्हें जाने न देगा तो सुन, मैं मेंढ़क भेजकर तेरे सारे देश को हानि पहुँचानेवाला हूँ।\n"
      }
    ]
  },
  "3": {
    "verseObjects": [
      {
        "type": "text",
        "text": "और नील नदी मेंढ़कों से भर जाएगी, और वे तेरे भवन में, और तेरे बिछौने पर, और तेरे कर्मचारियों के घरों में, और तेरी प्रजा पर, वरन् तेरे तन्दूरों और कठौतियों में भी चढ़ जाएँगे।\n"
      }
    ]
  },
  "4": {
    "verseObjects": [
      {
        "type": "text",
        "text": "और तुझ पर, और तेरी प्रजा, और तेरे कर्मचारियों, सभी पर मेंढ़क चढ़ जाएँगे’।” \n"
      },
      {
        "tag": "s5",
        "nextChar": "\n",
        "type": "section"
      }
    ]
  },
  "5": {
    "verseObjects": [
      {
        "type": "text",
        "text": "फिर यहोवा ने मूसा को आज्ञा दी, “हारून से कह दे, कि नदियों, नहरों, और झीलों के ऊपर लाठी के साथ अपना हाथ बढ़ाकर मेंढ़कों को मिस्र देश पर चढ़ा ले आए।” \n"
      }
    ]
  },
  "6": {
    "verseObjects": [
      {
        "type": "text",
        "text": "तब हारून ने मिस्र के जलाशयों के ऊपर अपना हाथ बढ़ाया; और मेंढ़कों ने मिस्र देश पर चढ़कर उसे छा लिया।\n"
      }
    ]
  },
  "7": {
    "verseObjects": [
      {
        "type": "text",
        "text": "और जादूगर भी अपने तंत्र-मंत्रों से उसी प्रकार मिस्र देश पर मेंढ़क चढ़ा ले आए।\n"
      },
      {
        "tag": "s5",
        "nextChar": "\n",
        "type": "section"
      }
    ]
  },
  "8": {
    "verseObjects": [
      {
        "type": "text",
        "text": "तब फ़िरौन ने मूसा और हारून को बुलवाकर कहा, “यहोवा से विनती करो कि वह मेंढ़कों को मुझसे और मेरी प्रजा से दूर करे; और मैं इस्राएली लोगों को जाने दूँगा। जिससे वे यहोवा के लिये बलिदान करें।” \n"
      }
    ]
  },
  "9": {
    "verseObjects": [
      {
        "type": "text",
        "text": "तब मूसा ने फ़िरौन से कहा, “इतनी बात के लिये तू मुझे आदेश दे कि अब मैं तेरे, और तेरे कर्मचारियों, और प्रजा के निमित्त कब विनती करूँ, कि यहोवा तेरे पास से और तेरे घरों में से मेंढ़कों को दूर करे, और वे केवल नील नदी में पाए जाएँ?” \n"
      },
      {
        "tag": "s5",
        "nextChar": "\n",
        "type": "section"
      }
    ]
  },
  "10": {
    "verseObjects": [
      {
        "type": "text",
        "text": "उसने कहा, “कल।” उसने कहा, “तेरे वचन के अनुसार होगा, जिससे तुझे यह ज्ञात हो जाए कि हमारे परमेश्‍वर यहोवा के तुल्य कोई दूसरा नहीं है।\n"
      }
    ]
  },
  "11": {
    "verseObjects": [
      {
        "type": "text",
        "text": "और मेंढ़क तेरे पास से, और तेरे घरों में से, और तेरे कर्मचारियों और प्रजा के पास से दूर होकर केवल नील नदी में रहेंगे।” \n"
      }
    ]
  },
  "12": {
    "verseObjects": [
      {
        "type": "text",
        "text": "तब मूसा और हारून फ़िरौन के पास से निकल गए; और मूसा ने उन मेंढ़कों के विषय यहोवा की दुहाई दी जो उसने फ़िरौन पर भेजे थे।\n"
      },
      {
        "tag": "s5",
        "nextChar": "\n",
        "type": "section"
      }
    ]
  },
  "13": {
    "verseObjects": [
      {
        "type": "text",
        "text": "और यहोवा ने मूसा के कहने के अनुसार किया; और मेंढ़क घरों, आँगनों, और खेतों में मर गए।\n"
      }
    ]
  },
  "14": {
    "verseObjects": [
      {
        "type": "text",
        "text": "और लोगों ने इकट्ठे करके उनके ढेर लगा दिए, और सारा देश दुर्गन्ध से भर गया।\n"
      }
    ]
  },
  "15": {
    "verseObjects": [
      {
        "type": "text",
        "text": "परन्तु जब फ़िरौन ने देखा कि अब आराम मिला है तब यहोवा के कहने के अनुसार उसने फिर अपने मन को कठोर किया, और उनकी न सुनी।\n"
      },
      {
        "tag": "s",
        "type": "section",
        "content": "तीसरी विपत्ति कुटकियों के झुण्ड\n"
      },
      {
        "tag": "p",
        "nextChar": "\n",
        "type": "paragraph"
      },
      {
        "tag": "s5",
        "nextChar": "\n",
        "type": "section"
      }
    ]
  },
  "16": {
    "verseObjects": [
      {
        "type": "text",
        "text": "फिर यहोवा ने मूसा से कहा, “हारून को आज्ञा दे, ‘तू अपनी लाठी बढ़ाकर भूमि की धूल* पर मार, जिससे वह मिस्र देश भर में कुटकियाँ बन जाएँ’।” \n"
      }
    ]
  },
  "17": {
    "verseObjects": [
      {
        "type": "text",
        "text": "और उन्होंने वैसा ही किया; अर्थात् हारून ने लाठी को ले हाथ बढ़ाकर भूमि की धूल पर मारा, तब मनुष्य और पशु दोनों पर कुटकियाँ हो गईं वरन् सारे मिस्र देश में भूमि की धूल कुटकियाँ बन गईं।\n"
      },
      {
        "tag": "s5",
        "nextChar": "\n",
        "type": "section"
      }
    ]
  },
  "18": {
    "verseObjects": [
      {
        "type": "text",
        "text": "तब जादूगरों ने चाहा कि अपने तंत्र-मंत्रों के बल से हम भी कुटकियाँ ले आएँ, परन्तु यह उनसे न हो सका। और मनुष्यों और पशुओं दोनों पर कुटकियाँ बनी ही रहीं।\n"
      }
    ]
  },
  "19": {
    "verseObjects": [
      {
        "type": "text",
        "text": "तब जादूगरों ने फ़िरौन से कहा, “यह तो परमेश्‍वर के हाथ* का काम है।” तो भी यहोवा के कहने के अनुसार फ़िरौन का मन कठोर होता गया, और उसने मूसा और हारून की बात न मानी।\n"
      },
      {
        "tag": "s",
        "type": "section",
        "content": "चौथी विपत्ति डांसों के झुण्ड\n"
      },
      {
        "tag": "p",
        "nextChar": "\n",
        "type": "paragraph"
      },
      {
        "tag": "s5",
        "nextChar": "\n",
        "type": "section"
      }
    ]
  },
  "20": {
    "verseObjects": [
      {
        "type": "text",
        "text": "फिर यहोवा ने मूसा से कहा, “सवेरे उठकर फ़िरौन के सामने खड़ा होना, वह तो जल की ओर आएगा, और उससे कहना, ‘यहोवा तुझ से यह कहता है, कि मेरी प्रजा के लोगों को जाने दे, कि वे मेरी उपासना करें।\n"
      }
    ]
  },
  "21": {
    "verseObjects": [
      {
        "type": "text",
        "text": "यदि तू मेरी प्रजा को न जाने देगा तो सुन, मैं तुझ पर, और तेरे कर्मचारियों और तेरी प्रजा पर, और तेरे घरों में झुण्ड के झुण्ड डांस भेजूँगा; और मिस्रियों के घर और उनके रहने की भूमि भी डांसों से भर जाएगी।\n"
      },
      {
        "tag": "s5",
        "nextChar": "\n",
        "type": "section"
      }
    ]
  },
  "22": {
    "verseObjects": [
      {
        "type": "text",
        "text": "उस दिन मैं गोशेन देश को जिसमें मेरी प्रजा रहती है अलग करूँगा, और उसमें डांसों के झुण्ड न होंगे; जिससे तू जान ले कि पृथ्वी के बीच मैं ही यहोवा हूँ।\n"
      }
    ]
  },
  "23": {
    "verseObjects": [
      {
        "type": "text",
        "text": "और मैं अपनी प्रजा और तेरी प्रजा में अन्तर ठहराऊँगा। यह चिन्ह कल होगा’।” \n"
      }
    ]
  },
  "24": {
    "verseObjects": [
      {
        "type": "text",
        "text": "और यहोवा ने वैसा ही किया, और फ़िरौन के भवन, और उसके कर्मचारियों के घरों में, और सारे मिस्र देश में डांसों के झुण्ड के झुण्ड भर गए, और डांसों के मारे वह देश नाश हुआ।\n"
      },
      {
        "tag": "s5",
        "nextChar": "\n",
        "type": "section"
      }
    ]
  },
  "25": {
    "verseObjects": [
      {
        "type": "text",
        "text": "तब फ़िरौन ने मूसा और हारून को बुलवाकर कहा, “तुम जाकर अपने परमेश्‍वर के लिये* इसी देश में बलिदान करो।” \n"
      }
    ]
  },
  "26": {
    "verseObjects": [
      {
        "type": "text",
        "text": "मूसा ने कहा, “ऐसा करना उचित नहीं; क्योंकि हम अपने परमेश्‍वर यहोवा के लिये मिस्रियों की घृणित वस्तु बलिदान करेंगे; और यदि हम मिस्रियों के देखते उनकी घृणित वस्तु बलिदान करें तो क्या वे हमको पथरवाह न करेंगे?\n"
      }
    ]
  },
  "27": {
    "verseObjects": [
      {
        "type": "text",
        "text": "हम जंगल में तीन दिन के मार्ग पर जाकर अपने परमेश्‍वर यहोवा के लिये जैसा वह हम से कहेगा वैसा ही बलिदान करेंगे।” \n"
      },
      {
        "tag": "s5",
        "nextChar": "\n",
        "type": "section"
      }
    ]
  },
  "28": {
    "verseObjects": [
      {
        "type": "text",
        "text": "फ़िरौन ने कहा, “मैं तुम को जंगल में जाने दूँगा कि तुम अपने परमेश्‍वर यहोवा के लिये जंगल में बलिदान करो; केवल बहुत दूर न जाना, और मेरे लिये विनती करो।” \n"
      }
    ]
  },
  "29": {
    "verseObjects": [
      {
        "type": "text",
        "text": "तब मूसा ने कहा, “सुन, मैं तेरे पास से बाहर जाकर यहोवा से विनती करूँगा कि डांसों के झुण्ड तेरे, और तेरे कर्मचारियों, और प्रजा के पास से कल ही दूर हों; पर फ़िरौन आगे को कपट करके हमें यहोवा के लिये बलिदान करने को जाने देने के लिये मना न करे।” \n"
      },
      {
        "tag": "s5",
        "nextChar": "\n",
        "type": "section"
      }
    ]
  },
  "30": {
    "verseObjects": [
      {
        "type": "text",
        "text": "अतः मूसा ने फ़िरौन के पास से बाहर जाकर यहोवा से विनती की।\n"
      }
    ]
  },
  "31": {
    "verseObjects": [
      {
        "type": "text",
        "text": "और यहोवा ने मूसा के कहे के अनुसार डांसों के झुण्डों को फ़िरौन, और उसके कर्मचारियों, और उसकी प्रजा से दूर किया; यहाँ तक कि एक भी न रहा।\n"
      }
    ]
  },
  "32": {
    "verseObjects": [
      {
        "type": "text",
        "text": "तब फ़िरौन ने इस बार भी अपने मन को कठोर किया, और उन लोगों को जाने न दिया।\n\n"
      },
      {
        "tag": "s5",
        "nextChar": "\n",
        "type": "section"
      }
    ]
  },
  "front": {
    "verseObjects": [
      {
        "tag": "s",
        "type": "section",
        "content": "दूसरी विपत्ति मेंढ़कों का आक्रमण\n"
      },
      {
        "tag": "p",
        "nextChar": "\n",
        "type": "paragraph"
      }
    ]
  }
}