{
  "1": {
    "verseObjects": [
      {
        "type": "text",
        "text": "The first person God created was Adam. Adam's son was Seth. Seth's son was Enosh. Enosh's son was Kenan.\n"
      }
    ]
  },
  "2": {
    "verseObjects": [
      {
        "type": "text",
        "text": "Kenan's son was Mahalalel. Mahalalel's son was Jared. Jared's son was Enoch.\n"
      }
    ]
  },
  "3": {
    "verseObjects": [
      {
        "type": "text",
        "text": "Enoch's son was Methuselah. Methusalah's son was Lamech. Lamech's son was Noah.\n"
      }
    ]
  },
  "4": {
    "verseObjects": [
      {
        "type": "text",
        "text": "Noah's sons were Shem, Ham, and Japheth.\n"
      },
      {
        "tag": "s2",
        "type": "section",
        "content": "These are the sons of Japheth.\n"
      },
      {
        "type": "text",
        "text": "\n"
      },
      {
        "tag": "s5",
        "nextChar": "\n",
        "type": "section"
      },
      {
        "tag": "q",
        "nextChar": "\n",
        "type": "quote"
      }
    ]
  },
  "5": {
    "verseObjects": [
      {
        "type": "text",
        "text": "The sons of Japheth were Gomer, Magog, Madai, Javan, Tubal, Meshech, and Tiras.\n"
      },
      {
        "tag": "q2",
        "nextChar": "\n",
        "type": "quote"
      }
    ]
  },
  "6": {
    "verseObjects": [
      {
        "type": "text",
        "text": "The sons of Gomer were Ashkenaz, Riphath, and Togarmah.\n"
      },
      {
        "tag": "q2",
        "nextChar": "\n",
        "type": "quote"
      }
    ]
  },
  "7": {
    "verseObjects": [
      {
        "type": "text",
        "text": "The sons of Javan were Elishah, Tarshish, Kittim, and Rodanim.\n"
      },
      {
        "tag": "s2",
        "type": "section",
        "content": "These are the sons of Ham.\n"
      },
      {
        "type": "text",
        "text": "\n"
      },
      {
        "tag": "s5",
        "nextChar": "\n",
        "type": "section"
      },
      {
        "tag": "q",
        "nextChar": "\n",
        "type": "quote"
      }
    ]
  },
  "8": {
    "verseObjects": [
      {
        "type": "text",
        "text": "The sons of Ham were Cush, Egypt, Put, and Canaan.\n"
      },
      {
        "tag": "q",
        "nextChar": "\n",
        "type": "quote"
      }
    ]
  },
  "9": {
    "verseObjects": [
      {
        "type": "text",
        "text": "The sons of Cush were Seba, Havilah, Sabta, Raamah, and Sabteka.\n"
      },
      {
        "tag": "q2",
        "type": "quote",
        "text": "The sons of Raamah were Sheba and Dedan.\n"
      },
      {
        "tag": "q",
        "nextChar": "\n",
        "type": "quote"
      }
    ]
  },
  "10": {
    "verseObjects": [
      {
        "type": "text",
        "text": "Another son of Cush was Nimrod. When he grew up, he became a mighty warrior on the earth.\n\n"
      },
      {
        "tag": "s5",
        "nextChar": "\n",
        "type": "section"
      },
      {
        "tag": "q",
        "nextChar": "\n",
        "type": "quote"
      }
    ]
  },
  "11": {
    "verseObjects": [
      {
        "type": "text",
        "text": "Egypt was the ancestor of the Lud , the Anam, the Lehab, the Naphtuh,\n"
      }
    ]
  },
  "12": {
    "verseObjects": [
      {
        "type": "text",
        "text": "the Pathrus, the Kasluh, and the Caphtor people groups. The people of the region of Philistia were descended from the Kasluh people group.\n\n"
      },
      {
        "tag": "s5",
        "nextChar": "\n",
        "type": "section"
      },
      {
        "tag": "q",
        "nextChar": "\n",
        "type": "quote"
      }
    ]
  },
  "13": {
    "verseObjects": [
      {
        "type": "text",
        "text": "Canaan's first son was Sidon. He was also the ancestor of the people groups of the Hethites,\n"
      }
    ]
  },
  "14": {
    "verseObjects": [
      {
        "type": "text",
        "text": "the Jebusites, the Amorites, the Girgashites,\n"
      }
    ]
  },
  "15": {
    "verseObjects": [
      {
        "type": "text",
        "text": "the Hivites, the Arkites, the Sinites,\n"
      }
    ]
  },
  "16": {
    "verseObjects": [
      {
        "type": "text",
        "text": "the Arvadites, the Zemarites, and the Hamathites.\n"
      },
      {
        "tag": "s2",
        "type": "section",
        "content": "These are the descendants of Shem\n"
      },
      {
        "type": "text",
        "text": "\n"
      },
      {
        "tag": "s5",
        "nextChar": "\n",
        "type": "section"
      },
      {
        "tag": "q",
        "nextChar": "\n",
        "type": "quote"
      }
    ]
  },
  "17": {
    "verseObjects": [
      {
        "type": "text",
        "text": "The sons of Shem were Elam, Ashur, Arphaxad, Lud, and Aram.\n"
      },
      {
        "tag": "q",
        "type": "quote",
        "text": "Aram's sons were Uz, Hul, Gether, and Meshech.\n"
      },
      {
        "tag": "q",
        "nextChar": "\n",
        "type": "quote"
      }
    ]
  },
  "18": {
    "verseObjects": [
      {
        "type": "text",
        "text": "Arphachshad was the father of Shelah, who was the father of Eber.\n"
      },
      {
        "tag": "q2",
        "nextChar": "\n",
        "type": "quote"
      }
    ]
  },
  "19": {
    "verseObjects": [
      {
        "type": "text",
        "text": "Eber had two sons. One was named Peleg which sounds like the word that means 'divided' because during the time that he lived, the people on the earth were divided into various language groups. Peleg's younger brother was Joktan.\n\n"
      },
      {
        "tag": "s5",
        "nextChar": "\n",
        "type": "section"
      },
      {
        "tag": "q2",
        "nextChar": "\n",
        "type": "quote"
      }
    ]
  },
  "20": {
    "verseObjects": [
      {
        "type": "text",
        "text": "Joktan was the ancestor of Almodad, Sheleph, Hazarmaveth, Jerah,\n"
      }
    ]
  },
  "21": {
    "verseObjects": [
      {
        "type": "text",
        "text": "Hadoram, Uzal, Diklah,\n"
      }
    ]
  },
  "22": {
    "verseObjects": [
      {
        "type": "text",
        "text": "Obal, Abimael, Sheba,\n"
      }
    ]
  },
  "23": {
    "verseObjects": [
      {
        "type": "text",
        "text": "Ophir, Havilah, and Jobab.\n\n"
      },
      {
        "tag": "s5",
        "nextChar": "\n",
        "type": "section"
      },
      {
        "tag": "q",
        "nextChar": "\n",
        "type": "quote"
      }
    ]
  },
  "24": {
    "verseObjects": [
      {
        "type": "text",
        "text": "These are the descendants of Shem, in order from him to Abraham: Arphaxad, Shelah,\n"
      }
    ]
  },
  "25": {
    "verseObjects": [
      {
        "type": "text",
        "text": "Eber, Peleg, Reu,\n"
      }
    ]
  },
  "26": {
    "verseObjects": [
      {
        "type": "text",
        "text": "Serug, Nahor, Terah,\n"
      }
    ]
  },
  "27": {
    "verseObjects": [
      {
        "type": "text",
        "text": "and Abram, whose name was later changed to Abraham.\n"
      },
      {
        "tag": "s2",
        "type": "section",
        "content": "These are the descendants of Abraham.\n"
      },
      {
        "type": "text",
        "text": "\n"
      },
      {
        "tag": "s5",
        "nextChar": "\n",
        "type": "section"
      },
      {
        "tag": "q",
        "nextChar": "\n",
        "type": "quote"
      }
    ]
  },
  "28": {
    "verseObjects": [
      {
        "type": "text",
        "text": "Abraham's sons were Isaac and Ishmael.\n"
      },
      {
        "tag": "q",
        "nextChar": "\n",
        "type": "quote"
      }
    ]
  },
  "29": {
    "verseObjects": [
      {
        "type": "text",
        "text": "The son of Abraham's slave wife Hagar was Ishmael. Ishmael's twelve sons were Nebaioth, his firstborn, then Kedar, Adbeel, Mibsam,\n"
      }
    ]
  },
  "30": {
    "verseObjects": [
      {
        "type": "text",
        "text": "Mishma, Dumah, Massa, Hadad, Tema,\n"
      }
    ]
  },
  "31": {
    "verseObjects": [
      {
        "type": "text",
        "text": "Jetur, Naphish, and Kedemah.\n\n"
      },
      {
        "tag": "s5",
        "nextChar": "\n",
        "type": "section"
      },
      {
        "tag": "q",
        "nextChar": "\n",
        "type": "quote"
      }
    ]
  },
  "32": {
    "verseObjects": [
      {
        "type": "text",
        "text": "After Abraham's wife Sarah died, he took another wife named Keturah. Her sons were Zimran, Jokshan, Medan, Midian, Ishbak, and Shuah.\n"
      },
      {
        "tag": "q2",
        "type": "quote",
        "text": "Jokshan's sons were Sheba and Dedan.\n"
      },
      {
        "tag": "q2",
        "nextChar": "\n",
        "type": "quote"
      }
    ]
  },
  "33": {
    "verseObjects": [
      {
        "type": "text",
        "text": "Midian's sons were Ephah, Epher, Hanok, Abida, and Eldaah.\n"
      },
      {
        "tag": "s2",
        "type": "section",
        "content": "These are the descendants of Esau.\n"
      },
      {
        "type": "text",
        "text": "\n"
      },
      {
        "tag": "s5",
        "nextChar": "\n",
        "type": "section"
      },
      {
        "tag": "q",
        "nextChar": "\n",
        "type": "quote"
      }
    ]
  },
  "34": {
    "verseObjects": [
      {
        "type": "text",
        "text": "The son of Abraham's wife Sarah was Isaac, and Isaac's sons were Esau and Jacob, whose name was later changed to Israel.\n"
      },
      {
        "tag": "q",
        "nextChar": "\n",
        "type": "quote"
      }
    ]
  },
  "35": {
    "verseObjects": [
      {
        "type": "text",
        "text": "The sons of Esau were Eliphaz, Reuel, Jeush, Jalam, and Korah.\n"
      },
      {
        "tag": "q2",
        "nextChar": "\n",
        "type": "quote"
      }
    ]
  },
  "36": {
    "verseObjects": [
      {
        "type": "text",
        "text": "The sons of Eliphaz were Teman, Omar, Zepho, Gatam, Kenaz, Timna, and Amalek.\n"
      },
      {
        "tag": "q2",
        "nextChar": "\n",
        "type": "quote"
      }
    ]
  },
  "37": {
    "verseObjects": [
      {
        "type": "text",
        "text": "Reuel's sons were Nahath, Zerah, Shammah, and Mizzah.\n"
      },
      {
        "tag": "s2",
        "type": "section",
        "content": "These are the descendants of Seir.\n"
      },
      {
        "type": "text",
        "text": "\n"
      },
      {
        "tag": "s5",
        "nextChar": "\n",
        "type": "section"
      },
      {
        "tag": "q",
        "nextChar": "\n",
        "type": "quote"
      }
    ]
  },
  "38": {
    "verseObjects": [
      {
        "type": "text",
        "text": "Another descendant of Esau was Seir. His descendants lived in the region of Edom. Seir's sons were Lotan, Shobal, Zibeon, Anah, Dishon, Ezer, and Dishan.\n"
      },
      {
        "tag": "q2",
        "nextChar": "\n",
        "type": "quote"
      }
    ]
  },
  "39": {
    "verseObjects": [
      {
        "type": "text",
        "text": "Lotan's sons were Hori and Homam, and Lotan's sister was Timna.\n"
      },
      {
        "tag": "q2",
        "nextChar": "\n",
        "type": "quote"
      }
    ]
  },
  "40": {
    "verseObjects": [
      {
        "type": "text",
        "text": "Shobal's sons were Alvan, Manahath, Ebal, Shepho, and Onam.\n"
      },
      {
        "tag": "q2",
        "type": "quote",
        "text": "Zibeon's sons were Aiah and Anah.\n"
      },
      {
        "type": "text",
        "text": "\n"
      },
      {
        "tag": "s5",
        "nextChar": "\n",
        "type": "section"
      },
      {
        "tag": "q2",
        "nextChar": "\n",
        "type": "quote"
      }
    ]
  },
  "41": {
    "verseObjects": [
      {
        "type": "text",
        "text": "Anah's son was Dishon.\n"
      },
      {
        "tag": "q2",
        "type": "quote",
        "text": "1 Dishon's sons were Hemdan, Eshban, Ithran, and Keran.\n"
      },
      {
        "tag": "q2",
        "nextChar": "\n",
        "type": "quote"
      }
    ]
  },
  "42": {
    "verseObjects": [
      {
        "type": "text",
        "text": "Ezer's sons were Bilhan, Zaavan, and Akan.\n"
      },
      {
        "tag": "q2",
        "type": "quote",
        "text": "Dishan's sons were Uz and Aran.\n"
      },
      {
        "tag": "s2",
        "type": "section",
        "content": "These are the kings of Edom.\n"
      },
      {
        "type": "text",
        "text": "\n"
      },
      {
        "tag": "s5",
        "nextChar": "\n",
        "type": "section"
      },
      {
        "tag": "p",
        "nextChar": "\n",
        "type": "paragraph"
      }
    ]
  },
  "43": {
    "verseObjects": [
      {
        "type": "text",
        "text": "These are the names of the kings who ruled the region of Edom before any kings ruled over Israel:\n"
      },
      {
        "tag": "q",
        "type": "quote",
        "text": "Bela son of Beor, was king in Edom, and the name of the city in which he lived was Dinhabah.\n"
      },
      {
        "tag": "q",
        "nextChar": "\n",
        "type": "quote"
      }
    ]
  },
  "44": {
    "verseObjects": [
      {
        "type": "text",
        "text": "When Bela died, Jobab son of Zerah, from the city of Bozrah, became the king.\n"
      },
      {
        "tag": "q",
        "nextChar": "\n",
        "type": "quote"
      }
    ]
  },
  "45": {
    "verseObjects": [
      {
        "type": "text",
        "text": "When Jobab died, Husham became the king. He was from the region where the Teman people group lived.\n\n"
      },
      {
        "tag": "s5",
        "nextChar": "\n",
        "type": "section"
      },
      {
        "tag": "q",
        "nextChar": "\n",
        "type": "quote"
      }
    ]
  },
  "46": {
    "verseObjects": [
      {
        "type": "text",
        "text": "When Husham died, Hadad son of Bedad, became the king. He ruled in the city of Avith. Hadad's army defeated the army of the Midian people group in the region of Moab.\n"
      },
      {
        "tag": "q",
        "nextChar": "\n",
        "type": "quote"
      }
    ]
  },
  "47": {
    "verseObjects": [
      {
        "type": "text",
        "text": "When Hadad died, Samlah became the king. He was from the city of Masrekah.\n"
      },
      {
        "tag": "q",
        "nextChar": "\n",
        "type": "quote"
      }
    ]
  },
  "48": {
    "verseObjects": [
      {
        "type": "text",
        "text": "When Samlah died, Shaul became the king. He was from the city of Rehoboth Hannahar.\n\n"
      },
      {
        "tag": "s5",
        "nextChar": "\n",
        "type": "section"
      },
      {
        "tag": "q",
        "nextChar": "\n",
        "type": "quote"
      }
    ]
  },
  "49": {
    "verseObjects": [
      {
        "type": "text",
        "text": "When Shaul died, Baal-Hanan son of Akbor became the king.\n"
      },
      {
        "tag": "q",
        "nextChar": "\n",
        "type": "quote"
      }
    ]
  },
  "50": {
    "verseObjects": [
      {
        "type": "text",
        "text": "When Baal-Hanan died, Hadar became the king. He was from the city of Pau. His wife's name was Mehetabel; she was the daughter of Matred and the granddaughter of Me-Zahab.\n\n"
      },
      {
        "tag": "s5",
        "nextChar": "\n",
        "type": "section"
      }
    ]
  },
  "51": {
    "verseObjects": [
      {
        "type": "text",
        "text": "Then Hadad died.\n"
      },
      {
        "tag": "q",
        "type": "quote",
        "text": "The chiefs of the Edom people group were Chiefs Timna, Alvah, Jetheth,\n"
      }
    ]
  },
  "52": {
    "verseObjects": [
      {
        "type": "text",
        "text": "Oholibamah, Elah, Pinon,\n"
      }
    ]
  },
  "53": {
    "verseObjects": [
      {
        "type": "text",
        "text": "Kenaz, Teman, Mibzar,\n"
      }
    ]
  },
  "54": {
    "verseObjects": [
      {
        "type": "text",
        "text": "and Magdiel. These were the chiefs of Edom.\n\n\n"
      },
      {
        "tag": "s5",
        "nextChar": "\n",
        "type": "section"
      }
    ]
  },
  "front": {
    "verseObjects": [
      {
        "type": "text",
        "text": "\n"
      },
      {
        "tag": "s2",
        "type": "section",
        "content": "These are the descendants of Adam\n"
      },
      {
        "tag": "p",
        "nextChar": "\n",
        "type": "paragraph"
      }
    ]
  }
}