{
  "1": {
    "verseObjects": [
      {
        "type": "text",
        "text": "Then the people of Israel came to David at the city of Hebron and said to him, \"Listen, we have the same ancestors that you have.\n"
      }
    ]
  },
  "2": {
    "verseObjects": [
      {
        "type": "text",
        "text": "In the past, when Saul was our king, it was you who led our Israelite soldiers in our battles. You are the one to whom Yahweh our God promised, 'You will be the leader of my people; you will be their king.'\"\n"
      },
      {
        "tag": "p",
        "type": "paragraph",
        "text": "\n"
      }
    ]
  },
  "3": {
    "verseObjects": [
      {
        "type": "text",
        "text": "So all the Israelite elders came to David at Hebron. There David made a sacred agreement with them while Yahweh was listening. They anointed him with olive oil to set him apart to be the king of the Israelite people. That is what Yahweh had previously told the prophet Samuel would happen.\n\n\n"
      },
      {
        "tag": "s5",
        "type": "section",
        "text": "\n"
      },
      {
        "tag": "p",
        "type": "paragraph",
        "text": "\n"
      }
    ]
  },
  "4": {
    "verseObjects": [
      {
        "type": "text",
        "text": "David and all the Israelite soldiers went to Jerusalem. At that time, Jerusalem was called Jebus, and the people who lived there were the Jebus people group.\n"
      }
    ]
  },
  "5": {
    "verseObjects": [
      {
        "type": "text",
        "text": "They said to David, \"Your soldiers will not be able to get inside our city!\" But David's soldiers captured the city, even though it had strong walls around it, and since then it has been called the city of David.\n"
      },
      {
        "tag": "p",
        "type": "paragraph",
        "text": "\n"
      }
    ]
  },
  "6": {
    "verseObjects": [
      {
        "type": "text",
        "text": "What happened was this: David said to his soldiers, \"The one who leads our soldiers to attack the Jebus people group will become the commander of all my army.\" Joab son of Zeruiah, led the soldiers, so he became the commander of all the army.\n\n"
      },
      {
        "tag": "s5",
        "type": "section",
        "text": "\n"
      },
      {
        "tag": "p",
        "type": "paragraph",
        "text": "\n"
      }
    ]
  },
  "7": {
    "verseObjects": [
      {
        "type": "text",
        "text": "After they captured the city with its strong walls around it, David moved there. That is why they named it the city of David.\n"
      }
    ]
  },
  "8": {
    "verseObjects": [
      {
        "type": "text",
        "text": "David's workers rebuilt the city, starting where the land was filled in and extending to the wall that was around the city. Joab's men repaired the other parts of the city.\n"
      }
    ]
  },
  "9": {
    "verseObjects": [
      {
        "type": "text",
        "text": "David became more and more powerful because Yahweh, commander of the angel armies, was with him.\n\n\n"
      },
      {
        "tag": "s5",
        "type": "section",
        "text": "\n"
      },
      {
        "tag": "p",
        "type": "paragraph",
        "text": "\n"
      }
    ]
  },
  "10": {
    "verseObjects": [
      {
        "type": "text",
        "text": "Yahweh had promised that David would become the king. And all the Israelite people were happy that David was their king.\n"
      },
      {
        "tag": "p",
        "type": "paragraph",
        "text": "There were many soldiers who helped David's kingdom to remain strong.\n"
      }
    ]
  },
  "11": {
    "verseObjects": [
      {
        "type": "text",
        "text": "This is a list of David's most outstanding warriors:\n"
      },
      {
        "tag": "p",
        "type": "paragraph",
        "text": "Jashobeam was from the Hachmon clan. He was the leader of the officers. One time he fought against three hundred enemies and killed them all with his spear.\n"
      },
      {
        "type": "text",
        "text": "\n"
      },
      {
        "tag": "s5",
        "type": "section",
        "text": "\n"
      },
      {
        "tag": "p",
        "type": "paragraph",
        "text": "\n"
      }
    ]
  },
  "12": {
    "verseObjects": [
      {
        "type": "text",
        "text": "Next was Eleazar son of Dodo, from the clan of Ahoh. He was one of David's three mighty men.\n"
      }
    ]
  },
  "13": {
    "verseObjects": [
      {
        "type": "text",
        "text": "One day he was with David at Pas Dammim when the soldiers of Philistia gathered there for the battle. There was a field of barley there. At first the Israelite soldiers ran away from the soldiers of Philistia,\n"
      }
    ]
  },
  "14": {
    "verseObjects": [
      {
        "type": "text",
        "text": "but then David and Eleazar stopped in the middle of the field and fought to defend it and killed many of the soldiers of Philistia. Yahweh enabled them to win a great victory on that day.\n\n"
      },
      {
        "tag": "s5",
        "type": "section",
        "text": "\n"
      },
      {
        "tag": "p",
        "type": "paragraph",
        "text": "\n"
      }
    ]
  },
  "15": {
    "verseObjects": [
      {
        "type": "text",
        "text": "One time three of David's thirty greatest warriors came to David when he was camping next to the huge rock outside the cave near Adullam. At that same time, the army of Philistia had camped in the Valley of Rephaim.\n"
      }
    ]
  },
  "16": {
    "verseObjects": [
      {
        "type": "text",
        "text": "David was in a fortress, and some of the soldiers of Philistia were occupying Bethlehem.\n"
      }
    ]
  },
  "17": {
    "verseObjects": [
      {
        "type": "text",
        "text": "One day David very much wanted some water to drink and said, \"I wish that someone would bring me some water from the well near the gate at Bethlehem!\"\n\n"
      },
      {
        "tag": "s5",
        "type": "section",
        "text": "\n"
      }
    ]
  },
  "18": {
    "verseObjects": [
      {
        "type": "text",
        "text": "So the three greatest warriors forced through the camp of Philistia soldiers and drew some water from the well, and brought it to David. But he would not drink it. Instead, he poured it out on the ground to be an offering to Yahweh.\n"
      }
    ]
  },
  "19": {
    "verseObjects": [
      {
        "type": "text",
        "text": "He said, \"Yahweh, it would certainly not be right for me to drink this water! That would be like drinking the blood of these men who were willing to die for me!\" So he refused to drink it.\n"
      },
      {
        "tag": "p",
        "type": "paragraph",
        "text": "That was one of the things that David's three greatest warriors did.\n"
      },
      {
        "type": "text",
        "text": "\n"
      },
      {
        "tag": "s5",
        "type": "section",
        "text": "\n"
      },
      {
        "tag": "p",
        "type": "paragraph",
        "text": "\n"
      }
    ]
  },
  "20": {
    "verseObjects": [
      {
        "type": "text",
        "text": "Joab's younger brother Abishai was the leader of the greatest warriors (called \"The Three\") and they gave him the great honor. One time Abishai fought three hundred enemy soldiers with his spear, and he killed them all.\n"
      }
    ]
  },
  "21": {
    "verseObjects": [
      {
        "type": "text",
        "text": "So he became as famous as the three greatest warriors (called \"The Three\"). He became their commander, even though \"The Three\" did not count him in their number.\n\n"
      },
      {
        "tag": "s5",
        "type": "section",
        "text": "\n"
      },
      {
        "tag": "p",
        "type": "paragraph",
        "text": "\n"
      }
    ]
  },
  "22": {
    "verseObjects": [
      {
        "type": "text",
        "text": "Jehoiada's son Benaiah was a brave soldier from the city of Kabzeel who did great deeds. He killed two of the best warriors from the Moab people group. One day he went down into a pit when snow was falling on the ground and killed a lion there.\n"
      }
    ]
  },
  "23": {
    "verseObjects": [
      {
        "type": "text",
        "text": "He also killed a soldier from Egypt who was two and one-third meters tall. The soldier from Egypt carried a spear that was as long as a weaver's rod. Benaiah had only a club, but he grabbed the other man's spear and killed him with it.\n\n"
      },
      {
        "tag": "s5",
        "type": "section",
        "text": "\n"
      }
    ]
  },
  "24": {
    "verseObjects": [
      {
        "type": "text",
        "text": "Those are some of the things that Benaiah did. So he became as famous as the three greatest warriors.\n"
      }
    ]
  },
  "25": {
    "verseObjects": [
      {
        "type": "text",
        "text": "He was more honored that the other members of the group of thirty great warriors, but he did not become a member of the group of three most outstanding warriors. David appointed him to be the leader of his bodyguards.\n\n"
      },
      {
        "tag": "s5",
        "type": "section",
        "text": "\n"
      },
      {
        "tag": "q",
        "type": "quote",
        "text": "\n"
      }
    ]
  },
  "26": {
    "verseObjects": [
      {
        "type": "text",
        "text": "These are the names of the great warriors:\n"
      },
      {
        "tag": "q2",
        "type": "quote",
        "text": "Asahel, younger brother of Joab;\n"
      },
      {
        "tag": "q2",
        "type": "quote",
        "text": "Elhanan son of Dodo, from Bethlehem;\n"
      },
      {
        "tag": "q2",
        "type": "quote",
        "text": "\n"
      }
    ]
  },
  "27": {
    "verseObjects": [
      {
        "type": "text",
        "text": "Shammoth, from the Harod;\n"
      },
      {
        "tag": "q2",
        "type": "quote",
        "text": "Helez, from the Pelon;\n"
      },
      {
        "tag": "q2",
        "type": "quote",
        "text": "\n"
      }
    ]
  },
  "28": {
    "verseObjects": [
      {
        "type": "text",
        "text": "Ira son of Ikkesh, from Tekoa;\n"
      },
      {
        "tag": "q2",
        "type": "quote",
        "text": "Abiezer, from Anathoth;\n"
      },
      {
        "tag": "q2",
        "type": "quote",
        "text": "\n"
      }
    ]
  },
  "29": {
    "verseObjects": [
      {
        "type": "text",
        "text": "Sibbekai, from Hushah;\n"
      },
      {
        "tag": "q2",
        "type": "quote",
        "text": "Ilai from Ahoh;\n"
      },
      {
        "type": "text",
        "text": "\n"
      },
      {
        "tag": "s5",
        "type": "section",
        "text": "\n"
      },
      {
        "tag": "q2",
        "type": "quote",
        "text": "\n"
      }
    ]
  },
  "30": {
    "verseObjects": [
      {
        "type": "text",
        "text": "Maharai, from Netophah;\n"
      },
      {
        "tag": "q2",
        "type": "quote",
        "text": "Heled, theson of Baanah, also from Netophah;\n"
      },
      {
        "tag": "q2",
        "type": "quote",
        "text": "\n"
      }
    ]
  },
  "31": {
    "verseObjects": [
      {
        "type": "text",
        "text": "Ithai, son of Ribai, from Gibeah in the land that belonged to the tribe of Benjamin;\n"
      },
      {
        "tag": "q2",
        "type": "quote",
        "text": "Benaiah, from Pirathon town;\n"
      },
      {
        "tag": "q2",
        "type": "quote",
        "text": "\n"
      }
    ]
  },
  "32": {
    "verseObjects": [
      {
        "type": "text",
        "text": "Hurai, from the valleys near Mount Gaash;\n"
      },
      {
        "tag": "q2",
        "type": "quote",
        "text": "Abiel from the clan of Arabah;\n"
      },
      {
        "tag": "q2",
        "type": "quote",
        "text": "\n"
      }
    ]
  },
  "33": {
    "verseObjects": [
      {
        "type": "text",
        "text": "Azmaveth, from Baharum;\n"
      },
      {
        "tag": "q2",
        "type": "quote",
        "text": "Eliahba, from Shaalbon;\n"
      },
      {
        "type": "text",
        "text": "\n"
      },
      {
        "tag": "s5",
        "type": "section",
        "text": "\n"
      },
      {
        "tag": "q2",
        "type": "quote",
        "text": "\n"
      }
    ]
  },
  "34": {
    "verseObjects": [
      {
        "type": "text",
        "text": "The sons of Hashem from Gizon;\n"
      },
      {
        "tag": "q2",
        "type": "quote",
        "text": "Jonathan son of Shagee from the Harar;\n"
      },
      {
        "tag": "q2",
        "type": "quote",
        "text": "\n"
      }
    ]
  },
  "35": {
    "verseObjects": [
      {
        "type": "text",
        "text": "Ahiam son of Sharar from Harar;\n"
      },
      {
        "tag": "q2",
        "type": "quote",
        "text": "Eliphal son of Ur;\n"
      },
      {
        "tag": "q2",
        "type": "quote",
        "text": "\n"
      }
    ]
  },
  "36": {
    "verseObjects": [
      {
        "type": "text",
        "text": "Hepher from the Mekerath clan;\n"
      },
      {
        "tag": "q2",
        "type": "quote",
        "text": "Ahijah from the Pelon;\n"
      },
      {
        "tag": "q2",
        "type": "quote",
        "text": "\n"
      }
    ]
  },
  "37": {
    "verseObjects": [
      {
        "type": "text",
        "text": "Hezro from Carmel;\n"
      },
      {
        "tag": "q2",
        "type": "quote",
        "text": "Naarai son of Ezbai;\n"
      },
      {
        "type": "text",
        "text": "\n"
      },
      {
        "tag": "s5",
        "type": "section",
        "text": "\n"
      },
      {
        "tag": "q2",
        "type": "quote",
        "text": "\n"
      }
    ]
  },
  "38": {
    "verseObjects": [
      {
        "type": "text",
        "text": "Joel the younger brother of Nathan;\n"
      },
      {
        "tag": "q2",
        "type": "quote",
        "text": "Mibhar son of Hagri;\n"
      },
      {
        "tag": "q2",
        "type": "quote",
        "text": "\n"
      }
    ]
  },
  "39": {
    "verseObjects": [
      {
        "type": "text",
        "text": "Zelek from the Ammon people group;\n"
      },
      {
        "tag": "q2",
        "type": "quote",
        "text": "Naharai, the man who carried Joab's weapons, from Beeroth;\n"
      },
      {
        "tag": "q2",
        "type": "quote",
        "text": "\n"
      }
    ]
  },
  "40": {
    "verseObjects": [
      {
        "type": "text",
        "text": "Ira and Gareb from Jattir;\n"
      },
      {
        "tag": "q2",
        "type": "quote",
        "text": "\n"
      }
    ]
  },
  "41": {
    "verseObjects": [
      {
        "type": "text",
        "text": "Uriah, Bathsheba's husband, from the Heth people group;\n"
      },
      {
        "tag": "q2",
        "type": "quote",
        "text": "Zabad son of Ahlai;\n"
      },
      {
        "type": "text",
        "text": "\n"
      },
      {
        "tag": "s5",
        "type": "section",
        "text": "\n"
      },
      {
        "tag": "q2",
        "type": "quote",
        "text": "\n"
      }
    ]
  },
  "42": {
    "verseObjects": [
      {
        "type": "text",
        "text": "Adina son of Shiza, a leader from the tribe of Reuben, who had thirty soldiers with him;\n"
      },
      {
        "tag": "q2",
        "type": "quote",
        "text": "\n"
      }
    ]
  },
  "43": {
    "verseObjects": [
      {
        "type": "text",
        "text": "Hanan son of Maacah;\n"
      },
      {
        "tag": "q2",
        "type": "quote",
        "text": "Joshaphat from Mithna;\n"
      },
      {
        "tag": "q2",
        "type": "quote",
        "text": "\n"
      }
    ]
  },
  "44": {
    "verseObjects": [
      {
        "type": "text",
        "text": "Uzzia from Ashterath;\n"
      },
      {
        "tag": "q2",
        "type": "quote",
        "text": "Shama and Jeiel, sons of Hotham, from Aroer.\n"
      },
      {
        "type": "text",
        "text": "\n"
      },
      {
        "tag": "s5",
        "type": "section",
        "text": "\n"
      },
      {
        "tag": "q2",
        "type": "quote",
        "text": "\n"
      }
    ]
  },
  "45": {
    "verseObjects": [
      {
        "type": "text",
        "text": "Jediael son of Shimri\n"
      },
      {
        "tag": "q2",
        "type": "quote",
        "text": "and his younger brother Joha, from Tiz town;\n"
      },
      {
        "tag": "q2",
        "type": "quote",
        "text": "\n"
      }
    ]
  },
  "46": {
    "verseObjects": [
      {
        "type": "text",
        "text": "Eliel from Mahavah;\n"
      },
      {
        "tag": "q2",
        "type": "quote",
        "text": "Jeribai and Joshaviah, sons of Elnaam;\n"
      },
      {
        "tag": "q2",
        "type": "quote",
        "text": "Ithmah from the Moab;\n"
      },
      {
        "tag": "q2",
        "type": "quote",
        "text": "\n"
      }
    ]
  },
  "47": {
    "verseObjects": [
      {
        "type": "text",
        "text": "Eliel and Obed,\n"
      },
      {
        "tag": "q2",
        "type": "quote",
        "text": "and Jaasiel from Zobah.\n"
      },
      {
        "type": "text",
        "text": "\n\n"
      },
      {
        "tag": "s5",
        "type": "section",
        "text": "\n"
      }
    ]
  },
  "front": {
    "verseObjects": [
      {
        "type": "text",
        "text": "\n"
      },
      {
        "tag": "p",
        "type": "paragraph",
        "text": "\n"
      }
    ]
  }
}