{
  "1": {
    "verseObjects": [
      {
        "type": "text",
        "text": "David commanded his workers to build houses for himself in Jerusalem. He also told them to set up a tent in which to put the sacred chest.\n"
      }
    ]
  },
  "2": {
    "verseObjects": [
      {
        "type": "text",
        "text": "He said, \"Only the descendants of Levi are permitted to carry God's sacred chest, because they are the ones whom Yahweh chose to carry it and to serve him forever.\"\n"
      },
      {
        "tag": "p",
        "type": "paragraph",
        "text": "\n"
      }
    ]
  },
  "3": {
    "verseObjects": [
      {
        "type": "text",
        "text": "David summoned all the people of Israel to come to Jerusalem. He wanted the sacred chest of Yahweh to be put in the place that he had made for it.\n\n"
      },
      {
        "tag": "s5",
        "type": "section",
        "text": "\n"
      }
    ]
  },
  "4": {
    "verseObjects": [
      {
        "type": "text",
        "text": "He summoned the descendants of Aaron, who was the first high priest, and the descendants of Levi.\n"
      },
      {
        "tag": "li",
        "content": "\n"
      }
    ]
  },
  "5": {
    "verseObjects": [
      {
        "type": "text",
        "text": "120 descendants of Kohath, who was Levi's second son, came, with Uriel their leader.\n"
      },
      {
        "tag": "q",
        "type": "quote",
        "text": "\n"
      }
    ]
  },
  "6": {
    "verseObjects": [
      {
        "type": "text",
        "text": "There were 220 descendants of Merari, Levi's third son, who came, with Asaiah their leader.\n\n"
      },
      {
        "tag": "s5",
        "type": "section",
        "text": "\n"
      },
      {
        "tag": "q",
        "type": "quote",
        "text": "\n"
      }
    ]
  },
  "7": {
    "verseObjects": [
      {
        "type": "text",
        "text": "There were 130 descendants of Gershon, Levi's first son, who came, with Joel their leader.\n"
      },
      {
        "tag": "q",
        "type": "quote",
        "text": "\n"
      }
    ]
  },
  "8": {
    "verseObjects": [
      {
        "type": "text",
        "text": "Also, there were 200 people from Elizaphan's clan who came, with Shemaiah their leader.\n"
      },
      {
        "tag": "q",
        "type": "quote",
        "text": "\n"
      }
    ]
  },
  "9": {
    "verseObjects": [
      {
        "type": "text",
        "text": "There were 80 people from Hebron's clan who came, with Eliel their leader.\n"
      },
      {
        "tag": "q",
        "type": "quote",
        "text": "\n"
      }
    ]
  },
  "10": {
    "verseObjects": [
      {
        "type": "text",
        "text": "And there were 112 people from Uzziel's clan who came, with Amminadab their leader.\n\n"
      },
      {
        "tag": "s5",
        "type": "section",
        "text": "\n"
      },
      {
        "tag": "p",
        "type": "paragraph",
        "text": "\n"
      }
    ]
  },
  "11": {
    "verseObjects": [
      {
        "type": "text",
        "text": "David summoned the priests Zadok and Abiathar and these descendants of Levi: Uriel, Asaiah, Joel, Shemaiah, Eliel, and Amminadab.\n"
      }
    ]
  },
  "12": {
    "verseObjects": [
      {
        "type": "text",
        "text": "David said to them, \"You are the leaders of the clans descended from Levi. You and the other descendants of Levi must purify yourselves, in order to be able to do this special work for Yahweh. You must bring the sacred chest of Yahweh, the God of us Israelites, up to the place that I have made for it here in Jerusalem.\n\n"
      },
      {
        "tag": "s5",
        "type": "section",
        "text": "\n"
      }
    ]
  },
  "13": {
    "verseObjects": [
      {
        "type": "text",
        "text": "The first time that we tried to bring it, we did not ask Yahweh how we should carry it. You descendants of Levi were not the ones who carried it, so Yahweh our God punished us.\"\n"
      },
      {
        "tag": "p",
        "type": "paragraph",
        "text": "\n"
      }
    ]
  },
  "14": {
    "verseObjects": [
      {
        "type": "text",
        "text": "Then the priests and the descendants of Levi performed the rituals to purify themselves, in order that it would be proper for them to do the work of carrying the sacred chest of Yahweh, the God of the Israelite people.\n"
      }
    ]
  },
  "15": {
    "verseObjects": [
      {
        "type": "text",
        "text": "The descendants of Levi fastened poles to the sacred chest so that they could carry it by fastening poles to it and putting it on their shoulders, as Moses had commanded, and as Yahweh had said that they should.\n\n"
      },
      {
        "tag": "s5",
        "type": "section",
        "text": "\n"
      },
      {
        "tag": "p",
        "type": "paragraph",
        "text": "\n"
      }
    ]
  },
  "16": {
    "verseObjects": [
      {
        "type": "text",
        "text": "David told the leaders of the descendants of Levi to appoint some of their relatives to sing and play lyres, harps, and cymbals, and to sing joyful songs while they were carrying the sacred chest.\n"
      },
      {
        "tag": "p",
        "type": "paragraph",
        "text": "\n"
      }
    ]
  },
  "17": {
    "verseObjects": [
      {
        "type": "text",
        "text": "So they appointed Heman and his relatives Asaph and Ethan. Heman son of Joel; Asaph son of Berekiah. Ethan son of Kushaiah, was a descendant of Merari.\n"
      }
    ]
  },
  "18": {
    "verseObjects": [
      {
        "type": "text",
        "text": "There was also another group of descendants of Levi who were appointed: Zechariah, Jaaziel, Shemiramoth, Jehiel, Unni, Eliab, Benaiah, Maaseiah, Mattithiah, Eliphelehu, Mikneiah, and two of the temple gatekeepers, Obed Edom and Jeiel.\n\n"
      },
      {
        "tag": "s5",
        "type": "section",
        "text": "\n"
      },
      {
        "tag": "p",
        "type": "paragraph",
        "text": "\n"
      }
    ]
  },
  "19": {
    "verseObjects": [
      {
        "type": "text",
        "text": "Heman, Asaph and Ethan sang, but also played bronze cymbals.\n"
      }
    ]
  },
  "20": {
    "verseObjects": [
      {
        "type": "text",
        "text": "Zechariah, Aziel, Shemiramoth, Jehiel, Unni, Eliab, Maaseiah, and Benaiah played lyres.\n"
      }
    ]
  },
  "21": {
    "verseObjects": [
      {
        "type": "text",
        "text": "Mattithiah, Eliphelehu, Mikneiah, Obed Edom, Jeiel and Azaziah played harps.\n\n"
      },
      {
        "tag": "s5",
        "type": "section",
        "text": "\n"
      }
    ]
  },
  "22": {
    "verseObjects": [
      {
        "type": "text",
        "text": "Kenaniah, the leader of the descendants of Levi, directed the singing because he was very capable of doing that.\n"
      },
      {
        "tag": "p",
        "type": "paragraph",
        "text": "\n"
      }
    ]
  },
  "23": {
    "verseObjects": [
      {
        "type": "text",
        "text": "Berekiah and Elkanah were two of the men who guarded the sacred chest.\n"
      }
    ]
  },
  "24": {
    "verseObjects": [
      {
        "type": "text",
        "text": "The priests Shebaniah, Joshaphat, Nethanel, Amasai, Zechariah, Benaiah, and Eliezer were appointed to blow trumpets in front of the sacred chest. Obed Edom and Jehiah also guarded the sacred chest.\n\n"
      },
      {
        "tag": "s5",
        "type": "section",
        "text": "\n"
      },
      {
        "tag": "p",
        "type": "paragraph",
        "text": "\n"
      }
    ]
  },
  "25": {
    "verseObjects": [
      {
        "type": "text",
        "text": "David and the Israelite leaders and the officers who commanded one thousand soldiers went to get the sacred chest. They went to bring it from Obed Edom's house. They went very joyfully.\n"
      }
    ]
  },
  "26": {
    "verseObjects": [
      {
        "type": "text",
        "text": "God helped the descendants of Levi who carried the sacred chest of Yahweh; therefore David and the leaders sacrificed seven bulls and seven rams to thank him.\n\n"
      },
      {
        "tag": "s5",
        "type": "section",
        "text": "\n"
      }
    ]
  },
  "27": {
    "verseObjects": [
      {
        "type": "text",
        "text": "All the descendants of Levi who carried the sacred chest, all the singers, and Kenaniah, the man who directed those who sang, all wore robes of fine white linen and sacred vests made of fine linen. David also wore a waistcloth made of white linen.\n"
      }
    ]
  },
  "28": {
    "verseObjects": [
      {
        "type": "text",
        "text": "So all the of Israelite people joined in bringing the sacred chest up to Jerusalem. They shouted, blew horns and trumpets, and played cymbals, lyres, and harps.\n\n"
      },
      {
        "tag": "s5",
        "type": "section",
        "text": "\n"
      },
      {
        "tag": "p",
        "type": "paragraph",
        "text": "\n"
      }
    ]
  },
  "29": {
    "verseObjects": [
      {
        "type": "text",
        "text": "While they were bringing the sacred chest into Jerusalem, Saul's daughter Michal watched them, looking out of a window. When she saw King David dancing and celebrating, she despised him.\n\n\n"
      },
      {
        "tag": "s5",
        "type": "section",
        "text": "\n"
      }
    ]
  },
  "front": {
    "verseObjects": [
      {
        "type": "text",
        "text": "\n"
      },
      {
        "tag": "p",
        "type": "paragraph",
        "text": "\n"
      }
    ]
  }
}