{
  "1": {
    "verseObjects": [
      {
        "type": "text",
        "text": "The sons of Jacob were Reuben, Simeon, Levi, Judah, Issachar, Zebulun,\n"
      }
    ]
  },
  "2": {
    "verseObjects": [
      {
        "type": "text",
        "text": "Dan, Joseph, Benjamin, Naphtali, Gad, and Asher.\n"
      },
      {
        "tag": "s2",
        "type": "section",
        "text": "These are the descendants of Judah.\n"
      },
      {
        "type": "text",
        "text": "\n"
      },
      {
        "tag": "s5",
        "type": "section",
        "text": "\n"
      },
      {
        "tag": "q",
        "type": "quote",
        "text": "\n"
      }
    ]
  },
  "3": {
    "verseObjects": [
      {
        "type": "text",
        "text": "Judah's sons were Er, Onan, and Shelah. Their mother was the daughter of Shua from the Canaan people group. When Judah's oldest son Er grew up, he did something that Yahweh considered to be very wicked, so Yahweh caused him to die.\n"
      }
    ]
  },
  "4": {
    "verseObjects": [
      {
        "type": "text",
        "text": "Judah and his daughter-in-law Tamar had twin boys named Perez and Zerah. So altogether Judah had five sons.\n\n"
      },
      {
        "tag": "s5",
        "type": "section",
        "text": "\n"
      },
      {
        "tag": "q",
        "type": "quote",
        "text": "\n"
      }
    ]
  },
  "5": {
    "verseObjects": [
      {
        "type": "text",
        "text": "The sons of Perez were Hezron and Hamul.\n"
      },
      {
        "tag": "q",
        "type": "quote",
        "text": "\n"
      }
    ]
  },
  "6": {
    "verseObjects": [
      {
        "type": "text",
        "text": "Zerah had five sons: Zimri, Ethan, Heman, Kalkol, and Darda.\n"
      },
      {
        "tag": "q2",
        "type": "quote",
        "text": "\n"
      }
    ]
  },
  "7": {
    "verseObjects": [
      {
        "type": "text",
        "text": "One of the sons of Zimri was Karmi. Karmi's son Achar caused the people of Israel to experience much trouble, because he stole some of the things that were to be destroyed because they were dedicated to God.\n"
      },
      {
        "tag": "q2",
        "type": "quote",
        "text": "\n"
      }
    ]
  },
  "8": {
    "verseObjects": [
      {
        "type": "text",
        "text": "Ethan's son was Azariah.\n\n"
      },
      {
        "tag": "s5",
        "type": "section",
        "text": "\n"
      },
      {
        "tag": "q",
        "type": "quote",
        "text": "\n"
      }
    ]
  },
  "9": {
    "verseObjects": [
      {
        "type": "text",
        "text": "Hezron's sons were Jerahmeel, Ram, and Caleb.\n"
      },
      {
        "tag": "q2",
        "type": "quote",
        "text": "\n"
      }
    ]
  },
  "10": {
    "verseObjects": [
      {
        "type": "text",
        "text": "Ram was the father of Amminadab, and Amminadab was the father of Nahshon. Nahshon was a leader of the tribe of Judah.\n"
      },
      {
        "tag": "q2",
        "type": "quote",
        "text": "\n"
      }
    ]
  },
  "11": {
    "verseObjects": [
      {
        "type": "text",
        "text": "Nahshon was the father of Salmon, who was the father of Boaz.\n"
      }
    ]
  },
  "12": {
    "verseObjects": [
      {
        "type": "text",
        "text": "Boaz was the father of Obed, and Obed was the father of Jesse.\n\n"
      },
      {
        "tag": "s5",
        "type": "section",
        "text": "\n"
      },
      {
        "tag": "q2",
        "type": "quote",
        "text": "\n"
      }
    ]
  },
  "13": {
    "verseObjects": [
      {
        "type": "text",
        "text": "Jesse's oldest son was Eliab. His other sons were Abinadab, Shimea,\n"
      }
    ]
  },
  "14": {
    "verseObjects": [
      {
        "type": "text",
        "text": "Nethanel, Raddai,\n"
      }
    ]
  },
  "15": {
    "verseObjects": [
      {
        "type": "text",
        "text": "Ozem. The youngest was David.\n\n"
      },
      {
        "tag": "s5",
        "type": "section",
        "text": "\n"
      },
      {
        "tag": "q2",
        "type": "quote",
        "text": "\n"
      }
    ]
  },
  "16": {
    "verseObjects": [
      {
        "type": "text",
        "text": "Their sisters were Zeruiah and Abigail. Zeruiah's three sons were Abishai, Joab, and Asahel.\n"
      }
    ]
  },
  "17": {
    "verseObjects": [
      {
        "type": "text",
        "text": "Abigail's husband was Jether, a descendant of Ishmael, and their son was Amasa,\n"
      },
      {
        "tag": "s2",
        "type": "section",
        "text": "Descendants of Hezron\n"
      },
      {
        "type": "text",
        "text": "\n"
      },
      {
        "tag": "s5",
        "type": "section",
        "text": "\n"
      },
      {
        "tag": "q",
        "type": "quote",
        "text": "\n"
      }
    ]
  },
  "18": {
    "verseObjects": [
      {
        "type": "text",
        "text": "Hezron's younger son Caleb had two wives. One of them, Azubah, gave birth to three sons, Jesher, Shobab, and Ardon. (The other wife's name was Jerioth.)\n"
      }
    ]
  },
  "19": {
    "verseObjects": [
      {
        "type": "text",
        "text": "When Azubah died, Caleb married Ephrath. Their son was Hur.\n"
      }
    ]
  },
  "20": {
    "verseObjects": [
      {
        "type": "text",
        "text": "Hur was the father of Uri, and Uri was the father of Bezalel.\n\n"
      },
      {
        "tag": "s5",
        "type": "section",
        "text": "\n"
      },
      {
        "tag": "q",
        "type": "quote",
        "text": "\n"
      }
    ]
  },
  "21": {
    "verseObjects": [
      {
        "type": "text",
        "text": "When Hezron was sixty years old, he married a daughter of Makir, who was also the father of Gilead. The son of Hezron and Makir was Segub.\n"
      }
    ]
  },
  "22": {
    "verseObjects": [
      {
        "type": "text",
        "text": "Segub was the father of Jair. Jair's army controlled twenty-three cities in the region ruled by Gilead.\n\n"
      },
      {
        "tag": "s5",
        "type": "section",
        "text": "\n"
      },
      {
        "tag": "q",
        "type": "quote",
        "text": "\n"
      }
    ]
  },
  "23": {
    "verseObjects": [
      {
        "type": "text",
        "text": "But the armies of Geshur and Aram captured those towns controlled by Jair. They also captured the city of Kenath and the nearby towns; altogether they captured sixty towns. The people who lived there were all descendants of Makir, the father of Gilead.\n"
      },
      {
        "tag": "q",
        "type": "quote",
        "text": "\n"
      }
    ]
  },
  "24": {
    "verseObjects": [
      {
        "type": "text",
        "text": "Shortly after Hezron died, Caleb slept with Ephrathah, his father's widow. She bore a son for Caleb, whose name was Ashhur. Asshur became the father of Tekoa.\n\n "
      },
      {
        "tag": "s2",
        "type": "section",
        "text": "Jerahmeel's descendants\n"
      },
      {
        "type": "text",
        "text": "\n"
      },
      {
        "tag": "s5",
        "type": "section",
        "text": "\n"
      },
      {
        "tag": "q",
        "type": "quote",
        "text": "\n"
      }
    ]
  },
  "25": {
    "verseObjects": [
      {
        "type": "text",
        "text": "Hezron's oldest son was Jerahmeel. His sons were Ram, Bunah, Oren, Ozem, and Ahijah. Jerahmeel's oldest son was Ram.\n"
      }
    ]
  },
  "26": {
    "verseObjects": [
      {
        "type": "text",
        "text": "Jerahmeel had another wife named Atarah. Their son was Onam.\n"
      },
      {
        "tag": "q",
        "type": "quote",
        "text": "\n"
      }
    ]
  },
  "27": {
    "verseObjects": [
      {
        "type": "text",
        "text": "The sons of Ram, Jerahmeel's oldest son, were Maaz, Jamin, and Eker.\n"
      },
      {
        "tag": "q",
        "type": "quote",
        "text": "\n"
      }
    ]
  },
  "28": {
    "verseObjects": [
      {
        "type": "text",
        "text": "Onam's sons were Shammai and Jada.\n"
      },
      {
        "tag": "q",
        "type": "quote",
        "text": "Shammai's sons were Nadab and Abishur.\n"
      },
      {
        "type": "text",
        "text": "\n"
      },
      {
        "tag": "s5",
        "type": "section",
        "text": "\n"
      },
      {
        "tag": "q2",
        "type": "quote",
        "text": "\n"
      }
    ]
  },
  "29": {
    "verseObjects": [
      {
        "type": "text",
        "text": "Abishur's wife was Abihail. The sons of Abishur and Abihail were Ahban and Molid.\n"
      },
      {
        "tag": "q2",
        "type": "quote",
        "text": "\n"
      }
    ]
  },
  "30": {
    "verseObjects": [
      {
        "type": "text",
        "text": "Nadab's sons were Seled and Appaim. Seled did not have any children.\n"
      }
    ]
  },
  "31": {
    "verseObjects": [
      {
        "type": "text",
        "text": "Appaim's son was Ishi; Ishi's son was Sheshan. One of Sheshan's daughters was Ahlai.\n"
      },
      {
        "tag": "li",
        "content": "\n"
      }
    ]
  },
  "32": {
    "verseObjects": [
      {
        "type": "text",
        "text": "Shammai's younger brother was Jada. Jada's sons were Jether and Jonathan. Jether did not have any children.\n"
      },
      {
        "tag": "q",
        "type": "quote",
        "text": "\n"
      }
    ]
  },
  "33": {
    "verseObjects": [
      {
        "type": "text",
        "text": "Jonathan's sons were Peleth and Zaza.\n"
      },
      {
        "tag": "q",
        "type": "quote",
        "text": "Those were the descendants of Jerahmeel.\n"
      },
      {
        "type": "text",
        "text": "\n"
      },
      {
        "tag": "s5",
        "type": "section",
        "text": "\n"
      },
      {
        "tag": "q",
        "type": "quote",
        "text": "\n"
      }
    ]
  },
  "34": {
    "verseObjects": [
      {
        "type": "text",
        "text": "Sheshan did not have any sons; he had only daughters. He had a servant from Egypt whose name was Jarha.\n"
      }
    ]
  },
  "35": {
    "verseObjects": [
      {
        "type": "text",
        "text": "Sheshan allowed his daughter to marry Jarha, and their son was Attai.\n\n"
      },
      {
        "tag": "s5",
        "type": "section",
        "text": "\n"
      },
      {
        "tag": "q",
        "type": "quote",
        "text": "\n"
      }
    ]
  },
  "36": {
    "verseObjects": [
      {
        "type": "text",
        "text": "Attai was the father of Nathan.\n"
      },
      {
        "tag": "q",
        "type": "quote",
        "text": "Nathan was the father of Zabad.\n"
      },
      {
        "tag": "q",
        "type": "quote",
        "text": "\n"
      }
    ]
  },
  "37": {
    "verseObjects": [
      {
        "type": "text",
        "text": "Zabad was the father of Ephlal.\n"
      },
      {
        "tag": "q",
        "type": "quote",
        "text": "Ephlal was the father of Obed.\n"
      },
      {
        "tag": "q",
        "type": "quote",
        "text": "\n"
      }
    ]
  },
  "38": {
    "verseObjects": [
      {
        "type": "text",
        "text": "Obed was the father of Jehu.\n"
      },
      {
        "tag": "q",
        "type": "quote",
        "text": "Jehu was the father of Azariah.\n"
      },
      {
        "type": "text",
        "text": "\n"
      },
      {
        "tag": "s5",
        "type": "section",
        "text": "\n"
      },
      {
        "tag": "q",
        "type": "quote",
        "text": "\n"
      }
    ]
  },
  "39": {
    "verseObjects": [
      {
        "type": "text",
        "text": "Azariah was the father of Helez.\n"
      },
      {
        "tag": "q",
        "type": "quote",
        "text": "Helez was the father of Eleasah.\n"
      },
      {
        "tag": "q",
        "type": "quote",
        "text": "\n"
      }
    ]
  },
  "40": {
    "verseObjects": [
      {
        "type": "text",
        "text": "Eleasah was the father of Sismai.\n"
      },
      {
        "tag": "q",
        "type": "quote",
        "text": "Sismai was the father of Shallum.\n"
      },
      {
        "tag": "q",
        "type": "quote",
        "text": "\n"
      }
    ]
  },
  "41": {
    "verseObjects": [
      {
        "type": "text",
        "text": "Shallum was the father of Jekamiah.\n"
      },
      {
        "tag": "q",
        "type": "quote",
        "text": "And Jekamiah was the father of Elishama.\n"
      },
      {
        "tag": "s2",
        "type": "section",
        "text": "Caleb's descendants\n"
      },
      {
        "type": "text",
        "text": "\n"
      },
      {
        "tag": "s5",
        "type": "section",
        "text": "\n"
      },
      {
        "tag": "q",
        "type": "quote",
        "text": "\n"
      }
    ]
  },
  "42": {
    "verseObjects": [
      {
        "type": "text",
        "text": "Jerahmeel's younger brother was Caleb.\n"
      },
      {
        "tag": "q",
        "type": "quote",
        "text": "Caleb's oldest son was Mesha. Mesha was the father of Ziph. Ziph was the father of Mareshah. Mareshah was the father of Hebron.\n"
      }
    ]
  },
  "43": {
    "verseObjects": [
      {
        "type": "text",
        "text": "Hebron's sons were Korah, Tappuah, Rekem, and Shema.\n"
      }
    ]
  },
  "44": {
    "verseObjects": [
      {
        "type": "text",
        "text": "Shema was the father of Raham. Raham was the father of Jorkeam. Rekem was the father of Shammai.\n\n"
      },
      {
        "tag": "s5",
        "type": "section",
        "text": "\n"
      },
      {
        "tag": "q",
        "type": "quote",
        "text": "\n"
      }
    ]
  },
  "45": {
    "verseObjects": [
      {
        "type": "text",
        "text": "Shammai was the father of Maon. Maon was the father of Beth Zur.\n"
      },
      {
        "tag": "q",
        "type": "quote",
        "text": "\n"
      }
    ]
  },
  "46": {
    "verseObjects": [
      {
        "type": "text",
        "text": "Caleb had a slave wife who was named Ephah. Caleb and Ephah's sons were Haran, Moza, and Gazez. Haran had a son whom he also named Gazez.\n"
      },
      {
        "tag": "q",
        "type": "quote",
        "text": "\n"
      }
    ]
  },
  "47": {
    "verseObjects": [
      {
        "type": "text",
        "text": "Ephah's father was Jahdai. Jahdai was the father of six sons: Regem, Jotham, Geshan, Pelet, Ephah, and Shaaph.\n\n"
      },
      {
        "tag": "s5",
        "type": "section",
        "text": "\n"
      },
      {
        "tag": "q",
        "type": "quote",
        "text": "\n"
      }
    ]
  },
  "48": {
    "verseObjects": [
      {
        "type": "text",
        "text": "Caleb had another slave wife whose name was Maacah. Caleb and Maacah's sons were Sheber, Tirhanah,\n"
      }
    ]
  },
  "49": {
    "verseObjects": [
      {
        "type": "text",
        "text": "Shaaph, and Sheva. Shaaph was the father of Madmannah. Sheva was the father of Makbenah and Gibea. Caleb's daughter was Aksah.\n\n"
      },
      {
        "tag": "s5",
        "type": "section",
        "text": "\n"
      },
      {
        "tag": "q",
        "type": "quote",
        "text": "\n"
      }
    ]
  },
  "52": {
    "verseObjects": [
      {
        "type": "text",
        "text": "Shobal's descendants were Haroeh, and half of the Manahath people group.\n"
      }
    ]
  },
  "53": {
    "verseObjects": [
      {
        "type": "text",
        "text": "His descendants also included these clans that lived in Kiriath Jearim: Ithri, Put, Shumath, and Mishra. The clans of Zorath and Eshtaol were descendants of the clan of Mishra.\n\n"
      },
      {
        "tag": "s5",
        "type": "section",
        "text": "\n"
      },
      {
        "tag": "q",
        "type": "quote",
        "text": "\n"
      }
    ]
  },
  "54": {
    "verseObjects": [
      {
        "type": "text",
        "text": "Salma's descendants were the people of Bethlehem, the clan of Netophath, the clan of Atroth Beth Joab, and the half the clan of Manahath, who were also Zorites. \n"
      }
    ]
  },
  "55": {
    "verseObjects": [
      {
        "type": "text",
        "text": "Salma's descendants also included the families in the city of Jabez who wrote and copied important documents. These were the clan of Tirath, the clan of Shimeath, and the clan of Sucath. They were all from the Kenite people group who descended from Hammath, the ancestor of the family of Rekab.\n\n\n"
      },
      {
        "tag": "s5",
        "type": "section",
        "text": "\n"
      }
    ]
  },
  "front": {
    "verseObjects": [
      {
        "type": "text",
        "text": "\n"
      },
      {
        "tag": "p",
        "type": "paragraph",
        "text": "\n"
      }
    ]
  },
  "50-51": {
    "verseObjects": [
      {
        "type": "text",
        "text": "These people were also descendants of Caleb: Caleb had another wife whose name was Ephrathah. Their oldest son was Hur. Hur's sons were Shobal, Salma, and Hareph. Shobal started the city of Kiriath Jearim. Salma started the city of Bethlehem. Hareph started the city of Beth Gader.\n\n"
      },
      {
        "tag": "s5",
        "type": "section",
        "text": "\n"
      },
      {
        "tag": "q",
        "type": "quote",
        "text": "\n"
      }
    ]
  }
}