{
  "1": {
    "verseObjects": [
      {
        "type": "text",
        "text": "These are the divisions of the descendants of Aaron the first high priest: Aaron's four sons were Nadab, Abihu, Eleazar, and Ithamar.\n"
      },
      {
        "tag": "p",
        "type": "paragraph",
        "text": "\n"
      }
    ]
  },
  "2": {
    "verseObjects": [
      {
        "type": "text",
        "text": "But Nadab and Abihu died before their father died, and they had no children. So their younger brothers Eleazar and Ithamar became the priests.\n"
      }
    ]
  },
  "3": {
    "verseObjects": [
      {
        "type": "text",
        "text": "Zadok, who was a descendant of Eleazar, and Ahimelech, who was a descendant of Ithamar, helped David to separate the family groups into two groups. Each group had certain duties.\n\n"
      },
      {
        "tag": "s5",
        "type": "section",
        "text": "\n"
      }
    ]
  },
  "4": {
    "verseObjects": [
      {
        "type": "text",
        "text": "There were more leaders among the descendants of Eleazar than there were among the descendants of Ithamar. So they appointed sixteen leaders from Eleazar's descendants and eight leaders from Ithamar's descendants.\n"
      }
    ]
  },
  "5": {
    "verseObjects": [
      {
        "type": "text",
        "text": "There were temple officials and priests who were there, including descendants of both Eleazar and Ithamar, to make sure that the work was divided fairly. So they decided what work each group would do by casting lots.\n\n"
      },
      {
        "tag": "s5",
        "type": "section",
        "text": "\n"
      },
      {
        "tag": "p",
        "type": "paragraph",
        "text": "\n"
      }
    ]
  },
  "6": {
    "verseObjects": [
      {
        "type": "text",
        "text": "Shemaiah son of Nethanel, who was a descendant of Levi, wrote down the names of the leaders of each group while David and his officials were watching. Zadok, the high priest, and Ahimelech his assistant, and the leaders of the families of the priests and of the families of the other descendants of Levi also watched.\n\n"
      },
      {
        "tag": "s5",
        "type": "section",
        "text": "\n"
      },
      {
        "tag": "q",
        "type": "quote",
        "text": "\n"
      }
    ]
  },
  "7": {
    "verseObjects": [
      {
        "type": "text",
        "text": "Jehoiarib was the first one whose name was selected by casting lots.\n"
      },
      {
        "tag": "q",
        "type": "quote",
        "text": "Next Jedaiah was selected.\n"
      },
      {
        "tag": "q",
        "type": "quote",
        "text": "\n"
      }
    ]
  },
  "8": {
    "verseObjects": [
      {
        "type": "text",
        "text": "Next, Harim was selected.\n"
      },
      {
        "tag": "q",
        "type": "quote",
        "text": "Next, Seorim was selected.\n"
      },
      {
        "tag": "q",
        "type": "quote",
        "text": "\n"
      }
    ]
  },
  "9": {
    "verseObjects": [
      {
        "type": "text",
        "text": "Next, Malkijah was selected.\n"
      },
      {
        "tag": "q",
        "type": "quote",
        "text": "Next, Mijamin was selected.\n"
      },
      {
        "tag": "q",
        "type": "quote",
        "text": "\n"
      }
    ]
  },
  "10": {
    "verseObjects": [
      {
        "type": "text",
        "text": "Next, Hakkoz was selected.\n"
      },
      {
        "tag": "q",
        "type": "quote",
        "text": "Next, Abijah was selected.\n"
      },
      {
        "type": "text",
        "text": "\n"
      },
      {
        "tag": "s5",
        "type": "section",
        "text": "\n"
      },
      {
        "tag": "q",
        "type": "quote",
        "text": "\n"
      }
    ]
  },
  "11": {
    "verseObjects": [
      {
        "type": "text",
        "text": "Next, Jeshua was selected.\n"
      },
      {
        "tag": "q",
        "type": "quote",
        "text": "Next, Shecaniah was selected.\n"
      },
      {
        "tag": "q",
        "type": "quote",
        "text": "\n"
      }
    ]
  },
  "12": {
    "verseObjects": [
      {
        "type": "text",
        "text": "Next, Eliashib was selected.\n"
      },
      {
        "tag": "q",
        "type": "quote",
        "text": "Next, Jakim was selected.\n"
      },
      {
        "tag": "q",
        "type": "quote",
        "text": "\n"
      }
    ]
  },
  "13": {
    "verseObjects": [
      {
        "type": "text",
        "text": "Next, Huppah was selected.\n"
      },
      {
        "tag": "q",
        "type": "quote",
        "text": "Next, Jeshebeab was selected.\n"
      },
      {
        "tag": "q",
        "type": "quote",
        "text": "\n"
      }
    ]
  },
  "14": {
    "verseObjects": [
      {
        "type": "text",
        "text": "Next, Bilgah was selected.\n"
      },
      {
        "tag": "q",
        "type": "quote",
        "text": "Next, Immer was selected.\n"
      },
      {
        "type": "text",
        "text": "\n"
      },
      {
        "tag": "s5",
        "type": "section",
        "text": "\n"
      },
      {
        "tag": "q",
        "type": "quote",
        "text": "\n"
      }
    ]
  },
  "15": {
    "verseObjects": [
      {
        "type": "text",
        "text": "Next, Hezir was selected.\n"
      },
      {
        "tag": "q",
        "type": "quote",
        "text": "Next, Happizzez was selected.\n"
      },
      {
        "tag": "q",
        "type": "quote",
        "text": "\n"
      }
    ]
  },
  "16": {
    "verseObjects": [
      {
        "type": "text",
        "text": "Next, Pethahiah was selected.\n"
      },
      {
        "tag": "q",
        "type": "quote",
        "text": "Next, Jehezkel was selected.\n"
      },
      {
        "tag": "q",
        "type": "quote",
        "text": "\n"
      }
    ]
  },
  "17": {
    "verseObjects": [
      {
        "type": "text",
        "text": "Next, Jakin was selected.\n"
      },
      {
        "tag": "q",
        "type": "quote",
        "text": "Next, Gamul was selected.\n"
      },
      {
        "tag": "q",
        "type": "quote",
        "text": "\n"
      }
    ]
  },
  "18": {
    "verseObjects": [
      {
        "type": "text",
        "text": "Next, Delaiah was selected.\n"
      },
      {
        "tag": "q",
        "type": "quote",
        "text": "Next, Maaziah was selected.\n"
      },
      {
        "type": "text",
        "text": "\n"
      },
      {
        "tag": "s5",
        "type": "section",
        "text": "\n"
      },
      {
        "tag": "p",
        "type": "paragraph",
        "text": "\n"
      }
    ]
  },
  "19": {
    "verseObjects": [
      {
        "type": "text",
        "text": "Those were the men who were chosen to be the leaders of the groups that would serve in the temple, obeying the regulations that were set down by Aaron, regulations which Yahweh, the God to whom we Israelite people belong, had given to him.\n\n"
      },
      {
        "tag": "m",
        "type": "paragraph",
        "text": "\n"
      },
      {
        "type": "text",
        "text": "\n"
      },
      {
        "tag": "s5",
        "type": "section",
        "text": "\n"
      }
    ]
  },
  "20": {
    "verseObjects": [
      {
        "type": "text",
        "text": "This is a list of some of the other descendants of Levi:\n"
      },
      {
        "tag": "q",
        "type": "quote",
        "text": "From the sons of Amram there was Shubael.\n"
      },
      {
        "tag": "q2",
        "type": "quote",
        "text": "From the sons of Shubael there was Jehdeiah.\n"
      },
      {
        "tag": "q",
        "type": "quote",
        "text": "\n"
      }
    ]
  },
  "21": {
    "verseObjects": [
      {
        "type": "text",
        "text": "From Rehabiah son of Eleazar there was Isshiah, his oldest son.\n"
      },
      {
        "tag": "q",
        "type": "quote",
        "text": "\n"
      }
    ]
  },
  "22": {
    "verseObjects": [
      {
        "type": "text",
        "text": "From the descendants of Kohath's son Izhar there was Shelomoth.\n"
      },
      {
        "tag": "q2",
        "type": "quote",
        "text": "From the descendants of Shelomoth there was Jahath.\n"
      },
      {
        "type": "text",
        "text": "\n"
      },
      {
        "tag": "s5",
        "type": "section",
        "text": "\n"
      },
      {
        "tag": "q",
        "type": "quote",
        "text": "\n"
      }
    ]
  },
  "23": {
    "verseObjects": [
      {
        "type": "text",
        "text": "From the descendants of Kohath's son Hebron there was his oldest son Jeriah and Jeriah's younger brothers Amariah, Jahaziel, and Jekameam.\n"
      },
      {
        "tag": "q",
        "type": "quote",
        "text": "\n"
      }
    ]
  },
  "24": {
    "verseObjects": [
      {
        "type": "text",
        "text": "From the descendants of Kohath's son Uzziel there was Micah.\n"
      },
      {
        "tag": "q2",
        "type": "quote",
        "text": "From the descendants of Micah there was Shamir.\n"
      },
      {
        "tag": "q2",
        "type": "quote",
        "text": "\n"
      }
    ]
  },
  "25": {
    "verseObjects": [
      {
        "type": "text",
        "text": "And Micah's younger brother was Isshiah.\n"
      },
      {
        "tag": "q2",
        "type": "quote",
        "text": "From the descendants of Isshiah was Zechariah.\n"
      },
      {
        "type": "text",
        "text": "\n"
      },
      {
        "tag": "s5",
        "type": "section",
        "text": "\n"
      },
      {
        "tag": "q",
        "type": "quote",
        "text": "\n"
      }
    ]
  },
  "26": {
    "verseObjects": [
      {
        "type": "text",
        "text": "The sons of Merari were Mahli, Mushi, and Jaaziah.\n"
      },
      {
        "tag": "q2",
        "type": "quote",
        "text": "\n"
      }
    ]
  },
  "27": {
    "verseObjects": [
      {
        "type": "text",
        "text": "From the descendants of Jaaziah there were Beno, Shoham, Zaccur, and Ibri.\n"
      },
      {
        "tag": "q2",
        "type": "quote",
        "text": "\n"
      }
    ]
  },
  "28": {
    "verseObjects": [
      {
        "type": "text",
        "text": "Mahli's son Eleazar did not have any sons.\n\n"
      },
      {
        "tag": "s5",
        "type": "section",
        "text": "\n"
      },
      {
        "tag": "q",
        "type": "quote",
        "text": "\n"
      }
    ]
  },
  "29": {
    "verseObjects": [
      {
        "type": "text",
        "text": "From the descendants of Kish there was his son Jerahmeel.\n"
      },
      {
        "tag": "q2",
        "type": "quote",
        "text": "\n"
      }
    ]
  },
  "30": {
    "verseObjects": [
      {
        "type": "text",
        "text": "The sons of Mushi were Mahli, Eder, and Jerimoth.\n"
      },
      {
        "tag": "p",
        "type": "paragraph",
        "text": "Those were descendants of Levi who were listed according to the leaders of their families.\n"
      }
    ]
  },
  "31": {
    "verseObjects": [
      {
        "type": "text",
        "text": "The jobs they would do were decided by casting lots like their fellow Israelites the descendants of Aaron, did. They cast lots while King David, Zadok, Ahimelech, and the leaders of he families of the priests and the other descendants of Levi watched. The jobs that were given to the families of each oldest brother and each youngest brother were equal.\n\n\n"
      },
      {
        "tag": "s5",
        "type": "section",
        "text": "\n"
      }
    ]
  },
  "front": {
    "verseObjects": [
      {
        "tag": "p",
        "type": "paragraph",
        "text": "\n"
      }
    ]
  }
}