{
  "1": {
    "verseObjects": [
      {
        "type": "text",
        "text": "Issachar's four sons were Tola, Puah, Jashub, and Shimron.\n"
      },
      {
        "tag": "q",
        "nextChar": "\n",
        "type": "quote"
      }
    ]
  },
  "2": {
    "verseObjects": [
      {
        "type": "text",
        "text": "Tola's sons were Uzzi, Rephaiah, Jeriel, Jahmai, Ibsam, and Samuel. They were all leaders of the clans descended from them.\n"
      },
      {
        "tag": "q2",
        "type": "quote",
        "text": "In the record of Tola's descendants were the names of 22,600 men who were able to be in the army during the time that David was the king of Israel.\n"
      },
      {
        "tag": "q",
        "nextChar": "\n",
        "type": "quote"
      }
    ]
  },
  "3": {
    "verseObjects": [
      {
        "type": "text",
        "text": "Uzzi's son was Izrahiah. Izrahiah's five sons were Michael, Obadiah, Joel, and Ishiah. Izrahiah and his sons were all leaders of their clans.\n\n"
      },
      {
        "tag": "s5",
        "nextChar": "\n",
        "type": "section"
      },
      {
        "tag": "q2",
        "nextChar": "\n",
        "type": "quote"
      }
    ]
  },
  "4": {
    "verseObjects": [
      {
        "type": "text",
        "text": "In the record of Izrahiah's descendants were the names of thirty-six thousand men who were able to be in the army because they had many wives and children.\n"
      },
      {
        "tag": "q",
        "nextChar": "\n",
        "type": "quote"
      }
    ]
  },
  "5": {
    "verseObjects": [
      {
        "type": "text",
        "text": "In the records of the clans descended from Issachar were the names of eighty-seven thousand men able to be in the army.\n"
      },
      {
        "tag": "s2",
        "type": "section",
        "content": "The descendants of Benjamin are listed next.\n"
      },
      {
        "type": "text",
        "text": "\n"
      },
      {
        "tag": "s5",
        "nextChar": "\n",
        "type": "section"
      },
      {
        "tag": "q2",
        "nextChar": "\n",
        "type": "quote"
      }
    ]
  },
  "6": {
    "verseObjects": [
      {
        "type": "text",
        "text": "These are the descendants of Benjamin. The three sons of Benjamin were Bela, Beker, and Jediael.\n"
      },
      {
        "tag": "q",
        "nextChar": "\n",
        "type": "quote"
      }
    ]
  },
  "7": {
    "verseObjects": [
      {
        "type": "text",
        "text": "Bela's five sons were Ezbon, Uzzi, Uzziel, Jerimoth, and Iri. They were all leaders of clans.\n"
      },
      {
        "tag": "q2",
        "type": "quote",
        "text": "In the records of the clans descended from Bela there were names of 22,034 men who were able to be in the army.\n"
      },
      {
        "type": "text",
        "text": "\n"
      },
      {
        "tag": "s5",
        "nextChar": "\n",
        "type": "section"
      },
      {
        "tag": "q2",
        "nextChar": "\n",
        "type": "quote"
      }
    ]
  },
  "8": {
    "verseObjects": [
      {
        "type": "text",
        "text": "Beker's sons were Zemirah, Joash, Eliezer, Elioenai, Omri, Jeremoth, Abijah, Anathoth, and Alemeth.\n"
      },
      {
        "tag": "q2",
        "nextChar": "\n",
        "type": "quote"
      }
    ]
  },
  "9": {
    "verseObjects": [
      {
        "type": "text",
        "text": "In the records of the clans descended from Beker were the names of 20,200 men and leaders of the clans who were able to be in the army.\n"
      },
      {
        "tag": "q",
        "nextChar": "\n",
        "type": "quote"
      }
    ]
  },
  "10": {
    "verseObjects": [
      {
        "type": "text",
        "text": "Jediael's son was Bilhan. Bilhan's sons were Jeush, Benjamin, Ehud, Kenaanah, Zethan, Tarshish, and Ahishahar.\n\n"
      },
      {
        "tag": "s5",
        "nextChar": "\n",
        "type": "section"
      },
      {
        "tag": "q",
        "nextChar": "\n",
        "type": "quote"
      }
    ]
  },
  "11": {
    "verseObjects": [
      {
        "type": "text",
        "text": "They were all leaders of clans descended from them.\n"
      },
      {
        "tag": "q2",
        "type": "quote",
        "text": "There were 17,200 of them who were able to be in the army.\n"
      },
      {
        "tag": "q",
        "nextChar": "\n",
        "type": "quote"
      }
    ]
  },
  "12": {
    "verseObjects": [
      {
        "type": "text",
        "text": "Shuppim and Huppim were also members of this clan.\n"
      },
      {
        "tag": "q",
        "type": "quote",
        "text": "One of the descendants of Dan was Hushim.\n"
      },
      {
        "tag": "s2",
        "type": "section",
        "content": "The descendants of Naphtali are listed next.\n"
      },
      {
        "type": "text",
        "text": "\n"
      },
      {
        "tag": "s5",
        "nextChar": "\n",
        "type": "section"
      },
      {
        "tag": "q",
        "nextChar": "\n",
        "type": "quote"
      }
    ]
  },
  "13": {
    "verseObjects": [
      {
        "type": "text",
        "text": "These are the descendants of Naphtali. Naphtali's sons were Jahziel, Guni, Jezer, and Shillem. They were all descendants of Jacob's slave wife Bilhah.\n"
      },
      {
        "tag": "s2",
        "type": "section",
        "content": "The descendants of Manasseh are listed next.\n"
      },
      {
        "type": "text",
        "text": "\n"
      },
      {
        "tag": "s5",
        "nextChar": "\n",
        "type": "section"
      },
      {
        "tag": "q",
        "nextChar": "\n",
        "type": "quote"
      }
    ]
  },
  "14": {
    "verseObjects": [
      {
        "type": "text",
        "text": "These are the descendants of Manasseh. Manasseh had a slave wife who was from Aram. She was the mother of Asriel and Makir.\n"
      },
      {
        "tag": "q",
        "type": "quote",
        "text": "Makir was the father of Gilead.\n"
      },
      {
        "tag": "q2",
        "nextChar": "\n",
        "type": "quote"
      }
    ]
  },
  "15": {
    "verseObjects": [
      {
        "type": "text",
        "text": "Makir had two wives. They were from the clans of Huppim and Shuppim.\n"
      },
      {
        "tag": "q2",
        "type": "quote",
        "text": "One of Makir's wives was named Maacah.\n"
      },
      {
        "tag": "q2",
        "type": "quote",
        "text": "Makir had another son whose name was Zelophehad. Zelophehad had no sons; he had only daughters.\n"
      },
      {
        "tag": "q2",
        "nextChar": "\n",
        "type": "quote"
      }
    ]
  },
  "16": {
    "verseObjects": [
      {
        "type": "text",
        "text": "Makir's wife Maacah gave birth to two sons whom she named Peresh and Sheresh. Sheresh's sons were Ulam and Rakem.\n\n"
      },
      {
        "tag": "s5",
        "nextChar": "\n",
        "type": "section"
      },
      {
        "tag": "q2",
        "nextChar": "\n",
        "type": "quote"
      }
    ]
  },
  "17": {
    "verseObjects": [
      {
        "type": "text",
        "text": "Ulam's son was Bedan.\n"
      },
      {
        "tag": "q",
        "type": "quote",
        "text": "Those were descendants of Gilead son of Makir and grandson of Manasseh.\n"
      },
      {
        "tag": "q",
        "nextChar": "\n",
        "type": "quote"
      }
    ]
  },
  "18": {
    "verseObjects": [
      {
        "type": "text",
        "text": "Makir's sister was Hammoleketh, who was the mother of Ishhod, Abiezer, and Mahlah.\n"
      },
      {
        "tag": "q",
        "nextChar": "\n",
        "type": "quote"
      }
    ]
  },
  "19": {
    "verseObjects": [
      {
        "type": "text",
        "text": "Another son of Gilead was Shemida, whose sons were Ahian, Shechem, Likhi, and Aniam.\n"
      },
      {
        "tag": "s2",
        "type": "section",
        "content": "The descendants of Ephraim are listed next.\n"
      },
      {
        "type": "text",
        "text": "\n"
      },
      {
        "tag": "s5",
        "nextChar": "\n",
        "type": "section"
      },
      {
        "tag": "q",
        "nextChar": "\n",
        "type": "quote"
      }
    ]
  },
  "20": {
    "verseObjects": [
      {
        "type": "text",
        "text": "These are the descendants of Ephraim.\n"
      },
      {
        "tag": "q2",
        "type": "quote",
        "text": "One son of Ephraim was Shuthelah.\n"
      },
      {
        "tag": "q2",
        "type": "quote",
        "text": "Shuthelah's son was Bered.\n"
      },
      {
        "tag": "q2",
        "type": "quote",
        "text": "Bered's son was Tahath.\n"
      },
      {
        "tag": "q2",
        "type": "quote",
        "text": "Tahath's son was Eleadah.\n"
      },
      {
        "tag": "q2",
        "type": "quote",
        "text": "Eleadah's son was also named Tahath.\n"
      },
      {
        "tag": "q2",
        "nextChar": "\n",
        "type": "quote"
      }
    ]
  },
  "21": {
    "verseObjects": [
      {
        "type": "text",
        "text": "Tahath's son was Zabad.\n"
      },
      {
        "tag": "q2",
        "type": "quote",
        "text": "Zabad's son was Shuthelah.\n"
      },
      {
        "tag": "q",
        "type": "quote",
        "text": "Ephraim's other sons, Ezer and Elead, went to the city of Gath to steal some cows and sheep. But they were both killed by some of the men from that city.\n"
      }
    ]
  },
  "22": {
    "verseObjects": [
      {
        "type": "text",
        "text": "Their father Ephraim cried for them for many days, and his family came to comfort him.\n\n"
      },
      {
        "tag": "s5",
        "nextChar": "\n",
        "type": "section"
      },
      {
        "tag": "q",
        "nextChar": "\n",
        "type": "quote"
      }
    ]
  },
  "23": {
    "verseObjects": [
      {
        "type": "text",
        "text": "Then he and his wife slept together again; she became pregnant and gave birth to a son. Ephraim named him Beriah which resembles the word 'trouble' because of the trouble that his family had experienced.\n"
      }
    ]
  },
  "24": {
    "verseObjects": [
      {
        "type": "text",
        "text": "Ephraim's daughter was Sheerah. Her workers built three towns: Lower Beth Horon, Upper Beth Horon, and Uzzen Sheerah.\n\n"
      },
      {
        "tag": "s5",
        "nextChar": "\n",
        "type": "section"
      },
      {
        "tag": "q",
        "nextChar": "\n",
        "type": "quote"
      }
    ]
  },
  "25": {
    "verseObjects": [
      {
        "type": "text",
        "text": "Another son of Ephraim was Rephah.\n"
      },
      {
        "tag": "q2",
        "type": "quote",
        "text": "Rephah's son was Resheph.\n"
      },
      {
        "tag": "q2",
        "type": "quote",
        "text": "Resheph's son was Telah.\n"
      },
      {
        "tag": "q2",
        "type": "quote",
        "text": "Telah's son was Tahan.\n"
      },
      {
        "tag": "q2",
        "nextChar": "\n",
        "type": "quote"
      }
    ]
  },
  "26": {
    "verseObjects": [
      {
        "type": "text",
        "text": "Tahan's son was Ladan.\n"
      },
      {
        "tag": "q2",
        "type": "quote",
        "text": "Ladan's son was Ammihud.\n"
      },
      {
        "tag": "q2",
        "type": "quote",
        "text": "Ammihud's son was Elishama.\n"
      },
      {
        "tag": "q2",
        "nextChar": "\n",
        "type": "quote"
      }
    ]
  },
  "27": {
    "verseObjects": [
      {
        "type": "text",
        "text": "Elishama's son was Nun.\n"
      },
      {
        "tag": "q2",
        "type": "quote",
        "text": "Nun's son was Joshua, the man who led the Israelites after Moses died.\n"
      },
      {
        "type": "text",
        "text": "\n"
      },
      {
        "tag": "s5",
        "nextChar": "\n",
        "type": "section"
      },
      {
        "tag": "p",
        "nextChar": "\n",
        "type": "paragraph"
      }
    ]
  },
  "28": {
    "verseObjects": [
      {
        "type": "text",
        "text": "This is a list of the cities and areas where the descendants of Ephraim lived:\n"
      },
      {
        "tag": "q",
        "type": "quote",
        "text": "Bethel and the nearby villages;\n"
      },
      {
        "tag": "q",
        "type": "quote",
        "text": "Naaran to the east;\n"
      },
      {
        "tag": "q",
        "type": "quote",
        "text": "Gezer to the west and the nearby villages; and\n"
      },
      {
        "tag": "q",
        "type": "quote",
        "text": "Shechem and the nearby villages. Those villages extended north as far as Ayyah and the nearby villages.\n"
      },
      {
        "tag": "q",
        "nextChar": "\n",
        "type": "quote"
      }
    ]
  },
  "29": {
    "verseObjects": [
      {
        "type": "text",
        "text": "Along the border of the area where the descendants of Manasseh lived were these towns: Beth Shan, Taanach, Megiddo, and Dor, and the nearby villages.\n"
      },
      {
        "tag": "m",
        "type": "paragraph",
        "text": "The people who lived in all those places were descendants of Jacob's son Joseph.\n"
      },
      {
        "tag": "s2",
        "type": "section",
        "content": "These are the descendants of Asher.\n"
      },
      {
        "type": "text",
        "text": "\n"
      },
      {
        "tag": "s5",
        "nextChar": "\n",
        "type": "section"
      },
      {
        "tag": "q",
        "nextChar": "\n",
        "type": "quote"
      }
    ]
  },
  "30": {
    "verseObjects": [
      {
        "type": "text",
        "text": "Asher's sons were Imnah, Ishvah, Ishvi, and Beriah. Their sister was Serah.\n"
      },
      {
        "tag": "q",
        "nextChar": "\n",
        "type": "quote"
      }
    ]
  },
  "31": {
    "verseObjects": [
      {
        "type": "text",
        "text": "Beriah's sons were Heber and Malkiel.\n"
      },
      {
        "tag": "q2",
        "type": "quote",
        "text": "Malkiel was the father of Birzaith\n"
      },
      {
        "tag": "q2",
        "nextChar": "\n",
        "type": "quote"
      }
    ]
  },
  "32": {
    "verseObjects": [
      {
        "type": "text",
        "text": "Heber was the father of Japhlet, Shomer, and Hotham. Their sister was Shua.\n\n"
      },
      {
        "tag": "s5",
        "nextChar": "\n",
        "type": "section"
      },
      {
        "tag": "q",
        "nextChar": "\n",
        "type": "quote"
      }
    ]
  },
  "33": {
    "verseObjects": [
      {
        "type": "text",
        "text": "Japhlet's sons were Pasak, Bimhal, and Ashvath.\n"
      },
      {
        "tag": "q",
        "nextChar": "\n",
        "type": "quote"
      }
    ]
  },
  "34": {
    "verseObjects": [
      {
        "type": "text",
        "text": "Japhlet's younger brother was Shomer. Shomer's sons were Rohgah, Hubbah, and Aram.\n"
      },
      {
        "tag": "q",
        "nextChar": "\n",
        "type": "quote"
      }
    ]
  },
  "35": {
    "verseObjects": [
      {
        "type": "text",
        "text": "Shomer's younger brother was Helem. Helem's sons were Zophah, Imna, Shelesh, and Amal.\n\n"
      },
      {
        "tag": "s5",
        "nextChar": "\n",
        "type": "section"
      },
      {
        "tag": "q2",
        "nextChar": "\n",
        "type": "quote"
      }
    ]
  },
  "36": {
    "verseObjects": [
      {
        "type": "text",
        "text": "Zophah's sons were Suah, Harnepher, Shual, Beri, Imrah,\n"
      }
    ]
  },
  "37": {
    "verseObjects": [
      {
        "type": "text",
        "text": "Bezer, Hod, Shamma, Shilshah, Ithran whose other name was Jether, and Beera.\n"
      },
      {
        "tag": "q2",
        "nextChar": "\n",
        "type": "quote"
      }
    ]
  },
  "38": {
    "verseObjects": [
      {
        "type": "text",
        "text": "Jether's sons were Jephunneh, Pispah, and Ara.\n\n"
      },
      {
        "tag": "s5",
        "nextChar": "\n",
        "type": "section"
      },
      {
        "tag": "q",
        "nextChar": "\n",
        "type": "quote"
      }
    ]
  },
  "39": {
    "verseObjects": [
      {
        "type": "text",
        "text": "Another descendant of Asher was Ulla, whose sons were Arah, Hanniel, and Rizia.\n"
      },
      {
        "tag": "p",
        "nextChar": "\n",
        "type": "paragraph"
      }
    ]
  },
  "40": {
    "verseObjects": [
      {
        "type": "text",
        "text": "All those men were descendants of Asher, and they were all leaders of their clans. They were brave warriors and excellent leaders. In the record of the clans that are descended from Asher are the names of twenty-six thousand men who were able to be in the army.\n\n\n"
      },
      {
        "tag": "s5",
        "nextChar": "\n",
        "type": "section"
      }
    ]
  },
  "front": {
    "verseObjects": [
      {
        "tag": "s2",
        "type": "section",
        "content": "These are the descendants of Issachar.\n"
      },
      {
        "tag": "p",
        "nextChar": "\n",
        "type": "paragraph"
      }
    ]
  }
}