{
  "1": {
    "verseObjects": [
      {
        "type": "text",
        "text": "Benjamin had five sons: Bela, Ashbel, Aharah,\n"
      }
    ]
  },
  "2": {
    "verseObjects": [
      {
        "type": "text",
        "text": "Nohah, and Rapha.\n"
      },
      {
        "tag": "q",
        "type": "quote",
        "text": "\n"
      }
    ]
  },
  "3": {
    "verseObjects": [
      {
        "type": "text",
        "text": "Bela's sons were Addar, Gera, Abihud,\n"
      }
    ]
  },
  "4": {
    "verseObjects": [
      {
        "type": "text",
        "text": "Abishua, Naaman, Ahoah,\n"
      }
    ]
  },
  "5": {
    "verseObjects": [
      {
        "type": "text",
        "text": "Gera, Shephuphan, and Huram.\n\n"
      },
      {
        "tag": "s5",
        "type": "section",
        "text": "\n"
      },
      {
        "tag": "q2",
        "type": "quote",
        "text": "\n"
      }
    ]
  },
  "6": {
    "verseObjects": [
      {
        "type": "text",
        "text": "One of Gera's sons was Ehud. The descendants of Ehud were leaders of their clans who lived in the city of Geba, but they were forced to move to the city of Manahath.\n"
      }
    ]
  },
  "7": {
    "verseObjects": [
      {
        "type": "text",
        "text": "Ehud's sons were Naaman, Ahijah, and Gera.\n"
      },
      {
        "tag": "q2",
        "type": "quote",
        "text": "Gera was the one who led them when they moved to Manahath. Gera was the father of Uzza and Ahihud.\n"
      },
      {
        "type": "text",
        "text": "\n"
      },
      {
        "tag": "s5",
        "type": "section",
        "text": "\n"
      },
      {
        "tag": "q",
        "type": "quote",
        "text": "\n"
      }
    ]
  },
  "28": {
    "verseObjects": [
      {
        "type": "text",
        "text": "In the records of these clans it is written that all those men were leaders of their clans, and they lived in Jerusalem.\n\n"
      },
      {
        "tag": "s5",
        "type": "section",
        "text": "\n"
      },
      {
        "tag": "q",
        "type": "quote",
        "text": "\n"
      }
    ]
  },
  "29": {
    "verseObjects": [
      {
        "type": "text",
        "text": "Another descendant of Benjamin was Jeiel. He lived in the city of Gibeon, and he was the leader of those who lived there. His wife was Maakah.\n"
      }
    ]
  },
  "30": {
    "verseObjects": [
      {
        "type": "text",
        "text": "His oldest son was Abdon. His other sons were Zur, Kish, Baal, Ner, Nadab,\n"
      }
    ]
  },
  "31": {
    "verseObjects": [
      {
        "type": "text",
        "text": "Gedor, Ahio, Zeker, and Mikloth.\n"
      },
      {
        "tag": "s5",
        "type": "section",
        "text": "\n"
      },
      {
        "tag": "q",
        "type": "quote",
        "text": "\n"
      }
    ]
  },
  "32": {
    "verseObjects": [
      {
        "type": "text",
        "text": "Mikloth was the father of Shimeah. All these sons of Jeiel also lived near their relatives in Jerusalem.\n"
      },
      {
        "tag": "q",
        "type": "quote",
        "text": "\n"
      }
    ]
  },
  "33": {
    "verseObjects": [
      {
        "type": "text",
        "text": "Ner was the father of Kish, and Kish was the father of King Saul.\n"
      },
      {
        "tag": "q",
        "type": "quote",
        "text": "Saul was the father of Jonathan, Malki-Shua, Abinadab, and Esh-Baal.\n"
      },
      {
        "tag": "q",
        "type": "quote",
        "text": "\n"
      }
    ]
  },
  "34": {
    "verseObjects": [
      {
        "type": "text",
        "text": "Jonathan's son was Merib-Baal.\n"
      },
      {
        "tag": "q",
        "type": "quote",
        "text": "Merib-Baal was the father of Micah.\n"
      },
      {
        "type": "text",
        "text": "\n"
      },
      {
        "tag": "s5",
        "type": "section",
        "text": "\n"
      },
      {
        "tag": "q",
        "type": "quote",
        "text": "\n"
      }
    ]
  },
  "35": {
    "verseObjects": [
      {
        "type": "text",
        "text": "Micah's sons were Pithon, Melek, Tarea, and Ahaz.\n"
      },
      {
        "tag": "q",
        "type": "quote",
        "text": "\n"
      }
    ]
  },
  "36": {
    "verseObjects": [
      {
        "type": "text",
        "text": "Ahaz was the father of Jehoaddah.\n"
      },
      {
        "tag": "q",
        "type": "quote",
        "text": "Jehoaddah was the father of Alemeth, Azmaveth, and Zimri.\n"
      },
      {
        "tag": "q",
        "type": "quote",
        "text": "Zimri was the father of Moza.\n"
      },
      {
        "tag": "q",
        "type": "quote",
        "text": "\n"
      }
    ]
  },
  "37": {
    "verseObjects": [
      {
        "type": "text",
        "text": "Moza was the father of Binea.\n"
      },
      {
        "tag": "q",
        "type": "quote",
        "text": "The son of Binea was Raphah.\n"
      },
      {
        "tag": "q",
        "type": "quote",
        "text": "The son of Raphah was Eleasah.\n"
      },
      {
        "tag": "q",
        "type": "quote",
        "text": "The son of Eleasah was Azel.\n"
      },
      {
        "type": "text",
        "text": "\n"
      },
      {
        "tag": "s5",
        "type": "section",
        "text": "\n"
      },
      {
        "tag": "q",
        "type": "quote",
        "text": "\n"
      }
    ]
  },
  "38": {
    "verseObjects": [
      {
        "type": "text",
        "text": "Azel had six sons: Azrikam, Bokeru, Ishmael, Sheariah, Obadiah, and Hanan.\n"
      },
      {
        "tag": "q",
        "type": "quote",
        "text": "\n"
      }
    ]
  },
  "39": {
    "verseObjects": [
      {
        "type": "text",
        "text": "Azel's younger brother was Eshek.\n"
      },
      {
        "tag": "q",
        "type": "quote",
        "text": "Eshek's oldest son was Ulam. His other sons were Jeush and Eliphelet.\n"
      },
      {
        "tag": "q2",
        "type": "quote",
        "text": "\n"
      }
    ]
  },
  "40": {
    "verseObjects": [
      {
        "type": "text",
        "text": "Ulam's sons were brave warriors and good archers. Altogether they had 150 sons and grandsons.\n"
      },
      {
        "tag": "m",
        "type": "paragraph",
        "text": "All these were the descendants of Benjamin.\n"
      },
      {
        "type": "text",
        "text": "\n\n"
      },
      {
        "tag": "s5",
        "type": "section",
        "text": "\n"
      }
    ]
  },
  "front": {
    "verseObjects": [
      {
        "tag": "s2",
        "type": "section",
        "text": "These are the descendants of Benjamin.\n"
      },
      {
        "tag": "p",
        "type": "paragraph",
        "text": "\n"
      }
    ]
  },
  "8-11": {
    "verseObjects": [
      {
        "type": "text",
        "text": "Another descendant of Benjamin was Shaharaim. He and his wife Hushim had two sons, Abitub and Elpaal. In the region of Moab, Shaharaim divorced Hushim and his other wife Baara. Then he married a woman whose name was Hodesh, and they had seven sons: Jobab, Zibia, Mesha, Malkam, Jeuz, Sakia, and Mirmah. They were all leaders of their clans.\n\n"
      },
      {
        "tag": "s5",
        "type": "section",
        "text": "\n"
      },
      {
        "tag": "q",
        "type": "quote",
        "text": "\n"
      }
    ]
  },
  "12-13": {
    "verseObjects": [
      {
        "type": "text",
        "text": "Elpaal's sons were Eber, Misham, Shemed, Beriah, and Shema. Shemed built the cities of Ono and Lod and their nearby villages. Beriah and Shema were leaders of their clans, who lived in the city of Aijalon. They forced the people who lived in the city of Gath to leave their city.\n\n"
      },
      {
        "tag": "s5",
        "type": "section",
        "text": "\n"
      },
      {
        "tag": "q2",
        "type": "quote",
        "text": "\n"
      }
    ]
  },
  "14-16": {
    "verseObjects": [
      {
        "type": "text",
        "text": "Beriah's sons were Ahio, Shashak, Jeremoth, Zebadiah, Arad, Eder, Michael, Ishpah, and Joha.\n"
      },
      {
        "tag": "q",
        "type": "quote",
        "text": "\n"
      }
    ]
  },
  "17-18": {
    "verseObjects": [
      {
        "type": "text",
        "text": "Other descendants of Elpaal were also named Zebadiah, Meshullam, Hizki, Heber,\n"
      },
      {
        "tag": "q",
        "type": "quote",
        "text": "Ishmerai, Izliah, and Jobab.\n"
      },
      {
        "type": "text",
        "text": "\n"
      },
      {
        "tag": "s5",
        "type": "section",
        "text": "\n"
      },
      {
        "tag": "q",
        "type": "quote",
        "text": "\n"
      }
    ]
  },
  "19-21": {
    "verseObjects": [
      {
        "type": "text",
        "text": "Another descendant of Benjamin was Shimei. Shimei's descendants included Jakim, Zicri, Zabdi, Elienai, Zillethai, Eliel, Adaiah, Beraiah, and Shimrath.\n\n"
      },
      {
        "tag": "s5",
        "type": "section",
        "text": "\n"
      },
      {
        "tag": "q",
        "type": "quote",
        "text": "\n"
      }
    ]
  },
  "22-25": {
    "verseObjects": [
      {
        "type": "text",
        "text": "Shashak's sons were Ishpan, Eber, Eliel,\nAbdon, Zicri, Hanan,\nHananiah, Elam, Anthothijah,\nIphdeiah, and Penuel.\n\n"
      },
      {
        "tag": "s5",
        "type": "section",
        "text": "\n"
      },
      {
        "tag": "q",
        "type": "quote",
        "text": "\n"
      }
    ]
  },
  "26-27": {
    "verseObjects": [
      {
        "type": "text",
        "text": "Another descendant of Benjamin was Jeroham, whose sons were Shamsherai, Shehariah, Athaliah, Jaareshiah, Elijah, and Zicri.\n"
      },
      {
        "tag": "p",
        "type": "paragraph",
        "text": "\n"
      }
    ]
  }
}