{
  "1": {
    "verseObjects": [
      {
        "type": "text",
        "text": "When King Ahaziah's mother Athaliah saw that her son had been killed, she commanded that all the members of Ahaziah's family who might become king must be executed.\n"
      }
    ]
  },
  "2": {
    "verseObjects": [
      {
        "type": "text",
        "text": "So Ahaziah's sons were all about to be murdered. But Jehosheba, who was King Jehoram's daughter and Ahaziah's half-sister, took Ahaziah's very young son Joash and hid him and his nursemaid in a bedroom in the temple. So he was not killed.\n"
      }
    ]
  },
  "3": {
    "verseObjects": [
      {
        "type": "text",
        "text": "He stayed with Jehosheba for six years. All during that time, he remained hidden in the temple, while Athaliah ruled Judah.\n\n"
      },
      {
        "tag": "s5",
        "nextChar": "\n",
        "type": "section"
      },
      {
        "tag": "p",
        "nextChar": "\n",
        "type": "paragraph"
      }
    ]
  },
  "4": {
    "verseObjects": [
      {
        "type": "text",
        "text": "Six years later, Jehoiada the high priest summoned the officers who supervised the royal bodyguards and the palace guards. He told them to come to the temple. There he required them to solemnly promise that they would do what he told them to do. And he showed King Ahaziah's son Joash to them.\n"
      }
    ]
  },
  "5": {
    "verseObjects": [
      {
        "type": "text",
        "text": "He gave them these instructions: \"There are three groups of you guards. When one group finishes their work on the Sabbath day, divide yourselves into three smaller groups. One group must guard the palace.\n"
      }
    ]
  },
  "6": {
    "verseObjects": [
      {
        "type": "text",
        "text": "Another group must guard at the Sur Gate. The other group must guard at the gate behind the other groups.\n\n"
      },
      {
        "tag": "s5",
        "nextChar": "\n",
        "type": "section"
      }
    ]
  },
  "7": {
    "verseObjects": [
      {
        "type": "text",
        "text": "The two groups that are not working on the Sabbath day must guard the temple to protect little King Joash.\n"
      }
    ]
  },
  "8": {
    "verseObjects": [
      {
        "type": "text",
        "text": "You must stand around the king wherever he goes, with your weapons in your hands. You must kill anyone who comes near you.\"\n\n"
      },
      {
        "tag": "s5",
        "nextChar": "\n",
        "type": "section"
      },
      {
        "tag": "p",
        "nextChar": "\n",
        "type": "paragraph"
      }
    ]
  },
  "9": {
    "verseObjects": [
      {
        "type": "text",
        "text": "The officers who supervised the guards did what Jehoiada told them to do. Each one brought to Jehoiada the guards that he supervised—the guards who were just finishing their work and those who were about to start their work on the Sabbath day.\n"
      }
    ]
  },
  "10": {
    "verseObjects": [
      {
        "type": "text",
        "text": "The priest distributed to the commanders of the guards the spears and shields that had belonged to King David, that were kept in the temple.\n\n"
      },
      {
        "tag": "s5",
        "nextChar": "\n",
        "type": "section"
      }
    ]
  },
  "11": {
    "verseObjects": [
      {
        "type": "text",
        "text": "Then he commanded all the guards to stand in their positions, each one with his sword in his hand, all around the king.\n"
      },
      {
        "tag": "p",
        "nextChar": "\n",
        "type": "paragraph"
      }
    ]
  },
  "12": {
    "verseObjects": [
      {
        "type": "text",
        "text": "Then he brought Joash out. He put the crown on his head and gave him a scroll on which were written the rules that the kings needed to obey. Then he poured some olive oil on Joash's head and proclaimed that he was now the king. The people all clapped their hands and shouted, \"We desire that the king will live for many years!\"\n\n"
      },
      {
        "tag": "s5",
        "nextChar": "\n",
        "type": "section"
      },
      {
        "tag": "p",
        "nextChar": "\n",
        "type": "paragraph"
      }
    ]
  },
  "13": {
    "verseObjects": [
      {
        "type": "text",
        "text": "When Athaliah heard the noise that was being made by the guards and the other people, she ran to the temple where the people were gathered.\n"
      }
    ]
  },
  "14": {
    "verseObjects": [
      {
        "type": "text",
        "text": "She saw the new king standing there alongside one of the big pillars, which was the place at the temple where the kings usually stood. She saw that he was surrounded by the temple officers and men blowing trumpets, and that the people were shouting joyfully, and some of them were also blowing trumpets. She tore her clothes to show her distress and shouted, \"You are traitors! You have betrayed me!\"\n\n"
      },
      {
        "tag": "s5",
        "nextChar": "\n",
        "type": "section"
      }
    ]
  },
  "15": {
    "verseObjects": [
      {
        "type": "text",
        "text": "Jehoiada immediately said, \"Kill her, but do not do it here at the temple of Yahweh! Take her away between two rows of guards. And kill anyone who tries to rescue her!\"\n"
      }
    ]
  },
  "16": {
    "verseObjects": [
      {
        "type": "text",
        "text": "She tried to flee, but the guards seized her and took her to the palace, to the place where horses enter the courtyard. They killed her there.\n\n"
      },
      {
        "tag": "s5",
        "nextChar": "\n",
        "type": "section"
      },
      {
        "tag": "p",
        "nextChar": "\n",
        "type": "paragraph"
      }
    ]
  },
  "17": {
    "verseObjects": [
      {
        "type": "text",
        "text": "Then Jehoiada made a covenant between the king and the people, that they would always obey Yahweh. He also made an covenant requiring the people to be loyal to Joash their king.\n"
      }
    ]
  },
  "18": {
    "verseObjects": [
      {
        "type": "text",
        "text": "Then all the people of Israel who were there went to the temple of Baal and tore it down. They smashed the altars and the statues of Baal. They also killed Mattan the priest of Baal, in front of the altars.\n"
      },
      {
        "tag": "p",
        "type": "paragraph",
        "text": "Jehoiada stationed guards at the temple of Yahweh.\n"
      },
      {
        "type": "text",
        "text": "\n"
      },
      {
        "tag": "s5",
        "nextChar": "\n",
        "type": "section"
      }
    ]
  },
  "19": {
    "verseObjects": [
      {
        "type": "text",
        "text": "Then he and the officers of the temple, the officers who supervised the royal bodyguards, and the king's bodyguards brought the king from the temple to the palace. All the people followed them. Joash entered the palace at the Guard Gate and sat down on the throne, where the kings had always sat.\n"
      }
    ]
  },
  "20": {
    "verseObjects": [
      {
        "type": "text",
        "text": "All the people of Judah rejoiced. And because Athaliah had been killed, the city was quiet.\n\n"
      },
      {
        "tag": "s5",
        "nextChar": "\n",
        "type": "section"
      },
      {
        "tag": "p",
        "nextChar": "\n",
        "type": "paragraph"
      }
    ]
  },
  "21": {
    "verseObjects": [
      {
        "type": "text",
        "text": "Joash was seven years old when he became the king of Judah.\n\n\n"
      },
      {
        "tag": "s5",
        "nextChar": "\n",
        "type": "section"
      }
    ]
  },
  "front": {
    "verseObjects": [
      {
        "type": "text",
        "text": "\n"
      },
      {
        "tag": "p",
        "nextChar": "\n",
        "type": "paragraph"
      }
    ]
  }
}