{
  "1": {
    "verseObjects": [
      {
        "type": "text",
        "text": " "
      },
      {
        "text": "וַ⁠יְהִ֣י",
        "tag": "w",
        "type": "word",
        "lemma": "הָיָה",
        "strong": "c:H1961",
        "morph": "He,C:Vqw3ms"
      },
      {
        "type": "text",
        "text": " "
      },
      {
        "text": "כִ⁠שְׁמֹ֣עַ",
        "tag": "w",
        "type": "word",
        "lemma": "שָׁמַע",
        "strong": "k:H8085",
        "morph": "He,R:Vqc"
      },
      {
        "type": "text",
        "text": " "
      },
      {
        "text": "כָּל",
        "tag": "w",
        "type": "word",
        "lemma": "כֹּל",
        "strong": "H3605",
        "morph": "He,Ncmsc"
      },
      {
        "type": "text",
        "text": "־ "
      },
      {
        "text": "מַלְכֵ֣י",
        "tag": "w",
        "type": "word",
        "lemma": "מֶלֶךְ",
        "strong": "H4428",
        "morph": "He,Ncmpc"
      },
      {
        "type": "text",
        "text": " "
      },
      {
        "text": "הָ⁠אֱמֹרִ֡י",
        "tag": "w",
        "type": "word",
        "lemma": "אֱמֹרִי",
        "strong": "d:H0567",
        "morph": "He,Td:Ngmsa"
      },
      {
        "type": "text",
        "text": " "
      },
      {
        "text": "אֲשֶׁר֩",
        "tag": "w",
        "type": "word",
        "lemma": "אֲשֶׁר",
        "strong": "H0834a",
        "morph": "He,Tr"
      },
      {
        "type": "text",
        "text": " "
      },
      {
        "text": "בְּ⁠עֵ֨בֶר",
        "tag": "w",
        "type": "word",
        "lemma": "עֵבֶר",
        "strong": "b:H5676",
        "morph": "He,R:Ncmsc"
      },
      {
        "type": "text",
        "text": " "
      },
      {
        "text": "הַ⁠יַּרְדֵּ֜ן",
        "tag": "w",
        "type": "word",
        "lemma": "יַרְדֵּן",
        "strong": "d:H3383",
        "morph": "He,Td:Np"
      },
      {
        "type": "text",
        "text": " "
      },
      {
        "text": "יָ֗מָּ⁠ה",
        "tag": "w",
        "type": "word",
        "lemma": "יָם",
        "strong": "H3220",
        "morph": "He,Ncmsa:Sd"
      },
      {
        "type": "text",
        "text": " "
      },
      {
        "text": "וְ⁠כָל",
        "tag": "w",
        "type": "word",
        "lemma": "כֹּל",
        "strong": "c:H3605",
        "morph": "He,C:Ncmsc"
      },
      {
        "type": "text",
        "text": "־ "
      },
      {
        "text": "מַלְכֵ֤י",
        "tag": "w",
        "type": "word",
        "lemma": "מֶלֶךְ",
        "strong": "H4428",
        "morph": "He,Ncmpc"
      },
      {
        "type": "text",
        "text": " "
      },
      {
        "text": "הַֽ⁠כְּנַעֲנִי֙",
        "tag": "w",
        "type": "word",
        "lemma": "כְּנַעַנִי",
        "strong": "d:H3669a",
        "morph": "He,Td:Ngmsa"
      },
      {
        "type": "text",
        "text": " "
      },
      {
        "text": "אֲשֶׁ֣ר",
        "tag": "w",
        "type": "word",
        "lemma": "אֲשֶׁר",
        "strong": "H0834a",
        "morph": "He,Tr"
      },
      {
        "type": "text",
        "text": " "
      },
      {
        "text": "עַל",
        "tag": "w",
        "type": "word",
        "lemma": "עַל",
        "strong": "H5921a",
        "morph": "He,R"
      },
      {
        "type": "text",
        "text": "־ "
      },
      {
        "text": "הַ⁠יָּ֔ם",
        "tag": "w",
        "type": "word",
        "lemma": "יָם",
        "strong": "d:H3220",
        "morph": "He,Td:Ncmsa"
      },
      {
        "type": "text",
        "text": " "
      },
      {
        "text": "אֵ֠ת",
        "tag": "w",
        "type": "word",
        "lemma": "אֵת",
        "strong": "H0853",
        "morph": "He,To"
      },
      {
        "type": "text",
        "text": " "
      },
      {
        "text": "אֲשֶׁר",
        "tag": "w",
        "type": "word",
        "lemma": "אֲשֶׁר",
        "strong": "H0834a",
        "morph": "He,Tr"
      },
      {
        "type": "text",
        "text": "־ "
      },
      {
        "text": "הוֹבִ֨ישׁ",
        "tag": "w",
        "type": "word",
        "lemma": "יָבֵשׁ",
        "strong": "H3001",
        "morph": "He,Vhp3ms"
      },
      {
        "type": "text",
        "text": " "
      },
      {
        "text": "יְהוָ֜ה",
        "tag": "w",
        "type": "word",
        "lemma": "יְהֹוָה",
        "strong": "H3068",
        "morph": "He,Np"
      },
      {
        "type": "text",
        "text": " "
      },
      {
        "text": "אֶת",
        "tag": "w",
        "type": "word",
        "lemma": "אֵת",
        "strong": "H0853",
        "morph": "He,To"
      },
      {
        "type": "text",
        "text": "־ "
      },
      {
        "text": "מֵ֧י",
        "tag": "w",
        "type": "word",
        "lemma": "מַיִם",
        "strong": "H4325",
        "morph": "He,Ncmpc"
      },
      {
        "type": "text",
        "text": " "
      },
      {
        "text": "הַ⁠יַּרְדֵּ֛ן",
        "tag": "w",
        "type": "word",
        "lemma": "יַרְדֵּן",
        "strong": "d:H3383",
        "morph": "He,Td:Np"
      },
      {
        "type": "text",
        "text": " "
      },
      {
        "text": "מִ⁠פְּנֵ֥י",
        "tag": "w",
        "type": "word",
        "lemma": "פָּנִים",
        "strong": "m:H6440",
        "morph": "He,R:Ncbpc"
      },
      {
        "type": "text",
        "text": " "
      },
      {
        "text": "בְנֵֽי",
        "tag": "w",
        "type": "word",
        "lemma": "בֵּן",
        "strong": "H1121a",
        "morph": "He,Ncmpc"
      },
      {
        "type": "text",
        "text": "־ "
      },
      {
        "text": "יִשְׂרָאֵ֖ל",
        "tag": "w",
        "type": "word",
        "lemma": "יִשְׂרָאֵל",
        "strong": "H3478",
        "morph": "He,Np"
      },
      {
        "type": "text",
        "text": " "
      },
      {
        "text": "עַד",
        "tag": "w",
        "type": "word",
        "lemma": "עַד",
        "strong": "H5704",
        "morph": "He,R"
      },
      {
        "type": "text",
        "text": "־ "
      },
      {
        "text": "עבר⁠נו",
        "tag": "w",
        "type": "word",
        "lemma": "עָבַר",
        "strong": "H5674a",
        "morph": "He,Vqc:Sp1cp"
      },
      {
        "type": "text",
        "text": " "
      },
      {
        "text": "וַ⁠יִּמַּ֣ס",
        "tag": "w",
        "type": "word",
        "lemma": "מָסַס",
        "strong": "c:H4549",
        "morph": "He,C:VNw3ms"
      },
      {
        "type": "text",
        "text": " "
      },
      {
        "text": "לְבָבָ֗⁠ם",
        "tag": "w",
        "type": "word",
        "lemma": "לֵבָב",
        "strong": "H3824",
        "morph": "He,Ncmsc:Sp3mp"
      },
      {
        "type": "text",
        "text": " "
      },
      {
        "text": "וְ⁠לֹא",
        "tag": "w",
        "type": "word",
        "lemma": "לֹא",
        "strong": "c:H3808",
        "morph": "He,C:Tn"
      },
      {
        "type": "text",
        "text": "־ "
      },
      {
        "text": "הָ֨יָה",
        "tag": "w",
        "type": "word",
        "lemma": "הָיָה",
        "strong": "H1961",
        "morph": "He,Vqp3ms"
      },
      {
        "type": "text",
        "text": " "
      },
      {
        "text": "בָ֥⁠ם",
        "tag": "w",
        "type": "word",
        "lemma": "",
        "strong": "b",
        "morph": "He,R:Sp3mp"
      },
      {
        "type": "text",
        "text": " "
      },
      {
        "text": "עוֹד֙",
        "tag": "w",
        "type": "word",
        "lemma": "עוֹד",
        "strong": "H5750",
        "morph": "He,D"
      },
      {
        "type": "text",
        "text": " "
      },
      {
        "text": "ר֔וּחַ",
        "tag": "w",
        "type": "word",
        "lemma": "רוּחַ",
        "strong": "H7307",
        "morph": "He,Ncbsa"
      },
      {
        "type": "text",
        "text": " "
      },
      {
        "text": "מִ⁠פְּנֵ֖י",
        "tag": "w",
        "type": "word",
        "lemma": "פָּנִים",
        "strong": "m:H6440",
        "morph": "He,R:Ncbpc"
      },
      {
        "type": "text",
        "text": " "
      },
      {
        "text": "בְּנֵֽי",
        "tag": "w",
        "type": "word",
        "lemma": "בֵּן",
        "strong": "H1121a",
        "morph": "He,Ncmpc"
      },
      {
        "type": "text",
        "text": "־ "
      },
      {
        "text": "יִשְׂרָאֵֽל",
        "tag": "w",
        "type": "word",
        "lemma": "יִשְׂרָאֵל",
        "strong": "H3478",
        "morph": "He,Np"
      },
      {
        "type": "text",
        "text": "׃ס\n\n"
      }
    ]
  },
  "2": {
    "verseObjects": [
      {
        "type": "text",
        "text": " "
      },
      {
        "text": "בָּ⁠עֵ֣ת",
        "tag": "w",
        "type": "word",
        "lemma": "עֵת",
        "strong": "b:H6256",
        "morph": "He,Rd:Ncbsa"
      },
      {
        "type": "text",
        "text": " "
      },
      {
        "text": "הַ⁠הִ֗יא",
        "tag": "w",
        "type": "word",
        "lemma": "הוּא",
        "strong": "d:H1931",
        "morph": "He,Td:Pp3fs"
      },
      {
        "type": "text",
        "text": " "
      },
      {
        "text": "אָמַ֤ר",
        "tag": "w",
        "type": "word",
        "lemma": "אָמַר",
        "strong": "H0559",
        "morph": "He,Vqp3ms"
      },
      {
        "type": "text",
        "text": " "
      },
      {
        "text": "יְהוָה֙",
        "tag": "w",
        "type": "word",
        "lemma": "יְהֹוָה",
        "strong": "H3068",
        "morph": "He,Np"
      },
      {
        "type": "text",
        "text": " "
      },
      {
        "text": "אֶל",
        "tag": "w",
        "type": "word",
        "lemma": "אֵל",
        "strong": "H0413",
        "morph": "He,R"
      },
      {
        "type": "text",
        "text": "־ "
      },
      {
        "text": "יְהוֹשֻׁ֔עַ",
        "tag": "w",
        "type": "word",
        "lemma": "יְהוֹשׁוּעַ",
        "strong": "H3091",
        "morph": "He,Np"
      },
      {
        "type": "text",
        "text": " "
      },
      {
        "text": "עֲשֵׂ֥ה",
        "tag": "w",
        "type": "word",
        "lemma": "עָשָׂה",
        "strong": "H6213a",
        "morph": "He,Vqv2ms"
      },
      {
        "type": "text",
        "text": " "
      },
      {
        "text": "לְ⁠ךָ֖",
        "tag": "w",
        "type": "word",
        "lemma": "",
        "strong": "l",
        "morph": "He,R:Sp2ms"
      },
      {
        "type": "text",
        "text": " "
      },
      {
        "text": "חַֽרְב֣וֹת",
        "tag": "w",
        "type": "word",
        "lemma": "חֶרֶב",
        "strong": "H2719",
        "morph": "He,Ncfpc"
      },
      {
        "type": "text",
        "text": " "
      },
      {
        "text": "צֻרִ֑ים",
        "tag": "w",
        "type": "word",
        "lemma": "צוּר",
        "strong": "H6697",
        "morph": "He,Ncmpa"
      },
      {
        "type": "text",
        "text": " "
      },
      {
        "text": "וְ⁠שׁ֛וּב",
        "tag": "w",
        "type": "word",
        "lemma": "שׁוּב",
        "strong": "c:H7725",
        "morph": "He,C:Vqv2ms"
      },
      {
        "type": "text",
        "text": " "
      },
      {
        "text": "מֹ֥ל",
        "tag": "w",
        "type": "word",
        "lemma": "מוּל",
        "strong": "H4135b",
        "morph": "He,Vqv2ms"
      },
      {
        "type": "text",
        "text": " "
      },
      {
        "text": "אֶת",
        "tag": "w",
        "type": "word",
        "lemma": "אֵת",
        "strong": "H0853",
        "morph": "He,To"
      },
      {
        "type": "text",
        "text": "־ "
      },
      {
        "text": "בְּנֵֽי",
        "tag": "w",
        "type": "word",
        "lemma": "בֵּן",
        "strong": "H1121a",
        "morph": "He,Ncmpc"
      },
      {
        "type": "text",
        "text": "־ "
      },
      {
        "text": "יִשְׂרָאֵ֖ל",
        "tag": "w",
        "type": "word",
        "lemma": "יִשְׂרָאֵל",
        "strong": "H3478",
        "morph": "He,Np"
      },
      {
        "type": "text",
        "text": " "
      },
      {
        "text": "שֵׁנִֽית",
        "tag": "w",
        "type": "word",
        "lemma": "שֵׁנִי",
        "strong": "H8145",
        "morph": "He,Aofsa"
      },
      {
        "type": "text",
        "text": "׃\n\n"
      }
    ]
  },
  "3": {
    "verseObjects": [
      {
        "type": "text",
        "text": " "
      },
      {
        "text": "וַ⁠יַּעַשׂ",
        "tag": "w",
        "type": "word",
        "lemma": "עָשָׂה",
        "strong": "c:H6213a",
        "morph": "He,C:Vqw3ms"
      },
      {
        "type": "text",
        "text": "־ "
      },
      {
        "text": "ל֥⁠וֹ",
        "tag": "w",
        "type": "word",
        "lemma": "",
        "strong": "l",
        "morph": "He,R:Sp3ms"
      },
      {
        "type": "text",
        "text": " "
      },
      {
        "text": "יְהוֹשֻׁ֖עַ",
        "tag": "w",
        "type": "word",
        "lemma": "יְהוֹשׁוּעַ",
        "strong": "H3091",
        "morph": "He,Np"
      },
      {
        "type": "text",
        "text": " "
      },
      {
        "text": "חַֽרְב֣וֹת",
        "tag": "w",
        "type": "word",
        "lemma": "חֶרֶב",
        "strong": "H2719",
        "morph": "He,Ncfpc"
      },
      {
        "type": "text",
        "text": " "
      },
      {
        "text": "צֻרִ֑ים",
        "tag": "w",
        "type": "word",
        "lemma": "צוּר",
        "strong": "H6697",
        "morph": "He,Ncmpa"
      },
      {
        "type": "text",
        "text": " "
      },
      {
        "text": "וַ⁠יָּ֨מָל֙",
        "tag": "w",
        "type": "word",
        "lemma": "מוּל",
        "strong": "c:H4135a",
        "morph": "He,C:Vqw3ms"
      },
      {
        "type": "text",
        "text": " "
      },
      {
        "text": "אֶת",
        "tag": "w",
        "type": "word",
        "lemma": "אֵת",
        "strong": "H0853",
        "morph": "He,To"
      },
      {
        "type": "text",
        "text": "־ "
      },
      {
        "text": "בְּנֵ֣י",
        "tag": "w",
        "type": "word",
        "lemma": "בֵּן",
        "strong": "H1121a",
        "morph": "He,Ncmpc"
      },
      {
        "type": "text",
        "text": " "
      },
      {
        "text": "יִשְׂרָאֵ֔ל",
        "tag": "w",
        "type": "word",
        "lemma": "יִשְׂרָאֵל",
        "strong": "H3478",
        "morph": "He,Np"
      },
      {
        "type": "text",
        "text": " "
      },
      {
        "text": "אֶל",
        "tag": "w",
        "type": "word",
        "lemma": "אֵל",
        "strong": "H0413",
        "morph": "He,R"
      },
      {
        "type": "text",
        "text": "־ "
      },
      {
        "text": "גִּבְעַ֖ת",
        "tag": "w",
        "type": "word",
        "lemma": "גִּבְעָה",
        "strong": "H1389",
        "morph": "He,Ncfsc"
      },
      {
        "type": "text",
        "text": " "
      },
      {
        "text": "הָ⁠עֲרָלֽוֹת",
        "tag": "w",
        "type": "word",
        "lemma": "עׇרְלָה",
        "strong": "d:H6190",
        "morph": "He,Td:Ncfpa"
      },
      {
        "type": "text",
        "text": "׃\n\n"
      }
    ]
  },
  "4": {
    "verseObjects": [
      {
        "type": "text",
        "text": " "
      },
      {
        "text": "וְ⁠זֶ֥ה",
        "tag": "w",
        "type": "word",
        "lemma": "זֶה",
        "strong": "c:H2088",
        "morph": "He,C:Pdxms"
      },
      {
        "type": "text",
        "text": " "
      },
      {
        "text": "הַ⁠דָּבָ֖ר",
        "tag": "w",
        "type": "word",
        "lemma": "דָּבָר",
        "strong": "d:H1697",
        "morph": "He,Td:Ncmsa"
      },
      {
        "type": "text",
        "text": " "
      },
      {
        "text": "אֲשֶׁר",
        "tag": "w",
        "type": "word",
        "lemma": "אֲשֶׁר",
        "strong": "H0834a",
        "morph": "He,Tr"
      },
      {
        "type": "text",
        "text": "־ "
      },
      {
        "text": "מָ֣ל",
        "tag": "w",
        "type": "word",
        "lemma": "מוּל",
        "strong": "H4135a",
        "morph": "He,Vqp3ms"
      },
      {
        "type": "text",
        "text": " "
      },
      {
        "text": "יְהוֹשֻׁ֑עַ",
        "tag": "w",
        "type": "word",
        "lemma": "יְהוֹשׁוּעַ",
        "strong": "H3091",
        "morph": "He,Np"
      },
      {
        "type": "text",
        "text": " "
      },
      {
        "text": "כָּל",
        "tag": "w",
        "type": "word",
        "lemma": "כֹּל",
        "strong": "H3605",
        "morph": "He,Ncmsc"
      },
      {
        "type": "text",
        "text": "־ "
      },
      {
        "text": "הָ⁠עָ֣ם",
        "tag": "w",
        "type": "word",
        "lemma": "עַם",
        "strong": "d:H5971a",
        "morph": "He,Td:Ncmsa"
      },
      {
        "type": "text",
        "text": " "
      },
      {
        "text": "הַ⁠יֹּצֵא֩",
        "tag": "w",
        "type": "word",
        "lemma": "יָצָא",
        "strong": "d:H3318",
        "morph": "He,Td:Vqrmsa"
      },
      {
        "type": "text",
        "text": " "
      },
      {
        "text": "מִ⁠מִּצְרַ֨יִם",
        "tag": "w",
        "type": "word",
        "lemma": "מִצְרַיִם",
        "strong": "m:H4714",
        "morph": "He,R:Np"
      },
      {
        "type": "text",
        "text": " "
      },
      {
        "text": "הַ⁠זְּכָרִ֜ים",
        "tag": "w",
        "type": "word",
        "lemma": "זָכָר",
        "strong": "d:H2145",
        "morph": "He,Td:Ncmpa"
      },
      {
        "type": "text",
        "text": " "
      },
      {
        "text": "כֹּ֣ל",
        "tag": "w",
        "type": "word",
        "lemma": "כֹּל",
        "strong": "H3605",
        "morph": "He,Ncmsc"
      },
      {
        "type": "text",
        "text": "׀ "
      },
      {
        "text": "אַנְשֵׁ֣י",
        "tag": "w",
        "type": "word",
        "lemma": "אִישׁ",
        "strong": "H0376",
        "morph": "He,Ncmpc"
      },
      {
        "type": "text",
        "text": " "
      },
      {
        "text": "הַ⁠מִּלְחָמָ֗ה",
        "tag": "w",
        "type": "word",
        "lemma": "מִלְחָמָה",
        "strong": "d:H4421",
        "morph": "He,Td:Ncfsa"
      },
      {
        "type": "text",
        "text": " "
      },
      {
        "text": "מֵ֤תוּ",
        "tag": "w",
        "type": "word",
        "lemma": "מוּת",
        "strong": "H4191",
        "morph": "He,Vqp3cp"
      },
      {
        "type": "text",
        "text": " "
      },
      {
        "text": "בַ⁠מִּדְבָּר֙",
        "tag": "w",
        "type": "word",
        "lemma": "מִדְבָּר",
        "strong": "b:H4057b",
        "morph": "He,Rd:Ncmsa"
      },
      {
        "type": "text",
        "text": " "
      },
      {
        "text": "בַּ⁠דֶּ֔רֶךְ",
        "tag": "w",
        "type": "word",
        "lemma": "דֶּרֶךְ",
        "strong": "b:H1870",
        "morph": "He,Rd:Ncbsa"
      },
      {
        "type": "text",
        "text": " "
      },
      {
        "text": "בְּ⁠צֵאתָ֖⁠ם",
        "tag": "w",
        "type": "word",
        "lemma": "יָצָא",
        "strong": "b:H3318",
        "morph": "He,R:Vqc:Sp3mp"
      },
      {
        "type": "text",
        "text": " "
      },
      {
        "text": "מִ⁠מִּצְרָֽיִם",
        "tag": "w",
        "type": "word",
        "lemma": "מִצְרַיִם",
        "strong": "m:H4714",
        "morph": "He,R:Np"
      },
      {
        "type": "text",
        "text": "׃\n\n"
      }
    ]
  },
  "5": {
    "verseObjects": [
      {
        "type": "text",
        "text": " "
      },
      {
        "text": "כִּֽי",
        "tag": "w",
        "type": "word",
        "lemma": "כִּי",
        "strong": "H3588a",
        "morph": "He,C"
      },
      {
        "type": "text",
        "text": "־ "
      },
      {
        "text": "מֻלִ֣ים",
        "tag": "w",
        "type": "word",
        "lemma": "מוּל",
        "strong": "H4135a",
        "morph": "He,Vqsmpa"
      },
      {
        "type": "text",
        "text": " "
      },
      {
        "text": "הָי֔וּ",
        "tag": "w",
        "type": "word",
        "lemma": "הָיָה",
        "strong": "H1961",
        "morph": "He,Vqp3cp"
      },
      {
        "type": "text",
        "text": " "
      },
      {
        "text": "כָּל",
        "tag": "w",
        "type": "word",
        "lemma": "כֹּל",
        "strong": "H3605",
        "morph": "He,Ncmsc"
      },
      {
        "type": "text",
        "text": "־ "
      },
      {
        "text": "הָ⁠עָ֖ם",
        "tag": "w",
        "type": "word",
        "lemma": "עַם",
        "strong": "d:H5971a",
        "morph": "He,Td:Ncmsa"
      },
      {
        "type": "text",
        "text": " "
      },
      {
        "text": "הַ⁠יֹּֽצְאִ֑ים",
        "tag": "w",
        "type": "word",
        "lemma": "יָצָא",
        "strong": "d:H3318",
        "morph": "He,Td:Vqrmpa"
      },
      {
        "type": "text",
        "text": " "
      },
      {
        "text": "וְ⁠כָל",
        "tag": "w",
        "type": "word",
        "lemma": "כֹּל",
        "strong": "c:H3605",
        "morph": "He,C:Ncmsc"
      },
      {
        "type": "text",
        "text": "־ "
      },
      {
        "text": "הָ֠⁠עָם",
        "tag": "w",
        "type": "word",
        "lemma": "עַם",
        "strong": "d:H5971a",
        "morph": "He,Td:Ncmsa"
      },
      {
        "type": "text",
        "text": " "
      },
      {
        "text": "הַ⁠יִּלֹּדִ֨ים",
        "tag": "w",
        "type": "word",
        "lemma": "יִלּוֹד",
        "strong": "d:H3209",
        "morph": "He,Td:Aampa"
      },
      {
        "type": "text",
        "text": " "
      },
      {
        "text": "בַּ⁠מִּדְבָּ֥ר",
        "tag": "w",
        "type": "word",
        "lemma": "מִדְבָּר",
        "strong": "b:H4057b",
        "morph": "He,Rd:Ncmsa"
      },
      {
        "type": "text",
        "text": " "
      },
      {
        "text": "בַּ⁠דֶּ֛רֶךְ",
        "tag": "w",
        "type": "word",
        "lemma": "דֶּרֶךְ",
        "strong": "b:H1870",
        "morph": "He,Rd:Ncbsa"
      },
      {
        "type": "text",
        "text": " "
      },
      {
        "text": "בְּ⁠צֵאתָ֥⁠ם",
        "tag": "w",
        "type": "word",
        "lemma": "יָצָא",
        "strong": "b:H3318",
        "morph": "He,R:Vqc:Sp3mp"
      },
      {
        "type": "text",
        "text": " "
      },
      {
        "text": "מִ⁠מִּצְרַ֖יִם",
        "tag": "w",
        "type": "word",
        "lemma": "מִצְרַיִם",
        "strong": "m:H4714",
        "morph": "He,R:Np"
      },
      {
        "type": "text",
        "text": " "
      },
      {
        "text": "לֹא",
        "tag": "w",
        "type": "word",
        "lemma": "לֹא",
        "strong": "H3808",
        "morph": "He,Tn"
      },
      {
        "type": "text",
        "text": "־ "
      },
      {
        "text": "מָֽלוּ",
        "tag": "w",
        "type": "word",
        "lemma": "מוּל",
        "strong": "H4135a",
        "morph": "He,Vqp3cp"
      },
      {
        "type": "text",
        "text": "׃\n\n"
      }
    ]
  },
  "6": {
    "verseObjects": [
      {
        "type": "text",
        "text": " "
      },
      {
        "text": "כִּ֣י",
        "tag": "w",
        "type": "word",
        "lemma": "כִּי",
        "strong": "H3588a",
        "morph": "He,C"
      },
      {
        "type": "text",
        "text": "׀ "
      },
      {
        "text": "אַרְבָּעִ֣ים",
        "tag": "w",
        "type": "word",
        "lemma": "אַרְבָּעִים",
        "strong": "H0705",
        "morph": "He,Acbpa"
      },
      {
        "type": "text",
        "text": " "
      },
      {
        "text": "שָׁנָ֗ה",
        "tag": "w",
        "type": "word",
        "lemma": "שָׁנֶה",
        "strong": "H8141",
        "morph": "He,Ncfsa"
      },
      {
        "type": "text",
        "text": " "
      },
      {
        "text": "הָלְכ֣וּ",
        "tag": "w",
        "type": "word",
        "lemma": "הָלַךְ",
        "strong": "H1980",
        "morph": "He,Vqp3cp"
      },
      {
        "type": "text",
        "text": " "
      },
      {
        "text": "בְנֵֽי",
        "tag": "w",
        "type": "word",
        "lemma": "בֵּן",
        "strong": "H1121a",
        "morph": "He,Ncmpc"
      },
      {
        "type": "text",
        "text": "־ "
      },
      {
        "text": "יִשְׂרָאֵל֮",
        "tag": "w",
        "type": "word",
        "lemma": "יִשְׂרָאֵל",
        "strong": "H3478",
        "morph": "He,Np"
      },
      {
        "type": "text",
        "text": " "
      },
      {
        "text": "בַּ⁠מִּדְבָּר֒",
        "tag": "w",
        "type": "word",
        "lemma": "מִדְבָּר",
        "strong": "b:H4057b",
        "morph": "He,Rd:Ncmsa"
      },
      {
        "type": "text",
        "text": " "
      },
      {
        "text": "עַד",
        "tag": "w",
        "type": "word",
        "lemma": "עַד",
        "strong": "H5704",
        "morph": "He,R"
      },
      {
        "type": "text",
        "text": "־ "
      },
      {
        "text": "תֹּ֨ם",
        "tag": "w",
        "type": "word",
        "lemma": "תָּמַם",
        "strong": "H8552",
        "morph": "He,Vqc"
      },
      {
        "type": "text",
        "text": " "
      },
      {
        "text": "כָּל",
        "tag": "w",
        "type": "word",
        "lemma": "כֹּל",
        "strong": "H3605",
        "morph": "He,Ncmsc"
      },
      {
        "type": "text",
        "text": "־ "
      },
      {
        "text": "הַ⁠גּ֜וֹי",
        "tag": "w",
        "type": "word",
        "lemma": "גּוֹי",
        "strong": "d:H1471a",
        "morph": "He,Td:Ncmsa"
      },
      {
        "type": "text",
        "text": " "
      },
      {
        "text": "אַנְשֵׁ֤י",
        "tag": "w",
        "type": "word",
        "lemma": "אִישׁ",
        "strong": "H0376",
        "morph": "He,Ncmpc"
      },
      {
        "type": "text",
        "text": " "
      },
      {
        "text": "הַ⁠מִּלְחָמָה֙",
        "tag": "w",
        "type": "word",
        "lemma": "מִלְחָמָה",
        "strong": "d:H4421",
        "morph": "He,Td:Ncfsa"
      },
      {
        "type": "text",
        "text": " "
      },
      {
        "text": "הַ⁠יֹּצְאִ֣ים",
        "tag": "w",
        "type": "word",
        "lemma": "יָצָא",
        "strong": "d:H3318",
        "morph": "He,Td:Vqrmpa"
      },
      {
        "type": "text",
        "text": " "
      },
      {
        "text": "מִ⁠מִּצְרַ֔יִם",
        "tag": "w",
        "type": "word",
        "lemma": "מִצְרַיִם",
        "strong": "m:H4714",
        "morph": "He,R:Np"
      },
      {
        "type": "text",
        "text": " "
      },
      {
        "text": "אֲשֶׁ֥ר",
        "tag": "w",
        "type": "word",
        "lemma": "אֲשֶׁר",
        "strong": "H0834a",
        "morph": "He,Tr"
      },
      {
        "type": "text",
        "text": " "
      },
      {
        "text": "לֹֽא",
        "tag": "w",
        "type": "word",
        "lemma": "לֹא",
        "strong": "H3808",
        "morph": "He,Tn"
      },
      {
        "type": "text",
        "text": "־ "
      },
      {
        "text": "שָׁמְע֖וּ",
        "tag": "w",
        "type": "word",
        "lemma": "שָׁמַע",
        "strong": "H8085",
        "morph": "He,Vqp3cp"
      },
      {
        "type": "text",
        "text": " "
      },
      {
        "text": "בְּ⁠ק֣וֹל",
        "tag": "w",
        "type": "word",
        "lemma": "קוֹל",
        "strong": "b:H6963a",
        "morph": "He,R:Ncmsc"
      },
      {
        "type": "text",
        "text": " "
      },
      {
        "text": "יְהוָ֑ה",
        "tag": "w",
        "type": "word",
        "lemma": "יְהֹוָה",
        "strong": "H3068",
        "morph": "He,Np"
      },
      {
        "type": "text",
        "text": " "
      },
      {
        "text": "אֲשֶׁ֨ר",
        "tag": "w",
        "type": "word",
        "lemma": "אֲשֶׁר",
        "strong": "H0834a",
        "morph": "He,Tr"
      },
      {
        "type": "text",
        "text": " "
      },
      {
        "text": "נִשְׁבַּ֤ע",
        "tag": "w",
        "type": "word",
        "lemma": "שָׁבַע",
        "strong": "H7650",
        "morph": "He,VNp3ms"
      },
      {
        "type": "text",
        "text": " "
      },
      {
        "text": "יְהוָה֙",
        "tag": "w",
        "type": "word",
        "lemma": "יְהֹוָה",
        "strong": "H3068",
        "morph": "He,Np"
      },
      {
        "type": "text",
        "text": " "
      },
      {
        "text": "לָ⁠הֶ֔ם",
        "tag": "w",
        "type": "word",
        "lemma": "",
        "strong": "l",
        "morph": "He,R:Sp3mp"
      },
      {
        "type": "text",
        "text": " "
      },
      {
        "text": "לְ⁠בִלְתִּ֞י",
        "tag": "w",
        "type": "word",
        "lemma": "בִּלְתִּי",
        "strong": "l:H1115",
        "morph": "He,R:C"
      },
      {
        "type": "text",
        "text": " "
      },
      {
        "text": "הַרְאוֹתָ֣⁠ם",
        "tag": "w",
        "type": "word",
        "lemma": "רָאָה",
        "strong": "H7200",
        "morph": "He,Vhc:Sp3mp"
      },
      {
        "type": "text",
        "text": " "
      },
      {
        "text": "אֶת",
        "tag": "w",
        "type": "word",
        "lemma": "אֵת",
        "strong": "H0853",
        "morph": "He,To"
      },
      {
        "type": "text",
        "text": "־ "
      },
      {
        "text": "הָ⁠אָ֗רֶץ",
        "tag": "w",
        "type": "word",
        "lemma": "אֶרֶץ",
        "strong": "d:H0776",
        "morph": "He,Td:Ncbsa"
      },
      {
        "type": "text",
        "text": " "
      },
      {
        "text": "אֲשֶׁר֩",
        "tag": "w",
        "type": "word",
        "lemma": "אֲשֶׁר",
        "strong": "H0834a",
        "morph": "He,Tr"
      },
      {
        "type": "text",
        "text": " "
      },
      {
        "text": "נִשְׁבַּ֨ע",
        "tag": "w",
        "type": "word",
        "lemma": "שָׁבַע",
        "strong": "H7650",
        "morph": "He,VNp3ms"
      },
      {
        "type": "text",
        "text": " "
      },
      {
        "text": "יְהוָ֤ה",
        "tag": "w",
        "type": "word",
        "lemma": "יְהֹוָה",
        "strong": "H3068",
        "morph": "He,Np"
      },
      {
        "type": "text",
        "text": " "
      },
      {
        "text": "לַֽ⁠אֲבוֹתָ⁠ם֙",
        "tag": "w",
        "type": "word",
        "lemma": "אָב",
        "strong": "l:H0001",
        "morph": "He,R:Ncmpc:Sp3mp"
      },
      {
        "type": "text",
        "text": " "
      },
      {
        "text": "לָ֣⁠תֶת",
        "tag": "w",
        "type": "word",
        "lemma": "נָתַן",
        "strong": "l:H5414",
        "morph": "He,R:Vqc"
      },
      {
        "type": "text",
        "text": " "
      },
      {
        "text": "לָ֔⁠נוּ",
        "tag": "w",
        "type": "word",
        "lemma": "",
        "strong": "l",
        "morph": "He,R:Sp1cp"
      },
      {
        "type": "text",
        "text": " "
      },
      {
        "text": "אֶ֛רֶץ",
        "tag": "w",
        "type": "word",
        "lemma": "אֶרֶץ",
        "strong": "H0776",
        "morph": "He,Ncbsa"
      },
      {
        "type": "text",
        "text": " "
      },
      {
        "text": "זָבַ֥ת",
        "tag": "w",
        "type": "word",
        "lemma": "זוּב",
        "strong": "H2100",
        "morph": "He,Vqrfsc"
      },
      {
        "type": "text",
        "text": " "
      },
      {
        "text": "חָלָ֖ב",
        "tag": "w",
        "type": "word",
        "lemma": "חָלָב",
        "strong": "H2461",
        "morph": "He,Ncmsa"
      },
      {
        "type": "text",
        "text": " "
      },
      {
        "text": "וּ⁠דְבָֽשׁ",
        "tag": "w",
        "type": "word",
        "lemma": "דְּבַשׁ",
        "strong": "c:H1706",
        "morph": "He,C:Ncmsa"
      },
      {
        "type": "text",
        "text": "׃\n\n"
      }
    ]
  },
  "7": {
    "verseObjects": [
      {
        "type": "text",
        "text": " "
      },
      {
        "text": "וְ⁠אֶת",
        "tag": "w",
        "type": "word",
        "lemma": "אֵת",
        "strong": "c:H0853",
        "morph": "He,C:To"
      },
      {
        "type": "text",
        "text": "־ "
      },
      {
        "text": "בְּנֵי⁠הֶם֙",
        "tag": "w",
        "type": "word",
        "lemma": "בֵּן",
        "strong": "H1121a",
        "morph": "He,Ncmpc:Sp3mp"
      },
      {
        "type": "text",
        "text": " "
      },
      {
        "text": "הֵקִ֣ים",
        "tag": "w",
        "type": "word",
        "lemma": "קוּם",
        "strong": "H6965b",
        "morph": "He,Vhp3ms"
      },
      {
        "type": "text",
        "text": " "
      },
      {
        "text": "תַּחְתָּ֔⁠ם",
        "tag": "w",
        "type": "word",
        "lemma": "תַּחַת",
        "strong": "H8478",
        "morph": "He,R:Sp3mp"
      },
      {
        "type": "text",
        "text": " "
      },
      {
        "text": "אֹתָ֖⁠ם",
        "tag": "w",
        "type": "word",
        "lemma": "אֵת",
        "strong": "H0853",
        "morph": "He,To:Sp3mp"
      },
      {
        "type": "text",
        "text": " "
      },
      {
        "text": "מָ֣ל",
        "tag": "w",
        "type": "word",
        "lemma": "מוּל",
        "strong": "H4135a",
        "morph": "He,Vqp3ms"
      },
      {
        "type": "text",
        "text": " "
      },
      {
        "text": "יְהוֹשֻׁ֑עַ",
        "tag": "w",
        "type": "word",
        "lemma": "יְהוֹשׁוּעַ",
        "strong": "H3091",
        "morph": "He,Np"
      },
      {
        "type": "text",
        "text": " "
      },
      {
        "text": "כִּי",
        "tag": "w",
        "type": "word",
        "lemma": "כִּי",
        "strong": "H3588a",
        "morph": "He,C"
      },
      {
        "type": "text",
        "text": "־ "
      },
      {
        "text": "עֲרֵלִ֣ים",
        "tag": "w",
        "type": "word",
        "lemma": "עָרֵל",
        "strong": "H6189",
        "morph": "He,Aampa"
      },
      {
        "type": "text",
        "text": " "
      },
      {
        "text": "הָי֔וּ",
        "tag": "w",
        "type": "word",
        "lemma": "הָיָה",
        "strong": "H1961",
        "morph": "He,Vqp3cp"
      },
      {
        "type": "text",
        "text": " "
      },
      {
        "text": "כִּ֛י",
        "tag": "w",
        "type": "word",
        "lemma": "כִּי",
        "strong": "H3588a",
        "morph": "He,C"
      },
      {
        "type": "text",
        "text": " "
      },
      {
        "text": "לֹא",
        "tag": "w",
        "type": "word",
        "lemma": "לֹא",
        "strong": "H3808",
        "morph": "He,Tn"
      },
      {
        "type": "text",
        "text": "־ "
      },
      {
        "text": "מָ֥לוּ",
        "tag": "w",
        "type": "word",
        "lemma": "מוּל",
        "strong": "H4135a",
        "morph": "He,Vqp3cp"
      },
      {
        "type": "text",
        "text": " "
      },
      {
        "text": "אוֹתָ֖⁠ם",
        "tag": "w",
        "type": "word",
        "lemma": "אֵת",
        "strong": "H0853",
        "morph": "He,To:Sp3mp"
      },
      {
        "type": "text",
        "text": " "
      },
      {
        "text": "בַּ⁠דָּֽרֶךְ",
        "tag": "w",
        "type": "word",
        "lemma": "דֶּרֶךְ",
        "strong": "b:H1870",
        "morph": "He,Rd:Ncbsa"
      },
      {
        "type": "text",
        "text": "׃\n\n"
      }
    ]
  },
  "8": {
    "verseObjects": [
      {
        "type": "text",
        "text": " "
      },
      {
        "text": "וַ⁠יְהִ֛י",
        "tag": "w",
        "type": "word",
        "lemma": "הָיָה",
        "strong": "c:H1961",
        "morph": "He,C:Vqw3ms"
      },
      {
        "type": "text",
        "text": " "
      },
      {
        "text": "כַּ⁠אֲשֶׁר",
        "tag": "w",
        "type": "word",
        "lemma": "אֲשֶׁר",
        "strong": "k:H0834d",
        "morph": "He,R:Tr"
      },
      {
        "type": "text",
        "text": "־ "
      },
      {
        "text": "תַּ֥מּוּ",
        "tag": "w",
        "type": "word",
        "lemma": "תָּמַם",
        "strong": "H8552",
        "morph": "He,Vqp3cp"
      },
      {
        "type": "text",
        "text": " "
      },
      {
        "text": "כָל",
        "tag": "w",
        "type": "word",
        "lemma": "כֹּל",
        "strong": "H3605",
        "morph": "He,Ncmsc"
      },
      {
        "type": "text",
        "text": "־ "
      },
      {
        "text": "הַ⁠גּ֖וֹי",
        "tag": "w",
        "type": "word",
        "lemma": "גּוֹי",
        "strong": "d:H1471a",
        "morph": "He,Td:Ncmsa"
      },
      {
        "type": "text",
        "text": " "
      },
      {
        "text": "לְ⁠הִמּ֑וֹל",
        "tag": "w",
        "type": "word",
        "lemma": "מוּל",
        "strong": "l:H4135a",
        "morph": "He,R:VNc"
      },
      {
        "type": "text",
        "text": " "
      },
      {
        "text": "וַ⁠יֵּשְׁב֥וּ",
        "tag": "w",
        "type": "word",
        "lemma": "יָשַׁב",
        "strong": "c:H3427",
        "morph": "He,C:Vqw3mp"
      },
      {
        "type": "text",
        "text": " "
      },
      {
        "text": "תַחְתָּ֛⁠ם",
        "tag": "w",
        "type": "word",
        "lemma": "תַּחַת",
        "strong": "H8478",
        "morph": "He,R:Sp3mp"
      },
      {
        "type": "text",
        "text": " "
      },
      {
        "text": "בַּֽ⁠מַּחֲנֶ֖ה",
        "tag": "w",
        "type": "word",
        "lemma": "מַחֲנֶה",
        "strong": "b:H4264",
        "morph": "He,Rd:Ncbsa"
      },
      {
        "type": "text",
        "text": " "
      },
      {
        "text": "עַ֥ד",
        "tag": "w",
        "type": "word",
        "lemma": "עַד",
        "strong": "H5704",
        "morph": "He,R"
      },
      {
        "type": "text",
        "text": " "
      },
      {
        "text": "חֲיוֹתָֽ⁠ם",
        "tag": "w",
        "type": "word",
        "lemma": "חָיָה",
        "strong": "H2421",
        "morph": "He,Vqc:Sp3mp"
      },
      {
        "type": "text",
        "text": "׃פ\n\n"
      }
    ]
  },
  "9": {
    "verseObjects": [
      {
        "type": "text",
        "text": " "
      },
      {
        "text": "וַ⁠יֹּ֤אמֶר",
        "tag": "w",
        "type": "word",
        "lemma": "אָמַר",
        "strong": "c:H0559",
        "morph": "He,C:Vqw3ms"
      },
      {
        "type": "text",
        "text": " "
      },
      {
        "text": "יְהוָה֙",
        "tag": "w",
        "type": "word",
        "lemma": "יְהֹוָה",
        "strong": "H3068",
        "morph": "He,Np"
      },
      {
        "type": "text",
        "text": " "
      },
      {
        "text": "אֶל",
        "tag": "w",
        "type": "word",
        "lemma": "אֵל",
        "strong": "H0413",
        "morph": "He,R"
      },
      {
        "type": "text",
        "text": "־ "
      },
      {
        "text": "יְהוֹשֻׁ֔עַ",
        "tag": "w",
        "type": "word",
        "lemma": "יְהוֹשׁוּעַ",
        "strong": "H3091",
        "morph": "He,Np"
      },
      {
        "type": "text",
        "text": " "
      },
      {
        "text": "הַ⁠יּ֗וֹם",
        "tag": "w",
        "type": "word",
        "lemma": "יוֹם",
        "strong": "d:H3117",
        "morph": "He,Td:Ncmsa"
      },
      {
        "type": "text",
        "text": " "
      },
      {
        "text": "גַּלּ֛וֹתִי",
        "tag": "w",
        "type": "word",
        "lemma": "גָּלַל",
        "strong": "H1556",
        "morph": "He,Vqp1cs"
      },
      {
        "type": "text",
        "text": " "
      },
      {
        "text": "אֶת",
        "tag": "w",
        "type": "word",
        "lemma": "אֵת",
        "strong": "H0853",
        "morph": "He,To"
      },
      {
        "type": "text",
        "text": "־ "
      },
      {
        "text": "חֶרְפַּ֥ת",
        "tag": "w",
        "type": "word",
        "lemma": "חֶרְפָּה",
        "strong": "H2781",
        "morph": "He,Ncfsc"
      },
      {
        "type": "text",
        "text": " "
      },
      {
        "text": "מִצְרַ֖יִם",
        "tag": "w",
        "type": "word",
        "lemma": "מִצְרַיִם",
        "strong": "H4714",
        "morph": "He,Np"
      },
      {
        "type": "text",
        "text": " "
      },
      {
        "text": "מֵ⁠עֲלֵי⁠כֶ֑ם",
        "tag": "w",
        "type": "word",
        "lemma": "עַל",
        "strong": "m:H5921a",
        "morph": "He,R:R:Sp2mp"
      },
      {
        "type": "text",
        "text": " "
      },
      {
        "text": "וַ⁠יִּקְרָ֞א",
        "tag": "w",
        "type": "word",
        "lemma": "קָרָא",
        "strong": "c:H7121",
        "morph": "He,C:Vqw3ms"
      },
      {
        "type": "text",
        "text": " "
      },
      {
        "text": "שֵׁ֣ם",
        "tag": "w",
        "type": "word",
        "lemma": "שֵׁם",
        "strong": "H8034",
        "morph": "He,Ncmsc"
      },
      {
        "type": "text",
        "text": " "
      },
      {
        "text": "הַ⁠מָּק֤וֹם",
        "tag": "w",
        "type": "word",
        "lemma": "מָקוֹם",
        "strong": "d:H4725",
        "morph": "He,Td:Ncmsa"
      },
      {
        "type": "text",
        "text": " "
      },
      {
        "text": "הַ⁠הוּא֙",
        "tag": "w",
        "type": "word",
        "lemma": "הוּא",
        "strong": "d:H1931",
        "morph": "He,Td:Pp3ms"
      },
      {
        "type": "text",
        "text": " "
      },
      {
        "text": "גִּלְגָּ֔ל",
        "tag": "w",
        "type": "word",
        "lemma": "גִּלְגָּל",
        "strong": "H1537",
        "morph": "He,Np"
      },
      {
        "type": "text",
        "text": " "
      },
      {
        "text": "עַ֖ד",
        "tag": "w",
        "type": "word",
        "lemma": "עַד",
        "strong": "H5704",
        "morph": "He,R"
      },
      {
        "type": "text",
        "text": " "
      },
      {
        "text": "הַ⁠יּ֥וֹם",
        "tag": "w",
        "type": "word",
        "lemma": "יוֹם",
        "strong": "d:H3117",
        "morph": "He,Td:Ncmsa"
      },
      {
        "type": "text",
        "text": " "
      },
      {
        "text": "הַ⁠זֶּֽה",
        "tag": "w",
        "type": "word",
        "lemma": "זֶה",
        "strong": "d:H2088",
        "morph": "He,Td:Pdxms"
      },
      {
        "type": "text",
        "text": "׃\n\n"
      }
    ]
  },
  "10": {
    "verseObjects": [
      {
        "type": "text",
        "text": " "
      },
      {
        "text": "וַ⁠יַּחֲנ֥וּ",
        "tag": "w",
        "type": "word",
        "lemma": "חָנָה",
        "strong": "c:H2583",
        "morph": "He,C:Vqw3mp"
      },
      {
        "type": "text",
        "text": " "
      },
      {
        "text": "בְנֵֽי",
        "tag": "w",
        "type": "word",
        "lemma": "בֵּן",
        "strong": "H1121a",
        "morph": "He,Ncmpc"
      },
      {
        "type": "text",
        "text": "־ "
      },
      {
        "text": "יִשְׂרָאֵ֖ל",
        "tag": "w",
        "type": "word",
        "lemma": "יִשְׂרָאֵל",
        "strong": "H3478",
        "morph": "He,Np"
      },
      {
        "type": "text",
        "text": " "
      },
      {
        "text": "בַּ⁠גִּלְגָּ֑ל",
        "tag": "w",
        "type": "word",
        "lemma": "גִּלְגָּל",
        "strong": "b:H1537",
        "morph": "He,Rd:Np"
      },
      {
        "type": "text",
        "text": " "
      },
      {
        "text": "וַ⁠יַּעֲשׂ֣וּ",
        "tag": "w",
        "type": "word",
        "lemma": "עָשָׂה",
        "strong": "c:H6213a",
        "morph": "He,C:Vqw3mp"
      },
      {
        "type": "text",
        "text": " "
      },
      {
        "text": "אֶת",
        "tag": "w",
        "type": "word",
        "lemma": "אֵת",
        "strong": "H0853",
        "morph": "He,To"
      },
      {
        "type": "text",
        "text": "־ "
      },
      {
        "text": "הַ⁠פֶּ֡סַח",
        "tag": "w",
        "type": "word",
        "lemma": "פֶּסַח",
        "strong": "d:H6453",
        "morph": "He,Td:Ncmsa"
      },
      {
        "type": "text",
        "text": " "
      },
      {
        "text": "בְּ⁠אַרְבָּעָה֩",
        "tag": "w",
        "type": "word",
        "lemma": "אַרְבַּע",
        "strong": "b:H0702",
        "morph": "He,R:Acmsa"
      },
      {
        "type": "text",
        "text": " "
      },
      {
        "text": "עָשָׂ֨ר",
        "tag": "w",
        "type": "word",
        "lemma": "עָשָׂר",
        "strong": "H6240",
        "morph": "He,Acmsa"
      },
      {
        "type": "text",
        "text": " "
      },
      {
        "text": "י֥וֹם",
        "tag": "w",
        "type": "word",
        "lemma": "יוֹם",
        "strong": "H3117",
        "morph": "He,Ncmsa"
      },
      {
        "type": "text",
        "text": " "
      },
      {
        "text": "לַ⁠חֹ֛דֶשׁ",
        "tag": "w",
        "type": "word",
        "lemma": "חֹדֶשׁ",
        "strong": "l:H2320",
        "morph": "He,Rd:Ncmsa"
      },
      {
        "type": "text",
        "text": " "
      },
      {
        "text": "בָּ⁠עֶ֖רֶב",
        "tag": "w",
        "type": "word",
        "lemma": "עֶרֶב",
        "strong": "b:H6153",
        "morph": "He,Rd:Ncmsa"
      },
      {
        "type": "text",
        "text": " "
      },
      {
        "text": "בְּ⁠עַֽרְב֥וֹת",
        "tag": "w",
        "type": "word",
        "lemma": "עֲרָבָה",
        "strong": "b:H6160",
        "morph": "He,R:Ncfpc"
      },
      {
        "type": "text",
        "text": " "
      },
      {
        "text": "יְרִיחֽוֹ",
        "tag": "w",
        "type": "word",
        "lemma": "יְרִיחוֹ",
        "strong": "H3405",
        "morph": "He,Np"
      },
      {
        "type": "text",
        "text": "׃\n\n"
      }
    ]
  },
  "11": {
    "verseObjects": [
      {
        "type": "text",
        "text": " "
      },
      {
        "text": "וַ⁠יֹּ֨אכְל֜וּ",
        "tag": "w",
        "type": "word",
        "lemma": "אָכַל",
        "strong": "c:H0398",
        "morph": "He,C:Vqw3mp"
      },
      {
        "type": "text",
        "text": " "
      },
      {
        "text": "מֵ⁠עֲב֥וּר",
        "tag": "w",
        "type": "word",
        "lemma": "עָבוּר",
        "strong": "m:H5669",
        "morph": "He,R:Ncmsc"
      },
      {
        "type": "text",
        "text": " "
      },
      {
        "text": "הָ⁠אָ֛רֶץ",
        "tag": "w",
        "type": "word",
        "lemma": "אֶרֶץ",
        "strong": "d:H0776",
        "morph": "He,Td:Ncbsa"
      },
      {
        "type": "text",
        "text": " "
      },
      {
        "text": "מִ⁠מָּֽחֳרַ֥ת",
        "tag": "w",
        "type": "word",
        "lemma": "מׇחֳרָת",
        "strong": "m:H4283",
        "morph": "He,R:Ncfsc"
      },
      {
        "type": "text",
        "text": " "
      },
      {
        "text": "הַ⁠פֶּ֖סַח",
        "tag": "w",
        "type": "word",
        "lemma": "פֶּסַח",
        "strong": "d:H6453",
        "morph": "He,Td:Ncmsa"
      },
      {
        "type": "text",
        "text": " "
      },
      {
        "text": "מַצּ֣וֹת",
        "tag": "w",
        "type": "word",
        "lemma": "מַצָּה",
        "strong": "H4682",
        "morph": "He,Ncfpa"
      },
      {
        "type": "text",
        "text": " "
      },
      {
        "text": "וְ⁠קָל֑וּי",
        "tag": "w",
        "type": "word",
        "lemma": "קָלָה",
        "strong": "c:H7033",
        "morph": "He,C:Vqsmsa"
      },
      {
        "type": "text",
        "text": " "
      },
      {
        "text": "בְּ⁠עֶ֖צֶם",
        "tag": "w",
        "type": "word",
        "lemma": "עֶצֶם",
        "strong": "b:H6106",
        "morph": "He,R:Ncfsc"
      },
      {
        "type": "text",
        "text": " "
      },
      {
        "text": "הַ⁠יּ֥וֹם",
        "tag": "w",
        "type": "word",
        "lemma": "יוֹם",
        "strong": "d:H3117",
        "morph": "He,Td:Ncmsa"
      },
      {
        "type": "text",
        "text": " "
      },
      {
        "text": "הַ⁠זֶּֽה",
        "tag": "w",
        "type": "word",
        "lemma": "זֶה",
        "strong": "d:H2088",
        "morph": "He,Td:Pdxms"
      },
      {
        "type": "text",
        "text": "׃\n\n"
      }
    ]
  },
  "12": {
    "verseObjects": [
      {
        "type": "text",
        "text": " "
      },
      {
        "text": "וַ⁠יִּשְׁבֹּ֨ת",
        "tag": "w",
        "type": "word",
        "lemma": "שָׁבַת",
        "strong": "c:H7673a",
        "morph": "He,C:Vqw3ms"
      },
      {
        "type": "text",
        "text": " "
      },
      {
        "text": "הַ⁠מָּ֜ן",
        "tag": "w",
        "type": "word",
        "lemma": "מָן",
        "strong": "d:H4478a",
        "morph": "He,Td:Ncmsa"
      },
      {
        "type": "text",
        "text": " "
      },
      {
        "text": "מִֽ⁠מָּחֳרָ֗ת",
        "tag": "w",
        "type": "word",
        "lemma": "מׇחֳרָת",
        "strong": "m:H4283",
        "morph": "He,R:Ncfsa"
      },
      {
        "type": "text",
        "text": " "
      },
      {
        "text": "בְּ⁠אָכְלָ⁠ם֙",
        "tag": "w",
        "type": "word",
        "lemma": "אָכַל",
        "strong": "b:H0398",
        "morph": "He,R:Vqc:Sp3mp"
      },
      {
        "type": "text",
        "text": " "
      },
      {
        "text": "מֵ⁠עֲב֣וּר",
        "tag": "w",
        "type": "word",
        "lemma": "עָבוּר",
        "strong": "m:H5669",
        "morph": "He,R:Ncmsc"
      },
      {
        "type": "text",
        "text": " "
      },
      {
        "text": "הָ⁠אָ֔רֶץ",
        "tag": "w",
        "type": "word",
        "lemma": "אֶרֶץ",
        "strong": "d:H0776",
        "morph": "He,Td:Ncbsa"
      },
      {
        "type": "text",
        "text": " "
      },
      {
        "text": "וְ⁠לֹא",
        "tag": "w",
        "type": "word",
        "lemma": "לֹא",
        "strong": "c:H3808",
        "morph": "He,C:Tn"
      },
      {
        "type": "text",
        "text": "־ "
      },
      {
        "text": "הָ֥יָה",
        "tag": "w",
        "type": "word",
        "lemma": "הָיָה",
        "strong": "H1961",
        "morph": "He,Vqp3ms"
      },
      {
        "type": "text",
        "text": " "
      },
      {
        "text": "ע֛וֹד",
        "tag": "w",
        "type": "word",
        "lemma": "עוֹד",
        "strong": "H5750",
        "morph": "He,D"
      },
      {
        "type": "text",
        "text": " "
      },
      {
        "text": "לִ⁠בְנֵ֥י",
        "tag": "w",
        "type": "word",
        "lemma": "בֵּן",
        "strong": "l:H1121a",
        "morph": "He,R:Ncmpc"
      },
      {
        "type": "text",
        "text": " "
      },
      {
        "text": "יִשְׂרָאֵ֖ל",
        "tag": "w",
        "type": "word",
        "lemma": "יִשְׂרָאֵל",
        "strong": "H3478",
        "morph": "He,Np"
      },
      {
        "type": "text",
        "text": " "
      },
      {
        "text": "מָ֑ן",
        "tag": "w",
        "type": "word",
        "lemma": "מָן",
        "strong": "H4478a",
        "morph": "He,Ncmsa"
      },
      {
        "type": "text",
        "text": " "
      },
      {
        "text": "וַ⁠יֹּאכְל֗וּ",
        "tag": "w",
        "type": "word",
        "lemma": "אָכַל",
        "strong": "c:H0398",
        "morph": "He,C:Vqw3mp"
      },
      {
        "type": "text",
        "text": " "
      },
      {
        "text": "מִ⁠תְּבוּאַת֙",
        "tag": "w",
        "type": "word",
        "lemma": "תְּבוּאָה",
        "strong": "m:H8393",
        "morph": "He,R:Ncfsc"
      },
      {
        "type": "text",
        "text": " "
      },
      {
        "text": "אֶ֣רֶץ",
        "tag": "w",
        "type": "word",
        "lemma": "אֶרֶץ",
        "strong": "H0776",
        "morph": "He,Ncbsc"
      },
      {
        "type": "text",
        "text": " "
      },
      {
        "text": "כְּנַ֔עַן",
        "tag": "w",
        "type": "word",
        "lemma": "כְּנַעַן",
        "strong": "H3667a",
        "morph": "He,Np"
      },
      {
        "type": "text",
        "text": " "
      },
      {
        "text": "בַּ⁠שָּׁנָ֖ה",
        "tag": "w",
        "type": "word",
        "lemma": "שָׁנֶה",
        "strong": "b:H8141",
        "morph": "He,Rd:Ncfsa"
      },
      {
        "type": "text",
        "text": " "
      },
      {
        "text": "הַ⁠הִֽיא",
        "tag": "w",
        "type": "word",
        "lemma": "הוּא",
        "strong": "d:H1931",
        "morph": "He,Td:Pp3fs"
      },
      {
        "type": "text",
        "text": "׃ס\n\n"
      }
    ]
  },
  "13": {
    "verseObjects": [
      {
        "type": "text",
        "text": " "
      },
      {
        "text": "וַ⁠יְהִ֗י",
        "tag": "w",
        "type": "word",
        "lemma": "הָיָה",
        "strong": "c:H1961",
        "morph": "He,C:Vqw3ms"
      },
      {
        "type": "text",
        "text": " "
      },
      {
        "text": "בִּֽ⁠הְי֣וֹת",
        "tag": "w",
        "type": "word",
        "lemma": "הָיָה",
        "strong": "b:H1961",
        "morph": "He,R:Vqc"
      },
      {
        "type": "text",
        "text": " "
      },
      {
        "text": "יְהוֹשֻׁעַ֮",
        "tag": "w",
        "type": "word",
        "lemma": "יְהוֹשׁוּעַ",
        "strong": "H3091",
        "morph": "He,Np"
      },
      {
        "type": "text",
        "text": " "
      },
      {
        "text": "בִּ⁠ירִיחוֹ֒",
        "tag": "w",
        "type": "word",
        "lemma": "יְרִיחוֹ",
        "strong": "b:H3405",
        "morph": "He,R:Np"
      },
      {
        "type": "text",
        "text": " "
      },
      {
        "text": "וַ⁠יִּשָּׂ֤א",
        "tag": "w",
        "type": "word",
        "lemma": "נָשָׂא",
        "strong": "c:H5375",
        "morph": "He,C:Vqw3ms"
      },
      {
        "type": "text",
        "text": " "
      },
      {
        "text": "עֵינָי⁠ו֙",
        "tag": "w",
        "type": "word",
        "lemma": "עַיִן",
        "strong": "H5869a",
        "morph": "He,Ncbdc:Sp3ms"
      },
      {
        "type": "text",
        "text": " "
      },
      {
        "text": "וַ⁠יַּ֔רְא",
        "tag": "w",
        "type": "word",
        "lemma": "רָאָה",
        "strong": "c:H7200",
        "morph": "He,C:Vqw3ms"
      },
      {
        "type": "text",
        "text": " "
      },
      {
        "text": "וְ⁠הִנֵּה",
        "tag": "w",
        "type": "word",
        "lemma": "הִנֵּה",
        "strong": "c:H2009",
        "morph": "He,C:Tm"
      },
      {
        "type": "text",
        "text": "־ "
      },
      {
        "text": "אִישׁ֙",
        "tag": "w",
        "type": "word",
        "lemma": "אִישׁ",
        "strong": "H0376",
        "morph": "He,Ncmsa"
      },
      {
        "type": "text",
        "text": " "
      },
      {
        "text": "עֹמֵ֣ד",
        "tag": "w",
        "type": "word",
        "lemma": "עָמַד",
        "strong": "H5975",
        "morph": "He,Vqrmsa"
      },
      {
        "type": "text",
        "text": " "
      },
      {
        "text": "לְ⁠נֶגְדּ֔⁠וֹ",
        "tag": "w",
        "type": "word",
        "lemma": "נֶגֶד",
        "strong": "l:H5048",
        "morph": "He,R:R:Sp3ms"
      },
      {
        "type": "text",
        "text": " "
      },
      {
        "text": "וְ⁠חַרְבּ֥⁠וֹ",
        "tag": "w",
        "type": "word",
        "lemma": "חֶרֶב",
        "strong": "c:H2719",
        "morph": "He,C:Ncfsc:Sp3ms"
      },
      {
        "type": "text",
        "text": " "
      },
      {
        "text": "שְׁלוּפָ֖ה",
        "tag": "w",
        "type": "word",
        "lemma": "שָׁלַף",
        "strong": "H8025",
        "morph": "He,Vqsfsa"
      },
      {
        "type": "text",
        "text": " "
      },
      {
        "text": "בְּ⁠יָד֑⁠וֹ",
        "tag": "w",
        "type": "word",
        "lemma": "יָד",
        "strong": "b:H3027",
        "morph": "He,R:Ncbsc:Sp3ms"
      },
      {
        "type": "text",
        "text": " "
      },
      {
        "text": "וַ⁠יֵּ֨לֶךְ",
        "tag": "w",
        "type": "word",
        "lemma": "יָלַךְ",
        "strong": "c:H3212",
        "morph": "He,C:Vqw3ms"
      },
      {
        "type": "text",
        "text": " "
      },
      {
        "text": "יְהוֹשֻׁ֤עַ",
        "tag": "w",
        "type": "word",
        "lemma": "יְהוֹשׁוּעַ",
        "strong": "H3091",
        "morph": "He,Np"
      },
      {
        "type": "text",
        "text": " "
      },
      {
        "text": "אֵלָי⁠ו֙",
        "tag": "w",
        "type": "word",
        "lemma": "אֵל",
        "strong": "H0413",
        "morph": "He,R:Sp3ms"
      },
      {
        "type": "text",
        "text": " "
      },
      {
        "text": "וַ⁠יֹּ֣אמֶר",
        "tag": "w",
        "type": "word",
        "lemma": "אָמַר",
        "strong": "c:H0559",
        "morph": "He,C:Vqw3ms"
      },
      {
        "type": "text",
        "text": " "
      },
      {
        "text": "ל֔⁠וֹ",
        "tag": "w",
        "type": "word",
        "lemma": "",
        "strong": "l",
        "morph": "He,R:Sp3ms"
      },
      {
        "type": "text",
        "text": " "
      },
      {
        "text": "הֲ⁠לָ֥⁠נוּ",
        "tag": "w",
        "type": "word",
        "lemma": "",
        "strong": "i:l",
        "morph": "He,Ti:R:Sp1cp"
      },
      {
        "type": "text",
        "text": " "
      },
      {
        "text": "אַתָּ֖ה",
        "tag": "w",
        "type": "word",
        "lemma": "אַתָּה",
        "strong": "H0859a",
        "morph": "He,Pp2ms"
      },
      {
        "type": "text",
        "text": " "
      },
      {
        "text": "אִם",
        "tag": "w",
        "type": "word",
        "lemma": "אִם",
        "strong": "H0518a",
        "morph": "He,C"
      },
      {
        "type": "text",
        "text": "־ "
      },
      {
        "text": "לְ⁠צָרֵֽי⁠נוּ",
        "tag": "w",
        "type": "word",
        "lemma": "צַר",
        "strong": "l:H6862c",
        "morph": "He,R:Ncmpc:Sp1cp"
      },
      {
        "type": "text",
        "text": "׃\n\n"
      }
    ]
  },
  "14": {
    "verseObjects": [
      {
        "type": "text",
        "text": " "
      },
      {
        "text": "וַ⁠יֹּ֣אמֶר",
        "tag": "w",
        "type": "word",
        "lemma": "אָמַר",
        "strong": "c:H0559",
        "morph": "He,C:Vqw3ms"
      },
      {
        "type": "text",
        "text": "׀ "
      },
      {
        "text": "לֹ֗א",
        "tag": "w",
        "type": "word",
        "lemma": "לֹא",
        "strong": "H3808",
        "morph": "He,Tn"
      },
      {
        "type": "text",
        "text": " "
      },
      {
        "text": "כִּ֛י",
        "tag": "w",
        "type": "word",
        "lemma": "כִּי",
        "strong": "H3588a",
        "morph": "He,C"
      },
      {
        "type": "text",
        "text": " "
      },
      {
        "text": "אֲנִ֥י",
        "tag": "w",
        "type": "word",
        "lemma": "אֲנִי",
        "strong": "H0589",
        "morph": "He,Pp1cs"
      },
      {
        "type": "text",
        "text": " "
      },
      {
        "text": "שַׂר",
        "tag": "w",
        "type": "word",
        "lemma": "שַׂר",
        "strong": "H8269",
        "morph": "He,Ncmsc"
      },
      {
        "type": "text",
        "text": "־ "
      },
      {
        "text": "צְבָֽא",
        "tag": "w",
        "type": "word",
        "lemma": "צָבָא",
        "strong": "H6635a",
        "morph": "He,Ncbsc"
      },
      {
        "type": "text",
        "text": "־ "
      },
      {
        "text": "יְהוָ֖ה",
        "tag": "w",
        "type": "word",
        "lemma": "יְהֹוָה",
        "strong": "H3068",
        "morph": "He,Np"
      },
      {
        "type": "text",
        "text": " "
      },
      {
        "text": "עַתָּ֣ה",
        "tag": "w",
        "type": "word",
        "lemma": "עַתָּה",
        "strong": "H6258",
        "morph": "He,D"
      },
      {
        "type": "text",
        "text": " "
      },
      {
        "text": "בָ֑אתִי",
        "tag": "w",
        "type": "word",
        "lemma": "בּוֹא",
        "strong": "H0935",
        "morph": "He,Vqp1cs"
      },
      {
        "type": "text",
        "text": " "
      },
      {
        "text": "וַ⁠יִּפֹּל֩",
        "tag": "w",
        "type": "word",
        "lemma": "נָפַל",
        "strong": "c:H5307",
        "morph": "He,C:Vqw3ms"
      },
      {
        "type": "text",
        "text": " "
      },
      {
        "text": "יְהוֹשֻׁ֨עַ",
        "tag": "w",
        "type": "word",
        "lemma": "יְהוֹשׁוּעַ",
        "strong": "H3091",
        "morph": "He,Np"
      },
      {
        "type": "text",
        "text": " "
      },
      {
        "text": "אֶל",
        "tag": "w",
        "type": "word",
        "lemma": "אֵל",
        "strong": "H0413",
        "morph": "He,R"
      },
      {
        "type": "text",
        "text": "־ "
      },
      {
        "text": "פָּנָ֥י⁠ו",
        "tag": "w",
        "type": "word",
        "lemma": "פָּנִים",
        "strong": "H6440",
        "morph": "He,Ncbpc:Sp3ms"
      },
      {
        "type": "text",
        "text": " "
      },
      {
        "text": "אַ֨רְצָ⁠ה֙",
        "tag": "w",
        "type": "word",
        "lemma": "אֶרֶץ",
        "strong": "H0776",
        "morph": "He,Ncbsa:Sd"
      },
      {
        "type": "text",
        "text": " "
      },
      {
        "text": "וַ⁠יִּשְׁתָּ֔חוּ",
        "tag": "w",
        "type": "word",
        "lemma": "שָׁחָה",
        "strong": "c:H7812",
        "morph": "He,C:Vtw3ms"
      },
      {
        "type": "text",
        "text": " "
      },
      {
        "text": "וַ⁠יֹּ֣אמֶר",
        "tag": "w",
        "type": "word",
        "lemma": "אָמַר",
        "strong": "c:H0559",
        "morph": "He,C:Vqw3ms"
      },
      {
        "type": "text",
        "text": " "
      },
      {
        "text": "ל֔⁠וֹ",
        "tag": "w",
        "type": "word",
        "lemma": "",
        "strong": "l",
        "morph": "He,R:Sp3ms"
      },
      {
        "type": "text",
        "text": " "
      },
      {
        "text": "מָ֥ה",
        "tag": "w",
        "type": "word",
        "lemma": "מָה",
        "strong": "H4100",
        "morph": "He,Ti"
      },
      {
        "type": "text",
        "text": " "
      },
      {
        "text": "אֲדֹנִ֖⁠י",
        "tag": "w",
        "type": "word",
        "lemma": "אֲדֹנָי",
        "strong": "H0136",
        "morph": "He,Ncmsc:Sp1cs"
      },
      {
        "type": "text",
        "text": " "
      },
      {
        "text": "מְדַבֵּ֥ר",
        "tag": "w",
        "type": "word",
        "lemma": "דָבַר",
        "strong": "H1696",
        "morph": "He,Vprmsa"
      },
      {
        "type": "text",
        "text": " "
      },
      {
        "text": "אֶל",
        "tag": "w",
        "type": "word",
        "lemma": "אֵל",
        "strong": "H0413",
        "morph": "He,R"
      },
      {
        "type": "text",
        "text": "־ "
      },
      {
        "text": "עַבְדּֽ⁠וֹ",
        "tag": "w",
        "type": "word",
        "lemma": "עֶבֶד",
        "strong": "H5650",
        "morph": "He,Ncmsc:Sp3ms"
      },
      {
        "type": "text",
        "text": "׃\n\n"
      }
    ]
  },
  "15": {
    "verseObjects": [
      {
        "type": "text",
        "text": " "
      },
      {
        "text": "וַ⁠יֹּאמֶר֩",
        "tag": "w",
        "type": "word",
        "lemma": "אָמַר",
        "strong": "c:H0559",
        "morph": "He,C:Vqw3ms"
      },
      {
        "type": "text",
        "text": " "
      },
      {
        "text": "שַׂר",
        "tag": "w",
        "type": "word",
        "lemma": "שַׂר",
        "strong": "H8269",
        "morph": "He,Ncmsc"
      },
      {
        "type": "text",
        "text": "־ "
      },
      {
        "text": "צְבָ֨א",
        "tag": "w",
        "type": "word",
        "lemma": "צָבָא",
        "strong": "H6635a",
        "morph": "He,Ncbsc"
      },
      {
        "type": "text",
        "text": " "
      },
      {
        "text": "יְהוָ֜ה",
        "tag": "w",
        "type": "word",
        "lemma": "יְהֹוָה",
        "strong": "H3068",
        "morph": "He,Np"
      },
      {
        "type": "text",
        "text": " "
      },
      {
        "text": "אֶל",
        "tag": "w",
        "type": "word",
        "lemma": "אֵל",
        "strong": "H0413",
        "morph": "He,R"
      },
      {
        "type": "text",
        "text": "־ "
      },
      {
        "text": "יְהוֹשֻׁ֗עַ",
        "tag": "w",
        "type": "word",
        "lemma": "יְהוֹשׁוּעַ",
        "strong": "H3091",
        "morph": "He,Np"
      },
      {
        "type": "text",
        "text": " "
      },
      {
        "text": "שַׁל",
        "tag": "w",
        "type": "word",
        "lemma": "נָשַׁל",
        "strong": "H5394",
        "morph": "He,Vqv2ms"
      },
      {
        "type": "text",
        "text": "־ "
      },
      {
        "text": "נַֽעַלְ⁠ךָ֙",
        "tag": "w",
        "type": "word",
        "lemma": "נַעַל",
        "strong": "H5275",
        "morph": "He,Ncfsc:Sp2ms"
      },
      {
        "type": "text",
        "text": " "
      },
      {
        "text": "מֵ⁠עַ֣ל",
        "tag": "w",
        "type": "word",
        "lemma": "עַל",
        "strong": "m:H5921a",
        "morph": "He,R:R"
      },
      {
        "type": "text",
        "text": " "
      },
      {
        "text": "רַגְלֶ֔⁠ךָ",
        "tag": "w",
        "type": "word",
        "lemma": "רֶגֶל",
        "strong": "H7272",
        "morph": "He,Ncfsc:Sp2ms"
      },
      {
        "type": "text",
        "text": " "
      },
      {
        "text": "כִּ֣י",
        "tag": "w",
        "type": "word",
        "lemma": "כִּי",
        "strong": "H3588a",
        "morph": "He,C"
      },
      {
        "type": "text",
        "text": " "
      },
      {
        "text": "הַ⁠מָּק֗וֹם",
        "tag": "w",
        "type": "word",
        "lemma": "מָקוֹם",
        "strong": "d:H4725",
        "morph": "He,Td:Ncmsa"
      },
      {
        "type": "text",
        "text": " "
      },
      {
        "text": "אֲשֶׁ֥ר",
        "tag": "w",
        "type": "word",
        "lemma": "אֲשֶׁר",
        "strong": "H0834a",
        "morph": "He,Tr"
      },
      {
        "type": "text",
        "text": " "
      },
      {
        "text": "אַתָּ֛ה",
        "tag": "w",
        "type": "word",
        "lemma": "אַתָּה",
        "strong": "H0859a",
        "morph": "He,Pp2ms"
      },
      {
        "type": "text",
        "text": " "
      },
      {
        "text": "עֹמֵ֥ד",
        "tag": "w",
        "type": "word",
        "lemma": "עָמַד",
        "strong": "H5975",
        "morph": "He,Vqrmsa"
      },
      {
        "type": "text",
        "text": " "
      },
      {
        "text": "עָלָ֖י⁠ו",
        "tag": "w",
        "type": "word",
        "lemma": "עַל",
        "strong": "H5921a",
        "morph": "He,R:Sp3ms"
      },
      {
        "type": "text",
        "text": " "
      },
      {
        "text": "קֹ֣דֶשׁ",
        "tag": "w",
        "type": "word",
        "lemma": "קֹדֶשׁ",
        "strong": "H6944",
        "morph": "He,Ncmsa"
      },
      {
        "type": "text",
        "text": " "
      },
      {
        "text": "ה֑וּא",
        "tag": "w",
        "type": "word",
        "lemma": "הוּא",
        "strong": "H1931",
        "morph": "He,Pp3ms"
      },
      {
        "type": "text",
        "text": " "
      },
      {
        "text": "וַ⁠יַּ֥עַשׂ",
        "tag": "w",
        "type": "word",
        "lemma": "עָשָׂה",
        "strong": "c:H6213a",
        "morph": "He,C:Vqw3ms"
      },
      {
        "type": "text",
        "text": " "
      },
      {
        "text": "יְהוֹשֻׁ֖עַ",
        "tag": "w",
        "type": "word",
        "lemma": "יְהוֹשׁוּעַ",
        "strong": "H3091",
        "morph": "He,Np"
      },
      {
        "type": "text",
        "text": " "
      },
      {
        "text": "כֵּֽן",
        "tag": "w",
        "type": "word",
        "lemma": "כֵּן",
        "strong": "H3651c",
        "morph": "He,Tm"
      },
      {
        "type": "text",
        "text": "׃\n\n"
      }
    ]
  },
  "front": {
    "verseObjects": [
      {
        "tag": "p",
        "nextChar": "\n",
        "type": "paragraph"
      },
      {
        "type": "text",
        "text": "\n"
      }
    ]
  }
}