{
  "1": {
    "verseObjects": [
      {
        "type": "text",
        "text": "After Saul and his soldiers returned home after fighting against the Philistine army, someone reported to Saul that David and his men had gone into the wilderness near EnGedi.\n"
      }
    ]
  },
  "2": {
    "verseObjects": [
      {
        "type": "text",
        "text": "When Saul heard that, he chose three thousand men from various areas in Israel, and they went to search for David and his men at the Rocks of Wild Goats.\n\n"
      },
      {
        "tag": "s5",
        "nextChar": "\n",
        "type": "section"
      },
      {
        "tag": "p",
        "nextChar": "\n",
        "type": "paragraph"
      }
    ]
  },
  "3": {
    "verseObjects": [
      {
        "type": "text",
        "text": "At a place where the road was alongside some sheep pens, Saul left the road and entered a cave to relieve himself. He did not know that David and his men were hiding further inside that same cave!\n"
      }
    ]
  },
  "4": {
    "verseObjects": [
      {
        "type": "text",
        "text": "David's men saw Saul and whispered to David, \"Today is the day that Yahweh spoke about when he said, 'I will enable you to defeat your enemy.' You can do to him whatever you want to!\" So David crept toward the entrance of the cave and cut off with his knife a small piece of Saul's robe.\n\n"
      },
      {
        "tag": "s5",
        "nextChar": "\n",
        "type": "section"
      }
    ]
  },
  "5": {
    "verseObjects": [
      {
        "type": "text",
        "text": "And then he returned to his men.\n"
      },
      {
        "tag": "p",
        "type": "paragraph",
        "text": "But David felt guilty for having cut off a piece of Saul's robe.\n"
      }
    ]
  },
  "6": {
    "verseObjects": [
      {
        "type": "text",
        "text": "He said to his men, \"I should not have done that to the king! I hope that Yahweh will never allow me to attack the one whom God has appointed, because Yahweh is the one who chose him to be the king.\"\n"
      }
    ]
  },
  "7": {
    "verseObjects": [
      {
        "type": "text",
        "text": "By saying that, David restrained his men and did not allow them to kill Saul.\n\n"
      },
      {
        "tag": "s5",
        "nextChar": "\n",
        "type": "section"
      },
      {
        "tag": "p",
        "nextChar": "\n",
        "type": "paragraph"
      }
    ]
  },
  "8": {
    "verseObjects": [
      {
        "type": "text",
        "text": "After Saul left the cave and started to walk on the road again, David came out of the cave and shouted to Saul, \"King Saul!\" Saul turned around and looked, and David bowed down with his face touching the ground.\n"
      }
    ]
  },
  "9": {
    "verseObjects": [
      {
        "type": "text",
        "text": "Then he said to Saul, \"Why do you pay attention to people when they say 'David wants to harm you'?\n\n"
      },
      {
        "tag": "s5",
        "nextChar": "\n",
        "type": "section"
      }
    ]
  },
  "10": {
    "verseObjects": [
      {
        "type": "text",
        "text": "Today you can see with your own eyes that what they say is not true. Yahweh put you in a place where I and my men could have killed you when you were in this cave. Some of my men told me that I should do that, but I did not allow them to do that. I said to them, 'I will not harm my master, because he is the king whom Yahweh appointed.'\n"
      }
    ]
  },
  "11": {
    "verseObjects": [
      {
        "type": "text",
        "text": "Your majesty, look at this piece of your robe that is in my hand! I cut it from your robe, but I did not kill you. So now you should be able to understand that I am not planning to do anything evil to you. I have not done anything wrong to you, but you are searching for me to kill me.\n\n"
      },
      {
        "tag": "s5",
        "nextChar": "\n",
        "type": "section"
      }
    ]
  },
  "12": {
    "verseObjects": [
      {
        "type": "text",
        "text": "I desire that Yahweh may punish you for the wrong things that you have done to me. But I will never try to harm you.\n"
      }
    ]
  },
  "13": {
    "verseObjects": [
      {
        "type": "text",
        "text": "There is a proverb that has the words, 'Evil things are done by evil people.' But I am not evil, so I will not do evil things to you.\n\n"
      },
      {
        "tag": "s5",
        "nextChar": "\n",
        "type": "section"
      },
      {
        "tag": "p",
        "nextChar": "\n",
        "type": "paragraph"
      }
    ]
  },
  "14": {
    "verseObjects": [
      {
        "type": "text",
        "text": "You are the king of Israel. So why are you pursuing me? What is it you are chasing? I am nothing more than a dead dog or a flea.\n"
      }
    ]
  },
  "15": {
    "verseObjects": [
      {
        "type": "text",
        "text": "I hope that Yahweh will decide who is right in this matter, you or I? And when he decides in my favor, I hope he will defend me and save me from your power.\"\n\n"
      },
      {
        "tag": "s5",
        "nextChar": "\n",
        "type": "section"
      },
      {
        "tag": "p",
        "nextChar": "\n",
        "type": "paragraph"
      }
    ]
  },
  "16": {
    "verseObjects": [
      {
        "type": "text",
        "text": "When David finished saying that to Saul, Saul called out to him and asked, \"My son David, is that your voice that I am hearing?\" Then he cried loudly.\n\n"
      },
      {
        "tag": "s5",
        "nextChar": "\n",
        "type": "section"
      }
    ]
  },
  "17": {
    "verseObjects": [
      {
        "type": "text",
        "text": "He said, \"You are a better man than I am. You have done something very good to me when I tried to do something very bad to you.\n"
      }
    ]
  },
  "18": {
    "verseObjects": [
      {
        "type": "text",
        "text": "When Yahweh put me in a place in that cave where you could have easily killed me, you did not do that.\n\n"
      },
      {
        "tag": "s5",
        "nextChar": "\n",
        "type": "section"
      }
    ]
  },
  "19": {
    "verseObjects": [
      {
        "type": "text",
        "text": "No one lets his enemy go free after he finds him. But you have done this. I hope that Yahweh will reward you for your acting kindly toward me today.\n"
      }
    ]
  },
  "20": {
    "verseObjects": [
      {
        "type": "text",
        "text": "I know that some day you will surely become the king, and that your kingdom will prosper as you rule the Israelite people.\n\n"
      },
      {
        "tag": "s5",
        "nextChar": "\n",
        "type": "section"
      }
    ]
  },
  "21": {
    "verseObjects": [
      {
        "type": "text",
        "text": "Now while Yahweh is listening, solemnly me that you will not kill my family and get rid of all my descendants.\"\n"
      },
      {
        "tag": "p",
        "nextChar": "\n",
        "type": "paragraph"
      }
    ]
  },
  "22": {
    "verseObjects": [
      {
        "type": "text",
        "text": "David solemnly promised Saul that he would not harm Saul's family. Then Saul went back home, and David and his men went back up into the place where they had been hiding.\n\n\n"
      },
      {
        "tag": "s5",
        "nextChar": "\n",
        "type": "section"
      }
    ]
  },
  "front": {
    "verseObjects": [
      {
        "type": "text",
        "text": "\n"
      },
      {
        "tag": "p",
        "nextChar": "\n",
        "type": "paragraph"
      }
    ]
  }
}