{
  "1": {
    "verseObjects": [
      {
        "type": "text",
        "text": "Listen to this word,\n"
      },
      {
        "tag": "q",
        "type": "quote",
        "text": "you cows of Bashan,\n"
      },
      {
        "tag": "q",
        "type": "quote",
        "text": "you who are in the mountain of Samaria,\n"
      },
      {
        "tag": "q",
        "type": "quote",
        "text": "you who oppress the poor,\n"
      },
      {
        "tag": "q",
        "type": "quote",
        "text": "you who crush the needy,\n"
      },
      {
        "tag": "q",
        "type": "quote",
        "text": "you who say to your husbands,\n"
      },
      {
        "tag": "q",
        "type": "quote",
        "text": "\"Bring us drinks.\"\n"
      },
      {
        "tag": "q",
        "type": "quote",
        "text": "\n"
      }
    ]
  },
  "2": {
    "verseObjects": [
      {
        "type": "text",
        "text": "The Lord Yahweh has sworn by his holiness,\n"
      },
      {
        "tag": "q",
        "type": "quote",
        "text": "\"Look, the days will come on you\n"
      },
      {
        "tag": "q",
        "type": "quote",
        "text": "when they will take you away with hooks,\n"
      },
      {
        "tag": "q",
        "type": "quote",
        "text": "the last of you with fishhooks.\n"
      },
      {
        "type": "text",
        "text": "\n"
      },
      {
        "tag": "s5",
        "type": "section",
        "text": "\n"
      },
      {
        "tag": "q",
        "type": "quote",
        "text": "\n"
      }
    ]
  },
  "3": {
    "verseObjects": [
      {
        "type": "text",
        "text": "You will go out through the breaks in the city wall,\n"
      },
      {
        "tag": "q",
        "type": "quote",
        "text": "each one of you going straight through it,\n"
      },
      {
        "tag": "q",
        "type": "quote",
        "text": "and you will be thrown out toward Harmon—\n"
      },
      {
        "tag": "q",
        "type": "quote",
        "text": "this is Yahweh's declaration.\"\n"
      },
      {
        "type": "text",
        "text": "\n"
      },
      {
        "tag": "s5",
        "type": "section",
        "text": "\n"
      },
      {
        "tag": "q",
        "type": "quote",
        "text": "\n"
      }
    ]
  },
  "4": {
    "verseObjects": [
      {
        "type": "text",
        "text": "\"Go to Bethel and sin,\n"
      },
      {
        "tag": "q",
        "type": "quote",
        "text": "to Gilgal and multiply sin,\n"
      },
      {
        "tag": "q",
        "type": "quote",
        "text": "bring your sacrifices every morning,\n"
      },
      {
        "tag": "q",
        "type": "quote",
        "text": "your tithes every three days.\n"
      },
      {
        "tag": "q",
        "type": "quote",
        "text": "\n"
      }
    ]
  },
  "5": {
    "verseObjects": [
      {
        "type": "text",
        "text": "Offer a thanksgiving sacrifice with bread;\n"
      },
      {
        "tag": "q",
        "type": "quote",
        "text": "proclaim freewill offerings; announce them,\n"
      },
      {
        "tag": "q",
        "type": "quote",
        "text": "for this pleases you,\n"
      },
      {
        "tag": "q",
        "type": "quote",
        "text": "you people of Israel—\n"
      },
      {
        "tag": "q",
        "type": "quote",
        "text": "this is the declaration of the Lord Yahweh.\n"
      },
      {
        "type": "text",
        "text": "\n"
      },
      {
        "tag": "s5",
        "type": "section",
        "text": "\n"
      },
      {
        "tag": "q",
        "type": "quote",
        "text": "\n"
      }
    ]
  },
  "6": {
    "verseObjects": [
      {
        "type": "text",
        "text": "I gave you cleanness of teeth in all your cities\n"
      },
      {
        "tag": "q",
        "type": "quote",
        "text": "and lack of bread in all your places.\n"
      },
      {
        "tag": "q",
        "type": "quote",
        "text": "Yet you have not returned to me—\n"
      },
      {
        "tag": "q",
        "type": "quote",
        "text": "this is Yahweh's declaration.\n"
      },
      {
        "tag": "q",
        "type": "quote",
        "text": "\n"
      }
    ]
  },
  "7": {
    "verseObjects": [
      {
        "type": "text",
        "text": "I also withheld rain from you\n"
      },
      {
        "tag": "q",
        "type": "quote",
        "text": "when there were still three months to the harvest.\n"
      },
      {
        "tag": "q",
        "type": "quote",
        "text": "I caused it to rain on one city,\n"
      },
      {
        "tag": "q",
        "type": "quote",
        "text": "and caused it not to rain on another city.\n"
      },
      {
        "tag": "q",
        "type": "quote",
        "text": "One piece of land was rained on,\n"
      },
      {
        "tag": "q",
        "type": "quote",
        "text": "but the piece of land where it did not rain dried up.\n"
      },
      {
        "type": "text",
        "text": "\n"
      },
      {
        "tag": "s5",
        "type": "section",
        "text": "\n"
      },
      {
        "tag": "q",
        "type": "quote",
        "text": "\n"
      }
    ]
  },
  "8": {
    "verseObjects": [
      {
        "type": "text",
        "text": "Two or three cities staggered to another city to drink water,\n"
      },
      {
        "tag": "q",
        "type": "quote",
        "text": "but were not satisfied.\n"
      },
      {
        "tag": "q",
        "type": "quote",
        "text": "Yet you have not returned to me—\n"
      },
      {
        "tag": "q",
        "type": "quote",
        "text": "this is Yahweh's declaration.\n"
      },
      {
        "tag": "q",
        "type": "quote",
        "text": "\n"
      }
    ]
  },
  "9": {
    "verseObjects": [
      {
        "type": "text",
        "text": "I afflicted you with blight and mildew.\n"
      },
      {
        "tag": "q",
        "type": "quote",
        "text": "The multitude of your gardens,\n"
      },
      {
        "tag": "q",
        "type": "quote",
        "text": "your vineyards,\n"
      },
      {
        "tag": "q",
        "type": "quote",
        "text": "your fig trees,\n"
      },
      {
        "tag": "q",
        "type": "quote",
        "text": "and your olive trees—\n"
      },
      {
        "tag": "q",
        "type": "quote",
        "text": "the locusts devoured them all.\n"
      },
      {
        "tag": "q",
        "type": "quote",
        "text": "Yet you have not returned to me—\n"
      },
      {
        "tag": "q",
        "type": "quote",
        "text": "this is Yahweh's declaration.\n"
      },
      {
        "type": "text",
        "text": "\n"
      },
      {
        "tag": "s5",
        "type": "section",
        "text": "\n"
      },
      {
        "tag": "q",
        "type": "quote",
        "text": "\n"
      }
    ]
  },
  "10": {
    "verseObjects": [
      {
        "type": "text",
        "text": "I sent a plague on you as on Egypt.\n"
      },
      {
        "tag": "q",
        "type": "quote",
        "text": "I killed your young men with the sword,\n"
      },
      {
        "tag": "q",
        "type": "quote",
        "text": "carried away your horses,\n"
      },
      {
        "tag": "q",
        "type": "quote",
        "text": "and made the stench of your camp come up\n"
      },
      {
        "tag": "q",
        "type": "quote",
        "text": "to your nostrils.\n"
      },
      {
        "tag": "q",
        "type": "quote",
        "text": "Yet you have not returned to me—\n"
      },
      {
        "tag": "q",
        "type": "quote",
        "text": "this is Yahweh's declaration.\n"
      },
      {
        "tag": "q",
        "type": "quote",
        "text": "\n"
      }
    ]
  },
  "11": {
    "verseObjects": [
      {
        "type": "text",
        "text": "I overthrew cities among you,\n"
      },
      {
        "tag": "q",
        "type": "quote",
        "text": "as when God overthrew Sodom and Gomorrah.\n"
      },
      {
        "tag": "q",
        "type": "quote",
        "text": "You were like a burning stick snatched out of the fire.\n"
      },
      {
        "tag": "q",
        "type": "quote",
        "text": "Yet you have not returned to me—\n"
      },
      {
        "tag": "q",
        "type": "quote",
        "text": "this is Yahweh's declaration.\n"
      },
      {
        "type": "text",
        "text": "\n"
      },
      {
        "tag": "s5",
        "type": "section",
        "text": "\n"
      },
      {
        "tag": "q",
        "type": "quote",
        "text": "\n"
      }
    ]
  },
  "12": {
    "verseObjects": [
      {
        "type": "text",
        "text": "Therefore I will do something terrible to you, Israel;\n"
      },
      {
        "tag": "q",
        "type": "quote",
        "text": "and because I will do something terrible to you,\n"
      },
      {
        "tag": "q",
        "type": "quote",
        "text": "prepare to meet your God, Israel!\n"
      },
      {
        "tag": "q",
        "type": "quote",
        "text": "\n"
      }
    ]
  },
  "13": {
    "verseObjects": [
      {
        "type": "text",
        "text": "For, look, he who forms the mountains\n"
      },
      {
        "tag": "q",
        "type": "quote",
        "text": "also creates the wind,\n"
      },
      {
        "tag": "q",
        "type": "quote",
        "text": "reveals his thoughts to mankind,\n"
      },
      {
        "tag": "q",
        "type": "quote",
        "text": "makes the morning darkness,\n"
      },
      {
        "tag": "q",
        "type": "quote",
        "text": "and treads on the high places of the earth.\n"
      },
      {
        "tag": "q",
        "type": "quote",
        "text": "Yahweh, God of hosts, is his name.\"\n"
      },
      {
        "type": "text",
        "text": "\n\n"
      },
      {
        "tag": "s5",
        "type": "section",
        "text": "\n"
      }
    ]
  },
  "front": {
    "verseObjects": [
      {
        "tag": "m",
        "type": "paragraph",
        "text": "\n"
      },
      {
        "tag": "q",
        "type": "quote",
        "text": "\n"
      }
    ]
  }
}