{
  "1": {
    "verseObjects": [
      {
        "type": "text",
        "text": "Woe to those who are at ease in Zion,\n"
      },
      {
        "tag": "q",
        "type": "quote",
        "text": "and to those who are secure in the hill country of Samaria,\n"
      },
      {
        "tag": "q",
        "type": "quote",
        "text": "the notable men of the best of the nations,\n"
      },
      {
        "tag": "q",
        "type": "quote",
        "text": "to whom the house of Israel comes for help!\n"
      },
      {
        "tag": "q",
        "type": "quote",
        "text": "\n"
      }
    ]
  },
  "2": {
    "verseObjects": [
      {
        "type": "text",
        "text": "Your leaders say, \"Go to Kalneh and look;\n"
      },
      {
        "tag": "q",
        "type": "quote",
        "text": "from there go to Hamath, the great city;\n"
      },
      {
        "tag": "q",
        "type": "quote",
        "text": "then go down to Gath of the Philistines.\n"
      },
      {
        "tag": "q",
        "type": "quote",
        "text": "Are they better than your two kingdoms?\n"
      },
      {
        "tag": "q",
        "type": "quote",
        "text": "Is their border larger than your border?\"\n"
      },
      {
        "type": "text",
        "text": "\n"
      },
      {
        "tag": "s5",
        "type": "section",
        "text": "\n"
      },
      {
        "tag": "q",
        "type": "quote",
        "text": "\n"
      }
    ]
  },
  "3": {
    "verseObjects": [
      {
        "type": "text",
        "text": "Woe to those who put off the day of disaster\n"
      },
      {
        "tag": "q",
        "type": "quote",
        "text": "and make the throne of violence come near.\n"
      },
      {
        "tag": "q",
        "type": "quote",
        "text": "\n"
      }
    ]
  },
  "4": {
    "verseObjects": [
      {
        "type": "text",
        "text": "They lie on beds of ivory\n"
      },
      {
        "tag": "q",
        "type": "quote",
        "text": "and lounge on their couches.\n"
      },
      {
        "tag": "q",
        "type": "quote",
        "text": "They eat lambs from the flock\n"
      },
      {
        "tag": "q",
        "type": "quote",
        "text": "and calves from the stall.\n"
      },
      {
        "type": "text",
        "text": "\n"
      },
      {
        "tag": "s5",
        "type": "section",
        "text": "\n"
      },
      {
        "tag": "q",
        "type": "quote",
        "text": "\n"
      }
    ]
  },
  "5": {
    "verseObjects": [
      {
        "type": "text",
        "text": "They sing foolish songs to the music of the harp;\n"
      },
      {
        "tag": "q",
        "type": "quote",
        "text": "they improvise on instruments as David did.\n"
      },
      {
        "tag": "q",
        "type": "quote",
        "text": "\n"
      }
    ]
  },
  "6": {
    "verseObjects": [
      {
        "type": "text",
        "text": "They drink wine from bowls\n"
      },
      {
        "tag": "q",
        "type": "quote",
        "text": "and anoint themselves with the finest oils,\n"
      },
      {
        "tag": "q",
        "type": "quote",
        "text": "but they do not grieve over the ruin of Joseph.\n"
      },
      {
        "type": "text",
        "text": "\n"
      },
      {
        "tag": "s5",
        "type": "section",
        "text": "\n"
      },
      {
        "tag": "q",
        "type": "quote",
        "text": "\n"
      }
    ]
  },
  "7": {
    "verseObjects": [
      {
        "type": "text",
        "text": "So they will now go into exile with the first exiles,\n"
      },
      {
        "tag": "q",
        "type": "quote",
        "text": "and the feasts of those who lounge about will pass away.\n"
      },
      {
        "tag": "q",
        "type": "quote",
        "text": "\n"
      }
    ]
  },
  "8": {
    "verseObjects": [
      {
        "type": "text",
        "text": "\"I, the Lord Yahweh, have sworn by myself—\n"
      },
      {
        "tag": "q",
        "type": "quote",
        "text": "this is the declaration of the Lord Yahweh, the God of hosts,\n"
      },
      {
        "tag": "q",
        "type": "quote",
        "text": "I detest the pride of Jacob;\n"
      },
      {
        "tag": "q",
        "type": "quote",
        "text": "I hate his fortresses.\n"
      },
      {
        "tag": "q",
        "type": "quote",
        "text": "Therefore I will deliver up the city with all that is in it.\"\n"
      },
      {
        "type": "text",
        "text": "\n"
      },
      {
        "tag": "s5",
        "type": "section",
        "text": "\n"
      },
      {
        "type": "text",
        "text": "\n"
      }
    ]
  },
  "9": {
    "verseObjects": [
      {
        "type": "text",
        "text": "It will come about that if there are ten men left in one house, they will all die.\n"
      }
    ]
  },
  "10": {
    "verseObjects": [
      {
        "type": "text",
        "text": "When a man's relative comes to take their bodies up—the one who is to cremate them after bringing the corpses out of the house—if he says to the person in the house, \"Is there anyone with you?\" What if that person says, \"No.\" Then he will say, \"Be quiet, for we must not mention Yahweh's name.\"\n\n"
      },
      {
        "tag": "s5",
        "type": "section",
        "text": "\n"
      },
      {
        "tag": "q",
        "type": "quote",
        "text": "\n"
      }
    ]
  },
  "11": {
    "verseObjects": [
      {
        "type": "text",
        "text": "For, look, Yahweh will give a command,\n"
      },
      {
        "tag": "q",
        "type": "quote",
        "text": "and the big house will be smashed to pieces,\n"
      },
      {
        "tag": "q",
        "type": "quote",
        "text": "and the little house to bits.\n"
      },
      {
        "type": "text",
        "text": "\n"
      },
      {
        "tag": "s5",
        "type": "section",
        "text": "\n"
      },
      {
        "tag": "q",
        "type": "quote",
        "text": "\n"
      }
    ]
  },
  "12": {
    "verseObjects": [
      {
        "type": "text",
        "text": "Do horses run on the rocky cliffs?\n"
      },
      {
        "tag": "q",
        "type": "quote",
        "text": "Does one plow there with oxen?\n"
      },
      {
        "tag": "q",
        "type": "quote",
        "text": "Yet you have turned justice into poison\n"
      },
      {
        "tag": "q",
        "type": "quote",
        "text": "and the fruit of righteousness into bitterness.\n"
      },
      {
        "tag": "q",
        "type": "quote",
        "text": "\n"
      }
    ]
  },
  "13": {
    "verseObjects": [
      {
        "type": "text",
        "text": "You who rejoice over Lo Debar,\n"
      },
      {
        "tag": "q",
        "type": "quote",
        "text": "who say, \"Have we not taken Karnaim by our own strength?\"\n"
      },
      {
        "type": "text",
        "text": "\n"
      },
      {
        "tag": "s5",
        "type": "section",
        "text": "\n"
      },
      {
        "tag": "q",
        "type": "quote",
        "text": "\n"
      }
    ]
  },
  "14": {
    "verseObjects": [
      {
        "type": "text",
        "text": "\"But look, I will raise up against you a nation,\n"
      },
      {
        "tag": "q",
        "type": "quote",
        "text": "house of Israel—this is the declaration of the Lord Yahweh, the God of hosts.\n"
      },
      {
        "tag": "q",
        "type": "quote",
        "text": "They will afflict you\n"
      },
      {
        "tag": "q",
        "type": "quote",
        "text": "from Lebo Hamath to the brook of the Arabah.\"\n"
      },
      {
        "type": "text",
        "text": "\n\n"
      },
      {
        "tag": "s5",
        "type": "section",
        "text": "\n"
      }
    ]
  },
  "front": {
    "verseObjects": [
      {
        "tag": "m",
        "type": "paragraph",
        "text": "\n"
      },
      {
        "tag": "q",
        "type": "quote",
        "text": "\n"
      }
    ]
  }
}