{
  "1": {
    "verseObjects": [
      {
        "type": "text",
        "text": "This is what the Lord Yahweh showed me. Look, he formed a locust swarm when the spring crop began to come up, and, look, it was the late crop after the king's harvest.\n"
      }
    ]
  },
  "2": {
    "verseObjects": [
      {
        "type": "text",
        "text": "When they finished eating the vegetation of the land, then I said, \"Lord Yahweh, please forgive; how will Jacob survive? For he is so small.\"\n"
      }
    ]
  },
  "3": {
    "verseObjects": [
      {
        "type": "text",
        "text": "Yahweh relented concerning this. \"It will not happen,\" he said.\n\n"
      },
      {
        "tag": "s5",
        "type": "section",
        "text": "\n"
      },
      {
        "tag": "p",
        "type": "paragraph",
        "text": "\n"
      }
    ]
  },
  "4": {
    "verseObjects": [
      {
        "type": "text",
        "text": "This is what the Lord Yahweh showed me: Look, the Lord Yahweh called on fire to judge. It dried the vast, deep water under the earth and would have devoured the land, also.\n"
      }
    ]
  },
  "5": {
    "verseObjects": [
      {
        "type": "text",
        "text": "But I said, \"Lord Yahweh, please stop; how will Jacob survive? For he is so small.\"\n"
      }
    ]
  },
  "6": {
    "verseObjects": [
      {
        "type": "text",
        "text": "Yahweh relented concerning this, \"This also will not happen,\" said the Lord Yahweh.\n\n"
      },
      {
        "tag": "s5",
        "type": "section",
        "text": "\n"
      },
      {
        "tag": "p",
        "type": "paragraph",
        "text": "\n"
      }
    ]
  },
  "7": {
    "verseObjects": [
      {
        "type": "text",
        "text": "This is what he showed me: Look, the Lord stood beside a wall, with a plumb line in his hand.\n"
      }
    ]
  },
  "8": {
    "verseObjects": [
      {
        "type": "text",
        "text": "Yahweh said to me, \"Amos, what do you see?\" I said, \"A plumb line.\" Then the Lord said, \"Look, I will put a plumb line among my people Israel. I will spare them no longer.\n\n"
      },
      {
        "tag": "s5",
        "type": "section",
        "text": "\n"
      },
      {
        "tag": "q",
        "type": "quote",
        "text": "\n"
      }
    ]
  },
  "9": {
    "verseObjects": [
      {
        "type": "text",
        "text": "The high places of Isaac will be destroyed,\n"
      },
      {
        "tag": "q",
        "type": "quote",
        "text": "the sanctuaries of Israel will be ruined,\n"
      },
      {
        "tag": "q",
        "type": "quote",
        "text": "and I will rise against the house of Jeroboam with the sword.\"\n"
      },
      {
        "type": "text",
        "text": "\n"
      },
      {
        "tag": "s5",
        "type": "section",
        "text": "\n"
      },
      {
        "tag": "p",
        "type": "paragraph",
        "text": "\n"
      }
    ]
  },
  "10": {
    "verseObjects": [
      {
        "type": "text",
        "text": "Then Amaziah, the priest of Bethel, sent a message to Jeroboam, king of Israel: \"Amos has conspired against you in the middle of the house of Israel. The land cannot bear all his words.\n"
      }
    ]
  },
  "11": {
    "verseObjects": [
      {
        "type": "text",
        "text": "For this is what Amos said,\n"
      },
      {
        "tag": "q",
        "type": "quote",
        "text": "'Jeroboam will die by the sword,\n"
      },
      {
        "tag": "q",
        "type": "quote",
        "text": "and Israel will surely go into exile away from his land.'\"\n"
      },
      {
        "type": "text",
        "text": "\n"
      },
      {
        "tag": "s5",
        "type": "section",
        "text": "\n"
      }
    ]
  },
  "12": {
    "verseObjects": [
      {
        "type": "text",
        "text": "Amaziah said to Amos, \"Seer, go, run back to the land of Judah, and there eat bread and prophesy.\n"
      }
    ]
  },
  "13": {
    "verseObjects": [
      {
        "type": "text",
        "text": "But do not prophesy anymore here at Bethel, for it is the king's sanctuary and a royal house.\"\n\n"
      },
      {
        "tag": "s5",
        "type": "section",
        "text": "\n"
      },
      {
        "tag": "p",
        "type": "paragraph",
        "text": "\n"
      }
    ]
  },
  "14": {
    "verseObjects": [
      {
        "type": "text",
        "text": "Then Amos said to Amaziah, \"I am not a prophet nor a prophet's son. I am a herdsman, and I take care of sycamore fig trees.\n"
      }
    ]
  },
  "15": {
    "verseObjects": [
      {
        "type": "text",
        "text": "But Yahweh took me from tending the flock and said to me, 'Go, prophesy to my people Israel.'\n\n"
      },
      {
        "tag": "s5",
        "type": "section",
        "text": "\n"
      }
    ]
  },
  "16": {
    "verseObjects": [
      {
        "type": "text",
        "text": "Now hear the word of Yahweh. You say, 'Do not prophesy against Israel, and do not speak against the house of Isaac.'\n"
      }
    ]
  },
  "17": {
    "verseObjects": [
      {
        "type": "text",
        "text": "Therefore this is what Yahweh says,\n"
      },
      {
        "tag": "q",
        "type": "quote",
        "text": "'Your wife will be a prostitute in the city;\n"
      },
      {
        "tag": "q",
        "type": "quote",
        "text": "your sons and your daughters will fall by the sword;\n"
      },
      {
        "tag": "q",
        "type": "quote",
        "text": "your land will be measured and divided up;\n"
      },
      {
        "tag": "q",
        "type": "quote",
        "text": "you will die in an unclean land,\n"
      },
      {
        "tag": "q",
        "type": "quote",
        "text": "and Israel will surely go into exile from his land.'\"\n"
      },
      {
        "type": "text",
        "text": "\n\n"
      },
      {
        "tag": "s5",
        "type": "section",
        "text": "\n"
      }
    ]
  },
  "front": {
    "verseObjects": [
      {
        "tag": "p",
        "type": "paragraph",
        "text": "\n"
      }
    ]
  }
}