{
  "1": {
    "verseObjects": [
      {
        "type": "text",
        "text": "This is the message that Yahweh gave to Amos, a shepherd near the town of Tekoa south of Jerusalem. He received this message about Israel in a vision two years before the big earthquake. It was when Uzziah was the king of Judah and Jeroboam son of King Jehoash, was the king of Israel.\n"
      },
      {
        "tag": "p",
        "nextChar": "\n",
        "type": "paragraph"
      }
    ]
  },
  "2": {
    "verseObjects": [
      {
        "type": "text",
        "text": "This is what Amos said:\n"
      },
      {
        "tag": "q1",
        "type": "quote",
        "text": "\"Yahweh will shout very loudly;\n"
      },
      {
        "tag": "q2",
        "type": "quote",
        "text": "when he speaks from Mount Zion in Jerusalem, his voice will sound like thunder.\n"
      },
      {
        "tag": "q1",
        "type": "quote",
        "text": "When that happens, the pastures where you shepherds take care of your sheep will dry up,\n"
      },
      {
        "tag": "q2",
        "type": "quote",
        "text": "and the grass on top of Mount Carmel will wither\n"
      },
      {
        "tag": "q2",
        "type": "quote",
        "text": "because Yahweh will order the rain not to fall.\"\n"
      },
      {
        "type": "text",
        "text": "\n"
      },
      {
        "tag": "s5",
        "nextChar": "\n",
        "type": "section"
      },
      {
        "type": "text",
        "text": "\n"
      },
      {
        "tag": "p",
        "nextChar": "\n",
        "type": "paragraph"
      }
    ]
  },
  "3": {
    "verseObjects": [
      {
        "type": "text",
        "text": "This is also what Yahweh said to me:\n"
      },
      {
        "tag": "q1",
        "type": "quote",
        "text": "\"I will punish the people of Damascus, the capital of Aram, because of the many sins that they have committed;\n"
      },
      {
        "tag": "q2",
        "type": "quote",
        "text": "I will not change my mind about punishing them,\n"
      },
      {
        "tag": "q1",
        "type": "quote",
        "text": "because of the cruel things that they did to the people of the region of Gilead.\n"
      },
      {
        "tag": "q1",
        "nextChar": "\n",
        "type": "quote"
      }
    ]
  },
  "4": {
    "verseObjects": [
      {
        "type": "text",
        "text": "I will cause a fire to burn the palace that King Hazael built and lived in,\n"
      },
      {
        "tag": "q2",
        "type": "quote",
        "text": "the fortress where his son King Ben Hadad also lived.\n"
      },
      {
        "type": "text",
        "text": "\n"
      },
      {
        "tag": "s5",
        "nextChar": "\n",
        "type": "section"
      },
      {
        "tag": "q1",
        "nextChar": "\n",
        "type": "quote"
      }
    ]
  },
  "5": {
    "verseObjects": [
      {
        "type": "text",
        "text": "I will cause the gates of Damascus to be broken down;\n"
      },
      {
        "tag": "q2",
        "type": "quote",
        "text": "I will get rid of the king of Biqat Aven\n"
      },
      {
        "tag": "q1",
        "type": "quote",
        "text": "and the man who rules in Beth Eden.\n"
      },
      {
        "tag": "q2",
        "type": "quote",
        "text": "The people of Aram will be captured and taken to the region of Kir.\"\n"
      },
      {
        "type": "text",
        "text": "\n"
      },
      {
        "tag": "s5",
        "nextChar": "\n",
        "type": "section"
      },
      {
        "type": "text",
        "text": "\n"
      },
      {
        "tag": "p",
        "nextChar": "\n",
        "type": "paragraph"
      }
    ]
  },
  "6": {
    "verseObjects": [
      {
        "type": "text",
        "text": "Yahweh also said this to me:\n"
      },
      {
        "tag": "q1",
        "type": "quote",
        "text": "\"I will punish the people of the cities of Philistia;\n"
      },
      {
        "tag": "q2",
        "type": "quote",
        "text": "I will punish the people of Gaza because of the many sins that they have committed;\n"
      },
      {
        "tag": "q2",
        "type": "quote",
        "text": "I will not change my mind about punishing them,\n"
      },
      {
        "tag": "q1",
        "type": "quote",
        "text": "because they captured large groups of people and took them to Edom\n"
      },
      {
        "tag": "q2",
        "type": "quote",
        "text": "and sold them to become the slaves of the people there.\n"
      },
      {
        "tag": "q1",
        "nextChar": "\n",
        "type": "quote"
      }
    ]
  },
  "7": {
    "verseObjects": [
      {
        "type": "text",
        "text": "I will cause a fire to completely burn the walls of Gaza\n"
      },
      {
        "tag": "q2",
        "type": "quote",
        "text": "and also destroy its fortresses.\n"
      },
      {
        "type": "text",
        "text": "\n"
      },
      {
        "tag": "s5",
        "nextChar": "\n",
        "type": "section"
      },
      {
        "tag": "q1",
        "nextChar": "\n",
        "type": "quote"
      }
    ]
  },
  "8": {
    "verseObjects": [
      {
        "type": "text",
        "text": "I will get rid of the king of the city of Ashdod\n"
      },
      {
        "tag": "q2",
        "type": "quote",
        "text": "and the king who rules in the city of Ashkelon.\n"
      },
      {
        "tag": "q1",
        "type": "quote",
        "text": "I will also strike the people of the city of Ekron,\n"
      },
      {
        "tag": "q2",
        "type": "quote",
        "text": "and all the people of Philistia who are still alive will be killed.\"\n"
      },
      {
        "type": "text",
        "text": "\n"
      },
      {
        "tag": "s5",
        "nextChar": "\n",
        "type": "section"
      },
      {
        "type": "text",
        "text": "\n"
      },
      {
        "tag": "p",
        "nextChar": "\n",
        "type": "paragraph"
      }
    ]
  },
  "9": {
    "verseObjects": [
      {
        "type": "text",
        "text": "Yahweh also said this to me:\n"
      },
      {
        "tag": "q1",
        "type": "quote",
        "text": "\"I will punish the people of the city of Tyre because of the many sins that their people have committed;\n"
      },
      {
        "tag": "q2",
        "type": "quote",
        "text": "I will not change my mind about punishing them\n"
      },
      {
        "tag": "q1",
        "type": "quote",
        "text": "because they also captured large groups of our people and took them to Edom,\n"
      },
      {
        "tag": "q2",
        "type": "quote",
        "text": "disregarding the treaty of friendship that they had made with your rulers.\n"
      },
      {
        "tag": "q1",
        "nextChar": "\n",
        "type": "quote"
      }
    ]
  },
  "10": {
    "verseObjects": [
      {
        "type": "text",
        "text": "So I will cause a fire to completely burn the walls of Tyre\n"
      },
      {
        "tag": "q2",
        "type": "quote",
        "text": "and also destroy its fortresses.\"\n"
      },
      {
        "type": "text",
        "text": "\n"
      },
      {
        "tag": "s5",
        "nextChar": "\n",
        "type": "section"
      },
      {
        "type": "text",
        "text": "\n"
      },
      {
        "tag": "p",
        "nextChar": "\n",
        "type": "paragraph"
      }
    ]
  },
  "11": {
    "verseObjects": [
      {
        "type": "text",
        "text": "Yahweh also said this to me:\n"
      },
      {
        "tag": "q1",
        "type": "quote",
        "text": "\"I will punish the people of Edom because of the many sins that their people have committed;\n"
      },
      {
        "tag": "q2",
        "type": "quote",
        "text": "I will not change my mind about punishing them,\n"
      },
      {
        "tag": "q1",
        "type": "quote",
        "text": "because they pursued the people of Israel, who descended from Esau's brother Jacob, and killed them with swords;\n"
      },
      {
        "tag": "q2",
        "type": "quote",
        "text": "they did not act mercifully toward them at all.\n"
      },
      {
        "tag": "q1",
        "type": "quote",
        "text": "They were extremely angry with the people of Israel,\n"
      },
      {
        "tag": "q2",
        "type": "quote",
        "text": "and they continue to be angry with them.\n"
      },
      {
        "tag": "q1",
        "nextChar": "\n",
        "type": "quote"
      }
    ]
  },
  "12": {
    "verseObjects": [
      {
        "type": "text",
        "text": "I will cause a fire to burn the district of Teman in Edom\n"
      },
      {
        "tag": "q2",
        "type": "quote",
        "text": "and completely burn the fortresses of Bozrah, the biggest city in Edom.\"\n"
      },
      {
        "type": "text",
        "text": "\n"
      },
      {
        "tag": "s5",
        "nextChar": "\n",
        "type": "section"
      },
      {
        "type": "text",
        "text": "\n"
      },
      {
        "tag": "p",
        "nextChar": "\n",
        "type": "paragraph"
      }
    ]
  },
  "13": {
    "verseObjects": [
      {
        "type": "text",
        "text": "Yahweh also said this to me:\n"
      },
      {
        "tag": "q1",
        "type": "quote",
        "text": "\"I will punish the people of Ammon because of the many sins that they have committed;\n"
      },
      {
        "tag": "q2",
        "type": "quote",
        "text": "I will not change my mind about punishing them,\n"
      },
      {
        "tag": "q1",
        "type": "quote",
        "text": "because their soldiers even ripped open the bellies of pregnant women\n"
      },
      {
        "tag": "q2",
        "type": "quote",
        "text": "when their army attacked the region of Gilead to gain more territory.\n"
      },
      {
        "type": "text",
        "text": "\n"
      },
      {
        "tag": "s5",
        "nextChar": "\n",
        "type": "section"
      },
      {
        "tag": "q1",
        "nextChar": "\n",
        "type": "quote"
      }
    ]
  },
  "14": {
    "verseObjects": [
      {
        "type": "text",
        "text": "I will cause a fire to completely burn the walls of the city of Rabbah\n"
      },
      {
        "tag": "q2",
        "type": "quote",
        "text": "and to completely burn its fortresses.\n"
      },
      {
        "tag": "q1",
        "type": "quote",
        "text": "During that battle, their enemies will shout loudly\n"
      },
      {
        "tag": "q2",
        "type": "quote",
        "text": "and the fighting will be like a great storm.\n"
      },
      {
        "tag": "q1",
        "nextChar": "\n",
        "type": "quote"
      }
    ]
  },
  "15": {
    "verseObjects": [
      {
        "type": "text",
        "text": "After the battle, the king of Ammon and his officials will go into exile.\"\n\n\n"
      },
      {
        "tag": "s5",
        "nextChar": "\n",
        "type": "section"
      }
    ]
  },
  "front": {
    "verseObjects": [
      {
        "tag": "p",
        "nextChar": "\n",
        "type": "paragraph"
      }
    ]
  }
}