{
  "1": {
    "verseObjects": [
      {
        "type": "text",
        "text": "You wealthy women of Samaria who have grown fat like the fat cows of the region of Bashan.\n"
      },
      {
        "tag": "q2",
        "type": "quote",
        "text": "You oppress poor people,\n"
      },
      {
        "tag": "q2",
        "type": "quote",
        "text": "and you cause needy people to suffer.\n"
      },
      {
        "tag": "q1",
        "type": "quote",
        "text": "And you say to your husbands,\n"
      },
      {
        "tag": "q2",
        "type": "quote",
        "text": "\"Bring us more wine to drink!\"\n"
      },
      {
        "tag": "q1",
        "nextChar": "\n",
        "type": "quote"
      }
    ]
  },
  "2": {
    "verseObjects": [
      {
        "type": "text",
        "text": "But Yahweh our God has said this:\n"
      },
      {
        "tag": "q2",
        "type": "quote",
        "text": "\"Because I am holy, I solemnly promise this:\n"
      },
      {
        "tag": "q1",
        "type": "quote",
        "text": "It will soon be the time when you all will be taken to another country;\n"
      },
      {
        "tag": "q2",
        "type": "quote",
        "text": "your enemies will take you away using sharp hooks to grab you.\n"
      },
      {
        "type": "text",
        "text": "\n"
      },
      {
        "tag": "s5",
        "nextChar": "\n",
        "type": "section"
      },
      {
        "tag": "q1",
        "nextChar": "\n",
        "type": "quote"
      }
    ]
  },
  "3": {
    "verseObjects": [
      {
        "type": "text",
        "text": "Your enemies will drag you out\n"
      },
      {
        "tag": "q2",
        "type": "quote",
        "text": "and you will go through breaks in your city walls,\n"
      },
      {
        "tag": "q2",
        "type": "quote",
        "text": "and they will force you to go toward Harmon.\n"
      },
      {
        "tag": "q1",
        "type": "quote",
        "text": "That will surely happen because I, Yahweh, have said it!\n"
      },
      {
        "type": "text",
        "text": "\n"
      },
      {
        "tag": "s5",
        "nextChar": "\n",
        "type": "section"
      },
      {
        "tag": "q1",
        "nextChar": "\n",
        "type": "quote"
      }
    ]
  },
  "4": {
    "verseObjects": [
      {
        "type": "text",
        "text": "Go ahead: go to the hilltop places of idol worship that are at Bethel and Gilgal, where many people worship me;\n"
      },
      {
        "tag": "q2",
        "type": "quote",
        "text": "go and rebel more and more against me!\n"
      },
      {
        "tag": "q1",
        "type": "quote",
        "text": "Offer sacrifices on the morning after you arrive,\n"
      },
      {
        "tag": "q2",
        "type": "quote",
        "text": "and bring me a tenth of your crops the next day.\n"
      },
      {
        "tag": "q1",
        "nextChar": "\n",
        "type": "quote"
      }
    ]
  },
  "5": {
    "verseObjects": [
      {
        "type": "text",
        "text": "Bring offerings of bread to thank me,\n"
      },
      {
        "tag": "q2",
        "type": "quote",
        "text": "and other offerings that are not required,\n"
      },
      {
        "tag": "q1",
        "type": "quote",
        "text": "and boast about these offerings that you bring,\n"
      },
      {
        "tag": "q2",
        "type": "quote",
        "text": "because that is what you like to do;\n"
      },
      {
        "tag": "q1",
        "type": "quote",
        "text": "but you do it to impress others, not to please me.\n"
      },
      {
        "tag": "q1",
        "type": "quote",
        "text": "That is certainly true, because I, Yahweh, have said it.\n"
      },
      {
        "type": "text",
        "text": "\n"
      },
      {
        "tag": "s5",
        "nextChar": "\n",
        "type": "section"
      },
      {
        "tag": "q1",
        "nextChar": "\n",
        "type": "quote"
      }
    ]
  },
  "6": {
    "verseObjects": [
      {
        "type": "text",
        "text": "I am the one who caused there to be no food in any of your cities and towns,\n"
      },
      {
        "tag": "q2",
        "type": "quote",
        "text": "but you rejected me in spite of that.\n"
      },
      {
        "tag": "q1",
        "nextChar": "\n",
        "type": "quote"
      }
    ]
  },
  "7": {
    "verseObjects": [
      {
        "type": "text",
        "text": "When it was still three months before the time of harvesting crops,\n"
      },
      {
        "tag": "q2",
        "type": "quote",
        "text": "at the time when your crops needed rain the most,\n"
      },
      {
        "tag": "q2",
        "type": "quote",
        "text": "I prevented rain from falling.\n"
      },
      {
        "tag": "q1",
        "type": "quote",
        "text": "Sometimes I allowed rain to fall on some towns\n"
      },
      {
        "tag": "q2",
        "type": "quote",
        "text": "and prevented it from falling on other towns.\n"
      },
      {
        "tag": "q1",
        "type": "quote",
        "text": "Rain fell on some fields,\n"
      },
      {
        "tag": "q2",
        "type": "quote",
        "text": "but it did not fall on other fields,\n"
      },
      {
        "tag": "q2",
        "type": "quote",
        "text": "with the result that the soil in those fields where it did not rain dried up.\n"
      },
      {
        "type": "text",
        "text": "\n"
      },
      {
        "tag": "s5",
        "nextChar": "\n",
        "type": "section"
      },
      {
        "tag": "q1",
        "nextChar": "\n",
        "type": "quote"
      }
    ]
  },
  "8": {
    "verseObjects": [
      {
        "type": "text",
        "text": "Your people would stagger from one town to another town to find water,\n"
      },
      {
        "tag": "q2",
        "type": "quote",
        "text": "but they could not even get enough water to drink,\n"
      },
      {
        "tag": "q2",
        "type": "quote",
        "text": "but in spite of that, you have not returned to me.\n"
      },
      {
        "tag": "q1",
        "type": "quote",
        "text": "That is certainly true because I, Yahweh, have said it!\n"
      },
      {
        "tag": "q1",
        "nextChar": "\n",
        "type": "quote"
      }
    ]
  },
  "9": {
    "verseObjects": [
      {
        "type": "text",
        "text": "Many times I struck your crops with disease and mildew.\n"
      },
      {
        "tag": "q2",
        "type": "quote",
        "text": "The locusts devoured your gardens and vineyards, \n"
      },
      {
        "tag": "q2",
        "type": "quote",
        "text": "your fig trees and olive trees, yet you did not return to me\n"
      },
      {
        "tag": "q1",
        "type": "quote",
        "text": "—this is Yahweh's declaration.\"\n"
      },
      {
        "type": "text",
        "text": "\n"
      },
      {
        "tag": "s5",
        "nextChar": "\n",
        "type": "section"
      },
      {
        "tag": "q1",
        "nextChar": "\n",
        "type": "quote"
      }
    ]
  },
  "10": {
    "verseObjects": [
      {
        "type": "text",
        "text": "I caused you to experience plagues\n"
      },
      {
        "tag": "q2",
        "type": "quote",
        "text": "like the plagues that I sent to the people of Egypt.\n"
      },
      {
        "tag": "q1",
        "type": "quote",
        "text": "I caused many of your young men to die in battles.\n"
      },
      {
        "tag": "q2",
        "type": "quote",
        "text": "and allowed your enemies to capture your horses.\n"
      },
      {
        "tag": "q1",
        "type": "quote",
        "text": "Many of your soldiers were killed,\n"
      },
      {
        "tag": "q2",
        "type": "quote",
        "text": "and your camps were filled with the smell of their corpses.\n"
      },
      {
        "tag": "q2",
        "type": "quote",
        "text": "But in spite of that, you rejected me.\n"
      },
      {
        "tag": "q1",
        "type": "quote",
        "text": "That is certainly true, because I, Yahweh, have said it!\n"
      },
      {
        "tag": "q1",
        "nextChar": "\n",
        "type": "quote"
      }
    ]
  },
  "11": {
    "verseObjects": [
      {
        "type": "text",
        "text": "I got rid of many of you,\n"
      },
      {
        "tag": "q2",
        "type": "quote",
        "text": "like the people in Sodom and Gomorrah.\n"
      },
      {
        "tag": "q1",
        "type": "quote",
        "text": "Those of you who did not die were like a burning stick that was snatched from a fire so that it would not burn completely.\n"
      },
      {
        "tag": "q2",
        "type": "quote",
        "text": "But in spite of that, you rejected me.\n"
      },
      {
        "tag": "q1",
        "type": "quote",
        "text": "That is certainly true, because I, Yahweh, have said it!\n"
      },
      {
        "type": "text",
        "text": "\n"
      },
      {
        "tag": "s5",
        "nextChar": "\n",
        "type": "section"
      },
      {
        "tag": "q1",
        "nextChar": "\n",
        "type": "quote"
      }
    ]
  },
  "12": {
    "verseObjects": [
      {
        "type": "text",
        "text": "So now, you people of Israel, I am going to punish you.\n"
      },
      {
        "tag": "q2",
        "type": "quote",
        "text": "Prepare to stand in front of me, your God, when I judge you!\n"
      },
      {
        "tag": "q1",
        "nextChar": "\n",
        "type": "quote"
      }
    ]
  },
  "13": {
    "verseObjects": [
      {
        "type": "text",
        "text": "I created the mountains,\n"
      },
      {
        "tag": "q2",
        "type": "quote",
        "text": "and the winds.\n"
      },
      {
        "tag": "q1",
        "type": "quote",
        "text": "I reveal to humans what I am thinking.\n"
      },
      {
        "tag": "q2",
        "type": "quote",
        "text": "and sometimes cause the daylight to become dark like the night.\n"
      },
      {
        "tag": "q1",
        "type": "quote",
        "text": "I rule over everything,\n"
      },
      {
        "tag": "q2",
        "type": "quote",
        "text": "and even walk on the highest mountains on the earth!\n"
      },
      {
        "tag": "q2",
        "type": "quote",
        "text": "I am Yahweh, commander of the angel armies!\"\n"
      },
      {
        "type": "text",
        "text": "\n\n"
      },
      {
        "tag": "s5",
        "nextChar": "\n",
        "type": "section"
      }
    ]
  },
  "front": {
    "verseObjects": [
      {
        "type": "text",
        "text": "\n"
      },
      {
        "tag": "q1",
        "nextChar": "\n",
        "type": "quote"
      }
    ]
  }
}