{
  "1": {
    "verseObjects": [
      {
        "type": "text",
        "text": "अहाब के मरने के बाद मोआब इस्राएल के विरुद्ध बलवा करने लगा।\n"
      }
    ]
  },
  "2": {
    "verseObjects": [
      {
        "type": "text",
        "text": "अहज्याह एक जालीदार खिड़की में से, जो सामरिया में उसकी अटारी में थी, गिर पड़ा, और बीमार हो गया। तब उसने दूतों को यह कहकर भेजा, “तुम जाकर एक्रोन के बाल-जबूब* नामक देवता से यह पूछ आओ, कि क्या मैं इस बीमारी से बचूँगा कि नहीं?”\n"
      },
      {
        "tag": "s5",
        "type": "section",
        "text": "\n"
      }
    ]
  },
  "3": {
    "verseObjects": [
      {
        "type": "text",
        "text": "तब यहोवा के दूत ने तिशबी एलिय्याह से कहा, “उठकर सामरिया के राजा के दूतों से मिलने को जा, और उनसे कह, ‘क्या इस्राएल में कोई परमेश्‍वर नहीं जो तुम एक्रोन के *बाल-जबूब देवता से पूछने जाते हो?’\n"
      }
    ]
  },
  "4": {
    "verseObjects": [
      {
        "type": "text",
        "text": "इसलिए अब यहोवा तुझ से यह कहता है, ‘जिस पलंग पर तू पड़ा है, उस पर से कभी न उठेगा, परन्तु मर ही जाएगा।’ ” तब एलिय्याह चला गया।\n"
      },
      {
        "tag": "s5",
        "type": "section",
        "text": "\n"
      }
    ]
  },
  "5": {
    "verseObjects": [
      {
        "type": "text",
        "text": "जब अहज्याह के दूत उसके पास लौट आए, तब उसने उनसे पूछा, “तुम क्यों लौट आए हो?”\n"
      }
    ]
  },
  "6": {
    "verseObjects": [
      {
        "type": "text",
        "text": "उन्होंने उससे कहा, “एक मनुष्य हम से मिलने को आया, और कहा कि, ‘जिस राजा ने तुम को भेजा उसके पास लौटकर कहो, यहोवा यह कहता है, कि क्या इस्राएल में कोई परमेश्‍वर नहीं जो तू एक्रोन के बाल-जबूब देवता से पूछने को भेजता है? इस कारण जिस पलंग पर तू पड़ा है, उस पर से कभी न उठेगा, परन्तु मर ही जाएगा।’ ”\n"
      },
      {
        "tag": "s5",
        "type": "section",
        "text": "\n"
      }
    ]
  },
  "7": {
    "verseObjects": [
      {
        "type": "text",
        "text": "उसने उनसे पूछा, “जो मनुष्य तुम से मिलने को आया, और तुम से ये बातें कहीं, उसका कैसा रंग-रूप था?”\n"
      }
    ]
  },
  "8": {
    "verseObjects": [
      {
        "type": "text",
        "text": "उन्होंने उसको उत्तर दिया, “वह तो रोंआर मनुष्य था और अपनी कमर में चमड़े का फेंटा बाँधे हुए था।” उसने कहा, “वह तिशबी एलिय्याह होगा।” (मत्ती 3:4, मर. 1:6)\n"
      },
      {
        "tag": "s5",
        "type": "section",
        "text": "\n"
      }
    ]
  },
  "9": {
    "verseObjects": [
      {
        "type": "text",
        "text": "तब उसने उसके पास पचास सिपाहियों के एक प्रधान को उसके पचासों सिपाहियों समेत भेजा। प्रधान ने एलिय्याह के पास जाकर क्या देखा कि वह पहाड़ की चोटी पर बैठा है। उसने उससे कहा, “हे परमेश्‍वर के भक्त राजा ने कहा है, ‘तू उतर आ।’ ”\n"
      }
    ]
  },
  "10": {
    "verseObjects": [
      {
        "type": "text",
        "text": "एलिय्याह ने उस पचास सिपाहियों के प्रधान से कहा, “यदि मैं परमेश्‍वर का भक्त हूँ तो आकाश से आग गिरकर तुझे तेरे पचासों समेत भस्म कर डाले।” तब आकाश से आग उतरी और उसे उसके पचासों समेत भस्म कर दिया। (प्रका. 11:5)\n"
      },
      {
        "tag": "s5",
        "type": "section",
        "text": "\n"
      }
    ]
  },
  "11": {
    "verseObjects": [
      {
        "type": "text",
        "text": "फिर राजा ने उसके पास पचास सिपाहियों के एक और प्रधान को, पचासों सिपाहियों समेत भेज दिया। प्रधान ने उससे कहा, “हे परमेश्‍वर के भक्त राजा ने कहा है, ‘फुर्ती से तू उतर आ।’ ”\n"
      }
    ]
  },
  "12": {
    "verseObjects": [
      {
        "type": "text",
        "text": "एलिय्याह ने उत्तर देकर उनसे कहा, “यदि मैं परमेश्‍वर का भक्त हूँ तो आकाश से आग गिरकर तुझे और तेरे पचासों समेत भस्म कर डाले। ” तब आकाश से परमेश्‍वर की आग उतरी और उसे उसके पचासों समेत भस्म कर दिया।\n"
      },
      {
        "tag": "s5",
        "type": "section",
        "text": "\n"
      }
    ]
  },
  "13": {
    "verseObjects": [
      {
        "type": "text",
        "text": "फिर राजा ने तीसरी बार पचास सिपाहियों के एक और प्रधान को, पचासों सिपाहियों समेत भेज दिया, और पचास का वह तीसरा प्रधान चढ़कर, एलिय्याह के सामने घुटनों के बल गिरा, और गिड़गिड़ाकर उससे विनती की, “हे परमेश्‍वर के भक्त मेरा प्राण और तेरे इन पचास दासों के प्राण तेरी दृष्टि में अनमोल ठहरें।\n"
      }
    ]
  },
  "14": {
    "verseObjects": [
      {
        "type": "text",
        "text": "पचास-पचास सिपाहियों के जो दो प्रधान अपने-अपने पचासों समेत पहले आए थे, उनको तो आग ने आकाश से गिरकर भस्म कर डाला, परन्तु अब मेरा प्राण तेरी दृष्टि में अनमोल ठहरे।”\n"
      },
      {
        "tag": "s5",
        "type": "section",
        "text": "\n"
      }
    ]
  },
  "15": {
    "verseObjects": [
      {
        "type": "text",
        "text": "तब यहोवा के दूत ने एलिय्याह से कहा, “उसके संग नीचे जा, उससे मत डर।” तब एलिय्याह उठकर उसके संग राजा के पास नीचे गया,\n"
      }
    ]
  },
  "16": {
    "verseObjects": [
      {
        "type": "text",
        "text": "और उससे कहा, “यहोवा यह कहता है, ‘तूने तो एक्रोन के बाल-जबूब देवता से पूछने को दूत भेजे थे तो क्या इस्राएल में कोई परमेश्‍वर नहीं कि जिससे तू पूछ सके? इस कारण तू जिस पलंग पर पड़ा है, उस पर से कभी न उठेगा, परन्तु मर ही जाएगा।’ ”\n"
      },
      {
        "tag": "s5",
        "type": "section",
        "text": "\n"
      }
    ]
  },
  "17": {
    "verseObjects": [
      {
        "type": "text",
        "text": "यहोवा के इस वचन के अनुसार जो एलिय्याह ने कहा था, वह मर गया। और उसकी सन्तान न होने के कारण यहोराम उसके स्थान पर यहूदा के राजा यहोशापात के पुत्र यहोराम के दूसरे वर्ष में राज्य करने लगा।\n"
      }
    ]
  },
  "18": {
    "verseObjects": [
      {
        "type": "text",
        "text": "अहज्याह के और काम जो उसने किए वह क्या इस्राएल के राजाओं के इतिहास की पुस्तक में नहीं लिखे हैं?\n\n"
      },
      {
        "tag": "s5",
        "type": "section",
        "text": "\n"
      }
    ]
  },
  "front": {
    "verseObjects": [
      {
        "tag": "s",
        "type": "section",
        "text": "अहज्याह की मृत्यु\n"
      },
      {
        "tag": "p",
        "type": "paragraph",
        "text": "\n"
      }
    ]
  }
}