{
  "1": {
    "verseObjects": [
      {
        "type": "text",
        "text": "इस्राएल के राजा यहोआहाज के पुत्र योआश के राज्य के दूसरे वर्ष में यहूदा के राजा योआश का पुत्र अमस्याह राजा हुआ।\n"
      }
    ]
  },
  "2": {
    "verseObjects": [
      {
        "type": "text",
        "text": "जब वह राज्य करने लगा तब वह पच्चीस वर्ष का था, और यरूशलेम में उनतीस वर्ष राज्य करता रहा। उसकी माता का नाम यहोअद्दान था, जो यरूशलेम की थी।\n"
      }
    ]
  },
  "3": {
    "verseObjects": [
      {
        "type": "text",
        "text": "उसने वह किया जो यहोवा की दृष्टि में ठीक था तो भी अपने मूल पुरुष दाऊद के समान न किया; उसने ठीक अपने पिता योआश के से काम किए*।\n"
      },
      {
        "tag": "s5",
        "type": "section",
        "text": "\n"
      }
    ]
  },
  "4": {
    "verseObjects": [
      {
        "type": "text",
        "text": "उसके दिनों में ऊँचे स्थान गिराए न गए; लोग तब भी उन पर बलि चढ़ाते, और धूप जलाते रहे।\n"
      }
    ]
  },
  "5": {
    "verseObjects": [
      {
        "type": "text",
        "text": "जब राज्य उसके हाथ में स्थिर हो गया, तब उसने अपने उन कर्मचारियों को मृत्यु-दण्ड दिया, जिन्होंने उसके पिता राजा को मार डाला था।\n"
      },
      {
        "tag": "s5",
        "type": "section",
        "text": "\n"
      }
    ]
  },
  "6": {
    "verseObjects": [
      {
        "type": "text",
        "text": "परन्तु उन खूनियों के बच्चों को उसने न मार डाला, क्योंकि यहोवा की यह आज्ञा मूसा की व्यवस्था की पुस्तक में लिखी है: “पुत्र के कारण पिता न मार डाला जाए, और पिता के कारण पुत्र न मार डाला जाए; जिसने पाप किया हो, वही उस पाप के कारण मार डाला जाए।” \n"
      }
    ]
  },
  "7": {
    "verseObjects": [
      {
        "type": "text",
        "text": "उसी अमस्याह ने नमक की तराई में दस हजार एदोमी पुरुष मार डाले, और सेला नगर से युद्ध करके उसे ले लिया, और उसका नाम योक्तेल रखा, और वह नाम आज तक चलता है।\n"
      },
      {
        "tag": "s5",
        "type": "section",
        "text": "\n"
      }
    ]
  },
  "8": {
    "verseObjects": [
      {
        "type": "text",
        "text": "तब अमस्याह ने इस्राएल के राजा यहोआश के पास जो येहू का पोता और यहोआहाज का पुत्र था दूतों से कहला भेजा, “आ हम एक दूसरे का सामना करें।” \n"
      }
    ]
  },
  "9": {
    "verseObjects": [
      {
        "type": "text",
        "text": "इस्राएल के राजा यहोआश ने यहूदा के राजा अमस्याह के पास यह सन्देश भेजा, “लबानोन पर की एक झड़बेरी ने लबानोन के एक देवदार के पास कहला भेजा, ‘अपनी बेटी का मेरे बेटे से विवाह कर दे’ इतने में लबानोन में का एक वन पशु पास से चला गया और उस झड़बेरी को रौंद डाला।\n"
      }
    ]
  },
  "10": {
    "verseObjects": [
      {
        "type": "text",
        "text": "तूने एदोमियों को जीता तो है इसलिए तू फूल उठा है। उसी पर बड़ाई मारता हुआ घर रह जा; तू अपनी हानि के लिये यहाँ क्यों हाथ उठाता है, जिससे तू क्या वरन् यहूदा भी नीचा देखेगा?” \n"
      },
      {
        "tag": "s5",
        "type": "section",
        "text": "\n"
      }
    ]
  },
  "11": {
    "verseObjects": [
      {
        "type": "text",
        "text": "परन्तु अमस्याह ने न माना। तब इस्राएल के राजा यहोआश ने चढ़ाई की, और उसने और यहूदा के राजा अमस्याह ने यहूदा देश के बेतशेमेश में एक दूसरे का सामना किया।\n"
      }
    ]
  },
  "12": {
    "verseObjects": [
      {
        "type": "text",
        "text": "और यहूदा इस्राएल से हार गया, और एक-एक अपने-अपने डेरे को भागा।\n"
      },
      {
        "tag": "s5",
        "type": "section",
        "text": "\n"
      }
    ]
  },
  "13": {
    "verseObjects": [
      {
        "type": "text",
        "text": "तब इस्राएल के राजा यहोआश ने यहूदा के राजा अमस्याह को जो अहज्याह का पोता, और योआश का पुत्र था, बेतशेमेश में पकड़ लिया, और यरूशलेम को गया, और एप्रैमी फाटक से कोनेवाले फाटक तक, चार सौ हाथ यरूशलेम की शहरपनाह गिरा दी।\n"
      }
    ]
  },
  "14": {
    "verseObjects": [
      {
        "type": "text",
        "text": "और जितना सोना, चाँदी और जितने पात्र यहोवा के भवन में और राजभवन के भण्डारों में मिले, उन सब को और बन्धक लोगों को भी लेकर वह सामरिया को लौट गया।।\n"
      },
      {
        "tag": "s5",
        "type": "section",
        "text": "\n"
      }
    ]
  },
  "15": {
    "verseObjects": [
      {
        "type": "text",
        "text": "यहोआश के और काम जो उसने किए, और उसकी वीरता और उसने किस रीति यहूदा के राजा अमस्याह से युद्ध किया, यह सब क्या इस्राएल के राजाओं के इतिहास की पुस्तक में नहीं लिखा है?\n"
      }
    ]
  },
  "16": {
    "verseObjects": [
      {
        "type": "text",
        "text": "अन्त में यहोआश मर कर अपने पुरखाओं के संग जा मिला और उसे इस्राएल के राजाओं के बीच सामरिया में मिट्टी दी गई; और उसका पुत्र यारोबाम उसके स्थान पर राज्य करने लगा।।\n"
      },
      {
        "tag": "s5",
        "type": "section",
        "text": "\n"
      }
    ]
  },
  "17": {
    "verseObjects": [
      {
        "type": "text",
        "text": "यहोआहाज के पुत्र इस्राएल के राजा यहोआश के मरने के बाद योआश का पुत्र यहूदा का राजा अमस्याह पन्द्रह वर्ष जीवित रहा।\n"
      }
    ]
  },
  "18": {
    "verseObjects": [
      {
        "type": "text",
        "text": "अमस्याह के और काम क्या यहूदा के राजाओं के इतिहास की पुस्तक में नहीं लिखे हैं?\n"
      }
    ]
  },
  "19": {
    "verseObjects": [
      {
        "type": "text",
        "text": "जब यरूशलेम में उसके विरुद्ध राजद्रोह की गोष्ठी की गई, तब वह लाकीश को भाग गया। अतः उन्होंने लाकीश तक उसका पीछा करके उसको वहाँ मार डाला।\n"
      },
      {
        "tag": "s5",
        "type": "section",
        "text": "\n"
      }
    ]
  },
  "20": {
    "verseObjects": [
      {
        "type": "text",
        "text": "तब वह घोड़ों पर रखकर यरूशलेम में पहुँचाया गया, और वहाँ उसके पुरखाओं के बीच उसको दाऊदपुर में मिट्टी दी गई।\n"
      }
    ]
  },
  "21": {
    "verseObjects": [
      {
        "type": "text",
        "text": "तब सारी यहूदी प्रजा ने अजर्याह को लेकर, जो सोलह वर्ष का था, उसके पिता अमस्याह के स्थान पर राजा नियुक्त कर दिया।\n"
      }
    ]
  },
  "22": {
    "verseObjects": [
      {
        "type": "text",
        "text": "राजा अमस्याह मर कर अपने पुरखाओं के संग जा मिला, तब उसके बाद अजर्याह ने एलत को दृढ़ करके यहूदा के वश में फिरकर लिया।।\n"
      },
      {
        "tag": "s",
        "type": "section",
        "text": "दूसरे यारोबाम का राज्य\n"
      },
      {
        "tag": "p",
        "type": "paragraph",
        "text": "\n"
      },
      {
        "tag": "s5",
        "type": "section",
        "text": "\n"
      }
    ]
  },
  "23": {
    "verseObjects": [
      {
        "type": "text",
        "text": "यहूदा के राजा योआश के पुत्र अमस्याह के राज्य के पन्द्रहवें वर्ष में इस्राएल के राजा यहोआश का पुत्र यारोबाम सामरिया में राज्य करने लगा, और इकतालीस वर्ष राज्य करता रहा।\n"
      }
    ]
  },
  "24": {
    "verseObjects": [
      {
        "type": "text",
        "text": "उसने वह किया, जो यहोवा की दृष्टि में बुरा था; अर्थात् नबात के पुत्र यारोबाम जिस ने इस्राएल से पाप कराया था, उसके पापों के अनुसार वह करता रहा, और उनसे वह अलग न हुआ।\n"
      }
    ]
  },
  "25": {
    "verseObjects": [
      {
        "type": "text",
        "text": "उसने इस्राएल की सीमा* हमात की घाटी से ले अराबा के ताल तक ज्यों का त्यों कर दी, जैसा कि इस्राएल के परमेश्‍वर यहोवा ने अमित्तै के पुत्र अपने दास गथेपेरवासी योना भविष्यद्वक्ता के द्वारा कहा था।\n"
      },
      {
        "tag": "s5",
        "type": "section",
        "text": "\n"
      }
    ]
  },
  "26": {
    "verseObjects": [
      {
        "type": "text",
        "text": "क्योंकि यहोवा ने इस्राएल का दुःख देखा कि बहुत ही कठिन है, वरन् क्या बन्दी क्या स्वाधीन कोई भी बचा न रहा, और न इस्राएल के लिये कोई सहायक था।\n"
      }
    ]
  },
  "27": {
    "verseObjects": [
      {
        "type": "text",
        "text": "यहोवा ने नहीं कहा था, कि मैं इस्राएल का नाम धरती पर से मिटा डालूँगा। अतः उसने यहोआश के पुत्र यारोबाम के द्वारा उनको छुटकारा दिया।\n"
      },
      {
        "tag": "s5",
        "type": "section",
        "text": "\n"
      }
    ]
  },
  "28": {
    "verseObjects": [
      {
        "type": "text",
        "text": "यारोबाम के और सब काम जो उसने किए, और कैसे पराक्रम के साथ उसने युद्ध किया, और दमिश्क और हमात को जो पहले यहूदा के राज्य में थे इस्राएल के वश में फिर मिला लिया, यह सब क्या इस्राएल के राजाओं के इतिहास की पुस्तक में नहीं लिखा है?\n"
      }
    ]
  },
  "29": {
    "verseObjects": [
      {
        "type": "text",
        "text": "अन्त में यारोबाम मर कर अपने पुरखाओं के संग जो इस्राएल के राजा थे जा मिला, और उसका पुत्र जकर्याह उसके स्थान पर राज्य करने लगा।\n\n"
      },
      {
        "tag": "s5",
        "type": "section",
        "text": "\n"
      }
    ]
  },
  "front": {
    "verseObjects": [
      {
        "tag": "s",
        "type": "section",
        "text": "अमस्याह का राज्य\n"
      },
      {
        "tag": "p",
        "type": "paragraph",
        "text": "\n"
      }
    ]
  }
}