{
  "1": {
    "verseObjects": [
      {
        "type": "text",
        "text": "रमल्याह के पुत्र पेकह के राज्य के सत्रहवें वर्ष में यहूदा के राजा योताम का पुत्र आहाज राज्य करने लगा।\n"
      }
    ]
  },
  "2": {
    "verseObjects": [
      {
        "type": "text",
        "text": "जब आहाज राज्य करने लगा, तब वह बीस वर्ष का था, और सोलह वर्ष तक यरूशलेम में राज्य करता रहा। और उसने अपने मूलपुरुष दाऊद का सा काम नहीं किया, जो उसके परमेश्‍वर यहोवा की दृष्टि में ठीक था।\n"
      },
      {
        "tag": "s5",
        "nextChar": "\n",
        "type": "section"
      }
    ]
  },
  "3": {
    "verseObjects": [
      {
        "type": "text",
        "text": "परन्तु वह इस्राएल के राजाओं की सी चाल चला, वरन् उन जातियों के घिनौने कामों के अनुसार, जिन्हें यहोवा ने इस्राएलियों के सामने से देश से निकाल दिया था, उसने अपने बेटे को भी आग में होम कर दिया*।\n"
      }
    ]
  },
  "4": {
    "verseObjects": [
      {
        "type": "text",
        "text": "वह ऊँचे स्थानों पर, और पहाड़ियों पर, और सब हरे वृक्षों के नीचे, बलि चढ़ाया और धूप जलाया करता था।\n"
      },
      {
        "tag": "s5",
        "nextChar": "\n",
        "type": "section"
      }
    ]
  },
  "5": {
    "verseObjects": [
      {
        "type": "text",
        "text": "तब अराम के राजा रसीन, और रमल्याह के पुत्र इस्राएल के राजा पेकह ने लड़ने के लिये यरूशलेम पर चढ़ाई की, और उन्होंने आहाज को घेर लिया, परन्तु युद्ध करके उनसे कुछ बन न पड़ा।\n"
      }
    ]
  },
  "6": {
    "verseObjects": [
      {
        "type": "text",
        "text": "उस समय अराम के राजा रसीन ने, एलत को अराम के वश में करके, यहूदियों को वहाँ से निकाल दिया; तब अरामी लोग एलत को गए, और आज के दिन तक वहाँ रहते हैं।\n"
      },
      {
        "tag": "s5",
        "nextChar": "\n",
        "type": "section"
      }
    ]
  },
  "7": {
    "verseObjects": [
      {
        "type": "text",
        "text": "अतः आहाज ने दूत भेजकर अश्शूर के राजा तिग्लत्पिलेसेर के पास कहला भेजा, “मुझे अपना दास, वरन् बेटा जानकर चढ़ाई कर, और मुझे अराम के राजा और इस्राएल के राजा के हाथ से बचा जो मेरे विरुद्ध उठे हैं।” \n"
      }
    ]
  },
  "8": {
    "verseObjects": [
      {
        "type": "text",
        "text": "आहाज ने यहोवा के भवन में और राजभवन के भण्डारों में जितना सोना-चाँदी मिला उसे अश्शूर के राजा के पास भेंट करके भेज दिया।\n"
      }
    ]
  },
  "9": {
    "verseObjects": [
      {
        "type": "text",
        "text": "उसकी मानकर अश्शूर के राजा ने दमिश्क पर चढ़ाई की, और उसे लेकर उसके लोगों को बन्दी बनाकर, कीर को ले गया, और रसीन को मार डाला।\n"
      },
      {
        "tag": "s5",
        "nextChar": "\n",
        "type": "section"
      }
    ]
  },
  "10": {
    "verseObjects": [
      {
        "type": "text",
        "text": "तब राजा आहाज अश्शूर के राजा तिग्लत्पिलेसेर से भेंट करने के लिये दमिश्क को गया, और वहाँ की वेदी देखकर उसकी सब बनावट के अनुसार उसका नक्शा ऊरिय्याह याजक के पास नमूना करके भेज दिया।\n"
      }
    ]
  },
  "11": {
    "verseObjects": [
      {
        "type": "text",
        "text": "ठीक इसी नमूने के अनुसार जिसे राजा आहाज ने दमिश्क से भेजा था, ऊरिय्याह याजक ने राजा आहाज के दमिश्क से आने तक एक वेदी बना दी।\n"
      }
    ]
  },
  "12": {
    "verseObjects": [
      {
        "type": "text",
        "text": "जब राजा दमिश्क से आया तब उसने उस वेदी को देखा, और उसके निकट जाकर उस पर बलि चढ़ाए।\n"
      },
      {
        "tag": "s5",
        "nextChar": "\n",
        "type": "section"
      }
    ]
  },
  "13": {
    "verseObjects": [
      {
        "type": "text",
        "text": "उसी वेदी पर उसने अपना होमबलि और अन्नबलि जलाया, और अर्घ दिया और मेलबलियों का लहू छिड़क दिया।\n"
      }
    ]
  },
  "14": {
    "verseObjects": [
      {
        "type": "text",
        "text": "और पीतल की जो वेदी यहोवा के सामने रहती थी उसको उसने भवन के सामने से अर्थात् अपनी वेदी और यहोवा के भवन के बीच से हटाकर, उस वेदी के उत्तर की ओर रख दिया।\n"
      },
      {
        "tag": "s5",
        "nextChar": "\n",
        "type": "section"
      }
    ]
  },
  "15": {
    "verseObjects": [
      {
        "type": "text",
        "text": "तब राजा आहाज ने ऊरिय्याह याजक को यह आज्ञा दी, “भोर के होमबलि और सांझ के अन्नबलि, राजा के होमबलि और उसके अन्नबलि, और सब साधारण लोगों के होमबलि और अर्घ बड़ी वेदी पर चढ़ाया कर, और होमबलियों और मेलबलियों का सब लहू उस पर छिड़क; और पीतल की वेदी को मैं यहोवा से पूछने के लिये प्रयोग करूँगा।” \n"
      }
    ]
  },
  "16": {
    "verseObjects": [
      {
        "type": "text",
        "text": "राजा आहाज की इस आज्ञा के अनुसार ऊरिय्याह याजक ने किया।\n"
      },
      {
        "tag": "s5",
        "nextChar": "\n",
        "type": "section"
      }
    ]
  },
  "17": {
    "verseObjects": [
      {
        "type": "text",
        "text": "फिर राजा आहाज ने कुर्सियों की पटरियों को काट डाला, और हौदियों को उन पर से उतार दिया, और बड़े हौद को उन पीतल के बैलों पर से जो उसके नीचे थे उतारकर, पत्थरों के फर्श पर रख दिया।\n"
      }
    ]
  },
  "18": {
    "verseObjects": [
      {
        "type": "text",
        "text": "विश्राम के दिन के लिये जो छाया हुआ स्थान भवन में बना था, और राजा के बाहरी प्रवेश-द्वार को उसने अश्शूर के राजा के कारण यहोवा के भवन से अलग कर दिया।\n"
      },
      {
        "tag": "s5",
        "nextChar": "\n",
        "type": "section"
      }
    ]
  },
  "19": {
    "verseObjects": [
      {
        "type": "text",
        "text": "आहाज के और काम जो उसने किए, वे क्या यहूदा के राजाओं के इतिहास की पुस्तक में नहीं लिखे हैं?\n"
      }
    ]
  },
  "20": {
    "verseObjects": [
      {
        "type": "text",
        "text": "अन्त में आहाज मर कर अपने पुरखाओं के संग जा मिला और उसे उसके पुरखाओं के बीच दाऊदपुर में मिट्टी दी गई, और उसका पुत्र हिजकिय्याह उसके स्थान पर राज्य करने लगा।\n\n"
      },
      {
        "tag": "s5",
        "nextChar": "\n",
        "type": "section"
      }
    ]
  },
  "front": {
    "verseObjects": [
      {
        "tag": "s",
        "type": "section",
        "content": "आहाज का राज्य\n"
      },
      {
        "tag": "p",
        "nextChar": "\n",
        "type": "paragraph"
      }
    ]
  }
}