{
  "1": {
    "verseObjects": [
      {
        "type": "text",
        "text": "उसके दिनों में बाबेल के राजा नबूकदनेस्सर* ने चढ़ाई की और यहोयाकीम तीन वर्ष तक उसके अधीन रहा; तब उसने फिरकर उससे विद्रोह किया।\n"
      }
    ]
  },
  "2": {
    "verseObjects": [
      {
        "type": "text",
        "text": "तब यहोवा ने उसके विरुद्ध और यहूदा को नाश करने के लिये कसदियों, अरामियों, मोआबियों और अम्मोनियों के दल भेजे, यह यहोवा के उस वचन के अनुसार हुआ, जो उसने अपने दास भविष्यद्वक्ताओं के द्वारा कहा था।\n"
      },
      {
        "tag": "s5",
        "nextChar": "\n",
        "type": "section"
      }
    ]
  },
  "3": {
    "verseObjects": [
      {
        "type": "text",
        "text": "निःसन्देह यह यहूदा पर यहोवा की आज्ञा से हुआ, ताकि वह उनको अपने सामने से दूर करे। यह मनश्शे के सब पापों के कारण हुआ।\n"
      }
    ]
  },
  "4": {
    "verseObjects": [
      {
        "type": "text",
        "text": "और निर्दोष के उस खून के कारण जो उसने किया था; क्योंकि उसने यरूशलेम को निर्दोषों के खून से भर दिया था, जिसको यहोवा ने क्षमा करना न चाहा।\n"
      },
      {
        "tag": "s5",
        "nextChar": "\n",
        "type": "section"
      }
    ]
  },
  "5": {
    "verseObjects": [
      {
        "type": "text",
        "text": "यहोयाकीम के और सब काम जो उसने किए, वह क्या यहूदा के राजाओं के इतिहास की पुस्तक में नहीं लिखे हैं?\n"
      }
    ]
  },
  "6": {
    "verseObjects": [
      {
        "type": "text",
        "text": "अन्त में यहोयाकीम मर कर अपने पुरखाओं के संग जा मिला और उसका पुत्र यहोयाकीन* उसके स्थान पर राजा हुआ।\n"
      },
      {
        "tag": "s5",
        "nextChar": "\n",
        "type": "section"
      }
    ]
  },
  "7": {
    "verseObjects": [
      {
        "type": "text",
        "text": "और मिस्र का राजा अपने देश से बाहर फिर कभी न आया, क्योंकि बाबेल के राजा ने मिस्र के नाले से लेकर फरात महानद तक जितना देश मिस्र के राजा का था, सब को अपने वश में कर लिया था।\n"
      },
      {
        "tag": "s",
        "type": "section",
        "content": "यहोयाकीन का राज्य\n"
      },
      {
        "tag": "p",
        "nextChar": "\n",
        "type": "paragraph"
      },
      {
        "tag": "s5",
        "nextChar": "\n",
        "type": "section"
      }
    ]
  },
  "8": {
    "verseObjects": [
      {
        "type": "text",
        "text": "जब यहोयाकीन राज्य करने लगा, तब वह अठारह वर्ष का था, और तीन महीने तक यरूशलेम में राज्य करता रहा; और उसकी माता का नाम नहुश्ता था, जो यरूशलेम के एलनातान की बेटी थी।\n"
      }
    ]
  },
  "9": {
    "verseObjects": [
      {
        "type": "text",
        "text": "उसने ठीक अपने पिता के समान वह किया, जो यहोवा की दृष्टि में बुरा है।\n"
      },
      {
        "tag": "s5",
        "nextChar": "\n",
        "type": "section"
      }
    ]
  },
  "10": {
    "verseObjects": [
      {
        "type": "text",
        "text": "उसके दिनों में बाबेल के राजा नबूकदनेस्सर के कर्मचारियों ने यरूशलेम पर चढ़ाई करके नगर को घेर लिया।\n"
      }
    ]
  },
  "11": {
    "verseObjects": [
      {
        "type": "text",
        "text": "जब बाबेल के राजा नबूकदनेस्सर के कर्मचारी नगर को घेरे हुए थे, तब वह आप वहाँ आ गया।\n"
      }
    ]
  },
  "12": {
    "verseObjects": [
      {
        "type": "text",
        "text": "तब यहूदा का राजा यहोयाकीन अपनी माता और कर्मचारियों, हाकिमों और खोजों को संग लेकर बाबेल के राजा के पास गया, और बाबेल के राजा ने अपने राज्य के आठवें वर्ष में उनको पकड़ लिया।\n"
      },
      {
        "tag": "s5",
        "nextChar": "\n",
        "type": "section"
      }
    ]
  },
  "13": {
    "verseObjects": [
      {
        "type": "text",
        "text": "तब उसने यहोवा के भवन में और राजभवन में रखा हुआ पूरा धन वहाँ से निकाल लिया और सोने के जो पात्र इस्राएल के राजा सुलैमान ने बनाकर यहोवा के मन्दिर में रखे थे, उन सभी को उसने टुकड़े-टुकड़े कर डाला, जैसा कि यहोवा ने कहा था।\n"
      }
    ]
  },
  "14": {
    "verseObjects": [
      {
        "type": "text",
        "text": "फिर वह पूरे यरूशलेम को अर्थात् सब हाकिमों और सब धनवानों को जो मिलकर दस हजार थे, और सब कारीगरों और लोहारों को बन्दी बनाकर ले गया, यहाँ तक कि साधारण लोगों में से कंगालों को छोड़ और कोई न रह गया।\n"
      },
      {
        "tag": "s5",
        "nextChar": "\n",
        "type": "section"
      }
    ]
  },
  "15": {
    "verseObjects": [
      {
        "type": "text",
        "text": "वह यहोयाकीन को बाबेल में ले गया और उसकी माता और स्त्रियों और खोजों को और देश के बड़े लोगों को वह बन्दी बनाकर यरूशलेम से बाबेल को ले गया।\n"
      }
    ]
  },
  "16": {
    "verseObjects": [
      {
        "type": "text",
        "text": "और सब धनवान जो सात हजार थे, और कारीगर और लोहार जो मिलकर एक हजार थे, और वे सब वीर और युद्ध के योग्य थे, उन्हें बाबेल का राजा बन्दी बनाकर बाबेल को ले गया।\n"
      }
    ]
  },
  "17": {
    "verseObjects": [
      {
        "type": "text",
        "text": "बाबेल के राजा ने उसके स्थान पर उसके चाचा मत्तन्याह को राजा नियुक्त किया और उसका नाम बदलकर सिदकिय्याह रखा।\n"
      },
      {
        "tag": "s",
        "type": "section",
        "content": "सिदकिय्याह का राज्य\n"
      },
      {
        "tag": "p",
        "nextChar": "\n",
        "type": "paragraph"
      },
      {
        "tag": "s5",
        "nextChar": "\n",
        "type": "section"
      }
    ]
  },
  "18": {
    "verseObjects": [
      {
        "type": "text",
        "text": "जब सिदकिय्याह राज्य करने लगा, तब वह इक्कीस वर्ष का था, और यरूशलेम में ग्यारह वर्ष तक राज्य करता रहा; उसकी माता का नाम हमूतल था, जो लिब्नावासी यिर्मयाह की बेटी थी।\n"
      }
    ]
  },
  "19": {
    "verseObjects": [
      {
        "type": "text",
        "text": "उसने ठीक यहोयाकीम की लीक पर चलकर वही किया जो यहोवा की दृष्टि में बुरा है*।\n"
      }
    ]
  },
  "20": {
    "verseObjects": [
      {
        "type": "text",
        "text": "क्योंकि यहोवा के कोप के कारण यरूशलेम और यहूदा की ऐसी दशा हुई, कि अन्त में उसने उनको अपने सामने से दूर किया।\n\n"
      },
      {
        "tag": "s5",
        "nextChar": "\n",
        "type": "section"
      }
    ]
  },
  "front": {
    "verseObjects": [
      {
        "tag": "s",
        "type": "section",
        "content": "यहूदा पर शत्रुओं का आक्रमण\n"
      },
      {
        "tag": "p",
        "nextChar": "\n",
        "type": "paragraph"
      }
    ]
  }
}