{
  "1": {
    "verseObjects": [
      {
        "type": "text",
        "text": "सिदकिय्याह ने बाबेल के राजा से बलवा किया। उसके राज्य के नौवें वर्ष के दसवें महीने के दसवें दिन को बाबेल के राजा नबूकदनेस्सर ने अपनी पूरी सेना लेकर यरूशलेम पर चढ़ाई की, और उसको घेर लिया और उसके चारों ओर पटकोटा बनाए।\n"
      }
    ]
  },
  "2": {
    "verseObjects": [
      {
        "type": "text",
        "text": "इस प्रकार नगर सिदकिय्याह राजा के राज्य के ग्यारहवें वर्ष तक घिरा हुआ रहा।\n"
      }
    ]
  },
  "3": {
    "verseObjects": [
      {
        "type": "text",
        "text": "चौथे महीने के नौवें दिन से नगर में अकाल यहाँ तक बढ़ गई, कि देश के लोगों के लिये कुछ खाने को न रहा।\n"
      },
      {
        "tag": "s5",
        "type": "section",
        "text": "\n"
      }
    ]
  },
  "4": {
    "verseObjects": [
      {
        "type": "text",
        "text": "तब नगर की शहरपनाह में दरार की गई, और दोनों दीवारों के बीच जो फाटक राजा की बारी के निकट था उस मार्ग से सब योद्धा रात ही रात निकल भागे यद्यपि कसदी नगर को घेरे हुए थे, राजा ने अराबा का मार्ग लिया।\n"
      }
    ]
  },
  "5": {
    "verseObjects": [
      {
        "type": "text",
        "text": "तब कसदियों की सेना ने राजा का पीछा किया, और उसको यरीहो के पास के मैदान में जा पकड़ा, और उसकी पूरी सेना उसके पास से तितर-बितर हो गई।\n"
      },
      {
        "tag": "s5",
        "type": "section",
        "text": "\n"
      }
    ]
  },
  "6": {
    "verseObjects": [
      {
        "type": "text",
        "text": "तब वे राजा को पकड़कर रिबला में बाबेल के राजा के पास ले गए, और उसे दण्ड की आज्ञा दी गई।\n"
      }
    ]
  },
  "7": {
    "verseObjects": [
      {
        "type": "text",
        "text": "उन्होंने सिदकिय्याह के पुत्रों को उसके सामने घात किया और सिदकिय्याह की आँखें फोड़ डाली और उसे पीतल की बेड़ियों से जकड़कर बाबेल को ले गए।\n"
      },
      {
        "tag": "s",
        "type": "section",
        "text": "यरूशलेम का विनाश\n"
      },
      {
        "tag": "p",
        "type": "paragraph",
        "text": "\n"
      },
      {
        "tag": "s5",
        "type": "section",
        "text": "\n"
      }
    ]
  },
  "8": {
    "verseObjects": [
      {
        "type": "text",
        "text": "बाबेल के राजा नबूकदनेस्सर के उन्नीसवें वर्ष के पाँचवें महीने के सातवें दिन को अंगरक्षकों का प्रधान नबूजरदान जो बाबेल के राजा का एक कर्मचारी था, यरूशलेम में आया।\n"
      }
    ]
  },
  "9": {
    "verseObjects": [
      {
        "type": "text",
        "text": "उसने यहोवा के भवन और राजभवन और यरूशलेम के सब घरों को अर्थात् हर एक बड़े घर को आग लगाकर फूँक दिया।\n"
      }
    ]
  },
  "10": {
    "verseObjects": [
      {
        "type": "text",
        "text": "यरूशलेम के चारों ओर की शहरपनाह को कसदियों की पूरी सेना ने जो अंगरक्षकों के प्रधान के संग थी ढा दिया।\n"
      },
      {
        "tag": "s5",
        "type": "section",
        "text": "\n"
      }
    ]
  },
  "11": {
    "verseObjects": [
      {
        "type": "text",
        "text": "जो लोग नगर में रह गए थे, और जो लोग बाबेल के राजा के पास भाग गए थे, और साधारण लोग जो रह गए थे, इन सभी को अंगरक्षकों का प्रधान नबूजरदान बन्दी बनाकर ले गया।\n"
      }
    ]
  },
  "12": {
    "verseObjects": [
      {
        "type": "text",
        "text": "परन्तु अंगरक्षकों के प्रधान ने देश के कंगालों में से कितनों को दाख की बारियों की सेवा और काश्तकारी करने को छोड़ दिया।\n"
      },
      {
        "tag": "s5",
        "type": "section",
        "text": "\n"
      }
    ]
  },
  "13": {
    "verseObjects": [
      {
        "type": "text",
        "text": "यहोवा के भवन में जो पीतल के खम्भे थे और कुर्सियाँ और पीतल का हौद जो यहोवा के भवन में था, इनको कसदी तोड़कर उनका पीतल बाबेल को ले गए।\n"
      }
    ]
  },
  "14": {
    "verseObjects": [
      {
        "type": "text",
        "text": "हाँडियों, फावड़ियों, चिमटों, धूपदानों और पीतल के सब पात्रों को भी जिनसे सेवा टहल होती थी, वे ले गए।\n"
      }
    ]
  },
  "15": {
    "verseObjects": [
      {
        "type": "text",
        "text": "करछे और कटोरियाँ जो सोने की थीं, और जो कुछ चाँदी का था, वह सब सोना, चाँदी, अंगरक्षकों का प्रधान ले गया।\n"
      },
      {
        "tag": "s5",
        "type": "section",
        "text": "\n"
      }
    ]
  },
  "16": {
    "verseObjects": [
      {
        "type": "text",
        "text": "दोनों खम्भे, एक हौद और कुर्सियाँ जिसको सुलैमान ने यहोवा के भवन के लिये बनाया था, इन सब वस्तुओं का पीतल तौल से बाहर था।\n"
      }
    ]
  },
  "17": {
    "verseObjects": [
      {
        "type": "text",
        "text": "एक-एक खम्भे की ऊँचाई अठारह-अठारह हाथ की थी और एक-एक खम्भे के ऊपर तीन-तीन हाथ ऊँची पीतल की एक-एक कँगनी थी, और एक-एक कँगनी पर चारों ओर जो जाली और अनार बने थे, वे सब पीतल के थे।\n"
      },
      {
        "tag": "s5",
        "type": "section",
        "text": "\n"
      }
    ]
  },
  "18": {
    "verseObjects": [
      {
        "type": "text",
        "text": "अंगरक्षकों के प्रधान ने सरायाह महायाजक और उसके नीचे के याजक सपन्याह और तीनों द्वारपालों को पकड़ लिया।\n"
      }
    ]
  },
  "19": {
    "verseObjects": [
      {
        "type": "text",
        "text": "नगर में से उसने एक हाकिम को पकड़ा जो योद्धाओं के ऊपर था, और जो पुरुष राजा के सम्मुख रहा करते थे, उनमें से पाँच जन जो नगर में मिले, और सेनापति का मुंशी जो लोगों को सेना में भरती किया करता था; और लोगों में से साठ पुरुष जो नगर में मिले।\n"
      },
      {
        "tag": "s5",
        "type": "section",
        "text": "\n"
      }
    ]
  },
  "20": {
    "verseObjects": [
      {
        "type": "text",
        "text": "इनको अंगरक्षकों का प्रधान नबूजरदान पकड़कर रिबला के राजा के पास ले गया।\n"
      }
    ]
  },
  "21": {
    "verseObjects": [
      {
        "type": "text",
        "text": "तब बाबेल के राजा ने उन्हें हमात देश के रिबला में ऐसा मारा कि वे मर गए। अतः यहूदी बन्दी बनके अपने देश से निकाल दिए गए।\n"
      },
      {
        "tag": "s",
        "type": "section",
        "text": "गदल्याह की हत्या\n"
      },
      {
        "tag": "p",
        "type": "paragraph",
        "text": "\n"
      },
      {
        "tag": "s5",
        "type": "section",
        "text": "\n"
      }
    ]
  },
  "22": {
    "verseObjects": [
      {
        "type": "text",
        "text": "जो लोग यहूदा देश में रह गए, जिनको बाबेल के राजा नबूकदनेस्सर ने छोड़ दिया, उन पर उसने अहीकाम के पुत्र गदल्याह को जो शापान का पोता था अधिकारी ठहराया।\n"
      }
    ]
  },
  "23": {
    "verseObjects": [
      {
        "type": "text",
        "text": "जब दलों के सब प्रधानों ने* अर्थात् नतन्याह के पुत्र इश्माएल कारेह के पुत्र योहानान, नतोपाई, तन्हूमेत के पुत्र सरायाह और किसी माकाई के पुत्र याजन्याह ने और उनके जनों ने यह सुना, कि बाबेल के राजा ने गदल्याह को अधिकारी ठहराया है, तब वे अपने-अपने जनों समेत मिस्पा में गदल्याह के पास आए।\n"
      }
    ]
  },
  "24": {
    "verseObjects": [
      {
        "type": "text",
        "text": "गदल्याह ने उनसे और उनके जनों ने शपथ खाकर कहा, “कसदियों के सिपाहियों से न डरो, देश में रहते हुए बाबेल के राजा के अधीन रहो, तब तुम्हारा भला होगा।” \n"
      },
      {
        "tag": "s5",
        "type": "section",
        "text": "\n"
      }
    ]
  },
  "25": {
    "verseObjects": [
      {
        "type": "text",
        "text": "परन्तु सातवें महीने में नतन्याह का पुत्र इश्माएल, जो एलीशामा का पोता और राजवंश का था, उसने दस जन संग ले गदल्याह के पास जाकर उसे ऐसा मारा कि वह मर गया, और जो यहूदी और कसदी उसके संग मिस्पा में रहते थे, उनको भी मार डाला।\n"
      }
    ]
  },
  "26": {
    "verseObjects": [
      {
        "type": "text",
        "text": "तब क्या छोटे क्या बड़े सारी प्रजा के लोग और दलों के प्रधान कसदियों के डर के मारे उठकर मिस्र में जाकर रहने लगे।\n"
      },
      {
        "tag": "s",
        "type": "section",
        "text": "यहोयाकीन का बढ़ाया जाना\n"
      },
      {
        "tag": "p",
        "type": "paragraph",
        "text": "\n"
      },
      {
        "tag": "s5",
        "type": "section",
        "text": "\n"
      }
    ]
  },
  "27": {
    "verseObjects": [
      {
        "type": "text",
        "text": "फिर यहूदा के राजा यहोयाकीन की बँधुआई के तैंतीसवें वर्ष में अर्थात् जिस वर्ष बाबेल का राजा एवील्मरोदक राजगद्दी पर विराजमान हुआ, उसी के बारहवें महीने के सताईसवें दिन को उसने यहूदा के राजा यहोयाकीन को बन्दीगृह से निकालकर बड़ा पद दिया।\n"
      },
      {
        "tag": "s5",
        "type": "section",
        "text": "\n"
      }
    ]
  },
  "28": {
    "verseObjects": [
      {
        "type": "text",
        "text": "उससे मधुर-मधुर वचन कहकर जो राजा उसके संग बाबेल में बन्धुए थे उनके सिंहासनों से उसके सिंहासन को अधिक ऊँचा किया,\n"
      }
    ]
  },
  "29": {
    "verseObjects": [
      {
        "type": "text",
        "text": "यहोयाकीन ने बन्दीगृह के वस्त्र बदल दिए और उसने जीवन भर नित्य राजा के सम्मुख भोजन किया।\n"
      }
    ]
  },
  "30": {
    "verseObjects": [
      {
        "type": "text",
        "text": "और प्रतिदिन के खर्च के लिये राजा के यहाँ से नित्य का खर्च ठहराया गया जो उसके जीवन भर लगातार उसे मिलता रहा।"
      }
    ]
  },
  "front": {
    "verseObjects": [
      {
        "tag": "s",
        "type": "section",
        "text": "यहूदा का पतन और गुलामी\n"
      },
      {
        "tag": "p",
        "type": "paragraph",
        "text": "\n"
      }
    ]
  }
}