{
  "1": {
    "verseObjects": [
      {
        "type": "text",
        "text": "तब एलीशा भविष्यद्वक्ता ने भविष्यद्वक्ताओं के दल में से एक को बुलाकर उससे कहा, “कमर बाँध, और हाथ में तेल की यह कुप्पी लेकर गिलाद के रामोत को जा। (लूका 12:35)\n"
      }
    ]
  },
  "2": {
    "verseObjects": [
      {
        "type": "text",
        "text": "और वहाँ पहुँचकर येहू को जो यहोशापात का पुत्र और निमशी का पोता है, ढूँढ़ लेना; तब भीतर जा, उसको खड़ा कराकर उसके भाइयों से अलग एक भीतर कोठरी में ले जाना।\n"
      }
    ]
  },
  "3": {
    "verseObjects": [
      {
        "type": "text",
        "text": "तब तेल की यह कुप्पी लेकर तेल को उसके सिर पर यह कहकर डालना, ‘यहोवा यह कहता है, कि मैं इस्राएल का राजा होने के लिये तेरा अभिषेक कर देता हूँ।’ तब द्वार खोलकर भागना, विलम्ब न करना*।”\n"
      },
      {
        "tag": "s5",
        "type": "section",
        "text": "\n"
      }
    ]
  },
  "4": {
    "verseObjects": [
      {
        "type": "text",
        "text": "अतः वह जवान भविष्यद्वक्ता गिलाद के रामोत को गया।\n"
      }
    ]
  },
  "5": {
    "verseObjects": [
      {
        "type": "text",
        "text": "वहाँ पहुँचकर उसने क्या देखा, कि सेनापति बैठे हुए हैं; तब उसने कहा, “हे सेनापति, मुझे तुझ से कुछ कहना है।” येहू ने पूछा, “हम सभी में किस से?” उसने कहा, “हे सेनापति, तुझी से!”\n"
      }
    ]
  },
  "6": {
    "verseObjects": [
      {
        "type": "text",
        "text": "तब वह उठकर घर में गया; और उसने यह कहकर उसके सिर पर तेल डाला, “इस्राएल का परमेश्‍वर यहोवा यह कहता है, मैं अपनी प्रजा इस्राएल पर राजा होने के लिये तेरा अभिषेक कर देता हूँ।\n"
      },
      {
        "tag": "s5",
        "type": "section",
        "text": "\n"
      }
    ]
  },
  "7": {
    "verseObjects": [
      {
        "type": "text",
        "text": "तो तू अपने स्वामी अहाब के घराने को मार डालना, जिससे मुझे अपने दास भविष्यद्वक्ताओं के वरन् अपने सब दासों के खून का जो ईजेबेल ने बहाया, बदला मिले। (प्रका. 6:10, प्रका. 19:2)\n"
      }
    ]
  },
  "8": {
    "verseObjects": [
      {
        "type": "text",
        "text": "क्योंकि अहाब का समस्त घराना नाश हो जाएगा, और मैं अहाब के वंश के हर एक लड़के को और इस्राएल में के क्या बन्दी, क्या स्वाधीन, हर एक का नाश कर डालूँगा।\n"
      },
      {
        "tag": "s5",
        "type": "section",
        "text": "\n"
      }
    ]
  },
  "9": {
    "verseObjects": [
      {
        "type": "text",
        "text": "और मैं अहाब का घराना नबात के पुत्र यारोबाम का सा, और अहिय्याह के पुत्र बाशा का सा कर दूँगा।\n"
      }
    ]
  },
  "10": {
    "verseObjects": [
      {
        "type": "text",
        "text": "और ईजेबेल को यिज्रेल की भूमि में कुत्ते खाएँगे, और उसको मिट्टी देनेवाला कोई न होगा।” तब वह द्वार खोलकर भाग गया।\n"
      },
      {
        "tag": "s5",
        "type": "section",
        "text": "\n"
      }
    ]
  },
  "11": {
    "verseObjects": [
      {
        "type": "text",
        "text": "तब येहू अपने स्वामी के कर्मचारियों के पास निकल आया, और एक ने उससे पूछा, “क्या कुशल है, वह बावला क्यों तेरे पास आया था?” उसने उनसे कहा, “तुम को मालूम होगा कि वह कौन है और उससे क्या बातचीत हुई।”\n"
      }
    ]
  },
  "12": {
    "verseObjects": [
      {
        "type": "text",
        "text": "उन्होंने कहा, “झूठ है, हमें बता दे।” उसने कहा, “उसने मुझसे कहा तो बहुत, परन्तु मतलब यह है ‘यहोवा यह कहता है कि मैं इस्राएल का राजा होने के लिये तेरा अभिषेक कर देता हूँ।’ ”\n"
      }
    ]
  },
  "13": {
    "verseObjects": [
      {
        "type": "text",
        "text": "तब उन्होंने झट अपना-अपना वस्त्र उतार कर उसके नीचे सीढ़ी ही पर बिछाया, और नरसिंगे फूँककर कहने लगे, “येहू राजा है।” (लूका 19:36)\n"
      },
      {
        "tag": "s5",
        "type": "section",
        "text": "\n"
      }
    ]
  },
  "14": {
    "verseObjects": [
      {
        "type": "text",
        "text": "यह येहू जो निमशी का पोता और यहोशापात का पुत्र था, उसने योराम से राजद्रोह की युक्ति की। (योराम तो सारे इस्राएल समेत अराम के राजा हजाएल के कारण गिलाद के रामोत की रक्षा कर रहा था;\n"
      }
    ]
  },
  "15": {
    "verseObjects": [
      {
        "type": "text",
        "text": "परन्तु राजा योराम आप अपने घाव का जो अराम के राजा हजाएल से युद्ध करने के समय उसको अरामियों से लगे थे, उनका इलाज कराने के लिये यिज्रेल को लौट गया था।) तब येहू ने कहा, “यदि तुम्हारा ऐसा मन हो, तो इस नगर में से कोई निकलकर यिज्रेल में सुनाने को न जाने पाए।”\n"
      }
    ]
  },
  "16": {
    "verseObjects": [
      {
        "type": "text",
        "text": "तब येहू रथ पर चढ़कर, यिज्रेल को चला जहाँ योराम पड़ा हुआ था; और यहूदा का राजा अहज्याह योराम के देखने को वहाँ आया था।\n"
      },
      {
        "tag": "s5",
        "type": "section",
        "text": "\n"
      }
    ]
  },
  "17": {
    "verseObjects": [
      {
        "type": "text",
        "text": "यिज्रेल के गुम्मट पर, जो पहरुआ खड़ा था, उसने येहू के संग आते हुए दल को देखकर कहा, “मुझे एक दल दिखता है;” योराम ने कहा, “एक सवार को बुलाकर उन लोगों से मिलने को भेज और वह उनसे पूछे, ‘क्या कुशल है?’ ”\n"
      }
    ]
  },
  "18": {
    "verseObjects": [
      {
        "type": "text",
        "text": "तब एक सवार उससे मिलने को गया, और उससे कहा, “राजा पूछता है, ‘क्या कुशल है?’ ” येहू ने कहा, “कुशल से तेरा क्या काम? हटकर मेरे पीछे चल।” तब पहरुए ने कहा, “वह दूत उनके पास पहुँचा तो था, परन्तु लौटकर नहीं आया।”\n"
      },
      {
        "tag": "s5",
        "type": "section",
        "text": "\n"
      }
    ]
  },
  "19": {
    "verseObjects": [
      {
        "type": "text",
        "text": "तब उसने दूसरा सवार भेजा, और उसने उनके पास पहुँचकर कहा, “राजा पूछता है, ‘क्या कुशल है?’ ” येहू ने कहा, “कुशल से तेरा क्या काम? हटकर मेरे पीछे चल।”\n"
      }
    ]
  },
  "20": {
    "verseObjects": [
      {
        "type": "text",
        "text": "तब पहरुए ने कहा, “वह भी उनके पास पहुँचा तो था, परन्तु लौटकर नहीं आया। हाँकना निमशी के पोते येहू का सा है; वह तो पागलों के समान हाँकता है।”\n"
      },
      {
        "tag": "s5",
        "type": "section",
        "text": "\n"
      }
    ]
  },
  "21": {
    "verseObjects": [
      {
        "type": "text",
        "text": "योराम ने कहा, “मेरा रथ जुतवा।” जब उसका रथ जुत गया, तब इस्राएल का राजा योराम और यहूदा का राजा अहज्याह, दोनों अपने-अपने रथ पर चढ़कर निकल गए, और येहू से मिलने को बाहर जाकर यिज्रेल नाबोत की भूमि में उससे भेंट की।\n"
      }
    ]
  },
  "22": {
    "verseObjects": [
      {
        "type": "text",
        "text": "येहू को देखते ही योराम ने पूछा, “हे येहू क्या कुशल है,” येहू ने उत्तर दिया, “जब तक तेरी माता ईजेबेल छिनालपन और टोना करती रहे, तब तक कुशल कहाँ?” (प्रका. 2:20, प्रका. 9:21)\n"
      },
      {
        "tag": "s5",
        "type": "section",
        "text": "\n"
      }
    ]
  },
  "23": {
    "verseObjects": [
      {
        "type": "text",
        "text": "तब योराम रास फेर के, और अहज्याह से यह कहकर भागा, “हे अहज्याह विश्वासघात है, भाग चल।”\n"
      }
    ]
  },
  "24": {
    "verseObjects": [
      {
        "type": "text",
        "text": "तब येहू ने धनुष को कान तक खींचकर योराम के कंधों के बीच ऐसा तीर मारा, कि वह उसका हृदय फोड़कर निकल गया, और वह अपने रथ में झुककर गिर पड़ा।\n"
      },
      {
        "tag": "s5",
        "type": "section",
        "text": "\n"
      }
    ]
  },
  "25": {
    "verseObjects": [
      {
        "type": "text",
        "text": "तब येहू ने बिदकर नामक अपने एक सरदार से कहा, “उसे उठाकर यिज्रेली नाबोत की भूमि में फेंक दे; स्मरण तो कर, कि जब मैं और तू, हम दोनों एक संग सवार होकर उसके पिता अहाब के पीछे-पीछे चल रहे थे तब यहोवा ने उससे यह भारी वचन कहलवाया था,\n"
      }
    ]
  },
  "26": {
    "verseObjects": [
      {
        "type": "text",
        "text": "‘यहोवा की यह वाणी है, कि नाबोत और उसके पुत्रों का जो खून हुआ, उसे मैंने देखा है, और यहोवा की यह वाणी है, कि मैं उसी भूमि में तुझे बदला दूँगा।’ तो अब यहोवा के उस वचन के अनुसार इसे उठाकर उसी भूमि में फेंक दे।”\n"
      },
      {
        "tag": "s5",
        "type": "section",
        "text": "\n"
      }
    ]
  },
  "27": {
    "verseObjects": [
      {
        "type": "text",
        "text": "यह देखकर यहूदा का राजा अहज्याह बारी के भवन के मार्ग से भाग चला। और येहू ने उसका पीछा करके कहा, “उसे भी रथ ही पर मारो;” तो वह भी यिबलाम के पास की गूर की चढ़ाई पर मारा गया, और मगिद्दो तक भागकर मर गया।\n"
      }
    ]
  },
  "28": {
    "verseObjects": [
      {
        "type": "text",
        "text": "तब उसके कर्मचारियों ने उसे रथ पर यरूशलेम को पहुँचाकर दाऊदपुर में उसके पुरखाओं के बीच मिट्टी दी।\n"
      },
      {
        "tag": "s5",
        "type": "section",
        "text": "\n"
      }
    ]
  },
  "29": {
    "verseObjects": [
      {
        "type": "text",
        "text": "अहज्याह तो अहाब के पुत्र योराम के राज्य के ग्यारहवें वर्ष में यहूदा पर राज्य करने लगा था।\n"
      },
      {
        "tag": "s5",
        "type": "section",
        "text": "\n"
      }
    ]
  },
  "30": {
    "verseObjects": [
      {
        "type": "text",
        "text": "जब येहू यिज्रेल को आया, तब ईजेबेल यह सुन अपनी आँखों में सुरमा लगा, अपना सिर संवारकर, खिड़की में से झाँकने लगी।\n"
      }
    ]
  },
  "31": {
    "verseObjects": [
      {
        "type": "text",
        "text": "जब येहू फाटक में होकर आ रहा था तब उसने कहा, “हे अपने स्वामी के घात करनेवाले जिम्री, क्या कुशल है?”\n"
      }
    ]
  },
  "32": {
    "verseObjects": [
      {
        "type": "text",
        "text": "तब उसने खिड़की की ओर मुँह उठाकर पूछा, “मेरी ओर कौन है? कौन?” इस पर दो तीन खोजों ने उसकी ओर झाँका।\n"
      },
      {
        "tag": "s5",
        "type": "section",
        "text": "\n"
      }
    ]
  },
  "33": {
    "verseObjects": [
      {
        "type": "text",
        "text": "तब उसने कहा, “उसे नीचे गिरा दो।” अतः उन्होंने उसको नीचे गिरा दिया, और उसके लहू के कुछ छींटे दीवार पर और कुछ घोड़ों पर पड़े, और उन्होंने उसको पाँव से लताड़ दिया।\n"
      }
    ]
  },
  "34": {
    "verseObjects": [
      {
        "type": "text",
        "text": "तब वह भीतर जाकर खाने-पीने लगा; और कहा, “जाओ उस श्रापित स्त्री को देख लो, और उसे मिट्टी दो; वह तो राजा की बेटी है*।”\n"
      },
      {
        "tag": "s5",
        "type": "section",
        "text": "\n"
      }
    ]
  },
  "35": {
    "verseObjects": [
      {
        "type": "text",
        "text": "जब वे उसे मिट्टी देने गए, तब उसकी खोपड़ी पाँवों और हथेलियों को छोड़कर उसका और कुछ न पाया।\n"
      }
    ]
  },
  "36": {
    "verseObjects": [
      {
        "type": "text",
        "text": "अतः उन्होंने लौटकर उससे कह दिया; तब उसने कहा, “यह यहोवा का वह वचन है, जो उसने अपने दास तिशबी एलिय्याह से कहलवाया था, कि ईजेबेल का माँस यिज्रेल की भूमि में कुत्ते खाएँगे।\n"
      }
    ]
  },
  "37": {
    "verseObjects": [
      {
        "type": "text",
        "text": "और ईजेबेल का शव यिज्रेल की भूमि पर खाद के समान पड़ा रहेगा, यहाँ तक कि कोई न कहेगा, ‘यह ईजेबेल है।’”\n\n"
      },
      {
        "tag": "s5",
        "type": "section",
        "text": "\n"
      }
    ]
  },
  "front": {
    "verseObjects": [
      {
        "tag": "s",
        "type": "section",
        "text": "येहू का अभिषेक और राज्य\n"
      },
      {
        "tag": "p",
        "type": "paragraph",
        "text": "\n"
      }
    ]
  }
}