{
  "1": {
    "verseObjects": [
      {
        "type": "text",
        "text": "I will stand at my guard post and station myself on the watchtower, \n"
      },
      {
        "tag": "q",
        "type": "quote",
        "text": "and I will watch carefully to see what he will say to me \n"
      },
      {
        "tag": "q",
        "type": "quote",
        "text": "and how I should turn from my complaint. \n"
      },
      {
        "tag": "f",
        "type": "footnote",
        "content": "+ \\ft Instead of \\fqa how I should turn from my complaint \\fqa* , which is what the Hebrew text has, some modern versions have \\fqa how I should answer when he replies to my complaint \\fqa* or \\fqa how I should answer when he rebukes me \\fqa* . ",
        "endTag": "f*",
        "nextChar": "\n"
      },
      {
        "type": "text",
        "text": "\n"
      },
      {
        "tag": "s5",
        "nextChar": "\n",
        "type": "section"
      },
      {
        "tag": "m",
        "nextChar": "\n",
        "type": "paragraph"
      }
    ]
  },
  "2": {
    "verseObjects": [
      {
        "type": "text",
        "text": "Yahweh answered me and said,\n"
      },
      {
        "tag": "q",
        "type": "quote",
        "text": "\"Record this vision, and write plainly on the tablets so that the one reading them might run.\n"
      },
      {
        "tag": "q",
        "nextChar": "\n",
        "type": "quote"
      }
    ]
  },
  "3": {
    "verseObjects": [
      {
        "type": "text",
        "text": "For the vision is yet for a future time and will finally speak and not fail.\n"
      },
      {
        "tag": "q",
        "type": "quote",
        "text": "Though it delays, wait for it. For it will surely come and will not tarry.\n"
      },
      {
        "type": "text",
        "text": "\n"
      },
      {
        "tag": "s5",
        "nextChar": "\n",
        "type": "section"
      },
      {
        "tag": "q",
        "nextChar": "\n",
        "type": "quote"
      }
    ]
  },
  "4": {
    "verseObjects": [
      {
        "type": "text",
        "text": "Look! The one whose desires are not right within him is puffed up. But the righteous will live by his faith.\n"
      },
      {
        "tag": "m",
        "nextChar": "\n",
        "type": "paragraph"
      },
      {
        "tag": "q",
        "nextChar": "\n",
        "type": "quote"
      }
    ]
  },
  "5": {
    "verseObjects": [
      {
        "type": "text",
        "text": "For wine is a betrayer of the arrogant young man so that he will not abide,\n"
      },
      {
        "tag": "q",
        "type": "quote",
        "text": "but enlarges his desire like the grave and, like death, is never satisfied.\n"
      },
      {
        "tag": "q",
        "type": "quote",
        "text": "He gathers to himself every nation and gathers up for himself all of the peoples.\n"
      },
      {
        "type": "text",
        "text": "\n"
      },
      {
        "tag": "s5",
        "nextChar": "\n",
        "type": "section"
      },
      {
        "tag": "q",
        "nextChar": "\n",
        "type": "quote"
      }
    ]
  },
  "6": {
    "verseObjects": [
      {
        "type": "text",
        "text": "Will not all these create a saying to ridicule him and a taunting song about him, saying,\n"
      },
      {
        "tag": "q",
        "type": "quote",
        "text": "'Woe to the one increasing what is not his! For how long will you increase the weight of the pledges you have taken?'\n"
      },
      {
        "tag": "q2",
        "nextChar": "\n",
        "type": "quote"
      }
    ]
  },
  "7": {
    "verseObjects": [
      {
        "type": "text",
        "text": "Will the ones biting at you not rise up suddenly, and the ones terrifying you awaken?\n"
      },
      {
        "tag": "q2",
        "type": "quote",
        "text": "You will become a victim for them.\n"
      },
      {
        "tag": "q2",
        "nextChar": "\n",
        "type": "quote"
      }
    ]
  },
  "8": {
    "verseObjects": [
      {
        "type": "text",
        "text": "Because you have plundered many peoples, all the remnant of the peoples will plunder you.\n"
      },
      {
        "tag": "q2",
        "type": "quote",
        "text": "For you have shed human blood and acted with violence against the land, the cities, and all who live in them.\n"
      },
      {
        "type": "text",
        "text": "\n"
      },
      {
        "tag": "s5",
        "nextChar": "\n",
        "type": "section"
      },
      {
        "tag": "q",
        "nextChar": "\n",
        "type": "quote"
      }
    ]
  },
  "9": {
    "verseObjects": [
      {
        "type": "text",
        "text": "'Woe to the one who carves out evil gains for his house,\n"
      },
      {
        "tag": "q2",
        "type": "quote",
        "text": "so he can set his nest on high to keep himself safe from the hand of evil.'\n"
      },
      {
        "tag": "q2",
        "nextChar": "\n",
        "type": "quote"
      }
    ]
  },
  "10": {
    "verseObjects": [
      {
        "type": "text",
        "text": "You have devised shame for your house by cutting off many people, and have sinned against yourself.\n"
      },
      {
        "tag": "q2",
        "nextChar": "\n",
        "type": "quote"
      }
    ]
  },
  "11": {
    "verseObjects": [
      {
        "type": "text",
        "text": "For the stones will cry out from the wall, and the rafters of timber will answer them,\n\n"
      },
      {
        "tag": "s5",
        "nextChar": "\n",
        "type": "section"
      },
      {
        "tag": "q",
        "nextChar": "\n",
        "type": "quote"
      }
    ]
  },
  "12": {
    "verseObjects": [
      {
        "type": "text",
        "text": "'Woe to the one who builds a city with blood, and who establishes a town in iniquity.'\n"
      },
      {
        "tag": "q2",
        "nextChar": "\n",
        "type": "quote"
      }
    ]
  },
  "13": {
    "verseObjects": [
      {
        "type": "text",
        "text": "Is it not from Yahweh of hosts\n"
      },
      {
        "tag": "q2",
        "type": "quote",
        "text": "that peoples labor for fire and all the other nations weary themselves for nothing?\n"
      },
      {
        "tag": "q2",
        "nextChar": "\n",
        "type": "quote"
      }
    ]
  },
  "14": {
    "verseObjects": [
      {
        "type": "text",
        "text": "Yet the land will be filled with the knowledge of the glory of Yahweh as the waters cover the sea.\n\n"
      },
      {
        "tag": "s5",
        "nextChar": "\n",
        "type": "section"
      },
      {
        "tag": "q",
        "nextChar": "\n",
        "type": "quote"
      }
    ]
  },
  "15": {
    "verseObjects": [
      {
        "type": "text",
        "text": "'Woe to the one who forces his neighbors to drink—\n"
      },
      {
        "tag": "q",
        "type": "quote",
        "text": "you express your anger "
      },
      {
        "tag": "f",
        "type": "footnote",
        "content": "+ \\ft There is some question about whether the Hebrew should be translated as \\fqa anger \\fqa* or as \\fqa wineskin \\fqa* . ",
        "endTag": "f*",
        "nextChar": " "
      },
      {
        "type": "text",
        "text": "over and you make them drunk \n"
      },
      {
        "tag": "q",
        "type": "quote",
        "text": "in order to look at their nakedness.'\n"
      },
      {
        "tag": "q2",
        "nextChar": "\n",
        "type": "quote"
      }
    ]
  },
  "16": {
    "verseObjects": [
      {
        "type": "text",
        "text": "You will be filled with shame instead of glory.\n"
      },
      {
        "tag": "q",
        "type": "quote",
        "text": "Now it is your turn! Drink, and you will expose your uncircumcised foreskin!\n"
      },
      {
        "tag": "q2",
        "type": "quote",
        "text": "The cup in Yahweh's right hand is coming around to you,\n"
      },
      {
        "tag": "q2",
        "type": "quote",
        "text": "and disgrace will cover your glory.\n"
      },
      {
        "type": "text",
        "text": "\n"
      },
      {
        "tag": "s5",
        "nextChar": "\n",
        "type": "section"
      },
      {
        "tag": "q2",
        "nextChar": "\n",
        "type": "quote"
      }
    ]
  },
  "17": {
    "verseObjects": [
      {
        "type": "text",
        "text": "The violence done to Lebanon will overwhelm you and the destruction of animals will terrify you.\n"
      },
      {
        "tag": "q2",
        "type": "quote",
        "text": "For you have shed human blood and you have acted with violence against the land, the cities, and all who live in them.\n"
      },
      {
        "type": "text",
        "text": "\n"
      },
      {
        "tag": "s5",
        "nextChar": "\n",
        "type": "section"
      },
      {
        "tag": "q",
        "nextChar": "\n",
        "type": "quote"
      }
    ]
  },
  "18": {
    "verseObjects": [
      {
        "type": "text",
        "text": "What does the carved figure profit you? For the one who has carved it, or who casts a figure from molten metal, is a teacher of lies;\n"
      },
      {
        "tag": "q",
        "type": "quote",
        "text": "for he trusts his own handiwork when he makes these mute gods.\n"
      },
      {
        "tag": "q",
        "nextChar": "\n",
        "type": "quote"
      }
    ]
  },
  "19": {
    "verseObjects": [
      {
        "type": "text",
        "text": "'Woe to the one saying to the wood, Wake up! Or to the silent stone, Arise!' Do these things teach?\n"
      },
      {
        "tag": "q",
        "type": "quote",
        "text": "See, it is overlaid with gold and silver, but there is no breath at all within it.\n"
      },
      {
        "tag": "q",
        "nextChar": "\n",
        "type": "quote"
      }
    ]
  },
  "20": {
    "verseObjects": [
      {
        "type": "text",
        "text": "But Yahweh is in his holy temple! Be silent before him, all the land.\"\n\n\n"
      },
      {
        "tag": "s5",
        "nextChar": "\n",
        "type": "section"
      }
    ]
  },
  "front": {
    "verseObjects": [
      {
        "tag": "q",
        "nextChar": "\n",
        "type": "quote"
      }
    ]
  }
}