{
  "1": {
    "verseObjects": [
      {
        "type": "text",
        "text": "When Rehoboam arrived in Jerusalem, he gathered 180,000 of the best soldiers from the tribes of Judah and Benjamin. He wanted them to fight against the northern tribes of Israel and defeat them, in order that he could rule all twelves tribes again.\n\n"
      },
      {
        "tag": "s5",
        "nextChar": "\n",
        "type": "section"
      },
      {
        "tag": "p",
        "nextChar": "\n",
        "type": "paragraph"
      }
    ]
  },
  "2": {
    "verseObjects": [
      {
        "type": "text",
        "text": "But Yahweh spoke to the prophet Shemaiah and said this to him:\n"
      }
    ]
  },
  "3": {
    "verseObjects": [
      {
        "type": "text",
        "text": "\"Go and tell this to Solomon's son Rehoboam, the king of Judah, and to all the Israelite people of the tribes of Judah and Benjamin:\n"
      }
    ]
  },
  "4": {
    "verseObjects": [
      {
        "type": "text",
        "text": "'Yahweh says that you must not go to fight against the people of Israel; it is as though they are your own relatives. All of you must go home. What has happened is what Yahweh wanted to happen.'\" So Shemaiah went and told that to them, and they all paid attention to what Yahweh had commanded them to do; they did not attack Jeroboam and his soldiers.\n\n\n"
      },
      {
        "tag": "s5",
        "nextChar": "\n",
        "type": "section"
      },
      {
        "tag": "p",
        "nextChar": "\n",
        "type": "paragraph"
      }
    ]
  },
  "5": {
    "verseObjects": [
      {
        "type": "text",
        "text": "Rehoboam lived in Jerusalem, and his workers built walls around several of the cities and towns in Judah to protect them against enemy attacks.\n"
      }
    ]
  },
  "6": {
    "verseObjects": [
      {
        "type": "text",
        "text": "In the area that belonged to the tribes of Judah and Benjamin they built walls around Bethlehem, Etam, Tekoa,\n"
      }
    ]
  },
  "7": {
    "verseObjects": [
      {
        "type": "text",
        "text": "Beth Zur, Soko, Adullam,\n"
      }
    ]
  },
  "8": {
    "verseObjects": [
      {
        "type": "text",
        "text": "Gath, Mareshah,\n"
      }
    ]
  },
  "9": {
    "verseObjects": [
      {
        "type": "text",
        "text": "Adoraim, Lachish, Azekah,\n"
      }
    ]
  },
  "10": {
    "verseObjects": [
      {
        "type": "text",
        "text": "Zorah, Aijalon, and Hebron.\n\n"
      },
      {
        "tag": "s5",
        "nextChar": "\n",
        "type": "section"
      }
    ]
  },
  "11": {
    "verseObjects": [
      {
        "type": "text",
        "text": "He also appointed an army commander in each of those cities and towns, and gave them supplies of food, olive oil, and wine.\n"
      }
    ]
  },
  "12": {
    "verseObjects": [
      {
        "type": "text",
        "text": "He put shields and spears in all the cities and made them well-protected. So he continued to control the tribes of Judah and Benjamin.\n\n"
      },
      {
        "tag": "s5",
        "nextChar": "\n",
        "type": "section"
      },
      {
        "tag": "p",
        "nextChar": "\n",
        "type": "paragraph"
      }
    ]
  },
  "13": {
    "verseObjects": [
      {
        "type": "text",
        "text": "The priests and other descendants of Levi throughout Israel supported Rehoboam.\n"
      }
    ]
  },
  "14": {
    "verseObjects": [
      {
        "type": "text",
        "text": "The descendants of Levi abandoned their property and their pastureland, and they came to Jerusalem and to other places in Judah, because Jeroboam and his sons would not allow them to do the work of priests of Yahweh.\n"
      }
    ]
  },
  "15": {
    "verseObjects": [
      {
        "type": "text",
        "text": "Instead, Jeroboam appointed the priests that he wanted to work at the altars he commanded to be built on the hills all around the cities, to offer sacrifices to the idols that he commanded to be made that resembled goats and calves.\n\n"
      },
      {
        "tag": "s5",
        "nextChar": "\n",
        "type": "section"
      }
    ]
  },
  "16": {
    "verseObjects": [
      {
        "type": "text",
        "text": "And people from every tribe in Israel who wanted to worship Yahweh, the God to whom the Israelites belonged, went with the descendants of Levi to Jerusalem to offer sacrifices to Yahweh, the God whom their ancestors worshiped.\n"
      }
    ]
  },
  "17": {
    "verseObjects": [
      {
        "type": "text",
        "text": "They caused the kingdom of Judah to be strong, and for three years they were happy that Solomon's son Rehoboam was the king. During that time they conducted their lives righteously as David and Solomon had done previously.\n\n\n"
      },
      {
        "tag": "s5",
        "nextChar": "\n",
        "type": "section"
      },
      {
        "tag": "p",
        "nextChar": "\n",
        "type": "paragraph"
      }
    ]
  },
  "18": {
    "verseObjects": [
      {
        "type": "text",
        "text": "Rehoboam married Mahalath. She was the daughter of David's son Jerimoth, and her mother was Abihail, the daughter of Eliab and granddaughter of Jesse.\n"
      }
    ]
  },
  "19": {
    "verseObjects": [
      {
        "type": "text",
        "text": "Rehoboam and Mahalath had three sons: Jeush, Shemariah, and Zaham.\n\n"
      },
      {
        "tag": "s5",
        "nextChar": "\n",
        "type": "section"
      }
    ]
  },
  "20": {
    "verseObjects": [
      {
        "type": "text",
        "text": "Later Rehoboam married Maacah, the daughter of Absalom, and they had four sons: Abijah, Attai, Ziza, and Shelomith.\n"
      }
    ]
  },
  "21": {
    "verseObjects": [
      {
        "type": "text",
        "text": "Rehoboam loved Maacah more than he loved any other of his wives and slave wives. Altogether he had eighteen wives and sixty slave wives, and twenty-eight sons and sixty daughters.\n\n"
      },
      {
        "tag": "s5",
        "nextChar": "\n",
        "type": "section"
      },
      {
        "tag": "p",
        "nextChar": "\n",
        "type": "paragraph"
      }
    ]
  },
  "22": {
    "verseObjects": [
      {
        "type": "text",
        "text": "Rehoboam appointed his son Abijah to be the leader of his older and younger brothers, because he wanted to appoint Abijah to be the next king.\n"
      }
    ]
  },
  "23": {
    "verseObjects": [
      {
        "type": "text",
        "text": "He very wisely sent some of his other sons to other cities in the areas of the tribes of Judah and Benjamin, and to other cities that had walls around them. He gave them plenty of supplies and many wives.\n\n\n"
      },
      {
        "tag": "s5",
        "nextChar": "\n",
        "type": "section"
      }
    ]
  },
  "front": {
    "verseObjects": [
      {
        "tag": "p",
        "nextChar": "\n",
        "type": "paragraph"
      }
    ]
  }
}