{
  "1": {
    "verseObjects": [
      {
        "type": "text",
        "text": "Josiah commanded that the people should celebrate the Passover Festival in Jerusalem. So they slaughtered the lambs for the Passover on the 14th day of the first month.\n"
      }
    ]
  },
  "2": {
    "verseObjects": [
      {
        "type": "text",
        "text": "Josiah assigned to the priests to the tasks that they should perform at the temple, and encouraged them do their work well.\n\n"
      },
      {
        "tag": "s5",
        "nextChar": "\n",
        "type": "section"
      }
    ]
  },
  "3": {
    "verseObjects": [
      {
        "type": "text",
        "text": "The descendants of Levi were the ones who taught all the Israelite people; they had been set apart for Yahweh. Josiah said to them, \"Put the sacred chest in the temple that the workers of David's son King Solomon of Israel built. But carry it on poles; do not carry it on your shoulders. And do well your work for Yahweh your God and for his Israelite people.\n"
      }
    ]
  },
  "4": {
    "verseObjects": [
      {
        "type": "text",
        "text": "Divide yourselves into your traditional clans, obeying the instructions that King David and his son Solomon wrote.\n\n"
      },
      {
        "tag": "s5",
        "nextChar": "\n",
        "type": "section"
      },
      {
        "tag": "p",
        "nextChar": "\n",
        "type": "paragraph"
      }
    ]
  },
  "5": {
    "verseObjects": [
      {
        "type": "text",
        "text": "Then stand in the temple area, with each of you in your own Levite clan, ready to help your fellow Israelites when they bring their offerings to the temple.\n"
      }
    ]
  },
  "6": {
    "verseObjects": [
      {
        "type": "text",
        "text": "Slaughter the lambs for the Passover. Do this for your fellow Israelites. Perform the rituals to set yourselves apart for God's honor and to serve Yahweh and do his work. Prepare the sacrifices, doing what Yahweh told Moses to tell you that you should do.\"\n\n"
      },
      {
        "tag": "s5",
        "nextChar": "\n",
        "type": "section"
      },
      {
        "tag": "p",
        "nextChar": "\n",
        "type": "paragraph"
      }
    ]
  },
  "7": {
    "verseObjects": [
      {
        "type": "text",
        "text": "Josiah provided from his own flocks and herds thirty thousand young sheep and goats for the Passover sacrifices. He also provided three thousand bulls from his own herds.\n"
      },
      {
        "tag": "p",
        "nextChar": "\n",
        "type": "paragraph"
      }
    ]
  },
  "8": {
    "verseObjects": [
      {
        "type": "text",
        "text": "His officials also voluntarily contributed animals for the people and the priests and the other descendants of Levi. Hilkiah, Zechariah, and Jehiel, the officials who were in charge of the temple, gave to the priests 2,600 lambs and three hundred cattle to be sacrifices for the Passover.\n"
      }
    ]
  },
  "9": {
    "verseObjects": [
      {
        "type": "text",
        "text": "Also, Konaniah, along with his younger brothers Shemaiah and Nethanel, and Hashabiah, Jeiel, and Jozabad, the leaders of the descendants of Levi, provided five thousand lambs and five hundred cattle for the other descendants of Levi, to be sacrifices for the Passover.\n\n"
      },
      {
        "tag": "s5",
        "nextChar": "\n",
        "type": "section"
      },
      {
        "tag": "p",
        "nextChar": "\n",
        "type": "paragraph"
      }
    ]
  },
  "10": {
    "verseObjects": [
      {
        "type": "text",
        "text": "Everything for the Passover was arranged: The priests and the other descendants of Levi stood in their places in their groups, as the king had commanded.\n"
      }
    ]
  },
  "11": {
    "verseObjects": [
      {
        "type": "text",
        "text": "Then they slaughtered the Passover lambs. The priests sprinkled the blood from the bowls that were handed to them, while the other descendants of Levi removed the skins from the animals.\n"
      }
    ]
  },
  "12": {
    "verseObjects": [
      {
        "type": "text",
        "text": "They set aside the animals to be completely burned on the altar, in order to give them to the various family groups to offer to Yahweh, obeying the instructions that were written in the laws God gave Moses. They did the same thing with the cattle.\n\n"
      },
      {
        "tag": "s5",
        "nextChar": "\n",
        "type": "section"
      }
    ]
  },
  "13": {
    "verseObjects": [
      {
        "type": "text",
        "text": "Obeying those regulations, they roasted over the fire the lambs for the Passover. And they boiled the meat of the sacred offerings in pots and kettles and pans, and served the meat immediately to all the people who were there.\n"
      }
    ]
  },
  "14": {
    "verseObjects": [
      {
        "type": "text",
        "text": "After that, they prepared meat for themselves and for the priests, because the priests were busy until nighttime, sacrificing the offerings to be completely burned and burning the fat parts of the offerings. So the descendants of Levi prepared meat for themselves and for the priests, who were descendants of Aaron, the first high priest.\n\n"
      },
      {
        "tag": "s5",
        "nextChar": "\n",
        "type": "section"
      },
      {
        "tag": "p",
        "nextChar": "\n",
        "type": "paragraph"
      }
    ]
  },
  "15": {
    "verseObjects": [
      {
        "type": "text",
        "text": "The musicians, who were descendants of Asaph, stood in their places, as had been commanded by King David, Asaph, Heman, and Jeduthun the king's prophet. The men who guarded the gates of the temple did not need to leave their places, because their fellow descendants of Levi prepared food for them to eat.\n\n"
      },
      {
        "tag": "s5",
        "nextChar": "\n",
        "type": "section"
      },
      {
        "tag": "p",
        "nextChar": "\n",
        "type": "paragraph"
      }
    ]
  },
  "16": {
    "verseObjects": [
      {
        "type": "text",
        "text": "So on that day everything that needed to done for worshiping Yahweh was done. They celebrated the Passover Festival , and they presented offerings to be completely burned on the altar, which was what Josiah had commanded.\n"
      }
    ]
  },
  "17": {
    "verseObjects": [
      {
        "type": "text",
        "text": "The Israelites who were there celebrated the Passover on that day, and for seven days they celebrated the Festival of Unleavened Bread.\n\n"
      },
      {
        "tag": "s5",
        "nextChar": "\n",
        "type": "section"
      }
    ]
  },
  "18": {
    "verseObjects": [
      {
        "type": "text",
        "text": "The Passover Festival had not been celebrated like that in Israel since the time that the prophet Samuel lived. And none of the kings of Israel had ever celebrated the Passover like Josiah did, along with the priests, the other descendants of Levi, and all the other people of Judah and Israel who were there with the people who lived in Jerusalem.\n"
      }
    ]
  },
  "19": {
    "verseObjects": [
      {
        "type": "text",
        "text": "They celebrated this Passover Festival when Josiah had been ruling for almost eighteen years.\n\n\n"
      },
      {
        "tag": "s5",
        "nextChar": "\n",
        "type": "section"
      },
      {
        "tag": "p",
        "nextChar": "\n",
        "type": "paragraph"
      }
    ]
  },
  "20": {
    "verseObjects": [
      {
        "type": "text",
        "text": "After Josiah had done all those things to restore the worship at the temple, King Necho of Egypt went with his army to attack the city of Carchemish alongside the Euphrates River, and Josiah marched with his army to fight against them.\n"
      }
    ]
  },
  "21": {
    "verseObjects": [
      {
        "type": "text",
        "text": "Necho sent some messengers to Josiah, to tell him, \"You are the king of Judah, and there is certainly no reason for you to fight me; we are attacking the army of Babylonia. God has told me to hurry. So stop opposing God, who is for me. If you do not stop, God will get rid of you.\"\n\n"
      },
      {
        "tag": "s5",
        "nextChar": "\n",
        "type": "section"
      },
      {
        "tag": "p",
        "nextChar": "\n",
        "type": "paragraph"
      }
    ]
  },
  "22": {
    "verseObjects": [
      {
        "type": "text",
        "text": "But Josiah would not listen to him. Instead, he disguised himself in order to be able to attack the army of Egypt without anyone recognizing him. He did not pay any attention to what God had told Necho to say. Instead, he and his army went to fight Necho's army at the plain of Megiddo.\n\n"
      },
      {
        "tag": "s5",
        "nextChar": "\n",
        "type": "section"
      },
      {
        "tag": "p",
        "nextChar": "\n",
        "type": "paragraph"
      }
    ]
  },
  "23": {
    "verseObjects": [
      {
        "type": "text",
        "text": "Some archers shot King Josiah. He told his officers, \"Take me away from here because I am badly wounded.\"\n"
      }
    ]
  },
  "24": {
    "verseObjects": [
      {
        "type": "text",
        "text": "So they took him out of his chariot and put him in another chariot that he had brought with him, and they took him to Jerusalem, where he died. He was buried in the tombs where his ancestors had been buried, and all the people of Jerusalem and other places in Judah mourned for him.\n\n"
      },
      {
        "tag": "s5",
        "nextChar": "\n",
        "type": "section"
      },
      {
        "tag": "p",
        "nextChar": "\n",
        "type": "paragraph"
      }
    ]
  },
  "25": {
    "verseObjects": [
      {
        "type": "text",
        "text": "The prophet Jeremiah composed a song to lament for Josiah, and all the men and women singers in Israel still mourn for Josiah by singing that song. That became a custom in Israel; the words of that song are written in a scroll of funeral songs.\n\n"
      },
      {
        "tag": "s5",
        "nextChar": "\n",
        "type": "section"
      },
      {
        "tag": "p",
        "nextChar": "\n",
        "type": "paragraph"
      }
    ]
  },
  "front": {
    "verseObjects": [
      {
        "type": "text",
        "text": "\n"
      },
      {
        "tag": "p",
        "nextChar": "\n",
        "type": "paragraph"
      }
    ]
  },
  "26-27": {
    "verseObjects": [
      {
        "type": "text",
        "text": "A record of the other things that happened while Josiah ruled, from the time he started to rule until he died, including how he faithfully was devoted to honoring God by obeying all that was written in the laws of Yahweh, is written in the book of the kings ofIsrael and Judah.\n\n\n"
      },
      {
        "tag": "s5",
        "nextChar": "\n",
        "type": "section"
      }
    ]
  }
}