{
  "1": {
    "verseObjects": [
      {
        "type": "text",
        "text": "Solomon's workers made a square bronze altar, nine meters long on each side, and four and three-fifths meters high.\n"
      }
    ]
  },
  "2": {
    "verseObjects": [
      {
        "type": "text",
        "text": "They also made a very large round tank that was called \"The Sea,\" and it had a circumference of fourteen meters.\n"
      }
    ]
  },
  "3": {
    "verseObjects": [
      {
        "type": "text",
        "text": "Below the outer rim there were small figures of bulls that were set in a circle, the bulls were placed 45 centimeters apart around the whole circle. The bulls were cast together in two rows, and they were also cast together with the metal basin that was called \"The Sea.\" (Each row had three hundred figures of bulls.)\n\n"
      },
      {
        "tag": "s5",
        "type": "section",
        "text": "\n"
      },
      {
        "tag": "p",
        "type": "paragraph",
        "text": "\n"
      }
    ]
  },
  "4": {
    "verseObjects": [
      {
        "type": "text",
        "text": "\"The Sea\" was set on twelve large figures of bulls, with the bulls facing outward. Three bulls faced north, three faced west, three faced south, and three faced east.\n"
      }
    ]
  },
  "5": {
    "verseObjects": [
      {
        "type": "text",
        "text": "The sides of the tank were eight centimeters thick. The tank's brim was fashioned like the brim of a cup; it resembled a lily blossom. The tank held sixty-six kiloliters of water.\n"
      },
      {
        "tag": "p",
        "type": "paragraph",
        "text": "\n"
      }
    ]
  },
  "6": {
    "verseObjects": [
      {
        "type": "text",
        "text": "The craftsmen also made ten basins for washing the articles that were to be used in making offerings, and they set five on the south side, and five on the north side. In them the utensils used for the burnt offering were washed, and the priests washed themselves in the large bronze tank that was called \"The Sea.\" \n\n"
      },
      {
        "tag": "s5",
        "type": "section",
        "text": "\n"
      },
      {
        "tag": "p",
        "type": "paragraph",
        "text": "\n"
      }
    ]
  },
  "7": {
    "verseObjects": [
      {
        "type": "text",
        "text": "The craftsmen also made ten gold lampstands according to how Solomon had instructed them. They put them in the temple, five on the south side and five on the north side.\n"
      },
      {
        "tag": "p",
        "type": "paragraph",
        "text": "\n"
      }
    ]
  },
  "8": {
    "verseObjects": [
      {
        "type": "text",
        "text": "They made ten tables and put them in the temple, five on the south side and five on the north side. They also made one hundred gold basins.\n"
      },
      {
        "tag": "s5",
        "type": "section",
        "text": "\n"
      },
      {
        "tag": "p",
        "type": "paragraph",
        "text": "\n"
      }
    ]
  },
  "9": {
    "verseObjects": [
      {
        "type": "text",
        "text": "They constructed one courtyard for the priests, and a larger courtyard for the other people. They made doors for the courtyards and covered them with thin sheets of bronze.\n"
      }
    ]
  },
  "10": {
    "verseObjects": [
      {
        "type": "text",
        "text": "They placed the large tank that was called \"The Sea\" at the southeast corner of the temple.\n\n"
      },
      {
        "tag": "s5",
        "type": "section",
        "text": "\n"
      },
      {
        "tag": "p",
        "type": "paragraph",
        "text": "\n"
      }
    ]
  },
  "11": {
    "verseObjects": [
      {
        "type": "text",
        "text": "They also made pots and shovels for the ashes of the altar, and other small bowls.\n"
      },
      {
        "tag": "p",
        "type": "paragraph",
        "text": "So Huram and his workers finished the work that King Solomon had given him to do at the temple of God.\n"
      }
    ]
  },
  "12": {
    "verseObjects": [
      {
        "type": "text",
        "text": "These were the things that they made:\n"
      },
      {
        "tag": "q",
        "type": "quote",
        "text": "the two large pillars\n"
      },
      {
        "tag": "q",
        "type": "quote",
        "text": "the two bowl shaped tops on top of the pillars\n"
      },
      {
        "tag": "li",
        "content": "the two sets of carvings that resembled chains to decorate the tops of the two pillars\n"
      },
      {
        "tag": "q",
        "type": "quote",
        "text": "\n"
      }
    ]
  },
  "13": {
    "verseObjects": [
      {
        "type": "text",
        "text": "the four hundred carvings that resembled pomegranates that were placed in two rows, they were made to decorate the tops of the two pillars.\n\n"
      },
      {
        "tag": "s5",
        "type": "section",
        "text": "\n"
      },
      {
        "tag": "q",
        "type": "quote",
        "text": "\n"
      }
    ]
  },
  "14": {
    "verseObjects": [
      {
        "type": "text",
        "text": "The pomegranate carvings also were used to decorate the stands, and the basins that were placed on them,\n"
      },
      {
        "tag": "q",
        "type": "quote",
        "text": "\n"
      }
    ]
  },
  "15": {
    "verseObjects": [
      {
        "type": "text",
        "text": "the very large tank called \"The Sea,\" and the figures of twelve bulls underneath it,\n"
      },
      {
        "tag": "q",
        "type": "quote",
        "text": "\n"
      }
    ]
  },
  "16": {
    "verseObjects": [
      {
        "type": "text",
        "text": "the pots, shovels, meat forks, and all the other things needed for the work at the altar.\n"
      },
      {
        "tag": "p",
        "type": "paragraph",
        "text": "All those things that Huram-Abi and his craftsmen made for King Solomon were of bronze that they polished for it to gleam brightly.\n"
      },
      {
        "type": "text",
        "text": "\n"
      },
      {
        "tag": "s5",
        "type": "section",
        "text": "\n"
      }
    ]
  },
  "17": {
    "verseObjects": [
      {
        "type": "text",
        "text": "They made them by pouring melted bronze into the clay molds that Huram-Abi had set up near the Jordan River between the cities of Succoth and Zarethan.\n"
      }
    ]
  },
  "18": {
    "verseObjects": [
      {
        "type": "text",
        "text": "All of those things that Solomon told them to make used a very large amount of bronze, so great was the amount they used that no one knew how much it all weighed.\n\n"
      },
      {
        "tag": "s5",
        "type": "section",
        "text": "\n"
      },
      {
        "tag": "p",
        "type": "paragraph",
        "text": "\n"
      }
    ]
  },
  "19": {
    "verseObjects": [
      {
        "type": "text",
        "text": "Solomon's workers also made all these things that they later put into the temple:\n"
      },
      {
        "tag": "q",
        "type": "quote",
        "text": "the golden altar,\n"
      },
      {
        "tag": "q",
        "type": "quote",
        "text": "the tables on which the priests put the bread to display before God,\n"
      },
      {
        "tag": "q",
        "type": "quote",
        "text": "\n"
      }
    ]
  },
  "20": {
    "verseObjects": [
      {
        "type": "text",
        "text": "the pure gold lampstands and the pure gold lamps, in which the priests put oil to burn in front of the very holy place (as God had told Moses that the priests should do),\n"
      },
      {
        "tag": "q",
        "type": "quote",
        "text": "\n"
      }
    ]
  },
  "21": {
    "verseObjects": [
      {
        "type": "text",
        "text": "the pure gold decorations that resembled flowers, \n"
      },
      {
        "tag": "q",
        "type": "quote",
        "text": "and the lamps and tongs.\n"
      },
      {
        "type": "text",
        "text": "\n"
      },
      {
        "tag": "s5",
        "type": "section",
        "text": "\n"
      },
      {
        "tag": "q",
        "type": "quote",
        "text": "\n"
      }
    ]
  },
  "22": {
    "verseObjects": [
      {
        "type": "text",
        "text": "The workers also made the pure gold wick trimmers and bowls for sprinkling, and dishes and incense burners,\n"
      },
      {
        "tag": "li",
        "content": "the gold doors of the temple,\n"
      },
      {
        "tag": "li",
        "content": "the gold inner doors leading to the very holy place,\n"
      },
      {
        "tag": "li",
        "content": "the gold doors leading to the main hall.\n"
      },
      {
        "type": "text",
        "text": "\n\n"
      },
      {
        "tag": "s5",
        "type": "section",
        "text": "\n"
      }
    ]
  },
  "front": {
    "verseObjects": [
      {
        "type": "text",
        "text": "\n"
      },
      {
        "tag": "p",
        "type": "paragraph",
        "text": "\n"
      }
    ]
  }
}