{
  "1": {
    "verseObjects": [
      {
        "type": "text",
        "text": "यरूशलेम के राजा, दाऊद के पुत्र और उपदेशक के वचन।\n"
      }
    ]
  },
  "2": {
    "verseObjects": [
      {
        "type": "text",
        "text": "उपदेशक का यह वचन है, “व्यर्थ ही व्यर्थ, व्यर्थ ही व्यर्थ! सब कुछ व्यर्थ है।” \n"
      }
    ]
  },
  "3": {
    "verseObjects": [
      {
        "type": "text",
        "text": "उस सब परिश्रम से जिसे मनुष्य सूर्य के नीचे करता है, उसको क्या लाभ प्राप्त होता है?\n"
      },
      {
        "tag": "s5",
        "type": "section",
        "text": "\n"
      }
    ]
  },
  "4": {
    "verseObjects": [
      {
        "type": "text",
        "text": "एक पीढ़ी जाती है, और दूसरी पीढ़ी आती है, परन्तु पृथ्वी सर्वदा बनी रहती है।\n"
      }
    ]
  },
  "5": {
    "verseObjects": [
      {
        "type": "text",
        "text": "सूर्य उदय होकर अस्त भी होता है, और अपने उदय की दिशा को वेग से चला जाता है।\n"
      }
    ]
  },
  "6": {
    "verseObjects": [
      {
        "type": "text",
        "text": "वायु दक्षिण की ओर बहती है, और उत्तर की ओर घूमती जाती है; वह घूमती और बहती रहती है, और अपनी परिधि में लौट आती है।\n"
      },
      {
        "tag": "s5",
        "type": "section",
        "text": "\n"
      }
    ]
  },
  "7": {
    "verseObjects": [
      {
        "type": "text",
        "text": "सब नदियाँ समुद्र में जा मिलती हैं, तो भी समुद्र भर नहीं जाता; जिस स्थान से नदियाँ निकलती हैं; उधर ही को वे फिर जाती हैं।\n"
      }
    ]
  },
  "8": {
    "verseObjects": [
      {
        "type": "text",
        "text": "सब बातें परिश्रम से भरी हैं; मनुष्य इसका वर्णन नहीं कर सकता; न तो आँखें देखने से तृप्त होती हैं, और न कान सुनने से भरते हैं।\n"
      },
      {
        "tag": "s5",
        "type": "section",
        "text": "\n"
      }
    ]
  },
  "9": {
    "verseObjects": [
      {
        "type": "text",
        "text": "जो कुछ हुआ था, वही फिर होगा, और जो कुछ बन चुका है वही फिर बनाया जाएगा; और सूर्य के नीचे कोई बात नई नहीं है।\n"
      }
    ]
  },
  "10": {
    "verseObjects": [
      {
        "type": "text",
        "text": "क्या ऐसी कोई बात है जिसके विषय में लोग कह सके कि देख यह नई है? यह तो प्राचीन युगों में बहुत पहले से थी।\n"
      }
    ]
  },
  "11": {
    "verseObjects": [
      {
        "type": "text",
        "text": "प्राचीनकाल की बातों का कुछ स्मरण नहीं रहा, और होनेवाली बातों का भी स्मरण उनके बाद होनेवालों को न रहेगा।\n"
      },
      {
        "tag": "s",
        "type": "section",
        "text": "ज्ञान का शोक\n"
      },
      {
        "tag": "p",
        "type": "paragraph",
        "text": "\n"
      },
      {
        "tag": "s5",
        "type": "section",
        "text": "\n"
      }
    ]
  },
  "12": {
    "verseObjects": [
      {
        "type": "text",
        "text": "मैं उपदेशक यरूशलेम में इस्राएल का राजा था।\n"
      }
    ]
  },
  "13": {
    "verseObjects": [
      {
        "type": "text",
        "text": "मैंने अपना मन लगाया कि जो कुछ आकाश के नीचे किया जाता है, उसका भेद बुद्धि से सोच सोचकर मालूम करूँ*; यह बड़े दुःख का काम है जो परमेश्‍वर ने मनुष्यों के लिये ठहराया है कि वे उसमें लगें।\n"
      }
    ]
  },
  "14": {
    "verseObjects": [
      {
        "type": "text",
        "text": "मैंने उन सब कामों को देखा जो सूर्य के नीचे किए जाते हैं; देखो वे सब व्यर्थ और मानो वायु को पकड़ना है।\n"
      }
    ]
  },
  "15": {
    "verseObjects": [
      {
        "type": "text",
        "text": "जो टेढ़ा है, वह सीधा नहीं हो सकता, और जितनी वस्तुओं में घटी है, वे गिनी नहीं जातीं।\n"
      },
      {
        "tag": "s5",
        "type": "section",
        "text": "\n"
      }
    ]
  },
  "16": {
    "verseObjects": [
      {
        "type": "text",
        "text": "मैंने मन में कहा, “देख, जितने यरूशलेम में मुझसे पहले थे, उन सभी से मैंने बहुत अधिक बुद्धि प्राप्त की है; और मुझ को बहुत बुद्धि और ज्ञान मिल गया है।” \n"
      }
    ]
  },
  "17": {
    "verseObjects": [
      {
        "type": "text",
        "text": "और मैंने अपना मन लगाया कि बुद्धि का भेद लूँ और बावलेपन और मूर्खता* को भी जान लूँ। मुझे जान पड़ा कि यह भी वायु को पकड़ना है।\n"
      },
      {
        "tag": "q",
        "type": "quote",
        "text": "\n"
      }
    ]
  },
  "18": {
    "verseObjects": [
      {
        "type": "text",
        "text": "क्योंकि बहुत बुद्धि के साथ बहुत खेद भी होता है,\n"
      },
      {
        "tag": "q",
        "type": "quote",
        "text": "और जो अपना ज्ञान बढ़ाता है वह अपना दुःख भी बढ़ाता है।\n"
      },
      {
        "type": "text",
        "text": "\n"
      },
      {
        "tag": "s5",
        "type": "section",
        "text": "\n"
      }
    ]
  },
  "front": {
    "verseObjects": [
      {
        "tag": "s",
        "type": "section",
        "text": "जीवन की व्यर्थता\n"
      },
      {
        "tag": "p",
        "type": "paragraph",
        "text": "\n"
      }
    ]
  }
}