{
  "1": {
    "verseObjects": [
      {
        "type": "text",
        "text": "तब मैंने वह सब अंधेर देखा* जो सूर्य के नीचे होता है। और क्या देखा, कि अंधेर सहनेवालों के आँसू बह रहे हैं, और उनको कोई शान्ति देनेवाला नहीं! अंधेर करनेवालों के हाथ में शक्ति थी, परन्तु उनको कोई शान्ति देनेवाला नहीं था।\n"
      },
      {
        "tag": "s5",
        "nextChar": "\n",
        "type": "section"
      }
    ]
  },
  "2": {
    "verseObjects": [
      {
        "type": "text",
        "text": "इसलिए मैंने मरे हुओं को जो मर चुके हैं, उन जीवितों से जो अब तक जीवित हैं अधिक धन्य कहा;\n"
      }
    ]
  },
  "3": {
    "verseObjects": [
      {
        "type": "text",
        "text": "वरन् उन दोनों से अधिक अच्छा वह है जो अब तक हुआ ही नहीं, न ये बुरे काम देखे जो सूर्य के नीचे होते हैं।\n"
      },
      {
        "tag": "s",
        "type": "section",
        "content": "स्वार्थी श्रम की व्यर्थता\n"
      },
      {
        "tag": "p",
        "nextChar": "\n",
        "type": "paragraph"
      },
      {
        "tag": "s5",
        "nextChar": "\n",
        "type": "section"
      }
    ]
  },
  "4": {
    "verseObjects": [
      {
        "type": "text",
        "text": "तब मैंने सब परिश्रम के काम और सब सफल कामों को देखा जो *लोग अपने पड़ोसी से जलन के कारण करते हैं। यह भी व्यर्थ और वायु को पकड़ना है।\n"
      },
      {
        "tag": "p",
        "nextChar": "\n",
        "type": "paragraph"
      },
      {
        "tag": "s5",
        "nextChar": "\n",
        "type": "section"
      }
    ]
  },
  "5": {
    "verseObjects": [
      {
        "type": "text",
        "text": "मूर्ख छाती पर हाथ रखे रहता और अपना माँस खाता है।\n"
      },
      {
        "tag": "p",
        "nextChar": "\n",
        "type": "paragraph"
      }
    ]
  },
  "6": {
    "verseObjects": [
      {
        "type": "text",
        "text": "चैन के साथ एक मुट्ठी उन दो मुट्ठियों से अच्छा है, जिनके साथ परिश्रम और वायु को पकड़ना हो।\n"
      },
      {
        "tag": "p",
        "nextChar": "\n",
        "type": "paragraph"
      },
      {
        "tag": "s5",
        "nextChar": "\n",
        "type": "section"
      }
    ]
  },
  "7": {
    "verseObjects": [
      {
        "type": "text",
        "text": "फिर मैंने सूर्य के नीचे यह भी व्यर्थ बात देखी।\n"
      }
    ]
  },
  "8": {
    "verseObjects": [
      {
        "type": "text",
        "text": "कोई अकेला रहता और उसका कोई नहीं है; न उसके बेटा है, न भाई है, तो भी उसके परिश्रम का अन्त नहीं होता; न उसकी आँखें धन से सन्तुष्ट होती हैं, और न वह कहता है, मैं किसके लिये परिश्रम करता और अपने जीवन को सुखरहित रखता हूँ? यह भी व्यर्थ और निरा दुःख भरा काम है।\n"
      },
      {
        "tag": "s",
        "type": "section",
        "content": "मित्र का मूल्य\n"
      },
      {
        "tag": "p",
        "nextChar": "\n",
        "type": "paragraph"
      },
      {
        "tag": "s5",
        "nextChar": "\n",
        "type": "section"
      }
    ]
  },
  "9": {
    "verseObjects": [
      {
        "type": "text",
        "text": "एक से दो अच्छे हैं*, क्योंकि उनके परिश्रम का अच्छा फल मिलता है।\n"
      }
    ]
  },
  "10": {
    "verseObjects": [
      {
        "type": "text",
        "text": "क्योंकि यदि उनमें से एक गिरे, तो दूसरा उसको उठाएगा; परन्तु हाय उस पर जो अकेला होकर गिरे और उसका कोई उठानेवाला न हो।\n"
      }
    ]
  },
  "11": {
    "verseObjects": [
      {
        "type": "text",
        "text": "फिर यदि दो जन एक संग सोएँ तो वे गर्म रहेंगे, परन्तु कोई अकेला कैसे गर्म हो सकता है?\n"
      },
      {
        "tag": "p",
        "nextChar": "\n",
        "type": "paragraph"
      },
      {
        "tag": "s5",
        "nextChar": "\n",
        "type": "section"
      }
    ]
  },
  "12": {
    "verseObjects": [
      {
        "type": "text",
        "text": "यदि कोई अकेले पर प्रबल हो तो हो, परन्तु दो उसका सामना कर सकेंगे। जो डोरी तीन तागे से बटी हो वह जल्दी नहीं टूटती।\n"
      },
      {
        "tag": "s",
        "type": "section",
        "content": "लोकप्रियता निकलता जाना\n"
      },
      {
        "tag": "p",
        "nextChar": "\n",
        "type": "paragraph"
      },
      {
        "tag": "s5",
        "nextChar": "\n",
        "type": "section"
      }
    ]
  },
  "13": {
    "verseObjects": [
      {
        "type": "text",
        "text": "बुद्धिमान लड़का दरिद्र होने पर भी ऐसे बूढ़े और मूर्ख राजा से अधिक उत्तम है जो फिर सम्मति ग्रहण न करे,\n"
      }
    ]
  },
  "14": {
    "verseObjects": [
      {
        "type": "text",
        "text": "चाहे वह उसके राज्य में धनहीन उत्‍पन्‍न हुआ या बन्दीगृह से निकलकर राजा हुआ हो।\n"
      },
      {
        "tag": "s5",
        "nextChar": "\n",
        "type": "section"
      }
    ]
  },
  "15": {
    "verseObjects": [
      {
        "type": "text",
        "text": "मैंने सब जीवितों को जो सूर्य के नीचे चलते फिरते हैं देखा कि वे उस दूसरे लड़के के संग हो लिये हैं जो उनका स्थान लेने के लिये खड़ा हुआ।\n"
      }
    ]
  },
  "16": {
    "verseObjects": [
      {
        "type": "text",
        "text": "वे सब लोग अनगिनत थे जिन पर वह प्रधान हुआ था। तो भी भविष्य में होनेवाले लोग उसके कारण आनन्दित न होंगे। निःसन्देह यह भी व्यर्थ और वायु को पकड़ना है।\n\n"
      },
      {
        "tag": "s5",
        "nextChar": "\n",
        "type": "section"
      }
    ]
  },
  "front": {
    "verseObjects": [
      {
        "tag": "p",
        "nextChar": "\n",
        "type": "paragraph"
      }
    ]
  }
}