{
  "1": {
    "verseObjects": [
      {
        "type": "text",
        "text": "Follow my example, just like I follow the example of Christ.\n"
      },
      {
        "tag": "p",
        "nextChar": "\n",
        "type": "paragraph"
      }
    ]
  },
  "2": {
    "verseObjects": [
      {
        "type": "text",
        "text": "I praise you because you remember me in all you do, and you hold tight to all the important teachings that I have passed down to you and you have kept them just as I taught them to you.\n"
      }
    ]
  },
  "3": {
    "verseObjects": [
      {
        "type": "text",
        "text": "I want you to understand that Christ has authority over every man, and that a man has authority over a woman, and that God has authority over Christ.\n"
      }
    ]
  },
  "4": {
    "verseObjects": [
      {
        "type": "text",
        "text": "So if any man covers his head when he prays or when he proclaims a message from God, he brings disgrace on himself.\n\n"
      },
      {
        "tag": "s5",
        "nextChar": "\n",
        "type": "section"
      }
    ]
  },
  "5": {
    "verseObjects": [
      {
        "type": "text",
        "text": "But if a woman prays or proclaims a message God gave her with her head uncovered, she brings disgrace on herself. For it is exactly the same as if she had shaved her head.\n"
      }
    ]
  },
  "6": {
    "verseObjects": [
      {
        "type": "text",
        "text": "If a woman refuses to cover her head, then she should cut her hair short, like a man's. But you know that it is disgraceful for a woman to have her hair cut short or to have her head shaved. So, instead, she should cover her head.\n"
      },
      {
        "tag": "s5",
        "nextChar": "\n",
        "type": "section"
      }
    ]
  },
  "7": {
    "verseObjects": [
      {
        "type": "text",
        "text": "A man should not cover his head because God made him like himself, and the man reflects some of what God himself is like. But women reflect some of what men are like.\n"
      }
    ]
  },
  "8": {
    "verseObjects": [
      {
        "type": "text",
        "text": "For God did not make the man Adam from the woman Eve; instead, he made the woman Eve from the man Adam.\n\n"
      },
      {
        "tag": "s5",
        "nextChar": "\n",
        "type": "section"
      }
    ]
  },
  "9": {
    "verseObjects": [
      {
        "type": "text",
        "text": "It was not the man whom God created to help the woman, but the woman to help the man.\n"
      }
    ]
  },
  "10": {
    "verseObjects": [
      {
        "type": "text",
        "text": "This is why women should cover their heads, as a sign of the authority, and because of the angels.\n"
      },
      {
        "tag": "s5",
        "nextChar": "\n",
        "type": "section"
      },
      {
        "tag": "p",
        "nextChar": "\n",
        "type": "paragraph"
      }
    ]
  },
  "11": {
    "verseObjects": [
      {
        "type": "text",
        "text": "So as we live joined to the Lord, women need men to help them, and men need women to help them.\n"
      }
    ]
  },
  "12": {
    "verseObjects": [
      {
        "type": "text",
        "text": "This is because the woman was made from the man, and the man is born from the woman. They are dependent on one another. But all things come from God.\n\n"
      },
      {
        "tag": "s5",
        "nextChar": "\n",
        "type": "section"
      }
    ]
  },
  "13": {
    "verseObjects": [
      {
        "type": "text",
        "text": "Judge this for yourselves: Is it proper for a woman to pray to God without a cover on her head?\n"
      }
    ]
  },
  "14": {
    "verseObjects": [
      {
        "type": "text",
        "text": "Nature itself teaches us that it is a disgrace for a man to have long hair,\n"
      }
    ]
  },
  "15": {
    "verseObjects": [
      {
        "type": "text",
        "text": "but nature also teaches that long hair for a woman is a display of her beauty. Her hair is given to her by God to cover her beauty.\n"
      }
    ]
  },
  "16": {
    "verseObjects": [
      {
        "type": "text",
        "text": "But if anyone in the church wishes to argue about this matter, we do not have any other custom than this, nor do any of the churches do anything different.\n"
      },
      {
        "tag": "s5",
        "nextChar": "\n",
        "type": "section"
      },
      {
        "tag": "p",
        "nextChar": "\n",
        "type": "paragraph"
      }
    ]
  },
  "17": {
    "verseObjects": [
      {
        "type": "text",
        "text": "In these instructions, I cannot praise you for what you are doing about the Lord's supper. When you come together to eat, instead of encouraging and helping one another, you make the fellowship in the church much worse.\n"
      }
    ]
  },
  "18": {
    "verseObjects": [
      {
        "type": "text",
        "text": "The first matter of concern is that when you come together, you come with different groups and factions. This is what people have told me, and I believe that some of what they say is true.\n"
      }
    ]
  },
  "19": {
    "verseObjects": [
      {
        "type": "text",
        "text": "It appears that you need to have different groups among yourselves so that you can test and approve the ones that have places of honor, and others that do not.\n\n"
      },
      {
        "tag": "s5",
        "nextChar": "\n",
        "type": "section"
      }
    ]
  },
  "20": {
    "verseObjects": [
      {
        "type": "text",
        "text": "When you come together you are not eating the Lord's Supper.\n"
      }
    ]
  },
  "21": {
    "verseObjects": [
      {
        "type": "text",
        "text": "When you eat, one person brings an entire meal and eats it as soon as he arrives; he does not wait for anyone else. Another person goes hungry while other people drink so much wine that they get drunk.\n"
      }
    ]
  },
  "22": {
    "verseObjects": [
      {
        "type": "text",
        "text": "You act as though you did not have houses to eat and drink in! You treat the church with dishonor, and you despise the purpose for which you gather. You humiliate those who are poor. I can say nothing good about this. This is a disgrace.\n"
      },
      {
        "tag": "s5",
        "nextChar": "\n",
        "type": "section"
      },
      {
        "tag": "p",
        "nextChar": "\n",
        "type": "paragraph"
      }
    ]
  },
  "23": {
    "verseObjects": [
      {
        "type": "text",
        "text": "For I have passed on to you what I received from the Lord, that on the night when the Lord Jesus was handed over to his enemies, he took bread,\n"
      }
    ]
  },
  "24": {
    "verseObjects": [
      {
        "type": "text",
        "text": "and after he had given thanks, he broke it and said, \"This is my body, which is for you, do this and remember me.\"\n\n"
      },
      {
        "tag": "s5",
        "nextChar": "\n",
        "type": "section"
      }
    ]
  },
  "25": {
    "verseObjects": [
      {
        "type": "text",
        "text": "After the same manner, he took the cup, after they had eaten, and said, \"This cup is the new covenant in my blood. Do this as often as you drink it, remember me.\"\n"
      }
    ]
  },
  "26": {
    "verseObjects": [
      {
        "type": "text",
        "text": "For every time you eat this bread and drink this cup, you proclaim the death of the Lord until he comes again.\n\n"
      },
      {
        "tag": "s5",
        "nextChar": "\n",
        "type": "section"
      },
      {
        "tag": "p",
        "nextChar": "\n",
        "type": "paragraph"
      }
    ]
  },
  "27": {
    "verseObjects": [
      {
        "type": "text",
        "text": "All who come to this celebration of the Lord's Supper should come to give honor to God in the way it is shared. Those who eat the bread and drink the cup must do so in a manner that honors the Lord. Anyone who dishonors the bread and the cup will be guilty of the body and blood of the Lord.\n"
      }
    ]
  },
  "28": {
    "verseObjects": [
      {
        "type": "text",
        "text": "Therefore we should all examine ourselves before we take the communion. We should only eat the bread and drink the cup after we have examined ourselves.\n"
      }
    ]
  },
  "29": {
    "verseObjects": [
      {
        "type": "text",
        "text": "Anyone who eats and drinks this Supper and does not consider what is the Lord's body, eats and drinks the judgment of God on himself.\n"
      }
    ]
  },
  "30": {
    "verseObjects": [
      {
        "type": "text",
        "text": "Many among you are physically ill, and several have even died because of the way you have treated the Lord's body.\n\n"
      },
      {
        "tag": "s5",
        "nextChar": "\n",
        "type": "section"
      }
    ]
  },
  "31": {
    "verseObjects": [
      {
        "type": "text",
        "text": "If we examine ourselves before we take the communion, God will not judge us.\n"
      }
    ]
  },
  "32": {
    "verseObjects": [
      {
        "type": "text",
        "text": "But when the Lord judges and punishes us, he disciplines us to correct us, so that he will not condemn us along with the world that has rebelled against God.\n\n"
      },
      {
        "tag": "s5",
        "nextChar": "\n",
        "type": "section"
      },
      {
        "tag": "p",
        "nextChar": "\n",
        "type": "paragraph"
      }
    ]
  },
  "33": {
    "verseObjects": [
      {
        "type": "text",
        "text": "My fellow believers, when you come together for the Lord's Supper, wait for one another.\n"
      }
    ]
  },
  "34": {
    "verseObjects": [
      {
        "type": "text",
        "text": "If one of you is hungry, eat at home—so that when you come together as the church, it will not be an occasion for God to discipline you.\n"
      },
      {
        "tag": "p",
        "type": "paragraph",
        "text": "And when I come to you, I will give you instructions concerning the other matters you wrote me about.\n"
      },
      {
        "type": "text",
        "text": "\n"
      },
      {
        "tag": "s5",
        "nextChar": "\n",
        "type": "section"
      }
    ]
  },
  "front": {
    "verseObjects": [
      {
        "tag": "p",
        "nextChar": "\n",
        "type": "paragraph"
      }
    ]
  }
}