{
  "1": {
    "verseObjects": [
      {
        "type": "text",
        "text": "You wrote to me some questions about how married believers should live. Here is my answer. There may be times in which it is good to abstain from sleeping together in marriage.\n"
      }
    ]
  },
  "2": {
    "verseObjects": [
      {
        "type": "text",
        "text": "But people are tempted very often to be sexually immoral. So each husband should have his own wife, and each wife should have her own husband.\n\n"
      },
      {
        "tag": "s5",
        "type": "section",
        "text": "\n"
      }
    ]
  },
  "3": {
    "verseObjects": [
      {
        "type": "text",
        "text": "And each married believer should have the right to sleep with with his or her spouse.\n"
      }
    ]
  },
  "4": {
    "verseObjects": [
      {
        "type": "text",
        "text": "For the husband gives control of his body to his wife. And the wife gives control of her body to her husband.\n\n"
      },
      {
        "tag": "s5",
        "type": "section",
        "text": "\n"
      }
    ]
  },
  "5": {
    "verseObjects": [
      {
        "type": "text",
        "text": "So do not deprive one another of sleeping together, unless you both agree to abstain from it for a short period of time, so that you may pray. But after that time is over, come together again. Do not allow Satan to tempt you because you cannot control yourself.\n"
      },
      {
        "tag": "p",
        "type": "paragraph",
        "text": "\n"
      }
    ]
  },
  "6": {
    "verseObjects": [
      {
        "type": "text",
        "text": "I am not commanding you to get married, but I will compromise because I know that many of you are married or will wish to marry.\n"
      }
    ]
  },
  "7": {
    "verseObjects": [
      {
        "type": "text",
        "text": "My example is before you: I am single, and sometimes I wish that each of you were single in order to serve God. But God gives many different gifts to his children; he makes some able to be married, and others to remain single.\n\n"
      },
      {
        "tag": "s5",
        "type": "section",
        "text": "\n"
      },
      {
        "tag": "p",
        "type": "paragraph",
        "text": "\n"
      }
    ]
  },
  "8": {
    "verseObjects": [
      {
        "type": "text",
        "text": "To those of you who have never married and those whose husbands have died, I say that it would be good if you continue to be single, like me.\n"
      }
    ]
  },
  "9": {
    "verseObjects": [
      {
        "type": "text",
        "text": "But if it is hard for you to control yourself, you should get married. It is better for you to marry than to suffer from strong sexual desires.\n\n"
      },
      {
        "tag": "s5",
        "type": "section",
        "text": "\n"
      },
      {
        "tag": "p",
        "type": "paragraph",
        "text": "\n"
      }
    ]
  },
  "10": {
    "verseObjects": [
      {
        "type": "text",
        "text": "The Lord gives his own commands to you who are married: \"The wife should not separate from her husband.\"\n"
      }
    ]
  },
  "11": {
    "verseObjects": [
      {
        "type": "text",
        "text": "(But if she separates from her husband, she should not marry again, or else she should make peace with her husband.) And, \"the husband should not divorce his wife.\"\n"
      },
      {
        "tag": "s5",
        "type": "section",
        "text": "\n"
      },
      {
        "tag": "p",
        "type": "paragraph",
        "text": "\n"
      }
    ]
  },
  "12": {
    "verseObjects": [
      {
        "type": "text",
        "text": "And I have this to say—and this is my advice, not the Lord's command—to you who have a wife who is not a believer: If she is content to stay with you, do not divorce her.\n"
      }
    ]
  },
  "13": {
    "verseObjects": [
      {
        "type": "text",
        "text": "And if you are a woman with a husband who does not believe, and if he is content to stay with you, do not divorce him.\n"
      }
    ]
  },
  "14": {
    "verseObjects": [
      {
        "type": "text",
        "text": "The unbelieving husband is set apart in a special way because the wife trusts in God. It is the same for an unbelieving woman with a husband who trusts in God. It is the same for your children: They are set apart in a special way to God, because one parent believes in Christ.\n\n"
      },
      {
        "tag": "s5",
        "type": "section",
        "text": "\n"
      },
      {
        "tag": "p",
        "type": "paragraph",
        "text": "\n"
      }
    ]
  },
  "15": {
    "verseObjects": [
      {
        "type": "text",
        "text": "However, if the unbelieving spouse wants to leave you, you should let that person go. In this situation, the vow you took when you married is no longer binding on you. God has called us to peace.\n"
      }
    ]
  },
  "16": {
    "verseObjects": [
      {
        "type": "text",
        "text": "You do not know how God may work through the life you live before your unbelieving spouse. And you do not know whether your life may become a means by which God might save your husband or your wife.\n\n"
      },
      {
        "tag": "s5",
        "type": "section",
        "text": "\n"
      },
      {
        "tag": "p",
        "type": "paragraph",
        "text": "\n"
      }
    ]
  },
  "17": {
    "verseObjects": [
      {
        "type": "text",
        "text": "We must live the life the Lord has assigned us to live, and to obey the call God gave us. This is the principle in all the churches.\n"
      }
    ]
  },
  "18": {
    "verseObjects": [
      {
        "type": "text",
        "text": "If you were circumcised before you became a Christian, you should not try to remove the marks of that circumcision. If you were not circumcised when God saved you, you should not let anyone circumcise you.\n"
      }
    ]
  },
  "19": {
    "verseObjects": [
      {
        "type": "text",
        "text": "Circumcision or uncircumcision—these are not important to us. But what is important is that we obey what God commands us to do.\n\n"
      },
      {
        "tag": "s5",
        "type": "section",
        "text": "\n"
      }
    ]
  },
  "20": {
    "verseObjects": [
      {
        "type": "text",
        "text": "So continue to live and work as you did when God called you to trust in Christ.\n"
      }
    ]
  },
  "21": {
    "verseObjects": [
      {
        "type": "text",
        "text": "If you were a slave when God saved you, do not worry about it. Of course, if you have the chance to gain your freedom, take advantage of the opportunity.\n"
      }
    ]
  },
  "22": {
    "verseObjects": [
      {
        "type": "text",
        "text": "This is because anyone who the Lord calls a slave is a free person because of the Lord. In the same way, you become God's slave when he calls you, even if you were never a slave to anyone.\n"
      }
    ]
  },
  "23": {
    "verseObjects": [
      {
        "type": "text",
        "text": "God bought you with the price of his Son; your freedom is precious. So do not become slaves of humans.\n"
      }
    ]
  },
  "24": {
    "verseObjects": [
      {
        "type": "text",
        "text": "Brothers and sisters in Christ, whatever you were when God called you, whether you were slave or free, remain in that same position.\n\n"
      },
      {
        "tag": "s5",
        "type": "section",
        "text": "\n"
      },
      {
        "tag": "p",
        "type": "paragraph",
        "text": "\n"
      }
    ]
  },
  "25": {
    "verseObjects": [
      {
        "type": "text",
        "text": "Regarding the question about those who have never married, I will give my views, but I have no specific commandment from the Lord on this question. But you can have confidence in my reply because God has been kind to me and enabled me to be someone whom people can trust.\n"
      }
    ]
  },
  "26": {
    "verseObjects": [
      {
        "type": "text",
        "text": "Therefore, because of the difficult times that seem to be coming upon us all, I think it is good for you to remain as you were when God called you.\n\n"
      },
      {
        "tag": "s5",
        "type": "section",
        "text": "\n"
      }
    ]
  },
  "27": {
    "verseObjects": [
      {
        "type": "text",
        "text": "To you who are married, I say this: Do not seek to be freed from your vow. As for you who are not married, do not try to find a wife.\n"
      }
    ]
  },
  "28": {
    "verseObjects": [
      {
        "type": "text",
        "text": "But to the men who are single, I say, if you marry, you have committed no sin. I give the same advice to the single women: If you get married, you have committed no sin. However, if you marry, you will have many worldly troubles, and I would spare you those kind of troubles.\n\n"
      },
      {
        "tag": "s5",
        "type": "section",
        "text": "\n"
      },
      {
        "tag": "p",
        "type": "paragraph",
        "text": "\n"
      }
    ]
  },
  "29": {
    "verseObjects": [
      {
        "type": "text",
        "text": "This is what I mean about the time in which we are living, brothers and sisters: We have a short amount of time left. From now on those who are married will have to live as though they were not married, because of all the trouble that is coming.\n"
      }
    ]
  },
  "30": {
    "verseObjects": [
      {
        "type": "text",
        "text": "Those who are filled with grief should not cry. Those who are rejoicing over some wonderful event should have no joy on their faces. Those who have spent money to buy something should take no delight in it; they should live as if they owned nothing.\n"
      }
    ]
  },
  "31": {
    "verseObjects": [
      {
        "type": "text",
        "text": "And those who deal with the things of the world should not involve themselves completely with them. For this world system is about to crumble into nothing.\n\n"
      },
      {
        "tag": "s5",
        "type": "section",
        "text": "\n"
      },
      {
        "tag": "p",
        "type": "paragraph",
        "text": "\n"
      }
    ]
  },
  "32": {
    "verseObjects": [
      {
        "type": "text",
        "text": "I want you to be free from things to worry about. As you see, the unmarried man is concerned about the matters that are important to the Lord. He wants to serve the Lord and do what he wants.\n"
      }
    ]
  },
  "33": {
    "verseObjects": [
      {
        "type": "text",
        "text": "But the man who is married must also concern himself for the ordinary matters of the world as well as serving and pleasing his wife.\n"
      }
    ]
  },
  "34": {
    "verseObjects": [
      {
        "type": "text",
        "text": "So married men can only do some of the things they need to do. It is the same with widows and young ladies who have not married: As believing women, they are concerned to spend their time serving the Lord with their entire selves, with their physical abilities and with their spirit. But married women are concerned about the day-to-day matters of the world—such as how to please their husbands.\n"
      },
      {
        "tag": "s5",
        "type": "section",
        "text": "\n"
      }
    ]
  },
  "35": {
    "verseObjects": [
      {
        "type": "text",
        "text": "I tell you this to help you. I am not trying to control you. If you follow my advice, you will find it easier to serve the Lord without worrying about things that married people worry about.\n\n"
      },
      {
        "tag": "s5",
        "type": "section",
        "text": "\n"
      },
      {
        "tag": "p",
        "type": "paragraph",
        "text": "\n"
      }
    ]
  },
  "36": {
    "verseObjects": [
      {
        "type": "text",
        "text": "If a man has promised to marry a woman, but if he finds he is not treating her with respect because she is becoming too old to marry, he should get married. This is not a sin.\n"
      }
    ]
  },
  "37": {
    "verseObjects": [
      {
        "type": "text",
        "text": "But if he has decided that he does not desire to marry at the present time, and if he is in control of the situation, he makes a good decision not to marry.\n"
      }
    ]
  },
  "38": {
    "verseObjects": [
      {
        "type": "text",
        "text": "So the one who marries his fiancée does a good thing and does not sin; and the one who chooses not to marry also chooses something even better.\n\n"
      },
      {
        "tag": "s5",
        "type": "section",
        "text": "\n"
      },
      {
        "tag": "p",
        "type": "paragraph",
        "text": "\n"
      }
    ]
  },
  "39": {
    "verseObjects": [
      {
        "type": "text",
        "text": "A woman must remain with her husband as long as he lives; if her husband dies, she is free to marry whomever she wishes, but she must marry only someone who has faith in the Lord.\n"
      }
    ]
  },
  "40": {
    "verseObjects": [
      {
        "type": "text",
        "text": "However, it is my judgment that a widow will be happier if she does not marry again. And I think that I, too, have the Spirit of God.\n\n"
      },
      {
        "tag": "s5",
        "type": "section",
        "text": "\n"
      }
    ]
  },
  "front": {
    "verseObjects": [
      {
        "tag": "p",
        "type": "paragraph",
        "text": "\n"
      }
    ]
  }
}