{
  "1": {
    "verseObjects": [
      {
        "text": "διὰ",
        "tag": "w",
        "type": "word",
        "lemma": "διά",
        "strong": "G12230",
        "morph": "Gr,P,,,,,A,,,"
      },
      {
        "text": "τοῦτο",
        "tag": "w",
        "type": "word",
        "lemma": "οὗτος",
        "strong": "G37780",
        "morph": "Gr,RD,,,,ANS,"
      },
      {
        "type": "text",
        "text": ","
      },
      {
        "text": "δεῖ",
        "tag": "w",
        "type": "word",
        "lemma": "δέω",
        "strong": "G12100",
        "morph": "Gr,V,IPA3,,S,"
      },
      {
        "text": "περισσοτέρως",
        "tag": "w",
        "type": "word",
        "lemma": "περισσοτέρως",
        "strong": "G40560",
        "morph": "Gr,D,,,,,,,,C"
      },
      {
        "text": "προσέχειν",
        "tag": "w",
        "type": "word",
        "lemma": "προσέχω",
        "strong": "G43370",
        "morph": "Gr,V,NPA,,,,,"
      },
      {
        "text": "ἡμᾶς",
        "tag": "w",
        "type": "word",
        "lemma": "ἐγώ",
        "strong": "G14730",
        "morph": "Gr,RP,,,1A,P,"
      },
      {
        "text": "τοῖς",
        "tag": "w",
        "type": "word",
        "lemma": "ὁ",
        "strong": "G35880",
        "morph": "Gr,RD,,,,DNP,"
      },
      {
        "text": "ἀκουσθεῖσιν",
        "tag": "w",
        "type": "word",
        "lemma": "ἀκούω",
        "strong": "G01910",
        "morph": "Gr,V,PAP,DNP,"
      },
      {
        "type": "text",
        "text": ","
      },
      {
        "text": "μήποτε",
        "tag": "w",
        "type": "word",
        "lemma": "μήποτε",
        "strong": "G33790",
        "morph": "Gr,CS,,,,,,,,"
      },
      {
        "text": "παραρυῶμεν",
        "tag": "w",
        "type": "word",
        "lemma": "παραρυέω",
        "strong": "G39010",
        "morph": "Gr,V,SAA1,,P,"
      },
      {
        "type": "text",
        "text": ".\n\n"
      }
    ]
  },
  "2": {
    "verseObjects": [
      {
        "text": "εἰ",
        "tag": "w",
        "type": "word",
        "lemma": "εἰ",
        "strong": "G14870",
        "morph": "Gr,CS,,,,,,,,"
      },
      {
        "text": "γὰρ",
        "tag": "w",
        "type": "word",
        "lemma": "γάρ",
        "strong": "G10630",
        "morph": "Gr,CC,,,,,,,,"
      },
      {
        "text": "ὁ",
        "tag": "w",
        "type": "word",
        "lemma": "ὁ",
        "strong": "G35880",
        "morph": "Gr,EA,,,,NMS,"
      },
      {
        "text": "δι’",
        "tag": "w",
        "type": "word",
        "lemma": "διά",
        "strong": "G12230",
        "morph": "Gr,P,,,,,G,,,"
      },
      {
        "text": "ἀγγέλων",
        "tag": "w",
        "type": "word",
        "lemma": "ἄγγελος",
        "strong": "G00320",
        "morph": "Gr,N,,,,,GMP,",
        "tw": "rc://*/tw/dict/bible/kt/angel"
      },
      {
        "text": "λαληθεὶς",
        "tag": "w",
        "type": "word",
        "lemma": "λαλέω",
        "strong": "G29800",
        "morph": "Gr,V,PAP,NMS,"
      },
      {
        "text": "λόγος",
        "tag": "w",
        "type": "word",
        "lemma": "λόγος",
        "strong": "G30560",
        "morph": "Gr,N,,,,,NMS,",
        "tw": "rc://*/tw/dict/bible/other/word"
      },
      {
        "text": "ἐγένετο",
        "tag": "w",
        "type": "word",
        "lemma": "γίνομαι",
        "strong": "G10960",
        "morph": "Gr,V,IAM3,,S,"
      },
      {
        "text": "βέβαιος",
        "tag": "w",
        "type": "word",
        "lemma": "βέβαιος",
        "strong": "G09490",
        "morph": "Gr,NP,,,,NMS,"
      },
      {
        "type": "text",
        "text": ","
      },
      {
        "text": "καὶ",
        "tag": "w",
        "type": "word",
        "lemma": "καί",
        "strong": "G25320",
        "morph": "Gr,CC,,,,,,,,"
      },
      {
        "text": "πᾶσα",
        "tag": "w",
        "type": "word",
        "lemma": "πᾶς",
        "strong": "G39560",
        "morph": "Gr,EQ,,,,NFS,"
      },
      {
        "text": "παράβασις",
        "tag": "w",
        "type": "word",
        "lemma": "παράβασις",
        "strong": "G38470",
        "morph": "Gr,N,,,,,NFS,",
        "tw": "rc://*/tw/dict/bible/kt/transgression"
      },
      {
        "text": "καὶ",
        "tag": "w",
        "type": "word",
        "lemma": "καί",
        "strong": "G25320",
        "morph": "Gr,CC,,,,,,,,"
      },
      {
        "text": "παρακοὴ",
        "tag": "w",
        "type": "word",
        "lemma": "παρακοή",
        "strong": "G38760",
        "morph": "Gr,N,,,,,NFS,",
        "tw": "rc://*/tw/dict/bible/other/disobey"
      },
      {
        "text": "ἔλαβεν",
        "tag": "w",
        "type": "word",
        "lemma": "λαμβάνω",
        "strong": "G29830",
        "morph": "Gr,V,IAA3,,S,",
        "tw": "rc://*/tw/dict/bible/other/receive"
      },
      {
        "text": "ἔνδικον",
        "tag": "w",
        "type": "word",
        "lemma": "ἔνδικος",
        "strong": "G17380",
        "morph": "Gr,AA,,,,AFS,",
        "tw": "rc://*/tw/dict/bible/kt/justice"
      },
      {
        "text": "μισθαποδοσίαν",
        "tag": "w",
        "type": "word",
        "lemma": "μισθαποδοσία",
        "strong": "G34050",
        "morph": "Gr,N,,,,,AFS,"
      },
      {
        "type": "text",
        "text": ",\n\n"
      }
    ]
  },
  "3": {
    "verseObjects": [
      {
        "text": "πῶς",
        "tag": "w",
        "type": "word",
        "lemma": "πῶς",
        "strong": "G44590",
        "morph": "Gr,D,,,,,,,,,"
      },
      {
        "text": "ἡμεῖς",
        "tag": "w",
        "type": "word",
        "lemma": "ἐγώ",
        "strong": "G14730",
        "morph": "Gr,RP,,,1N,P,"
      },
      {
        "text": "ἐκφευξόμεθα",
        "tag": "w",
        "type": "word",
        "lemma": "ἐκφεύγω",
        "strong": "G16280",
        "morph": "Gr,V,IFM1,,P,"
      },
      {
        "text": "τηλικαύτης",
        "tag": "w",
        "type": "word",
        "lemma": "τηλικοῦτος",
        "strong": "G50820",
        "morph": "Gr,RD,,,,GFS,"
      },
      {
        "text": "ἀμελήσαντες",
        "tag": "w",
        "type": "word",
        "lemma": "ἀμελέω",
        "strong": "G02720",
        "morph": "Gr,V,PAA,NMP,"
      },
      {
        "text": "σωτηρίας",
        "tag": "w",
        "type": "word",
        "lemma": "σωτηρία",
        "strong": "G49910",
        "morph": "Gr,N,,,,,GFS,",
        "tw": "rc://*/tw/dict/bible/kt/save"
      },
      {
        "type": "text",
        "text": "?"
      },
      {
        "text": "ἥτις",
        "tag": "w",
        "type": "word",
        "lemma": "ὅστις",
        "strong": "G37480",
        "morph": "Gr,RR,,,,NFS,"
      },
      {
        "text": "ἀρχὴν",
        "tag": "w",
        "type": "word",
        "lemma": "ἀρχή",
        "strong": "G07460",
        "morph": "Gr,N,,,,,AFS,"
      },
      {
        "text": "λαβοῦσα",
        "tag": "w",
        "type": "word",
        "lemma": "λαμβάνω",
        "strong": "G29830",
        "morph": "Gr,V,PAA,NFS,",
        "tw": "rc://*/tw/dict/bible/other/receive"
      },
      {
        "type": "text",
        "text": ","
      },
      {
        "text": "λαλεῖσθαι",
        "tag": "w",
        "type": "word",
        "lemma": "λαλέω",
        "strong": "G29800",
        "morph": "Gr,V,NPP,,,,,",
        "tw": "rc://*/tw/dict/bible/other/declare"
      },
      {
        "text": "διὰ",
        "tag": "w",
        "type": "word",
        "lemma": "διά",
        "strong": "G12230",
        "morph": "Gr,P,,,,,G,,,"
      },
      {
        "text": "τοῦ",
        "tag": "w",
        "type": "word",
        "lemma": "ὁ",
        "strong": "G35880",
        "morph": "Gr,EA,,,,GMS,"
      },
      {
        "text": "Κυρίου",
        "tag": "w",
        "type": "word",
        "lemma": "κύριος",
        "strong": "G29620",
        "morph": "Gr,N,,,,,GMS,",
        "tw": "rc://*/tw/dict/bible/kt/lord"
      },
      {
        "type": "text",
        "text": ","
      },
      {
        "text": "ὑπὸ",
        "tag": "w",
        "type": "word",
        "lemma": "ὑπό",
        "strong": "G52590",
        "morph": "Gr,P,,,,,G,,,"
      },
      {
        "text": "τῶν",
        "tag": "w",
        "type": "word",
        "lemma": "ὁ",
        "strong": "G35880",
        "morph": "Gr,RD,,,,GMP,"
      },
      {
        "text": "ἀκουσάντων",
        "tag": "w",
        "type": "word",
        "lemma": "ἀκούω",
        "strong": "G01910",
        "morph": "Gr,V,PAA,GMP,"
      },
      {
        "text": "εἰς",
        "tag": "w",
        "type": "word",
        "lemma": "εἰς",
        "strong": "G15190",
        "morph": "Gr,P,,,,,A,,,"
      },
      {
        "text": "ἡμᾶς",
        "tag": "w",
        "type": "word",
        "lemma": "ἐγώ",
        "strong": "G14730",
        "morph": "Gr,RP,,,1A,P,"
      },
      {
        "text": "ἐβεβαιώθη",
        "tag": "w",
        "type": "word",
        "lemma": "βεβαιόω",
        "strong": "G09500",
        "morph": "Gr,V,IAP3,,S,",
        "tw": "rc://*/tw/dict/bible/other/confirm"
      },
      {
        "type": "text",
        "text": ";\n\n"
      }
    ]
  },
  "4": {
    "verseObjects": [
      {
        "text": "συνεπιμαρτυροῦντος",
        "tag": "w",
        "type": "word",
        "lemma": "συνεπιμαρτυρέω",
        "strong": "G49010",
        "morph": "Gr,V,PPA,GMS,",
        "tw": "rc://*/tw/dict/bible/kt/testimony"
      },
      {
        "text": "τοῦ",
        "tag": "w",
        "type": "word",
        "lemma": "ὁ",
        "strong": "G35880",
        "morph": "Gr,EA,,,,GMS,"
      },
      {
        "text": "Θεοῦ",
        "tag": "w",
        "type": "word",
        "lemma": "θεός",
        "strong": "G23160",
        "morph": "Gr,N,,,,,GMS,",
        "tw": "rc://*/tw/dict/bible/kt/god"
      },
      {
        "text": "σημείοις",
        "tag": "w",
        "type": "word",
        "lemma": "σημεῖον",
        "strong": "G45920",
        "morph": "Gr,N,,,,,DNP,",
        "tw": "rc://*/tw/dict/bible/kt/sign"
      },
      {
        "text": "τε",
        "tag": "w",
        "type": "word",
        "lemma": "τέ",
        "strong": "G50370",
        "morph": "Gr,DO,,,,,,,,"
      },
      {
        "type": "text",
        "text": ","
      },
      {
        "text": "καὶ",
        "tag": "w",
        "type": "word",
        "lemma": "καί",
        "strong": "G25320",
        "morph": "Gr,CO,,,,,,,,"
      },
      {
        "text": "τέρασιν",
        "tag": "w",
        "type": "word",
        "lemma": "τέρας",
        "strong": "G50590",
        "morph": "Gr,N,,,,,DNP,",
        "tw": "rc://*/tw/dict/bible/other/amazed"
      },
      {
        "type": "text",
        "text": ","
      },
      {
        "text": "καὶ",
        "tag": "w",
        "type": "word",
        "lemma": "καί",
        "strong": "G25320",
        "morph": "Gr,CO,,,,,,,,"
      },
      {
        "text": "ποικίλαις",
        "tag": "w",
        "type": "word",
        "lemma": "ποικίλος",
        "strong": "G41640",
        "morph": "Gr,AA,,,,DFP,"
      },
      {
        "text": "δυνάμεσιν",
        "tag": "w",
        "type": "word",
        "lemma": "δύναμις",
        "strong": "G14110",
        "morph": "Gr,N,,,,,DFP,",
        "tw": "rc://*/tw/dict/bible/kt/miracle"
      },
      {
        "type": "text",
        "text": ","
      },
      {
        "text": "καὶ",
        "tag": "w",
        "type": "word",
        "lemma": "καί",
        "strong": "G25320",
        "morph": "Gr,CO,,,,,,,,"
      },
      {
        "tag": "k",
        "type": "milestone",
        "tw": "rc://*/tw/dict/bible/kt/holyspirit",
        "children": [
          {
            "text": "Πνεύματος",
            "tag": "w",
            "type": "word",
            "lemma": "πνεῦμα",
            "strong": "G41510",
            "morph": "Gr,N,,,,,GNS,"
          },
          {
            "text": "Ἁγίου",
            "tag": "w",
            "type": "word",
            "lemma": "ἅγιος",
            "strong": "G00400",
            "morph": "Gr,AA,,,,GNS,",
            "tw": "rc://*/tw/dict/bible/kt/holy"
          }
        ],
        "endTag": "k-e\\*"
      },
      {
        "text": "μερισμοῖς",
        "tag": "w",
        "type": "word",
        "lemma": "μερισμός",
        "strong": "G33110",
        "morph": "Gr,N,,,,,DMP,"
      },
      {
        "type": "text",
        "text": ","
      },
      {
        "text": "κατὰ",
        "tag": "w",
        "type": "word",
        "lemma": "κατά",
        "strong": "G25960",
        "morph": "Gr,P,,,,,A,,,"
      },
      {
        "text": "τὴν",
        "tag": "w",
        "type": "word",
        "lemma": "ὁ",
        "strong": "G35880",
        "morph": "Gr,EA,,,,AFS,"
      },
      {
        "tag": "k",
        "type": "milestone",
        "tw": "rc://*/tw/dict/bible/kt/willofgod",
        "children": [
          {
            "text": "αὐτοῦ",
            "tag": "w",
            "type": "word",
            "lemma": "αὐτός",
            "strong": "G08460",
            "morph": "Gr,RP,,,3GMS,"
          },
          {
            "text": "θέλησιν",
            "tag": "w",
            "type": "word",
            "lemma": "θέλησις",
            "strong": "G23080",
            "morph": "Gr,N,,,,,AFS,"
          }
        ],
        "endTag": "k-e\\*"
      },
      {
        "type": "text",
        "text": ".\n\n"
      }
    ]
  },
  "5": {
    "verseObjects": [
      {
        "type": "text",
        "text": "\n"
      },
      {
        "tag": "p",
        "type": "paragraph"
      },
      {
        "text": "οὐ",
        "tag": "w",
        "type": "word",
        "lemma": "οὐ",
        "strong": "G37560",
        "morph": "Gr,D,,,,,,,,,"
      },
      {
        "text": "γὰρ",
        "tag": "w",
        "type": "word",
        "lemma": "γάρ",
        "strong": "G10630",
        "morph": "Gr,CC,,,,,,,,"
      },
      {
        "text": "ἀγγέλοις",
        "tag": "w",
        "type": "word",
        "lemma": "ἄγγελος",
        "strong": "G00320",
        "morph": "Gr,N,,,,,DMP,",
        "tw": "rc://*/tw/dict/bible/kt/angel"
      },
      {
        "text": "ὑπέταξεν",
        "tag": "w",
        "type": "word",
        "lemma": "ὑποτάσσω",
        "strong": "G52930",
        "morph": "Gr,V,IAA3,,S,",
        "tw": "rc://*/tw/dict/bible/other/subject"
      },
      {
        "text": "τὴν",
        "tag": "w",
        "type": "word",
        "lemma": "ὁ",
        "strong": "G35880",
        "morph": "Gr,EA,,,,AFS,"
      },
      {
        "text": "οἰκουμένην",
        "tag": "w",
        "type": "word",
        "lemma": "οἰκουμένη",
        "strong": "G36250",
        "morph": "Gr,N,,,,,AFS,",
        "tw": "rc://*/tw/dict/bible/kt/world"
      },
      {
        "text": "τὴν",
        "tag": "w",
        "type": "word",
        "lemma": "ὁ",
        "strong": "G35880",
        "morph": "Gr,RD,,,,AFS,"
      },
      {
        "text": "μέλλουσαν",
        "tag": "w",
        "type": "word",
        "lemma": "μέλλω",
        "strong": "G31950",
        "morph": "Gr,V,PPA,AFS,"
      },
      {
        "type": "text",
        "text": ","
      },
      {
        "text": "περὶ",
        "tag": "w",
        "type": "word",
        "lemma": "περί",
        "strong": "G40120",
        "morph": "Gr,P,,,,,G,,,"
      },
      {
        "text": "ἧς",
        "tag": "w",
        "type": "word",
        "lemma": "ὅς",
        "strong": "G37390",
        "morph": "Gr,RR,,,,GFS,"
      },
      {
        "text": "λαλοῦμεν",
        "tag": "w",
        "type": "word",
        "lemma": "λαλέω",
        "strong": "G29800",
        "morph": "Gr,V,IPA1,,P,"
      },
      {
        "type": "text",
        "text": ";\n\n"
      }
    ]
  },
  "6": {
    "verseObjects": [
      {
        "text": "διεμαρτύρατο",
        "tag": "w",
        "type": "word",
        "lemma": "διαμαρτύρομαι",
        "strong": "G12630",
        "morph": "Gr,V,IAM3,,S,",
        "tw": "rc://*/tw/dict/bible/kt/testimony"
      },
      {
        "text": "δέ",
        "tag": "w",
        "type": "word",
        "lemma": "δέ",
        "strong": "G11610",
        "morph": "Gr,CC,,,,,,,,"
      },
      {
        "text": "πού",
        "tag": "w",
        "type": "word",
        "lemma": "πού",
        "strong": "G42250",
        "morph": "Gr,D,,,,,,,,,"
      },
      {
        "text": "τις",
        "tag": "w",
        "type": "word",
        "lemma": "τις",
        "strong": "G51000",
        "morph": "Gr,RI,,,,NMS,"
      },
      {
        "text": "λέγων",
        "tag": "w",
        "type": "word",
        "lemma": "λέγω",
        "strong": "G30040",
        "morph": "Gr,V,PPA,NMS,"
      },
      {
        "type": "text",
        "text": ",\n“"
      },
      {
        "text": "τί",
        "tag": "w",
        "type": "word",
        "lemma": "τίς",
        "strong": "G51010",
        "morph": "Gr,RT,,,,NNS,"
      },
      {
        "text": "ἐστιν",
        "tag": "w",
        "type": "word",
        "lemma": "εἰμί",
        "strong": "G15100",
        "morph": "Gr,V,IPA3,,S,"
      },
      {
        "text": "ἄνθρωπος",
        "tag": "w",
        "type": "word",
        "lemma": "ἄνθρωπος",
        "strong": "G04440",
        "morph": "Gr,N,,,,,NMS,"
      },
      {
        "type": "text",
        "text": ","
      },
      {
        "text": "ὅτι",
        "tag": "w",
        "type": "word",
        "lemma": "ὅτι",
        "strong": "G37540",
        "morph": "Gr,CS,,,,,,,,"
      },
      {
        "text": "μιμνῄσκῃ",
        "tag": "w",
        "type": "word",
        "lemma": "μιμνῄσκω",
        "strong": "G34030",
        "morph": "Gr,V,IPM2,,S,"
      },
      {
        "text": "αὐτοῦ",
        "tag": "w",
        "type": "word",
        "lemma": "αὐτός",
        "strong": "G08460",
        "morph": "Gr,RP,,,3GMS,"
      },
      {
        "type": "text",
        "text": ","
      },
      {
        "text": "ἢ",
        "tag": "w",
        "type": "word",
        "lemma": "ἤ",
        "strong": "G22280",
        "morph": "Gr,CC,,,,,,,,"
      },
      {
        "text": "υἱὸς",
        "tag": "w",
        "type": "word",
        "lemma": "υἱός",
        "strong": "G52070",
        "morph": "Gr,N,,,,,NMS,",
        "tw": "rc://*/tw/dict/bible/kt/son"
      },
      {
        "text": "ἀνθρώπου",
        "tag": "w",
        "type": "word",
        "lemma": "ἄνθρωπος",
        "strong": "G04440",
        "morph": "Gr,N,,,,,GMS,"
      },
      {
        "type": "text",
        "text": ","
      },
      {
        "text": "ὅτι",
        "tag": "w",
        "type": "word",
        "lemma": "ὅτι",
        "strong": "G37540",
        "morph": "Gr,CS,,,,,,,,"
      },
      {
        "text": "ἐπισκέπτῃ",
        "tag": "w",
        "type": "word",
        "lemma": "ἐπισκέπτομαι",
        "strong": "G19800",
        "morph": "Gr,V,IPM2,,S,"
      },
      {
        "text": "αὐτόν",
        "tag": "w",
        "type": "word",
        "lemma": "αὐτός",
        "strong": "G08460",
        "morph": "Gr,RP,,,3AMS,"
      },
      {
        "type": "text",
        "text": "?\n\n"
      }
    ]
  },
  "7": {
    "verseObjects": [
      {
        "text": "ἠλάττωσας",
        "tag": "w",
        "type": "word",
        "lemma": "ἐλαττόω",
        "strong": "G16420",
        "morph": "Gr,V,IAA2,,S,"
      },
      {
        "text": "αὐτὸν",
        "tag": "w",
        "type": "word",
        "lemma": "αὐτός",
        "strong": "G08460",
        "morph": "Gr,RP,,,3AMS,"
      },
      {
        "type": "text",
        "text": ","
      },
      {
        "text": "βραχύ",
        "tag": "w",
        "type": "word",
        "lemma": "βραχύ",
        "strong": "G10235",
        "morph": "Gr,D,,,,,,,,,"
      },
      {
        "text": "τι",
        "tag": "w",
        "type": "word",
        "lemma": "τις",
        "strong": "G51000",
        "morph": "Gr,RI,,,,ANS,"
      },
      {
        "text": "παρ’",
        "tag": "w",
        "type": "word",
        "lemma": "παρά",
        "strong": "G38440",
        "morph": "Gr,P,,,,,A,,,"
      },
      {
        "text": "ἀγγέλους",
        "tag": "w",
        "type": "word",
        "lemma": "ἄγγελος",
        "strong": "G00320",
        "morph": "Gr,N,,,,,AMP,",
        "tw": "rc://*/tw/dict/bible/kt/angel"
      },
      {
        "type": "text",
        "text": ";"
      },
      {
        "text": "δόξῃ",
        "tag": "w",
        "type": "word",
        "lemma": "δόξα",
        "strong": "G13910",
        "morph": "Gr,N,,,,,DFS,",
        "tw": "rc://*/tw/dict/bible/kt/glory"
      },
      {
        "text": "καὶ",
        "tag": "w",
        "type": "word",
        "lemma": "καί",
        "strong": "G25320",
        "morph": "Gr,CC,,,,,,,,"
      },
      {
        "text": "τιμῇ",
        "tag": "w",
        "type": "word",
        "lemma": "τιμή",
        "strong": "G50920",
        "morph": "Gr,N,,,,,DFS,",
        "tw": "rc://*/tw/dict/bible/kt/honor"
      },
      {
        "text": "ἐστεφάνωσας",
        "tag": "w",
        "type": "word",
        "lemma": "στεφανόω",
        "strong": "G47370",
        "morph": "Gr,V,IAA2,,S,",
        "tw": "rc://*/tw/dict/bible/other/crown"
      },
      {
        "text": "αὐτόν",
        "tag": "w",
        "type": "word",
        "lemma": "αὐτός",
        "strong": "G08460",
        "morph": "Gr,RP,,,3AMS,"
      },
      {
        "type": "text",
        "text": ",\n\n"
      }
    ]
  },
  "8": {
    "verseObjects": [
      {
        "text": "πάντα",
        "tag": "w",
        "type": "word",
        "lemma": "πᾶς",
        "strong": "G39560",
        "morph": "Gr,RI,,,,ANP,"
      },
      {
        "text": "ὑπέταξας",
        "tag": "w",
        "type": "word",
        "lemma": "ὑποτάσσω",
        "strong": "G52930",
        "morph": "Gr,V,IAA2,,S,",
        "tw": "rc://*/tw/dict/bible/other/subject"
      },
      {
        "text": "ὑποκάτω",
        "tag": "w",
        "type": "word",
        "lemma": "ὑποκάτω",
        "strong": "G52700",
        "morph": "Gr,PI,,,,G,,,"
      },
      {
        "text": "τῶν",
        "tag": "w",
        "type": "word",
        "lemma": "ὁ",
        "strong": "G35880",
        "morph": "Gr,EA,,,,GMP,"
      },
      {
        "text": "ποδῶν",
        "tag": "w",
        "type": "word",
        "lemma": "πούς",
        "strong": "G42280",
        "morph": "Gr,N,,,,,GMP,"
      },
      {
        "text": "αὐτοῦ",
        "tag": "w",
        "type": "word",
        "lemma": "αὐτός",
        "strong": "G08460",
        "morph": "Gr,RP,,,3GMS,"
      },
      {
        "type": "text",
        "text": ".”"
      },
      {
        "text": "ἐν",
        "tag": "w",
        "type": "word",
        "lemma": "ἐν",
        "strong": "G17220",
        "morph": "Gr,P,,,,,D,,,"
      },
      {
        "text": "τῷ",
        "tag": "w",
        "type": "word",
        "lemma": "ὁ",
        "strong": "G35880",
        "morph": "Gr,RD,,,,DNS,"
      },
      {
        "text": "γὰρ",
        "tag": "w",
        "type": "word",
        "lemma": "γάρ",
        "strong": "G10630",
        "morph": "Gr,CC,,,,,,,,"
      },
      {
        "text": "ὑποτάξαι",
        "tag": "w",
        "type": "word",
        "lemma": "ὑποτάσσω",
        "strong": "G52930",
        "morph": "Gr,V,NAA,,,,,",
        "tw": "rc://*/tw/dict/bible/other/subject"
      },
      {
        "text": "τὰ",
        "tag": "w",
        "type": "word",
        "lemma": "ὁ",
        "strong": "G35880",
        "morph": "Gr,RD,,,,ANP,"
      },
      {
        "text": "πάντα",
        "tag": "w",
        "type": "word",
        "lemma": "πᾶς",
        "strong": "G39560",
        "morph": "Gr,EQ,,,,ANP,"
      },
      {
        "type": "text",
        "text": ","
      },
      {
        "text": "οὐδὲν",
        "tag": "w",
        "type": "word",
        "lemma": "οὐδείς",
        "strong": "G37620",
        "morph": "Gr,RI,,,,ANS,"
      },
      {
        "text": "ἀφῆκεν",
        "tag": "w",
        "type": "word",
        "lemma": "ἀφίημι",
        "strong": "G08630",
        "morph": "Gr,V,IAA3,,S,"
      },
      {
        "text": "αὐτῷ",
        "tag": "w",
        "type": "word",
        "lemma": "αὐτός",
        "strong": "G08460",
        "morph": "Gr,RP,,,3DMS,"
      },
      {
        "text": "ἀνυπότακτον",
        "tag": "w",
        "type": "word",
        "lemma": "ἀνυπότακτος",
        "strong": "G05060",
        "morph": "Gr,NS,,,,ANS,"
      },
      {
        "type": "text",
        "text": "."
      },
      {
        "text": "νῦν",
        "tag": "w",
        "type": "word",
        "lemma": "νῦν",
        "strong": "G35680",
        "morph": "Gr,D,,,,,,,,,"
      },
      {
        "text": "δὲ",
        "tag": "w",
        "type": "word",
        "lemma": "δέ",
        "strong": "G11610",
        "morph": "Gr,CC,,,,,,,,"
      },
      {
        "text": "οὔπω",
        "tag": "w",
        "type": "word",
        "lemma": "οὔπω",
        "strong": "G37680",
        "morph": "Gr,D,,,,,,,,,"
      },
      {
        "text": "ὁρῶμεν",
        "tag": "w",
        "type": "word",
        "lemma": "ὁράω",
        "strong": "G37080",
        "morph": "Gr,V,IPA1,,P,"
      },
      {
        "text": "αὐτῷ",
        "tag": "w",
        "type": "word",
        "lemma": "αὐτός",
        "strong": "G08460",
        "morph": "Gr,RP,,,3DMS,"
      },
      {
        "text": "τὰ",
        "tag": "w",
        "type": "word",
        "lemma": "ὁ",
        "strong": "G35880",
        "morph": "Gr,RD,,,,ANP,"
      },
      {
        "text": "πάντα",
        "tag": "w",
        "type": "word",
        "lemma": "πᾶς",
        "strong": "G39560",
        "morph": "Gr,EQ,,,,ANP,"
      },
      {
        "text": "ὑποτεταγμένα",
        "tag": "w",
        "type": "word",
        "lemma": "ὑποτάσσω",
        "strong": "G52930",
        "morph": "Gr,V,PEP,ANP,",
        "tw": "rc://*/tw/dict/bible/other/subject"
      },
      {
        "type": "text",
        "text": ".\n\n"
      }
    ]
  },
  "9": {
    "verseObjects": [
      {
        "text": "τὸν",
        "tag": "w",
        "type": "word",
        "lemma": "ὁ",
        "strong": "G35880",
        "morph": "Gr,RR,,,,AMS,"
      },
      {
        "text": "δὲ",
        "tag": "w",
        "type": "word",
        "lemma": "δέ",
        "strong": "G11610",
        "morph": "Gr,CC,,,,,,,,"
      },
      {
        "text": "βραχύ",
        "tag": "w",
        "type": "word",
        "lemma": "βραχύ",
        "strong": "G10235",
        "morph": "Gr,D,,,,,,,,,"
      },
      {
        "text": "τι",
        "tag": "w",
        "type": "word",
        "lemma": "τις",
        "strong": "G51000",
        "morph": "Gr,RI,,,,ANS,"
      },
      {
        "text": "παρ’",
        "tag": "w",
        "type": "word",
        "lemma": "παρά",
        "strong": "G38440",
        "morph": "Gr,P,,,,,A,,,"
      },
      {
        "text": "ἀγγέλους",
        "tag": "w",
        "type": "word",
        "lemma": "ἄγγελος",
        "strong": "G00320",
        "morph": "Gr,N,,,,,AMP,",
        "tw": "rc://*/tw/dict/bible/kt/angel"
      },
      {
        "text": "ἠλαττωμένον",
        "tag": "w",
        "type": "word",
        "lemma": "ἐλαττόω",
        "strong": "G16420",
        "morph": "Gr,V,PEP,AMS,"
      },
      {
        "type": "text",
        "text": ","
      },
      {
        "text": "βλέπομεν",
        "tag": "w",
        "type": "word",
        "lemma": "βλέπω",
        "strong": "G09910",
        "morph": "Gr,V,IPA1,,P,"
      },
      {
        "text": "Ἰησοῦν",
        "tag": "w",
        "type": "word",
        "lemma": "Ἰησοῦς",
        "strong": "G24240",
        "morph": "Gr,N,,,,,AMS,",
        "tw": "rc://*/tw/dict/bible/kt/jesus"
      },
      {
        "type": "text",
        "text": ","
      },
      {
        "text": "διὰ",
        "tag": "w",
        "type": "word",
        "lemma": "διά",
        "strong": "G12230",
        "morph": "Gr,P,,,,,A,,,"
      },
      {
        "text": "τὸ",
        "tag": "w",
        "type": "word",
        "lemma": "ὁ",
        "strong": "G35880",
        "morph": "Gr,EA,,,,ANS,"
      },
      {
        "text": "πάθημα",
        "tag": "w",
        "type": "word",
        "lemma": "πάθημα",
        "strong": "G38040",
        "morph": "Gr,N,,,,,ANS,",
        "tw": "rc://*/tw/dict/bible/other/suffer"
      },
      {
        "text": "τοῦ",
        "tag": "w",
        "type": "word",
        "lemma": "ὁ",
        "strong": "G35880",
        "morph": "Gr,EA,,,,GMS,"
      },
      {
        "text": "θανάτου",
        "tag": "w",
        "type": "word",
        "lemma": "θάνατος",
        "strong": "G22880",
        "morph": "Gr,N,,,,,GMS,",
        "tw": "rc://*/tw/dict/bible/other/death"
      },
      {
        "type": "text",
        "text": ","
      },
      {
        "text": "δόξῃ",
        "tag": "w",
        "type": "word",
        "lemma": "δόξα",
        "strong": "G13910",
        "morph": "Gr,N,,,,,DFS,",
        "tw": "rc://*/tw/dict/bible/kt/glory"
      },
      {
        "text": "καὶ",
        "tag": "w",
        "type": "word",
        "lemma": "καί",
        "strong": "G25320",
        "morph": "Gr,CC,,,,,,,,"
      },
      {
        "text": "τιμῇ",
        "tag": "w",
        "type": "word",
        "lemma": "τιμή",
        "strong": "G50920",
        "morph": "Gr,N,,,,,DFS,",
        "tw": "rc://*/tw/dict/bible/kt/honor"
      },
      {
        "text": "ἐστεφανωμένον",
        "tag": "w",
        "type": "word",
        "lemma": "στεφανόω",
        "strong": "G47370",
        "morph": "Gr,V,PEP,AMS,",
        "tw": "rc://*/tw/dict/bible/other/crown"
      },
      {
        "type": "text",
        "text": ";"
      },
      {
        "text": "ὅπως",
        "tag": "w",
        "type": "word",
        "lemma": "ὅπως",
        "strong": "G37040",
        "morph": "Gr,CS,,,,,,,,"
      },
      {
        "text": "χάριτι",
        "tag": "w",
        "type": "word",
        "lemma": "χάρις",
        "strong": "G54850",
        "morph": "Gr,N,,,,,DFS,",
        "tw": "rc://*/tw/dict/bible/kt/grace"
      },
      {
        "text": "Θεοῦ",
        "tag": "w",
        "type": "word",
        "lemma": "θεός",
        "strong": "G23160",
        "morph": "Gr,N,,,,,GMS,",
        "tw": "rc://*/tw/dict/bible/kt/god"
      },
      {
        "type": "text",
        "text": ","
      },
      {
        "text": "ὑπὲρ",
        "tag": "w",
        "type": "word",
        "lemma": "ὑπέρ",
        "strong": "G52280",
        "morph": "Gr,P,,,,,G,,,"
      },
      {
        "text": "παντὸς",
        "tag": "w",
        "type": "word",
        "lemma": "πᾶς",
        "strong": "G39560",
        "morph": "Gr,RI,,,,GMS,"
      },
      {
        "text": "γεύσηται",
        "tag": "w",
        "type": "word",
        "lemma": "γεύομαι",
        "strong": "G10890",
        "morph": "Gr,V,SAM3,,S,"
      },
      {
        "text": "θανάτου",
        "tag": "w",
        "type": "word",
        "lemma": "θάνατος",
        "strong": "G22880",
        "morph": "Gr,N,,,,,GMS,",
        "tw": "rc://*/tw/dict/bible/other/death"
      },
      {
        "type": "text",
        "text": ".\n\n"
      }
    ]
  },
  "10": {
    "verseObjects": [
      {
        "type": "text",
        "text": "\n"
      },
      {
        "tag": "p",
        "type": "paragraph"
      },
      {
        "text": "ἔπρεπεν",
        "tag": "w",
        "type": "word",
        "lemma": "πρέπω",
        "strong": "G42410",
        "morph": "Gr,V,IIA3,,S,"
      },
      {
        "text": "γὰρ",
        "tag": "w",
        "type": "word",
        "lemma": "γάρ",
        "strong": "G10630",
        "morph": "Gr,CC,,,,,,,,"
      },
      {
        "text": "αὐτῷ",
        "tag": "w",
        "type": "word",
        "lemma": "αὐτός",
        "strong": "G08460",
        "morph": "Gr,RP,,,3DMS,"
      },
      {
        "type": "text",
        "text": ","
      },
      {
        "text": "δι’",
        "tag": "w",
        "type": "word",
        "lemma": "διά",
        "strong": "G12230",
        "morph": "Gr,P,,,,,A,,,"
      },
      {
        "text": "ὃν",
        "tag": "w",
        "type": "word",
        "lemma": "ὅς",
        "strong": "G37390",
        "morph": "Gr,RR,,,,AMS,"
      },
      {
        "text": "τὰ",
        "tag": "w",
        "type": "word",
        "lemma": "ὁ",
        "strong": "G35880",
        "morph": "Gr,RD,,,,NNP,"
      },
      {
        "text": "πάντα",
        "tag": "w",
        "type": "word",
        "lemma": "πᾶς",
        "strong": "G39560",
        "morph": "Gr,EQ,,,,NNP,"
      },
      {
        "type": "text",
        "text": ","
      },
      {
        "text": "καὶ",
        "tag": "w",
        "type": "word",
        "lemma": "καί",
        "strong": "G25320",
        "morph": "Gr,CC,,,,,,,,"
      },
      {
        "text": "δι’",
        "tag": "w",
        "type": "word",
        "lemma": "διά",
        "strong": "G12230",
        "morph": "Gr,P,,,,,G,,,"
      },
      {
        "text": "οὗ",
        "tag": "w",
        "type": "word",
        "lemma": "ὅς",
        "strong": "G37390",
        "morph": "Gr,RR,,,,GMS,"
      },
      {
        "text": "τὰ",
        "tag": "w",
        "type": "word",
        "lemma": "ὁ",
        "strong": "G35880",
        "morph": "Gr,RD,,,,NNP,"
      },
      {
        "text": "πάντα",
        "tag": "w",
        "type": "word",
        "lemma": "πᾶς",
        "strong": "G39560",
        "morph": "Gr,EQ,,,,NNP,"
      },
      {
        "type": "text",
        "text": ","
      },
      {
        "text": "πολλοὺς",
        "tag": "w",
        "type": "word",
        "lemma": "πολλός",
        "strong": "G41830",
        "morph": "Gr,EQ,,,,AMP,"
      },
      {
        "text": "υἱοὺς",
        "tag": "w",
        "type": "word",
        "lemma": "υἱός",
        "strong": "G52070",
        "morph": "Gr,N,,,,,AMP,",
        "tw": "rc://*/tw/dict/bible/kt/son"
      },
      {
        "text": "εἰς",
        "tag": "w",
        "type": "word",
        "lemma": "εἰς",
        "strong": "G15190",
        "morph": "Gr,P,,,,,A,,,"
      },
      {
        "text": "δόξαν",
        "tag": "w",
        "type": "word",
        "lemma": "δόξα",
        "strong": "G13910",
        "morph": "Gr,N,,,,,AFS,",
        "tw": "rc://*/tw/dict/bible/kt/glory"
      },
      {
        "text": "ἀγαγόντα",
        "tag": "w",
        "type": "word",
        "lemma": "ἄγω",
        "strong": "G00710",
        "morph": "Gr,V,PAA,AMS,"
      },
      {
        "type": "text",
        "text": ","
      },
      {
        "text": "τὸν",
        "tag": "w",
        "type": "word",
        "lemma": "ὁ",
        "strong": "G35880",
        "morph": "Gr,EA,,,,AMS,"
      },
      {
        "text": "ἀρχηγὸν",
        "tag": "w",
        "type": "word",
        "lemma": "ἀρχηγός",
        "strong": "G07470",
        "morph": "Gr,N,,,,,AMS,",
        "tw": "rc://*/tw/dict/bible/other/prince"
      },
      {
        "text": "τῆς",
        "tag": "w",
        "type": "word",
        "lemma": "ὁ",
        "strong": "G35880",
        "morph": "Gr,EA,,,,GFS,"
      },
      {
        "text": "σωτηρίας",
        "tag": "w",
        "type": "word",
        "lemma": "σωτηρία",
        "strong": "G49910",
        "morph": "Gr,N,,,,,GFS,",
        "tw": "rc://*/tw/dict/bible/kt/save"
      },
      {
        "text": "αὐτῶν",
        "tag": "w",
        "type": "word",
        "lemma": "αὐτός",
        "strong": "G08460",
        "morph": "Gr,RP,,,3GMP,"
      },
      {
        "type": "text",
        "text": ","
      },
      {
        "text": "διὰ",
        "tag": "w",
        "type": "word",
        "lemma": "διά",
        "strong": "G12230",
        "morph": "Gr,P,,,,,G,,,"
      },
      {
        "text": "παθημάτων",
        "tag": "w",
        "type": "word",
        "lemma": "πάθημα",
        "strong": "G38040",
        "morph": "Gr,N,,,,,GNP,",
        "tw": "rc://*/tw/dict/bible/other/suffer"
      },
      {
        "text": "τελειῶσαι",
        "tag": "w",
        "type": "word",
        "lemma": "τελειόω",
        "strong": "G50480",
        "morph": "Gr,V,NAA,,,,,",
        "tw": "rc://*/tw/dict/bible/other/prefect"
      },
      {
        "type": "text",
        "text": ".\n\n"
      }
    ]
  },
  "11": {
    "verseObjects": [
      {
        "text": "ὅ",
        "tag": "w",
        "type": "word",
        "lemma": "ὁ",
        "strong": "G35880",
        "morph": "Gr,RD,,,,NMS,"
      },
      {
        "text": "τε",
        "tag": "w",
        "type": "word",
        "lemma": "τέ",
        "strong": "G50370",
        "morph": "Gr,DO,,,,,,,,"
      },
      {
        "text": "γὰρ",
        "tag": "w",
        "type": "word",
        "lemma": "γάρ",
        "strong": "G10630",
        "morph": "Gr,CC,,,,,,,,"
      },
      {
        "text": "ἁγιάζων",
        "tag": "w",
        "type": "word",
        "lemma": "ἁγιάζω",
        "strong": "G00370",
        "morph": "Gr,V,PPA,NMS,",
        "tw": "rc://*/tw/dict/bible/kt/sanctify"
      },
      {
        "type": "text",
        "text": ","
      },
      {
        "text": "καὶ",
        "tag": "w",
        "type": "word",
        "lemma": "καί",
        "strong": "G25320",
        "morph": "Gr,CO,,,,,,,,"
      },
      {
        "text": "οἱ",
        "tag": "w",
        "type": "word",
        "lemma": "ὁ",
        "strong": "G35880",
        "morph": "Gr,RD,,,,NMP,"
      },
      {
        "text": "ἁγιαζόμενοι",
        "tag": "w",
        "type": "word",
        "lemma": "ἁγιάζω",
        "strong": "G00370",
        "morph": "Gr,V,PPP,NMP,",
        "tw": "rc://*/tw/dict/bible/kt/sanctify"
      },
      {
        "type": "text",
        "text": ","
      },
      {
        "text": "ἐξ",
        "tag": "w",
        "type": "word",
        "lemma": "ἐκ",
        "strong": "G15370",
        "morph": "Gr,P,,,,,G,,,"
      },
      {
        "text": "ἑνὸς",
        "tag": "w",
        "type": "word",
        "lemma": "εἷς",
        "strong": "G15200",
        "morph": "Gr,NS,,,,GMS,",
        "tw": "rc://*/tw/dict/bible/other/shame"
      },
      {
        "text": "πάντες",
        "tag": "w",
        "type": "word",
        "lemma": "πᾶς",
        "strong": "G39560",
        "morph": "Gr,RI,,,,NMP,"
      },
      {
        "type": "text",
        "text": ";"
      },
      {
        "text": "δι’",
        "tag": "w",
        "type": "word",
        "lemma": "διά",
        "strong": "G12230",
        "morph": "Gr,P,,,,,A,,,"
      },
      {
        "text": "ἣν",
        "tag": "w",
        "type": "word",
        "lemma": "ὅς",
        "strong": "G37390",
        "morph": "Gr,ER,,,,AFS,"
      },
      {
        "text": "αἰτίαν",
        "tag": "w",
        "type": "word",
        "lemma": "αἰτία",
        "strong": "G01560",
        "morph": "Gr,N,,,,,AFS,"
      },
      {
        "type": "text",
        "text": ","
      },
      {
        "text": "οὐκ",
        "tag": "w",
        "type": "word",
        "lemma": "οὐ",
        "strong": "G37560",
        "morph": "Gr,D,,,,,,,,,"
      },
      {
        "text": "ἐπαισχύνεται",
        "tag": "w",
        "type": "word",
        "lemma": "ἐπαισχύνομαι",
        "strong": "G18700",
        "morph": "Gr,V,IPM3,,S,",
        "tw": "rc://*/tw/dict/bible/other/shame"
      },
      {
        "text": "ἀδελφοὺς",
        "tag": "w",
        "type": "word",
        "lemma": "ἀδελφός",
        "strong": "G00800",
        "morph": "Gr,N,,,,,AMP,",
        "tw": "rc://*/tw/dict/bible/kt/brother"
      },
      {
        "text": "αὐτοὺς",
        "tag": "w",
        "type": "word",
        "lemma": "αὐτός",
        "strong": "G08460",
        "morph": "Gr,RP,,,3AMP,"
      },
      {
        "text": "καλεῖν",
        "tag": "w",
        "type": "word",
        "lemma": "καλέω",
        "strong": "G25640",
        "morph": "Gr,V,NPA,,,,,",
        "tw": "rc://*/tw/dict/bible/kt/call"
      },
      {
        "type": "text",
        "text": "\n\n"
      }
    ]
  },
  "12": {
    "verseObjects": [
      {
        "text": "λέγων",
        "tag": "w",
        "type": "word",
        "lemma": "λέγω",
        "strong": "G30040",
        "morph": "Gr,V,PPA,NMS,"
      },
      {
        "type": "text",
        "text": ",\n“"
      },
      {
        "text": "ἀπαγγελῶ",
        "tag": "w",
        "type": "word",
        "lemma": "ἀπαγγέλλω",
        "strong": "G05180",
        "morph": "Gr,V,IFA1,,S,",
        "tw": "rc://*/tw/dict/bible/other/declare"
      },
      {
        "text": "τὸ",
        "tag": "w",
        "type": "word",
        "lemma": "ὁ",
        "strong": "G35880",
        "morph": "Gr,EA,,,,ANS,"
      },
      {
        "text": "ὄνομά",
        "tag": "w",
        "type": "word",
        "lemma": "ὄνομα",
        "strong": "G36860",
        "morph": "Gr,N,,,,,ANS,",
        "tw": "rc://*/tw/dict/bible/kt/name"
      },
      {
        "text": "σου",
        "tag": "w",
        "type": "word",
        "lemma": "σύ",
        "strong": "G47710",
        "morph": "Gr,RP,,,2G,S,"
      },
      {
        "text": "τοῖς",
        "tag": "w",
        "type": "word",
        "lemma": "ὁ",
        "strong": "G35880",
        "morph": "Gr,EA,,,,DMP,"
      },
      {
        "text": "ἀδελφοῖς",
        "tag": "w",
        "type": "word",
        "lemma": "ἀδελφός",
        "strong": "G00800",
        "morph": "Gr,N,,,,,DMP,",
        "tw": "rc://*/tw/dict/bible/kt/brother"
      },
      {
        "text": "μου",
        "tag": "w",
        "type": "word",
        "lemma": "ἐγώ",
        "strong": "G14730",
        "morph": "Gr,RP,,,1G,S,"
      },
      {
        "type": "text",
        "text": ";"
      },
      {
        "text": "ἐν",
        "tag": "w",
        "type": "word",
        "lemma": "ἐν",
        "strong": "G17220",
        "morph": "Gr,P,,,,,D,,,"
      },
      {
        "text": "μέσῳ",
        "tag": "w",
        "type": "word",
        "lemma": "μέσος",
        "strong": "G33190",
        "morph": "Gr,NS,,,,DNS,"
      },
      {
        "text": "ἐκκλησίας",
        "tag": "w",
        "type": "word",
        "lemma": "ἐκκλησία",
        "strong": "G15770",
        "morph": "Gr,N,,,,,GFS,",
        "tw": "rc://*/tw/dict/bible/other/assembly"
      },
      {
        "text": "ὑμνήσω",
        "tag": "w",
        "type": "word",
        "lemma": "ὑμνέω",
        "strong": "G52140",
        "morph": "Gr,V,IFA1,,S,"
      },
      {
        "text": "σε",
        "tag": "w",
        "type": "word",
        "lemma": "σύ",
        "strong": "G47710",
        "morph": "Gr,RP,,,2A,S,"
      },
      {
        "type": "text",
        "text": ".”\n\n"
      }
    ]
  },
  "13": {
    "verseObjects": [
      {
        "text": "καὶ",
        "tag": "w",
        "type": "word",
        "lemma": "καί",
        "strong": "G25320",
        "morph": "Gr,CC,,,,,,,,"
      },
      {
        "text": "πάλιν",
        "tag": "w",
        "type": "word",
        "lemma": "πάλιν",
        "strong": "G38250",
        "morph": "Gr,D,,,,,,,,,"
      },
      {
        "type": "text",
        "text": ",\n“"
      },
      {
        "text": "ἐγὼ",
        "tag": "w",
        "type": "word",
        "lemma": "ἐγώ",
        "strong": "G14730",
        "morph": "Gr,RP,,,1N,S,"
      },
      {
        "text": "ἔσομαι",
        "tag": "w",
        "type": "word",
        "lemma": "εἰμί",
        "strong": "G15100",
        "morph": "Gr,V,IFM1,,S,"
      },
      {
        "text": "πεποιθὼς",
        "tag": "w",
        "type": "word",
        "lemma": "πείθω",
        "strong": "G39820",
        "morph": "Gr,V,PEA,NMS,",
        "tw": "rc://*/tw/dict/bible/kt/trust"
      },
      {
        "text": "ἐπ’",
        "tag": "w",
        "type": "word",
        "lemma": "ἐπί",
        "strong": "G19090",
        "morph": "Gr,P,,,,,D,,,"
      },
      {
        "text": "αὐτῷ",
        "tag": "w",
        "type": "word",
        "lemma": "αὐτός",
        "strong": "G08460",
        "morph": "Gr,RP,,,3DMS,"
      },
      {
        "type": "text",
        "text": ".”"
      },
      {
        "text": "καὶ",
        "tag": "w",
        "type": "word",
        "lemma": "καί",
        "strong": "G25320",
        "morph": "Gr,CC,,,,,,,,"
      },
      {
        "text": "πάλιν",
        "tag": "w",
        "type": "word",
        "lemma": "πάλιν",
        "strong": "G38250",
        "morph": "Gr,D,,,,,,,,,"
      },
      {
        "type": "text",
        "text": ",\n“"
      },
      {
        "text": "ἰδοὺ",
        "tag": "w",
        "type": "word",
        "lemma": "ὁράω",
        "strong": "G37080",
        "morph": "Gr,IDMAA2,,S,"
      },
      {
        "type": "text",
        "text": ","
      },
      {
        "text": "ἐγὼ",
        "tag": "w",
        "type": "word",
        "lemma": "ἐγώ",
        "strong": "G14730",
        "morph": "Gr,RP,,,1N,S,"
      },
      {
        "text": "καὶ",
        "tag": "w",
        "type": "word",
        "lemma": "καί",
        "strong": "G25320",
        "morph": "Gr,CC,,,,,,,,"
      },
      {
        "text": "τὰ",
        "tag": "w",
        "type": "word",
        "lemma": "ὁ",
        "strong": "G35880",
        "morph": "Gr,EA,,,,NNP,"
      },
      {
        "text": "παιδία",
        "tag": "w",
        "type": "word",
        "lemma": "παιδίον",
        "strong": "G38130",
        "morph": "Gr,N,,,,,NNPD",
        "tw": "rc://*/tw/dict/bible/kt/children"
      },
      {
        "type": "text",
        "text": ","
      },
      {
        "text": "ἅ",
        "tag": "w",
        "type": "word",
        "lemma": "ὅς",
        "strong": "G37390",
        "morph": "Gr,RR,,,,ANP,"
      },
      {
        "text": "μοι",
        "tag": "w",
        "type": "word",
        "lemma": "ἐγώ",
        "strong": "G14730",
        "morph": "Gr,RP,,,1D,S,"
      },
      {
        "text": "ἔδωκεν",
        "tag": "w",
        "type": "word",
        "lemma": "δίδωμι",
        "strong": "G13250",
        "morph": "Gr,V,IAA3,,S,"
      },
      {
        "text": "ὁ",
        "tag": "w",
        "type": "word",
        "lemma": "ὁ",
        "strong": "G35880",
        "morph": "Gr,EA,,,,NMS,"
      },
      {
        "text": "Θεός",
        "tag": "w",
        "type": "word",
        "lemma": "θεός",
        "strong": "G23160",
        "morph": "Gr,N,,,,,NMS,",
        "tw": "rc://*/tw/dict/bible/kt/god"
      },
      {
        "type": "text",
        "text": ".”\n\n"
      }
    ]
  },
  "14": {
    "verseObjects": [
      {
        "type": "text",
        "text": "\n"
      },
      {
        "tag": "p",
        "type": "paragraph"
      },
      {
        "text": "ἐπεὶ",
        "tag": "w",
        "type": "word",
        "lemma": "ἐπεί",
        "strong": "G18930",
        "morph": "Gr,CS,,,,,,,,"
      },
      {
        "text": "οὖν",
        "tag": "w",
        "type": "word",
        "lemma": "οὖν",
        "strong": "G37670",
        "morph": "Gr,CC,,,,,,,,"
      },
      {
        "text": "τὰ",
        "tag": "w",
        "type": "word",
        "lemma": "ὁ",
        "strong": "G35880",
        "morph": "Gr,EA,,,,NNP,"
      },
      {
        "text": "παιδία",
        "tag": "w",
        "type": "word",
        "lemma": "παιδίον",
        "strong": "G38130",
        "morph": "Gr,N,,,,,NNPD",
        "tw": "rc://*/tw/dict/bible/kt/children"
      },
      {
        "text": "κεκοινώνηκεν",
        "tag": "w",
        "type": "word",
        "lemma": "κοινωνέω",
        "strong": "G28410",
        "morph": "Gr,V,IEA3,,S,"
      },
      {
        "text": "αἵματος",
        "tag": "w",
        "type": "word",
        "lemma": "αἷμα",
        "strong": "G01290",
        "morph": "Gr,N,,,,,GNS,",
        "tw": "rc://*/tw/dict/bible/kt/blood"
      },
      {
        "text": "καὶ",
        "tag": "w",
        "type": "word",
        "lemma": "καί",
        "strong": "G25320",
        "morph": "Gr,CC,,,,,,,,"
      },
      {
        "text": "σαρκός",
        "tag": "w",
        "type": "word",
        "lemma": "σάρξ",
        "strong": "G45610",
        "morph": "Gr,N,,,,,GFS,",
        "tw": "rc://*/tw/dict/bible/kt/flesh"
      },
      {
        "type": "text",
        "text": ","
      },
      {
        "text": "καὶ",
        "tag": "w",
        "type": "word",
        "lemma": "καί",
        "strong": "G25320",
        "morph": "Gr,D,,,,,,,,,"
      },
      {
        "text": "αὐτὸς",
        "tag": "w",
        "type": "word",
        "lemma": "αὐτός",
        "strong": "G08460",
        "morph": "Gr,RP,,,3NMS,"
      },
      {
        "text": "παραπλησίως",
        "tag": "w",
        "type": "word",
        "lemma": "παραπλησίως",
        "strong": "G38980",
        "morph": "Gr,D,,,,,,,,,"
      },
      {
        "text": "μετέσχεν",
        "tag": "w",
        "type": "word",
        "lemma": "μετέχω",
        "strong": "G33480",
        "morph": "Gr,V,IAA3,,S,"
      },
      {
        "text": "τῶν",
        "tag": "w",
        "type": "word",
        "lemma": "ὁ",
        "strong": "G35880",
        "morph": "Gr,EA,,,,GNP,"
      },
      {
        "text": "αὐτῶν",
        "tag": "w",
        "type": "word",
        "lemma": "αὐτός",
        "strong": "G08460",
        "morph": "Gr,RD,,,,GNP,"
      },
      {
        "type": "text",
        "text": ","
      },
      {
        "text": "ἵνα",
        "tag": "w",
        "type": "word",
        "lemma": "ἵνα",
        "strong": "G24430",
        "morph": "Gr,CS,,,,,,,,"
      },
      {
        "text": "διὰ",
        "tag": "w",
        "type": "word",
        "lemma": "διά",
        "strong": "G12230",
        "morph": "Gr,P,,,,,G,,,"
      },
      {
        "text": "τοῦ",
        "tag": "w",
        "type": "word",
        "lemma": "ὁ",
        "strong": "G35880",
        "morph": "Gr,EP,,,,GMS,"
      },
      {
        "text": "θανάτου",
        "tag": "w",
        "type": "word",
        "lemma": "θάνατος",
        "strong": "G22880",
        "morph": "Gr,N,,,,,GMS,",
        "tw": "rc://*/tw/dict/bible/other/death"
      },
      {
        "type": "text",
        "text": ","
      },
      {
        "text": "καταργήσῃ",
        "tag": "w",
        "type": "word",
        "lemma": "καταργέω",
        "strong": "G26730",
        "morph": "Gr,V,SAA3,,S,",
        "tw": "rc://*/tw/dict/bible/other/destroy"
      },
      {
        "text": "τὸν",
        "tag": "w",
        "type": "word",
        "lemma": "ὁ",
        "strong": "G35880",
        "morph": "Gr,RD,,,,AMS,"
      },
      {
        "text": "τὸ",
        "tag": "w",
        "type": "word",
        "lemma": "ὁ",
        "strong": "G35880",
        "morph": "Gr,EA,,,,ANS,"
      },
      {
        "text": "κράτος",
        "tag": "w",
        "type": "word",
        "lemma": "κράτος",
        "strong": "G29040",
        "morph": "Gr,N,,,,,ANS,",
        "tw": "rc://*/tw/dict/bible/other/power"
      },
      {
        "text": "ἔχοντα",
        "tag": "w",
        "type": "word",
        "lemma": "ἔχω",
        "strong": "G21920",
        "morph": "Gr,V,PPA,AMS,"
      },
      {
        "text": "τοῦ",
        "tag": "w",
        "type": "word",
        "lemma": "ὁ",
        "strong": "G35880",
        "morph": "Gr,EA,,,,GMS,"
      },
      {
        "text": "θανάτου",
        "tag": "w",
        "type": "word",
        "lemma": "θάνατος",
        "strong": "G22880",
        "morph": "Gr,N,,,,,GMS,",
        "tw": "rc://*/tw/dict/bible/other/death"
      },
      {
        "type": "text",
        "text": ","
      },
      {
        "text": "τοῦτ’",
        "tag": "w",
        "type": "word",
        "lemma": "οὗτος",
        "strong": "G37780",
        "morph": "Gr,RD,,,,NNS,"
      },
      {
        "text": "ἔστι",
        "tag": "w",
        "type": "word",
        "lemma": "εἰμί",
        "strong": "G15100",
        "morph": "Gr,V,IPA3,,S,"
      },
      {
        "text": "τὸν",
        "tag": "w",
        "type": "word",
        "lemma": "ὁ",
        "strong": "G35880",
        "morph": "Gr,EA,,,,AMS,"
      },
      {
        "text": "διάβολον",
        "tag": "w",
        "type": "word",
        "lemma": "διάβολος",
        "strong": "G12280",
        "morph": "Gr,NS,,,,AMS,",
        "tw": "rc://*/tw/dict/bible/kt/satan"
      },
      {
        "type": "text",
        "text": ";\n\n"
      }
    ]
  },
  "15": {
    "verseObjects": [
      {
        "text": "καὶ",
        "tag": "w",
        "type": "word",
        "lemma": "καί",
        "strong": "G25320",
        "morph": "Gr,CC,,,,,,,,"
      },
      {
        "text": "ἀπαλλάξῃ",
        "tag": "w",
        "type": "word",
        "lemma": "ἀπαλλάσσω",
        "strong": "G05250",
        "morph": "Gr,V,SAA3,,S,",
        "tw": "rc://*/tw/dict/bible/other/free"
      },
      {
        "text": "τούτους",
        "tag": "w",
        "type": "word",
        "lemma": "οὗτος",
        "strong": "G37780",
        "morph": "Gr,RD,,,,AMP,"
      },
      {
        "type": "text",
        "text": ","
      },
      {
        "text": "ὅσοι",
        "tag": "w",
        "type": "word",
        "lemma": "ὅσος",
        "strong": "G37450",
        "morph": "Gr,RR,,,,NMP,"
      },
      {
        "text": "φόβῳ",
        "tag": "w",
        "type": "word",
        "lemma": "φόβος",
        "strong": "G54010",
        "morph": "Gr,N,,,,,DMS,",
        "tw": "rc://*/tw/dict/bible/kt/fear"
      },
      {
        "text": "θανάτου",
        "tag": "w",
        "type": "word",
        "lemma": "θάνατος",
        "strong": "G22880",
        "morph": "Gr,N,,,,,GMS,",
        "tw": "rc://*/tw/dict/bible/other/death"
      },
      {
        "type": "text",
        "text": ","
      },
      {
        "text": "διὰ",
        "tag": "w",
        "type": "word",
        "lemma": "διά",
        "strong": "G12230",
        "morph": "Gr,P,,,,,G,,,"
      },
      {
        "text": "παντὸς",
        "tag": "w",
        "type": "word",
        "lemma": "πᾶς",
        "strong": "G39560",
        "morph": "Gr,RI,,,,GMS,"
      },
      {
        "text": "τοῦ",
        "tag": "w",
        "type": "word",
        "lemma": "ὁ",
        "strong": "G35880",
        "morph": "Gr,RD,,,,GNS,"
      },
      {
        "text": "ζῆν",
        "tag": "w",
        "type": "word",
        "lemma": "ζάω",
        "strong": "G21980",
        "morph": "Gr,V,NPA,,,,,",
        "tw": "rc://*/tw/dict/bible/kt/life"
      },
      {
        "type": "text",
        "text": ","
      },
      {
        "text": "ἔνοχοι",
        "tag": "w",
        "type": "word",
        "lemma": "ἔνοχος",
        "strong": "G17770",
        "morph": "Gr,NS,,,,NMP,"
      },
      {
        "text": "ἦσαν",
        "tag": "w",
        "type": "word",
        "lemma": "εἰμί",
        "strong": "G15100",
        "morph": "Gr,V,IIA3,,P,"
      },
      {
        "text": "δουλείας",
        "tag": "w",
        "type": "word",
        "lemma": "δουλεία",
        "strong": "G13970",
        "morph": "Gr,N,,,,,GFS,",
        "tw": "rc://*/tw/dict/bible/other/servant"
      },
      {
        "type": "text",
        "text": ".\n\n"
      }
    ]
  },
  "16": {
    "verseObjects": [
      {
        "text": "οὐ",
        "tag": "w",
        "type": "word",
        "lemma": "οὐ",
        "strong": "G37560",
        "morph": "Gr,DO,,,,,,,,"
      },
      {
        "text": "γὰρ",
        "tag": "w",
        "type": "word",
        "lemma": "γάρ",
        "strong": "G10630",
        "morph": "Gr,CC,,,,,,,,"
      },
      {
        "text": "δήπου",
        "tag": "w",
        "type": "word",
        "lemma": "δήπου",
        "strong": "G12220",
        "morph": "Gr,D,,,,,,,,,"
      },
      {
        "text": "ἀγγέλων",
        "tag": "w",
        "type": "word",
        "lemma": "ἄγγελος",
        "strong": "G00320",
        "morph": "Gr,N,,,,,GMP,",
        "tw": "rc://*/tw/dict/bible/kt/angel"
      },
      {
        "text": "ἐπιλαμβάνεται",
        "tag": "w",
        "type": "word",
        "lemma": "ἐπιλαμβάνομαι",
        "strong": "G19490",
        "morph": "Gr,V,IPM3,,S,"
      },
      {
        "type": "text",
        "text": ","
      },
      {
        "text": "ἀλλὰ",
        "tag": "w",
        "type": "word",
        "lemma": "ἀλλά",
        "strong": "G02350",
        "morph": "Gr,CO,,,,,,,,"
      },
      {
        "text": "σπέρματος",
        "tag": "w",
        "type": "word",
        "lemma": "σπέρμα",
        "strong": "G46900",
        "morph": "Gr,N,,,,,GNS,",
        "tw": "rc://*/tw/dict/bible/other/descendant"
      },
      {
        "text": "Ἀβραὰμ",
        "tag": "w",
        "type": "word",
        "lemma": "Ἀβραάμ",
        "strong": "G00110",
        "morph": "Gr,N,,,,,GMSI",
        "tw": "rc://*/tw/dict/bible/names/abraham"
      },
      {
        "text": "ἐπιλαμβάνεται",
        "tag": "w",
        "type": "word",
        "lemma": "ἐπιλαμβάνομαι",
        "strong": "G19490",
        "morph": "Gr,V,IPM3,,S,"
      },
      {
        "type": "text",
        "text": ".\n\n"
      }
    ]
  },
  "17": {
    "verseObjects": [
      {
        "text": "ὅθεν",
        "tag": "w",
        "type": "word",
        "lemma": "ὅθεν",
        "strong": "G36060",
        "morph": "Gr,CS,,,,,,,,"
      },
      {
        "text": "ὤφειλεν",
        "tag": "w",
        "type": "word",
        "lemma": "ὀφείλω",
        "strong": "G37840",
        "morph": "Gr,V,IIA3,,S,"
      },
      {
        "text": "κατὰ",
        "tag": "w",
        "type": "word",
        "lemma": "κατά",
        "strong": "G25960",
        "morph": "Gr,P,,,,,A,,,"
      },
      {
        "text": "πάντα",
        "tag": "w",
        "type": "word",
        "lemma": "πᾶς",
        "strong": "G39560",
        "morph": "Gr,RI,,,,ANP,"
      },
      {
        "text": "τοῖς",
        "tag": "w",
        "type": "word",
        "lemma": "ὁ",
        "strong": "G35880",
        "morph": "Gr,EP,,,,DMP,"
      },
      {
        "text": "ἀδελφοῖς",
        "tag": "w",
        "type": "word",
        "lemma": "ἀδελφός",
        "strong": "G00800",
        "morph": "Gr,N,,,,,DMP,",
        "tw": "rc://*/tw/dict/bible/kt/brother"
      },
      {
        "text": "ὁμοιωθῆναι",
        "tag": "w",
        "type": "word",
        "lemma": "ὁμοιόω",
        "strong": "G36660",
        "morph": "Gr,V,NAP,,,,,",
        "tw": "rc://*/tw/dict/bible/other/like"
      },
      {
        "type": "text",
        "text": ","
      },
      {
        "text": "ἵνα",
        "tag": "w",
        "type": "word",
        "lemma": "ἵνα",
        "strong": "G24430",
        "morph": "Gr,CS,,,,,,,,"
      },
      {
        "text": "ἐλεήμων",
        "tag": "w",
        "type": "word",
        "lemma": "ἐλεήμων",
        "strong": "G16550",
        "morph": "Gr,NS,,,,NMS,",
        "tw": "rc://*/tw/dict/bible/kt/mercy"
      },
      {
        "text": "γένηται",
        "tag": "w",
        "type": "word",
        "lemma": "γίνομαι",
        "strong": "G10960",
        "morph": "Gr,V,SAM3,,S,"
      },
      {
        "text": "καὶ",
        "tag": "w",
        "type": "word",
        "lemma": "καί",
        "strong": "G25320",
        "morph": "Gr,CC,,,,,,,,"
      },
      {
        "text": "πιστὸς",
        "tag": "w",
        "type": "word",
        "lemma": "πιστός",
        "strong": "G41030",
        "morph": "Gr,AA,,,,NMS,",
        "tw": "rc://*/tw/dict/bible/kt/faithful"
      },
      {
        "text": "ἀρχιερεὺς",
        "tag": "w",
        "type": "word",
        "lemma": "ἀρχιερεύς",
        "strong": "G07490",
        "morph": "Gr,N,,,,,NMS,",
        "tw": "rc://*/tw/dict/bible/kt/highpriest"
      },
      {
        "text": "τὰ",
        "tag": "w",
        "type": "word",
        "lemma": "ὁ",
        "strong": "G35880",
        "morph": "Gr,RD,,,,ANP,"
      },
      {
        "text": "πρὸς",
        "tag": "w",
        "type": "word",
        "lemma": "πρός",
        "strong": "G43140",
        "morph": "Gr,P,,,,,A,,,"
      },
      {
        "text": "τὸν",
        "tag": "w",
        "type": "word",
        "lemma": "ὁ",
        "strong": "G35880",
        "morph": "Gr,EA,,,,AMS,"
      },
      {
        "text": "Θεόν",
        "tag": "w",
        "type": "word",
        "lemma": "θεός",
        "strong": "G23160",
        "morph": "Gr,N,,,,,AMS,",
        "tw": "rc://*/tw/dict/bible/kt/god"
      },
      {
        "type": "text",
        "text": ","
      },
      {
        "text": "εἰς",
        "tag": "w",
        "type": "word",
        "lemma": "εἰς",
        "strong": "G15190",
        "morph": "Gr,P,,,,,A,,,"
      },
      {
        "text": "τὸ",
        "tag": "w",
        "type": "word",
        "lemma": "ὁ",
        "strong": "G35880",
        "morph": "Gr,RD,,,,ANS,"
      },
      {
        "text": "ἱλάσκεσθαι",
        "tag": "w",
        "type": "word",
        "lemma": "ἱλάσκομαι",
        "strong": "G24330",
        "morph": "Gr,V,NPP,,,,,",
        "tw": "rc://*/tw/dict/bible/kt/propitiation"
      },
      {
        "text": "τὰς",
        "tag": "w",
        "type": "word",
        "lemma": "ὁ",
        "strong": "G35880",
        "morph": "Gr,EA,,,,AFP,"
      },
      {
        "text": "ἁμαρτίας",
        "tag": "w",
        "type": "word",
        "lemma": "ἁμαρτία",
        "strong": "G02660",
        "morph": "Gr,N,,,,,AFP,",
        "tw": "rc://*/tw/dict/bible/kt/sin"
      },
      {
        "text": "τοῦ",
        "tag": "w",
        "type": "word",
        "lemma": "ὁ",
        "strong": "G35880",
        "morph": "Gr,EA,,,,GMS,"
      },
      {
        "text": "λαοῦ",
        "tag": "w",
        "type": "word",
        "lemma": "λαός",
        "strong": "G29920",
        "morph": "Gr,N,,,,,GMS,",
        "tw": "rc://*/tw/dict/bible/other/peoplegroup"
      },
      {
        "type": "text",
        "text": ";\n\n"
      }
    ]
  },
  "18": {
    "verseObjects": [
      {
        "text": "ἐν",
        "tag": "w",
        "type": "word",
        "lemma": "ἐν",
        "strong": "G17220",
        "morph": "Gr,P,,,,,D,,,"
      },
      {
        "text": "ᾧ",
        "tag": "w",
        "type": "word",
        "lemma": "ὅς",
        "strong": "G37390",
        "morph": "Gr,RR,,,,DNS,"
      },
      {
        "text": "γὰρ",
        "tag": "w",
        "type": "word",
        "lemma": "γάρ",
        "strong": "G10630",
        "morph": "Gr,CC,,,,,,,,"
      },
      {
        "text": "πέπονθεν",
        "tag": "w",
        "type": "word",
        "lemma": "πάσχω",
        "strong": "G39580",
        "morph": "Gr,V,IEA3,,S,",
        "tw": "rc://*/tw/dict/bible/other/suffer"
      },
      {
        "text": "αὐτὸς",
        "tag": "w",
        "type": "word",
        "lemma": "αὐτός",
        "strong": "G08460",
        "morph": "Gr,RP,,,3NMS,"
      },
      {
        "type": "text",
        "text": ","
      },
      {
        "text": "πειρασθείς",
        "tag": "w",
        "type": "word",
        "lemma": "πειράζω",
        "strong": "G39850",
        "morph": "Gr,V,PAP,NMS,",
        "tw": "rc://*/tw/dict/bible/kt/tempt"
      },
      {
        "type": "text",
        "text": ","
      },
      {
        "text": "δύναται",
        "tag": "w",
        "type": "word",
        "lemma": "δύναμαι",
        "strong": "G14100",
        "morph": "Gr,V,IPM3,,S,",
        "tw": "rc://*/tw/dict/bible/kt/power"
      },
      {
        "text": "τοῖς",
        "tag": "w",
        "type": "word",
        "lemma": "ὁ",
        "strong": "G35880",
        "morph": "Gr,RD,,,,DMP,"
      },
      {
        "text": "πειραζομένοις",
        "tag": "w",
        "type": "word",
        "lemma": "πειράζω",
        "strong": "G39850",
        "morph": "Gr,V,PPP,DMP,",
        "tw": "rc://*/tw/dict/bible/kt/tempt"
      },
      {
        "text": "βοηθῆσαι",
        "tag": "w",
        "type": "word",
        "lemma": "βοηθέω",
        "strong": "G09970",
        "morph": "Gr,V,NAA,,,,,"
      },
      {
        "type": "text",
        "text": ".\n\n"
      }
    ]
  },
  "front": {
    "verseObjects": [
      {
        "tag": "p",
        "nextChar": "\n",
        "type": "paragraph"
      },
      {
        "type": "text",
        "text": "\n"
      }
    ]
  }
}