{
  "1": {
    "verseObjects": [
      {
        "text": "φοβηθῶμεν",
        "tag": "w",
        "type": "word",
        "lemma": "φοβέω",
        "strong": "G53990",
        "morph": "Gr,V,SAP1,,P,",
        "tw": "rc://*/tw/dict/bible/kt/fear"
      },
      {
        "text": "οὖν",
        "tag": "w",
        "type": "word",
        "lemma": "οὖν",
        "strong": "G37670",
        "morph": "Gr,CC,,,,,,,,"
      },
      {
        "type": "text",
        "text": ","
      },
      {
        "text": "μήποτε",
        "tag": "w",
        "type": "word",
        "lemma": "μήποτε",
        "strong": "G33790",
        "morph": "Gr,CS,,,,,,,,"
      },
      {
        "text": "καταλειπομένης",
        "tag": "w",
        "type": "word",
        "lemma": "καταλείπω",
        "strong": "G26410",
        "morph": "Gr,V,PPP,GFS,"
      },
      {
        "text": "ἐπαγγελίας",
        "tag": "w",
        "type": "word",
        "lemma": "ἐπαγγελία",
        "strong": "G18600",
        "morph": "Gr,N,,,,,GFS,",
        "tw": "rc://*/tw/dict/bible/kt/promise"
      },
      {
        "text": "εἰσελθεῖν",
        "tag": "w",
        "type": "word",
        "lemma": "εἰσέρχομαι",
        "strong": "G15250",
        "morph": "Gr,V,NAA,,,,,"
      },
      {
        "text": "εἰς",
        "tag": "w",
        "type": "word",
        "lemma": "εἰς",
        "strong": "G15190",
        "morph": "Gr,P,,,,,A,,,"
      },
      {
        "text": "τὴν",
        "tag": "w",
        "type": "word",
        "lemma": "ὁ",
        "strong": "G35880",
        "morph": "Gr,EA,,,,AFS,"
      },
      {
        "text": "κατάπαυσιν",
        "tag": "w",
        "type": "word",
        "lemma": "κατάπαυσις",
        "strong": "G26630",
        "morph": "Gr,N,,,,,AFS,",
        "tw": "rc://*/tw/dict/bible/other/rest"
      },
      {
        "text": "αὐτοῦ",
        "tag": "w",
        "type": "word",
        "lemma": "αὐτός",
        "strong": "G08460",
        "morph": "Gr,RP,,,3GMS,"
      },
      {
        "type": "text",
        "text": ","
      },
      {
        "text": "δοκῇ",
        "tag": "w",
        "type": "word",
        "lemma": "δοκέω",
        "strong": "G13800",
        "morph": "Gr,V,SPA3,,S,"
      },
      {
        "text": "τις",
        "tag": "w",
        "type": "word",
        "lemma": "τις",
        "strong": "G51000",
        "morph": "Gr,RI,,,,NMS,"
      },
      {
        "text": "ἐξ",
        "tag": "w",
        "type": "word",
        "lemma": "ἐκ",
        "strong": "G15370",
        "morph": "Gr,P,,,,,G,,,"
      },
      {
        "text": "ὑμῶν",
        "tag": "w",
        "type": "word",
        "lemma": "σύ",
        "strong": "G47710",
        "morph": "Gr,RP,,,2G,P,"
      },
      {
        "text": "ὑστερηκέναι",
        "tag": "w",
        "type": "word",
        "lemma": "ὑστερέω",
        "strong": "G53020",
        "morph": "Gr,V,NEA,,,,,"
      },
      {
        "type": "text",
        "text": ".\n\n"
      }
    ]
  },
  "2": {
    "verseObjects": [
      {
        "text": "καὶ",
        "tag": "w",
        "type": "word",
        "lemma": "καί",
        "strong": "G25320",
        "morph": "Gr,D,,,,,,,,,"
      },
      {
        "text": "γάρ",
        "tag": "w",
        "type": "word",
        "lemma": "γάρ",
        "strong": "G10630",
        "morph": "Gr,CC,,,,,,,,"
      },
      {
        "text": "ἐσμεν",
        "tag": "w",
        "type": "word",
        "lemma": "εἰμί",
        "strong": "G15100",
        "morph": "Gr,V,IPA1,,P,"
      },
      {
        "text": "εὐηγγελισμένοι",
        "tag": "w",
        "type": "word",
        "lemma": "εὐαγγελίζω",
        "strong": "G20970",
        "morph": "Gr,V,PEP,NMP,",
        "tw": "rc://*/tw/dict/bible/other/preach"
      },
      {
        "text": "καθάπερ",
        "tag": "w",
        "type": "word",
        "lemma": "καθάπερ",
        "strong": "G25090",
        "morph": "Gr,D,,,,,,,,,"
      },
      {
        "text": "κἀκεῖνοι",
        "tag": "w",
        "type": "word",
        "lemma": "κἀκεῖνος",
        "strong": "G25480",
        "morph": "Gr,RD,,,,NMP,"
      },
      {
        "type": "text",
        "text": ";"
      },
      {
        "text": "ἀλλ’",
        "tag": "w",
        "type": "word",
        "lemma": "ἀλλά",
        "strong": "G02350",
        "morph": "Gr,CC,,,,,,,,"
      },
      {
        "text": "οὐκ",
        "tag": "w",
        "type": "word",
        "lemma": "οὐ",
        "strong": "G37560",
        "morph": "Gr,D,,,,,,,,,"
      },
      {
        "text": "ὠφέλησεν",
        "tag": "w",
        "type": "word",
        "lemma": "ὠφελέω",
        "strong": "G56230",
        "morph": "Gr,V,IAA3,,S,",
        "tw": "rc://*/tw/dict/bible/other/profit"
      },
      {
        "text": "ὁ",
        "tag": "w",
        "type": "word",
        "lemma": "ὁ",
        "strong": "G35880",
        "morph": "Gr,EA,,,,NMS,"
      },
      {
        "text": "λόγος",
        "tag": "w",
        "type": "word",
        "lemma": "λόγος",
        "strong": "G30560",
        "morph": "Gr,N,,,,,NMS,",
        "tw": "rc://*/tw/dict/bible/other/word"
      },
      {
        "text": "τῆς",
        "tag": "w",
        "type": "word",
        "lemma": "ὁ",
        "strong": "G35880",
        "morph": "Gr,EP,,,,GFS,"
      },
      {
        "text": "ἀκοῆς",
        "tag": "w",
        "type": "word",
        "lemma": "ἀκοή",
        "strong": "G01890",
        "morph": "Gr,N,,,,,GFS,"
      },
      {
        "text": "ἐκείνους",
        "tag": "w",
        "type": "word",
        "lemma": "ἐκεῖνος",
        "strong": "G15650",
        "morph": "Gr,RD,,,,AMP,"
      },
      {
        "type": "text",
        "text": ","
      },
      {
        "text": "μὴ",
        "tag": "w",
        "type": "word",
        "lemma": "μή",
        "strong": "G33610",
        "morph": "Gr,D,,,,,,,,,"
      },
      {
        "text": "συνκεκερασμένους",
        "tag": "w",
        "type": "word",
        "lemma": "συνκεράννυμι",
        "strong": "G47860",
        "morph": "Gr,V,PEP,AMP,"
      },
      {
        "text": "τῇ",
        "tag": "w",
        "type": "word",
        "lemma": "ὁ",
        "strong": "G35880",
        "morph": "Gr,EA,,,,DFS,"
      },
      {
        "text": "πίστει",
        "tag": "w",
        "type": "word",
        "lemma": "πίστις",
        "strong": "G41020",
        "morph": "Gr,N,,,,,DFS,",
        "tw": "rc://*/tw/dict/bible/kt/faith"
      },
      {
        "text": "τοῖς",
        "tag": "w",
        "type": "word",
        "lemma": "ὁ",
        "strong": "G35880",
        "morph": "Gr,RD,,,,DMP,"
      },
      {
        "text": "ἀκούσασιν",
        "tag": "w",
        "type": "word",
        "lemma": "ἀκούω",
        "strong": "G01910",
        "morph": "Gr,V,PAA,DMP,"
      },
      {
        "type": "text",
        "text": ".\n\n"
      }
    ]
  },
  "3": {
    "verseObjects": [
      {
        "text": "εἰσερχόμεθα",
        "tag": "w",
        "type": "word",
        "lemma": "εἰσέρχομαι",
        "strong": "G15250",
        "morph": "Gr,V,IPM1,,P,"
      },
      {
        "text": "γὰρ",
        "tag": "w",
        "type": "word",
        "lemma": "γάρ",
        "strong": "G10630",
        "morph": "Gr,CC,,,,,,,,"
      },
      {
        "text": "εἰς",
        "tag": "w",
        "type": "word",
        "lemma": "εἰς",
        "strong": "G15190",
        "morph": "Gr,P,,,,,A,,,"
      },
      {
        "text": "κατάπαυσιν",
        "tag": "w",
        "type": "word",
        "lemma": "κατάπαυσις",
        "strong": "G26630",
        "morph": "Gr,N,,,,,AFS,",
        "tw": "rc://*/tw/dict/bible/other/rest"
      },
      {
        "type": "text",
        "text": ","
      },
      {
        "text": "οἱ",
        "tag": "w",
        "type": "word",
        "lemma": "ὁ",
        "strong": "G35880",
        "morph": "Gr,RD,,,,NMP,"
      },
      {
        "text": "πιστεύσαντες",
        "tag": "w",
        "type": "word",
        "lemma": "πιστεύω",
        "strong": "G41000",
        "morph": "Gr,V,PAA,NMP,",
        "tw": "rc://*/tw/dict/bible/kt/believe"
      },
      {
        "type": "text",
        "text": ","
      },
      {
        "text": "καθὼς",
        "tag": "w",
        "type": "word",
        "lemma": "καθώς",
        "strong": "G25310",
        "morph": "Gr,D,,,,,,,,,",
        "tw": "rc://*/tw/dict/bible/other/like"
      },
      {
        "text": "εἴρηκεν",
        "tag": "w",
        "type": "word",
        "lemma": "λέγω",
        "strong": "G30040",
        "morph": "Gr,V,IEA3,,S,"
      },
      {
        "type": "text",
        "text": ",\n“"
      },
      {
        "text": "ὡς",
        "tag": "w",
        "type": "word",
        "lemma": "ὡς",
        "strong": "G56130",
        "morph": "Gr,CS,,,,,,,,",
        "tw": "rc://*/tw/dict/bible/other/like"
      },
      {
        "text": "ὤμοσα",
        "tag": "w",
        "type": "word",
        "lemma": "ὀμνύω",
        "strong": "G36600",
        "morph": "Gr,V,IAA1,,S,",
        "tw": "rc://*/tw/dict/bible/other/oath"
      },
      {
        "text": "ἐν",
        "tag": "w",
        "type": "word",
        "lemma": "ἐν",
        "strong": "G17220",
        "morph": "Gr,P,,,,,D,,,"
      },
      {
        "text": "τῇ",
        "tag": "w",
        "type": "word",
        "lemma": "ὁ",
        "strong": "G35880",
        "morph": "Gr,EA,,,,DFS,"
      },
      {
        "text": "ὀργῇ",
        "tag": "w",
        "type": "word",
        "lemma": "ὀργή",
        "strong": "G37090",
        "morph": "Gr,N,,,,,DFS,",
        "tw": "rc://*/tw/dict/bible/kt/wrath"
      },
      {
        "text": "μου",
        "tag": "w",
        "type": "word",
        "lemma": "ἐγώ",
        "strong": "G14730",
        "morph": "Gr,RP,,,1G,S,"
      },
      {
        "type": "text",
        "text": ","
      },
      {
        "text": "εἰ",
        "tag": "w",
        "type": "word",
        "lemma": "εἰ",
        "strong": "G14870",
        "morph": "Gr,D,,,,,,,,,"
      },
      {
        "type": "text",
        "text": "‘"
      },
      {
        "text": "εἰσελεύσονται",
        "tag": "w",
        "type": "word",
        "lemma": "εἰσέρχομαι",
        "strong": "G15250",
        "morph": "Gr,V,IFM3,,P,"
      },
      {
        "text": "εἰς",
        "tag": "w",
        "type": "word",
        "lemma": "εἰς",
        "strong": "G15190",
        "morph": "Gr,P,,,,,A,,,"
      },
      {
        "text": "τὴν",
        "tag": "w",
        "type": "word",
        "lemma": "ὁ",
        "strong": "G35880",
        "morph": "Gr,EA,,,,AFS,"
      },
      {
        "text": "κατάπαυσίν",
        "tag": "w",
        "type": "word",
        "lemma": "κατάπαυσις",
        "strong": "G26630",
        "morph": "Gr,N,,,,,AFS,",
        "tw": "rc://*/tw/dict/bible/other/rest"
      },
      {
        "text": "μου",
        "tag": "w",
        "type": "word",
        "lemma": "ἐγώ",
        "strong": "G14730",
        "morph": "Gr,RP,,,1G,S,"
      },
      {
        "type": "text",
        "text": "’”;"
      },
      {
        "text": "καίτοι",
        "tag": "w",
        "type": "word",
        "lemma": "καίτοι",
        "strong": "G25430",
        "morph": "Gr,CC,,,,,,,,"
      },
      {
        "text": "τῶν",
        "tag": "w",
        "type": "word",
        "lemma": "ὁ",
        "strong": "G35880",
        "morph": "Gr,EP,,,,GNP,"
      },
      {
        "text": "ἔργων",
        "tag": "w",
        "type": "word",
        "lemma": "ἔργον",
        "strong": "G20410",
        "morph": "Gr,N,,,,,GNP,",
        "tw": "rc://*/tw/dict/bible/kt/works"
      },
      {
        "text": "ἀπὸ",
        "tag": "w",
        "type": "word",
        "lemma": "ἀπό",
        "strong": "G05750",
        "morph": "Gr,P,,,,,G,,,"
      },
      {
        "tag": "k",
        "type": "milestone",
        "tw": "rc://*/tw/dict/bible/other/creation",
        "children": [
          {
            "text": "καταβολῆς",
            "tag": "w",
            "type": "word",
            "lemma": "καταβολή",
            "strong": "G26020",
            "morph": "Gr,N,,,,,GFS,",
            "tw": "rc://*/tw/dict/bible/other/foundation"
          },
          {
            "text": "κόσμου",
            "tag": "w",
            "type": "word",
            "lemma": "κόσμος",
            "strong": "G28890",
            "morph": "Gr,N,,,,,GMS,",
            "tw": "rc://*/tw/dict/bible/kt/world"
          }
        ],
        "endTag": "k-e\\*"
      },
      {
        "text": "γενηθέντων",
        "tag": "w",
        "type": "word",
        "lemma": "γίνομαι",
        "strong": "G10960",
        "morph": "Gr,V,PAP,GNP,"
      },
      {
        "type": "text",
        "text": ".\n\n"
      }
    ]
  },
  "4": {
    "verseObjects": [
      {
        "text": "εἴρηκεν",
        "tag": "w",
        "type": "word",
        "lemma": "λέγω",
        "strong": "G30040",
        "morph": "Gr,V,IEA3,,S,"
      },
      {
        "text": "γάρ",
        "tag": "w",
        "type": "word",
        "lemma": "γάρ",
        "strong": "G10630",
        "morph": "Gr,CC,,,,,,,,"
      },
      {
        "text": "που",
        "tag": "w",
        "type": "word",
        "lemma": "πού",
        "strong": "G42250",
        "morph": "Gr,D,,,,,,,,,"
      },
      {
        "text": "περὶ",
        "tag": "w",
        "type": "word",
        "lemma": "περί",
        "strong": "G40120",
        "morph": "Gr,P,,,,,G,,,"
      },
      {
        "text": "τῆς",
        "tag": "w",
        "type": "word",
        "lemma": "ὁ",
        "strong": "G35880",
        "morph": "Gr,EA,,,,GFS,"
      },
      {
        "text": "ἑβδόμης",
        "tag": "w",
        "type": "word",
        "lemma": "ἕβδομος",
        "strong": "G14420",
        "morph": "Gr,NS,,,,GFS,"
      },
      {
        "text": "οὕτως",
        "tag": "w",
        "type": "word",
        "lemma": "οὕτως",
        "strong": "G37790",
        "morph": "Gr,D,,,,,,,,,"
      },
      {
        "type": "text",
        "text": ":\n“"
      },
      {
        "text": "καὶ",
        "tag": "w",
        "type": "word",
        "lemma": "καί",
        "strong": "G25320",
        "morph": "Gr,CC,,,,,,,,"
      },
      {
        "text": "κατέπαυσεν",
        "tag": "w",
        "type": "word",
        "lemma": "καταπαύω",
        "strong": "G26640",
        "morph": "Gr,V,IAA3,,S,",
        "tw": "rc://*/tw/dict/bible/other/rest"
      },
      {
        "text": "ὁ",
        "tag": "w",
        "type": "word",
        "lemma": "ὁ",
        "strong": "G35880",
        "morph": "Gr,EA,,,,NMS,"
      },
      {
        "text": "Θεὸς",
        "tag": "w",
        "type": "word",
        "lemma": "θεός",
        "strong": "G23160",
        "morph": "Gr,N,,,,,NMS,",
        "tw": "rc://*/tw/dict/bible/kt/god"
      },
      {
        "text": "ἐν",
        "tag": "w",
        "type": "word",
        "lemma": "ἐν",
        "strong": "G17220",
        "morph": "Gr,P,,,,,D,,,"
      },
      {
        "text": "τῇ",
        "tag": "w",
        "type": "word",
        "lemma": "ὁ",
        "strong": "G35880",
        "morph": "Gr,EA,,,,DFS,"
      },
      {
        "text": "ἡμέρᾳ",
        "tag": "w",
        "type": "word",
        "lemma": "ἡμέρα",
        "strong": "G22500",
        "morph": "Gr,N,,,,,DFS,",
        "tw": "rc://*/tw/dict/bible/other/biblicaltimeday"
      },
      {
        "text": "τῇ",
        "tag": "w",
        "type": "word",
        "lemma": "ὁ",
        "strong": "G35880",
        "morph": "Gr,EA,,,,DFS,"
      },
      {
        "text": "ἑβδόμῃ",
        "tag": "w",
        "type": "word",
        "lemma": "ἕβδομος",
        "strong": "G14420",
        "morph": "Gr,EO,,,,DFS,"
      },
      {
        "text": "ἀπὸ",
        "tag": "w",
        "type": "word",
        "lemma": "ἀπό",
        "strong": "G05750",
        "morph": "Gr,P,,,,,G,,,"
      },
      {
        "text": "πάντων",
        "tag": "w",
        "type": "word",
        "lemma": "πᾶς",
        "strong": "G39560",
        "morph": "Gr,EQ,,,,GNP,"
      },
      {
        "text": "τῶν",
        "tag": "w",
        "type": "word",
        "lemma": "ὁ",
        "strong": "G35880",
        "morph": "Gr,EA,,,,GNP,"
      },
      {
        "text": "ἔργων",
        "tag": "w",
        "type": "word",
        "lemma": "ἔργον",
        "strong": "G20410",
        "morph": "Gr,N,,,,,GNP,",
        "tw": "rc://*/tw/dict/bible/kt/works"
      },
      {
        "text": "αὐτοῦ",
        "tag": "w",
        "type": "word",
        "lemma": "αὐτός",
        "strong": "G08460",
        "morph": "Gr,RP,,,3GMS,"
      },
      {
        "type": "text",
        "text": "”;\n\n"
      }
    ]
  },
  "5": {
    "verseObjects": [
      {
        "text": "καὶ",
        "tag": "w",
        "type": "word",
        "lemma": "καί",
        "strong": "G25320",
        "morph": "Gr,CC,,,,,,,,"
      },
      {
        "text": "ἐν",
        "tag": "w",
        "type": "word",
        "lemma": "ἐν",
        "strong": "G17220",
        "morph": "Gr,P,,,,,D,,,"
      },
      {
        "text": "τούτῳ",
        "tag": "w",
        "type": "word",
        "lemma": "οὗτος",
        "strong": "G37780",
        "morph": "Gr,RD,,,,DMS,"
      },
      {
        "text": "πάλιν",
        "tag": "w",
        "type": "word",
        "lemma": "πάλιν",
        "strong": "G38250",
        "morph": "Gr,D,,,,,,,,,"
      },
      {
        "type": "text",
        "text": ",\n“"
      },
      {
        "text": "εἰ",
        "tag": "w",
        "type": "word",
        "lemma": "εἰ",
        "strong": "G14870",
        "morph": "Gr,D,,,,,,,,,"
      },
      {
        "text": "εἰσελεύσονται",
        "tag": "w",
        "type": "word",
        "lemma": "εἰσέρχομαι",
        "strong": "G15250",
        "morph": "Gr,V,IFM3,,P,"
      },
      {
        "text": "εἰς",
        "tag": "w",
        "type": "word",
        "lemma": "εἰς",
        "strong": "G15190",
        "morph": "Gr,P,,,,,A,,,"
      },
      {
        "text": "τὴν",
        "tag": "w",
        "type": "word",
        "lemma": "ὁ",
        "strong": "G35880",
        "morph": "Gr,EA,,,,AFS,"
      },
      {
        "text": "κατάπαυσίν",
        "tag": "w",
        "type": "word",
        "lemma": "κατάπαυσις",
        "strong": "G26630",
        "morph": "Gr,N,,,,,AFS,",
        "tw": "rc://*/tw/dict/bible/other/rest"
      },
      {
        "text": "μου",
        "tag": "w",
        "type": "word",
        "lemma": "ἐγώ",
        "strong": "G14730",
        "morph": "Gr,RP,,,1G,S,"
      },
      {
        "type": "text",
        "text": ".”\n\n"
      }
    ]
  },
  "6": {
    "verseObjects": [
      {
        "text": "ἐπεὶ",
        "tag": "w",
        "type": "word",
        "lemma": "ἐπεί",
        "strong": "G18930",
        "morph": "Gr,CS,,,,,,,,"
      },
      {
        "text": "οὖν",
        "tag": "w",
        "type": "word",
        "lemma": "οὖν",
        "strong": "G37670",
        "morph": "Gr,CC,,,,,,,,"
      },
      {
        "text": "ἀπολείπεται",
        "tag": "w",
        "type": "word",
        "lemma": "ἀπολείπω",
        "strong": "G06200",
        "morph": "Gr,V,IPP3,,S,"
      },
      {
        "text": "τινὰς",
        "tag": "w",
        "type": "word",
        "lemma": "τις",
        "strong": "G51000",
        "morph": "Gr,RI,,,,AMP,"
      },
      {
        "text": "εἰσελθεῖν",
        "tag": "w",
        "type": "word",
        "lemma": "εἰσέρχομαι",
        "strong": "G15250",
        "morph": "Gr,V,NAA,,,,,"
      },
      {
        "text": "εἰς",
        "tag": "w",
        "type": "word",
        "lemma": "εἰς",
        "strong": "G15190",
        "morph": "Gr,P,,,,,A,,,"
      },
      {
        "text": "αὐτήν",
        "tag": "w",
        "type": "word",
        "lemma": "αὐτός",
        "strong": "G08460",
        "morph": "Gr,RP,,,3AFS,"
      },
      {
        "type": "text",
        "text": ","
      },
      {
        "text": "καὶ",
        "tag": "w",
        "type": "word",
        "lemma": "καί",
        "strong": "G25320",
        "morph": "Gr,CC,,,,,,,,"
      },
      {
        "text": "οἱ",
        "tag": "w",
        "type": "word",
        "lemma": "ὁ",
        "strong": "G35880",
        "morph": "Gr,RD,,,,NMP,"
      },
      {
        "text": "πρότερον",
        "tag": "w",
        "type": "word",
        "lemma": "πρότερον",
        "strong": "G43860",
        "morph": "Gr,D,,,,,,,,C"
      },
      {
        "text": "εὐαγγελισθέντες",
        "tag": "w",
        "type": "word",
        "lemma": "εὐαγγελίζω",
        "strong": "G20970",
        "morph": "Gr,V,PAP,NMP,",
        "tw": "rc://*/tw/dict/bible/other/preach"
      },
      {
        "type": "text",
        "text": ","
      },
      {
        "text": "οὐκ",
        "tag": "w",
        "type": "word",
        "lemma": "οὐ",
        "strong": "G37560",
        "morph": "Gr,D,,,,,,,,,"
      },
      {
        "text": "εἰσῆλθον",
        "tag": "w",
        "type": "word",
        "lemma": "εἰσέρχομαι",
        "strong": "G15250",
        "morph": "Gr,V,IAA3,,P,"
      },
      {
        "text": "δι’",
        "tag": "w",
        "type": "word",
        "lemma": "διά",
        "strong": "G12230",
        "morph": "Gr,P,,,,,A,,,"
      },
      {
        "text": "ἀπείθειαν",
        "tag": "w",
        "type": "word",
        "lemma": "ἀπείθεια",
        "strong": "G05430",
        "morph": "Gr,N,,,,,AFS,",
        "tw": "rc://*/tw/dict/bible/other/disobey"
      },
      {
        "type": "text",
        "text": ",\n\n"
      }
    ]
  },
  "7": {
    "verseObjects": [
      {
        "text": "πάλιν",
        "tag": "w",
        "type": "word",
        "lemma": "πάλιν",
        "strong": "G38250",
        "morph": "Gr,D,,,,,,,,,"
      },
      {
        "text": "τινὰ",
        "tag": "w",
        "type": "word",
        "lemma": "τις",
        "strong": "G51000",
        "morph": "Gr,EQ,,,,AFS,"
      },
      {
        "text": "ὁρίζει",
        "tag": "w",
        "type": "word",
        "lemma": "ὁρίζω",
        "strong": "G37240",
        "morph": "Gr,V,IPA3,,S,",
        "tw": "rc://*/tw/dict/bible/kt/appoint"
      },
      {
        "text": "ἡμέραν",
        "tag": "w",
        "type": "word",
        "lemma": "ἡμέρα",
        "strong": "G22500",
        "morph": "Gr,N,,,,,AFS,",
        "tw": "rc://*/tw/dict/bible/other/biblicaltimeday"
      },
      {
        "type": "text",
        "text": ",\n“"
      },
      {
        "text": "σήμερον",
        "tag": "w",
        "type": "word",
        "lemma": "σήμερον",
        "strong": "G45940",
        "morph": "Gr,D,,,,,,,,,"
      },
      {
        "type": "text",
        "text": "”,"
      },
      {
        "text": "ἐν",
        "tag": "w",
        "type": "word",
        "lemma": "ἐν",
        "strong": "G17220",
        "morph": "Gr,P,,,,,D,,,"
      },
      {
        "text": "Δαυεὶδ",
        "tag": "w",
        "type": "word",
        "lemma": "Δαυείδ",
        "strong": "G11380",
        "morph": "Gr,N,,,,,DMSI",
        "tw": "rc://*/tw/dict/bible/names/david"
      },
      {
        "text": "λέγων",
        "tag": "w",
        "type": "word",
        "lemma": "λέγω",
        "strong": "G30040",
        "morph": "Gr,V,PPA,NMS,"
      },
      {
        "text": "μετὰ",
        "tag": "w",
        "type": "word",
        "lemma": "μετά",
        "strong": "G33260",
        "morph": "Gr,P,,,,,A,,,"
      },
      {
        "text": "τοσοῦτον",
        "tag": "w",
        "type": "word",
        "lemma": "τοσοῦτος",
        "strong": "G51180",
        "morph": "Gr,ED,,,,AMS,"
      },
      {
        "text": "χρόνον",
        "tag": "w",
        "type": "word",
        "lemma": "χρόνος",
        "strong": "G55500",
        "morph": "Gr,N,,,,,AMS,",
        "tw": "rc://*/tw/dict/bible/other/time"
      },
      {
        "type": "text",
        "text": ","
      },
      {
        "text": "καθὼς",
        "tag": "w",
        "type": "word",
        "lemma": "καθώς",
        "strong": "G25310",
        "morph": "Gr,D,,,,,,,,,",
        "tw": "rc://*/tw/dict/bible/other/like"
      },
      {
        "text": "προείρηται",
        "tag": "w",
        "type": "word",
        "lemma": "προλέγω",
        "strong": "G43020",
        "morph": "Gr,V,IEP3,,S,"
      },
      {
        "type": "text",
        "text": ",\n“"
      },
      {
        "text": "σήμερον",
        "tag": "w",
        "type": "word",
        "lemma": "σήμερον",
        "strong": "G45940",
        "morph": "Gr,D,,,,,,,,,"
      },
      {
        "text": "ἐὰν",
        "tag": "w",
        "type": "word",
        "lemma": "ἐάν",
        "strong": "G14370",
        "morph": "Gr,CS,,,,,,,,"
      },
      {
        "text": "τῆς",
        "tag": "w",
        "type": "word",
        "lemma": "ὁ",
        "strong": "G35880",
        "morph": "Gr,EA,,,,GFS,"
      },
      {
        "text": "φωνῆς",
        "tag": "w",
        "type": "word",
        "lemma": "φωνή",
        "strong": "G54560",
        "morph": "Gr,N,,,,,GFS,",
        "tw": "rc://*/tw/dict/bible/other/voice"
      },
      {
        "text": "αὐτοῦ",
        "tag": "w",
        "type": "word",
        "lemma": "αὐτός",
        "strong": "G08460",
        "morph": "Gr,RP,,,3GMS,"
      },
      {
        "text": "ἀκούσητε",
        "tag": "w",
        "type": "word",
        "lemma": "ἀκούω",
        "strong": "G01910",
        "morph": "Gr,V,SAA2,,P,"
      },
      {
        "type": "text",
        "text": ","
      },
      {
        "text": "μὴ",
        "tag": "w",
        "type": "word",
        "lemma": "μή",
        "strong": "G33610",
        "morph": "Gr,D,,,,,,,,,"
      },
      {
        "text": "σκληρύνητε",
        "tag": "w",
        "type": "word",
        "lemma": "σκληρύνω",
        "strong": "G46450",
        "morph": "Gr,V,SAA2,,P,",
        "tw": "rc://*/tw/dict/bible/other/hard"
      },
      {
        "text": "τὰς",
        "tag": "w",
        "type": "word",
        "lemma": "ὁ",
        "strong": "G35880",
        "morph": "Gr,EA,,,,AFP,"
      },
      {
        "text": "καρδίας",
        "tag": "w",
        "type": "word",
        "lemma": "καρδία",
        "strong": "G25880",
        "morph": "Gr,N,,,,,AFP,",
        "tw": "rc://*/tw/dict/bible/kt/heart"
      },
      {
        "text": "ὑμῶν",
        "tag": "w",
        "type": "word",
        "lemma": "σύ",
        "strong": "G47710",
        "morph": "Gr,RP,,,2G,P,"
      },
      {
        "type": "text",
        "text": ".”\n\n"
      }
    ]
  },
  "8": {
    "verseObjects": [
      {
        "text": "εἰ",
        "tag": "w",
        "type": "word",
        "lemma": "εἰ",
        "strong": "G14870",
        "morph": "Gr,CS,,,,,,,,"
      },
      {
        "text": "γὰρ",
        "tag": "w",
        "type": "word",
        "lemma": "γάρ",
        "strong": "G10630",
        "morph": "Gr,CC,,,,,,,,"
      },
      {
        "text": "αὐτοὺς",
        "tag": "w",
        "type": "word",
        "lemma": "αὐτός",
        "strong": "G08460",
        "morph": "Gr,RP,,,3AMP,"
      },
      {
        "text": "Ἰησοῦς",
        "tag": "w",
        "type": "word",
        "lemma": "Ἰησοῦς",
        "strong": "G24240",
        "morph": "Gr,N,,,,,NMS,",
        "tw": "rc://*/tw/dict/bible/names/joshua"
      },
      {
        "text": "κατέπαυσεν",
        "tag": "w",
        "type": "word",
        "lemma": "καταπαύω",
        "strong": "G26640",
        "morph": "Gr,V,IAA3,,S,",
        "tw": "rc://*/tw/dict/bible/other/rest"
      },
      {
        "type": "text",
        "text": ","
      },
      {
        "text": "οὐκ",
        "tag": "w",
        "type": "word",
        "lemma": "οὐ",
        "strong": "G37560",
        "morph": "Gr,D,,,,,,,,,"
      },
      {
        "text": "ἂν",
        "tag": "w",
        "type": "word",
        "lemma": "ἄν",
        "strong": "G03020",
        "morph": "Gr,T,,,,,,,,,"
      },
      {
        "text": "περὶ",
        "tag": "w",
        "type": "word",
        "lemma": "περί",
        "strong": "G40120",
        "morph": "Gr,P,,,,,G,,,"
      },
      {
        "text": "ἄλλης",
        "tag": "w",
        "type": "word",
        "lemma": "ἄλλος",
        "strong": "G02430",
        "morph": "Gr,RI,,,,GFS,"
      },
      {
        "text": "ἐλάλει",
        "tag": "w",
        "type": "word",
        "lemma": "λαλέω",
        "strong": "G29800",
        "morph": "Gr,V,IIA3,,S,"
      },
      {
        "text": "μετὰ",
        "tag": "w",
        "type": "word",
        "lemma": "μετά",
        "strong": "G33260",
        "morph": "Gr,P,,,,,A,,,"
      },
      {
        "text": "ταῦτα",
        "tag": "w",
        "type": "word",
        "lemma": "οὗτος",
        "strong": "G37780",
        "morph": "Gr,RD,,,,ANP,"
      },
      {
        "text": "ἡμέρας",
        "tag": "w",
        "type": "word",
        "lemma": "ἡμέρα",
        "strong": "G22500",
        "morph": "Gr,N,,,,,GFS,",
        "tw": "rc://*/tw/dict/bible/other/biblicaltimeday"
      },
      {
        "type": "text",
        "text": ".\n\n"
      }
    ]
  },
  "9": {
    "verseObjects": [
      {
        "text": "ἄρα",
        "tag": "w",
        "type": "word",
        "lemma": "ἄρα",
        "strong": "G06860",
        "morph": "Gr,D,,,,,,,,,"
      },
      {
        "text": "ἀπολείπεται",
        "tag": "w",
        "type": "word",
        "lemma": "ἀπολείπω",
        "strong": "G06200",
        "morph": "Gr,V,IPP3,,S,"
      },
      {
        "text": "σαββατισμὸς",
        "tag": "w",
        "type": "word",
        "lemma": "σαββατισμός",
        "strong": "G45200",
        "morph": "Gr,N,,,,,NMS,",
        "tw": "rc://*/tw/dict/bible/kt/sabbath"
      },
      {
        "text": "τῷ",
        "tag": "w",
        "type": "word",
        "lemma": "ὁ",
        "strong": "G35880",
        "morph": "Gr,EA,,,,DMS,"
      },
      {
        "tag": "k",
        "type": "milestone",
        "tw": "rc://*/tw/dict/bible/kt/peopleofgod",
        "children": [
          {
            "text": "λαῷ",
            "tag": "w",
            "type": "word",
            "lemma": "λαός",
            "strong": "G29920",
            "morph": "Gr,N,,,,,DMS,",
            "tw": "rc://*/tw/dict/bible/other/peoplegroup"
          },
          {
            "text": "τοῦ",
            "tag": "w",
            "type": "word",
            "lemma": "ὁ",
            "strong": "G35880",
            "morph": "Gr,EA,,,,GMS,"
          },
          {
            "text": "Θεοῦ",
            "tag": "w",
            "type": "word",
            "lemma": "θεός",
            "strong": "G23160",
            "morph": "Gr,N,,,,,GMS,",
            "tw": "rc://*/tw/dict/bible/kt/god"
          }
        ],
        "endTag": "k-e\\*"
      },
      {
        "type": "text",
        "text": ".\n\n"
      }
    ]
  },
  "10": {
    "verseObjects": [
      {
        "text": "ὁ",
        "tag": "w",
        "type": "word",
        "lemma": "ὁ",
        "strong": "G35880",
        "morph": "Gr,RD,,,,NMS,"
      },
      {
        "text": "γὰρ",
        "tag": "w",
        "type": "word",
        "lemma": "γάρ",
        "strong": "G10630",
        "morph": "Gr,CC,,,,,,,,"
      },
      {
        "text": "εἰσελθὼν",
        "tag": "w",
        "type": "word",
        "lemma": "εἰσέρχομαι",
        "strong": "G15250",
        "morph": "Gr,V,PAA,NMS,"
      },
      {
        "text": "εἰς",
        "tag": "w",
        "type": "word",
        "lemma": "εἰς",
        "strong": "G15190",
        "morph": "Gr,P,,,,,A,,,"
      },
      {
        "text": "τὴν",
        "tag": "w",
        "type": "word",
        "lemma": "ὁ",
        "strong": "G35880",
        "morph": "Gr,EA,,,,AFS,"
      },
      {
        "text": "κατάπαυσιν",
        "tag": "w",
        "type": "word",
        "lemma": "κατάπαυσις",
        "strong": "G26630",
        "morph": "Gr,N,,,,,AFS,",
        "tw": "rc://*/tw/dict/bible/other/rest"
      },
      {
        "text": "αὐτοῦ",
        "tag": "w",
        "type": "word",
        "lemma": "αὐτός",
        "strong": "G08460",
        "morph": "Gr,RP,,,3GMS,"
      },
      {
        "type": "text",
        "text": ","
      },
      {
        "text": "καὶ",
        "tag": "w",
        "type": "word",
        "lemma": "καί",
        "strong": "G25320",
        "morph": "Gr,D,,,,,,,,,"
      },
      {
        "text": "αὐτὸς",
        "tag": "w",
        "type": "word",
        "lemma": "αὐτός",
        "strong": "G08460",
        "morph": "Gr,RP,,,3NMS,"
      },
      {
        "text": "κατέπαυσεν",
        "tag": "w",
        "type": "word",
        "lemma": "καταπαύω",
        "strong": "G26640",
        "morph": "Gr,V,IAA3,,S,",
        "tw": "rc://*/tw/dict/bible/other/rest"
      },
      {
        "text": "ἀπὸ",
        "tag": "w",
        "type": "word",
        "lemma": "ἀπό",
        "strong": "G05750",
        "morph": "Gr,P,,,,,G,,,"
      },
      {
        "text": "τῶν",
        "tag": "w",
        "type": "word",
        "lemma": "ὁ",
        "strong": "G35880",
        "morph": "Gr,EA,,,,GNP,"
      },
      {
        "text": "ἔργων",
        "tag": "w",
        "type": "word",
        "lemma": "ἔργον",
        "strong": "G20410",
        "morph": "Gr,N,,,,,GNP,",
        "tw": "rc://*/tw/dict/bible/kt/works"
      },
      {
        "text": "αὐτοῦ",
        "tag": "w",
        "type": "word",
        "lemma": "αὐτός",
        "strong": "G08460",
        "morph": "Gr,RP,,,3GMS,"
      },
      {
        "type": "text",
        "text": ","
      },
      {
        "text": "ὥσπερ",
        "tag": "w",
        "type": "word",
        "lemma": "ὥσπερ",
        "strong": "G56180",
        "morph": "Gr,CS,,,,,,,,",
        "tw": "rc://*/tw/dict/bible/other/like"
      },
      {
        "text": "ἀπὸ",
        "tag": "w",
        "type": "word",
        "lemma": "ἀπό",
        "strong": "G05750",
        "morph": "Gr,P,,,,,G,,,"
      },
      {
        "text": "τῶν",
        "tag": "w",
        "type": "word",
        "lemma": "ὁ",
        "strong": "G35880",
        "morph": "Gr,EP,,,,GNP,"
      },
      {
        "text": "ἰδίων",
        "tag": "w",
        "type": "word",
        "lemma": "ἴδιος",
        "strong": "G23980",
        "morph": "Gr,RD,,,,GNP,"
      },
      {
        "text": "ὁ",
        "tag": "w",
        "type": "word",
        "lemma": "ὁ",
        "strong": "G35880",
        "morph": "Gr,EA,,,,NMS,"
      },
      {
        "text": "Θεός",
        "tag": "w",
        "type": "word",
        "lemma": "θεός",
        "strong": "G23160",
        "morph": "Gr,N,,,,,NMS,",
        "tw": "rc://*/tw/dict/bible/kt/god"
      },
      {
        "type": "text",
        "text": ".\n\n"
      }
    ]
  },
  "11": {
    "verseObjects": [
      {
        "text": "σπουδάσωμεν",
        "tag": "w",
        "type": "word",
        "lemma": "σπουδάζω",
        "strong": "G47040",
        "morph": "Gr,V,SAA1,,P,"
      },
      {
        "text": "οὖν",
        "tag": "w",
        "type": "word",
        "lemma": "οὖν",
        "strong": "G37670",
        "morph": "Gr,CC,,,,,,,,"
      },
      {
        "text": "εἰσελθεῖν",
        "tag": "w",
        "type": "word",
        "lemma": "εἰσέρχομαι",
        "strong": "G15250",
        "morph": "Gr,V,NAA,,,,,"
      },
      {
        "text": "εἰς",
        "tag": "w",
        "type": "word",
        "lemma": "εἰς",
        "strong": "G15190",
        "morph": "Gr,P,,,,,A,,,"
      },
      {
        "text": "ἐκείνην",
        "tag": "w",
        "type": "word",
        "lemma": "ἐκεῖνος",
        "strong": "G15650",
        "morph": "Gr,ED,,,,AFS,"
      },
      {
        "text": "τὴν",
        "tag": "w",
        "type": "word",
        "lemma": "ὁ",
        "strong": "G35880",
        "morph": "Gr,EA,,,,AFS,"
      },
      {
        "text": "κατάπαυσιν",
        "tag": "w",
        "type": "word",
        "lemma": "κατάπαυσις",
        "strong": "G26630",
        "morph": "Gr,N,,,,,AFS,",
        "tw": "rc://*/tw/dict/bible/other/rest"
      },
      {
        "type": "text",
        "text": ","
      },
      {
        "text": "ἵνα",
        "tag": "w",
        "type": "word",
        "lemma": "ἵνα",
        "strong": "G24430",
        "morph": "Gr,CS,,,,,,,,"
      },
      {
        "text": "μὴ",
        "tag": "w",
        "type": "word",
        "lemma": "μή",
        "strong": "G33610",
        "morph": "Gr,D,,,,,,,,,"
      },
      {
        "text": "ἐν",
        "tag": "w",
        "type": "word",
        "lemma": "ἐν",
        "strong": "G17220",
        "morph": "Gr,P,,,,,D,,,"
      },
      {
        "text": "τῷ",
        "tag": "w",
        "type": "word",
        "lemma": "ὁ",
        "strong": "G35880",
        "morph": "Gr,EA,,,,DNS,"
      },
      {
        "text": "αὐτῷ",
        "tag": "w",
        "type": "word",
        "lemma": "αὐτός",
        "strong": "G08460",
        "morph": "Gr,RD,,,,DNS,"
      },
      {
        "text": "τις",
        "tag": "w",
        "type": "word",
        "lemma": "τις",
        "strong": "G51000",
        "morph": "Gr,RI,,,,NMS,"
      },
      {
        "text": "ὑποδείγματι",
        "tag": "w",
        "type": "word",
        "lemma": "ὑπόδειγμα",
        "strong": "G52620",
        "morph": "Gr,N,,,,,DNS,"
      },
      {
        "text": "πέσῃ",
        "tag": "w",
        "type": "word",
        "lemma": "πίπτω",
        "strong": "G40980",
        "morph": "Gr,V,SAA3,,S,"
      },
      {
        "text": "τῆς",
        "tag": "w",
        "type": "word",
        "lemma": "ὁ",
        "strong": "G35880",
        "morph": "Gr,EA,,,,GFS,"
      },
      {
        "text": "ἀπειθείας",
        "tag": "w",
        "type": "word",
        "lemma": "ἀπείθεια",
        "strong": "G05430",
        "morph": "Gr,N,,,,,GFS,",
        "tw": "rc://*/tw/dict/bible/other/disobey"
      },
      {
        "type": "text",
        "text": ".\n\n"
      }
    ]
  },
  "12": {
    "verseObjects": [
      {
        "type": "text",
        "text": "\n"
      },
      {
        "tag": "p",
        "type": "paragraph"
      },
      {
        "text": "ζῶν",
        "tag": "w",
        "type": "word",
        "lemma": "ζάω",
        "strong": "G21980",
        "morph": "Gr,V,PPA,NMS,",
        "tw": "rc://*/tw/dict/bible/kt/life"
      },
      {
        "text": "γὰρ",
        "tag": "w",
        "type": "word",
        "lemma": "γάρ",
        "strong": "G10630",
        "morph": "Gr,CC,,,,,,,,"
      },
      {
        "text": "ὁ",
        "tag": "w",
        "type": "word",
        "lemma": "ὁ",
        "strong": "G35880",
        "morph": "Gr,EA,,,,NMS,"
      },
      {
        "tag": "k",
        "type": "milestone",
        "tw": "rc://*/tw/dict/bible/kt/wordofgod",
        "children": [
          {
            "text": "λόγος",
            "tag": "w",
            "type": "word",
            "lemma": "λόγος",
            "strong": "G30560",
            "morph": "Gr,N,,,,,NMS,"
          },
          {
            "text": "τοῦ",
            "tag": "w",
            "type": "word",
            "lemma": "ὁ",
            "strong": "G35880",
            "morph": "Gr,EA,,,,GMS,"
          },
          {
            "text": "Θεοῦ",
            "tag": "w",
            "type": "word",
            "lemma": "θεός",
            "strong": "G23160",
            "morph": "Gr,N,,,,,GMS,",
            "tw": "rc://*/tw/dict/bible/kt/god"
          }
        ],
        "endTag": "k-e\\*"
      },
      {
        "type": "text",
        "text": ","
      },
      {
        "text": "καὶ",
        "tag": "w",
        "type": "word",
        "lemma": "καί",
        "strong": "G25320",
        "morph": "Gr,CC,,,,,,,,"
      },
      {
        "text": "ἐνεργὴς",
        "tag": "w",
        "type": "word",
        "lemma": "ἐνεργής",
        "strong": "G17560",
        "morph": "Gr,NS,,,,NMS,"
      },
      {
        "type": "text",
        "text": ","
      },
      {
        "text": "καὶ",
        "tag": "w",
        "type": "word",
        "lemma": "καί",
        "strong": "G25320",
        "morph": "Gr,CC,,,,,,,,"
      },
      {
        "text": "τομώτερος",
        "tag": "w",
        "type": "word",
        "lemma": "τομώτερος",
        "strong": "G51140",
        "morph": "Gr,NS,,,,NMSC"
      },
      {
        "type": "text",
        "text": ","
      },
      {
        "text": "ὑπὲρ",
        "tag": "w",
        "type": "word",
        "lemma": "ὑπέρ",
        "strong": "G52280",
        "morph": "Gr,P,,,,,A,,,"
      },
      {
        "text": "πᾶσαν",
        "tag": "w",
        "type": "word",
        "lemma": "πᾶς",
        "strong": "G39560",
        "morph": "Gr,EQ,,,,AFS,"
      },
      {
        "text": "μάχαιραν",
        "tag": "w",
        "type": "word",
        "lemma": "μάχαιρα",
        "strong": "G31620",
        "morph": "Gr,N,,,,,AFS,",
        "tw": "rc://*/tw/dict/bible/other/sword"
      },
      {
        "text": "δίστομον",
        "tag": "w",
        "type": "word",
        "lemma": "δίστομος",
        "strong": "G13660",
        "morph": "Gr,AA,,,,AFS,"
      },
      {
        "type": "text",
        "text": ","
      },
      {
        "text": "καὶ",
        "tag": "w",
        "type": "word",
        "lemma": "καί",
        "strong": "G25320",
        "morph": "Gr,D,,,,,,,,,"
      },
      {
        "text": "διϊκνούμενος",
        "tag": "w",
        "type": "word",
        "lemma": "διϊκνέομαι",
        "strong": "G13380",
        "morph": "Gr,V,PPM,NMS,"
      },
      {
        "text": "ἄχρι",
        "tag": "w",
        "type": "word",
        "lemma": "ἄχρι",
        "strong": "G08910",
        "morph": "Gr,PI,,,,G,,,"
      },
      {
        "text": "μερισμοῦ",
        "tag": "w",
        "type": "word",
        "lemma": "μερισμός",
        "strong": "G33110",
        "morph": "Gr,N,,,,,GMS,"
      },
      {
        "text": "ψυχῆς",
        "tag": "w",
        "type": "word",
        "lemma": "ψυχή",
        "strong": "G55900",
        "morph": "Gr,N,,,,,GFS,",
        "tw": "rc://*/tw/dict/bible/kt/soul"
      },
      {
        "text": "καὶ",
        "tag": "w",
        "type": "word",
        "lemma": "καί",
        "strong": "G25320",
        "morph": "Gr,CC,,,,,,,,"
      },
      {
        "text": "πνεύματος",
        "tag": "w",
        "type": "word",
        "lemma": "πνεῦμα",
        "strong": "G41510",
        "morph": "Gr,N,,,,,GNS,",
        "tw": "rc://*/tw/dict/bible/kt/spirit"
      },
      {
        "type": "text",
        "text": ","
      },
      {
        "text": "ἁρμῶν",
        "tag": "w",
        "type": "word",
        "lemma": "ἁρμός",
        "strong": "G07190",
        "morph": "Gr,N,,,,,GMP,"
      },
      {
        "text": "τε",
        "tag": "w",
        "type": "word",
        "lemma": "τέ",
        "strong": "G50370",
        "morph": "Gr,DO,,,,,,,,"
      },
      {
        "text": "καὶ",
        "tag": "w",
        "type": "word",
        "lemma": "καί",
        "strong": "G25320",
        "morph": "Gr,CO,,,,,,,,"
      },
      {
        "text": "μυελῶν",
        "tag": "w",
        "type": "word",
        "lemma": "μυελός",
        "strong": "G34520",
        "morph": "Gr,N,,,,,GMP,"
      },
      {
        "type": "text",
        "text": ","
      },
      {
        "text": "καὶ",
        "tag": "w",
        "type": "word",
        "lemma": "καί",
        "strong": "G25320",
        "morph": "Gr,CC,,,,,,,,"
      },
      {
        "text": "κριτικὸς",
        "tag": "w",
        "type": "word",
        "lemma": "κριτικός",
        "strong": "G29240",
        "morph": "Gr,NS,,,,NMS,",
        "tw": "rc://*/tw/dict/bible/kt/judge"
      },
      {
        "text": "ἐνθυμήσεων",
        "tag": "w",
        "type": "word",
        "lemma": "ἐνθύμησις",
        "strong": "G17610",
        "morph": "Gr,N,,,,,GFP,"
      },
      {
        "text": "καὶ",
        "tag": "w",
        "type": "word",
        "lemma": "καί",
        "strong": "G25320",
        "morph": "Gr,CC,,,,,,,,"
      },
      {
        "text": "ἐννοιῶν",
        "tag": "w",
        "type": "word",
        "lemma": "ἔννοια",
        "strong": "G17710",
        "morph": "Gr,N,,,,,GFP,"
      },
      {
        "text": "καρδίας",
        "tag": "w",
        "type": "word",
        "lemma": "καρδία",
        "strong": "G25880",
        "morph": "Gr,N,,,,,GFS,",
        "tw": "rc://*/tw/dict/bible/kt/heart"
      },
      {
        "type": "text",
        "text": ".\n\n"
      }
    ]
  },
  "13": {
    "verseObjects": [
      {
        "text": "καὶ",
        "tag": "w",
        "type": "word",
        "lemma": "καί",
        "strong": "G25320",
        "morph": "Gr,CC,,,,,,,,"
      },
      {
        "text": "οὐκ",
        "tag": "w",
        "type": "word",
        "lemma": "οὐ",
        "strong": "G37560",
        "morph": "Gr,D,,,,,,,,,"
      },
      {
        "text": "ἔστιν",
        "tag": "w",
        "type": "word",
        "lemma": "εἰμί",
        "strong": "G15100",
        "morph": "Gr,V,IPA3,,S,"
      },
      {
        "text": "κτίσις",
        "tag": "w",
        "type": "word",
        "lemma": "κτίσις",
        "strong": "G29370",
        "morph": "Gr,N,,,,,NFS,",
        "tw": "rc://*/tw/dict/bible/other/creature"
      },
      {
        "text": "ἀφανὴς",
        "tag": "w",
        "type": "word",
        "lemma": "ἀφανής",
        "strong": "G08520",
        "morph": "Gr,NP,,,,NFS,"
      },
      {
        "text": "ἐνώπιον",
        "tag": "w",
        "type": "word",
        "lemma": "ἐνώπιον",
        "strong": "G17990",
        "morph": "Gr,PI,,,,G,,,"
      },
      {
        "text": "αὐτοῦ",
        "tag": "w",
        "type": "word",
        "lemma": "αὐτός",
        "strong": "G08460",
        "morph": "Gr,RP,,,,GMS,"
      },
      {
        "type": "text",
        "text": ";"
      },
      {
        "text": "πάντα",
        "tag": "w",
        "type": "word",
        "lemma": "πᾶς",
        "strong": "G39560",
        "morph": "Gr,RI,,,,NNP,"
      },
      {
        "text": "δὲ",
        "tag": "w",
        "type": "word",
        "lemma": "δέ",
        "strong": "G11610",
        "morph": "Gr,CC,,,,,,,,"
      },
      {
        "text": "γυμνὰ",
        "tag": "w",
        "type": "word",
        "lemma": "γυμνός",
        "strong": "G11310",
        "morph": "Gr,NS,,,,NNP,"
      },
      {
        "text": "καὶ",
        "tag": "w",
        "type": "word",
        "lemma": "καί",
        "strong": "G25320",
        "morph": "Gr,CC,,,,,,,,"
      },
      {
        "text": "τετραχηλισμένα",
        "tag": "w",
        "type": "word",
        "lemma": "τραχηλίζω",
        "strong": "G51360",
        "morph": "Gr,V,PEP,NNP,"
      },
      {
        "text": "τοῖς",
        "tag": "w",
        "type": "word",
        "lemma": "ὁ",
        "strong": "G35880",
        "morph": "Gr,EA,,,,DMP,"
      },
      {
        "text": "ὀφθαλμοῖς",
        "tag": "w",
        "type": "word",
        "lemma": "ὀφθαλμός",
        "strong": "G37880",
        "morph": "Gr,N,,,,,DMP,"
      },
      {
        "text": "αὐτοῦ",
        "tag": "w",
        "type": "word",
        "lemma": "αὐτός",
        "strong": "G08460",
        "morph": "Gr,RP,,,3GMS,"
      },
      {
        "type": "text",
        "text": ","
      },
      {
        "text": "πρὸς",
        "tag": "w",
        "type": "word",
        "lemma": "πρός",
        "strong": "G43140",
        "morph": "Gr,P,,,,,A,,,"
      },
      {
        "text": "ὃν",
        "tag": "w",
        "type": "word",
        "lemma": "ὅς",
        "strong": "G37390",
        "morph": "Gr,RR,,,,AMS,"
      },
      {
        "text": "ἡμῖν",
        "tag": "w",
        "type": "word",
        "lemma": "ἐγώ",
        "strong": "G14730",
        "morph": "Gr,RP,,,1D,P,"
      },
      {
        "text": "ὁ",
        "tag": "w",
        "type": "word",
        "lemma": "ὁ",
        "strong": "G35880",
        "morph": "Gr,EA,,,,NMS,"
      },
      {
        "text": "λόγος",
        "tag": "w",
        "type": "word",
        "lemma": "λόγος",
        "strong": "G30560",
        "morph": "Gr,N,,,,,NMS,",
        "tw": "rc://*/tw/dict/bible/other/word"
      },
      {
        "type": "text",
        "text": ".\n\n"
      }
    ]
  },
  "14": {
    "verseObjects": [
      {
        "type": "text",
        "text": "\n"
      },
      {
        "tag": "p",
        "type": "paragraph"
      },
      {
        "text": "ἔχοντες",
        "tag": "w",
        "type": "word",
        "lemma": "ἔχω",
        "strong": "G21920",
        "morph": "Gr,V,PPA,NMP,"
      },
      {
        "text": "οὖν",
        "tag": "w",
        "type": "word",
        "lemma": "οὖν",
        "strong": "G37670",
        "morph": "Gr,CC,,,,,,,,"
      },
      {
        "text": "ἀρχιερέα",
        "tag": "w",
        "type": "word",
        "lemma": "ἀρχιερεύς",
        "strong": "G07490",
        "morph": "Gr,N,,,,,AMS,",
        "tw": "rc://*/tw/dict/bible/kt/highpriest"
      },
      {
        "text": "μέγαν",
        "tag": "w",
        "type": "word",
        "lemma": "μέγας",
        "strong": "G31730",
        "morph": "Gr,AA,,,,AMS,"
      },
      {
        "type": "text",
        "text": ","
      },
      {
        "text": "διεληλυθότα",
        "tag": "w",
        "type": "word",
        "lemma": "διέρχομαι",
        "strong": "G13300",
        "morph": "Gr,V,PEA,AMS,"
      },
      {
        "text": "τοὺς",
        "tag": "w",
        "type": "word",
        "lemma": "ὁ",
        "strong": "G35880",
        "morph": "Gr,EA,,,,AMP,"
      },
      {
        "text": "οὐρανούς",
        "tag": "w",
        "type": "word",
        "lemma": "οὐρανός",
        "strong": "G37720",
        "morph": "Gr,N,,,,,AMP,",
        "tw": "rc://*/tw/dict/bible/kt/heaven"
      },
      {
        "type": "text",
        "text": ","
      },
      {
        "text": "Ἰησοῦν",
        "tag": "w",
        "type": "word",
        "lemma": "Ἰησοῦς",
        "strong": "G24240",
        "morph": "Gr,N,,,,,AMS,",
        "tw": "rc://*/tw/dict/bible/kt/jesus"
      },
      {
        "type": "text",
        "text": ","
      },
      {
        "text": "τὸν",
        "tag": "w",
        "type": "word",
        "lemma": "ὁ",
        "strong": "G35880",
        "morph": "Gr,EA,,,,AMS,"
      },
      {
        "tag": "k",
        "type": "milestone",
        "tw": "rc://*/tw/dict/bible/kt/sonofgod",
        "children": [
          {
            "text": "Υἱὸν",
            "tag": "w",
            "type": "word",
            "lemma": "υἱός",
            "strong": "G52070",
            "morph": "Gr,N,,,,,AMS,"
          },
          {
            "text": "τοῦ",
            "tag": "w",
            "type": "word",
            "lemma": "ὁ",
            "strong": "G35880",
            "morph": "Gr,EA,,,,GMS,"
          },
          {
            "text": "Θεοῦ",
            "tag": "w",
            "type": "word",
            "lemma": "θεός",
            "strong": "G23160",
            "morph": "Gr,N,,,,,GMS,",
            "tw": "rc://*/tw/dict/bible/kt/god"
          }
        ],
        "endTag": "k-e\\*"
      },
      {
        "type": "text",
        "text": ","
      },
      {
        "text": "κρατῶμεν",
        "tag": "w",
        "type": "word",
        "lemma": "κρατέω",
        "strong": "G29020",
        "morph": "Gr,V,SPA1,,P,"
      },
      {
        "text": "τῆς",
        "tag": "w",
        "type": "word",
        "lemma": "ὁ",
        "strong": "G35880",
        "morph": "Gr,EP,,,,GFS,"
      },
      {
        "text": "ὁμολογίας",
        "tag": "w",
        "type": "word",
        "lemma": "ὁμολογία",
        "strong": "G36710",
        "morph": "Gr,N,,,,,GFS,",
        "tw": "rc://*/tw/dict/bible/kt/confess"
      },
      {
        "type": "text",
        "text": ".\n\n"
      }
    ]
  },
  "15": {
    "verseObjects": [
      {
        "text": "οὐ",
        "tag": "w",
        "type": "word",
        "lemma": "οὐ",
        "strong": "G37560",
        "morph": "Gr,DO,,,,,,,,"
      },
      {
        "text": "γὰρ",
        "tag": "w",
        "type": "word",
        "lemma": "γάρ",
        "strong": "G10630",
        "morph": "Gr,CC,,,,,,,,"
      },
      {
        "text": "ἔχομεν",
        "tag": "w",
        "type": "word",
        "lemma": "ἔχω",
        "strong": "G21920",
        "morph": "Gr,V,IPA1,,P,"
      },
      {
        "text": "ἀρχιερέα",
        "tag": "w",
        "type": "word",
        "lemma": "ἀρχιερεύς",
        "strong": "G07490",
        "morph": "Gr,N,,,,,AMS,",
        "tw": "rc://*/tw/dict/bible/kt/highpriest"
      },
      {
        "text": "μὴ",
        "tag": "w",
        "type": "word",
        "lemma": "μή",
        "strong": "G33610",
        "morph": "Gr,D,,,,,,,,,"
      },
      {
        "text": "δυνάμενον",
        "tag": "w",
        "type": "word",
        "lemma": "δύναμαι",
        "strong": "G14100",
        "morph": "Gr,V,PPM,AMS,"
      },
      {
        "text": "συνπαθῆσαι",
        "tag": "w",
        "type": "word",
        "lemma": "συνπαθέω",
        "strong": "G48340",
        "morph": "Gr,V,NAA,,,,,"
      },
      {
        "text": "ταῖς",
        "tag": "w",
        "type": "word",
        "lemma": "ὁ",
        "strong": "G35880",
        "morph": "Gr,EA,,,,DFP,"
      },
      {
        "text": "ἀσθενείαις",
        "tag": "w",
        "type": "word",
        "lemma": "ἀσθένεια",
        "strong": "G07690",
        "morph": "Gr,N,,,,,DFP,"
      },
      {
        "text": "ἡμῶν",
        "tag": "w",
        "type": "word",
        "lemma": "ἐγώ",
        "strong": "G14730",
        "morph": "Gr,RP,,,1G,P,"
      },
      {
        "type": "text",
        "text": ","
      },
      {
        "text": "πεπειρασμένον",
        "tag": "w",
        "type": "word",
        "lemma": "πειράζω",
        "strong": "G39850",
        "morph": "Gr,V,PEP,AMS,",
        "tw": "rc://*/tw/dict/bible/kt/tempt"
      },
      {
        "text": "δὲ",
        "tag": "w",
        "type": "word",
        "lemma": "δέ",
        "strong": "G11610",
        "morph": "Gr,CO,,,,,,,,"
      },
      {
        "text": "κατὰ",
        "tag": "w",
        "type": "word",
        "lemma": "κατά",
        "strong": "G25960",
        "morph": "Gr,P,,,,,A,,,"
      },
      {
        "text": "πάντα",
        "tag": "w",
        "type": "word",
        "lemma": "πᾶς",
        "strong": "G39560",
        "morph": "Gr,RI,,,,ANP,"
      },
      {
        "text": "καθ’",
        "tag": "w",
        "type": "word",
        "lemma": "κατά",
        "strong": "G25960",
        "morph": "Gr,P,,,,,A,,,"
      },
      {
        "text": "ὁμοιότητα",
        "tag": "w",
        "type": "word",
        "lemma": "ὁμοιότης",
        "strong": "G36650",
        "morph": "Gr,N,,,,,AFS,"
      },
      {
        "text": "χωρὶς",
        "tag": "w",
        "type": "word",
        "lemma": "χωρίς",
        "strong": "G55650",
        "morph": "Gr,PI,,,,G,,,"
      },
      {
        "text": "ἁμαρτίας",
        "tag": "w",
        "type": "word",
        "lemma": "ἁμαρτία",
        "strong": "G02660",
        "morph": "Gr,N,,,,,GFS,",
        "tw": "rc://*/tw/dict/bible/kt/sin"
      },
      {
        "type": "text",
        "text": ".\n\n"
      }
    ]
  },
  "16": {
    "verseObjects": [
      {
        "text": "προσερχώμεθα",
        "tag": "w",
        "type": "word",
        "lemma": "προσέρχομαι",
        "strong": "G43340",
        "morph": "Gr,V,SPM1,,P,"
      },
      {
        "text": "οὖν",
        "tag": "w",
        "type": "word",
        "lemma": "οὖν",
        "strong": "G37670",
        "morph": "Gr,CC,,,,,,,,"
      },
      {
        "text": "μετὰ",
        "tag": "w",
        "type": "word",
        "lemma": "μετά",
        "strong": "G33260",
        "morph": "Gr,P,,,,,G,,,"
      },
      {
        "text": "παρρησίας",
        "tag": "w",
        "type": "word",
        "lemma": "παρρησία",
        "strong": "G39540",
        "morph": "Gr,N,,,,,GFS,",
        "tw": "rc://*/tw/dict/bible/other/bold"
      },
      {
        "text": "τῷ",
        "tag": "w",
        "type": "word",
        "lemma": "ὁ",
        "strong": "G35880",
        "morph": "Gr,EA,,,,DMS,"
      },
      {
        "text": "θρόνῳ",
        "tag": "w",
        "type": "word",
        "lemma": "θρόνος",
        "strong": "G23620",
        "morph": "Gr,N,,,,,DMS,",
        "tw": "rc://*/tw/dict/bible/other/throne"
      },
      {
        "text": "τῆς",
        "tag": "w",
        "type": "word",
        "lemma": "ὁ",
        "strong": "G35880",
        "morph": "Gr,EA,,,,GFS,"
      },
      {
        "text": "χάριτος",
        "tag": "w",
        "type": "word",
        "lemma": "χάρις",
        "strong": "G54850",
        "morph": "Gr,N,,,,,GFS,",
        "tw": "rc://*/tw/dict/bible/kt/grace"
      },
      {
        "type": "text",
        "text": ","
      },
      {
        "text": "ἵνα",
        "tag": "w",
        "type": "word",
        "lemma": "ἵνα",
        "strong": "G24430",
        "morph": "Gr,CS,,,,,,,,"
      },
      {
        "text": "λάβωμεν",
        "tag": "w",
        "type": "word",
        "lemma": "λαμβάνω",
        "strong": "G29830",
        "morph": "Gr,V,SAA1,,P,",
        "tw": "rc://*/tw/dict/bible/other/receive"
      },
      {
        "text": "ἔλεος",
        "tag": "w",
        "type": "word",
        "lemma": "ἔλεος",
        "strong": "G16560",
        "morph": "Gr,N,,,,,ANS,",
        "tw": "rc://*/tw/dict/bible/kt/mercy"
      },
      {
        "type": "text",
        "text": ","
      },
      {
        "text": "καὶ",
        "tag": "w",
        "type": "word",
        "lemma": "καί",
        "strong": "G25320",
        "morph": "Gr,CC,,,,,,,,"
      },
      {
        "text": "χάριν",
        "tag": "w",
        "type": "word",
        "lemma": "χάρις",
        "strong": "G54850",
        "morph": "Gr,N,,,,,AFS,",
        "tw": "rc://*/tw/dict/bible/kt/grace"
      },
      {
        "text": "εὕρωμεν",
        "tag": "w",
        "type": "word",
        "lemma": "εὑρίσκω",
        "strong": "G21470",
        "morph": "Gr,V,SAA1,,P,"
      },
      {
        "type": "text",
        "text": ","
      },
      {
        "text": "εἰς",
        "tag": "w",
        "type": "word",
        "lemma": "εἰς",
        "strong": "G15190",
        "morph": "Gr,P,,,,,A,,,"
      },
      {
        "text": "εὔκαιρον",
        "tag": "w",
        "type": "word",
        "lemma": "εὔκαιρος",
        "strong": "G21210",
        "morph": "Gr,AA,,,,AFS,",
        "tw": "rc://*/tw/dict/bible/other/time"
      },
      {
        "text": "βοήθειαν",
        "tag": "w",
        "type": "word",
        "lemma": "βοήθεια",
        "strong": "G09960",
        "morph": "Gr,N,,,,,AFS,"
      },
      {
        "type": "text",
        "text": ".\n\n"
      }
    ]
  },
  "front": {
    "verseObjects": [
      {
        "tag": "p",
        "nextChar": "\n",
        "type": "paragraph"
      },
      {
        "type": "text",
        "text": "\n"
      }
    ]
  }
}