{
  "1": {
    "verseObjects": [
      {
        "type": "text",
        "text": "David sang to Yahweh the words of this song on the day that Yahweh rescued him out of the hand of all his enemies, and out of the hand of Saul.\n"
      }
    ]
  },
  "2": {
    "verseObjects": [
      {
        "type": "text",
        "text": "He prayed,\n"
      },
      {
        "tag": "q",
        "type": "quote",
        "text": "\"Yahweh is my rock, my fortress, the one who rescues me.\n"
      },
      {
        "type": "text",
        "text": "\n"
      },
      {
        "tag": "s5",
        "nextChar": "\n",
        "type": "section"
      },
      {
        "tag": "q",
        "nextChar": "\n",
        "type": "quote"
      }
    ]
  },
  "3": {
    "verseObjects": [
      {
        "type": "text",
        "text": "God is my rock. I take refuge in him.\n"
      },
      {
        "tag": "q",
        "type": "quote",
        "text": "He is my shield, the horn of my salvation, my stronghold, and my refuge,\n"
      },
      {
        "tag": "q",
        "type": "quote",
        "text": "the one who saves me from violence.\n"
      },
      {
        "tag": "q",
        "nextChar": "\n",
        "type": "quote"
      }
    ]
  },
  "4": {
    "verseObjects": [
      {
        "type": "text",
        "text": "I will call on Yahweh, who is worthy to be praised,\n"
      },
      {
        "tag": "q",
        "type": "quote",
        "text": "and I will be saved from my enemies.\n"
      },
      {
        "type": "text",
        "text": "\n"
      },
      {
        "tag": "s5",
        "nextChar": "\n",
        "type": "section"
      },
      {
        "tag": "q",
        "nextChar": "\n",
        "type": "quote"
      }
    ]
  },
  "5": {
    "verseObjects": [
      {
        "type": "text",
        "text": "For the waves of death surrounded me,\n"
      },
      {
        "tag": "q",
        "type": "quote",
        "text": "the rushing waters of destruction overwhelmed me.\n"
      },
      {
        "tag": "q",
        "nextChar": "\n",
        "type": "quote"
      }
    ]
  },
  "6": {
    "verseObjects": [
      {
        "type": "text",
        "text": "The cords of Sheol surrounded me;\n"
      },
      {
        "tag": "q",
        "type": "quote",
        "text": "the snares of death trapped me.\n"
      },
      {
        "type": "text",
        "text": "\n"
      },
      {
        "tag": "s5",
        "nextChar": "\n",
        "type": "section"
      },
      {
        "tag": "q",
        "nextChar": "\n",
        "type": "quote"
      }
    ]
  },
  "7": {
    "verseObjects": [
      {
        "type": "text",
        "text": "In my distress I called to Yahweh;\n"
      },
      {
        "tag": "q",
        "type": "quote",
        "text": "I called to my God;\n"
      },
      {
        "tag": "q",
        "type": "quote",
        "text": "he heard my voice from his temple,\n"
      },
      {
        "tag": "q",
        "type": "quote",
        "text": "and my call for help went into his ears.\n"
      },
      {
        "type": "text",
        "text": "\n"
      },
      {
        "tag": "s5",
        "nextChar": "\n",
        "type": "section"
      },
      {
        "tag": "q",
        "nextChar": "\n",
        "type": "quote"
      }
    ]
  },
  "8": {
    "verseObjects": [
      {
        "type": "text",
        "text": "Then the earth shook and trembled.\n"
      },
      {
        "tag": "q",
        "type": "quote",
        "text": "The foundations of the heavens trembled\n"
      },
      {
        "tag": "q",
        "type": "quote",
        "text": "and were shaken, because God was angry.\n"
      },
      {
        "tag": "q",
        "nextChar": "\n",
        "type": "quote"
      }
    ]
  },
  "9": {
    "verseObjects": [
      {
        "type": "text",
        "text": "Smoke went up from out of his nostrils,\n"
      },
      {
        "tag": "q",
        "type": "quote",
        "text": "and blazing fire came out of his mouth.\n"
      },
      {
        "tag": "q",
        "type": "quote",
        "text": "Coals were ignited by it.\n"
      },
      {
        "type": "text",
        "text": "\n"
      },
      {
        "tag": "s5",
        "nextChar": "\n",
        "type": "section"
      },
      {
        "tag": "q",
        "nextChar": "\n",
        "type": "quote"
      }
    ]
  },
  "10": {
    "verseObjects": [
      {
        "type": "text",
        "text": "He opened the heavens and came down,\n"
      },
      {
        "tag": "q",
        "type": "quote",
        "text": "and thick darkness was under his feet.\n"
      },
      {
        "tag": "q",
        "nextChar": "\n",
        "type": "quote"
      }
    ]
  },
  "11": {
    "verseObjects": [
      {
        "type": "text",
        "text": "He rode on a cherub and flew.\n"
      },
      {
        "tag": "q",
        "type": "quote",
        "text": "He was seen on the wings of the wind.\n"
      },
      {
        "tag": "f",
        "type": "footnote",
        "content": "+ \\ft Some versions have, \\fqa He flew on the wings of the wind \\fqa* . ",
        "endTag": "f*",
        "nextChar": "\n"
      },
      {
        "tag": "q",
        "nextChar": "\n",
        "type": "quote"
      }
    ]
  },
  "12": {
    "verseObjects": [
      {
        "type": "text",
        "text": "He made darkness a tent around him,\n"
      },
      {
        "tag": "q",
        "type": "quote",
        "text": "gathering heavy rain clouds in the skies.\n"
      },
      {
        "type": "text",
        "text": "\n"
      },
      {
        "tag": "s5",
        "nextChar": "\n",
        "type": "section"
      },
      {
        "tag": "q",
        "nextChar": "\n",
        "type": "quote"
      }
    ]
  },
  "13": {
    "verseObjects": [
      {
        "type": "text",
        "text": "From the lightning before him\n"
      },
      {
        "tag": "q",
        "type": "quote",
        "text": "coals of fire fell.\n"
      },
      {
        "tag": "q",
        "nextChar": "\n",
        "type": "quote"
      }
    ]
  },
  "14": {
    "verseObjects": [
      {
        "type": "text",
        "text": "Yahweh thundered from the heavens.\n"
      },
      {
        "tag": "q",
        "type": "quote",
        "text": "The Most High shouted.\n"
      },
      {
        "tag": "q",
        "nextChar": "\n",
        "type": "quote"
      }
    ]
  },
  "15": {
    "verseObjects": [
      {
        "type": "text",
        "text": "He shot arrows and scattered his enemies—\n"
      },
      {
        "tag": "q",
        "type": "quote",
        "text": "lightning bolts and dispersed them.\n"
      },
      {
        "type": "text",
        "text": "\n"
      },
      {
        "tag": "s5",
        "nextChar": "\n",
        "type": "section"
      },
      {
        "tag": "q",
        "nextChar": "\n",
        "type": "quote"
      }
    ]
  },
  "16": {
    "verseObjects": [
      {
        "type": "text",
        "text": "Then the channels of the sea were seen;\n"
      },
      {
        "tag": "q",
        "type": "quote",
        "text": "the foundations of the world were laid bare\n"
      },
      {
        "tag": "q",
        "type": "quote",
        "text": "at the rebuke of Yahweh,\n"
      },
      {
        "tag": "q",
        "type": "quote",
        "text": "at the blast of the breath of his nostrils.\n"
      },
      {
        "type": "text",
        "text": "\n"
      },
      {
        "tag": "s5",
        "nextChar": "\n",
        "type": "section"
      },
      {
        "tag": "q",
        "nextChar": "\n",
        "type": "quote"
      }
    ]
  },
  "17": {
    "verseObjects": [
      {
        "type": "text",
        "text": "He reached down from above; he took hold of me!\n"
      },
      {
        "tag": "q",
        "type": "quote",
        "text": "He pulled me out of the surging water.\n"
      },
      {
        "tag": "q",
        "nextChar": "\n",
        "type": "quote"
      }
    ]
  },
  "18": {
    "verseObjects": [
      {
        "type": "text",
        "text": "He rescued me from my strong enemy,\n"
      },
      {
        "tag": "q",
        "type": "quote",
        "text": "from those who hated me, for they were too strong for me.\n"
      },
      {
        "type": "text",
        "text": "\n"
      },
      {
        "tag": "s5",
        "nextChar": "\n",
        "type": "section"
      },
      {
        "tag": "q",
        "nextChar": "\n",
        "type": "quote"
      }
    ]
  },
  "19": {
    "verseObjects": [
      {
        "type": "text",
        "text": "They came against me on the day of my distress,\n"
      },
      {
        "tag": "q",
        "type": "quote",
        "text": "but Yahweh was my support.\n"
      },
      {
        "tag": "q",
        "nextChar": "\n",
        "type": "quote"
      }
    ]
  },
  "20": {
    "verseObjects": [
      {
        "type": "text",
        "text": "He also brought me out to a wide open place.\n"
      },
      {
        "tag": "q",
        "type": "quote",
        "text": "He saved me because he was pleased with me.\n"
      },
      {
        "tag": "q",
        "nextChar": "\n",
        "type": "quote"
      }
    ]
  },
  "21": {
    "verseObjects": [
      {
        "type": "text",
        "text": "Yahweh has rewarded me to the measure of my righteousness;\n"
      },
      {
        "tag": "q",
        "type": "quote",
        "text": "he has restored me to the measure of the cleanness of my hands.\n"
      },
      {
        "type": "text",
        "text": "\n"
      },
      {
        "tag": "s5",
        "nextChar": "\n",
        "type": "section"
      },
      {
        "tag": "q",
        "nextChar": "\n",
        "type": "quote"
      }
    ]
  },
  "22": {
    "verseObjects": [
      {
        "type": "text",
        "text": "For I have kept the ways of Yahweh\n"
      },
      {
        "tag": "q",
        "type": "quote",
        "text": "and have not acted wickedly by turning from my God.\n"
      },
      {
        "tag": "q",
        "nextChar": "\n",
        "type": "quote"
      }
    ]
  },
  "23": {
    "verseObjects": [
      {
        "type": "text",
        "text": "For all his righteous decrees have been before me;\n"
      },
      {
        "tag": "q",
        "type": "quote",
        "text": "as for his statutes, I have not turned away from them.\n"
      },
      {
        "type": "text",
        "text": "\n"
      },
      {
        "tag": "s5",
        "nextChar": "\n",
        "type": "section"
      },
      {
        "tag": "q",
        "nextChar": "\n",
        "type": "quote"
      }
    ]
  },
  "24": {
    "verseObjects": [
      {
        "type": "text",
        "text": "I have also been innocent before him,\n"
      },
      {
        "tag": "q",
        "type": "quote",
        "text": "and I have kept myself from sin.\n"
      },
      {
        "tag": "q",
        "nextChar": "\n",
        "type": "quote"
      }
    ]
  },
  "25": {
    "verseObjects": [
      {
        "type": "text",
        "text": "Therefore Yahweh has restored me to the measure of my righteousness,\n"
      },
      {
        "tag": "q",
        "type": "quote",
        "text": "to the degree of my cleanness in his sight.\n"
      },
      {
        "type": "text",
        "text": "\n"
      },
      {
        "tag": "s5",
        "nextChar": "\n",
        "type": "section"
      },
      {
        "tag": "q",
        "nextChar": "\n",
        "type": "quote"
      }
    ]
  },
  "26": {
    "verseObjects": [
      {
        "type": "text",
        "text": "To the faithful one, you show yourself to be faithful;\n"
      },
      {
        "tag": "q",
        "type": "quote",
        "text": "to a man who is blameless, you show yourself to be blameless.\n"
      },
      {
        "tag": "q",
        "nextChar": "\n",
        "type": "quote"
      }
    ]
  },
  "27": {
    "verseObjects": [
      {
        "type": "text",
        "text": "With the pure you show yourself pure,\n"
      },
      {
        "tag": "q",
        "type": "quote",
        "text": "but you are perverse to the twisted.\n"
      },
      {
        "type": "text",
        "text": "\n"
      },
      {
        "tag": "s5",
        "nextChar": "\n",
        "type": "section"
      },
      {
        "tag": "q",
        "nextChar": "\n",
        "type": "quote"
      }
    ]
  },
  "28": {
    "verseObjects": [
      {
        "type": "text",
        "text": "You save afflicted people,\n"
      },
      {
        "tag": "q",
        "type": "quote",
        "text": "but your eyes are against the proud, and you bring them down.\n"
      },
      {
        "tag": "q",
        "nextChar": "\n",
        "type": "quote"
      }
    ]
  },
  "29": {
    "verseObjects": [
      {
        "type": "text",
        "text": "For you are my lamp, Yahweh.\n"
      },
      {
        "tag": "q",
        "type": "quote",
        "text": "Yahweh lights up my darkness.\n"
      },
      {
        "type": "text",
        "text": "\n"
      },
      {
        "tag": "s5",
        "nextChar": "\n",
        "type": "section"
      },
      {
        "tag": "q",
        "nextChar": "\n",
        "type": "quote"
      }
    ]
  },
  "30": {
    "verseObjects": [
      {
        "type": "text",
        "text": "For by you I can run over a barricade;\n"
      },
      {
        "tag": "q",
        "type": "quote",
        "text": "by my God I can leap over a wall.\n"
      },
      {
        "tag": "q",
        "nextChar": "\n",
        "type": "quote"
      }
    ]
  },
  "31": {
    "verseObjects": [
      {
        "type": "text",
        "text": "As for God, his way is perfect.\n"
      },
      {
        "tag": "q",
        "type": "quote",
        "text": "The word of Yahweh is pure.\n"
      },
      {
        "tag": "q",
        "type": "quote",
        "text": "He is a shield to everyone who takes refuge in him.\n"
      },
      {
        "type": "text",
        "text": "\n"
      },
      {
        "tag": "s5",
        "nextChar": "\n",
        "type": "section"
      },
      {
        "tag": "q",
        "nextChar": "\n",
        "type": "quote"
      }
    ]
  },
  "32": {
    "verseObjects": [
      {
        "type": "text",
        "text": "For who is God except Yahweh,\n"
      },
      {
        "tag": "q",
        "type": "quote",
        "text": "and who is a rock except our God?\n"
      },
      {
        "tag": "q",
        "nextChar": "\n",
        "type": "quote"
      }
    ]
  },
  "33": {
    "verseObjects": [
      {
        "type": "text",
        "text": "God is my refuge,\n"
      },
      {
        "tag": "q",
        "type": "quote",
        "text": "and he leads the blameless person on his path.\n"
      },
      {
        "type": "text",
        "text": "\n"
      },
      {
        "tag": "s5",
        "nextChar": "\n",
        "type": "section"
      },
      {
        "tag": "q",
        "nextChar": "\n",
        "type": "quote"
      }
    ]
  },
  "34": {
    "verseObjects": [
      {
        "type": "text",
        "text": "He makes my feet swift like a deer\n"
      },
      {
        "tag": "q",
        "type": "quote",
        "text": "and places me on the high hills.\n"
      },
      {
        "tag": "q",
        "nextChar": "\n",
        "type": "quote"
      }
    ]
  },
  "35": {
    "verseObjects": [
      {
        "type": "text",
        "text": "He trains my hands for war,\n"
      },
      {
        "tag": "q",
        "type": "quote",
        "text": "and my arms to bend a bow of bronze.\n"
      },
      {
        "type": "text",
        "text": "\n"
      },
      {
        "tag": "s5",
        "nextChar": "\n",
        "type": "section"
      },
      {
        "tag": "q",
        "nextChar": "\n",
        "type": "quote"
      }
    ]
  },
  "36": {
    "verseObjects": [
      {
        "type": "text",
        "text": "You have given me the shield of your salvation,\n"
      },
      {
        "tag": "q",
        "type": "quote",
        "text": "and your favor has made me great.\n"
      },
      {
        "tag": "q",
        "nextChar": "\n",
        "type": "quote"
      }
    ]
  },
  "37": {
    "verseObjects": [
      {
        "type": "text",
        "text": "You have made a wide place for my feet beneath me,\n"
      },
      {
        "tag": "q",
        "type": "quote",
        "text": "so my feet have not slipped.\n"
      },
      {
        "type": "text",
        "text": "\n"
      },
      {
        "tag": "s5",
        "nextChar": "\n",
        "type": "section"
      },
      {
        "tag": "q",
        "nextChar": "\n",
        "type": "quote"
      }
    ]
  },
  "38": {
    "verseObjects": [
      {
        "type": "text",
        "text": "I pursued my enemies and destroyed them.\n"
      },
      {
        "tag": "q",
        "type": "quote",
        "text": "I did not turn back until they were destroyed.\n"
      },
      {
        "tag": "q",
        "nextChar": "\n",
        "type": "quote"
      }
    ]
  },
  "39": {
    "verseObjects": [
      {
        "type": "text",
        "text": "I devoured them and smashed them; they cannot rise.\n"
      },
      {
        "tag": "q",
        "type": "quote",
        "text": "They have fallen under my feet.\n"
      },
      {
        "type": "text",
        "text": "\n"
      },
      {
        "tag": "s5",
        "nextChar": "\n",
        "type": "section"
      },
      {
        "tag": "q",
        "nextChar": "\n",
        "type": "quote"
      }
    ]
  },
  "40": {
    "verseObjects": [
      {
        "type": "text",
        "text": "You put strength on me like a belt for battle;\n"
      },
      {
        "tag": "q",
        "type": "quote",
        "text": "you put under me those who rise up against me.\n"
      },
      {
        "tag": "q",
        "nextChar": "\n",
        "type": "quote"
      }
    ]
  },
  "41": {
    "verseObjects": [
      {
        "type": "text",
        "text": "You gave me the back of my enemies' necks;\n"
      },
      {
        "tag": "q",
        "type": "quote",
        "text": "I annihilated those who hated me.\n"
      },
      {
        "type": "text",
        "text": "\n"
      },
      {
        "tag": "s5",
        "nextChar": "\n",
        "type": "section"
      },
      {
        "tag": "q",
        "nextChar": "\n",
        "type": "quote"
      }
    ]
  },
  "42": {
    "verseObjects": [
      {
        "type": "text",
        "text": "They cried for help, but no one saved them;\n"
      },
      {
        "tag": "q",
        "type": "quote",
        "text": "they cried out to Yahweh, but he did not answer them.\n"
      },
      {
        "tag": "q",
        "nextChar": "\n",
        "type": "quote"
      }
    ]
  },
  "43": {
    "verseObjects": [
      {
        "type": "text",
        "text": "I beat them into fine pieces like dust on the ground,\n"
      },
      {
        "tag": "q",
        "type": "quote",
        "text": "I pulverized them like mud in the streets.\n"
      },
      {
        "type": "text",
        "text": "\n"
      },
      {
        "tag": "s5",
        "nextChar": "\n",
        "type": "section"
      },
      {
        "tag": "q",
        "nextChar": "\n",
        "type": "quote"
      }
    ]
  },
  "44": {
    "verseObjects": [
      {
        "type": "text",
        "text": "You also have rescued me from the disputes of my own people.\n"
      },
      {
        "tag": "q",
        "type": "quote",
        "text": "You have kept me as the head of nations.\n"
      },
      {
        "tag": "q",
        "type": "quote",
        "text": "A people that I have not known serves me.\n"
      },
      {
        "tag": "q",
        "nextChar": "\n",
        "type": "quote"
      }
    ]
  },
  "45": {
    "verseObjects": [
      {
        "type": "text",
        "text": "Foreigners were forced to bow to me.\n"
      },
      {
        "tag": "q",
        "type": "quote",
        "text": "As soon as they heard of me, they obeyed me.\n"
      },
      {
        "tag": "q",
        "nextChar": "\n",
        "type": "quote"
      }
    ]
  },
  "46": {
    "verseObjects": [
      {
        "type": "text",
        "text": "The foreigners came trembling out of their strongholds.\n\n"
      },
      {
        "tag": "s5",
        "nextChar": "\n",
        "type": "section"
      },
      {
        "tag": "q",
        "nextChar": "\n",
        "type": "quote"
      }
    ]
  },
  "47": {
    "verseObjects": [
      {
        "type": "text",
        "text": "Yahweh lives! May my rock be praised.\n"
      },
      {
        "tag": "q",
        "type": "quote",
        "text": "May God be exalted, the rock of my salvation.\n"
      },
      {
        "tag": "q",
        "nextChar": "\n",
        "type": "quote"
      }
    ]
  },
  "48": {
    "verseObjects": [
      {
        "type": "text",
        "text": "This is the God who executes vengeance for me,\n"
      },
      {
        "tag": "q",
        "type": "quote",
        "text": "the one who brings down peoples under me.\n"
      },
      {
        "tag": "q",
        "nextChar": "\n",
        "type": "quote"
      }
    ]
  },
  "49": {
    "verseObjects": [
      {
        "type": "text",
        "text": "He sets me free from my enemies.\n"
      },
      {
        "tag": "q",
        "type": "quote",
        "text": "Indeed, you lifted me up above those who rose up against me.\n"
      },
      {
        "tag": "q",
        "type": "quote",
        "text": "You rescue me from violent men.\n"
      },
      {
        "type": "text",
        "text": "\n"
      },
      {
        "tag": "s5",
        "nextChar": "\n",
        "type": "section"
      },
      {
        "tag": "q",
        "nextChar": "\n",
        "type": "quote"
      }
    ]
  },
  "50": {
    "verseObjects": [
      {
        "type": "text",
        "text": "Therefore I will give thanks to you, Yahweh, among the nations;\n"
      },
      {
        "tag": "q",
        "type": "quote",
        "text": "I will sing praises to your name.\n"
      },
      {
        "tag": "q",
        "nextChar": "\n",
        "type": "quote"
      }
    ]
  },
  "51": {
    "verseObjects": [
      {
        "type": "text",
        "text": "God gives great victory to his king,\n"
      },
      {
        "tag": "q",
        "type": "quote",
        "text": "and he shows his covenant loyalty to his anointed one,\n"
      },
      {
        "tag": "q",
        "type": "quote",
        "text": "to David and to his descendants forever.\"\n"
      },
      {
        "type": "text",
        "text": "\n\n"
      },
      {
        "tag": "s5",
        "nextChar": "\n",
        "type": "section"
      }
    ]
  },
  "front": {
    "verseObjects": [
      {
        "tag": "p",
        "nextChar": "\n",
        "type": "paragraph"
      }
    ]
  }
}