{
  "1": {
    "verseObjects": [
      {
        "type": "text",
        "text": "After Saul died, David and the men who were with him returned to the town of Ziklag after defeating the descendants of Amalek. They stayed in Ziklag for two days.\n"
      }
    ]
  },
  "2": {
    "verseObjects": [
      {
        "type": "text",
        "text": "On the third day, a man unexpectedly arrived there who had been in Saul's army. He had torn his clothes and put dust on his head to show that he was grieving. He came to David and prostrated himself on the ground in front of David to show respect for him.\n\n"
      },
      {
        "tag": "s5",
        "nextChar": "\n",
        "type": "section"
      },
      {
        "tag": "p",
        "nextChar": "\n",
        "type": "paragraph"
      }
    ]
  },
  "3": {
    "verseObjects": [
      {
        "type": "text",
        "text": "David asked him, \"Where have you come from?\" The man replied, \"From the Israelite army.\"\n"
      },
      {
        "tag": "p",
        "nextChar": "\n",
        "type": "paragraph"
      }
    ]
  },
  "4": {
    "verseObjects": [
      {
        "type": "text",
        "text": "David asked him, \"What happened? Tell me about the battle!\" The man replied, \"Our soldiers ran away. Many of them were killed. And Saul and his son Jonathan are dead.\"\n"
      },
      {
        "tag": "p",
        "nextChar": "\n",
        "type": "paragraph"
      }
    ]
  },
  "5": {
    "verseObjects": [
      {
        "type": "text",
        "text": "David said to the young man, \"How do you know that Saul and Jonathan are dead?\"\n\n"
      },
      {
        "tag": "s5",
        "nextChar": "\n",
        "type": "section"
      },
      {
        "tag": "p",
        "nextChar": "\n",
        "type": "paragraph"
      }
    ]
  },
  "6": {
    "verseObjects": [
      {
        "type": "text",
        "text": "The young man replied, \"I was on Mount Gilboa where the fighting was. I saw Saul; he was leaning on his spear. The enemy chariots and their drivers were coming very close to him.\n"
      }
    ]
  },
  "7": {
    "verseObjects": [
      {
        "type": "text",
        "text": "Saul turned around and saw me, and he called out to me. I answered him and said, 'What do you want me to do?'\n\n"
      },
      {
        "tag": "s5",
        "nextChar": "\n",
        "type": "section"
      },
      {
        "tag": "p",
        "nextChar": "\n",
        "type": "paragraph"
      }
    ]
  },
  "8": {
    "verseObjects": [
      {
        "type": "text",
        "text": "He replied, 'Who are you?' I replied, 'I am a descendant of Amalek.'\n"
      },
      {
        "tag": "p",
        "nextChar": "\n",
        "type": "paragraph"
      }
    ]
  },
  "9": {
    "verseObjects": [
      {
        "type": "text",
        "text": "Then he said to me, 'Come over here and kill me. I am in very much pain.'\n"
      },
      {
        "tag": "p",
        "nextChar": "\n",
        "type": "paragraph"
      }
    ]
  },
  "10": {
    "verseObjects": [
      {
        "type": "text",
        "text": "So I went to him and killed him, because I saw that he was wounded very badly and would not continue to live. I took the crown from his head and his armband, which I have brought to you, my master.\"\n\n"
      },
      {
        "tag": "s5",
        "nextChar": "\n",
        "type": "section"
      },
      {
        "tag": "p",
        "nextChar": "\n",
        "type": "paragraph"
      }
    ]
  },
  "11": {
    "verseObjects": [
      {
        "type": "text",
        "text": "Then David took hold of his clothing and he tore it apart, and all the men who were with him tore their clothes apart as well.\n"
      }
    ]
  },
  "12": {
    "verseObjects": [
      {
        "type": "text",
        "text": "They tore their clothing because they were very sad and they refused to eat anything until evening because they remembered that Saul and his son Jonathan had died, and that so many of the people of Yahweh had died, and they were sad because of the great dangers the descendants of Israel had gone through, and because so many of them died in battle.\n"
      },
      {
        "tag": "p",
        "nextChar": "\n",
        "type": "paragraph"
      }
    ]
  },
  "13": {
    "verseObjects": [
      {
        "type": "text",
        "text": "But David asked the young man who had told him about the battle, \"Where are you from?\" He replied, \"My father is a descendant of Amalek, but we live in Israel.\"\n\n"
      },
      {
        "tag": "s5",
        "nextChar": "\n",
        "type": "section"
      },
      {
        "tag": "p",
        "nextChar": "\n",
        "type": "paragraph"
      }
    ]
  },
  "14": {
    "verseObjects": [
      {
        "type": "text",
        "text": "David asked him, \"Why were you not afraid that you would be punished if you killed Saul, whom Yahweh made king?\n"
      }
    ]
  },
  "17": {
    "verseObjects": [
      {
        "type": "text",
        "text": "Then David composed this sad song about Saul and Jonathan,\n"
      }
    ]
  },
  "18": {
    "verseObjects": [
      {
        "type": "text",
        "text": "and he ordered the men with him to teach it to the people of Judah. The song is called \"The Bow,\" and it has been written down in the Book of Jashar:\n"
      },
      {
        "tag": "q1",
        "nextChar": "\n",
        "type": "quote"
      }
    ]
  },
  "19": {
    "verseObjects": [
      {
        "type": "text",
        "text": "\"You Israelite people, your glorious leaders have been killed on the mountains!\n"
      },
      {
        "tag": "q2",
        "type": "quote",
        "text": "It is very sad that these mighty men have died!\n"
      },
      {
        "tag": "q1",
        "nextChar": "\n",
        "type": "quote"
      }
    ]
  },
  "20": {
    "verseObjects": [
      {
        "type": "text",
        "text": "Do not tell it to our enemies in the region of Philistia.\n"
      },
      {
        "tag": "q1",
        "type": "quote",
        "text": "Do not tell the people who live in the city of Gath.\n"
      },
      {
        "tag": "q2",
        "type": "quote",
        "text": "Do not proclaim it in the streets of the city of Ashkelon, or their women would celebrate.\n"
      },
      {
        "tag": "q2",
        "type": "quote",
        "text": "Do not allow those pagan women to rejoice.\n"
      },
      {
        "type": "text",
        "text": "\n"
      },
      {
        "tag": "s5",
        "nextChar": "\n",
        "type": "section"
      },
      {
        "tag": "q1",
        "nextChar": "\n",
        "type": "quote"
      }
    ]
  },
  "21": {
    "verseObjects": [
      {
        "type": "text",
        "text": "I hope there will be no rain or dew ever again on the mountains of Gilboa\n"
      },
      {
        "tag": "q1",
        "type": "quote",
        "text": "and that no grain will grow in the fields there,\n"
      },
      {
        "tag": "q2",
        "type": "quote",
        "text": "because it was there that the shield of Saul, the mighty king, fell to the ground.\n"
      },
      {
        "tag": "q1",
        "type": "quote",
        "text": "Now there is no one to rub olive oil on Saul's shield.\n"
      },
      {
        "tag": "q1",
        "nextChar": "\n",
        "type": "quote"
      }
    ]
  },
  "22": {
    "verseObjects": [
      {
        "type": "text",
        "text": "Jonathan's arrows were his servants who always pierced his enemies and drew their blood.\n"
      },
      {
        "tag": "q2",
        "type": "quote",
        "text": "and Saul's sword was his servant who always struck his enemies.\n"
      },
      {
        "type": "text",
        "text": "\n"
      },
      {
        "tag": "s5",
        "nextChar": "\n",
        "type": "section"
      },
      {
        "tag": "q1",
        "nextChar": "\n",
        "type": "quote"
      }
    ]
  },
  "23": {
    "verseObjects": [
      {
        "type": "text",
        "text": "Saul and Jonathan were loved; they pleased many people.\n"
      },
      {
        "tag": "q2",
        "type": "quote",
        "text": "They were together while they lived and when they died.\n"
      },
      {
        "tag": "q1",
        "type": "quote",
        "text": "In battle they were swifter than eagles and stronger than lions.\n"
      },
      {
        "tag": "q1",
        "nextChar": "\n",
        "type": "quote"
      }
    ]
  },
  "24": {
    "verseObjects": [
      {
        "type": "text",
        "text": "You women in Israel, weep about Saul.\n"
      },
      {
        "tag": "q1",
        "type": "quote",
        "text": "He provided beautiful scarlet clothes for you\n"
      },
      {
        "tag": "q2",
        "type": "quote",
        "text": "and gave you gold ornaments to put on.\n"
      },
      {
        "type": "text",
        "text": "\n"
      },
      {
        "tag": "s5",
        "nextChar": "\n",
        "type": "section"
      },
      {
        "tag": "q1",
        "nextChar": "\n",
        "type": "quote"
      }
    ]
  },
  "25": {
    "verseObjects": [
      {
        "type": "text",
        "text": "It is very sad that my brother Jonathan has died\n"
      },
      {
        "tag": "q2",
        "type": "quote",
        "text": "He was a mighty soldiers, and his enemies killed him on the mountain.\n"
      },
      {
        "tag": "q1",
        "nextChar": "\n",
        "type": "quote"
      }
    ]
  },
  "26": {
    "verseObjects": [
      {
        "type": "text",
        "text": "Jonathan, my dear friend, I grieve for you.\n"
      },
      {
        "tag": "q2",
        "type": "quote",
        "text": "You were very dear to me.\n"
      },
      {
        "tag": "q1",
        "type": "quote",
        "text": "You loved me in a wonderful manner.\n"
      },
      {
        "tag": "q2",
        "type": "quote",
        "text": "It was even better than the way that a woman loves her husband and her children.\n"
      },
      {
        "tag": "q1",
        "nextChar": "\n",
        "type": "quote"
      }
    ]
  },
  "27": {
    "verseObjects": [
      {
        "type": "text",
        "text": "It is very sad that these mighty men have died,\n"
      },
      {
        "tag": "q2",
        "type": "quote",
        "text": "and that their weapons are now no more!\n"
      },
      {
        "type": "text",
        "text": "\n\n"
      },
      {
        "tag": "s5",
        "nextChar": "\n",
        "type": "section"
      }
    ]
  },
  "front": {
    "verseObjects": [
      {
        "type": "text",
        "text": "\n"
      },
      {
        "tag": "p",
        "nextChar": "\n",
        "type": "paragraph"
      }
    ]
  },
  "15-16": {
    "verseObjects": [
      {
        "type": "text",
        "text": "You yourself said, 'I killed the man whom Yahweh appointed to be the king.' So you have made yourself guilty; you deserve to die!\" Then David summoned one of his soldiers and said to him, \"Kill him!\" So the soldier killed him.\n\n\n"
      },
      {
        "tag": "s5",
        "nextChar": "\n",
        "type": "section"
      },
      {
        "tag": "p",
        "nextChar": "\n",
        "type": "paragraph"
      }
    ]
  }
}