{
  "1": {
    "verseObjects": [
      {
        "type": "text",
        "text": "This is what the Lord Yahweh showed me. Look, a basket of summer fruit!\n"
      }
    ]
  },
  "2": {
    "verseObjects": [
      {
        "type": "text",
        "text": "He said, \"What do you see, Amos?\" I said, \"A basket of summer fruit.\" Then Yahweh said to me,\n"
      },
      {
        "tag": "q",
        "type": "quote",
        "text": "\"The end has come for my people Israel;\n"
      },
      {
        "tag": "q",
        "type": "quote",
        "text": "I will spare them no longer.\n"
      },
      {
        "tag": "q",
        "type": "quote",
        "text": "\n"
      }
    ]
  },
  "3": {
    "verseObjects": [
      {
        "type": "text",
        "text": "The songs of the temple will become wailings in that day\n"
      },
      {
        "tag": "q",
        "type": "quote",
        "text": "—this is the declaration of the Lord Yahweh—\n"
      },
      {
        "tag": "q",
        "type": "quote",
        "text": "many dead bodies, they are thrown everywhere!\n"
      },
      {
        "tag": "q",
        "type": "quote",
        "text": "Silence!\"\n"
      },
      {
        "type": "text",
        "text": "\n\n"
      },
      {
        "tag": "s5",
        "type": "section",
        "text": "\n"
      },
      {
        "tag": "q",
        "type": "quote",
        "text": "\n"
      }
    ]
  },
  "4": {
    "verseObjects": [
      {
        "type": "text",
        "text": "Listen to this, you who trample the needy\n"
      },
      {
        "tag": "q",
        "type": "quote",
        "text": "and remove the poor of the land.\n"
      }
    ]
  },
  "5": {
    "verseObjects": [
      {
        "type": "text",
        "text": "They say,\n"
      },
      {
        "tag": "q",
        "type": "quote",
        "text": "\"When will the new moon be over,\n"
      },
      {
        "tag": "q",
        "type": "quote",
        "text": "so we can sell grain again?\n"
      },
      {
        "tag": "q",
        "type": "quote",
        "text": "When will the Sabbath day be over,\n"
      },
      {
        "tag": "q",
        "type": "quote",
        "text": "so that we can sell wheat?\n"
      },
      {
        "tag": "q",
        "type": "quote",
        "text": "We will make the measure small\n"
      },
      {
        "tag": "q",
        "type": "quote",
        "text": "and increase the price,\n"
      },
      {
        "tag": "q",
        "type": "quote",
        "text": "as we cheat with false scales.\n"
      },
      {
        "tag": "q",
        "type": "quote",
        "text": "\n"
      }
    ]
  },
  "6": {
    "verseObjects": [
      {
        "type": "text",
        "text": "This is so we can sell bad wheat, buy the poor with silver,\n"
      },
      {
        "tag": "q",
        "type": "quote",
        "text": "and the needy for a pair of sandals.\"\n"
      },
      {
        "type": "text",
        "text": "\n"
      },
      {
        "tag": "s5",
        "type": "section",
        "text": "\n"
      }
    ]
  },
  "7": {
    "verseObjects": [
      {
        "type": "text",
        "text": "Yahweh has sworn by the pride of Jacob, \"Surely I will never forget any of their actions.\"\n"
      },
      {
        "tag": "q",
        "type": "quote",
        "text": "\n"
      }
    ]
  },
  "8": {
    "verseObjects": [
      {
        "type": "text",
        "text": "Will not the land quake for this,\n"
      },
      {
        "tag": "q",
        "type": "quote",
        "text": "and every one who lives in it mourn?\n"
      },
      {
        "tag": "q",
        "type": "quote",
        "text": "All of it will rise up like the Nile River,\n"
      },
      {
        "tag": "q",
        "type": "quote",
        "text": "and it will be tossed about and sink again,\n"
      },
      {
        "tag": "q",
        "type": "quote",
        "text": "like the river of Egypt.\n"
      },
      {
        "type": "text",
        "text": "\n"
      },
      {
        "tag": "s5",
        "type": "section",
        "text": "\n"
      },
      {
        "tag": "q",
        "type": "quote",
        "text": "\n"
      }
    ]
  },
  "9": {
    "verseObjects": [
      {
        "type": "text",
        "text": "\"It will come in that day\n"
      },
      {
        "tag": "q",
        "type": "quote",
        "text": "—this is the declaration of the Lord Yahweh—\n"
      },
      {
        "tag": "q",
        "type": "quote",
        "text": "that I will make the sun set at noon,\n"
      },
      {
        "tag": "q",
        "type": "quote",
        "text": "and I will darken the earth at daylight.\n"
      },
      {
        "tag": "q",
        "type": "quote",
        "text": "\n"
      }
    ]
  },
  "10": {
    "verseObjects": [
      {
        "type": "text",
        "text": "I will turn your festivals into mourning\n"
      },
      {
        "tag": "q",
        "type": "quote",
        "text": "and all your songs into lamentation.\n"
      },
      {
        "tag": "q",
        "type": "quote",
        "text": "I will make all of you wear sackcloth\n"
      },
      {
        "tag": "q",
        "type": "quote",
        "text": "and have baldness on every head.\n"
      },
      {
        "tag": "q",
        "type": "quote",
        "text": "I will make it like mourning for an only son,\n"
      },
      {
        "tag": "q",
        "type": "quote",
        "text": "and a bitter day to its end.\n"
      },
      {
        "type": "text",
        "text": "\n"
      },
      {
        "tag": "s5",
        "type": "section",
        "text": "\n"
      },
      {
        "tag": "q",
        "type": "quote",
        "text": "\n"
      }
    ]
  },
  "11": {
    "verseObjects": [
      {
        "type": "text",
        "text": "Look, the days are coming\n"
      },
      {
        "tag": "q",
        "type": "quote",
        "text": "—this is the declaration of the Lord Yahweh—\n"
      },
      {
        "tag": "q",
        "type": "quote",
        "text": "when I will send a famine in the land,\n"
      },
      {
        "tag": "q",
        "type": "quote",
        "text": "not a famine for bread,\n"
      },
      {
        "tag": "q",
        "type": "quote",
        "text": "nor of thirst for water,\n"
      },
      {
        "tag": "q",
        "type": "quote",
        "text": "but for hearing the words of Yahweh.\n"
      },
      {
        "tag": "q",
        "type": "quote",
        "text": "\n"
      }
    ]
  },
  "12": {
    "verseObjects": [
      {
        "type": "text",
        "text": "They will stagger from sea to sea;\n"
      },
      {
        "tag": "q",
        "type": "quote",
        "text": "they will run from the north to the east\n"
      },
      {
        "tag": "q",
        "type": "quote",
        "text": "to seek the word of Yahweh,\n"
      },
      {
        "tag": "q",
        "type": "quote",
        "text": "but they will not find it.\n"
      },
      {
        "type": "text",
        "text": "\n"
      },
      {
        "tag": "s5",
        "type": "section",
        "text": "\n"
      },
      {
        "tag": "q",
        "type": "quote",
        "text": "\n"
      }
    ]
  },
  "13": {
    "verseObjects": [
      {
        "type": "text",
        "text": "In that day the beautiful virgins\n"
      },
      {
        "tag": "q",
        "type": "quote",
        "text": "and the young men will faint from thirst.\n"
      },
      {
        "tag": "q",
        "type": "quote",
        "text": "\n"
      }
    ]
  },
  "14": {
    "verseObjects": [
      {
        "type": "text",
        "text": "Those who swear by the sin of Samaria\n"
      },
      {
        "tag": "f",
        "type": "footnote",
        "content": "+ \\ft Instead of \\fqa the sin of Samaria \\fqa* , some versions have \\fqa Ashimah of Samaria. Ashimah was the name of a pagan goddess worshiped in some parts of Syria \\fqa* . "
      },
      {
        "type": "text",
        "text": " \n"
      },
      {
        "tag": "q",
        "type": "quote",
        "text": "and say, 'As your god lives, Dan,'\n"
      },
      {
        "tag": "q",
        "type": "quote",
        "text": "and, 'As the way to Beersheba exists'— "
      },
      {
        "tag": "f",
        "type": "footnote",
        "content": "+ \\ft The Hebrew text has \\fqa As the way to Beersheba exists \\fqa* , where this might refer to what people going to worship Beersheba's idols might have said. However, some versions want to change the Hebrew text to read \\fqa As the loved one of Beersheba lives \\fqa* . Here \"loved one\" stands for an idol worshiped in Beersheba. "
      },
      {
        "type": "text",
        "text": " \n"
      },
      {
        "tag": "q",
        "type": "quote",
        "text": "they will fall and never rise again.\"\n"
      },
      {
        "type": "text",
        "text": "\n\n"
      },
      {
        "tag": "s5",
        "type": "section",
        "text": "\n"
      }
    ]
  },
  "front": {
    "verseObjects": [
      {
        "tag": "p",
        "type": "paragraph",
        "text": "\n"
      }
    ]
  }
}