{
  "1": {
    "verseObjects": [
      {
        "type": "text",
        "text": "I saw the Lord standing beside the altar, and he said, \"Strike the tops of the pillars so that the foundations will shake.\n"
      },
      {
        "tag": "q",
        "type": "quote",
        "text": "Break them in pieces on all of their heads,\n"
      },
      {
        "tag": "q",
        "type": "quote",
        "text": "and I will kill the last of them with the sword.\n"
      },
      {
        "tag": "q",
        "type": "quote",
        "text": "Not one of them will get away,\n"
      },
      {
        "tag": "q",
        "type": "quote",
        "text": "not one of them will escape.\n"
      },
      {
        "tag": "q",
        "type": "quote",
        "text": "\n"
      }
    ]
  },
  "2": {
    "verseObjects": [
      {
        "type": "text",
        "text": "Though they dig into Sheol,\n"
      },
      {
        "tag": "q",
        "type": "quote",
        "text": "there my hand will take them.\n"
      },
      {
        "tag": "q",
        "type": "quote",
        "text": "Though they climb up to heaven,\n"
      },
      {
        "tag": "q",
        "type": "quote",
        "text": "there I will bring them down.\n"
      },
      {
        "type": "text",
        "text": "\n"
      },
      {
        "tag": "s5",
        "type": "section",
        "text": "\n"
      },
      {
        "tag": "q",
        "type": "quote",
        "text": "\n"
      }
    ]
  },
  "3": {
    "verseObjects": [
      {
        "type": "text",
        "text": "Though they hide on the top of Carmel,\n"
      },
      {
        "tag": "q",
        "type": "quote",
        "text": "there I will search and take them.\n"
      },
      {
        "tag": "q",
        "type": "quote",
        "text": "Though they are hidden from my sight in the bottom of the sea,\n"
      },
      {
        "tag": "q",
        "type": "quote",
        "text": "there will I give orders to the serpent, and it will bite them.\n"
      },
      {
        "tag": "q",
        "type": "quote",
        "text": "\n"
      }
    ]
  },
  "4": {
    "verseObjects": [
      {
        "type": "text",
        "text": "Though they go into captivity, driven by their enemies before them,\n"
      },
      {
        "tag": "q",
        "type": "quote",
        "text": "there will I give orders to the sword, and it will kill them.\n"
      },
      {
        "tag": "q",
        "type": "quote",
        "text": "I will keep my eyes on them for harm and not for good.\"\n"
      },
      {
        "type": "text",
        "text": "\n"
      },
      {
        "tag": "s5",
        "type": "section",
        "text": "\n"
      },
      {
        "tag": "q",
        "type": "quote",
        "text": "\n"
      }
    ]
  },
  "5": {
    "verseObjects": [
      {
        "type": "text",
        "text": "The Lord Yahweh of hosts\n"
      },
      {
        "tag": "q",
        "type": "quote",
        "text": "touches the land and it melts;\n"
      },
      {
        "tag": "q",
        "type": "quote",
        "text": "all who live in it mourn;\n"
      },
      {
        "tag": "q",
        "type": "quote",
        "text": "all of it will rise up like the River,\n"
      },
      {
        "tag": "q",
        "type": "quote",
        "text": "and sink again like the river of Egypt.\n"
      },
      {
        "tag": "q",
        "type": "quote",
        "text": "\n"
      }
    ]
  },
  "6": {
    "verseObjects": [
      {
        "type": "text",
        "text": "It is he who builds his steps in the heavens,\n"
      },
      {
        "tag": "q",
        "type": "quote",
        "text": "and has established his vault over the earth.\n"
      },
      {
        "tag": "q",
        "type": "quote",
        "text": "He calls for the waters of the sea,\n"
      },
      {
        "tag": "q",
        "type": "quote",
        "text": "and pours them out on the surface of the earth,\n"
      },
      {
        "tag": "q",
        "type": "quote",
        "text": "Yahweh is his name.\n"
      },
      {
        "type": "text",
        "text": "\n"
      },
      {
        "tag": "s5",
        "type": "section",
        "text": "\n"
      },
      {
        "tag": "q",
        "type": "quote",
        "text": "\n"
      }
    ]
  },
  "7": {
    "verseObjects": [
      {
        "type": "text",
        "text": "\"Are you not like the people of Cush to me,\n"
      },
      {
        "tag": "q",
        "type": "quote",
        "text": "people of Israel?\n"
      },
      {
        "tag": "q",
        "type": "quote",
        "text": "—this is Yahweh's declaration.\n"
      },
      {
        "tag": "q",
        "type": "quote",
        "text": "Did I not bring up Israel out of the land of Egypt,\n"
      },
      {
        "tag": "q",
        "type": "quote",
        "text": "the Philistines from Crete,\n"
      },
      {
        "tag": "q",
        "type": "quote",
        "text": "and the Arameans from Kir?\n"
      },
      {
        "tag": "q",
        "type": "quote",
        "text": "\n"
      }
    ]
  },
  "8": {
    "verseObjects": [
      {
        "type": "text",
        "text": "Look, the eyes of the Lord Yahweh are on the sinful kingdom,\n"
      },
      {
        "tag": "q",
        "type": "quote",
        "text": "and I will destroy it from the face of the earth,\n"
      },
      {
        "tag": "q",
        "type": "quote",
        "text": "except that I will not totally destroy the house of Jacob\n"
      },
      {
        "tag": "q",
        "type": "quote",
        "text": "—this is Yahweh's declaration.\n"
      },
      {
        "type": "text",
        "text": "\n"
      },
      {
        "tag": "s5",
        "type": "section",
        "text": "\n"
      },
      {
        "tag": "q",
        "type": "quote",
        "text": "\n"
      }
    ]
  },
  "9": {
    "verseObjects": [
      {
        "type": "text",
        "text": "Look, I will give a command,\n"
      },
      {
        "tag": "q",
        "type": "quote",
        "text": "and I will shake the house of Israel among all the nations,\n"
      },
      {
        "tag": "q",
        "type": "quote",
        "text": "as one shakes grain in a sieve,\n"
      },
      {
        "tag": "q",
        "type": "quote",
        "text": "so that not the smallest stone will fall to the ground.\n"
      },
      {
        "tag": "q",
        "type": "quote",
        "text": "\n"
      }
    ]
  },
  "10": {
    "verseObjects": [
      {
        "type": "text",
        "text": "All the sinners of my people will die by the sword,\n"
      },
      {
        "tag": "q",
        "type": "quote",
        "text": "those who say, 'Disaster will not overtake or meet us.'\n"
      },
      {
        "type": "text",
        "text": "\n"
      },
      {
        "tag": "s5",
        "type": "section",
        "text": "\n"
      },
      {
        "tag": "q",
        "type": "quote",
        "text": "\n"
      }
    ]
  },
  "11": {
    "verseObjects": [
      {
        "type": "text",
        "text": "In that day I will raise up the tent of David that has fallen,\n"
      },
      {
        "tag": "q",
        "type": "quote",
        "text": "and close up its breaches.\n"
      },
      {
        "tag": "q",
        "type": "quote",
        "text": "I will raise up its ruins,\n"
      },
      {
        "tag": "q",
        "type": "quote",
        "text": "and rebuild it as in the days of old,\n"
      },
      {
        "tag": "q",
        "type": "quote",
        "text": "\n"
      }
    ]
  },
  "12": {
    "verseObjects": [
      {
        "type": "text",
        "text": "That they may possess the remnant of Edom,\n"
      },
      {
        "tag": "q",
        "type": "quote",
        "text": "and all the nations that are called by my name\n"
      },
      {
        "tag": "q",
        "type": "quote",
        "text": "—this is Yahweh's declaration—he does this.\n"
      },
      {
        "type": "text",
        "text": "\n"
      },
      {
        "tag": "s5",
        "type": "section",
        "text": "\n"
      },
      {
        "tag": "q",
        "type": "quote",
        "text": "\n"
      }
    ]
  },
  "13": {
    "verseObjects": [
      {
        "type": "text",
        "text": "Look, the days will come—this is Yahweh's declaration—\n"
      },
      {
        "tag": "q",
        "type": "quote",
        "text": "when the plowman will overtake the reaper,\n"
      },
      {
        "tag": "q",
        "type": "quote",
        "text": "and the treader of grapes will overtake him who plants seed.\n"
      },
      {
        "tag": "q",
        "type": "quote",
        "text": "The mountains will drip sweet wine,\n"
      },
      {
        "tag": "q",
        "type": "quote",
        "text": "and all the hills will flow with it.\n"
      },
      {
        "type": "text",
        "text": "\n"
      },
      {
        "tag": "s5",
        "type": "section",
        "text": "\n"
      },
      {
        "tag": "q",
        "type": "quote",
        "text": "\n"
      }
    ]
  },
  "14": {
    "verseObjects": [
      {
        "type": "text",
        "text": "I will bring back from captivity my people Israel.\n"
      },
      {
        "tag": "q",
        "type": "quote",
        "text": "They will build the ruined cities and inhabit them,\n"
      },
      {
        "tag": "q",
        "type": "quote",
        "text": "they will plant vineyards and drink their wine,\n"
      },
      {
        "tag": "q",
        "type": "quote",
        "text": "and they will make gardens and eat their fruit.\n"
      },
      {
        "tag": "q",
        "type": "quote",
        "text": "\n"
      }
    ]
  },
  "15": {
    "verseObjects": [
      {
        "type": "text",
        "text": "I will plant them upon their land,\n"
      },
      {
        "tag": "q",
        "type": "quote",
        "text": "and they will never again be uprooted from the land\n"
      },
      {
        "tag": "q",
        "type": "quote",
        "text": "that I have given them,\"\n"
      },
      {
        "tag": "q",
        "type": "quote",
        "text": "says Yahweh your God.\n"
      },
      {
        "type": "text",
        "text": "\n"
      }
    ]
  },
  "front": {
    "verseObjects": [
      {
        "tag": "p",
        "type": "paragraph",
        "text": "\n"
      }
    ]
  }
}