{
  "1": {
    "verseObjects": [
      {
        "type": "text",
        "text": "After I said that, I said to myself, \"I will climb up into my guard post,\n"
      },
      {
        "tag": "q2",
        "type": "quote",
        "text": "and stand there in my watchtower.\n"
      },
      {
        "tag": "q1",
        "type": "quote",
        "text": "I will wait there to find out what Yahweh will say,\n"
      },
      {
        "tag": "q2",
        "type": "quote",
        "text": "what he will reply and how I should answer.\"\n"
      },
      {
        "type": "text",
        "text": "\n"
      },
      {
        "tag": "s5",
        "nextChar": "\n",
        "type": "section"
      },
      {
        "tag": "p",
        "nextChar": "\n",
        "type": "paragraph"
      }
    ]
  },
  "2": {
    "verseObjects": [
      {
        "type": "text",
        "text": "Then Yahweh replied to me,\n"
      },
      {
        "tag": "q1",
        "type": "quote",
        "text": "\"Write plainly on tablets what I am revealing to you in this vision,\n"
      },
      {
        "tag": "q2",
        "type": "quote",
        "text": "and then read it to a messenger\n"
      },
      {
        "tag": "q2",
        "type": "quote",
        "text": "so he can run with it to tell it to other people.\n"
      },
      {
        "tag": "q1",
        "nextChar": "\n",
        "type": "quote"
      }
    ]
  },
  "3": {
    "verseObjects": [
      {
        "type": "text",
        "text": "In this vision I will talk about things that will happen in the future.\n"
      },
      {
        "tag": "q1",
        "type": "quote",
        "text": "Now is not the time when those things will happen,\n"
      },
      {
        "tag": "q2",
        "type": "quote",
        "text": "but they certainly will happen,\n"
      },
      {
        "tag": "q2",
        "type": "quote",
        "text": "and when they occur, they will occur quickly,\n"
      },
      {
        "tag": "q2",
        "type": "quote",
        "text": "and they will not be delayed.\n"
      },
      {
        "tag": "q1",
        "type": "quote",
        "text": "You want those things to happen immediately, but they are not happening.\n"
      },
      {
        "tag": "q2",
        "type": "quote",
        "text": "But wait patiently for them to happen!\n"
      },
      {
        "type": "text",
        "text": "\n"
      },
      {
        "tag": "s5",
        "nextChar": "\n",
        "type": "section"
      },
      {
        "tag": "q1",
        "nextChar": "\n",
        "type": "quote"
      }
    ]
  },
  "4": {
    "verseObjects": [
      {
        "type": "text",
        "text": "Think about the proud people!\n"
      },
      {
        "tag": "q2",
        "type": "quote",
        "text": "They are certainly not doing what is righteous.\n"
      },
      {
        "tag": "q1",
        "type": "quote",
        "text": "But people who are righteous will live\n"
      },
      {
        "tag": "q2",
        "type": "quote",
        "text": "because they faithfully do what I want them to do.\n"
      },
      {
        "tag": "q1",
        "nextChar": "\n",
        "type": "quote"
      }
    ]
  },
  "5": {
    "verseObjects": [
      {
        "type": "text",
        "text": "If people live for excess such as wine, they will deceive themselves,\n"
      },
      {
        "tag": "q2",
        "type": "quote",
        "text": "and proud people are never able to rest.\n"
      },
      {
        "tag": "q1",
        "type": "quote",
        "text": "Greedy people open their mouths as wide as the place where dead people are,\n"
      },
      {
        "tag": "q1",
        "type": "quote",
        "text": "and they never have enough,\n"
      },
      {
        "tag": "q2",
        "type": "quote",
        "text": "just like the place of the dead never has enough dead people.\n"
      },
      {
        "tag": "q1",
        "type": "quote",
        "text": "The armies of Babylonia conquer many nations for themselves,\n"
      },
      {
        "tag": "q2",
        "type": "quote",
        "text": "and capture all their people.\n"
      },
      {
        "type": "text",
        "text": "\n"
      },
      {
        "tag": "s5",
        "nextChar": "\n",
        "type": "section"
      },
      {
        "tag": "q1",
        "nextChar": "\n",
        "type": "quote"
      }
    ]
  },
  "6": {
    "verseObjects": [
      {
        "type": "text",
        "text": "But soon all those whom they have captured will ridicule the soldiers from Babylonia!\n"
      },
      {
        "tag": "q1",
        "type": "quote",
        "text": "They will make fun of them, saying,\n"
      },
      {
        "tag": "q2",
        "type": "quote",
        "text": "'Terrible things will happen to you who have stolen things from other countries!\n"
      },
      {
        "tag": "q1",
        "type": "quote",
        "text": "You got many things by forcing people to give them to you.\n"
      },
      {
        "tag": "q2",
        "type": "quote",
        "text": "But you certainly will not keep those things for long!'\n"
      },
      {
        "tag": "q1",
        "nextChar": "\n",
        "type": "quote"
      }
    ]
  },
  "7": {
    "verseObjects": [
      {
        "type": "text",
        "text": "Suddenly those whom you forced to be unjustly indebted to you will rise up\n"
      },
      {
        "tag": "q2",
        "type": "quote",
        "text": "and cause you to tremble,\n"
      },
      {
        "tag": "q2",
        "type": "quote",
        "text": "and they will take away all the things that you have stolen from them.\n"
      },
      {
        "tag": "q1",
        "nextChar": "\n",
        "type": "quote"
      }
    ]
  },
  "8": {
    "verseObjects": [
      {
        "type": "text",
        "text": "You stole things from the people of many nations.\n"
      },
      {
        "tag": "q1",
        "type": "quote",
        "text": "You murdered people of many people groups,\n"
      },
      {
        "tag": "q2",
        "type": "quote",
        "text": "and you destroyed their land and their cities.\n"
      },
      {
        "tag": "q1",
        "type": "quote",
        "text": "So those who are still alive will steal valuable things from you.\n"
      },
      {
        "type": "text",
        "text": "\n"
      },
      {
        "tag": "s5",
        "nextChar": "\n",
        "type": "section"
      },
      {
        "tag": "q1",
        "nextChar": "\n",
        "type": "quote"
      }
    ]
  },
  "9": {
    "verseObjects": [
      {
        "type": "text",
        "text": "Terrible things will happen to you people of Babylonia who build big houses\n"
      },
      {
        "tag": "q2",
        "type": "quote",
        "text": "with money that you got by forcing others to give it to you.\n"
      },
      {
        "tag": "q1",
        "type": "quote",
        "text": "You are proud, and you think that your houses will be safe\n"
      },
      {
        "tag": "q2",
        "type": "quote",
        "text": "because you have built them in places where you can easily defend them.\n"
      },
      {
        "tag": "q1",
        "nextChar": "\n",
        "type": "quote"
      }
    ]
  },
  "10": {
    "verseObjects": [
      {
        "type": "text",
        "text": "But because you have destroyed others,\n"
      },
      {
        "tag": "q2",
        "type": "quote",
        "text": "you have caused your family\n"
      },
      {
        "tag": "q2",
        "type": "quote",
        "text": "and yourselves shame!\n"
      },
      {
        "tag": "q1",
        "nextChar": "\n",
        "type": "quote"
      }
    ]
  },
  "11": {
    "verseObjects": [
      {
        "type": "text",
        "text": "The stones in the walls of your houses cry out to accuse you,\n"
      },
      {
        "tag": "q2",
        "type": "quote",
        "text": "and the beams in your ceilings also say the same things!\n"
      },
      {
        "type": "text",
        "text": "\n"
      },
      {
        "tag": "s5",
        "nextChar": "\n",
        "type": "section"
      },
      {
        "tag": "q1",
        "nextChar": "\n",
        "type": "quote"
      }
    ]
  },
  "12": {
    "verseObjects": [
      {
        "type": "text",
        "text": "Terrible things will happen to you people of Babylonia who kill people in order to build cities,\n"
      },
      {
        "tag": "q2",
        "type": "quote",
        "text": "cities that you build by using money that you have gotten by committing crimes.\n"
      },
      {
        "tag": "q1",
        "nextChar": "\n",
        "type": "quote"
      }
    ]
  },
  "13": {
    "verseObjects": [
      {
        "type": "text",
        "text": "But Yahweh, commander of the angel armies, has declared that everything that is built by people who do things like that will be destroyed by fire;\n"
      },
      {
        "tag": "q2",
        "type": "quote",
        "text": "they will have worked hard uselessly.\n"
      },
      {
        "tag": "q1",
        "nextChar": "\n",
        "type": "quote"
      }
    ]
  },
  "14": {
    "verseObjects": [
      {
        "type": "text",
        "text": "But in contrast, like the oceans are filled with water,\n"
      },
      {
        "tag": "q2",
        "type": "quote",
        "text": "the earth will be filled with people who know that Yahweh is very great!\n"
      },
      {
        "type": "text",
        "text": "\n"
      },
      {
        "tag": "s5",
        "nextChar": "\n",
        "type": "section"
      },
      {
        "tag": "q1",
        "nextChar": "\n",
        "type": "quote"
      }
    ]
  },
  "15": {
    "verseObjects": [
      {
        "type": "text",
        "text": "Terrible things will happen to you people of Babylonia,\n"
      },
      {
        "tag": "q2",
        "type": "quote",
        "text": "who cause people who live in nearby countries to become drunk.\n"
      },
      {
        "tag": "q1",
        "type": "quote",
        "text": "You force them to drink a lot of drugged wine\n"
      },
      {
        "tag": "q2",
        "type": "quote",
        "text": "until they are drunk and then they walk around naked\n"
      },
      {
        "tag": "q2",
        "type": "quote",
        "text": "because you are happy when you see that.\n"
      },
      {
        "tag": "q1",
        "nextChar": "\n",
        "type": "quote"
      }
    ]
  },
  "16": {
    "verseObjects": [
      {
        "type": "text",
        "text": "But you are the ones who soon will be disgraced instead of being honored.\n"
      },
      {
        "tag": "q2",
        "type": "quote",
        "text": "It will be as though you are forced to drink a lot of wine until you will also stagger around, drunk.\n"
      },
      {
        "tag": "q1",
        "type": "quote",
        "text": "You will drink the wine that symbolizes that Yahweh will punish you,\n"
      },
      {
        "tag": "q2",
        "type": "quote",
        "text": "and he will cause others to dishonor you instead of honoring you.\n"
      },
      {
        "type": "text",
        "text": "\n"
      },
      {
        "tag": "s5",
        "nextChar": "\n",
        "type": "section"
      },
      {
        "tag": "q1",
        "nextChar": "\n",
        "type": "quote"
      }
    ]
  },
  "17": {
    "verseObjects": [
      {
        "type": "text",
        "text": "You did violent things to the people in Lebanon,\n"
      },
      {
        "tag": "q2",
        "type": "quote",
        "text": "and you killed the wild animals there,\n"
      },
      {
        "tag": "q1",
        "type": "quote",
        "text": "but you will be punished severely for doing that.\n"
      },
      {
        "tag": "q1",
        "type": "quote",
        "text": "You have killed many people\n"
      },
      {
        "tag": "q2",
        "type": "quote",
        "text": "and you have destroyed their lands and their cities.\n"
      },
      {
        "type": "text",
        "text": "\n"
      },
      {
        "tag": "s5",
        "nextChar": "\n",
        "type": "section"
      },
      {
        "tag": "q1",
        "nextChar": "\n",
        "type": "quote"
      }
    ]
  },
  "18": {
    "verseObjects": [
      {
        "type": "text",
        "text": "You people of Babylonia need to know that your idols are completely useless,\n"
      },
      {
        "tag": "q2",
        "type": "quote",
        "text": "because it is people who made them.\n"
      },
      {
        "tag": "q1",
        "type": "quote",
        "text": "Statues that have been carved or made in a mold deceive you.\n"
      },
      {
        "tag": "q2",
        "type": "quote",
        "text": "Those who trust in idols\n"
      },
      {
        "tag": "q2",
        "type": "quote",
        "text": "are trusting in things that they themselves created,\n"
      },
      {
        "tag": "q1",
        "type": "quote",
        "text": "things that cannot speak!\n"
      },
      {
        "tag": "q1",
        "nextChar": "\n",
        "type": "quote"
      }
    ]
  },
  "19": {
    "verseObjects": [
      {
        "type": "text",
        "text": "Terrible things will happen to you who say to lifeless idols that are made of wood,\n"
      },
      {
        "tag": "q2",
        "type": "quote",
        "text": "'Wake up!'\n"
      },
      {
        "tag": "q1",
        "type": "quote",
        "text": "Stone idols certainly cannot tell you what you should do;\n"
      },
      {
        "tag": "q2",
        "type": "quote",
        "text": "they look nice because they are covered with silver and gold,\n"
      },
      {
        "tag": "q2",
        "type": "quote",
        "text": "but they are not alive.\n"
      },
      {
        "tag": "q1",
        "nextChar": "\n",
        "type": "quote"
      }
    ]
  },
  "20": {
    "verseObjects": [
      {
        "type": "text",
        "text": "But Yahweh is in his holy temple;\n"
      },
      {
        "tag": "q2",
        "type": "quote",
        "text": "everyone on the earth should be silent in his presence!\"\n"
      },
      {
        "type": "text",
        "text": "\n\n"
      },
      {
        "tag": "s5",
        "nextChar": "\n",
        "type": "section"
      }
    ]
  },
  "front": {
    "verseObjects": [
      {
        "tag": "q1",
        "nextChar": "\n",
        "type": "quote"
      }
    ]
  }
}