{
  "1": {
    "verseObjects": [
      {
        "text": "παρακαλῶ",
        "tag": "w",
        "type": "word",
        "lemma": "παρακαλέω",
        "strong": "G38700",
        "morph": "Gr,V,IPA1,,S,",
        "tw": "rc://*/tw/dict/bible/kt/exhort"
      },
      {
        "text": "οὖν",
        "tag": "w",
        "type": "word",
        "lemma": "οὖν",
        "strong": "G37670",
        "morph": "Gr,CC,,,,,,,,"
      },
      {
        "text": "ὑμᾶς",
        "tag": "w",
        "type": "word",
        "lemma": "σύ",
        "strong": "G47710",
        "morph": "Gr,RP,,,2A,P,"
      },
      {
        "type": "text",
        "text": ","
      },
      {
        "text": "ἀδελφοί",
        "tag": "w",
        "type": "word",
        "lemma": "ἀδελφός",
        "strong": "G00800",
        "morph": "Gr,N,,,,,VMP,",
        "tw": "rc://*/tw/dict/bible/kt/brother"
      },
      {
        "type": "text",
        "text": ","
      },
      {
        "text": "διὰ",
        "tag": "w",
        "type": "word",
        "lemma": "διά",
        "strong": "G12230",
        "morph": "Gr,P,,,,,G,,,"
      },
      {
        "text": "τῶν",
        "tag": "w",
        "type": "word",
        "lemma": "ὁ",
        "strong": "G35880",
        "morph": "Gr,EA,,,,GMP,"
      },
      {
        "text": "οἰκτιρμῶν",
        "tag": "w",
        "type": "word",
        "lemma": "οἰκτιρμός",
        "strong": "G36280",
        "morph": "Gr,N,,,,,GMP,",
        "tw": "rc://*/tw/dict/bible/kt/mercy"
      },
      {
        "text": "τοῦ",
        "tag": "w",
        "type": "word",
        "lemma": "ὁ",
        "strong": "G35880",
        "morph": "Gr,EA,,,,GMS,"
      },
      {
        "text": "Θεοῦ",
        "tag": "w",
        "type": "word",
        "lemma": "θεός",
        "strong": "G23160",
        "morph": "Gr,N,,,,,GMS,",
        "tw": "rc://*/tw/dict/bible/kt/god"
      },
      {
        "type": "text",
        "text": ","
      },
      {
        "text": "παραστῆσαι",
        "tag": "w",
        "type": "word",
        "lemma": "παρίστημι",
        "strong": "G39360",
        "morph": "Gr,V,NAA,,,,,"
      },
      {
        "text": "τὰ",
        "tag": "w",
        "type": "word",
        "lemma": "ὁ",
        "strong": "G35880",
        "morph": "Gr,EA,,,,ANP,"
      },
      {
        "text": "σώματα",
        "tag": "w",
        "type": "word",
        "lemma": "σῶμα",
        "strong": "G49830",
        "morph": "Gr,N,,,,,ANP,",
        "tw": "rc://*/tw/dict/bible/kt/body"
      },
      {
        "text": "ὑμῶν",
        "tag": "w",
        "type": "word",
        "lemma": "σύ",
        "strong": "G47710",
        "morph": "Gr,RP,,,2G,P,"
      },
      {
        "text": "θυσίαν",
        "tag": "w",
        "type": "word",
        "lemma": "θυσία",
        "strong": "G23780",
        "morph": "Gr,N,,,,,AFS,",
        "tw": "rc://*/tw/dict/bible/other/sacrifice"
      },
      {
        "text": "ζῶσαν",
        "tag": "w",
        "type": "word",
        "lemma": "ζάω",
        "strong": "G21980",
        "morph": "Gr,V,PPA,AFS,",
        "tw": "rc://*/tw/dict/bible/kt/life"
      },
      {
        "type": "text",
        "text": ","
      },
      {
        "text": "ἁγίαν",
        "tag": "w",
        "type": "word",
        "lemma": "ἅγιος",
        "strong": "G00400",
        "morph": "Gr,NS,,,,AFS,",
        "tw": "rc://*/tw/dict/bible/kt/holy"
      },
      {
        "type": "text",
        "text": ","
      },
      {
        "text": "εὐάρεστον",
        "tag": "w",
        "type": "word",
        "lemma": "εὐάρεστος",
        "strong": "G21010",
        "morph": "Gr,NS,,,,AFS,"
      },
      {
        "type": "text",
        "text": ","
      },
      {
        "text": "τῷ",
        "tag": "w",
        "type": "word",
        "lemma": "ὁ",
        "strong": "G35880",
        "morph": "Gr,EA,,,,DMS,"
      },
      {
        "text": "Θεῷ",
        "tag": "w",
        "type": "word",
        "lemma": "θεός",
        "strong": "G23160",
        "morph": "Gr,N,,,,,DMS,",
        "tw": "rc://*/tw/dict/bible/kt/god"
      },
      {
        "type": "text",
        "text": ","
      },
      {
        "text": "τὴν",
        "tag": "w",
        "type": "word",
        "lemma": "ὁ",
        "strong": "G35880",
        "morph": "Gr,EA,,,,AFS,"
      },
      {
        "text": "λογικὴν",
        "tag": "w",
        "type": "word",
        "lemma": "λογικός",
        "strong": "G30500",
        "morph": "Gr,AA,,,,AFS,"
      },
      {
        "text": "λατρείαν",
        "tag": "w",
        "type": "word",
        "lemma": "λατρεία",
        "strong": "G29990",
        "morph": "Gr,N,,,,,AFS,",
        "tw": "rc://*/tw/dict/bible/other/servant"
      },
      {
        "text": "ὑμῶν",
        "tag": "w",
        "type": "word",
        "lemma": "σύ",
        "strong": "G47710",
        "morph": "Gr,RP,,,2G,P,"
      },
      {
        "type": "text",
        "text": ".\n\n"
      }
    ]
  },
  "2": {
    "verseObjects": [
      {
        "text": "καὶ",
        "tag": "w",
        "type": "word",
        "lemma": "καί",
        "strong": "G25320",
        "morph": "Gr,CC,,,,,,,,"
      },
      {
        "text": "μὴ",
        "tag": "w",
        "type": "word",
        "lemma": "μή",
        "strong": "G33610",
        "morph": "Gr,DO,,,,,,,,"
      },
      {
        "text": "συνσχηματίζεσθε",
        "tag": "w",
        "type": "word",
        "lemma": "συνσχηματίζω",
        "strong": "G49640",
        "morph": "Gr,V,MPM2,,P,"
      },
      {
        "text": "τῷ",
        "tag": "w",
        "type": "word",
        "lemma": "ὁ",
        "strong": "G35880",
        "morph": "Gr,EA,,,,DMS,"
      },
      {
        "text": "αἰῶνι",
        "tag": "w",
        "type": "word",
        "lemma": "αἰών",
        "strong": "G01650",
        "morph": "Gr,N,,,,,DMS,",
        "tw": "rc://*/tw/dict/bible/other/age"
      },
      {
        "text": "τούτῳ",
        "tag": "w",
        "type": "word",
        "lemma": "οὗτος",
        "strong": "G37780",
        "morph": "Gr,ED,,,,DMS,"
      },
      {
        "type": "text",
        "text": ","
      },
      {
        "text": "ἀλλὰ",
        "tag": "w",
        "type": "word",
        "lemma": "ἀλλά",
        "strong": "G02350",
        "morph": "Gr,CO,,,,,,,,"
      },
      {
        "text": "μεταμορφοῦσθε",
        "tag": "w",
        "type": "word",
        "lemma": "μεταμορφόω",
        "strong": "G33390",
        "morph": "Gr,V,MPP2,,P,"
      },
      {
        "text": "τῇ",
        "tag": "w",
        "type": "word",
        "lemma": "ὁ",
        "strong": "G35880",
        "morph": "Gr,EA,,,,DFS,"
      },
      {
        "text": "ἀνακαινώσει",
        "tag": "w",
        "type": "word",
        "lemma": "ἀνακαίνωσις",
        "strong": "G03420",
        "morph": "Gr,N,,,,,DFS,"
      },
      {
        "text": "τοῦ",
        "tag": "w",
        "type": "word",
        "lemma": "ὁ",
        "strong": "G35880",
        "morph": "Gr,EA,,,,GMS,"
      },
      {
        "text": "νοός",
        "tag": "w",
        "type": "word",
        "lemma": "νοῦς",
        "strong": "G35630",
        "morph": "Gr,N,,,,,GMS,",
        "tw": "rc://*/tw/dict/bible/other/mind"
      },
      {
        "type": "text",
        "text": ","
      },
      {
        "text": "εἰς",
        "tag": "w",
        "type": "word",
        "lemma": "εἰς",
        "strong": "G15190",
        "morph": "Gr,P,,,,,A,,,"
      },
      {
        "text": "τὸ",
        "tag": "w",
        "type": "word",
        "lemma": "ὁ",
        "strong": "G35880",
        "morph": "Gr,RD,,,,ANS,"
      },
      {
        "text": "δοκιμάζειν",
        "tag": "w",
        "type": "word",
        "lemma": "δοκιμάζω",
        "strong": "G13810",
        "morph": "Gr,V,NPA,,,,,"
      },
      {
        "text": "ὑμᾶς",
        "tag": "w",
        "type": "word",
        "lemma": "σύ",
        "strong": "G47710",
        "morph": "Gr,RP,,,2A,P,"
      },
      {
        "type": "text",
        "text": ","
      },
      {
        "text": "τί",
        "tag": "w",
        "type": "word",
        "lemma": "τίς",
        "strong": "G51010",
        "morph": "Gr,RT,,,,NNS,"
      },
      {
        "text": "τὸ",
        "tag": "w",
        "type": "word",
        "lemma": "ὁ",
        "strong": "G35880",
        "morph": "Gr,EA,,,,NNS,"
      },
      {
        "tag": "k",
        "type": "milestone",
        "tw": "rc://*/tw/dict/bible/kt/willofgod",
        "children": [
          {
            "text": "θέλημα",
            "tag": "w",
            "type": "word",
            "lemma": "θέλημα",
            "strong": "G23070",
            "morph": "Gr,N,,,,,NNS,"
          },
          {
            "text": "τοῦ",
            "tag": "w",
            "type": "word",
            "lemma": "ὁ",
            "strong": "G35880",
            "morph": "Gr,EA,,,,GMS,"
          },
          {
            "text": "Θεοῦ",
            "tag": "w",
            "type": "word",
            "lemma": "θεός",
            "strong": "G23160",
            "morph": "Gr,N,,,,,GMS,",
            "tw": "rc://*/tw/dict/bible/kt/god"
          }
        ]
      },
      {
        "type": "text",
        "text": ","
      },
      {
        "text": "τὸ",
        "tag": "w",
        "type": "word",
        "lemma": "ὁ",
        "strong": "G35880",
        "morph": "Gr,EA,,,,NNS,"
      },
      {
        "text": "ἀγαθὸν",
        "tag": "w",
        "type": "word",
        "lemma": "ἀγαθός",
        "strong": "G00180",
        "morph": "Gr,AR,,,,NNS,",
        "tw": "rc://*/tw/dict/bible/kt/good"
      },
      {
        "type": "text",
        "text": ","
      },
      {
        "text": "καὶ",
        "tag": "w",
        "type": "word",
        "lemma": "καί",
        "strong": "G25320",
        "morph": "Gr,CC,,,,,,,,"
      },
      {
        "text": "εὐάρεστον",
        "tag": "w",
        "type": "word",
        "lemma": "εὐάρεστος",
        "strong": "G21010",
        "morph": "Gr,NS,,,,NNS,"
      },
      {
        "type": "text",
        "text": ","
      },
      {
        "text": "καὶ",
        "tag": "w",
        "type": "word",
        "lemma": "καί",
        "strong": "G25320",
        "morph": "Gr,CC,,,,,,,,"
      },
      {
        "text": "τέλειον",
        "tag": "w",
        "type": "word",
        "lemma": "τέλειος",
        "strong": "G50460",
        "morph": "Gr,NS,,,,NNS,",
        "tw": "rc://*/tw/dict/bible/other/perfect"
      },
      {
        "type": "text",
        "text": ".\n\n"
      }
    ]
  },
  "3": {
    "verseObjects": [
      {
        "type": "text",
        "text": "\n"
      },
      {
        "tag": "p",
        "type": "paragraph",
        "text": "\n"
      },
      {
        "text": "λέγω",
        "tag": "w",
        "type": "word",
        "lemma": "λέγω",
        "strong": "G30040",
        "morph": "Gr,V,IPA1,,S,"
      },
      {
        "text": "γὰρ",
        "tag": "w",
        "type": "word",
        "lemma": "γάρ",
        "strong": "G10630",
        "morph": "Gr,CC,,,,,,,,"
      },
      {
        "text": "διὰ",
        "tag": "w",
        "type": "word",
        "lemma": "διά",
        "strong": "G12230",
        "morph": "Gr,P,,,,,G,,,"
      },
      {
        "text": "τῆς",
        "tag": "w",
        "type": "word",
        "lemma": "ὁ",
        "strong": "G35880",
        "morph": "Gr,EA,,,,GFS,"
      },
      {
        "text": "χάριτος",
        "tag": "w",
        "type": "word",
        "lemma": "χάρις",
        "strong": "G54850",
        "morph": "Gr,N,,,,,GFS,",
        "tw": "rc://*/tw/dict/bible/kt/grace"
      },
      {
        "text": "τῆς",
        "tag": "w",
        "type": "word",
        "lemma": "ὁ",
        "strong": "G35880",
        "morph": "Gr,RD,,,,GFS,"
      },
      {
        "text": "δοθείσης",
        "tag": "w",
        "type": "word",
        "lemma": "δίδωμι",
        "strong": "G13250",
        "morph": "Gr,V,PAP,GFS,"
      },
      {
        "text": "μοι",
        "tag": "w",
        "type": "word",
        "lemma": "ἐγώ",
        "strong": "G14730",
        "morph": "Gr,RP,,,1D,S,"
      },
      {
        "type": "text",
        "text": ","
      },
      {
        "text": "παντὶ",
        "tag": "w",
        "type": "word",
        "lemma": "πᾶς",
        "strong": "G39560",
        "morph": "Gr,RI,,,,DMS,"
      },
      {
        "text": "τῷ",
        "tag": "w",
        "type": "word",
        "lemma": "ὁ",
        "strong": "G35880",
        "morph": "Gr,RD,,,,DMS,"
      },
      {
        "text": "ὄντι",
        "tag": "w",
        "type": "word",
        "lemma": "εἰμί",
        "strong": "G15100",
        "morph": "Gr,V,PPA,DMS,"
      },
      {
        "text": "ἐν",
        "tag": "w",
        "type": "word",
        "lemma": "ἐν",
        "strong": "G17220",
        "morph": "Gr,P,,,,,D,,,"
      },
      {
        "text": "ὑμῖν",
        "tag": "w",
        "type": "word",
        "lemma": "σύ",
        "strong": "G47710",
        "morph": "Gr,RP,,,2D,P,"
      },
      {
        "type": "text",
        "text": ","
      },
      {
        "text": "μὴ",
        "tag": "w",
        "type": "word",
        "lemma": "μή",
        "strong": "G33610",
        "morph": "Gr,DO,,,,,,,,"
      },
      {
        "text": "ὑπερφρονεῖν",
        "tag": "w",
        "type": "word",
        "lemma": "ὑπερφρονέω",
        "strong": "G52520",
        "morph": "Gr,V,NPA,,,,,"
      },
      {
        "text": "παρ’",
        "tag": "w",
        "type": "word",
        "lemma": "παρά",
        "strong": "G38440",
        "morph": "Gr,P,,,,,A,,,"
      },
      {
        "text": "ὃ",
        "tag": "w",
        "type": "word",
        "lemma": "ὅς",
        "strong": "G37390",
        "morph": "Gr,RR,,,,ANS,"
      },
      {
        "text": "δεῖ",
        "tag": "w",
        "type": "word",
        "lemma": "δέω",
        "strong": "G12100",
        "morph": "Gr,V,IPA3,,S,"
      },
      {
        "text": "φρονεῖν",
        "tag": "w",
        "type": "word",
        "lemma": "φρονέω",
        "strong": "G54260",
        "morph": "Gr,V,NPA,,,,,",
        "tw": "rc://*/tw/dict/bible/other/mind"
      },
      {
        "type": "text",
        "text": ","
      },
      {
        "text": "ἀλλὰ",
        "tag": "w",
        "type": "word",
        "lemma": "ἀλλά",
        "strong": "G02350",
        "morph": "Gr,CO,,,,,,,,"
      },
      {
        "text": "φρονεῖν",
        "tag": "w",
        "type": "word",
        "lemma": "φρονέω",
        "strong": "G54260",
        "morph": "Gr,V,NPA,,,,,",
        "tw": "rc://*/tw/dict/bible/other/mind"
      },
      {
        "text": "εἰς",
        "tag": "w",
        "type": "word",
        "lemma": "εἰς",
        "strong": "G15190",
        "morph": "Gr,P,,,,,A,,,"
      },
      {
        "text": "τὸ",
        "tag": "w",
        "type": "word",
        "lemma": "ὁ",
        "strong": "G35880",
        "morph": "Gr,RD,,,,ANS,"
      },
      {
        "text": "σωφρονεῖν",
        "tag": "w",
        "type": "word",
        "lemma": "σωφρονέω",
        "strong": "G49930",
        "morph": "Gr,V,NPA,,,,,"
      },
      {
        "type": "text",
        "text": ","
      },
      {
        "text": "ἑκάστῳ",
        "tag": "w",
        "type": "word",
        "lemma": "ἕκαστος",
        "strong": "G15380",
        "morph": "Gr,RI,,,,DMS,"
      },
      {
        "text": "ὡς",
        "tag": "w",
        "type": "word",
        "lemma": "ὡς",
        "strong": "G56130",
        "morph": "Gr,CS,,,,,,,,",
        "tw": "rc://*/tw/dict/bible/other/like"
      },
      {
        "text": "ὁ",
        "tag": "w",
        "type": "word",
        "lemma": "ὁ",
        "strong": "G35880",
        "morph": "Gr,EA,,,,NMS,"
      },
      {
        "text": "Θεὸς",
        "tag": "w",
        "type": "word",
        "lemma": "θεός",
        "strong": "G23160",
        "morph": "Gr,N,,,,,NMS,",
        "tw": "rc://*/tw/dict/bible/kt/god"
      },
      {
        "text": "ἐμέρισεν",
        "tag": "w",
        "type": "word",
        "lemma": "μερίζω",
        "strong": "G33070",
        "morph": "Gr,V,IAA3,,S,"
      },
      {
        "text": "μέτρον",
        "tag": "w",
        "type": "word",
        "lemma": "μέτρον",
        "strong": "G33580",
        "morph": "Gr,N,,,,,ANS,"
      },
      {
        "text": "πίστεως",
        "tag": "w",
        "type": "word",
        "lemma": "πίστις",
        "strong": "G41020",
        "morph": "Gr,N,,,,,GFS,",
        "tw": "rc://*/tw/dict/bible/kt/faith"
      },
      {
        "type": "text",
        "text": ".\n\n"
      }
    ]
  },
  "4": {
    "verseObjects": [
      {
        "text": "καθάπερ",
        "tag": "w",
        "type": "word",
        "lemma": "καθάπερ",
        "strong": "G25090",
        "morph": "Gr,D,,,,,,,,,"
      },
      {
        "text": "γὰρ",
        "tag": "w",
        "type": "word",
        "lemma": "γάρ",
        "strong": "G10630",
        "morph": "Gr,CC,,,,,,,,"
      },
      {
        "text": "ἐν",
        "tag": "w",
        "type": "word",
        "lemma": "ἐν",
        "strong": "G17220",
        "morph": "Gr,P,,,,,D,,,"
      },
      {
        "text": "ἑνὶ",
        "tag": "w",
        "type": "word",
        "lemma": "εἷς",
        "strong": "G15200",
        "morph": "Gr,EN,,,,DNS,"
      },
      {
        "text": "σώματι",
        "tag": "w",
        "type": "word",
        "lemma": "σῶμα",
        "strong": "G49830",
        "morph": "Gr,N,,,,,DNS,",
        "tw": "rc://*/tw/dict/bible/kt/body"
      },
      {
        "type": "text",
        "text": ","
      },
      {
        "text": "πολλὰ",
        "tag": "w",
        "type": "word",
        "lemma": "πολλός",
        "strong": "G41830",
        "morph": "Gr,EQ,,,,ANP,"
      },
      {
        "text": "μέλη",
        "tag": "w",
        "type": "word",
        "lemma": "μέλος",
        "strong": "G31960",
        "morph": "Gr,N,,,,,ANP,",
        "tw": "rc://*/tw/dict/bible/other/member"
      },
      {
        "text": "ἔχομεν",
        "tag": "w",
        "type": "word",
        "lemma": "ἔχω",
        "strong": "G21920",
        "morph": "Gr,V,IPA1,,P,"
      },
      {
        "type": "text",
        "text": ","
      },
      {
        "text": "τὰ",
        "tag": "w",
        "type": "word",
        "lemma": "ὁ",
        "strong": "G35880",
        "morph": "Gr,EA,,,,NNP,"
      },
      {
        "text": "δὲ",
        "tag": "w",
        "type": "word",
        "lemma": "δέ",
        "strong": "G11610",
        "morph": "Gr,CC,,,,,,,,"
      },
      {
        "text": "μέλη",
        "tag": "w",
        "type": "word",
        "lemma": "μέλος",
        "strong": "G31960",
        "morph": "Gr,N,,,,,NNP,",
        "tw": "rc://*/tw/dict/bible/other/member"
      },
      {
        "text": "πάντα",
        "tag": "w",
        "type": "word",
        "lemma": "πᾶς",
        "strong": "G39560",
        "morph": "Gr,EQ,,,,NNP,"
      },
      {
        "text": "οὐ",
        "tag": "w",
        "type": "word",
        "lemma": "οὐ",
        "strong": "G37560",
        "morph": "Gr,D,,,,,,,,,"
      },
      {
        "text": "τὴν",
        "tag": "w",
        "type": "word",
        "lemma": "ὁ",
        "strong": "G35880",
        "morph": "Gr,EA,,,,AFS,"
      },
      {
        "text": "αὐτὴν",
        "tag": "w",
        "type": "word",
        "lemma": "αὐτός",
        "strong": "G08460",
        "morph": "Gr,RD,,,,AFS,"
      },
      {
        "text": "ἔχει",
        "tag": "w",
        "type": "word",
        "lemma": "ἔχω",
        "strong": "G21920",
        "morph": "Gr,V,IPA3,,S,"
      },
      {
        "text": "πρᾶξιν",
        "tag": "w",
        "type": "word",
        "lemma": "πρᾶξις",
        "strong": "G42340",
        "morph": "Gr,N,,,,,AFS,"
      },
      {
        "type": "text",
        "text": ",\n\n"
      }
    ]
  },
  "5": {
    "verseObjects": [
      {
        "text": "οὕτως",
        "tag": "w",
        "type": "word",
        "lemma": "οὕτως",
        "strong": "G37790",
        "morph": "Gr,D,,,,,,,,,"
      },
      {
        "text": "οἱ",
        "tag": "w",
        "type": "word",
        "lemma": "ὁ",
        "strong": "G35880",
        "morph": "Gr,EA,,,,NMP,"
      },
      {
        "text": "πολλοὶ",
        "tag": "w",
        "type": "word",
        "lemma": "πολλός",
        "strong": "G41830",
        "morph": "Gr,RI,,,,NMP,"
      },
      {
        "type": "text",
        "text": ","
      },
      {
        "text": "ἓν",
        "tag": "w",
        "type": "word",
        "lemma": "εἷς",
        "strong": "G15200",
        "morph": "Gr,EN,,,,NNS,"
      },
      {
        "text": "σῶμά",
        "tag": "w",
        "type": "word",
        "lemma": "σῶμα",
        "strong": "G49830",
        "morph": "Gr,N,,,,,NNS,",
        "tw": "rc://*/tw/dict/bible/kt/body"
      },
      {
        "text": "ἐσμεν",
        "tag": "w",
        "type": "word",
        "lemma": "εἰμί",
        "strong": "G15100",
        "morph": "Gr,V,IPA1,,P,"
      },
      {
        "tag": "k",
        "type": "milestone",
        "tw": "rc://*/tw/dict/bible/kt/inchrist",
        "children": [
          {
            "text": "ἐν",
            "tag": "w",
            "type": "word",
            "lemma": "ἐν",
            "strong": "G17220",
            "morph": "Gr,P,,,,,D,,,"
          },
          {
            "text": "Χριστῷ",
            "tag": "w",
            "type": "word",
            "lemma": "χριστός",
            "strong": "G55470",
            "morph": "Gr,N,,,,,DMS,",
            "tw": "rc://*/tw/dict/bible/kt/christ"
          }
        ]
      },
      {
        "type": "text",
        "text": ","
      },
      {
        "text": "τὸ",
        "tag": "w",
        "type": "word",
        "lemma": "ὁ",
        "strong": "G35880",
        "morph": "Gr,RD,,,,NNS,"
      },
      {
        "text": "δὲ",
        "tag": "w",
        "type": "word",
        "lemma": "δέ",
        "strong": "G11610",
        "morph": "Gr,CC,,,,,,,,"
      },
      {
        "text": "καθ’",
        "tag": "w",
        "type": "word",
        "lemma": "κατά",
        "strong": "G25960",
        "morph": "Gr,P,,,,,,,,,"
      },
      {
        "text": "εἷς",
        "tag": "w",
        "type": "word",
        "lemma": "εἷς",
        "strong": "G15200",
        "morph": "Gr,NS,,,,NMS,"
      },
      {
        "text": "ἀλλήλων",
        "tag": "w",
        "type": "word",
        "lemma": "ἀλλήλων",
        "strong": "G02400",
        "morph": "Gr,RC,,,,GMP,"
      },
      {
        "text": "μέλη",
        "tag": "w",
        "type": "word",
        "lemma": "μέλος",
        "strong": "G31960",
        "morph": "Gr,N,,,,,NNP,",
        "tw": "rc://*/tw/dict/bible/other/member"
      },
      {
        "type": "text",
        "text": ".\n\n"
      }
    ]
  },
  "6": {
    "verseObjects": [
      {
        "text": "ἔχοντες",
        "tag": "w",
        "type": "word",
        "lemma": "ἔχω",
        "strong": "G21920",
        "morph": "Gr,V,PPA,NMP,"
      },
      {
        "text": "δὲ",
        "tag": "w",
        "type": "word",
        "lemma": "δέ",
        "strong": "G11610",
        "morph": "Gr,CC,,,,,,,,"
      },
      {
        "text": "χαρίσματα",
        "tag": "w",
        "type": "word",
        "lemma": "χάρισμα",
        "strong": "G54860",
        "morph": "Gr,N,,,,,ANP,",
        "tw": "rc://*/tw/dict/bible/kt/gift"
      },
      {
        "text": "κατὰ",
        "tag": "w",
        "type": "word",
        "lemma": "κατά",
        "strong": "G25960",
        "morph": "Gr,P,,,,,A,,,"
      },
      {
        "text": "τὴν",
        "tag": "w",
        "type": "word",
        "lemma": "ὁ",
        "strong": "G35880",
        "morph": "Gr,EA,,,,AFS,"
      },
      {
        "text": "χάριν",
        "tag": "w",
        "type": "word",
        "lemma": "χάρις",
        "strong": "G54850",
        "morph": "Gr,N,,,,,AFS,",
        "tw": "rc://*/tw/dict/bible/kt/grace"
      },
      {
        "text": "τὴν",
        "tag": "w",
        "type": "word",
        "lemma": "ὁ",
        "strong": "G35880",
        "morph": "Gr,RD,,,,AFS,"
      },
      {
        "text": "δοθεῖσαν",
        "tag": "w",
        "type": "word",
        "lemma": "δίδωμι",
        "strong": "G13250",
        "morph": "Gr,V,PAP,AFS,"
      },
      {
        "text": "ἡμῖν",
        "tag": "w",
        "type": "word",
        "lemma": "ἐγώ",
        "strong": "G14730",
        "morph": "Gr,RP,,,1D,P,"
      },
      {
        "text": "διάφορα",
        "tag": "w",
        "type": "word",
        "lemma": "διάφορος",
        "strong": "G13130",
        "morph": "Gr,NS,,,,ANP,"
      },
      {
        "type": "text",
        "text": ":"
      },
      {
        "text": "εἴτε",
        "tag": "w",
        "type": "word",
        "lemma": "εἴτε",
        "strong": "G15350",
        "morph": "Gr,DO,,,,,,,,"
      },
      {
        "text": "προφητείαν",
        "tag": "w",
        "type": "word",
        "lemma": "προφητεία",
        "strong": "G43940",
        "morph": "Gr,N,,,,,AFS,",
        "tw": "rc://*/tw/dict/bible/kt/prophet"
      },
      {
        "type": "text",
        "text": ","
      },
      {
        "text": "κατὰ",
        "tag": "w",
        "type": "word",
        "lemma": "κατά",
        "strong": "G25960",
        "morph": "Gr,P,,,,,A,,,"
      },
      {
        "text": "τὴν",
        "tag": "w",
        "type": "word",
        "lemma": "ὁ",
        "strong": "G35880",
        "morph": "Gr,EA,,,,AFS,"
      },
      {
        "text": "ἀναλογίαν",
        "tag": "w",
        "type": "word",
        "lemma": "ἀναλογία",
        "strong": "G03560",
        "morph": "Gr,N,,,,,AFS,"
      },
      {
        "text": "τῆς",
        "tag": "w",
        "type": "word",
        "lemma": "ὁ",
        "strong": "G35880",
        "morph": "Gr,EA,,,,GFS,"
      },
      {
        "text": "πίστεως",
        "tag": "w",
        "type": "word",
        "lemma": "πίστις",
        "strong": "G41020",
        "morph": "Gr,N,,,,,GFS,",
        "tw": "rc://*/tw/dict/bible/kt/faith"
      },
      {
        "type": "text",
        "text": ";\n\n"
      }
    ]
  },
  "7": {
    "verseObjects": [
      {
        "text": "εἴτε",
        "tag": "w",
        "type": "word",
        "lemma": "εἴτε",
        "strong": "G15350",
        "morph": "Gr,CO,,,,,,,,"
      },
      {
        "text": "διακονίαν",
        "tag": "w",
        "type": "word",
        "lemma": "διακονία",
        "strong": "G12480",
        "morph": "Gr,N,,,,,AFS,",
        "tw": "rc://*/tw/dict/bible/kt/minister"
      },
      {
        "type": "text",
        "text": ","
      },
      {
        "text": "ἐν",
        "tag": "w",
        "type": "word",
        "lemma": "ἐν",
        "strong": "G17220",
        "morph": "Gr,P,,,,,D,,,"
      },
      {
        "text": "τῇ",
        "tag": "w",
        "type": "word",
        "lemma": "ὁ",
        "strong": "G35880",
        "morph": "Gr,EA,,,,DFS,"
      },
      {
        "text": "διακονίᾳ",
        "tag": "w",
        "type": "word",
        "lemma": "διακονία",
        "strong": "G12480",
        "morph": "Gr,N,,,,,DFS,",
        "tw": "rc://*/tw/dict/bible/kt/minister"
      },
      {
        "type": "text",
        "text": ";"
      },
      {
        "text": "εἴτε",
        "tag": "w",
        "type": "word",
        "lemma": "εἴτε",
        "strong": "G15350",
        "morph": "Gr,CO,,,,,,,,"
      },
      {
        "text": "ὁ",
        "tag": "w",
        "type": "word",
        "lemma": "ὁ",
        "strong": "G35880",
        "morph": "Gr,RD,,,,NMS,"
      },
      {
        "text": "διδάσκων",
        "tag": "w",
        "type": "word",
        "lemma": "διδάσκω",
        "strong": "G13210",
        "morph": "Gr,V,PPA,NMS,",
        "tw": "rc://*/tw/dict/bible/other/teach"
      },
      {
        "type": "text",
        "text": ","
      },
      {
        "text": "ἐν",
        "tag": "w",
        "type": "word",
        "lemma": "ἐν",
        "strong": "G17220",
        "morph": "Gr,P,,,,,D,,,"
      },
      {
        "text": "τῇ",
        "tag": "w",
        "type": "word",
        "lemma": "ὁ",
        "strong": "G35880",
        "morph": "Gr,EA,,,,DFS,"
      },
      {
        "text": "διδασκαλίᾳ",
        "tag": "w",
        "type": "word",
        "lemma": "διδασκαλία",
        "strong": "G13190",
        "morph": "Gr,N,,,,,DFS,",
        "tw": "rc://*/tw/dict/bible/other/teach"
      },
      {
        "type": "text",
        "text": ";\n\n"
      }
    ]
  },
  "8": {
    "verseObjects": [
      {
        "text": "εἴτε",
        "tag": "w",
        "type": "word",
        "lemma": "εἴτε",
        "strong": "G15350",
        "morph": "Gr,CO,,,,,,,,"
      },
      {
        "text": "ὁ",
        "tag": "w",
        "type": "word",
        "lemma": "ὁ",
        "strong": "G35880",
        "morph": "Gr,RD,,,,NMS,"
      },
      {
        "text": "παρακαλῶν",
        "tag": "w",
        "type": "word",
        "lemma": "παρακαλέω",
        "strong": "G38700",
        "morph": "Gr,V,PPA,NMS,",
        "tw": "rc://*/tw/dict/bible/kt/exhort"
      },
      {
        "type": "text",
        "text": ","
      },
      {
        "text": "ἐν",
        "tag": "w",
        "type": "word",
        "lemma": "ἐν",
        "strong": "G17220",
        "morph": "Gr,P,,,,,D,,,"
      },
      {
        "text": "τῇ",
        "tag": "w",
        "type": "word",
        "lemma": "ὁ",
        "strong": "G35880",
        "morph": "Gr,EA,,,,DFS,"
      },
      {
        "text": "παρακλήσει",
        "tag": "w",
        "type": "word",
        "lemma": "παράκλησις",
        "strong": "G38740",
        "morph": "Gr,N,,,,,DFS,",
        "tw": "rc://*/tw/dict/bible/kt/exhort"
      },
      {
        "type": "text",
        "text": ";"
      },
      {
        "text": "ὁ",
        "tag": "w",
        "type": "word",
        "lemma": "ὁ",
        "strong": "G35880",
        "morph": "Gr,RD,,,,NMS,"
      },
      {
        "text": "μεταδιδοὺς",
        "tag": "w",
        "type": "word",
        "lemma": "μεταδίδωμι",
        "strong": "G33300",
        "morph": "Gr,V,PPA,NMS,"
      },
      {
        "type": "text",
        "text": ","
      },
      {
        "text": "ἐν",
        "tag": "w",
        "type": "word",
        "lemma": "ἐν",
        "strong": "G17220",
        "morph": "Gr,P,,,,,D,,,"
      },
      {
        "text": "ἁπλότητι",
        "tag": "w",
        "type": "word",
        "lemma": "ἁπλότης",
        "strong": "G05720",
        "morph": "Gr,N,,,,,DFS,"
      },
      {
        "type": "text",
        "text": ";"
      },
      {
        "text": "ὁ",
        "tag": "w",
        "type": "word",
        "lemma": "ὁ",
        "strong": "G35880",
        "morph": "Gr,RD,,,,NMS,"
      },
      {
        "text": "προϊστάμενος",
        "tag": "w",
        "type": "word",
        "lemma": "προΐστημι",
        "strong": "G42910",
        "morph": "Gr,V,PPM,NMS,",
        "tw": "rc://*/tw/dict/bible/other/manager"
      },
      {
        "type": "text",
        "text": ","
      },
      {
        "text": "ἐν",
        "tag": "w",
        "type": "word",
        "lemma": "ἐν",
        "strong": "G17220",
        "morph": "Gr,P,,,,,D,,,"
      },
      {
        "text": "σπουδῇ",
        "tag": "w",
        "type": "word",
        "lemma": "σπουδή",
        "strong": "G47100",
        "morph": "Gr,N,,,,,DFS,",
        "tw": "rc://*/tw/dict/bible/kt/zealous"
      },
      {
        "type": "text",
        "text": ";"
      },
      {
        "text": "ὁ",
        "tag": "w",
        "type": "word",
        "lemma": "ὁ",
        "strong": "G35880",
        "morph": "Gr,RD,,,,NMS,"
      },
      {
        "text": "ἐλεῶν",
        "tag": "w",
        "type": "word",
        "lemma": "ἐλεέω",
        "strong": "G16530",
        "morph": "Gr,V,PPA,NMS,",
        "tw": "rc://*/tw/dict/bible/kt/mercy"
      },
      {
        "type": "text",
        "text": ","
      },
      {
        "text": "ἐν",
        "tag": "w",
        "type": "word",
        "lemma": "ἐν",
        "strong": "G17220",
        "morph": "Gr,P,,,,,D,,,"
      },
      {
        "text": "ἱλαρότητι",
        "tag": "w",
        "type": "word",
        "lemma": "ἱλαρότης",
        "strong": "G24320",
        "morph": "Gr,N,,,,,DFS,"
      },
      {
        "type": "text",
        "text": ".\n\n"
      }
    ]
  },
  "9": {
    "verseObjects": [
      {
        "type": "text",
        "text": "\n"
      },
      {
        "tag": "p",
        "type": "paragraph",
        "text": "\n"
      },
      {
        "text": "ἡ",
        "tag": "w",
        "type": "word",
        "lemma": "ὁ",
        "strong": "G35880",
        "morph": "Gr,EP,,,,NFS,"
      },
      {
        "text": "ἀγάπη",
        "tag": "w",
        "type": "word",
        "lemma": "ἀγάπη",
        "strong": "G00260",
        "morph": "Gr,N,,,,,NFS,",
        "tw": "rc://*/tw/dict/bible/kt/love"
      },
      {
        "text": "ἀνυπόκριτος",
        "tag": "w",
        "type": "word",
        "lemma": "ἀνυπόκριτος",
        "strong": "G05050",
        "morph": "Gr,NP,,,,NFS,"
      },
      {
        "type": "text",
        "text": ";"
      },
      {
        "text": "ἀποστυγοῦντες",
        "tag": "w",
        "type": "word",
        "lemma": "ἀποστυγέω",
        "strong": "G06550",
        "morph": "Gr,V,PPA,NMP,"
      },
      {
        "text": "τὸ",
        "tag": "w",
        "type": "word",
        "lemma": "ὁ",
        "strong": "G35880",
        "morph": "Gr,EA,,,,ANS,"
      },
      {
        "text": "πονηρόν",
        "tag": "w",
        "type": "word",
        "lemma": "πονηρός",
        "strong": "G41900",
        "morph": "Gr,NS,,,,ANS,",
        "tw": "rc://*/tw/dict/bible/kt/evil"
      },
      {
        "type": "text",
        "text": ","
      },
      {
        "text": "κολλώμενοι",
        "tag": "w",
        "type": "word",
        "lemma": "κολλάω",
        "strong": "G28530",
        "morph": "Gr,V,PPP,NMP,"
      },
      {
        "text": "τῷ",
        "tag": "w",
        "type": "word",
        "lemma": "ὁ",
        "strong": "G35880",
        "morph": "Gr,EA,,,,DNS,"
      },
      {
        "text": "ἀγαθῷ",
        "tag": "w",
        "type": "word",
        "lemma": "ἀγαθός",
        "strong": "G00180",
        "morph": "Gr,NS,,,,DNS,",
        "tw": "rc://*/tw/dict/bible/kt/good"
      },
      {
        "type": "text",
        "text": ",\n\n"
      }
    ]
  },
  "10": {
    "verseObjects": [
      {
        "text": "τῇ",
        "tag": "w",
        "type": "word",
        "lemma": "ὁ",
        "strong": "G35880",
        "morph": "Gr,EA,,,,DFS,"
      },
      {
        "text": "φιλαδελφίᾳ",
        "tag": "w",
        "type": "word",
        "lemma": "φιλαδελφία",
        "strong": "G53600",
        "morph": "Gr,N,,,,,DFS,",
        "tw": "rc://*/tw/dict/bible/kt/love"
      },
      {
        "text": "εἰς",
        "tag": "w",
        "type": "word",
        "lemma": "εἰς",
        "strong": "G15190",
        "morph": "Gr,P,,,,,A,,,"
      },
      {
        "text": "ἀλλήλους",
        "tag": "w",
        "type": "word",
        "lemma": "ἀλλήλων",
        "strong": "G02400",
        "morph": "Gr,RC,,,,AMP,"
      },
      {
        "text": "φιλόστοργοι",
        "tag": "w",
        "type": "word",
        "lemma": "φιλόστοργος",
        "strong": "G53870",
        "morph": "Gr,NP,,,,NMP,"
      },
      {
        "type": "text",
        "text": ";"
      },
      {
        "text": "τῇ",
        "tag": "w",
        "type": "word",
        "lemma": "ὁ",
        "strong": "G35880",
        "morph": "Gr,EA,,,,DFS,"
      },
      {
        "text": "τιμῇ",
        "tag": "w",
        "type": "word",
        "lemma": "τιμή",
        "strong": "G50920",
        "morph": "Gr,N,,,,,DFS,",
        "tw": "rc://*/tw/dict/bible/kt/honor"
      },
      {
        "text": "ἀλλήλους",
        "tag": "w",
        "type": "word",
        "lemma": "ἀλλήλων",
        "strong": "G02400",
        "morph": "Gr,RC,,,,AMP,"
      },
      {
        "text": "προηγούμενοι",
        "tag": "w",
        "type": "word",
        "lemma": "προηγέομαι",
        "strong": "G42850",
        "morph": "Gr,V,PPM,NMP,"
      },
      {
        "type": "text",
        "text": ",\n\n"
      }
    ]
  },
  "11": {
    "verseObjects": [
      {
        "text": "τῇ",
        "tag": "w",
        "type": "word",
        "lemma": "ὁ",
        "strong": "G35880",
        "morph": "Gr,EA,,,,DFS,"
      },
      {
        "text": "σπουδῇ",
        "tag": "w",
        "type": "word",
        "lemma": "σπουδή",
        "strong": "G47100",
        "morph": "Gr,N,,,,,DFS,"
      },
      {
        "text": "μὴ",
        "tag": "w",
        "type": "word",
        "lemma": "μή",
        "strong": "G33610",
        "morph": "Gr,D,,,,,,,,,"
      },
      {
        "text": "ὀκνηροί",
        "tag": "w",
        "type": "word",
        "lemma": "ὀκνηρός",
        "strong": "G36360",
        "morph": "Gr,NP,,,,NMP,"
      },
      {
        "type": "text",
        "text": ","
      },
      {
        "text": "τῷ",
        "tag": "w",
        "type": "word",
        "lemma": "ὁ",
        "strong": "G35880",
        "morph": "Gr,EA,,,,DNS,"
      },
      {
        "text": "πνεύματι",
        "tag": "w",
        "type": "word",
        "lemma": "πνεῦμα",
        "strong": "G41510",
        "morph": "Gr,N,,,,,DNS,",
        "tw": "rc://*/tw/dict/bible/kt/spirit"
      },
      {
        "text": "ζέοντες",
        "tag": "w",
        "type": "word",
        "lemma": "ζέω",
        "strong": "G22040",
        "morph": "Gr,V,PPA,NMP,"
      },
      {
        "type": "text",
        "text": ","
      },
      {
        "text": "τῷ",
        "tag": "w",
        "type": "word",
        "lemma": "ὁ",
        "strong": "G35880",
        "morph": "Gr,EA,,,,DMS,"
      },
      {
        "text": "Κυρίῳ",
        "tag": "w",
        "type": "word",
        "lemma": "κύριος",
        "strong": "G29620",
        "morph": "Gr,N,,,,,DMS,",
        "tw": "rc://*/tw/dict/bible/kt/lord"
      },
      {
        "text": "δουλεύοντες",
        "tag": "w",
        "type": "word",
        "lemma": "δουλεύω",
        "strong": "G13980",
        "morph": "Gr,V,PPA,NMP,",
        "tw": "rc://*/tw/dict/bible/other/servant"
      },
      {
        "type": "text",
        "text": ";\n\n"
      }
    ]
  },
  "12": {
    "verseObjects": [
      {
        "text": "τῇ",
        "tag": "w",
        "type": "word",
        "lemma": "ὁ",
        "strong": "G35880",
        "morph": "Gr,EA,,,,DFS,"
      },
      {
        "text": "ἐλπίδι",
        "tag": "w",
        "type": "word",
        "lemma": "ἐλπίς",
        "strong": "G16800",
        "morph": "Gr,N,,,,,DFS,",
        "tw": "rc://*/tw/dict/bible/kt/hope"
      },
      {
        "text": "χαίροντες",
        "tag": "w",
        "type": "word",
        "lemma": "χαίρω",
        "strong": "G54630",
        "morph": "Gr,V,PPA,NMP,",
        "tw": "rc://*/tw/dict/bible/other/joy"
      },
      {
        "type": "text",
        "text": ","
      },
      {
        "text": "τῇ",
        "tag": "w",
        "type": "word",
        "lemma": "ὁ",
        "strong": "G35880",
        "morph": "Gr,EA,,,,DFS,"
      },
      {
        "text": "θλίψει",
        "tag": "w",
        "type": "word",
        "lemma": "θλῖψις",
        "strong": "G23470",
        "morph": "Gr,N,,,,,DFS,",
        "tw": "rc://*/tw/dict/bible/other/tribulation"
      },
      {
        "text": "ὑπομένοντες",
        "tag": "w",
        "type": "word",
        "lemma": "ὑπομένω",
        "strong": "G52780",
        "morph": "Gr,V,PPA,NMP,",
        "tw": "rc://*/tw/dict/bible/other/endure"
      },
      {
        "type": "text",
        "text": ","
      },
      {
        "text": "τῇ",
        "tag": "w",
        "type": "word",
        "lemma": "ὁ",
        "strong": "G35880",
        "morph": "Gr,EA,,,,DFS,"
      },
      {
        "text": "προσευχῇ",
        "tag": "w",
        "type": "word",
        "lemma": "προσευχή",
        "strong": "G43350",
        "morph": "Gr,N,,,,,DFS,",
        "tw": "rc://*/tw/dict/bible/kt/pray"
      },
      {
        "text": "προσκαρτεροῦντες",
        "tag": "w",
        "type": "word",
        "lemma": "προσκαρτερέω",
        "strong": "G43420",
        "morph": "Gr,V,PPA,NMP,"
      },
      {
        "type": "text",
        "text": ",\n\n"
      }
    ]
  },
  "13": {
    "verseObjects": [
      {
        "text": "ταῖς",
        "tag": "w",
        "type": "word",
        "lemma": "ὁ",
        "strong": "G35880",
        "morph": "Gr,EA,,,,DFP,"
      },
      {
        "text": "χρείαις",
        "tag": "w",
        "type": "word",
        "lemma": "χρεία",
        "strong": "G55320",
        "morph": "Gr,N,,,,,DFP,"
      },
      {
        "text": "τῶν",
        "tag": "w",
        "type": "word",
        "lemma": "ὁ",
        "strong": "G35880",
        "morph": "Gr,EA,,,,GMP,"
      },
      {
        "text": "ἁγίων",
        "tag": "w",
        "type": "word",
        "lemma": "ἅγιος",
        "strong": "G00400",
        "morph": "Gr,NS,,,,GMP,",
        "tw": "rc://*/tw/dict/bible/kt/saint"
      },
      {
        "text": "κοινωνοῦντες",
        "tag": "w",
        "type": "word",
        "lemma": "κοινωνέω",
        "strong": "G28410",
        "morph": "Gr,V,PPA,NMP,"
      },
      {
        "type": "text",
        "text": ","
      },
      {
        "text": "τὴν",
        "tag": "w",
        "type": "word",
        "lemma": "ὁ",
        "strong": "G35880",
        "morph": "Gr,EA,,,,AFS,"
      },
      {
        "text": "φιλοξενίαν",
        "tag": "w",
        "type": "word",
        "lemma": "φιλοξενία",
        "strong": "G53810",
        "morph": "Gr,N,,,,,AFS,"
      },
      {
        "text": "διώκοντες",
        "tag": "w",
        "type": "word",
        "lemma": "διώκω",
        "strong": "G13770",
        "morph": "Gr,V,PPA,NMP,"
      },
      {
        "type": "text",
        "text": ".\n\n"
      }
    ]
  },
  "14": {
    "verseObjects": [
      {
        "text": "εὐλογεῖτε",
        "tag": "w",
        "type": "word",
        "lemma": "εὐλογέω",
        "strong": "G21270",
        "morph": "Gr,V,MPA2,,P,",
        "tw": "rc://*/tw/dict/bible/kt/bless"
      },
      {
        "text": "τοὺς",
        "tag": "w",
        "type": "word",
        "lemma": "ὁ",
        "strong": "G35880",
        "morph": "Gr,RD,,,,AMP,"
      },
      {
        "text": "διώκοντας",
        "tag": "w",
        "type": "word",
        "lemma": "διώκω",
        "strong": "G13770",
        "morph": "Gr,V,PPA,AMP,",
        "tw": "rc://*/tw/dict/bible/other/persecute"
      },
      {
        "type": "text",
        "text": ","
      },
      {
        "text": "εὐλογεῖτε",
        "tag": "w",
        "type": "word",
        "lemma": "εὐλογέω",
        "strong": "G21270",
        "morph": "Gr,V,MPA2,,P,",
        "tw": "rc://*/tw/dict/bible/kt/bless"
      },
      {
        "text": "καὶ",
        "tag": "w",
        "type": "word",
        "lemma": "καί",
        "strong": "G25320",
        "morph": "Gr,CC,,,,,,,,"
      },
      {
        "text": "μὴ",
        "tag": "w",
        "type": "word",
        "lemma": "μή",
        "strong": "G33610",
        "morph": "Gr,D,,,,,,,,,"
      },
      {
        "text": "καταρᾶσθε",
        "tag": "w",
        "type": "word",
        "lemma": "καταράομαι",
        "strong": "G26720",
        "morph": "Gr,V,MPM2,,P,",
        "tw": "rc://*/tw/dict/bible/kt/curse"
      },
      {
        "type": "text",
        "text": ".\n\n"
      }
    ]
  },
  "15": {
    "verseObjects": [
      {
        "text": "χαίρειν",
        "tag": "w",
        "type": "word",
        "lemma": "χαίρω",
        "strong": "G54630",
        "morph": "Gr,V,NPA,,,,,",
        "tw": "rc://*/tw/dict/bible/other/joy"
      },
      {
        "text": "μετὰ",
        "tag": "w",
        "type": "word",
        "lemma": "μετά",
        "strong": "G33260",
        "morph": "Gr,P,,,,,G,,,"
      },
      {
        "text": "χαιρόντων",
        "tag": "w",
        "type": "word",
        "lemma": "χαίρω",
        "strong": "G54630",
        "morph": "Gr,V,PPA,GMP,",
        "tw": "rc://*/tw/dict/bible/other/joy"
      },
      {
        "type": "text",
        "text": ","
      },
      {
        "text": "κλαίειν",
        "tag": "w",
        "type": "word",
        "lemma": "κλαίω",
        "strong": "G27990",
        "morph": "Gr,V,NPA,,,,,",
        "tw": "rc://*/tw/dict/bible/other/cry"
      },
      {
        "text": "μετὰ",
        "tag": "w",
        "type": "word",
        "lemma": "μετά",
        "strong": "G33260",
        "morph": "Gr,P,,,,,G,,,"
      },
      {
        "text": "κλαιόντων",
        "tag": "w",
        "type": "word",
        "lemma": "κλαίω",
        "strong": "G27990",
        "morph": "Gr,V,PPA,GMP,",
        "tw": "rc://*/tw/dict/bible/other/cry"
      },
      {
        "type": "text",
        "text": ".\n\n"
      }
    ]
  },
  "16": {
    "verseObjects": [
      {
        "text": "τὸ",
        "tag": "w",
        "type": "word",
        "lemma": "ὁ",
        "strong": "G35880",
        "morph": "Gr,EA,,,,ANS,"
      },
      {
        "text": "αὐτὸ",
        "tag": "w",
        "type": "word",
        "lemma": "αὐτός",
        "strong": "G08460",
        "morph": "Gr,RD,,,,ANS,"
      },
      {
        "text": "εἰς",
        "tag": "w",
        "type": "word",
        "lemma": "εἰς",
        "strong": "G15190",
        "morph": "Gr,P,,,,,A,,,"
      },
      {
        "text": "ἀλλήλους",
        "tag": "w",
        "type": "word",
        "lemma": "ἀλλήλων",
        "strong": "G02400",
        "morph": "Gr,RC,,,,AMP,"
      },
      {
        "text": "φρονοῦντες",
        "tag": "w",
        "type": "word",
        "lemma": "φρονέω",
        "strong": "G54260",
        "morph": "Gr,V,PPA,NMP,",
        "tw": "rc://*/tw/dict/bible/other/mind"
      },
      {
        "type": "text",
        "text": ","
      },
      {
        "text": "μὴ",
        "tag": "w",
        "type": "word",
        "lemma": "μή",
        "strong": "G33610",
        "morph": "Gr,DO,,,,,,,,"
      },
      {
        "text": "τὰ",
        "tag": "w",
        "type": "word",
        "lemma": "ὁ",
        "strong": "G35880",
        "morph": "Gr,EA,,,,ANP,"
      },
      {
        "tag": "k",
        "type": "milestone",
        "tw": "rc://*/tw/dict/bible/other/proud",
        "children": [
          {
            "text": "ὑψηλὰ",
            "tag": "w",
            "type": "word",
            "lemma": "ὑψηλός",
            "strong": "G53080",
            "morph": "Gr,NS,,,,ANP,"
          },
          {
            "text": "φρονοῦντες",
            "tag": "w",
            "type": "word",
            "lemma": "φρονέω",
            "strong": "G54260",
            "morph": "Gr,V,PPA,NMP,",
            "tw": "rc://*/tw/dict/bible/other/mind"
          }
        ]
      },
      {
        "type": "text",
        "text": ","
      },
      {
        "text": "ἀλλὰ",
        "tag": "w",
        "type": "word",
        "lemma": "ἀλλά",
        "strong": "G02350",
        "morph": "Gr,CO,,,,,,,,"
      },
      {
        "text": "τοῖς",
        "tag": "w",
        "type": "word",
        "lemma": "ὁ",
        "strong": "G35880",
        "morph": "Gr,EA,,,,DMP,"
      },
      {
        "text": "ταπεινοῖς",
        "tag": "w",
        "type": "word",
        "lemma": "ταπεινός",
        "strong": "G50110",
        "morph": "Gr,NS,,,,DMP,",
        "tw": "rc://*/tw/dict/bible/other/lowly"
      },
      {
        "text": "συναπαγόμενοι",
        "tag": "w",
        "type": "word",
        "lemma": "συναπάγω",
        "strong": "G48790",
        "morph": "Gr,V,PPP,NMP,"
      },
      {
        "type": "text",
        "text": "."
      },
      {
        "text": "μὴ",
        "tag": "w",
        "type": "word",
        "lemma": "μή",
        "strong": "G33610",
        "morph": "Gr,D,,,,,,,,,"
      },
      {
        "text": "γίνεσθε",
        "tag": "w",
        "type": "word",
        "lemma": "γίνομαι",
        "strong": "G10960",
        "morph": "Gr,V,MPM2,,P,"
      },
      {
        "text": "φρόνιμοι",
        "tag": "w",
        "type": "word",
        "lemma": "φρόνιμος",
        "strong": "G54290",
        "morph": "Gr,NP,,,,NMP,",
        "tw": "rc://*/tw/dict/bible/kt/wise"
      },
      {
        "text": "παρ’",
        "tag": "w",
        "type": "word",
        "lemma": "παρά",
        "strong": "G38440",
        "morph": "Gr,P,,,,,D,,,"
      },
      {
        "text": "ἑαυτοῖς",
        "tag": "w",
        "type": "word",
        "lemma": "ἑαυτοῦ",
        "strong": "G14380",
        "morph": "Gr,RE,,,2DMP,"
      },
      {
        "type": "text",
        "text": ".\n\n"
      }
    ]
  },
  "17": {
    "verseObjects": [
      {
        "text": "μηδενὶ",
        "tag": "w",
        "type": "word",
        "lemma": "μηδείς",
        "strong": "G33670",
        "morph": "Gr,RI,,,,DMS,"
      },
      {
        "text": "κακὸν",
        "tag": "w",
        "type": "word",
        "lemma": "κακός",
        "strong": "G25560",
        "morph": "Gr,NS,,,,ANS,",
        "tw": "rc://*/tw/dict/bible/kt/evil"
      },
      {
        "text": "ἀντὶ",
        "tag": "w",
        "type": "word",
        "lemma": "ἀντί",
        "strong": "G04730",
        "morph": "Gr,P,,,,,G,,,"
      },
      {
        "text": "κακοῦ",
        "tag": "w",
        "type": "word",
        "lemma": "κακός",
        "strong": "G25560",
        "morph": "Gr,NS,,,,GNS,",
        "tw": "rc://*/tw/dict/bible/kt/evil"
      },
      {
        "text": "ἀποδιδόντες",
        "tag": "w",
        "type": "word",
        "lemma": "ἀποδίδωμι",
        "strong": "G05910",
        "morph": "Gr,V,PPA,NMP,"
      },
      {
        "type": "text",
        "text": ","
      },
      {
        "text": "προνοούμενοι",
        "tag": "w",
        "type": "word",
        "lemma": "προνοέω",
        "strong": "G43060",
        "morph": "Gr,V,PPM,NMP,"
      },
      {
        "text": "καλὰ",
        "tag": "w",
        "type": "word",
        "lemma": "καλός",
        "strong": "G25700",
        "morph": "Gr,NS,,,,ANP,",
        "tw": "rc://*/tw/dict/bible/kt/good"
      },
      {
        "text": "ἐνώπιον",
        "tag": "w",
        "type": "word",
        "lemma": "ἐνώπιον",
        "strong": "G17990",
        "morph": "Gr,PI,,,,G,,,"
      },
      {
        "text": "πάντων",
        "tag": "w",
        "type": "word",
        "lemma": "πᾶς",
        "strong": "G39560",
        "morph": "Gr,EQ,,,,GMP,"
      },
      {
        "text": "ἀνθρώπων",
        "tag": "w",
        "type": "word",
        "lemma": "ἄνθρωπος",
        "strong": "G04440",
        "morph": "Gr,N,,,,,GMP,"
      },
      {
        "type": "text",
        "text": ".\n\n"
      }
    ]
  },
  "18": {
    "verseObjects": [
      {
        "text": "εἰ",
        "tag": "w",
        "type": "word",
        "lemma": "εἰ",
        "strong": "G14870",
        "morph": "Gr,CS,,,,,,,,"
      },
      {
        "text": "δυνατόν",
        "tag": "w",
        "type": "word",
        "lemma": "δυνατός",
        "strong": "G14150",
        "morph": "Gr,NS,,,,NNS,",
        "tw": "rc://*/tw/dict/bible/kt/power"
      },
      {
        "text": "τὸ",
        "tag": "w",
        "type": "word",
        "lemma": "ὁ",
        "strong": "G35880",
        "morph": "Gr,RD,,,,ANS,"
      },
      {
        "text": "ἐξ",
        "tag": "w",
        "type": "word",
        "lemma": "ἐκ",
        "strong": "G15370",
        "morph": "Gr,P,,,,,G,,,"
      },
      {
        "text": "ὑμῶν",
        "tag": "w",
        "type": "word",
        "lemma": "σύ",
        "strong": "G47710",
        "morph": "Gr,RP,,,2G,P,"
      },
      {
        "type": "text",
        "text": ","
      },
      {
        "text": "μετὰ",
        "tag": "w",
        "type": "word",
        "lemma": "μετά",
        "strong": "G33260",
        "morph": "Gr,P,,,,,G,,,"
      },
      {
        "text": "πάντων",
        "tag": "w",
        "type": "word",
        "lemma": "πᾶς",
        "strong": "G39560",
        "morph": "Gr,EQ,,,,GMP,"
      },
      {
        "text": "ἀνθρώπων",
        "tag": "w",
        "type": "word",
        "lemma": "ἄνθρωπος",
        "strong": "G04440",
        "morph": "Gr,N,,,,,GMP,"
      },
      {
        "text": "εἰρηνεύοντες",
        "tag": "w",
        "type": "word",
        "lemma": "εἰρηνεύω",
        "strong": "G15140",
        "morph": "Gr,V,PPA,NMP,",
        "tw": "rc://*/tw/dict/bible/other/peace"
      },
      {
        "type": "text",
        "text": ".\n\n"
      }
    ]
  },
  "19": {
    "verseObjects": [
      {
        "text": "μὴ",
        "tag": "w",
        "type": "word",
        "lemma": "μή",
        "strong": "G33610",
        "morph": "Gr,DO,,,,,,,,"
      },
      {
        "text": "ἑαυτοὺς",
        "tag": "w",
        "type": "word",
        "lemma": "ἑαυτοῦ",
        "strong": "G14380",
        "morph": "Gr,RE,,,2AMP,"
      },
      {
        "text": "ἐκδικοῦντες",
        "tag": "w",
        "type": "word",
        "lemma": "ἐκδικέω",
        "strong": "G15560",
        "morph": "Gr,V,PPA,NMP,",
        "tw": "rc://*/tw/dict/bible/other/avenge"
      },
      {
        "type": "text",
        "text": ","
      },
      {
        "text": "ἀγαπητοί",
        "tag": "w",
        "type": "word",
        "lemma": "ἀγαπητός",
        "strong": "G00270",
        "morph": "Gr,NS,,,,VMP,",
        "tw": "rc://*/tw/dict/bible/kt/beloved"
      },
      {
        "type": "text",
        "text": ","
      },
      {
        "text": "ἀλλὰ",
        "tag": "w",
        "type": "word",
        "lemma": "ἀλλά",
        "strong": "G02350",
        "morph": "Gr,CO,,,,,,,,"
      },
      {
        "text": "δότε",
        "tag": "w",
        "type": "word",
        "lemma": "δίδωμι",
        "strong": "G13250",
        "morph": "Gr,V,MAA2,,P,"
      },
      {
        "text": "τόπον",
        "tag": "w",
        "type": "word",
        "lemma": "τόπος",
        "strong": "G51170",
        "morph": "Gr,N,,,,,AMS,"
      },
      {
        "text": "τῇ",
        "tag": "w",
        "type": "word",
        "lemma": "ὁ",
        "strong": "G35880",
        "morph": "Gr,EA,,,,DFS,"
      },
      {
        "text": "ὀργῇ",
        "tag": "w",
        "type": "word",
        "lemma": "ὀργή",
        "strong": "G37090",
        "morph": "Gr,N,,,,,DFS,",
        "tw": "rc://*/tw/dict/bible/kt/wrath"
      },
      {
        "type": "text",
        "text": ","
      },
      {
        "text": "γέγραπται",
        "tag": "w",
        "type": "word",
        "lemma": "γράφω",
        "strong": "G11250",
        "morph": "Gr,V,IEP3,,S,",
        "tw": "rc://*/tw/dict/bible/other/written"
      },
      {
        "text": "γάρ",
        "tag": "w",
        "type": "word",
        "lemma": "γάρ",
        "strong": "G10630",
        "morph": "Gr,CC,,,,,,,,"
      },
      {
        "type": "text",
        "text": ",\n“"
      },
      {
        "text": "ἐμοὶ",
        "tag": "w",
        "type": "word",
        "lemma": "ἐγώ",
        "strong": "G14730",
        "morph": "Gr,RP,,,1D,S,"
      },
      {
        "text": "ἐκδίκησις",
        "tag": "w",
        "type": "word",
        "lemma": "ἐκδίκησις",
        "strong": "G15570",
        "morph": "Gr,N,,,,,NFS,",
        "tw": "rc://*/tw/dict/bible/other/avenge"
      },
      {
        "type": "text",
        "text": ";"
      },
      {
        "text": "ἐγὼ",
        "tag": "w",
        "type": "word",
        "lemma": "ἐγώ",
        "strong": "G14730",
        "morph": "Gr,RP,,,1N,S,"
      },
      {
        "text": "ἀνταποδώσω",
        "tag": "w",
        "type": "word",
        "lemma": "ἀνταποδίδωμι",
        "strong": "G04670",
        "morph": "Gr,V,IFA1,,S,"
      },
      {
        "type": "text",
        "text": "”,"
      },
      {
        "text": "λέγει",
        "tag": "w",
        "type": "word",
        "lemma": "λέγω",
        "strong": "G30040",
        "morph": "Gr,V,IPA3,,S,"
      },
      {
        "text": "Κύριος",
        "tag": "w",
        "type": "word",
        "lemma": "κύριος",
        "strong": "G29620",
        "morph": "Gr,N,,,,,NMS,",
        "tw": "rc://*/tw/dict/bible/kt/lord"
      },
      {
        "type": "text",
        "text": ".\n\n"
      }
    ]
  },
  "20": {
    "verseObjects": [
      {
        "type": "text",
        "text": "\n“"
      },
      {
        "text": "ἀλλὰ",
        "tag": "w",
        "type": "word",
        "lemma": "ἀλλά",
        "strong": "G02350",
        "morph": "Gr,CC,,,,,,,,"
      },
      {
        "text": "ἐὰν",
        "tag": "w",
        "type": "word",
        "lemma": "ἐάν",
        "strong": "G14370",
        "morph": "Gr,CS,,,,,,,,"
      },
      {
        "text": "πεινᾷ",
        "tag": "w",
        "type": "word",
        "lemma": "πεινάω",
        "strong": "G39830",
        "morph": "Gr,V,SPA3,,S,"
      },
      {
        "text": "ὁ",
        "tag": "w",
        "type": "word",
        "lemma": "ὁ",
        "strong": "G35880",
        "morph": "Gr,EA,,,,NMS,"
      },
      {
        "text": "ἐχθρός",
        "tag": "w",
        "type": "word",
        "lemma": "ἐχθρός",
        "strong": "G21900",
        "morph": "Gr,NS,,,,NMS,",
        "tw": "rc://*/tw/dict/bible/other/adversary"
      },
      {
        "text": "σου",
        "tag": "w",
        "type": "word",
        "lemma": "σύ",
        "strong": "G47710",
        "morph": "Gr,RP,,,2G,S,"
      },
      {
        "type": "text",
        "text": ","
      },
      {
        "text": "ψώμιζε",
        "tag": "w",
        "type": "word",
        "lemma": "ψωμίζω",
        "strong": "G55950",
        "morph": "Gr,V,MPA2,,S,"
      },
      {
        "text": "αὐτόν",
        "tag": "w",
        "type": "word",
        "lemma": "αὐτός",
        "strong": "G08460",
        "morph": "Gr,RP,,,3AMS,"
      },
      {
        "type": "text",
        "text": ";"
      },
      {
        "text": "ἐὰν",
        "tag": "w",
        "type": "word",
        "lemma": "ἐάν",
        "strong": "G14370",
        "morph": "Gr,CS,,,,,,,,"
      },
      {
        "text": "διψᾷ",
        "tag": "w",
        "type": "word",
        "lemma": "διψάω",
        "strong": "G13720",
        "morph": "Gr,V,SPA3,,S,"
      },
      {
        "type": "text",
        "text": ","
      },
      {
        "text": "πότιζε",
        "tag": "w",
        "type": "word",
        "lemma": "ποτίζω",
        "strong": "G42220",
        "morph": "Gr,V,MPA2,,S,"
      },
      {
        "text": "αὐτόν",
        "tag": "w",
        "type": "word",
        "lemma": "αὐτός",
        "strong": "G08460",
        "morph": "Gr,RP,,,3AMS,"
      },
      {
        "type": "text",
        "text": ";"
      },
      {
        "text": "τοῦτο",
        "tag": "w",
        "type": "word",
        "lemma": "οὗτος",
        "strong": "G37780",
        "morph": "Gr,RD,,,,ANS,"
      },
      {
        "text": "γὰρ",
        "tag": "w",
        "type": "word",
        "lemma": "γάρ",
        "strong": "G10630",
        "morph": "Gr,CC,,,,,,,,"
      },
      {
        "text": "ποιῶν",
        "tag": "w",
        "type": "word",
        "lemma": "ποιέω",
        "strong": "G41600",
        "morph": "Gr,V,PPA,NMS,"
      },
      {
        "type": "text",
        "text": ","
      },
      {
        "text": "ἄνθρακας",
        "tag": "w",
        "type": "word",
        "lemma": "ἄνθραξ",
        "strong": "G04400",
        "morph": "Gr,N,,,,,AMP,"
      },
      {
        "text": "πυρὸς",
        "tag": "w",
        "type": "word",
        "lemma": "πῦρ",
        "strong": "G44420",
        "morph": "Gr,N,,,,,GNS,",
        "tw": "rc://*/tw/dict/bible/other/fire"
      },
      {
        "text": "σωρεύσεις",
        "tag": "w",
        "type": "word",
        "lemma": "σωρεύω",
        "strong": "G49870",
        "morph": "Gr,V,IFA2,,S,"
      },
      {
        "text": "ἐπὶ",
        "tag": "w",
        "type": "word",
        "lemma": "ἐπί",
        "strong": "G19090",
        "morph": "Gr,P,,,,,A,,,"
      },
      {
        "text": "τὴν",
        "tag": "w",
        "type": "word",
        "lemma": "ὁ",
        "strong": "G35880",
        "morph": "Gr,EA,,,,AFS,"
      },
      {
        "text": "κεφαλὴν",
        "tag": "w",
        "type": "word",
        "lemma": "κεφαλή",
        "strong": "G27760",
        "morph": "Gr,N,,,,,AFS,",
        "tw": "rc://*/tw/dict/bible/other/head"
      },
      {
        "text": "αὐτοῦ",
        "tag": "w",
        "type": "word",
        "lemma": "αὐτός",
        "strong": "G08460",
        "morph": "Gr,RP,,,3GMS,"
      },
      {
        "type": "text",
        "text": ".”\n\n"
      }
    ]
  },
  "21": {
    "verseObjects": [
      {
        "text": "μὴ",
        "tag": "w",
        "type": "word",
        "lemma": "μή",
        "strong": "G33610",
        "morph": "Gr,D,,,,,,,,,"
      },
      {
        "text": "νικῶ",
        "tag": "w",
        "type": "word",
        "lemma": "νικάω",
        "strong": "G35280",
        "morph": "Gr,V,MPP2,,S,"
      },
      {
        "text": "ὑπὸ",
        "tag": "w",
        "type": "word",
        "lemma": "ὑπό",
        "strong": "G52590",
        "morph": "Gr,P,,,,,G,,,"
      },
      {
        "text": "τοῦ",
        "tag": "w",
        "type": "word",
        "lemma": "ὁ",
        "strong": "G35880",
        "morph": "Gr,EA,,,,GNS,"
      },
      {
        "text": "κακοῦ",
        "tag": "w",
        "type": "word",
        "lemma": "κακός",
        "strong": "G25560",
        "morph": "Gr,NS,,,,GNS,",
        "tw": "rc://*/tw/dict/bible/kt/evil"
      },
      {
        "type": "text",
        "text": ","
      },
      {
        "text": "ἀλλὰ",
        "tag": "w",
        "type": "word",
        "lemma": "ἀλλά",
        "strong": "G02350",
        "morph": "Gr,CC,,,,,,,,"
      },
      {
        "text": "νίκα",
        "tag": "w",
        "type": "word",
        "lemma": "νικάω",
        "strong": "G35280",
        "morph": "Gr,V,MPA2,,S,"
      },
      {
        "text": "ἐν",
        "tag": "w",
        "type": "word",
        "lemma": "ἐν",
        "strong": "G17220",
        "morph": "Gr,P,,,,,D,,,"
      },
      {
        "text": "τῷ",
        "tag": "w",
        "type": "word",
        "lemma": "ὁ",
        "strong": "G35880",
        "morph": "Gr,EA,,,,DNS,"
      },
      {
        "text": "ἀγαθῷ",
        "tag": "w",
        "type": "word",
        "lemma": "ἀγαθός",
        "strong": "G00180",
        "morph": "Gr,NS,,,,DNS,",
        "tw": "rc://*/tw/dict/bible/kt/good"
      },
      {
        "text": "τὸ",
        "tag": "w",
        "type": "word",
        "lemma": "ὁ",
        "strong": "G35880",
        "morph": "Gr,EA,,,,ANS,"
      },
      {
        "text": "κακόν",
        "tag": "w",
        "type": "word",
        "lemma": "κακός",
        "strong": "G25560",
        "morph": "Gr,NS,,,,ANS,",
        "tw": "rc://*/tw/dict/bible/kt/evil"
      },
      {
        "type": "text",
        "text": ".\n\n"
      }
    ]
  },
  "front": {
    "verseObjects": [
      {
        "tag": "p",
        "type": "paragraph",
        "text": "\n"
      },
      {
        "type": "text",
        "text": "\n"
      }
    ]
  }
}