{
  "1": {
    "verseObjects": [
      {
        "text": "ἢ",
        "tag": "w",
        "type": "word",
        "lemma": "ἤ",
        "strong": "G22280",
        "morph": "Gr,CC,,,,,,,,"
      },
      {
        "text": "ἀγνοεῖτε",
        "tag": "w",
        "type": "word",
        "lemma": "ἀγνοέω",
        "strong": "G00500",
        "morph": "Gr,V,IPA2,,P,",
        "tw": "rc://*/tw/dict/bible/other/know"
      },
      {
        "type": "text",
        "text": ","
      },
      {
        "text": "ἀδελφοί",
        "tag": "w",
        "type": "word",
        "lemma": "ἀδελφός",
        "strong": "G00800",
        "morph": "Gr,N,,,,,VMP,",
        "tw": "rc://*/tw/dict/bible/kt/brother"
      },
      {
        "text": "γινώσκουσιν",
        "tag": "w",
        "type": "word",
        "lemma": "γινώσκω",
        "strong": "G10970",
        "morph": "Gr,V,PPA,DMP,",
        "tw": "rc://*/tw/dict/bible/other/know"
      },
      {
        "type": "text",
        "text": "("
      },
      {
        "text": "γὰρ",
        "tag": "w",
        "type": "word",
        "lemma": "γάρ",
        "strong": "G10630",
        "morph": "Gr,CC,,,,,,,,"
      },
      {
        "text": "νόμον",
        "tag": "w",
        "type": "word",
        "lemma": "νόμος",
        "strong": "G35510",
        "morph": "Gr,N,,,,,AMS,",
        "tw": "rc://*/tw/dict/bible/kt/lawofmoses"
      },
      {
        "text": "λαλῶ",
        "tag": "w",
        "type": "word",
        "lemma": "λαλέω",
        "strong": "G29800",
        "morph": "Gr,V,IPA1,,S,"
      },
      {
        "type": "text",
        "text": "),"
      },
      {
        "text": "ὅτι",
        "tag": "w",
        "type": "word",
        "lemma": "ὅτι",
        "strong": "G37540",
        "morph": "Gr,CS,,,,,,,,"
      },
      {
        "text": "ὁ",
        "tag": "w",
        "type": "word",
        "lemma": "ὁ",
        "strong": "G35880",
        "morph": "Gr,EA,,,,NMS,"
      },
      {
        "text": "νόμος",
        "tag": "w",
        "type": "word",
        "lemma": "νόμος",
        "strong": "G35510",
        "morph": "Gr,N,,,,,NMS,",
        "tw": "rc://*/tw/dict/bible/kt/lawofmoses"
      },
      {
        "text": "κυριεύει",
        "tag": "w",
        "type": "word",
        "lemma": "κυριεύω",
        "strong": "G29610",
        "morph": "Gr,V,IPA3,,S,",
        "tw": "rc://*/tw/dict/bible/other/ruler"
      },
      {
        "text": "τοῦ",
        "tag": "w",
        "type": "word",
        "lemma": "ὁ",
        "strong": "G35880",
        "morph": "Gr,EA,,,,GMS,"
      },
      {
        "text": "ἀνθρώπου",
        "tag": "w",
        "type": "word",
        "lemma": "ἄνθρωπος",
        "strong": "G04440",
        "morph": "Gr,N,,,,,GMS,"
      },
      {
        "text": "ἐφ’",
        "tag": "w",
        "type": "word",
        "lemma": "ἐπί",
        "strong": "G19090",
        "morph": "Gr,P,,,,,A,,,"
      },
      {
        "text": "ὅσον",
        "tag": "w",
        "type": "word",
        "lemma": "ὅσος",
        "strong": "G37450",
        "morph": "Gr,ER,,,,AMS,"
      },
      {
        "text": "χρόνον",
        "tag": "w",
        "type": "word",
        "lemma": "χρόνος",
        "strong": "G55500",
        "morph": "Gr,N,,,,,AMS,",
        "tw": "rc://*/tw/dict/bible/other/time"
      },
      {
        "text": "ζῇ",
        "tag": "w",
        "type": "word",
        "lemma": "ζάω",
        "strong": "G21980",
        "morph": "Gr,V,IPA3,,S,",
        "tw": "rc://*/tw/dict/bible/kt/life"
      },
      {
        "type": "text",
        "text": "?\n\n"
      }
    ]
  },
  "2": {
    "verseObjects": [
      {
        "text": "ἡ",
        "tag": "w",
        "type": "word",
        "lemma": "ὁ",
        "strong": "G35880",
        "morph": "Gr,EA,,,,NFS,"
      },
      {
        "text": "γὰρ",
        "tag": "w",
        "type": "word",
        "lemma": "γάρ",
        "strong": "G10630",
        "morph": "Gr,CC,,,,,,,,"
      },
      {
        "text": "ὕπανδρος",
        "tag": "w",
        "type": "word",
        "lemma": "ὕπανδρος",
        "strong": "G52200",
        "morph": "Gr,AA,,,,NFS,"
      },
      {
        "text": "γυνὴ",
        "tag": "w",
        "type": "word",
        "lemma": "γυνή",
        "strong": "G11350",
        "morph": "Gr,N,,,,,NFS,"
      },
      {
        "text": "τῷ",
        "tag": "w",
        "type": "word",
        "lemma": "ὁ",
        "strong": "G35880",
        "morph": "Gr,EA,,,,DMS,"
      },
      {
        "text": "ζῶντι",
        "tag": "w",
        "type": "word",
        "lemma": "ζάω",
        "strong": "G21980",
        "morph": "Gr,V,PPA,DMS,",
        "tw": "rc://*/tw/dict/bible/kt/life"
      },
      {
        "text": "ἀνδρὶ",
        "tag": "w",
        "type": "word",
        "lemma": "ἀνήρ",
        "strong": "G04350",
        "morph": "Gr,N,,,,,DMS,"
      },
      {
        "text": "δέδεται",
        "tag": "w",
        "type": "word",
        "lemma": "δέω",
        "strong": "G12100",
        "morph": "Gr,V,IEP3,,S,",
        "tw": "rc://*/tw/dict/bible/kt/bond"
      },
      {
        "text": "νόμῳ",
        "tag": "w",
        "type": "word",
        "lemma": "νόμος",
        "strong": "G35510",
        "morph": "Gr,N,,,,,DMS,",
        "tw": "rc://*/tw/dict/bible/other/law"
      },
      {
        "type": "text",
        "text": ";"
      },
      {
        "text": "ἐὰν",
        "tag": "w",
        "type": "word",
        "lemma": "ἐάν",
        "strong": "G14370",
        "morph": "Gr,CS,,,,,,,,"
      },
      {
        "text": "δὲ",
        "tag": "w",
        "type": "word",
        "lemma": "δέ",
        "strong": "G11610",
        "morph": "Gr,CC,,,,,,,,"
      },
      {
        "text": "ἀποθάνῃ",
        "tag": "w",
        "type": "word",
        "lemma": "ἀποθνῄσκω",
        "strong": "G05990",
        "morph": "Gr,V,SAA3,,S,",
        "tw": "rc://*/tw/dict/bible/other/death"
      },
      {
        "text": "ὁ",
        "tag": "w",
        "type": "word",
        "lemma": "ὁ",
        "strong": "G35880",
        "morph": "Gr,EA,,,,NMS,"
      },
      {
        "text": "ἀνήρ",
        "tag": "w",
        "type": "word",
        "lemma": "ἀνήρ",
        "strong": "G04350",
        "morph": "Gr,N,,,,,NMS,"
      },
      {
        "type": "text",
        "text": ","
      },
      {
        "text": "κατήργηται",
        "tag": "w",
        "type": "word",
        "lemma": "καταργέω",
        "strong": "G26730",
        "morph": "Gr,V,IEP3,,S,"
      },
      {
        "text": "ἀπὸ",
        "tag": "w",
        "type": "word",
        "lemma": "ἀπό",
        "strong": "G05750",
        "morph": "Gr,P,,,,,G,,,"
      },
      {
        "text": "τοῦ",
        "tag": "w",
        "type": "word",
        "lemma": "ὁ",
        "strong": "G35880",
        "morph": "Gr,EA,,,,GMS,"
      },
      {
        "text": "νόμου",
        "tag": "w",
        "type": "word",
        "lemma": "νόμος",
        "strong": "G35510",
        "morph": "Gr,N,,,,,GMS,",
        "tw": "rc://*/tw/dict/bible/other/law"
      },
      {
        "text": "τοῦ",
        "tag": "w",
        "type": "word",
        "lemma": "ὁ",
        "strong": "G35880",
        "morph": "Gr,EA,,,,GMS,"
      },
      {
        "text": "ἀνδρός",
        "tag": "w",
        "type": "word",
        "lemma": "ἀνήρ",
        "strong": "G04350",
        "morph": "Gr,N,,,,,GMS,"
      },
      {
        "type": "text",
        "text": ".\n\n"
      }
    ]
  },
  "3": {
    "verseObjects": [
      {
        "text": "ἄρα",
        "tag": "w",
        "type": "word",
        "lemma": "ἄρα",
        "strong": "G06860",
        "morph": "Gr,D,,,,,,,,,"
      },
      {
        "text": "οὖν",
        "tag": "w",
        "type": "word",
        "lemma": "οὖν",
        "strong": "G37670",
        "morph": "Gr,CC,,,,,,,,"
      },
      {
        "text": "ζῶντος",
        "tag": "w",
        "type": "word",
        "lemma": "ζάω",
        "strong": "G21980",
        "morph": "Gr,V,PPA,GMS,",
        "tw": "rc://*/tw/dict/bible/kt/life"
      },
      {
        "text": "τοῦ",
        "tag": "w",
        "type": "word",
        "lemma": "ὁ",
        "strong": "G35880",
        "morph": "Gr,EP,,,,GMS,"
      },
      {
        "text": "ἀνδρὸς",
        "tag": "w",
        "type": "word",
        "lemma": "ἀνήρ",
        "strong": "G04350",
        "morph": "Gr,N,,,,,GMS,"
      },
      {
        "type": "text",
        "text": ","
      },
      {
        "text": "μοιχαλὶς",
        "tag": "w",
        "type": "word",
        "lemma": "μοιχαλίς",
        "strong": "G34280",
        "morph": "Gr,N,,,,,NFS,",
        "tw": "rc://*/tw/dict/bible/kt/adultery"
      },
      {
        "text": "χρηματίσει",
        "tag": "w",
        "type": "word",
        "lemma": "χρηματίζω",
        "strong": "G55370",
        "morph": "Gr,V,IFA3,,S,",
        "tw": "rc://*/tw/dict/bible/kt/call"
      },
      {
        "type": "text",
        "text": ","
      },
      {
        "text": "ἐὰν",
        "tag": "w",
        "type": "word",
        "lemma": "ἐάν",
        "strong": "G14370",
        "morph": "Gr,CS,,,,,,,,"
      },
      {
        "text": "γένηται",
        "tag": "w",
        "type": "word",
        "lemma": "γίνομαι",
        "strong": "G10960",
        "morph": "Gr,V,SAM3,,S,"
      },
      {
        "text": "ἀνδρὶ",
        "tag": "w",
        "type": "word",
        "lemma": "ἀνήρ",
        "strong": "G04350",
        "morph": "Gr,N,,,,,DMS,"
      },
      {
        "text": "ἑτέρῳ",
        "tag": "w",
        "type": "word",
        "lemma": "ἕτερος",
        "strong": "G20870",
        "morph": "Gr,EF,,,,DMS,"
      },
      {
        "type": "text",
        "text": ";"
      },
      {
        "text": "ἐὰν",
        "tag": "w",
        "type": "word",
        "lemma": "ἐάν",
        "strong": "G14370",
        "morph": "Gr,CS,,,,,,,,"
      },
      {
        "text": "δὲ",
        "tag": "w",
        "type": "word",
        "lemma": "δέ",
        "strong": "G11610",
        "morph": "Gr,CC,,,,,,,,"
      },
      {
        "text": "ἀποθάνῃ",
        "tag": "w",
        "type": "word",
        "lemma": "ἀποθνῄσκω",
        "strong": "G05990",
        "morph": "Gr,V,SAA3,,S,",
        "tw": "rc://*/tw/dict/bible/other/death"
      },
      {
        "text": "ὁ",
        "tag": "w",
        "type": "word",
        "lemma": "ὁ",
        "strong": "G35880",
        "morph": "Gr,EA,,,,NMS,"
      },
      {
        "text": "ἀνήρ",
        "tag": "w",
        "type": "word",
        "lemma": "ἀνήρ",
        "strong": "G04350",
        "morph": "Gr,N,,,,,NMS,"
      },
      {
        "type": "text",
        "text": ","
      },
      {
        "text": "ἐλευθέρα",
        "tag": "w",
        "type": "word",
        "lemma": "ἐλεύθερος",
        "strong": "G16580",
        "morph": "Gr,NP,,,,NFS,",
        "tw": "rc://*/tw/dict/bible/other/free"
      },
      {
        "text": "ἐστὶν",
        "tag": "w",
        "type": "word",
        "lemma": "εἰμί",
        "strong": "G15100",
        "morph": "Gr,V,IPA3,,S,"
      },
      {
        "text": "ἀπὸ",
        "tag": "w",
        "type": "word",
        "lemma": "ἀπό",
        "strong": "G05750",
        "morph": "Gr,P,,,,,G,,,"
      },
      {
        "text": "τοῦ",
        "tag": "w",
        "type": "word",
        "lemma": "ὁ",
        "strong": "G35880",
        "morph": "Gr,EA,,,,GMS,"
      },
      {
        "text": "νόμου",
        "tag": "w",
        "type": "word",
        "lemma": "νόμος",
        "strong": "G35510",
        "morph": "Gr,N,,,,,GMS,",
        "tw": "rc://*/tw/dict/bible/other/law"
      },
      {
        "type": "text",
        "text": ";"
      },
      {
        "text": "τοῦ",
        "tag": "w",
        "type": "word",
        "lemma": "ὁ",
        "strong": "G35880",
        "morph": "Gr,RD,,,,GNS,"
      },
      {
        "text": "μὴ",
        "tag": "w",
        "type": "word",
        "lemma": "μή",
        "strong": "G33610",
        "morph": "Gr,D,,,,,,,,,"
      },
      {
        "text": "εἶναι",
        "tag": "w",
        "type": "word",
        "lemma": "εἰμί",
        "strong": "G15100",
        "morph": "Gr,V,NPA,,,,,"
      },
      {
        "text": "αὐτὴν",
        "tag": "w",
        "type": "word",
        "lemma": "αὐτός",
        "strong": "G08460",
        "morph": "Gr,RP,,,3AFS,"
      },
      {
        "text": "μοιχαλίδα",
        "tag": "w",
        "type": "word",
        "lemma": "μοιχαλίς",
        "strong": "G34280",
        "morph": "Gr,N,,,,,AFS,",
        "tw": "rc://*/tw/dict/bible/kt/adultery"
      },
      {
        "text": "γενομένην",
        "tag": "w",
        "type": "word",
        "lemma": "γίνομαι",
        "strong": "G10960",
        "morph": "Gr,V,PAM,AFS,"
      },
      {
        "text": "ἀνδρὶ",
        "tag": "w",
        "type": "word",
        "lemma": "ἀνήρ",
        "strong": "G04350",
        "morph": "Gr,N,,,,,DMS,"
      },
      {
        "text": "ἑτέρῳ",
        "tag": "w",
        "type": "word",
        "lemma": "ἕτερος",
        "strong": "G20870",
        "morph": "Gr,EF,,,,DMS,"
      },
      {
        "type": "text",
        "text": ".\n\n"
      }
    ]
  },
  "4": {
    "verseObjects": [
      {
        "type": "text",
        "text": "\n"
      },
      {
        "tag": "p",
        "type": "paragraph"
      },
      {
        "text": "ὥστε",
        "tag": "w",
        "type": "word",
        "lemma": "ὥστε",
        "strong": "G56200",
        "morph": "Gr,CS,,,,,,,,",
        "tw": "rc://*/tw/dict/bible/other/like"
      },
      {
        "type": "text",
        "text": ","
      },
      {
        "text": "ἀδελφοί",
        "tag": "w",
        "type": "word",
        "lemma": "ἀδελφός",
        "strong": "G00800",
        "morph": "Gr,N,,,,,VMP,",
        "tw": "rc://*/tw/dict/bible/kt/brother"
      },
      {
        "text": "μου",
        "tag": "w",
        "type": "word",
        "lemma": "ἐγώ",
        "strong": "G14730",
        "morph": "Gr,RP,,,1G,S,"
      },
      {
        "type": "text",
        "text": ","
      },
      {
        "text": "καὶ",
        "tag": "w",
        "type": "word",
        "lemma": "καί",
        "strong": "G25320",
        "morph": "Gr,D,,,,,,,,,"
      },
      {
        "text": "ὑμεῖς",
        "tag": "w",
        "type": "word",
        "lemma": "σύ",
        "strong": "G47710",
        "morph": "Gr,RP,,,2N,P,"
      },
      {
        "text": "ἐθανατώθητε",
        "tag": "w",
        "type": "word",
        "lemma": "θανατόω",
        "strong": "G22890",
        "morph": "Gr,V,IAP2,,P,",
        "tw": "rc://*/tw/dict/bible/other/death"
      },
      {
        "text": "τῷ",
        "tag": "w",
        "type": "word",
        "lemma": "ὁ",
        "strong": "G35880",
        "morph": "Gr,EA,,,,DMS,"
      },
      {
        "text": "νόμῳ",
        "tag": "w",
        "type": "word",
        "lemma": "νόμος",
        "strong": "G35510",
        "morph": "Gr,N,,,,,DMS,",
        "tw": "rc://*/tw/dict/bible/kt/lawofmoses"
      },
      {
        "text": "διὰ",
        "tag": "w",
        "type": "word",
        "lemma": "διά",
        "strong": "G12230",
        "morph": "Gr,P,,,,,G,,,"
      },
      {
        "text": "τοῦ",
        "tag": "w",
        "type": "word",
        "lemma": "ὁ",
        "strong": "G35880",
        "morph": "Gr,EA,,,,GNS,"
      },
      {
        "text": "σώματος",
        "tag": "w",
        "type": "word",
        "lemma": "σῶμα",
        "strong": "G49830",
        "morph": "Gr,N,,,,,GNS,",
        "tw": "rc://*/tw/dict/bible/kt/body"
      },
      {
        "text": "τοῦ",
        "tag": "w",
        "type": "word",
        "lemma": "ὁ",
        "strong": "G35880",
        "morph": "Gr,EA,,,,GMS,"
      },
      {
        "text": "Χριστοῦ",
        "tag": "w",
        "type": "word",
        "lemma": "χριστός",
        "strong": "G55470",
        "morph": "Gr,N,,,,,GMS,",
        "tw": "rc://*/tw/dict/bible/kt/christ"
      },
      {
        "type": "text",
        "text": ","
      },
      {
        "text": "εἰς",
        "tag": "w",
        "type": "word",
        "lemma": "εἰς",
        "strong": "G15190",
        "morph": "Gr,P,,,,,A,,,"
      },
      {
        "text": "τὸ",
        "tag": "w",
        "type": "word",
        "lemma": "ὁ",
        "strong": "G35880",
        "morph": "Gr,RD,,,,ANS,"
      },
      {
        "text": "γενέσθαι",
        "tag": "w",
        "type": "word",
        "lemma": "γίνομαι",
        "strong": "G10960",
        "morph": "Gr,V,NAM,,,,,"
      },
      {
        "text": "ὑμᾶς",
        "tag": "w",
        "type": "word",
        "lemma": "σύ",
        "strong": "G47710",
        "morph": "Gr,RP,,,2A,P,"
      },
      {
        "text": "ἑτέρῳ",
        "tag": "w",
        "type": "word",
        "lemma": "ἕτερος",
        "strong": "G20870",
        "morph": "Gr,RI,,,,DMS,"
      },
      {
        "type": "text",
        "text": ","
      },
      {
        "text": "τῷ",
        "tag": "w",
        "type": "word",
        "lemma": "ὁ",
        "strong": "G35880",
        "morph": "Gr,RD,,,,DMS,"
      },
      {
        "text": "ἐκ",
        "tag": "w",
        "type": "word",
        "lemma": "ἐκ",
        "strong": "G15370",
        "morph": "Gr,P,,,,,G,,,"
      },
      {
        "text": "νεκρῶν",
        "tag": "w",
        "type": "word",
        "lemma": "νεκρός",
        "strong": "G34980",
        "morph": "Gr,NS,,,,GMP,",
        "tw": "rc://*/tw/dict/bible/other/death"
      },
      {
        "text": "ἐγερθέντι",
        "tag": "w",
        "type": "word",
        "lemma": "ἐγείρω",
        "strong": "G14530",
        "morph": "Gr,V,PAP,DMS,",
        "tw": "rc://*/tw/dict/bible/other/raise"
      },
      {
        "type": "text",
        "text": ","
      },
      {
        "text": "ἵνα",
        "tag": "w",
        "type": "word",
        "lemma": "ἵνα",
        "strong": "G24430",
        "morph": "Gr,CS,,,,,,,,"
      },
      {
        "text": "καρποφορήσωμεν",
        "tag": "w",
        "type": "word",
        "lemma": "καρποφορέω",
        "strong": "G25920",
        "morph": "Gr,V,SAA1,,P,",
        "tw": "rc://*/tw/dict/bible/other/fruit"
      },
      {
        "text": "τῷ",
        "tag": "w",
        "type": "word",
        "lemma": "ὁ",
        "strong": "G35880",
        "morph": "Gr,EA,,,,DMS,"
      },
      {
        "text": "Θεῷ",
        "tag": "w",
        "type": "word",
        "lemma": "θεός",
        "strong": "G23160",
        "morph": "Gr,N,,,,,DMS,",
        "tw": "rc://*/tw/dict/bible/kt/god"
      },
      {
        "type": "text",
        "text": ".\n\n"
      }
    ]
  },
  "5": {
    "verseObjects": [
      {
        "text": "ὅτε",
        "tag": "w",
        "type": "word",
        "lemma": "ὅτε",
        "strong": "G37530",
        "morph": "Gr,CS,,,,,,,,"
      },
      {
        "text": "γὰρ",
        "tag": "w",
        "type": "word",
        "lemma": "γάρ",
        "strong": "G10630",
        "morph": "Gr,CC,,,,,,,,"
      },
      {
        "text": "ἦμεν",
        "tag": "w",
        "type": "word",
        "lemma": "εἰμί",
        "strong": "G15100",
        "morph": "Gr,V,IIA1,,P,"
      },
      {
        "text": "ἐν",
        "tag": "w",
        "type": "word",
        "lemma": "ἐν",
        "strong": "G17220",
        "morph": "Gr,P,,,,,D,,,"
      },
      {
        "text": "τῇ",
        "tag": "w",
        "type": "word",
        "lemma": "ὁ",
        "strong": "G35880",
        "morph": "Gr,EA,,,,DFS,"
      },
      {
        "text": "σαρκί",
        "tag": "w",
        "type": "word",
        "lemma": "σάρξ",
        "strong": "G45610",
        "morph": "Gr,N,,,,,DFS,",
        "tw": "rc://*/tw/dict/bible/kt/flesh"
      },
      {
        "type": "text",
        "text": ","
      },
      {
        "text": "τὰ",
        "tag": "w",
        "type": "word",
        "lemma": "ὁ",
        "strong": "G35880",
        "morph": "Gr,EA,,,,NNP,"
      },
      {
        "text": "παθήματα",
        "tag": "w",
        "type": "word",
        "lemma": "πάθημα",
        "strong": "G38040",
        "morph": "Gr,N,,,,,NNP,",
        "tw": "rc://*/tw/dict/bible/other/lust"
      },
      {
        "text": "τῶν",
        "tag": "w",
        "type": "word",
        "lemma": "ὁ",
        "strong": "G35880",
        "morph": "Gr,EA,,,,GFP,"
      },
      {
        "text": "ἁμαρτιῶν",
        "tag": "w",
        "type": "word",
        "lemma": "ἁμαρτία",
        "strong": "G02660",
        "morph": "Gr,N,,,,,GFP,",
        "tw": "rc://*/tw/dict/bible/kt/sin"
      },
      {
        "text": "τὰ",
        "tag": "w",
        "type": "word",
        "lemma": "ὁ",
        "strong": "G35880",
        "morph": "Gr,RD,,,,NNP,"
      },
      {
        "text": "διὰ",
        "tag": "w",
        "type": "word",
        "lemma": "διά",
        "strong": "G12230",
        "morph": "Gr,P,,,,,G,,,"
      },
      {
        "text": "τοῦ",
        "tag": "w",
        "type": "word",
        "lemma": "ὁ",
        "strong": "G35880",
        "morph": "Gr,EA,,,,GMS,"
      },
      {
        "text": "νόμου",
        "tag": "w",
        "type": "word",
        "lemma": "νόμος",
        "strong": "G35510",
        "morph": "Gr,N,,,,,GMS,",
        "tw": "rc://*/tw/dict/bible/kt/lawofmoses"
      },
      {
        "text": "ἐνηργεῖτο",
        "tag": "w",
        "type": "word",
        "lemma": "ἐνεργέω",
        "strong": "G17540",
        "morph": "Gr,V,IIM3,,S,"
      },
      {
        "text": "ἐν",
        "tag": "w",
        "type": "word",
        "lemma": "ἐν",
        "strong": "G17220",
        "morph": "Gr,P,,,,,D,,,"
      },
      {
        "text": "τοῖς",
        "tag": "w",
        "type": "word",
        "lemma": "ὁ",
        "strong": "G35880",
        "morph": "Gr,EA,,,,DNP,"
      },
      {
        "text": "μέλεσιν",
        "tag": "w",
        "type": "word",
        "lemma": "μέλος",
        "strong": "G31960",
        "morph": "Gr,N,,,,,DNP,",
        "tw": "rc://*/tw/dict/bible/other/member"
      },
      {
        "text": "ἡμῶν",
        "tag": "w",
        "type": "word",
        "lemma": "ἐγώ",
        "strong": "G14730",
        "morph": "Gr,RP,,,1G,P,"
      },
      {
        "text": "εἰς",
        "tag": "w",
        "type": "word",
        "lemma": "εἰς",
        "strong": "G15190",
        "morph": "Gr,P,,,,,A,,,"
      },
      {
        "text": "τὸ",
        "tag": "w",
        "type": "word",
        "lemma": "ὁ",
        "strong": "G35880",
        "morph": "Gr,RD,,,,ANS,"
      },
      {
        "text": "καρποφορῆσαι",
        "tag": "w",
        "type": "word",
        "lemma": "καρποφορέω",
        "strong": "G25920",
        "morph": "Gr,V,NAA,,,,,",
        "tw": "rc://*/tw/dict/bible/other/fruit"
      },
      {
        "text": "τῷ",
        "tag": "w",
        "type": "word",
        "lemma": "ὁ",
        "strong": "G35880",
        "morph": "Gr,EA,,,,DMS,"
      },
      {
        "text": "θανάτῳ",
        "tag": "w",
        "type": "word",
        "lemma": "θάνατος",
        "strong": "G22880",
        "morph": "Gr,N,,,,,DMS,",
        "tw": "rc://*/tw/dict/bible/other/death"
      },
      {
        "type": "text",
        "text": ";\n\n"
      }
    ]
  },
  "6": {
    "verseObjects": [
      {
        "text": "νυνὶ",
        "tag": "w",
        "type": "word",
        "lemma": "νυνί",
        "strong": "G35680",
        "morph": "Gr,D,,,,,,,,,"
      },
      {
        "text": "δὲ",
        "tag": "w",
        "type": "word",
        "lemma": "δέ",
        "strong": "G11610",
        "morph": "Gr,CC,,,,,,,,"
      },
      {
        "text": "κατηργήθημεν",
        "tag": "w",
        "type": "word",
        "lemma": "καταργέω",
        "strong": "G26730",
        "morph": "Gr,V,IAP1,,P,"
      },
      {
        "text": "ἀπὸ",
        "tag": "w",
        "type": "word",
        "lemma": "ἀπό",
        "strong": "G05750",
        "morph": "Gr,P,,,,,G,,,"
      },
      {
        "text": "τοῦ",
        "tag": "w",
        "type": "word",
        "lemma": "ὁ",
        "strong": "G35880",
        "morph": "Gr,EA,,,,GMS,"
      },
      {
        "text": "νόμου",
        "tag": "w",
        "type": "word",
        "lemma": "νόμος",
        "strong": "G35510",
        "morph": "Gr,N,,,,,GMS,",
        "tw": "rc://*/tw/dict/bible/kt/lawofmoses"
      },
      {
        "type": "text",
        "text": ","
      },
      {
        "text": "ἀποθανόντες",
        "tag": "w",
        "type": "word",
        "lemma": "ἀποθνῄσκω",
        "strong": "G05990",
        "morph": "Gr,V,PAA,NMP,",
        "tw": "rc://*/tw/dict/bible/other/death"
      },
      {
        "text": "ἐν",
        "tag": "w",
        "type": "word",
        "lemma": "ἐν",
        "strong": "G17220",
        "morph": "Gr,P,,,,,D,,,"
      },
      {
        "text": "ᾧ",
        "tag": "w",
        "type": "word",
        "lemma": "ὅς",
        "strong": "G37390",
        "morph": "Gr,RR,,,,DMS,"
      },
      {
        "text": "κατειχόμεθα",
        "tag": "w",
        "type": "word",
        "lemma": "κατέχω",
        "strong": "G27220",
        "morph": "Gr,V,IIP1,,P,",
        "tw": "rc://*/tw/dict/bible/kt/bond"
      },
      {
        "type": "text",
        "text": ","
      },
      {
        "text": "ὥστε",
        "tag": "w",
        "type": "word",
        "lemma": "ὥστε",
        "strong": "G56200",
        "morph": "Gr,CS,,,,,,,,"
      },
      {
        "text": "δουλεύειν",
        "tag": "w",
        "type": "word",
        "lemma": "δουλεύω",
        "strong": "G13980",
        "morph": "Gr,V,NPA,,,,,",
        "tw": "rc://*/tw/dict/bible/other/servant"
      },
      {
        "text": "ἡμᾶς",
        "tag": "w",
        "type": "word",
        "lemma": "ἐγώ",
        "strong": "G14730",
        "morph": "Gr,RP,,,1A,P,"
      },
      {
        "text": "ἐν",
        "tag": "w",
        "type": "word",
        "lemma": "ἐν",
        "strong": "G17220",
        "morph": "Gr,P,,,,,D,,,"
      },
      {
        "text": "καινότητι",
        "tag": "w",
        "type": "word",
        "lemma": "καινότης",
        "strong": "G25380",
        "morph": "Gr,N,,,,,DFS,"
      },
      {
        "text": "Πνεύματος",
        "tag": "w",
        "type": "word",
        "lemma": "πνεῦμα",
        "strong": "G41510",
        "morph": "Gr,N,,,,,GNS,",
        "tw": "rc://*/tw/dict/bible/kt/spirit"
      },
      {
        "type": "text",
        "text": ","
      },
      {
        "text": "καὶ",
        "tag": "w",
        "type": "word",
        "lemma": "καί",
        "strong": "G25320",
        "morph": "Gr,CC,,,,,,,,"
      },
      {
        "text": "οὐ",
        "tag": "w",
        "type": "word",
        "lemma": "οὐ",
        "strong": "G37560",
        "morph": "Gr,D,,,,,,,,,"
      },
      {
        "text": "παλαιότητι",
        "tag": "w",
        "type": "word",
        "lemma": "παλαιότης",
        "strong": "G38210",
        "morph": "Gr,N,,,,,DFS,"
      },
      {
        "text": "γράμματος",
        "tag": "w",
        "type": "word",
        "lemma": "γράμμα",
        "strong": "G11210",
        "morph": "Gr,N,,,,,GNS,"
      },
      {
        "type": "text",
        "text": ".\n\n"
      }
    ]
  },
  "7": {
    "verseObjects": [
      {
        "type": "text",
        "text": "\n"
      },
      {
        "tag": "p",
        "type": "paragraph"
      },
      {
        "text": "τί",
        "tag": "w",
        "type": "word",
        "lemma": "τίς",
        "strong": "G51010",
        "morph": "Gr,RT,,,,ANS,"
      },
      {
        "text": "οὖν",
        "tag": "w",
        "type": "word",
        "lemma": "οὖν",
        "strong": "G37670",
        "morph": "Gr,CC,,,,,,,,"
      },
      {
        "text": "ἐροῦμεν",
        "tag": "w",
        "type": "word",
        "lemma": "λέγω",
        "strong": "G30040",
        "morph": "Gr,V,IFA1,,P,"
      },
      {
        "type": "text",
        "text": "?"
      },
      {
        "text": "ὁ",
        "tag": "w",
        "type": "word",
        "lemma": "ὁ",
        "strong": "G35880",
        "morph": "Gr,EA,,,,NMS,"
      },
      {
        "text": "νόμος",
        "tag": "w",
        "type": "word",
        "lemma": "νόμος",
        "strong": "G35510",
        "morph": "Gr,N,,,,,NMS,",
        "tw": "rc://*/tw/dict/bible/kt/lawofmoses"
      },
      {
        "text": "ἁμαρτία",
        "tag": "w",
        "type": "word",
        "lemma": "ἁμαρτία",
        "strong": "G02660",
        "morph": "Gr,N,,,,,NFS,",
        "tw": "rc://*/tw/dict/bible/kt/sin"
      },
      {
        "type": "text",
        "text": "?"
      },
      {
        "text": "μὴ",
        "tag": "w",
        "type": "word",
        "lemma": "μή",
        "strong": "G33610",
        "morph": "Gr,D,,,,,,,,,"
      },
      {
        "text": "γένοιτο",
        "tag": "w",
        "type": "word",
        "lemma": "γίνομαι",
        "strong": "G10960",
        "morph": "Gr,V,OAM3,,S,"
      },
      {
        "type": "text",
        "text": "!"
      },
      {
        "text": "ἀλλὰ",
        "tag": "w",
        "type": "word",
        "lemma": "ἀλλά",
        "strong": "G02350",
        "morph": "Gr,CC,,,,,,,,"
      },
      {
        "text": "τὴν",
        "tag": "w",
        "type": "word",
        "lemma": "ὁ",
        "strong": "G35880",
        "morph": "Gr,EA,,,,AFS,"
      },
      {
        "text": "ἁμαρτίαν",
        "tag": "w",
        "type": "word",
        "lemma": "ἁμαρτία",
        "strong": "G02660",
        "morph": "Gr,N,,,,,AFS,",
        "tw": "rc://*/tw/dict/bible/kt/sin"
      },
      {
        "text": "οὐκ",
        "tag": "w",
        "type": "word",
        "lemma": "οὐ",
        "strong": "G37560",
        "morph": "Gr,D,,,,,,,,,"
      },
      {
        "text": "ἔγνων",
        "tag": "w",
        "type": "word",
        "lemma": "γινώσκω",
        "strong": "G10970",
        "morph": "Gr,V,IAA1,,S,",
        "tw": "rc://*/tw/dict/bible/other/know"
      },
      {
        "type": "text",
        "text": ","
      },
      {
        "text": "εἰ",
        "tag": "w",
        "type": "word",
        "lemma": "εἰ",
        "strong": "G14870",
        "morph": "Gr,PI,,,,,,,,"
      },
      {
        "text": "μὴ",
        "tag": "w",
        "type": "word",
        "lemma": "μή",
        "strong": "G33610",
        "morph": "Gr,D,,,,,,,,,"
      },
      {
        "text": "διὰ",
        "tag": "w",
        "type": "word",
        "lemma": "διά",
        "strong": "G12230",
        "morph": "Gr,P,,,,,G,,,"
      },
      {
        "text": "νόμου",
        "tag": "w",
        "type": "word",
        "lemma": "νόμος",
        "strong": "G35510",
        "morph": "Gr,N,,,,,GMS,",
        "tw": "rc://*/tw/dict/bible/kt/lawofmoses"
      },
      {
        "type": "text",
        "text": ";"
      },
      {
        "text": "τήν",
        "tag": "w",
        "type": "word",
        "lemma": "ὁ",
        "strong": "G35880",
        "morph": "Gr,EA,,,,AFS,"
      },
      {
        "text": "τε",
        "tag": "w",
        "type": "word",
        "lemma": "τέ",
        "strong": "G50370",
        "morph": "Gr,CC,,,,,,,,"
      },
      {
        "text": "γὰρ",
        "tag": "w",
        "type": "word",
        "lemma": "γάρ",
        "strong": "G10630",
        "morph": "Gr,CC,,,,,,,,"
      },
      {
        "text": "ἐπιθυμίαν",
        "tag": "w",
        "type": "word",
        "lemma": "ἐπιθυμία",
        "strong": "G19390",
        "morph": "Gr,N,,,,,AFS,",
        "tw": "rc://*/tw/dict/bible/other/envy"
      },
      {
        "type": "text",
        "text": ","
      },
      {
        "text": "οὐκ",
        "tag": "w",
        "type": "word",
        "lemma": "οὐ",
        "strong": "G37560",
        "morph": "Gr,D,,,,,,,,,"
      },
      {
        "text": "ᾔδειν",
        "tag": "w",
        "type": "word",
        "lemma": "εἴδω",
        "strong": "G14920",
        "morph": "Gr,V,ILA1,,S,",
        "tw": "rc://*/tw/dict/bible/other/know"
      },
      {
        "type": "text",
        "text": ","
      },
      {
        "text": "εἰ",
        "tag": "w",
        "type": "word",
        "lemma": "εἰ",
        "strong": "G14870",
        "morph": "Gr,PI,,,,,,,,"
      },
      {
        "text": "μὴ",
        "tag": "w",
        "type": "word",
        "lemma": "μή",
        "strong": "G33610",
        "morph": "Gr,D,,,,,,,,,"
      },
      {
        "text": "ὁ",
        "tag": "w",
        "type": "word",
        "lemma": "ὁ",
        "strong": "G35880",
        "morph": "Gr,EA,,,,NMS,"
      },
      {
        "text": "νόμος",
        "tag": "w",
        "type": "word",
        "lemma": "νόμος",
        "strong": "G35510",
        "morph": "Gr,N,,,,,NMS,",
        "tw": "rc://*/tw/dict/bible/kt/lawofmoses"
      },
      {
        "text": "ἔλεγεν",
        "tag": "w",
        "type": "word",
        "lemma": "λέγω",
        "strong": "G30040",
        "morph": "Gr,V,IIA3,,S,"
      },
      {
        "type": "text",
        "text": ",\n“"
      },
      {
        "text": "οὐκ",
        "tag": "w",
        "type": "word",
        "lemma": "οὐ",
        "strong": "G37560",
        "morph": "Gr,D,,,,,,,,,"
      },
      {
        "text": "ἐπιθυμήσεις",
        "tag": "w",
        "type": "word",
        "lemma": "ἐπιθυμέω",
        "strong": "G19370",
        "morph": "Gr,V,IFA2,,S,",
        "tw": "rc://*/tw/dict/bible/other/envy"
      },
      {
        "type": "text",
        "text": ".”\n\n"
      }
    ]
  },
  "8": {
    "verseObjects": [
      {
        "text": "ἀφορμὴν",
        "tag": "w",
        "type": "word",
        "lemma": "ἀφορμή",
        "strong": "G08740",
        "morph": "Gr,N,,,,,AFS,"
      },
      {
        "text": "δὲ",
        "tag": "w",
        "type": "word",
        "lemma": "δέ",
        "strong": "G11610",
        "morph": "Gr,CC,,,,,,,,"
      },
      {
        "text": "λαβοῦσα",
        "tag": "w",
        "type": "word",
        "lemma": "λαμβάνω",
        "strong": "G29830",
        "morph": "Gr,V,PAA,NFS,"
      },
      {
        "text": "ἡ",
        "tag": "w",
        "type": "word",
        "lemma": "ὁ",
        "strong": "G35880",
        "morph": "Gr,EA,,,,NFS,"
      },
      {
        "text": "ἁμαρτία",
        "tag": "w",
        "type": "word",
        "lemma": "ἁμαρτία",
        "strong": "G02660",
        "morph": "Gr,N,,,,,NFS,",
        "tw": "rc://*/tw/dict/bible/kt/sin"
      },
      {
        "text": "διὰ",
        "tag": "w",
        "type": "word",
        "lemma": "διά",
        "strong": "G12230",
        "morph": "Gr,P,,,,,G,,,"
      },
      {
        "text": "τῆς",
        "tag": "w",
        "type": "word",
        "lemma": "ὁ",
        "strong": "G35880",
        "morph": "Gr,EA,,,,GFS,"
      },
      {
        "text": "ἐντολῆς",
        "tag": "w",
        "type": "word",
        "lemma": "ἐντολή",
        "strong": "G17850",
        "morph": "Gr,N,,,,,GFS,",
        "tw": "rc://*/tw/dict/bible/kt/command"
      },
      {
        "type": "text",
        "text": ","
      },
      {
        "text": "κατειργάσατο",
        "tag": "w",
        "type": "word",
        "lemma": "κατεργάζομαι",
        "strong": "G27160",
        "morph": "Gr,V,IAM3,,S,"
      },
      {
        "text": "ἐν",
        "tag": "w",
        "type": "word",
        "lemma": "ἐν",
        "strong": "G17220",
        "morph": "Gr,P,,,,,D,,,"
      },
      {
        "text": "ἐμοὶ",
        "tag": "w",
        "type": "word",
        "lemma": "ἐγώ",
        "strong": "G14730",
        "morph": "Gr,RP,,,1D,S,"
      },
      {
        "text": "πᾶσαν",
        "tag": "w",
        "type": "word",
        "lemma": "πᾶς",
        "strong": "G39560",
        "morph": "Gr,EQ,,,,AFS,"
      },
      {
        "text": "ἐπιθυμίαν",
        "tag": "w",
        "type": "word",
        "lemma": "ἐπιθυμία",
        "strong": "G19390",
        "morph": "Gr,N,,,,,AFS,",
        "tw": "rc://*/tw/dict/bible/other/envy"
      },
      {
        "type": "text",
        "text": ";"
      },
      {
        "text": "χωρὶς",
        "tag": "w",
        "type": "word",
        "lemma": "χωρίς",
        "strong": "G55650",
        "morph": "Gr,PI,,,,G,,,"
      },
      {
        "text": "γὰρ",
        "tag": "w",
        "type": "word",
        "lemma": "γάρ",
        "strong": "G10630",
        "morph": "Gr,CC,,,,,,,,"
      },
      {
        "text": "νόμου",
        "tag": "w",
        "type": "word",
        "lemma": "νόμος",
        "strong": "G35510",
        "morph": "Gr,N,,,,,GMS,",
        "tw": "rc://*/tw/dict/bible/kt/lawofmoses"
      },
      {
        "type": "text",
        "text": ","
      },
      {
        "text": "ἁμαρτία",
        "tag": "w",
        "type": "word",
        "lemma": "ἁμαρτία",
        "strong": "G02660",
        "morph": "Gr,N,,,,,NFS,",
        "tw": "rc://*/tw/dict/bible/kt/sin"
      },
      {
        "text": "νεκρά",
        "tag": "w",
        "type": "word",
        "lemma": "νεκρός",
        "strong": "G34980",
        "morph": "Gr,NP,,,,NFS,",
        "tw": "rc://*/tw/dict/bible/other/death"
      },
      {
        "type": "text",
        "text": ".\n\n"
      }
    ]
  },
  "9": {
    "verseObjects": [
      {
        "text": "ἐγὼ",
        "tag": "w",
        "type": "word",
        "lemma": "ἐγώ",
        "strong": "G14730",
        "morph": "Gr,RP,,,1N,S,"
      },
      {
        "text": "δὲ",
        "tag": "w",
        "type": "word",
        "lemma": "δέ",
        "strong": "G11610",
        "morph": "Gr,CC,,,,,,,,"
      },
      {
        "text": "ἔζων",
        "tag": "w",
        "type": "word",
        "lemma": "ζάω",
        "strong": "G21980",
        "morph": "Gr,V,IIA1,,S,",
        "tw": "rc://*/tw/dict/bible/kt/life"
      },
      {
        "text": "χωρὶς",
        "tag": "w",
        "type": "word",
        "lemma": "χωρίς",
        "strong": "G55650",
        "morph": "Gr,PI,,,,G,,,"
      },
      {
        "text": "νόμου",
        "tag": "w",
        "type": "word",
        "lemma": "νόμος",
        "strong": "G35510",
        "morph": "Gr,N,,,,,GMS,",
        "tw": "rc://*/tw/dict/bible/kt/lawofmoses"
      },
      {
        "text": "ποτέ",
        "tag": "w",
        "type": "word",
        "lemma": "ποτέ",
        "strong": "G42180",
        "morph": "Gr,D,,,,,,,,,"
      },
      {
        "type": "text",
        "text": ";"
      },
      {
        "text": "ἐλθούσης",
        "tag": "w",
        "type": "word",
        "lemma": "ἔρχομαι",
        "strong": "G20640",
        "morph": "Gr,V,PAA,GFS,"
      },
      {
        "text": "δὲ",
        "tag": "w",
        "type": "word",
        "lemma": "δέ",
        "strong": "G11610",
        "morph": "Gr,CC,,,,,,,,"
      },
      {
        "text": "τῆς",
        "tag": "w",
        "type": "word",
        "lemma": "ὁ",
        "strong": "G35880",
        "morph": "Gr,EA,,,,GFS,"
      },
      {
        "text": "ἐντολῆς",
        "tag": "w",
        "type": "word",
        "lemma": "ἐντολή",
        "strong": "G17850",
        "morph": "Gr,N,,,,,GFS,",
        "tw": "rc://*/tw/dict/bible/kt/command"
      },
      {
        "type": "text",
        "text": ","
      },
      {
        "text": "ἡ",
        "tag": "w",
        "type": "word",
        "lemma": "ὁ",
        "strong": "G35880",
        "morph": "Gr,EA,,,,NFS,"
      },
      {
        "text": "ἁμαρτία",
        "tag": "w",
        "type": "word",
        "lemma": "ἁμαρτία",
        "strong": "G02660",
        "morph": "Gr,N,,,,,NFS,",
        "tw": "rc://*/tw/dict/bible/kt/sin"
      },
      {
        "text": "ἀνέζησεν",
        "tag": "w",
        "type": "word",
        "lemma": "ἀναζάω",
        "strong": "G03260",
        "morph": "Gr,V,IAA3,,S,"
      },
      {
        "type": "text",
        "text": ",\n\n"
      }
    ]
  },
  "10": {
    "verseObjects": [
      {
        "text": "ἐγὼ",
        "tag": "w",
        "type": "word",
        "lemma": "ἐγώ",
        "strong": "G14730",
        "morph": "Gr,RP,,,1N,S,"
      },
      {
        "text": "δὲ",
        "tag": "w",
        "type": "word",
        "lemma": "δέ",
        "strong": "G11610",
        "morph": "Gr,CC,,,,,,,,"
      },
      {
        "text": "ἀπέθανον",
        "tag": "w",
        "type": "word",
        "lemma": "ἀποθνῄσκω",
        "strong": "G05990",
        "morph": "Gr,V,IAA1,,S,",
        "tw": "rc://*/tw/dict/bible/other/death"
      },
      {
        "type": "text",
        "text": ";"
      },
      {
        "text": "καὶ",
        "tag": "w",
        "type": "word",
        "lemma": "καί",
        "strong": "G25320",
        "morph": "Gr,CC,,,,,,,,"
      },
      {
        "text": "εὑρέθη",
        "tag": "w",
        "type": "word",
        "lemma": "εὑρίσκω",
        "strong": "G21470",
        "morph": "Gr,V,IAP3,,S,"
      },
      {
        "text": "μοι",
        "tag": "w",
        "type": "word",
        "lemma": "ἐγώ",
        "strong": "G14730",
        "morph": "Gr,RP,,,1D,S,"
      },
      {
        "text": "ἡ",
        "tag": "w",
        "type": "word",
        "lemma": "ὁ",
        "strong": "G35880",
        "morph": "Gr,EA,,,,NFS,"
      },
      {
        "text": "ἐντολὴ",
        "tag": "w",
        "type": "word",
        "lemma": "ἐντολή",
        "strong": "G17850",
        "morph": "Gr,N,,,,,NFS,",
        "tw": "rc://*/tw/dict/bible/kt/command"
      },
      {
        "type": "text",
        "text": ","
      },
      {
        "text": "ἡ",
        "tag": "w",
        "type": "word",
        "lemma": "ὁ",
        "strong": "G35880",
        "morph": "Gr,RD,,,,NFS,"
      },
      {
        "text": "εἰς",
        "tag": "w",
        "type": "word",
        "lemma": "εἰς",
        "strong": "G15190",
        "morph": "Gr,P,,,,,A,,,"
      },
      {
        "text": "ζωὴν",
        "tag": "w",
        "type": "word",
        "lemma": "ζωή",
        "strong": "G22220",
        "morph": "Gr,N,,,,,AFS,",
        "tw": "rc://*/tw/dict/bible/kt/life"
      },
      {
        "type": "text",
        "text": ","
      },
      {
        "text": "αὕτη",
        "tag": "w",
        "type": "word",
        "lemma": "οὗτος",
        "strong": "G37780",
        "morph": "Gr,RD,,,,NFS,"
      },
      {
        "text": "εἰς",
        "tag": "w",
        "type": "word",
        "lemma": "εἰς",
        "strong": "G15190",
        "morph": "Gr,P,,,,,A,,,"
      },
      {
        "text": "θάνατον",
        "tag": "w",
        "type": "word",
        "lemma": "θάνατος",
        "strong": "G22880",
        "morph": "Gr,N,,,,,AMS,",
        "tw": "rc://*/tw/dict/bible/other/death"
      },
      {
        "type": "text",
        "text": ".\n\n"
      }
    ]
  },
  "11": {
    "verseObjects": [
      {
        "text": "ἡ",
        "tag": "w",
        "type": "word",
        "lemma": "ὁ",
        "strong": "G35880",
        "morph": "Gr,EA,,,,NFS,"
      },
      {
        "text": "γὰρ",
        "tag": "w",
        "type": "word",
        "lemma": "γάρ",
        "strong": "G10630",
        "morph": "Gr,CC,,,,,,,,"
      },
      {
        "text": "ἁμαρτία",
        "tag": "w",
        "type": "word",
        "lemma": "ἁμαρτία",
        "strong": "G02660",
        "morph": "Gr,N,,,,,NFS,",
        "tw": "rc://*/tw/dict/bible/kt/sin"
      },
      {
        "text": "ἀφορμὴν",
        "tag": "w",
        "type": "word",
        "lemma": "ἀφορμή",
        "strong": "G08740",
        "morph": "Gr,N,,,,,AFS,"
      },
      {
        "text": "λαβοῦσα",
        "tag": "w",
        "type": "word",
        "lemma": "λαμβάνω",
        "strong": "G29830",
        "morph": "Gr,V,PAA,NFS,"
      },
      {
        "text": "διὰ",
        "tag": "w",
        "type": "word",
        "lemma": "διά",
        "strong": "G12230",
        "morph": "Gr,P,,,,,G,,,"
      },
      {
        "text": "τῆς",
        "tag": "w",
        "type": "word",
        "lemma": "ὁ",
        "strong": "G35880",
        "morph": "Gr,EA,,,,GFS,"
      },
      {
        "text": "ἐντολῆς",
        "tag": "w",
        "type": "word",
        "lemma": "ἐντολή",
        "strong": "G17850",
        "morph": "Gr,N,,,,,GFS,",
        "tw": "rc://*/tw/dict/bible/kt/command"
      },
      {
        "type": "text",
        "text": ","
      },
      {
        "text": "ἐξηπάτησέν",
        "tag": "w",
        "type": "word",
        "lemma": "ἐξαπατάω",
        "strong": "G18180",
        "morph": "Gr,V,IAA3,,S,",
        "tw": "rc://*/tw/dict/bible/other/deceive"
      },
      {
        "text": "με",
        "tag": "w",
        "type": "word",
        "lemma": "ἐγώ",
        "strong": "G14730",
        "morph": "Gr,RP,,,1A,S,"
      },
      {
        "text": "καὶ",
        "tag": "w",
        "type": "word",
        "lemma": "καί",
        "strong": "G25320",
        "morph": "Gr,CC,,,,,,,,"
      },
      {
        "text": "δι’",
        "tag": "w",
        "type": "word",
        "lemma": "διά",
        "strong": "G12230",
        "morph": "Gr,P,,,,,G,,,"
      },
      {
        "text": "αὐτῆς",
        "tag": "w",
        "type": "word",
        "lemma": "αὐτός",
        "strong": "G08460",
        "morph": "Gr,RP,,,3GFS,"
      },
      {
        "text": "ἀπέκτεινεν",
        "tag": "w",
        "type": "word",
        "lemma": "ἀποκτείνω",
        "strong": "G06150",
        "morph": "Gr,V,IAA3,,S,"
      },
      {
        "type": "text",
        "text": ".\n\n"
      }
    ]
  },
  "12": {
    "verseObjects": [
      {
        "text": "ὥστε",
        "tag": "w",
        "type": "word",
        "lemma": "ὥστε",
        "strong": "G56200",
        "morph": "Gr,CS,,,,,,,,"
      },
      {
        "text": "ὁ",
        "tag": "w",
        "type": "word",
        "lemma": "ὁ",
        "strong": "G35880",
        "morph": "Gr,EA,,,,NMS,"
      },
      {
        "text": "μὲν",
        "tag": "w",
        "type": "word",
        "lemma": "μέν",
        "strong": "G33030",
        "morph": "Gr,D,,,,,,,,,"
      },
      {
        "text": "νόμος",
        "tag": "w",
        "type": "word",
        "lemma": "νόμος",
        "strong": "G35510",
        "morph": "Gr,N,,,,,NMS,",
        "tw": "rc://*/tw/dict/bible/kt/lawofmoses"
      },
      {
        "text": "ἅγιος",
        "tag": "w",
        "type": "word",
        "lemma": "ἅγιος",
        "strong": "G00400",
        "morph": "Gr,NP,,,,NMS,",
        "tw": "rc://*/tw/dict/bible/kt/holy"
      },
      {
        "type": "text",
        "text": ","
      },
      {
        "text": "καὶ",
        "tag": "w",
        "type": "word",
        "lemma": "καί",
        "strong": "G25320",
        "morph": "Gr,CC,,,,,,,,"
      },
      {
        "text": "ἡ",
        "tag": "w",
        "type": "word",
        "lemma": "ὁ",
        "strong": "G35880",
        "morph": "Gr,EA,,,,NFS,"
      },
      {
        "text": "ἐντολὴ",
        "tag": "w",
        "type": "word",
        "lemma": "ἐντολή",
        "strong": "G17850",
        "morph": "Gr,N,,,,,NFS,",
        "tw": "rc://*/tw/dict/bible/kt/command"
      },
      {
        "text": "ἁγία",
        "tag": "w",
        "type": "word",
        "lemma": "ἅγιος",
        "strong": "G00400",
        "morph": "Gr,NS,,,,NFS,",
        "tw": "rc://*/tw/dict/bible/kt/holy"
      },
      {
        "type": "text",
        "text": ","
      },
      {
        "text": "καὶ",
        "tag": "w",
        "type": "word",
        "lemma": "καί",
        "strong": "G25320",
        "morph": "Gr,CC,,,,,,,,"
      },
      {
        "text": "δικαία",
        "tag": "w",
        "type": "word",
        "lemma": "δίκαιος",
        "strong": "G13420",
        "morph": "Gr,NS,,,,NFS,",
        "tw": "rc://*/tw/dict/bible/kt/righteous"
      },
      {
        "type": "text",
        "text": ","
      },
      {
        "text": "καὶ",
        "tag": "w",
        "type": "word",
        "lemma": "καί",
        "strong": "G25320",
        "morph": "Gr,CC,,,,,,,,"
      },
      {
        "text": "ἀγαθή",
        "tag": "w",
        "type": "word",
        "lemma": "ἀγαθός",
        "strong": "G00180",
        "morph": "Gr,NS,,,,NFS,",
        "tw": "rc://*/tw/dict/bible/kt/good"
      },
      {
        "type": "text",
        "text": ".\n\n"
      }
    ]
  },
  "13": {
    "verseObjects": [
      {
        "type": "text",
        "text": "\n"
      },
      {
        "tag": "p",
        "type": "paragraph"
      },
      {
        "text": "τὸ",
        "tag": "w",
        "type": "word",
        "lemma": "ὁ",
        "strong": "G35880",
        "morph": "Gr,EA,,,,NNS,"
      },
      {
        "text": "οὖν",
        "tag": "w",
        "type": "word",
        "lemma": "οὖν",
        "strong": "G37670",
        "morph": "Gr,CC,,,,,,,,"
      },
      {
        "text": "ἀγαθὸν",
        "tag": "w",
        "type": "word",
        "lemma": "ἀγαθός",
        "strong": "G00180",
        "morph": "Gr,NS,,,,NNS,",
        "tw": "rc://*/tw/dict/bible/kt/good"
      },
      {
        "text": "ἐμοὶ",
        "tag": "w",
        "type": "word",
        "lemma": "ἐγώ",
        "strong": "G14730",
        "morph": "Gr,RP,,,1D,S,"
      },
      {
        "text": "ἐγένετο",
        "tag": "w",
        "type": "word",
        "lemma": "γίνομαι",
        "strong": "G10960",
        "morph": "Gr,V,IAM3,,S,"
      },
      {
        "text": "θάνατος",
        "tag": "w",
        "type": "word",
        "lemma": "θάνατος",
        "strong": "G22880",
        "morph": "Gr,N,,,,,NMS,",
        "tw": "rc://*/tw/dict/bible/other/death"
      },
      {
        "type": "text",
        "text": "?"
      },
      {
        "text": "μὴ",
        "tag": "w",
        "type": "word",
        "lemma": "μή",
        "strong": "G33610",
        "morph": "Gr,D,,,,,,,,,"
      },
      {
        "text": "γένοιτο",
        "tag": "w",
        "type": "word",
        "lemma": "γίνομαι",
        "strong": "G10960",
        "morph": "Gr,V,OAM3,,S,"
      },
      {
        "type": "text",
        "text": "!"
      },
      {
        "text": "ἀλλὰ",
        "tag": "w",
        "type": "word",
        "lemma": "ἀλλά",
        "strong": "G02350",
        "morph": "Gr,CC,,,,,,,,"
      },
      {
        "text": "ἡ",
        "tag": "w",
        "type": "word",
        "lemma": "ὁ",
        "strong": "G35880",
        "morph": "Gr,EA,,,,NFS,"
      },
      {
        "text": "ἁμαρτία",
        "tag": "w",
        "type": "word",
        "lemma": "ἁμαρτία",
        "strong": "G02660",
        "morph": "Gr,N,,,,,NFS,",
        "tw": "rc://*/tw/dict/bible/kt/sin"
      },
      {
        "type": "text",
        "text": ","
      },
      {
        "text": "ἵνα",
        "tag": "w",
        "type": "word",
        "lemma": "ἵνα",
        "strong": "G24430",
        "morph": "Gr,CS,,,,,,,,"
      },
      {
        "text": "φανῇ",
        "tag": "w",
        "type": "word",
        "lemma": "φαίνω",
        "strong": "G53160",
        "morph": "Gr,V,SAP3,,S,"
      },
      {
        "text": "ἁμαρτία",
        "tag": "w",
        "type": "word",
        "lemma": "ἁμαρτία",
        "strong": "G02660",
        "morph": "Gr,N,,,,,NFS,",
        "tw": "rc://*/tw/dict/bible/kt/sin"
      },
      {
        "text": "διὰ",
        "tag": "w",
        "type": "word",
        "lemma": "διά",
        "strong": "G12230",
        "morph": "Gr,P,,,,,G,,,"
      },
      {
        "text": "τοῦ",
        "tag": "w",
        "type": "word",
        "lemma": "ὁ",
        "strong": "G35880",
        "morph": "Gr,EA,,,,GNS,"
      },
      {
        "text": "ἀγαθοῦ",
        "tag": "w",
        "type": "word",
        "lemma": "ἀγαθός",
        "strong": "G00180",
        "morph": "Gr,NS,,,,GNS,",
        "tw": "rc://*/tw/dict/bible/kt/good"
      },
      {
        "text": "μοι",
        "tag": "w",
        "type": "word",
        "lemma": "ἐγώ",
        "strong": "G14730",
        "morph": "Gr,RP,,,1D,S,"
      },
      {
        "text": "κατεργαζομένη",
        "tag": "w",
        "type": "word",
        "lemma": "κατεργάζομαι",
        "strong": "G27160",
        "morph": "Gr,V,PPM,NFS,"
      },
      {
        "text": "θάνατον",
        "tag": "w",
        "type": "word",
        "lemma": "θάνατος",
        "strong": "G22880",
        "morph": "Gr,N,,,,,AMS,",
        "tw": "rc://*/tw/dict/bible/other/death"
      },
      {
        "type": "text",
        "text": ";"
      },
      {
        "text": "ἵνα",
        "tag": "w",
        "type": "word",
        "lemma": "ἵνα",
        "strong": "G24430",
        "morph": "Gr,CS,,,,,,,,"
      },
      {
        "text": "γένηται",
        "tag": "w",
        "type": "word",
        "lemma": "γίνομαι",
        "strong": "G10960",
        "morph": "Gr,V,SAM3,,S,"
      },
      {
        "text": "καθ’",
        "tag": "w",
        "type": "word",
        "lemma": "κατά",
        "strong": "G25960",
        "morph": "Gr,P,,,,,A,,,"
      },
      {
        "text": "ὑπερβολὴν",
        "tag": "w",
        "type": "word",
        "lemma": "ὑπερβολή",
        "strong": "G52360",
        "morph": "Gr,N,,,,,AFS,"
      },
      {
        "text": "ἁμαρτωλὸς",
        "tag": "w",
        "type": "word",
        "lemma": "ἁμαρτωλός",
        "strong": "G02680",
        "morph": "Gr,NP,,,,NFS,",
        "tw": "rc://*/tw/dict/bible/kt/sin"
      },
      {
        "text": "ἡ",
        "tag": "w",
        "type": "word",
        "lemma": "ὁ",
        "strong": "G35880",
        "morph": "Gr,EA,,,,NFS,"
      },
      {
        "text": "ἁμαρτία",
        "tag": "w",
        "type": "word",
        "lemma": "ἁμαρτία",
        "strong": "G02660",
        "morph": "Gr,N,,,,,NFS,",
        "tw": "rc://*/tw/dict/bible/kt/sin"
      },
      {
        "text": "διὰ",
        "tag": "w",
        "type": "word",
        "lemma": "διά",
        "strong": "G12230",
        "morph": "Gr,P,,,,,G,,,"
      },
      {
        "text": "τῆς",
        "tag": "w",
        "type": "word",
        "lemma": "ὁ",
        "strong": "G35880",
        "morph": "Gr,EA,,,,GFS,"
      },
      {
        "text": "ἐντολῆς",
        "tag": "w",
        "type": "word",
        "lemma": "ἐντολή",
        "strong": "G17850",
        "morph": "Gr,N,,,,,GFS,",
        "tw": "rc://*/tw/dict/bible/kt/command"
      },
      {
        "type": "text",
        "text": ".\n\n"
      }
    ]
  },
  "14": {
    "verseObjects": [
      {
        "type": "text",
        "text": "\n"
      },
      {
        "tag": "p",
        "type": "paragraph"
      },
      {
        "text": "οἴδαμεν",
        "tag": "w",
        "type": "word",
        "lemma": "οἶδα",
        "strong": "G14920",
        "morph": "Gr,V,IEA1,,P,",
        "tw": "rc://*/tw/dict/bible/other/know"
      },
      {
        "text": "γὰρ",
        "tag": "w",
        "type": "word",
        "lemma": "γάρ",
        "strong": "G10630",
        "morph": "Gr,CC,,,,,,,,"
      },
      {
        "text": "ὅτι",
        "tag": "w",
        "type": "word",
        "lemma": "ὅτι",
        "strong": "G37540",
        "morph": "Gr,CS,,,,,,,,"
      },
      {
        "text": "ὁ",
        "tag": "w",
        "type": "word",
        "lemma": "ὁ",
        "strong": "G35880",
        "morph": "Gr,EA,,,,NMS,"
      },
      {
        "text": "νόμος",
        "tag": "w",
        "type": "word",
        "lemma": "νόμος",
        "strong": "G35510",
        "morph": "Gr,N,,,,,NMS,",
        "tw": "rc://*/tw/dict/bible/kt/lawofmoses"
      },
      {
        "text": "πνευματικός",
        "tag": "w",
        "type": "word",
        "lemma": "πνευματικός",
        "strong": "G41520",
        "morph": "Gr,NP,,,,NMS,",
        "tw": "rc://*/tw/dict/bible/kt/spirit"
      },
      {
        "text": "ἐστιν",
        "tag": "w",
        "type": "word",
        "lemma": "εἰμί",
        "strong": "G15100",
        "morph": "Gr,V,IPA3,,S,"
      },
      {
        "type": "text",
        "text": ";"
      },
      {
        "text": "ἐγὼ",
        "tag": "w",
        "type": "word",
        "lemma": "ἐγώ",
        "strong": "G14730",
        "morph": "Gr,RP,,,1N,S,"
      },
      {
        "text": "δὲ",
        "tag": "w",
        "type": "word",
        "lemma": "δέ",
        "strong": "G11610",
        "morph": "Gr,CC,,,,,,,,"
      },
      {
        "text": "σάρκινός",
        "tag": "w",
        "type": "word",
        "lemma": "σάρκινος",
        "strong": "G45600",
        "morph": "Gr,NP,,,,NMS,",
        "tw": "rc://*/tw/dict/bible/kt/flesh"
      },
      {
        "text": "εἰμι",
        "tag": "w",
        "type": "word",
        "lemma": "εἰμί",
        "strong": "G15100",
        "morph": "Gr,V,IPA1,,S,"
      },
      {
        "type": "text",
        "text": ","
      },
      {
        "text": "πεπραμένος",
        "tag": "w",
        "type": "word",
        "lemma": "πιπράσκω",
        "strong": "G40970",
        "morph": "Gr,V,PEP,NMS,"
      },
      {
        "text": "ὑπὸ",
        "tag": "w",
        "type": "word",
        "lemma": "ὑπό",
        "strong": "G52590",
        "morph": "Gr,P,,,,,A,,,"
      },
      {
        "text": "τὴν",
        "tag": "w",
        "type": "word",
        "lemma": "ὁ",
        "strong": "G35880",
        "morph": "Gr,EA,,,,AFS,"
      },
      {
        "text": "ἁμαρτίαν",
        "tag": "w",
        "type": "word",
        "lemma": "ἁμαρτία",
        "strong": "G02660",
        "morph": "Gr,N,,,,,AFS,",
        "tw": "rc://*/tw/dict/bible/kt/sin"
      },
      {
        "type": "text",
        "text": ".\n\n"
      }
    ]
  },
  "15": {
    "verseObjects": [
      {
        "text": "ὃ",
        "tag": "w",
        "type": "word",
        "lemma": "ὅς",
        "strong": "G37390",
        "morph": "Gr,RR,,,,ANS,"
      },
      {
        "text": "γὰρ",
        "tag": "w",
        "type": "word",
        "lemma": "γάρ",
        "strong": "G10630",
        "morph": "Gr,CC,,,,,,,,"
      },
      {
        "text": "κατεργάζομαι",
        "tag": "w",
        "type": "word",
        "lemma": "κατεργάζομαι",
        "strong": "G27160",
        "morph": "Gr,V,IPM1,,S,"
      },
      {
        "type": "text",
        "text": ","
      },
      {
        "text": "οὐ",
        "tag": "w",
        "type": "word",
        "lemma": "οὐ",
        "strong": "G37560",
        "morph": "Gr,D,,,,,,,,,"
      },
      {
        "text": "γινώσκω",
        "tag": "w",
        "type": "word",
        "lemma": "γινώσκω",
        "strong": "G10970",
        "morph": "Gr,V,IPA1,,S,",
        "tw": "rc://*/tw/dict/bible/other/understand"
      },
      {
        "type": "text",
        "text": ";"
      },
      {
        "text": "οὐ",
        "tag": "w",
        "type": "word",
        "lemma": "οὐ",
        "strong": "G37560",
        "morph": "Gr,DO,,,,,,,,"
      },
      {
        "text": "γὰρ",
        "tag": "w",
        "type": "word",
        "lemma": "γάρ",
        "strong": "G10630",
        "morph": "Gr,CC,,,,,,,,"
      },
      {
        "text": "ὃ",
        "tag": "w",
        "type": "word",
        "lemma": "ὅς",
        "strong": "G37390",
        "morph": "Gr,RR,,,,ANS,"
      },
      {
        "text": "θέλω",
        "tag": "w",
        "type": "word",
        "lemma": "θέλω",
        "strong": "G23090",
        "morph": "Gr,V,IPA1,,S,"
      },
      {
        "type": "text",
        "text": ","
      },
      {
        "text": "τοῦτο",
        "tag": "w",
        "type": "word",
        "lemma": "οὗτος",
        "strong": "G37780",
        "morph": "Gr,RD,,,,ANS,"
      },
      {
        "text": "πράσσω",
        "tag": "w",
        "type": "word",
        "lemma": "πράσσω",
        "strong": "G42380",
        "morph": "Gr,V,IPA1,,S,"
      },
      {
        "type": "text",
        "text": ","
      },
      {
        "text": "ἀλλ’",
        "tag": "w",
        "type": "word",
        "lemma": "ἀλλά",
        "strong": "G02350",
        "morph": "Gr,CO,,,,,,,,"
      },
      {
        "text": "ὃ",
        "tag": "w",
        "type": "word",
        "lemma": "ὅς",
        "strong": "G37390",
        "morph": "Gr,RR,,,,ANS,"
      },
      {
        "text": "μισῶ",
        "tag": "w",
        "type": "word",
        "lemma": "μισέω",
        "strong": "G34040",
        "morph": "Gr,V,IPA1,,S,"
      },
      {
        "type": "text",
        "text": ","
      },
      {
        "text": "τοῦτο",
        "tag": "w",
        "type": "word",
        "lemma": "οὗτος",
        "strong": "G37780",
        "morph": "Gr,RD,,,,ANS,"
      },
      {
        "text": "ποιῶ",
        "tag": "w",
        "type": "word",
        "lemma": "ποιέω",
        "strong": "G41600",
        "morph": "Gr,V,IPA1,,S,"
      },
      {
        "type": "text",
        "text": ".\n\n"
      }
    ]
  },
  "16": {
    "verseObjects": [
      {
        "text": "εἰ",
        "tag": "w",
        "type": "word",
        "lemma": "εἰ",
        "strong": "G14870",
        "morph": "Gr,CS,,,,,,,,"
      },
      {
        "text": "δὲ",
        "tag": "w",
        "type": "word",
        "lemma": "δέ",
        "strong": "G11610",
        "morph": "Gr,CC,,,,,,,,"
      },
      {
        "text": "ὃ",
        "tag": "w",
        "type": "word",
        "lemma": "ὅς",
        "strong": "G37390",
        "morph": "Gr,RR,,,,ANS,"
      },
      {
        "text": "οὐ",
        "tag": "w",
        "type": "word",
        "lemma": "οὐ",
        "strong": "G37560",
        "morph": "Gr,D,,,,,,,,,"
      },
      {
        "text": "θέλω",
        "tag": "w",
        "type": "word",
        "lemma": "θέλω",
        "strong": "G23090",
        "morph": "Gr,V,IPA1,,S,"
      },
      {
        "type": "text",
        "text": ","
      },
      {
        "text": "τοῦτο",
        "tag": "w",
        "type": "word",
        "lemma": "οὗτος",
        "strong": "G37780",
        "morph": "Gr,RD,,,,ANS,"
      },
      {
        "text": "ποιῶ",
        "tag": "w",
        "type": "word",
        "lemma": "ποιέω",
        "strong": "G41600",
        "morph": "Gr,V,IPA1,,S,"
      },
      {
        "type": "text",
        "text": ","
      },
      {
        "text": "σύνφημι",
        "tag": "w",
        "type": "word",
        "lemma": "σύνφημι",
        "strong": "G48520",
        "morph": "Gr,V,IPA1,,S,"
      },
      {
        "text": "τῷ",
        "tag": "w",
        "type": "word",
        "lemma": "ὁ",
        "strong": "G35880",
        "morph": "Gr,EA,,,,DMS,"
      },
      {
        "text": "νόμῳ",
        "tag": "w",
        "type": "word",
        "lemma": "νόμος",
        "strong": "G35510",
        "morph": "Gr,N,,,,,DMS,",
        "tw": "rc://*/tw/dict/bible/kt/lawofmoses"
      },
      {
        "type": "text",
        "text": ","
      },
      {
        "text": "ὅτι",
        "tag": "w",
        "type": "word",
        "lemma": "ὅτι",
        "strong": "G37540",
        "morph": "Gr,CS,,,,,,,,"
      },
      {
        "text": "καλός",
        "tag": "w",
        "type": "word",
        "lemma": "καλός",
        "strong": "G25700",
        "morph": "Gr,NS,,,,NMS,",
        "tw": "rc://*/tw/dict/bible/kt/good"
      },
      {
        "type": "text",
        "text": ".\n\n"
      }
    ]
  },
  "17": {
    "verseObjects": [
      {
        "text": "νυνὶ",
        "tag": "w",
        "type": "word",
        "lemma": "νυνί",
        "strong": "G35680",
        "morph": "Gr,D,,,,,,,,,"
      },
      {
        "text": "δὲ",
        "tag": "w",
        "type": "word",
        "lemma": "δέ",
        "strong": "G11610",
        "morph": "Gr,CC,,,,,,,,"
      },
      {
        "text": "οὐκέτι",
        "tag": "w",
        "type": "word",
        "lemma": "οὐκέτι",
        "strong": "G37650",
        "morph": "Gr,DO,,,,,,,,"
      },
      {
        "text": "ἐγὼ",
        "tag": "w",
        "type": "word",
        "lemma": "ἐγώ",
        "strong": "G14730",
        "morph": "Gr,RP,,,1N,S,"
      },
      {
        "text": "κατεργάζομαι",
        "tag": "w",
        "type": "word",
        "lemma": "κατεργάζομαι",
        "strong": "G27160",
        "morph": "Gr,V,IPM1,,S,"
      },
      {
        "text": "αὐτὸ",
        "tag": "w",
        "type": "word",
        "lemma": "αὐτός",
        "strong": "G08460",
        "morph": "Gr,RP,,,3ANS,"
      },
      {
        "type": "text",
        "text": ","
      },
      {
        "text": "ἀλλὰ",
        "tag": "w",
        "type": "word",
        "lemma": "ἀλλά",
        "strong": "G02350",
        "morph": "Gr,CO,,,,,,,,"
      },
      {
        "text": "ἡ",
        "tag": "w",
        "type": "word",
        "lemma": "ὁ",
        "strong": "G35880",
        "morph": "Gr,RD,,,,NFS,"
      },
      {
        "text": "ἐνοικοῦσα",
        "tag": "w",
        "type": "word",
        "lemma": "ἐνοικέω",
        "strong": "G17740",
        "morph": "Gr,V,PPA,NFS,"
      },
      {
        "text": "ἐν",
        "tag": "w",
        "type": "word",
        "lemma": "ἐν",
        "strong": "G17220",
        "morph": "Gr,P,,,,,D,,,"
      },
      {
        "text": "ἐμοὶ",
        "tag": "w",
        "type": "word",
        "lemma": "ἐγώ",
        "strong": "G14730",
        "morph": "Gr,RP,,,1D,S,"
      },
      {
        "text": "ἁμαρτία",
        "tag": "w",
        "type": "word",
        "lemma": "ἁμαρτία",
        "strong": "G02660",
        "morph": "Gr,N,,,,,NFS,",
        "tw": "rc://*/tw/dict/bible/kt/sin"
      },
      {
        "type": "text",
        "text": ".\n\n"
      }
    ]
  },
  "18": {
    "verseObjects": [
      {
        "text": "οἶδα",
        "tag": "w",
        "type": "word",
        "lemma": "οἶδα",
        "strong": "G14920",
        "morph": "Gr,V,IEA1,,S,",
        "tw": "rc://*/tw/dict/bible/other/know"
      },
      {
        "text": "γὰρ",
        "tag": "w",
        "type": "word",
        "lemma": "γάρ",
        "strong": "G10630",
        "morph": "Gr,CC,,,,,,,,"
      },
      {
        "text": "ὅτι",
        "tag": "w",
        "type": "word",
        "lemma": "ὅτι",
        "strong": "G37540",
        "morph": "Gr,CS,,,,,,,,"
      },
      {
        "text": "οὐκ",
        "tag": "w",
        "type": "word",
        "lemma": "οὐ",
        "strong": "G37560",
        "morph": "Gr,D,,,,,,,,,"
      },
      {
        "text": "οἰκεῖ",
        "tag": "w",
        "type": "word",
        "lemma": "οἰκέω",
        "strong": "G36110",
        "morph": "Gr,V,IPA3,,S,"
      },
      {
        "text": "ἐν",
        "tag": "w",
        "type": "word",
        "lemma": "ἐν",
        "strong": "G17220",
        "morph": "Gr,P,,,,,D,,,"
      },
      {
        "text": "ἐμοί",
        "tag": "w",
        "type": "word",
        "lemma": "ἐγώ",
        "strong": "G14730",
        "morph": "Gr,RP,,,1D,S,"
      },
      {
        "type": "text",
        "text": ","
      },
      {
        "text": "τοῦτ’",
        "tag": "w",
        "type": "word",
        "lemma": "οὗτος",
        "strong": "G37780",
        "morph": "Gr,RD,,,,NNS,"
      },
      {
        "text": "ἔστιν",
        "tag": "w",
        "type": "word",
        "lemma": "εἰμί",
        "strong": "G15100",
        "morph": "Gr,V,IPA3,,S,"
      },
      {
        "text": "ἐν",
        "tag": "w",
        "type": "word",
        "lemma": "ἐν",
        "strong": "G17220",
        "morph": "Gr,P,,,,,D,,,"
      },
      {
        "text": "τῇ",
        "tag": "w",
        "type": "word",
        "lemma": "ὁ",
        "strong": "G35880",
        "morph": "Gr,EA,,,,DFS,"
      },
      {
        "text": "σαρκί",
        "tag": "w",
        "type": "word",
        "lemma": "σάρξ",
        "strong": "G45610",
        "morph": "Gr,N,,,,,DFS,",
        "tw": "rc://*/tw/dict/bible/kt/flesh"
      },
      {
        "text": "μου",
        "tag": "w",
        "type": "word",
        "lemma": "ἐγώ",
        "strong": "G14730",
        "morph": "Gr,RP,,,1G,S,"
      },
      {
        "type": "text",
        "text": ","
      },
      {
        "text": "ἀγαθόν",
        "tag": "w",
        "type": "word",
        "lemma": "ἀγαθός",
        "strong": "G00180",
        "morph": "Gr,NS,,,,NNS,",
        "tw": "rc://*/tw/dict/bible/kt/good"
      },
      {
        "type": "text",
        "text": ";"
      },
      {
        "text": "τὸ",
        "tag": "w",
        "type": "word",
        "lemma": "ὁ",
        "strong": "G35880",
        "morph": "Gr,RD,,,,NNS,"
      },
      {
        "text": "γὰρ",
        "tag": "w",
        "type": "word",
        "lemma": "γάρ",
        "strong": "G10630",
        "morph": "Gr,CC,,,,,,,,"
      },
      {
        "text": "θέλειν",
        "tag": "w",
        "type": "word",
        "lemma": "θέλω",
        "strong": "G23090",
        "morph": "Gr,V,NPA,,,,,"
      },
      {
        "text": "παράκειταί",
        "tag": "w",
        "type": "word",
        "lemma": "παράκειμαι",
        "strong": "G38730",
        "morph": "Gr,V,IPM3,,S,"
      },
      {
        "text": "μοι",
        "tag": "w",
        "type": "word",
        "lemma": "ἐγώ",
        "strong": "G14730",
        "morph": "Gr,RP,,,1D,S,"
      },
      {
        "type": "text",
        "text": ","
      },
      {
        "text": "τὸ",
        "tag": "w",
        "type": "word",
        "lemma": "ὁ",
        "strong": "G35880",
        "morph": "Gr,RD,,,,NNS,"
      },
      {
        "text": "δὲ",
        "tag": "w",
        "type": "word",
        "lemma": "δέ",
        "strong": "G11610",
        "morph": "Gr,CC,,,,,,,,"
      },
      {
        "text": "κατεργάζεσθαι",
        "tag": "w",
        "type": "word",
        "lemma": "κατεργάζομαι",
        "strong": "G27160",
        "morph": "Gr,V,NPM,,,,,"
      },
      {
        "text": "τὸ",
        "tag": "w",
        "type": "word",
        "lemma": "ὁ",
        "strong": "G35880",
        "morph": "Gr,EA,,,,ANS,"
      },
      {
        "text": "καλὸν",
        "tag": "w",
        "type": "word",
        "lemma": "καλός",
        "strong": "G25700",
        "morph": "Gr,NS,,,,ANS,",
        "tw": "rc://*/tw/dict/bible/kt/good"
      },
      {
        "text": "οὔ",
        "tag": "w",
        "type": "word",
        "lemma": "οὔ",
        "strong": "G37560",
        "morph": "Gr,D,,,,,,,,,"
      },
      {
        "type": "text",
        "text": ".\n\n"
      }
    ]
  },
  "19": {
    "verseObjects": [
      {
        "text": "οὐ",
        "tag": "w",
        "type": "word",
        "lemma": "οὐ",
        "strong": "G37560",
        "morph": "Gr,DO,,,,,,,,"
      },
      {
        "text": "γὰρ",
        "tag": "w",
        "type": "word",
        "lemma": "γάρ",
        "strong": "G10630",
        "morph": "Gr,CC,,,,,,,,"
      },
      {
        "text": "ὃ",
        "tag": "w",
        "type": "word",
        "lemma": "ὅς",
        "strong": "G37390",
        "morph": "Gr,RR,,,,ANS,"
      },
      {
        "text": "θέλω",
        "tag": "w",
        "type": "word",
        "lemma": "θέλω",
        "strong": "G23090",
        "morph": "Gr,V,IPA1,,S,"
      },
      {
        "type": "text",
        "text": ","
      },
      {
        "text": "ποιῶ",
        "tag": "w",
        "type": "word",
        "lemma": "ποιέω",
        "strong": "G41600",
        "morph": "Gr,V,IPA1,,S,"
      },
      {
        "text": "ἀγαθόν",
        "tag": "w",
        "type": "word",
        "lemma": "ἀγαθός",
        "strong": "G00180",
        "morph": "Gr,NS,,,,ANS,",
        "tw": "rc://*/tw/dict/bible/kt/good"
      },
      {
        "type": "text",
        "text": ","
      },
      {
        "text": "ἀλλὰ",
        "tag": "w",
        "type": "word",
        "lemma": "ἀλλά",
        "strong": "G02350",
        "morph": "Gr,CO,,,,,,,,"
      },
      {
        "text": "ὃ",
        "tag": "w",
        "type": "word",
        "lemma": "ὅς",
        "strong": "G37390",
        "morph": "Gr,RR,,,,ANS,"
      },
      {
        "text": "οὐ",
        "tag": "w",
        "type": "word",
        "lemma": "οὐ",
        "strong": "G37560",
        "morph": "Gr,D,,,,,,,,,"
      },
      {
        "text": "θέλω",
        "tag": "w",
        "type": "word",
        "lemma": "θέλω",
        "strong": "G23090",
        "morph": "Gr,V,IPA1,,S,"
      },
      {
        "text": "κακὸν",
        "tag": "w",
        "type": "word",
        "lemma": "κακός",
        "strong": "G25560",
        "morph": "Gr,NS,,,,ANS,",
        "tw": "rc://*/tw/dict/bible/kt/evil"
      },
      {
        "type": "text",
        "text": ","
      },
      {
        "text": "τοῦτο",
        "tag": "w",
        "type": "word",
        "lemma": "οὗτος",
        "strong": "G37780",
        "morph": "Gr,ED,,,,ANS,"
      },
      {
        "text": "πράσσω",
        "tag": "w",
        "type": "word",
        "lemma": "πράσσω",
        "strong": "G42380",
        "morph": "Gr,V,IPA1,,S,"
      },
      {
        "type": "text",
        "text": ".\n\n"
      }
    ]
  },
  "20": {
    "verseObjects": [
      {
        "text": "εἰ",
        "tag": "w",
        "type": "word",
        "lemma": "εἰ",
        "strong": "G14870",
        "morph": "Gr,CS,,,,,,,,"
      },
      {
        "text": "δὲ",
        "tag": "w",
        "type": "word",
        "lemma": "δέ",
        "strong": "G11610",
        "morph": "Gr,CC,,,,,,,,"
      },
      {
        "text": "ὃ",
        "tag": "w",
        "type": "word",
        "lemma": "ὅς",
        "strong": "G37390",
        "morph": "Gr,RR,,,,ANS,"
      },
      {
        "text": "οὐ",
        "tag": "w",
        "type": "word",
        "lemma": "οὐ",
        "strong": "G37560",
        "morph": "Gr,D,,,,,,,,,"
      },
      {
        "text": "θέλω",
        "tag": "w",
        "type": "word",
        "lemma": "θέλω",
        "strong": "G23090",
        "morph": "Gr,V,IPA1,,S,"
      },
      {
        "type": "text",
        "text": ","
      },
      {
        "text": "τοῦτο",
        "tag": "w",
        "type": "word",
        "lemma": "οὗτος",
        "strong": "G37780",
        "morph": "Gr,RD,,,,ANS,"
      },
      {
        "text": "ποιῶ",
        "tag": "w",
        "type": "word",
        "lemma": "ποιέω",
        "strong": "G41600",
        "morph": "Gr,V,IPA1,,S,"
      },
      {
        "type": "text",
        "text": ","
      },
      {
        "text": "οὐκέτι",
        "tag": "w",
        "type": "word",
        "lemma": "οὐκέτι",
        "strong": "G37650",
        "morph": "Gr,DO,,,,,,,,"
      },
      {
        "text": "ἐγὼ",
        "tag": "w",
        "type": "word",
        "lemma": "ἐγώ",
        "strong": "G14730",
        "morph": "Gr,RP,,,1N,S,"
      },
      {
        "text": "κατεργάζομαι",
        "tag": "w",
        "type": "word",
        "lemma": "κατεργάζομαι",
        "strong": "G27160",
        "morph": "Gr,V,IPM1,,S,"
      },
      {
        "text": "αὐτὸ",
        "tag": "w",
        "type": "word",
        "lemma": "αὐτός",
        "strong": "G08460",
        "morph": "Gr,RP,,,3ANS,"
      },
      {
        "type": "text",
        "text": ","
      },
      {
        "text": "ἀλλὰ",
        "tag": "w",
        "type": "word",
        "lemma": "ἀλλά",
        "strong": "G02350",
        "morph": "Gr,CO,,,,,,,,"
      },
      {
        "text": "ἡ",
        "tag": "w",
        "type": "word",
        "lemma": "ὁ",
        "strong": "G35880",
        "morph": "Gr,EA,,,,NFS,"
      },
      {
        "text": "οἰκοῦσα",
        "tag": "w",
        "type": "word",
        "lemma": "οἰκέω",
        "strong": "G36110",
        "morph": "Gr,V,PPA,NFS,"
      },
      {
        "text": "ἐν",
        "tag": "w",
        "type": "word",
        "lemma": "ἐν",
        "strong": "G17220",
        "morph": "Gr,P,,,,,D,,,"
      },
      {
        "text": "ἐμοὶ",
        "tag": "w",
        "type": "word",
        "lemma": "ἐγώ",
        "strong": "G14730",
        "morph": "Gr,RP,,,1D,S,"
      },
      {
        "text": "ἁμαρτία",
        "tag": "w",
        "type": "word",
        "lemma": "ἁμαρτία",
        "strong": "G02660",
        "morph": "Gr,N,,,,,NFS,",
        "tw": "rc://*/tw/dict/bible/kt/sin"
      },
      {
        "type": "text",
        "text": ".\n\n"
      }
    ]
  },
  "21": {
    "verseObjects": [
      {
        "type": "text",
        "text": "\n"
      },
      {
        "tag": "p",
        "type": "paragraph"
      },
      {
        "text": "εὑρίσκω",
        "tag": "w",
        "type": "word",
        "lemma": "εὑρίσκω",
        "strong": "G21470",
        "morph": "Gr,V,IPA1,,S,"
      },
      {
        "text": "ἄρα",
        "tag": "w",
        "type": "word",
        "lemma": "ἄρα",
        "strong": "G06860",
        "morph": "Gr,D,,,,,,,,,"
      },
      {
        "text": "τὸν",
        "tag": "w",
        "type": "word",
        "lemma": "ὁ",
        "strong": "G35880",
        "morph": "Gr,EA,,,,AMS,"
      },
      {
        "text": "νόμον",
        "tag": "w",
        "type": "word",
        "lemma": "νόμος",
        "strong": "G35510",
        "morph": "Gr,N,,,,,AMS,",
        "tw": "rc://*/tw/dict/bible/other/law"
      },
      {
        "text": "τῷ",
        "tag": "w",
        "type": "word",
        "lemma": "ὁ",
        "strong": "G35880",
        "morph": "Gr,RD,,,,DMS,"
      },
      {
        "text": "θέλοντι",
        "tag": "w",
        "type": "word",
        "lemma": "θέλω",
        "strong": "G23090",
        "morph": "Gr,V,PPA,DMS,"
      },
      {
        "text": "ἐμοὶ",
        "tag": "w",
        "type": "word",
        "lemma": "ἐγώ",
        "strong": "G14730",
        "morph": "Gr,RP,,,1D,S,"
      },
      {
        "text": "ποιεῖν",
        "tag": "w",
        "type": "word",
        "lemma": "ποιέω",
        "strong": "G41600",
        "morph": "Gr,V,NPA,,,,,"
      },
      {
        "text": "τὸ",
        "tag": "w",
        "type": "word",
        "lemma": "ὁ",
        "strong": "G35880",
        "morph": "Gr,EA,,,,ANS,"
      },
      {
        "text": "καλὸν",
        "tag": "w",
        "type": "word",
        "lemma": "καλός",
        "strong": "G25700",
        "morph": "Gr,NS,,,,ANS,",
        "tw": "rc://*/tw/dict/bible/kt/good"
      },
      {
        "type": "text",
        "text": ","
      },
      {
        "text": "ὅτι",
        "tag": "w",
        "type": "word",
        "lemma": "ὅτι",
        "strong": "G37540",
        "morph": "Gr,CS,,,,,,,,"
      },
      {
        "text": "ἐμοὶ",
        "tag": "w",
        "type": "word",
        "lemma": "ἐγώ",
        "strong": "G14730",
        "morph": "Gr,RP,,,1D,S,"
      },
      {
        "text": "τὸ",
        "tag": "w",
        "type": "word",
        "lemma": "ὁ",
        "strong": "G35880",
        "morph": "Gr,EA,,,,NNS,"
      },
      {
        "text": "κακὸν",
        "tag": "w",
        "type": "word",
        "lemma": "κακός",
        "strong": "G25560",
        "morph": "Gr,NS,,,,NNS,",
        "tw": "rc://*/tw/dict/bible/kt/evil"
      },
      {
        "text": "παράκειται",
        "tag": "w",
        "type": "word",
        "lemma": "παράκειμαι",
        "strong": "G38730",
        "morph": "Gr,V,IPM3,,S,"
      },
      {
        "type": "text",
        "text": ".\n\n"
      }
    ]
  },
  "22": {
    "verseObjects": [
      {
        "text": "συνήδομαι",
        "tag": "w",
        "type": "word",
        "lemma": "συνήδομαι",
        "strong": "G49130",
        "morph": "Gr,V,IPM1,,S,"
      },
      {
        "text": "γὰρ",
        "tag": "w",
        "type": "word",
        "lemma": "γάρ",
        "strong": "G10630",
        "morph": "Gr,CC,,,,,,,,"
      },
      {
        "text": "τῷ",
        "tag": "w",
        "type": "word",
        "lemma": "ὁ",
        "strong": "G35880",
        "morph": "Gr,EA,,,,DMS,"
      },
      {
        "text": "νόμῳ",
        "tag": "w",
        "type": "word",
        "lemma": "νόμος",
        "strong": "G35510",
        "morph": "Gr,N,,,,,DMS,",
        "tw": "rc://*/tw/dict/bible/kt/lawofmoses"
      },
      {
        "text": "τοῦ",
        "tag": "w",
        "type": "word",
        "lemma": "ὁ",
        "strong": "G35880",
        "morph": "Gr,EA,,,,GMS,"
      },
      {
        "text": "Θεοῦ",
        "tag": "w",
        "type": "word",
        "lemma": "θεός",
        "strong": "G23160",
        "morph": "Gr,N,,,,,GMS,",
        "tw": "rc://*/tw/dict/bible/kt/god"
      },
      {
        "type": "text",
        "text": ","
      },
      {
        "text": "κατὰ",
        "tag": "w",
        "type": "word",
        "lemma": "κατά",
        "strong": "G25960",
        "morph": "Gr,P,,,,,A,,,"
      },
      {
        "text": "τὸν",
        "tag": "w",
        "type": "word",
        "lemma": "ὁ",
        "strong": "G35880",
        "morph": "Gr,EA,,,,AMS,"
      },
      {
        "text": "ἔσω",
        "tag": "w",
        "type": "word",
        "lemma": "ἔσω",
        "strong": "G20800",
        "morph": "Gr,D,,,,,,,,,"
      },
      {
        "text": "ἄνθρωπον",
        "tag": "w",
        "type": "word",
        "lemma": "ἄνθρωπος",
        "strong": "G04440",
        "morph": "Gr,N,,,,,AMS,"
      },
      {
        "type": "text",
        "text": ";\n\n"
      }
    ]
  },
  "23": {
    "verseObjects": [
      {
        "text": "βλέπω",
        "tag": "w",
        "type": "word",
        "lemma": "βλέπω",
        "strong": "G09910",
        "morph": "Gr,V,IPA1,,S,"
      },
      {
        "text": "δὲ",
        "tag": "w",
        "type": "word",
        "lemma": "δέ",
        "strong": "G11610",
        "morph": "Gr,CC,,,,,,,,"
      },
      {
        "text": "ἕτερον",
        "tag": "w",
        "type": "word",
        "lemma": "ἕτερος",
        "strong": "G20870",
        "morph": "Gr,EF,,,,AMS,"
      },
      {
        "text": "νόμον",
        "tag": "w",
        "type": "word",
        "lemma": "νόμος",
        "strong": "G35510",
        "morph": "Gr,N,,,,,AMS,",
        "tw": "rc://*/tw/dict/bible/other/law"
      },
      {
        "text": "ἐν",
        "tag": "w",
        "type": "word",
        "lemma": "ἐν",
        "strong": "G17220",
        "morph": "Gr,P,,,,,D,,,"
      },
      {
        "text": "τοῖς",
        "tag": "w",
        "type": "word",
        "lemma": "ὁ",
        "strong": "G35880",
        "morph": "Gr,EA,,,,DNP,"
      },
      {
        "text": "μέλεσίν",
        "tag": "w",
        "type": "word",
        "lemma": "μέλος",
        "strong": "G31960",
        "morph": "Gr,N,,,,,DNP,",
        "tw": "rc://*/tw/dict/bible/other/member"
      },
      {
        "text": "μου",
        "tag": "w",
        "type": "word",
        "lemma": "ἐγώ",
        "strong": "G14730",
        "morph": "Gr,RP,,,1G,S,"
      },
      {
        "type": "text",
        "text": ","
      },
      {
        "text": "ἀντιστρατευόμενον",
        "tag": "w",
        "type": "word",
        "lemma": "ἀντιστρατεύομαι",
        "strong": "G04970",
        "morph": "Gr,V,PPM,AMS,",
        "tw": "rc://*/tw/dict/bible/other/warrior"
      },
      {
        "text": "τῷ",
        "tag": "w",
        "type": "word",
        "lemma": "ὁ",
        "strong": "G35880",
        "morph": "Gr,EA,,,,DMS,"
      },
      {
        "text": "νόμῳ",
        "tag": "w",
        "type": "word",
        "lemma": "νόμος",
        "strong": "G35510",
        "morph": "Gr,N,,,,,DMS,",
        "tw": "rc://*/tw/dict/bible/other/law"
      },
      {
        "text": "τοῦ",
        "tag": "w",
        "type": "word",
        "lemma": "ὁ",
        "strong": "G35880",
        "morph": "Gr,EA,,,,GMS,"
      },
      {
        "text": "νοός",
        "tag": "w",
        "type": "word",
        "lemma": "νοῦς",
        "strong": "G35630",
        "morph": "Gr,N,,,,,GMS,",
        "tw": "rc://*/tw/dict/bible/other/mind"
      },
      {
        "text": "μου",
        "tag": "w",
        "type": "word",
        "lemma": "ἐγώ",
        "strong": "G14730",
        "morph": "Gr,RP,,,1G,S,"
      },
      {
        "type": "text",
        "text": ","
      },
      {
        "text": "καὶ",
        "tag": "w",
        "type": "word",
        "lemma": "καί",
        "strong": "G25320",
        "morph": "Gr,CC,,,,,,,,"
      },
      {
        "text": "αἰχμαλωτίζοντά",
        "tag": "w",
        "type": "word",
        "lemma": "αἰχμαλωτίζω",
        "strong": "G01630",
        "morph": "Gr,V,PPA,AMS,",
        "tw": "rc://*/tw/dict/bible/other/captive"
      },
      {
        "text": "με",
        "tag": "w",
        "type": "word",
        "lemma": "ἐγώ",
        "strong": "G14730",
        "morph": "Gr,RP,,,1A,S,"
      },
      {
        "text": "ἐν",
        "tag": "w",
        "type": "word",
        "lemma": "ἐν",
        "strong": "G17220",
        "morph": "Gr,P,,,,,D,,,"
      },
      {
        "text": "τῷ",
        "tag": "w",
        "type": "word",
        "lemma": "ὁ",
        "strong": "G35880",
        "morph": "Gr,EA,,,,DMS,"
      },
      {
        "text": "νόμῳ",
        "tag": "w",
        "type": "word",
        "lemma": "νόμος",
        "strong": "G35510",
        "morph": "Gr,N,,,,,DMS,",
        "tw": "rc://*/tw/dict/bible/other/law"
      },
      {
        "text": "τῆς",
        "tag": "w",
        "type": "word",
        "lemma": "ὁ",
        "strong": "G35880",
        "morph": "Gr,EA,,,,GFS,"
      },
      {
        "text": "ἁμαρτίας",
        "tag": "w",
        "type": "word",
        "lemma": "ἁμαρτία",
        "strong": "G02660",
        "morph": "Gr,N,,,,,GFS,",
        "tw": "rc://*/tw/dict/bible/kt/sin"
      },
      {
        "type": "text",
        "text": ","
      },
      {
        "text": "τῷ",
        "tag": "w",
        "type": "word",
        "lemma": "ὁ",
        "strong": "G35880",
        "morph": "Gr,RD,,,,DMS,"
      },
      {
        "text": "ὄντι",
        "tag": "w",
        "type": "word",
        "lemma": "εἰμί",
        "strong": "G15100",
        "morph": "Gr,V,PPA,DMS,"
      },
      {
        "text": "ἐν",
        "tag": "w",
        "type": "word",
        "lemma": "ἐν",
        "strong": "G17220",
        "morph": "Gr,P,,,,,D,,,"
      },
      {
        "text": "τοῖς",
        "tag": "w",
        "type": "word",
        "lemma": "ὁ",
        "strong": "G35880",
        "morph": "Gr,EA,,,,DNP,"
      },
      {
        "text": "μέλεσίν",
        "tag": "w",
        "type": "word",
        "lemma": "μέλος",
        "strong": "G31960",
        "morph": "Gr,N,,,,,DNP,",
        "tw": "rc://*/tw/dict/bible/other/member"
      },
      {
        "text": "μου",
        "tag": "w",
        "type": "word",
        "lemma": "ἐγώ",
        "strong": "G14730",
        "morph": "Gr,RP,,,1G,S,"
      },
      {
        "type": "text",
        "text": ".\n\n"
      }
    ]
  },
  "24": {
    "verseObjects": [
      {
        "text": "ταλαίπωρος",
        "tag": "w",
        "type": "word",
        "lemma": "ταλαίπωρος",
        "strong": "G50050",
        "morph": "Gr,NS,,,,NMS,"
      },
      {
        "text": "ἐγὼ",
        "tag": "w",
        "type": "word",
        "lemma": "ἐγώ",
        "strong": "G14730",
        "morph": "Gr,RP,,,1N,S,"
      },
      {
        "text": "ἄνθρωπος",
        "tag": "w",
        "type": "word",
        "lemma": "ἄνθρωπος",
        "strong": "G04440",
        "morph": "Gr,N,,,,,NMS,"
      },
      {
        "type": "text",
        "text": "!"
      },
      {
        "text": "τίς",
        "tag": "w",
        "type": "word",
        "lemma": "τίς",
        "strong": "G51010",
        "morph": "Gr,RT,,,,NMS,"
      },
      {
        "text": "με",
        "tag": "w",
        "type": "word",
        "lemma": "ἐγώ",
        "strong": "G14730",
        "morph": "Gr,RP,,,1A,S,"
      },
      {
        "text": "ῥύσεται",
        "tag": "w",
        "type": "word",
        "lemma": "ῥύομαι",
        "strong": "G45060",
        "morph": "Gr,V,IFM3,,S,",
        "tw": "rc://*/tw/dict/bible/other/deliverer"
      },
      {
        "text": "ἐκ",
        "tag": "w",
        "type": "word",
        "lemma": "ἐκ",
        "strong": "G15370",
        "morph": "Gr,P,,,,,G,,,"
      },
      {
        "text": "τοῦ",
        "tag": "w",
        "type": "word",
        "lemma": "ὁ",
        "strong": "G35880",
        "morph": "Gr,EA,,,,GNS,"
      },
      {
        "text": "σώματος",
        "tag": "w",
        "type": "word",
        "lemma": "σῶμα",
        "strong": "G49830",
        "morph": "Gr,N,,,,,GNS,",
        "tw": "rc://*/tw/dict/bible/kt/body"
      },
      {
        "text": "τοῦ",
        "tag": "w",
        "type": "word",
        "lemma": "ὁ",
        "strong": "G35880",
        "morph": "Gr,EA,,,,GMS,"
      },
      {
        "text": "θανάτου",
        "tag": "w",
        "type": "word",
        "lemma": "θάνατος",
        "strong": "G22880",
        "morph": "Gr,N,,,,,GMS,",
        "tw": "rc://*/tw/dict/bible/other/death"
      },
      {
        "text": "τούτου",
        "tag": "w",
        "type": "word",
        "lemma": "οὗτος",
        "strong": "G37780",
        "morph": "Gr,ED,,,,GMS,"
      },
      {
        "type": "text",
        "text": "?\n\n"
      }
    ]
  },
  "25": {
    "verseObjects": [
      {
        "text": "χάρις",
        "tag": "w",
        "type": "word",
        "lemma": "χάρις",
        "strong": "G54850",
        "morph": "Gr,N,,,,,NFS,"
      },
      {
        "text": "τῷ",
        "tag": "w",
        "type": "word",
        "lemma": "ὁ",
        "strong": "G35880",
        "morph": "Gr,EA,,,,DMS,"
      },
      {
        "text": "Θεῷ",
        "tag": "w",
        "type": "word",
        "lemma": "θεός",
        "strong": "G23160",
        "morph": "Gr,N,,,,,DMS,",
        "tw": "rc://*/tw/dict/bible/kt/god"
      },
      {
        "text": "διὰ",
        "tag": "w",
        "type": "word",
        "lemma": "διά",
        "strong": "G12230",
        "morph": "Gr,P,,,,,G,,,"
      },
      {
        "tag": "k",
        "type": "milestone",
        "tw": "rc://*/tw/dict/bible/kt/jesus",
        "children": [
          {
            "text": "Ἰησοῦ",
            "tag": "w",
            "type": "word",
            "lemma": "Ἰησοῦς",
            "strong": "G24240",
            "morph": "Gr,N,,,,,GMS,"
          },
          {
            "text": "Χριστοῦ",
            "tag": "w",
            "type": "word",
            "lemma": "χριστός",
            "strong": "G55470",
            "morph": "Gr,N,,,,,GMS,",
            "tw": "rc://*/tw/dict/bible/kt/christ"
          }
        ],
        "endTag": "k-e\\*"
      },
      {
        "text": "τοῦ",
        "tag": "w",
        "type": "word",
        "lemma": "ὁ",
        "strong": "G35880",
        "morph": "Gr,EA,,,,GMS,"
      },
      {
        "text": "Κυρίου",
        "tag": "w",
        "type": "word",
        "lemma": "κύριος",
        "strong": "G29620",
        "morph": "Gr,N,,,,,GMS,",
        "tw": "rc://*/tw/dict/bible/kt/lord"
      },
      {
        "text": "ἡμῶν",
        "tag": "w",
        "type": "word",
        "lemma": "ἐγώ",
        "strong": "G14730",
        "morph": "Gr,RP,,,1G,P,"
      },
      {
        "type": "text",
        "text": "!"
      },
      {
        "text": "ἄρα",
        "tag": "w",
        "type": "word",
        "lemma": "ἄρα",
        "strong": "G06860",
        "morph": "Gr,D,,,,,,,,,"
      },
      {
        "text": "οὖν",
        "tag": "w",
        "type": "word",
        "lemma": "οὖν",
        "strong": "G37670",
        "morph": "Gr,CC,,,,,,,,"
      },
      {
        "text": "αὐτὸς",
        "tag": "w",
        "type": "word",
        "lemma": "αὐτός",
        "strong": "G08460",
        "morph": "Gr,RE,,,1NMS,"
      },
      {
        "text": "ἐγὼ",
        "tag": "w",
        "type": "word",
        "lemma": "ἐγώ",
        "strong": "G14730",
        "morph": "Gr,RP,,,1N,S,"
      },
      {
        "type": "text",
        "text": ","
      },
      {
        "text": "τῷ",
        "tag": "w",
        "type": "word",
        "lemma": "ὁ",
        "strong": "G35880",
        "morph": "Gr,EA,,,,DMS,"
      },
      {
        "text": "μὲν",
        "tag": "w",
        "type": "word",
        "lemma": "μέν",
        "strong": "G33030",
        "morph": "Gr,DO,,,,,,,,"
      },
      {
        "text": "νοῒ",
        "tag": "w",
        "type": "word",
        "lemma": "νοῦς",
        "strong": "G35630",
        "morph": "Gr,N,,,,,DMS,",
        "tw": "rc://*/tw/dict/bible/other/mind"
      },
      {
        "text": "δουλεύω",
        "tag": "w",
        "type": "word",
        "lemma": "δουλεύω",
        "strong": "G13980",
        "morph": "Gr,V,IPA1,,S,",
        "tw": "rc://*/tw/dict/bible/other/servant"
      },
      {
        "tag": "k",
        "type": "milestone",
        "tw": "rc://*/tw/dict/bible/kt/lawofmoses",
        "children": [
          {
            "text": "νόμῳ",
            "tag": "w",
            "type": "word",
            "lemma": "νόμος",
            "strong": "G35510",
            "morph": "Gr,N,,,,,DMS,",
            "tw": "rc://*/tw/dict/bible/other/law"
          },
          {
            "text": "Θεοῦ",
            "tag": "w",
            "type": "word",
            "lemma": "θεός",
            "strong": "G23160",
            "morph": "Gr,N,,,,,GMS,",
            "tw": "rc://*/tw/dict/bible/kt/god"
          }
        ],
        "endTag": "k-e\\*"
      },
      {
        "type": "text",
        "text": ";"
      },
      {
        "text": "τῇ",
        "tag": "w",
        "type": "word",
        "lemma": "ὁ",
        "strong": "G35880",
        "morph": "Gr,EA,,,,DFS,"
      },
      {
        "text": "δὲ",
        "tag": "w",
        "type": "word",
        "lemma": "δέ",
        "strong": "G11610",
        "morph": "Gr,CO,,,,,,,,"
      },
      {
        "text": "σαρκὶ",
        "tag": "w",
        "type": "word",
        "lemma": "σάρξ",
        "strong": "G45610",
        "morph": "Gr,N,,,,,DFS,",
        "tw": "rc://*/tw/dict/bible/kt/flesh"
      },
      {
        "type": "text",
        "text": ","
      },
      {
        "text": "νόμῳ",
        "tag": "w",
        "type": "word",
        "lemma": "νόμος",
        "strong": "G35510",
        "morph": "Gr,N,,,,,DMS,",
        "tw": "rc://*/tw/dict/bible/other/law"
      },
      {
        "text": "ἁμαρτίας",
        "tag": "w",
        "type": "word",
        "lemma": "ἁμαρτία",
        "strong": "G02660",
        "morph": "Gr,N,,,,,GFS,",
        "tw": "rc://*/tw/dict/bible/kt/sin"
      },
      {
        "type": "text",
        "text": ".\n\n"
      }
    ]
  },
  "front": {
    "verseObjects": [
      {
        "tag": "p",
        "nextChar": "\n",
        "type": "paragraph"
      },
      {
        "type": "text",
        "text": "\n"
      }
    ]
  }
}