{
  "gen": {
    "1": 31,
    "2": 25,
    "3": 24,
    "4": 26,
    "5": 32,
    "6": 22,
    "7": 24,
    "8": 22,
    "9": 29,
    "10": 32,
    "11": 32,
    "12": 20,
    "13": 18,
    "14": 24,
    "15": 21,
    "16": 16,
    "17": 27,
    "18": 33,
    "19": 38,
    "20": 18,
    "21": 34,
    "22": 24,
    "23": 20,
    "24": 67,
    "25": 34,
    "26": 35,
    "27": 46,
    "28": 22,
    "29": 35,
    "30": 43,
    "31": 55,
    "32": 32,
    "33": 20,
    "34": 31,
    "35": 29,
    "36": 43,
    "37": 36,
    "38": 30,
    "39": 23,
    "40": 23,
    "41": 57,
    "42": 38,
    "43": 34,
    "44": 34,
    "45": 28,
    "46": 34,
    "47": 31,
    "48": 22,
    "49": 33,
    "50": 26,
    "chapters": 50
  },
  "lev": {
    "1": 17,
    "2": 16,
    "3": 17,
    "4": 35,
    "5": 19,
    "6": 30,
    "7": 38,
    "8": 36,
    "9": 24,
    "10": 20,
    "11": 47,
    "12": 8,
    "13": 59,
    "14": 57,
    "15": 33,
    "16": 34,
    "17": 16,
    "18": 30,
    "19": 37,
    "20": 27,
    "21": 24,
    "22": 33,
    "23": 44,
    "24": 23,
    "25": 55,
    "26": 46,
    "27": 34,
    "chapters": 27
  },
  "num": {
    "1": 54,
    "2": 34,
    "3": 51,
    "4": 49,
    "5": 31,
    "6": 27,
    "7": 89,
    "8": 26,
    "9": 23,
    "10": 36,
    "11": 35,
    "12": 16,
    "13": 33,
    "14": 45,
    "15": 41,
    "16": 50,
    "17": 13,
    "18": 32,
    "19": 22,
    "20": 29,
    "21": 35,
    "22": 41,
    "23": 30,
    "24": 25,
    "25": 18,
    "26": 65,
    "27": 23,
    "28": 31,
    "29": 40,
    "30": 16,
    "31": 54,
    "32": 42,
    "33": 56,
    "34": 29,
    "35": 34,
    "36": 13,
    "chapters": 36
  },
  "jos": {
    "1": 18,
    "2": 24,
    "3": 17,
    "4": 24,
    "5": 15,
    "6": 27,
    "7": 26,
    "8": 35,
    "9": 27,
    "10": 43,
    "11": 23,
    "12": 24,
    "13": 33,
    "14": 15,
    "15": 63,
    "16": 10,
    "17": 18,
    "18": 28,
    "19": 51,
    "20": 9,
    "21": 45,
    "22": 34,
    "23": 16,
    "24": 33,
    "chapters": 24
  },
  "rut": {
    "1": 22,
    "2": 23,
    "3": 18,
    "4": 22,
    "chapters": 4
  },
  "2ki": {
    "1": 18,
    "2": 25,
    "3": 27,
    "4": 44,
    "5": 27,
    "6": 33,
    "7": 20,
    "8": 29,
    "9": 37,
    "10": 36,
    "11": 21,
    "12": 21,
    "13": 25,
    "14": 29,
    "15": 38,
    "16": 20,
    "17": 41,
    "18": 37,
    "19": 37,
    "20": 21,
    "21": 26,
    "22": 20,
    "23": 37,
    "24": 20,
    "25": 30,
    "chapters": 25
  },
  "ezr": {
    "1": 11,
    "2": 70,
    "3": 13,
    "4": 24,
    "5": 17,
    "6": 22,
    "7": 28,
    "8": 36,
    "9": 15,
    "10": 44,
    "chapters": 10
  },
  "neh": {
    "1": 11,
    "2": 20,
    "3": 32,
    "4": 23,
    "5": 19,
    "6": 19,
    "7": 73,
    "8": 18,
    "9": 38,
    "10": 39,
    "11": 36,
    "12": 47,
    "13": 31,
    "chapters": 13
  },
  "est": {
    "1": 22,
    "2": 23,
    "3": 15,
    "4": 17,
    "5": 14,
    "6": 14,
    "7": 10,
    "8": 17,
    "9": 32,
    "10": 3,
    "chapters": 10
  },
  "ecc": {
    "1": 18,
    "2": 26,
    "3": 22,
    "4": 16,
    "5": 20,
    "6": 12,
    "7": 29,
    "8": 17,
    "9": 18,
    "10": 20,
    "11": 10,
    "12": 14,
    "chapters": 12
  },
  "sng": {
    "1": 17,
    "2": 17,
    "3": 11,
    "4": 16,
    "5": 16,
    "6": 13,
    "7": 13,
    "8": 14,
    "chapters": 8
  },
  "lam": {
    "1": 22,
    "2": 22,
    "3": 66,
    "4": 22,
    "5": 22,
    "chapters": 5
  },
  "hos": {
    "1": 11,
    "2": 23,
    "3": 5,
    "4": 19,
    "5": 15,
    "6": 11,
    "7": 16,
    "8": 14,
    "9": 17,
    "10": 15,
    "11": 12,
    "12": 14,
    "13": 16,
    "14": 9,
    "chapters": 14
  },
  "jol": {
    "1": 20,
    "2": 32,
    "3": 21,
    "chapters": 3
  },
  "amo": {
    "1": 15,
    "2": 16,
    "3": 15,
    "4": 13,
    "5": 27,
    "6": 14,
    "7": 17,
    "8": 14,
    "9": 15,
    "chapters": 9
  },
  "oba": {
    "1": 21,
    "chapters": 1
  },
  "jon": {
    "1": 17,
    "2": 10,
    "3": 10,
    "4": 11,
    "chapters": 4
  },
  "mic": {
    "1": 16,
    "2": 13,
    "3": 12,
    "4": 13,
    "5": 15,
    "6": 16,
    "7": 20,
    "chapters": 7
  },
  "nam": {
    "1": 15,
    "2": 13,
    "3": 19,
    "chapters": 3
  },
  "zec": {
    "1": 21,
    "2": 13,
    "3": 10,
    "4": 14,
    "5": 11,
    "6": 15,
    "7": 14,
    "8": 23,
    "9": 17,
    "10": 12,
    "11": 17,
    "12": 14,
    "13": 9,
    "14": 21,
    "chapters": 14
  },
  "mal": {
    "1": 14,
    "2": 17,
    "3": 18,
    "4": 6,
    "chapters": 4
  },
  "mat": {
    "1": 25,
    "2": 23,
    "3": 17,
    "4": 25,
    "5": 48,
    "6": 34,
    "7": 29,
    "8": 34,
    "9": 38,
    "10": 42,
    "11": 30,
    "12": 50,
    "13": 58,
    "14": 36,
    "15": 39,
    "16": 28,
    "17": 27,
    "18": 35,
    "19": 30,
    "20": 34,
    "21": 46,
    "22": 46,
    "23": 39,
    "24": 51,
    "25": 46,
    "26": 75,
    "27": 66,
    "28": 20,
    "chapters": 28
  },
  "mrk": {
    "1": 45,
    "2": 28,
    "3": 35,
    "4": 41,
    "5": 43,
    "6": 56,
    "7": 37,
    "8": 38,
    "9": 50,
    "10": 52,
    "11": 33,
    "12": 44,
    "13": 37,
    "14": 72,
    "15": 47,
    "16": 20,
    "chapters": 16
  },
  "luk": {
    "1": 80,
    "2": 52,
    "3": 38,
    "4": 44,
    "5": 39,
    "6": 49,
    "7": 50,
    "8": 56,
    "9": 62,
    "10": 42,
    "11": 54,
    "12": 59,
    "13": 35,
    "14": 35,
    "15": 32,
    "16": 31,
    "17": 37,
    "18": 43,
    "19": 48,
    "20": 47,
    "21": 38,
    "22": 71,
    "23": 56,
    "24": 53,
    "chapters": 24
  },
  "jhn": {
    "1": 51,
    "2": 25,
    "3": 36,
    "4": 54,
    "5": 47,
    "6": 71,
    "7": 53,
    "8": 59,
    "9": 41,
    "10": 42,
    "11": 57,
    "12": 50,
    "13": 38,
    "14": 31,
    "15": 27,
    "16": 33,
    "17": 26,
    "18": 40,
    "19": 42,
    "20": 31,
    "21": 25,
    "chapters": 21
  },
  "act": {
    "1": 26,
    "2": 47,
    "3": 26,
    "4": 37,
    "5": 42,
    "6": 15,
    "7": 60,
    "8": 40,
    "9": 43,
    "10": 48,
    "11": 30,
    "12": 25,
    "13": 52,
    "14": 28,
    "15": 41,
    "16": 40,
    "17": 34,
    "18": 28,
    "19": 41,
    "20": 38,
    "21": 40,
    "22": 30,
    "23": 35,
    "24": 27,
    "25": 27,
    "26": 32,
    "27": 44,
    "28": 31,
    "chapters": 28
  },
  "1co": {
    "1": 31,
    "2": 16,
    "3": 23,
    "4": 21,
    "5": 13,
    "6": 20,
    "7": 40,
    "8": 13,
    "9": 27,
    "10": 33,
    "11": 34,
    "12": 31,
    "13": 13,
    "14": 40,
    "15": 58,
    "16": 24,
    "chapters": 16
  },
  "2co": {
    "1": 24,
    "2": 17,
    "3": 18,
    "4": 18,
    "5": 21,
    "6": 18,
    "7": 16,
    "8": 24,
    "9": 15,
    "10": 18,
    "11": 33,
    "12": 21,
    "13": 14,
    "chapters": 13
  },
  "gal": {
    "1": 24,
    "2": 21,
    "3": 29,
    "4": 31,
    "5": 26,
    "6": 18,
    "chapters": 6
  },
  "eph": {
    "1": 23,
    "2": 22,
    "3": 21,
    "4": 32,
    "5": 33,
    "6": 24,
    "chapters": 6
  },
  "php": {
    "1": 30,
    "2": 30,
    "3": 21,
    "4": 23,
    "chapters": 4
  },
  "col": {
    "1": 29,
    "2": 23,
    "3": 25,
    "4": 18,
    "chapters": 4
  },
  "1th": {
    "1": 10,
    "2": 20,
    "3": 13,
    "4": 18,
    "5": 28,
    "chapters": 5
  },
  "2th": {
    "1": 12,
    "2": 17,
    "3": 18,
    "chapters": 3
  },
  "1ti": {
    "1": 20,
    "2": 15,
    "3": 16,
    "4": 16,
    "5": 25,
    "6": 21,
    "chapters": 6
  },
  "2ti": {
    "1": 18,
    "2": 26,
    "3": 17,
    "4": 22,
    "chapters": 4
  },
  "tit": {
    "1": 16,
    "2": 15,
    "3": 15,
    "chapters": 3
  },
  "phm": {
    "1": 25,
    "chapters": 1
  },
  "heb": {
    "1": 14,
    "2": 18,
    "3": 19,
    "4": 16,
    "5": 14,
    "6": 20,
    "7": 28,
    "8": 13,
    "9": 28,
    "10": 39,
    "11": 40,
    "12": 29,
    "13": 25,
    "chapters": 13
  },
  "jas": {
    "1": 27,
    "2": 26,
    "3": 18,
    "4": 17,
    "5": 20,
    "chapters": 5
  },
  "1pe": {
    "1": 25,
    "2": 25,
    "3": 22,
    "4": 19,
    "5": 14,
    "chapters": 5
  },
  "2pe": {
    "1": 21,
    "2": 22,
    "3": 18,
    "chapters": 3
  },
  "1jn": {
    "1": 10,
    "2": 29,
    "3": 24,
    "4": 21,
    "5": 21,
    "chapters": 5
  },
  "2jn": {
    "1": 13,
    "chapters": 1
  },
  "3jn": {
    "1": 15,
    "chapters": 1
  },
  "jud": {
    "1": 25,
    "chapters": 1
  },
  "rev": {
    "1": 20,
    "2": 29,
    "3": 22,
    "4": 11,
    "5": 14,
    "6": 17,
    "7": 17,
    "8": 13,
    "9": 21,
    "10": 11,
    "11": 19,
    "12": 18,
    "13": 18,
    "14": 20,
    "15": 8,
    "16": 21,
    "17": 18,
    "18": 25,
    "19": 21,
    "20": 15,
    "21": 27,
    "22": 21,
    "chapters": 22
  }
}