{
  "1": {
    "verseObjects": [
      {
        "type": "text",
        "text": "These were the descendants of the sons of Noah, that is, Shem, Ham, and Japheth. Sons were born to them after the flood.\n\n"
      },
      {
        "tag": "s5",
        "type": "section",
        "text": "\n"
      },
      {
        "tag": "p",
        "type": "paragraph",
        "text": "\n"
      }
    ]
  },
  "2": {
    "verseObjects": [
      {
        "type": "text",
        "text": "The sons of Japheth were Gomer, Magog, Madai, Javan, Tubal, Meshech, and Tiras.\n"
      }
    ]
  },
  "3": {
    "verseObjects": [
      {
        "type": "text",
        "text": "The sons of Gomer were Ashkenaz, Riphath, and Togarmah.\n"
      }
    ]
  },
  "4": {
    "verseObjects": [
      {
        "type": "text",
        "text": "The sons of Javan were Elishah, Tarshish, Kittim, and Dodanim.\n"
      }
    ]
  },
  "5": {
    "verseObjects": [
      {
        "type": "text",
        "text": "From these the coastland peoples separated and went into their lands, every one with its own language, according to their clans, by their nations.\n\n"
      },
      {
        "tag": "s5",
        "type": "section",
        "text": "\n"
      },
      {
        "tag": "p",
        "type": "paragraph",
        "text": "\n"
      }
    ]
  },
  "6": {
    "verseObjects": [
      {
        "type": "text",
        "text": "The sons of Ham were Cush, Mizraim, Put, and Canaan.\n"
      }
    ]
  },
  "7": {
    "verseObjects": [
      {
        "type": "text",
        "text": "The sons of Cush were Seba, Havilah, Sabtah, Raamah, and Sabteka. The sons of Raamah were Sheba and Dedan.\n\n"
      },
      {
        "tag": "s5",
        "type": "section",
        "text": "\n"
      }
    ]
  },
  "8": {
    "verseObjects": [
      {
        "type": "text",
        "text": "Cush became the father of Nimrod, who was the first conqueror on the earth.\n"
      }
    ]
  },
  "9": {
    "verseObjects": [
      {
        "type": "text",
        "text": "He was a mighty hunter before Yahweh. That is why it is said, \"Like Nimrod, a mighty hunter before Yahweh.\"\n"
      }
    ]
  },
  "10": {
    "verseObjects": [
      {
        "type": "text",
        "text": "The first centers of his kingdom were Babel, Erech, Akkad, and Kalneh, in the land of Shinar.\n\n"
      },
      {
        "tag": "s5",
        "type": "section",
        "text": "\n"
      }
    ]
  },
  "11": {
    "verseObjects": [
      {
        "type": "text",
        "text": "Out of that land he went to Assyria and built Nineveh, Rehoboth Ir, Calah,\n"
      }
    ]
  },
  "12": {
    "verseObjects": [
      {
        "type": "text",
        "text": "and Resen, which was between Nineveh and Calah. It was a large city.\n"
      },
      {
        "tag": "p",
        "type": "paragraph",
        "text": "\n"
      }
    ]
  },
  "13": {
    "verseObjects": [
      {
        "type": "text",
        "text": "Mizraim became the father of the Ludites, the Anamites, the Lehabites, the Naphtuhites,\n"
      }
    ]
  },
  "14": {
    "verseObjects": [
      {
        "type": "text",
        "text": "the Pathrusites, the Kasluhites (from whom the Philistines came), and the Caphtorites.\n\n"
      },
      {
        "tag": "s5",
        "type": "section",
        "text": "\n"
      },
      {
        "tag": "p",
        "type": "paragraph",
        "text": "\n"
      }
    ]
  },
  "15": {
    "verseObjects": [
      {
        "type": "text",
        "text": "Canaan became the father of Sidon, his firstborn, and of Heth,\n"
      }
    ]
  },
  "16": {
    "verseObjects": [
      {
        "type": "text",
        "text": "also of the Jebusites, the Amorites, the Girgashites,\n"
      }
    ]
  },
  "17": {
    "verseObjects": [
      {
        "type": "text",
        "text": "the Hivites, the Arkites, the Sinites,\n"
      }
    ]
  },
  "18": {
    "verseObjects": [
      {
        "type": "text",
        "text": "the Arvadites, the Zemarites, and the Hamathites. Afterward the clans of the Canaanites spread out.\n\n"
      },
      {
        "tag": "s5",
        "type": "section",
        "text": "\n"
      }
    ]
  },
  "19": {
    "verseObjects": [
      {
        "type": "text",
        "text": "The border of the Canaanites was from Sidon, in the direction of Gerar, as far as Gaza, and as one goes toward Sodom, Gomorrah, Admah, and Zeboyim, as far as Lasha.\n"
      }
    ]
  },
  "20": {
    "verseObjects": [
      {
        "type": "text",
        "text": "These were the sons of Ham, by their clans, by their languages, in their lands, and in their nations.\n\n"
      },
      {
        "tag": "s5",
        "type": "section",
        "text": "\n"
      },
      {
        "tag": "p",
        "type": "paragraph",
        "text": "\n"
      }
    ]
  },
  "21": {
    "verseObjects": [
      {
        "type": "text",
        "text": "Sons also were born to Shem, the older brother of Japheth. Shem was also the ancestor of all the people of Eber.\n"
      }
    ]
  },
  "22": {
    "verseObjects": [
      {
        "type": "text",
        "text": "The sons of Shem were Elam, Ashur, Arphaxad, Lud, and Aram.\n"
      }
    ]
  },
  "23": {
    "verseObjects": [
      {
        "type": "text",
        "text": "The sons of Aram were Uz, Hul, Gether, and Meshech.\n\n"
      },
      {
        "tag": "s5",
        "type": "section",
        "text": "\n"
      }
    ]
  },
  "24": {
    "verseObjects": [
      {
        "type": "text",
        "text": "Arphaxad became the father of Shelah, and Shelah became the father of Eber.\n"
      }
    ]
  },
  "25": {
    "verseObjects": [
      {
        "type": "text",
        "text": "Eber had two sons. The name of the one was Peleg, for in his days the earth was divided. His brother's name was Joktan.\n\n"
      },
      {
        "tag": "s5",
        "type": "section",
        "text": "\n"
      }
    ]
  },
  "26": {
    "verseObjects": [
      {
        "type": "text",
        "text": "Joktan became the father of Almodad, Sheleph, Hazarmaveth, Jerah,\n"
      }
    ]
  },
  "27": {
    "verseObjects": [
      {
        "type": "text",
        "text": "Hadoram, Uzal, Diklah,\n"
      }
    ]
  },
  "28": {
    "verseObjects": [
      {
        "type": "text",
        "text": "Obal, Abimael, Sheba,\n"
      }
    ]
  },
  "29": {
    "verseObjects": [
      {
        "type": "text",
        "text": "Ophir, Havilah, and Jobab. All these were the sons of Joktan.\n\n"
      },
      {
        "tag": "s5",
        "type": "section",
        "text": "\n"
      }
    ]
  },
  "30": {
    "verseObjects": [
      {
        "type": "text",
        "text": "Their territory was from Mesha, all the way to Sephar, the mountain of the east.\n"
      }
    ]
  },
  "31": {
    "verseObjects": [
      {
        "type": "text",
        "text": "These were the sons of Shem, according to their clans and their languages, in their lands, according to their nations.\n\n"
      },
      {
        "tag": "s5",
        "type": "section",
        "text": "\n"
      },
      {
        "tag": "p",
        "type": "paragraph",
        "text": "\n"
      }
    ]
  },
  "32": {
    "verseObjects": [
      {
        "type": "text",
        "text": "These were the clans of the sons of Noah, according to their genealogies, by their nations. From these the nations separated and went over the earth after the flood.\n\n\n"
      },
      {
        "tag": "s5",
        "type": "section",
        "text": "\n"
      }
    ]
  },
  "front": {
    "verseObjects": [
      {
        "tag": "p",
        "type": "paragraph",
        "text": "\n"
      }
    ]
  }
}