{
  "1": {
    "verseObjects": [
      {
        "type": "text",
        "text": "Now Sarai, Abram's wife, had not borne any children for him, but she had a female servant, an Egyptian, whose name was Hagar.\n"
      }
    ]
  },
  "2": {
    "verseObjects": [
      {
        "type": "text",
        "text": "So Sarai said to Abram, \"See, Yahweh has kept me from having children. Go sleep with my servant. It may be that I will have children by her.\" Abram listened to the voice of Sarai.\n"
      }
    ]
  },
  "3": {
    "verseObjects": [
      {
        "type": "text",
        "text": "It was after Abram had lived ten years in the land of Canaan that Sarai, Abram's wife, gave Hagar, her Egyptian servant, to her husband as a wife.\n"
      }
    ]
  },
  "4": {
    "verseObjects": [
      {
        "type": "text",
        "text": "So he had relations with Hagar, and she conceived. When she saw that she had conceived, she looked with contempt on her mistress.\n\n"
      },
      {
        "tag": "s5",
        "nextChar": "\n",
        "type": "section"
      }
    ]
  },
  "5": {
    "verseObjects": [
      {
        "type": "text",
        "text": "Then Sarai said to Abram, \"This wrong on me is because of you. I gave my servant woman into your embrace, and when she saw that she had conceived, I was despised in her eyes. Let Yahweh judge between me and you.\"\n"
      }
    ]
  },
  "6": {
    "verseObjects": [
      {
        "type": "text",
        "text": "But Abram said to Sarai, \"See here, your servant woman is in your power, do to her what you think best.\" So Sarai dealt harshly with her, and she fled from her.\n\n"
      },
      {
        "tag": "s5",
        "nextChar": "\n",
        "type": "section"
      },
      {
        "tag": "p",
        "nextChar": "\n",
        "type": "paragraph"
      }
    ]
  },
  "7": {
    "verseObjects": [
      {
        "type": "text",
        "text": "The angel of Yahweh found her by a spring of water in the wilderness, the spring that is on the way to Shur.\n"
      }
    ]
  },
  "8": {
    "verseObjects": [
      {
        "type": "text",
        "text": "He said, \"Hagar, Sarai's servant, where did you come from and where are you going?\" Then she said, \"I am fleeing from my mistress Sarai.\"\n\n"
      },
      {
        "tag": "s5",
        "nextChar": "\n",
        "type": "section"
      }
    ]
  },
  "9": {
    "verseObjects": [
      {
        "type": "text",
        "text": "The angel of Yahweh said to her, \"Return to your mistress, and submit yourself to her authority.\"\n"
      }
    ]
  },
  "10": {
    "verseObjects": [
      {
        "type": "text",
        "text": "Then the angel of Yahweh said to her, \"I will greatly multiply your descendants, so that they will be too numerous to count.\"\n\n"
      },
      {
        "tag": "s5",
        "nextChar": "\n",
        "type": "section"
      }
    ]
  },
  "11": {
    "verseObjects": [
      {
        "type": "text",
        "text": "The angel of Yahweh also said to her,\n"
      },
      {
        "tag": "q",
        "type": "quote",
        "text": "\"Behold, you are pregnant and will bear a son,\n"
      },
      {
        "tag": "q",
        "type": "quote",
        "text": "and you will call his name Ishmael,\n"
      },
      {
        "tag": "q",
        "type": "quote",
        "text": "because Yahweh has heard your affliction.\n"
      },
      {
        "tag": "q",
        "nextChar": "\n",
        "type": "quote"
      }
    ]
  },
  "12": {
    "verseObjects": [
      {
        "type": "text",
        "text": "He will be a wild donkey of a man.\n"
      },
      {
        "tag": "q",
        "type": "quote",
        "text": "He will be hostile against every man,\n"
      },
      {
        "tag": "q",
        "type": "quote",
        "text": "and every man will be hostile to him,\n"
      },
      {
        "tag": "q",
        "type": "quote",
        "text": "and he will live apart from all his brothers.\"\n"
      },
      {
        "type": "text",
        "text": "\n"
      },
      {
        "tag": "s5",
        "nextChar": "\n",
        "type": "section"
      }
    ]
  },
  "13": {
    "verseObjects": [
      {
        "type": "text",
        "text": "Then she gave this name to Yahweh who spoke to her, \"You are the God who sees me,\" for she said, \"Do I really continue to see, even after he has seen me?\"\n"
      }
    ]
  },
  "14": {
    "verseObjects": [
      {
        "type": "text",
        "text": "Therefore the well was called Beer Lahai Roi; behold, it is between Kadesh and Bered.\n\n"
      },
      {
        "tag": "s5",
        "nextChar": "\n",
        "type": "section"
      },
      {
        "tag": "p",
        "nextChar": "\n",
        "type": "paragraph"
      }
    ]
  },
  "15": {
    "verseObjects": [
      {
        "type": "text",
        "text": "Hagar gave birth to Abram's son, and Abram named his son, whom Hagar bore, Ishmael.\n"
      }
    ]
  },
  "16": {
    "verseObjects": [
      {
        "type": "text",
        "text": "Abram was eighty-six years old when Hagar bore Ishmael to Abram.\n\n\n"
      },
      {
        "tag": "s5",
        "nextChar": "\n",
        "type": "section"
      }
    ]
  },
  "front": {
    "verseObjects": [
      {
        "tag": "p",
        "nextChar": "\n",
        "type": "paragraph"
      }
    ]
  }
}