{
  "1": {
    "verseObjects": [
      {
        "type": "text",
        "text": "Abraham took another wife; her name was Keturah.\n"
      }
    ]
  },
  "2": {
    "verseObjects": [
      {
        "type": "text",
        "text": "She bore him Zimran, Jokshan, Medan, Midian, Ishbak, and Shuah.\n"
      }
    ]
  },
  "3": {
    "verseObjects": [
      {
        "type": "text",
        "text": "Jokshan became the father of Sheba and Dedan. The descendants of Dedan were the Assyrian people, the Letush people, and the Leum people.\n"
      }
    ]
  },
  "4": {
    "verseObjects": [
      {
        "type": "text",
        "text": "Midian's sons were Ephah, Epher, Hanok, Abida, and Eldaah. All these were Keturah's descendants.\n\n"
      },
      {
        "tag": "s5",
        "type": "section",
        "text": "\n"
      }
    ]
  },
  "5": {
    "verseObjects": [
      {
        "type": "text",
        "text": "Abraham gave all that he owned to Isaac.\n"
      }
    ]
  },
  "6": {
    "verseObjects": [
      {
        "type": "text",
        "text": "However, while he was still living, he gave gifts to the sons of his concubines and sent them to the land of the east, away from Isaac, his son.\n\n"
      },
      {
        "tag": "s5",
        "type": "section",
        "text": "\n"
      }
    ]
  },
  "7": {
    "verseObjects": [
      {
        "type": "text",
        "text": "These were the days of the years of Abraham's life which he lived, 175 years.\n"
      }
    ]
  },
  "8": {
    "verseObjects": [
      {
        "type": "text",
        "text": "Abraham breathed his last and died at a good old age, an old man with a full life, and he was gathered to his people.\n\n"
      },
      {
        "tag": "s5",
        "type": "section",
        "text": "\n"
      }
    ]
  },
  "9": {
    "verseObjects": [
      {
        "type": "text",
        "text": "Isaac and Ishmael, his sons, buried him in the cave of Machpelah, in the field of Ephron son of Zohar the Hittite, which is near Mamre.\n"
      }
    ]
  },
  "10": {
    "verseObjects": [
      {
        "type": "text",
        "text": "This field Abraham had bought from the sons of Heth. Abraham was buried there with Sarah his wife.\n"
      }
    ]
  },
  "11": {
    "verseObjects": [
      {
        "type": "text",
        "text": "After the death of Abraham, God blessed Isaac his son, and Isaac lived near Beer Lahai Roi.\n\n"
      },
      {
        "tag": "s5",
        "type": "section",
        "text": "\n"
      },
      {
        "tag": "p",
        "type": "paragraph",
        "text": "\n"
      }
    ]
  },
  "12": {
    "verseObjects": [
      {
        "type": "text",
        "text": "Now these were the descendants of Ishmael, Abraham's son, whom Hagar the Egyptian, Sarah's servant, bore to Abraham.\n\n"
      },
      {
        "tag": "s5",
        "type": "section",
        "text": "\n"
      }
    ]
  },
  "13": {
    "verseObjects": [
      {
        "type": "text",
        "text": "These were the names of Ishmael's sons, according to their birth order: Nebaioth—the firstborn of Ishmael, Kedar, Adbeel, Mibsam,\n"
      }
    ]
  },
  "14": {
    "verseObjects": [
      {
        "type": "text",
        "text": "Mishma, Dumah, Massa,\n"
      }
    ]
  },
  "15": {
    "verseObjects": [
      {
        "type": "text",
        "text": "Hadad, Tema, Jetur, Naphish, and Kedemah.\n"
      }
    ]
  },
  "16": {
    "verseObjects": [
      {
        "type": "text",
        "text": "These were Ishmael's sons, and these were their names, by their villages, and by their encampments; twelve princes according to their tribes.\n\n"
      },
      {
        "tag": "s5",
        "type": "section",
        "text": "\n"
      }
    ]
  },
  "17": {
    "verseObjects": [
      {
        "type": "text",
        "text": "These were the years of the life of Ishmael, 137 years. He breathed his last and died, and was gathered to his people.\n"
      }
    ]
  },
  "18": {
    "verseObjects": [
      {
        "type": "text",
        "text": "They lived from Havilah to Ashhur, which is near Egypt, as one goes toward Assyria. They lived in hostility with each other.\n\n"
      },
      {
        "tag": "s5",
        "type": "section",
        "text": "\n"
      },
      {
        "tag": "p",
        "type": "paragraph",
        "text": "\n"
      }
    ]
  },
  "19": {
    "verseObjects": [
      {
        "type": "text",
        "text": "These were the events concerning Isaac, Abraham's son. Abraham became the father of Isaac.\n"
      }
    ]
  },
  "20": {
    "verseObjects": [
      {
        "type": "text",
        "text": "Isaac was forty years old when he took as his wife Rebekah, the daughter of Bethuel the Aramean of Paddan Aram, the sister of Laban the Aramean.\n\n"
      },
      {
        "tag": "s5",
        "type": "section",
        "text": "\n"
      }
    ]
  },
  "21": {
    "verseObjects": [
      {
        "type": "text",
        "text": "Isaac prayed to Yahweh for his wife because she was childless, and Yahweh answered his prayer, and Rebekah his wife conceived.\n"
      }
    ]
  },
  "22": {
    "verseObjects": [
      {
        "type": "text",
        "text": "The children struggled together within her, and she said, \"Why is this happening to me?\" She went to ask Yahweh about this.\n\n"
      },
      {
        "tag": "s5",
        "type": "section",
        "text": "\n"
      }
    ]
  },
  "23": {
    "verseObjects": [
      {
        "type": "text",
        "text": "Yahweh said to her,\n"
      },
      {
        "tag": "q",
        "type": "quote",
        "text": "\"Two nations are in your womb, and two peoples will be separated from within you.\n"
      },
      {
        "tag": "q",
        "type": "quote",
        "text": "One people will be stronger than the other, and the older will serve the younger.\"\n"
      },
      {
        "type": "text",
        "text": "\n"
      },
      {
        "tag": "s5",
        "type": "section",
        "text": "\n"
      },
      {
        "tag": "p",
        "type": "paragraph",
        "text": "\n"
      }
    ]
  },
  "24": {
    "verseObjects": [
      {
        "type": "text",
        "text": "When it was time for her to give birth, behold, there were twins in her womb.\n"
      }
    ]
  },
  "25": {
    "verseObjects": [
      {
        "type": "text",
        "text": "The first child came out red all over like a hairy garment. They called his name Esau.\n"
      }
    ]
  },
  "26": {
    "verseObjects": [
      {
        "type": "text",
        "text": "After that, his brother came out. His hand was grasping Esau's heel. He was called Jacob. Isaac was sixty years old when his wife bore them.\n\n"
      },
      {
        "tag": "s5",
        "type": "section",
        "text": "\n"
      },
      {
        "tag": "p",
        "type": "paragraph",
        "text": "\n"
      }
    ]
  },
  "27": {
    "verseObjects": [
      {
        "type": "text",
        "text": "The boys grew up, and Esau became a skillful hunter, a man of the field; but Jacob was a quiet man, who spent his time in the tents.\n"
      }
    ]
  },
  "28": {
    "verseObjects": [
      {
        "type": "text",
        "text": "Now Isaac loved Esau because he ate the animals that he had hunted, but Rebekah loved Jacob.\n\n"
      },
      {
        "tag": "s5",
        "type": "section",
        "text": "\n"
      }
    ]
  },
  "29": {
    "verseObjects": [
      {
        "type": "text",
        "text": "Jacob cooked some stew. Esau came in from the field, and he was weak from hunger.\n"
      }
    ]
  },
  "30": {
    "verseObjects": [
      {
        "type": "text",
        "text": "Esau said to Jacob, \"Feed me with that red stew. Please, I am exhausted!\" That is why his name was called Edom.\n\n"
      },
      {
        "tag": "s5",
        "type": "section",
        "text": "\n"
      }
    ]
  },
  "31": {
    "verseObjects": [
      {
        "type": "text",
        "text": "Jacob said, \"First sell me your birthright.\"\n"
      }
    ]
  },
  "32": {
    "verseObjects": [
      {
        "type": "text",
        "text": "Esau said, \"Look, I am about to die. What good is the birthright to me?\"\n"
      }
    ]
  },
  "33": {
    "verseObjects": [
      {
        "type": "text",
        "text": "Jacob said, \"First swear to me,\" so Esau swore an oath and in that way he sold his birthright to Jacob.\n"
      }
    ]
  },
  "34": {
    "verseObjects": [
      {
        "type": "text",
        "text": "Jacob gave Esau bread and stew of lentils. He ate and drank, then got up and went on his way. In this manner Esau despised his birthright.\n\n\n"
      },
      {
        "tag": "s5",
        "type": "section",
        "text": "\n"
      }
    ]
  },
  "front": {
    "verseObjects": [
      {
        "tag": "p",
        "type": "paragraph",
        "text": "\n"
      }
    ]
  }
}