{
  "1": {
    "verseObjects": [
      {
        "type": "text",
        "text": "Isaac called Jacob, blessed him, and commanded him, \"You must not take a wife from the Canaanite women.\n"
      }
    ]
  },
  "2": {
    "verseObjects": [
      {
        "type": "text",
        "text": "Arise, go to Paddan Aram, to the house of Bethuel your mother's father, and take a wife from there, one of the daughters of Laban, your mother's brother.\n\n"
      },
      {
        "tag": "s5",
        "type": "section",
        "text": "\n"
      }
    ]
  },
  "3": {
    "verseObjects": [
      {
        "type": "text",
        "text": "May God Almighty bless you, make you fruitful and multiply you, so that you may become a multitude of peoples.\n"
      }
    ]
  },
  "4": {
    "verseObjects": [
      {
        "type": "text",
        "text": "May he give you the blessing of Abraham, to you, and to your descendants after you, that you may inherit the land where you have been living, which God gave to Abraham.\"\n\n"
      },
      {
        "tag": "s5",
        "type": "section",
        "text": "\n"
      }
    ]
  },
  "5": {
    "verseObjects": [
      {
        "type": "text",
        "text": "So Isaac sent Jacob away. Jacob went to Paddan Aram, to Laban son of Bethuel the Aramean, the brother of Rebekah, Jacob's and Esau's mother.\n\n"
      },
      {
        "tag": "s5",
        "type": "section",
        "text": "\n"
      },
      {
        "tag": "p",
        "type": "paragraph",
        "text": "\n"
      }
    ]
  },
  "6": {
    "verseObjects": [
      {
        "type": "text",
        "text": "Now Esau saw that Isaac had blessed Jacob and sent him away to Paddan Aram, to take a wife from there. He also saw that Isaac had blessed him and given him a command, saying, \"You must not take a wife from the women of Canaan.\"\n"
      }
    ]
  },
  "7": {
    "verseObjects": [
      {
        "type": "text",
        "text": "Esau also saw that Jacob had obeyed his father and his mother, and had gone to Paddan Aram.\n\n"
      },
      {
        "tag": "s5",
        "type": "section",
        "text": "\n"
      }
    ]
  },
  "8": {
    "verseObjects": [
      {
        "type": "text",
        "text": "Esau saw that the women of Canaan did not please Isaac his father.\n"
      }
    ]
  },
  "9": {
    "verseObjects": [
      {
        "type": "text",
        "text": "So he went to Ishmael, and took, besides the wives that he had, Mahalath the daughter of Ishmael, Abraham's son, the sister of Nebaioth, to be his wife.\n\n"
      },
      {
        "tag": "s5",
        "type": "section",
        "text": "\n"
      },
      {
        "tag": "p",
        "type": "paragraph",
        "text": "\n"
      }
    ]
  },
  "10": {
    "verseObjects": [
      {
        "type": "text",
        "text": "Jacob left Beersheba and went toward Haran.\n"
      }
    ]
  },
  "11": {
    "verseObjects": [
      {
        "type": "text",
        "text": "He came to a certain place and stayed there all night, because the sun had set. He took one of the stones in that place, put it under his head, and lay down in that place to sleep.\n\n"
      },
      {
        "tag": "s5",
        "type": "section",
        "text": "\n"
      }
    ]
  },
  "12": {
    "verseObjects": [
      {
        "type": "text",
        "text": "He dreamed and saw a stairway set up on the earth. Its top reached to heaven and the angels of God were ascending and descending on it.\n"
      }
    ]
  },
  "13": {
    "verseObjects": [
      {
        "type": "text",
        "text": "Behold, Yahweh stood above it and said, \"I am Yahweh, the God of Abraham your father, and the God of Isaac. The land on which you are lying, I will give to you and to your descendants.\n\n"
      },
      {
        "tag": "s5",
        "type": "section",
        "text": "\n"
      }
    ]
  },
  "14": {
    "verseObjects": [
      {
        "type": "text",
        "text": "Your descendants will be like the dust of the earth, and you will spread far out to the west, to the east, to the north, and to the south. Through you and through your descendants will all the families of the earth be blessed.\n"
      }
    ]
  },
  "15": {
    "verseObjects": [
      {
        "type": "text",
        "text": "Behold, I am with you, and I will keep you wherever you go. I will bring you into this land again; for I will not leave you. I will do all that I have promised to you.\"\n\n"
      },
      {
        "tag": "s5",
        "type": "section",
        "text": "\n"
      }
    ]
  },
  "16": {
    "verseObjects": [
      {
        "type": "text",
        "text": "Jacob awoke out of his sleep, and he said, \"Surely Yahweh is in this place, and I did not know it.\"\n"
      }
    ]
  },
  "17": {
    "verseObjects": [
      {
        "type": "text",
        "text": "He was afraid and said, \"How terrifying is this place! This is none other than the house of God. This is the gate of heaven.\"\n\n"
      },
      {
        "tag": "s5",
        "type": "section",
        "text": "\n"
      },
      {
        "tag": "p",
        "type": "paragraph",
        "text": "\n"
      }
    ]
  },
  "18": {
    "verseObjects": [
      {
        "type": "text",
        "text": "Jacob arose early in the morning and took the stone that he had put under his head. He set it up as a pillar and poured oil upon the top of it.\n"
      }
    ]
  },
  "19": {
    "verseObjects": [
      {
        "type": "text",
        "text": "He called the name of that place Bethel, but the name of the city originally was Luz.\n\n"
      },
      {
        "tag": "s5",
        "type": "section",
        "text": "\n"
      }
    ]
  },
  "20": {
    "verseObjects": [
      {
        "type": "text",
        "text": "Jacob vowed a vow, saying, \"If God will be with me and will protect me on this road on which I am walking, and will give me bread to eat, and clothes to wear,\n"
      }
    ]
  },
  "21": {
    "verseObjects": [
      {
        "type": "text",
        "text": "so that I return safely to my father's house, then Yahweh will be my God.\n"
      }
    ]
  },
  "22": {
    "verseObjects": [
      {
        "type": "text",
        "text": "Then this stone that I have set up as a pillar will be a sacred stone. From everything that you give me, I will surely give a tenth back to you.\"\n\n\n"
      },
      {
        "tag": "s5",
        "type": "section",
        "text": "\n"
      }
    ]
  },
  "front": {
    "verseObjects": [
      {
        "tag": "p",
        "type": "paragraph",
        "text": "\n"
      }
    ]
  }
}