{
  "1": {
    "verseObjects": [
      {
        "text": "Παῦλος",
        "tag": "w",
        "type": "word",
        "lemma": "Παῦλος",
        "strong": "G39720",
        "morph": "Gr,N,,,,,NMS,",
        "tw": "rc://*/tw/dict/bible/names/paul"
      },
      {
        "type": "text",
        "text": ","
      },
      {
        "text": "ἀπόστολος",
        "tag": "w",
        "type": "word",
        "lemma": "ἀπόστολος",
        "strong": "G06520",
        "morph": "Gr,N,,,,,NMS,",
        "tw": "rc://*/tw/dict/bible/kt/apostle"
      },
      {
        "tag": "k",
        "type": "milestone",
        "tw": "rc://*/tw/dict/bible/kt/jesus",
        "children": [
          {
            "text": "Χριστοῦ",
            "tag": "w",
            "type": "word",
            "lemma": "χριστός",
            "strong": "G55470",
            "morph": "Gr,N,,,,,GMS,",
            "tw": "rc://*/tw/dict/bible/kt/christ"
          },
          {
            "text": "Ἰησοῦ",
            "tag": "w",
            "type": "word",
            "lemma": "Ἰησοῦς",
            "strong": "G24240",
            "morph": "Gr,N,,,,,GMS,"
          }
        ]
      },
      {
        "type": "text",
        "text": ","
      },
      {
        "text": "διὰ",
        "tag": "w",
        "type": "word",
        "lemma": "διά",
        "strong": "G12230",
        "morph": "Gr,P,,,,,G,,,"
      },
      {
        "tag": "k",
        "type": "milestone",
        "tw": "rc://*/tw/dict/bible/kt/willofgod",
        "children": [
          {
            "text": "θελήματος",
            "tag": "w",
            "type": "word",
            "lemma": "θέλημα",
            "strong": "G23070",
            "morph": "Gr,N,,,,,GNS,"
          },
          {
            "text": "Θεοῦ",
            "tag": "w",
            "type": "word",
            "lemma": "θεός",
            "strong": "G23160",
            "morph": "Gr,N,,,,,GMS,",
            "tw": "rc://*/tw/dict/bible/kt/god"
          }
        ]
      },
      {
        "type": "text",
        "text": ","
      },
      {
        "text": "κατ’",
        "tag": "w",
        "type": "word",
        "lemma": "κατά",
        "strong": "G25960",
        "morph": "Gr,P,,,,,A,,,"
      },
      {
        "text": "ἐπαγγελίαν",
        "tag": "w",
        "type": "word",
        "lemma": "ἐπαγγελία",
        "strong": "G18600",
        "morph": "Gr,N,,,,,AFS,",
        "tw": "rc://*/tw/dict/bible/kt/promise"
      },
      {
        "text": "ζωῆς",
        "tag": "w",
        "type": "word",
        "lemma": "ζωή",
        "strong": "G22220",
        "morph": "Gr,N,,,,,GFS,",
        "tw": "rc://*/tw/dict/bible/kt/life"
      },
      {
        "text": "τῆς",
        "tag": "w",
        "type": "word",
        "lemma": "ὁ",
        "strong": "G35880",
        "morph": "Gr,RD,,,,GFS,"
      },
      {
        "tag": "k",
        "type": "milestone",
        "tw": "rc://*/tw/dict/bible/kt/inchrist",
        "children": [
          {
            "text": "ἐν",
            "tag": "w",
            "type": "word",
            "lemma": "ἐν",
            "strong": "G17220",
            "morph": "Gr,P,,,,,D,,,"
          },
          {
            "text": "Χριστῷ",
            "tag": "w",
            "type": "word",
            "lemma": "χριστός",
            "strong": "G55470",
            "morph": "Gr,N,,,,,DMS,",
            "tw": "rc://*/tw/dict/bible/kt/christ"
          },
          {
            "text": "Ἰησοῦ",
            "tag": "w",
            "type": "word",
            "lemma": "Ἰησοῦς",
            "strong": "G24240",
            "morph": "Gr,N,,,,,DMS,",
            "tw": "rc://*/tw/dict/bible/kt/jesus"
          }
        ]
      },
      {
        "type": "text",
        "text": ";\n\n"
      }
    ]
  },
  "2": {
    "verseObjects": [
      {
        "text": "Τιμοθέῳ",
        "tag": "w",
        "type": "word",
        "lemma": "Τιμόθεος",
        "strong": "G50950",
        "morph": "Gr,N,,,,,DMS,",
        "tw": "rc://*/tw/dict/bible/names/timothy"
      },
      {
        "text": "ἀγαπητῷ",
        "tag": "w",
        "type": "word",
        "lemma": "ἀγαπητός",
        "strong": "G00270",
        "morph": "Gr,AA,,,,DNS,",
        "tw": "rc://*/tw/dict/bible/kt/beloved"
      },
      {
        "text": "τέκνῳ",
        "tag": "w",
        "type": "word",
        "lemma": "τέκνον",
        "strong": "G50430",
        "morph": "Gr,N,,,,,DNS,",
        "tw": "rc://*/tw/dict/bible/kt/children"
      },
      {
        "type": "text",
        "text": ":"
      },
      {
        "text": "χάρις",
        "tag": "w",
        "type": "word",
        "lemma": "χάρις",
        "strong": "G54850",
        "morph": "Gr,N,,,,,NFS,",
        "tw": "rc://*/tw/dict/bible/kt/grace"
      },
      {
        "type": "text",
        "text": ","
      },
      {
        "text": "ἔλεος",
        "tag": "w",
        "type": "word",
        "lemma": "ἔλεος",
        "strong": "G16560",
        "morph": "Gr,N,,,,,NNS,",
        "tw": "rc://*/tw/dict/bible/kt/mercy"
      },
      {
        "type": "text",
        "text": ","
      },
      {
        "text": "εἰρήνη",
        "tag": "w",
        "type": "word",
        "lemma": "εἰρήνη",
        "strong": "G15150",
        "morph": "Gr,N,,,,,NFS,",
        "tw": "rc://*/tw/dict/bible/other/peace"
      },
      {
        "type": "text",
        "text": ","
      },
      {
        "text": "ἀπὸ",
        "tag": "w",
        "type": "word",
        "lemma": "ἀπό",
        "strong": "G05750",
        "morph": "Gr,P,,,,,G,,,"
      },
      {
        "tag": "k",
        "type": "milestone",
        "tw": "rc://*/tw/dict/bible/kt/godthefather",
        "children": [
          {
            "text": "Θεοῦ",
            "tag": "w",
            "type": "word",
            "lemma": "θεός",
            "strong": "G23160",
            "morph": "Gr,N,,,,,GMS,",
            "tw": "rc://*/tw/dict/bible/kt/god"
          },
          {
            "text": "Πατρὸς",
            "tag": "w",
            "type": "word",
            "lemma": "πατήρ",
            "strong": "G39620",
            "morph": "Gr,N,,,,,GMS,"
          }
        ]
      },
      {
        "text": "καὶ",
        "tag": "w",
        "type": "word",
        "lemma": "καί",
        "strong": "G25320",
        "morph": "Gr,CC,,,,,,,,"
      },
      {
        "tag": "k",
        "type": "milestone",
        "tw": "rc://*/tw/dict/bible/kt/jesus",
        "children": [
          {
            "text": "Χριστοῦ",
            "tag": "w",
            "type": "word",
            "lemma": "χριστός",
            "strong": "G55470",
            "morph": "Gr,N,,,,,GMS,",
            "tw": "rc://*/tw/dict/bible/kt/christ"
          },
          {
            "text": "Ἰησοῦ",
            "tag": "w",
            "type": "word",
            "lemma": "Ἰησοῦς",
            "strong": "G24240",
            "morph": "Gr,N,,,,,GMS,"
          }
        ]
      },
      {
        "text": "τοῦ",
        "tag": "w",
        "type": "word",
        "lemma": "ὁ",
        "strong": "G35880",
        "morph": "Gr,EA,,,,GMS,"
      },
      {
        "text": "Κυρίου",
        "tag": "w",
        "type": "word",
        "lemma": "κύριος",
        "strong": "G29620",
        "morph": "Gr,N,,,,,GMS,",
        "tw": "rc://*/tw/dict/bible/kt/lord"
      },
      {
        "text": "ἡμῶν",
        "tag": "w",
        "type": "word",
        "lemma": "ἐγώ",
        "strong": "G14730",
        "morph": "Gr,RP,,,1G,P,"
      },
      {
        "type": "text",
        "text": ".\n\n"
      }
    ]
  },
  "3": {
    "verseObjects": [
      {
        "type": "text",
        "text": "\n"
      },
      {
        "tag": "p",
        "type": "paragraph",
        "text": "\n"
      },
      {
        "text": "χάριν",
        "tag": "w",
        "type": "word",
        "lemma": "χάρις",
        "strong": "G54850",
        "morph": "Gr,N,,,,,AFS,",
        "tw": "rc://*/tw/dict/bible/kt/grace"
      },
      {
        "text": "ἔχω",
        "tag": "w",
        "type": "word",
        "lemma": "ἔχω",
        "strong": "G21920",
        "morph": "Gr,V,IPA1,,S,"
      },
      {
        "text": "τῷ",
        "tag": "w",
        "type": "word",
        "lemma": "ὁ",
        "strong": "G35880",
        "morph": "Gr,EA,,,,DMS,"
      },
      {
        "text": "Θεῷ",
        "tag": "w",
        "type": "word",
        "lemma": "θεός",
        "strong": "G23160",
        "morph": "Gr,N,,,,,DMS,",
        "tw": "rc://*/tw/dict/bible/kt/god"
      },
      {
        "type": "text",
        "text": ","
      },
      {
        "text": "ᾧ",
        "tag": "w",
        "type": "word",
        "lemma": "ὅς",
        "strong": "G37390",
        "morph": "Gr,RR,,,,DMS,"
      },
      {
        "text": "λατρεύω",
        "tag": "w",
        "type": "word",
        "lemma": "λατρεύω",
        "strong": "G30000",
        "morph": "Gr,V,IPA1,,S,",
        "tw": "rc://*/tw/dict/bible/other/servant"
      },
      {
        "text": "ἀπὸ",
        "tag": "w",
        "type": "word",
        "lemma": "ἀπό",
        "strong": "G05750",
        "morph": "Gr,P,,,,,G,,,"
      },
      {
        "text": "προγόνων",
        "tag": "w",
        "type": "word",
        "lemma": "πρόγονος",
        "strong": "G42690",
        "morph": "Gr,NS,,,,GMP,"
      },
      {
        "text": "ἐν",
        "tag": "w",
        "type": "word",
        "lemma": "ἐν",
        "strong": "G17220",
        "morph": "Gr,P,,,,,D,,,"
      },
      {
        "text": "καθαρᾷ",
        "tag": "w",
        "type": "word",
        "lemma": "καθαρός",
        "strong": "G25130",
        "morph": "Gr,AA,,,,DFS,",
        "tw": "rc://*/tw/dict/bible/kt/purify"
      },
      {
        "text": "συνειδήσει",
        "tag": "w",
        "type": "word",
        "lemma": "συνείδησις",
        "strong": "G48930",
        "morph": "Gr,N,,,,,DFS,",
        "tw": "rc://*/tw/dict/bible/kt/conscience"
      },
      {
        "type": "text",
        "text": ","
      },
      {
        "text": "ὡς",
        "tag": "w",
        "type": "word",
        "lemma": "ὡς",
        "strong": "G56130",
        "morph": "Gr,CS,,,,,,,,",
        "tw": "rc://*/tw/dict/bible/other/like"
      },
      {
        "text": "ἀδιάλειπτον",
        "tag": "w",
        "type": "word",
        "lemma": "ἀδιάλειπτος",
        "strong": "G00880",
        "morph": "Gr,NS,,,,AFS,"
      },
      {
        "text": "ἔχω",
        "tag": "w",
        "type": "word",
        "lemma": "ἔχω",
        "strong": "G21920",
        "morph": "Gr,V,IPA1,,S,"
      },
      {
        "text": "τὴν",
        "tag": "w",
        "type": "word",
        "lemma": "ὁ",
        "strong": "G35880",
        "morph": "Gr,EA,,,,AFS,"
      },
      {
        "text": "περὶ",
        "tag": "w",
        "type": "word",
        "lemma": "περί",
        "strong": "G40120",
        "morph": "Gr,P,,,,,G,,,"
      },
      {
        "text": "σοῦ",
        "tag": "w",
        "type": "word",
        "lemma": "σύ",
        "strong": "G47710",
        "morph": "Gr,RP,,,2G,S,"
      },
      {
        "text": "μνείαν",
        "tag": "w",
        "type": "word",
        "lemma": "μνεία",
        "strong": "G34170",
        "morph": "Gr,N,,,,,AFS,"
      },
      {
        "type": "text",
        "text": ","
      },
      {
        "text": "ἐν",
        "tag": "w",
        "type": "word",
        "lemma": "ἐν",
        "strong": "G17220",
        "morph": "Gr,P,,,,,D,,,"
      },
      {
        "text": "ταῖς",
        "tag": "w",
        "type": "word",
        "lemma": "ὁ",
        "strong": "G35880",
        "morph": "Gr,EA,,,,DFP,"
      },
      {
        "text": "δεήσεσίν",
        "tag": "w",
        "type": "word",
        "lemma": "δέησις",
        "strong": "G11620",
        "morph": "Gr,N,,,,,DFP,",
        "tw": "rc://*/tw/dict/bible/kt/pray"
      },
      {
        "text": "μου",
        "tag": "w",
        "type": "word",
        "lemma": "ἐγώ",
        "strong": "G14730",
        "morph": "Gr,RP,,,1G,S,"
      },
      {
        "type": "text",
        "text": ","
      },
      {
        "text": "νυκτὸς",
        "tag": "w",
        "type": "word",
        "lemma": "νύξ",
        "strong": "G35710",
        "morph": "Gr,N,,,,,GFS,"
      },
      {
        "text": "καὶ",
        "tag": "w",
        "type": "word",
        "lemma": "καί",
        "strong": "G25320",
        "morph": "Gr,CC,,,,,,,,"
      },
      {
        "text": "ἡμέρας",
        "tag": "w",
        "type": "word",
        "lemma": "ἡμέρα",
        "strong": "G22500",
        "morph": "Gr,N,,,,,GFS,",
        "tw": "rc://*/tw/dict/bible/other/biblicaltimeday"
      },
      {
        "type": "text",
        "text": ",\n\n"
      }
    ]
  },
  "4": {
    "verseObjects": [
      {
        "text": "ἐπιποθῶν",
        "tag": "w",
        "type": "word",
        "lemma": "ἐπιποθέω",
        "strong": "G19710",
        "morph": "Gr,V,PPA,NMS,"
      },
      {
        "text": "σε",
        "tag": "w",
        "type": "word",
        "lemma": "σύ",
        "strong": "G47710",
        "morph": "Gr,RP,,,2A,S,"
      },
      {
        "text": "ἰδεῖν",
        "tag": "w",
        "type": "word",
        "lemma": "ὁράω",
        "strong": "G37080",
        "morph": "Gr,V,NAA,,,,,"
      },
      {
        "type": "text",
        "text": ","
      },
      {
        "text": "μεμνημένος",
        "tag": "w",
        "type": "word",
        "lemma": "μιμνῄσκω",
        "strong": "G34030",
        "morph": "Gr,V,PEM,NMS,"
      },
      {
        "text": "σου",
        "tag": "w",
        "type": "word",
        "lemma": "σύ",
        "strong": "G47710",
        "morph": "Gr,RP,,,2G,S,"
      },
      {
        "text": "τῶν",
        "tag": "w",
        "type": "word",
        "lemma": "ὁ",
        "strong": "G35880",
        "morph": "Gr,EA,,,,GNP,"
      },
      {
        "text": "δακρύων",
        "tag": "w",
        "type": "word",
        "lemma": "δάκρυον",
        "strong": "G11440",
        "morph": "Gr,N,,,,,GNP,"
      },
      {
        "type": "text",
        "text": ","
      },
      {
        "text": "ἵνα",
        "tag": "w",
        "type": "word",
        "lemma": "ἵνα",
        "strong": "G24430",
        "morph": "Gr,CS,,,,,,,,"
      },
      {
        "text": "χαρᾶς",
        "tag": "w",
        "type": "word",
        "lemma": "χαρά",
        "strong": "G54790",
        "morph": "Gr,N,,,,,GFS,",
        "tw": "rc://*/tw/dict/bible/other/joy"
      },
      {
        "text": "πληρωθῶ",
        "tag": "w",
        "type": "word",
        "lemma": "πληρόω",
        "strong": "G41370",
        "morph": "Gr,V,SAP1,,S,",
        "tw": "rc://*/tw/dict/bible/kt/fulfill"
      },
      {
        "type": "text",
        "text": ",\n\n"
      }
    ]
  },
  "5": {
    "verseObjects": [
      {
        "text": "ὑπόμνησιν",
        "tag": "w",
        "type": "word",
        "lemma": "ὑπόμνησις",
        "strong": "G52800",
        "morph": "Gr,N,,,,,AFS,"
      },
      {
        "text": "λαβὼν",
        "tag": "w",
        "type": "word",
        "lemma": "λαμβάνω",
        "strong": "G29830",
        "morph": "Gr,V,PAA,NMS,",
        "tw": "rc://*/tw/dict/bible/other/receive"
      },
      {
        "text": "τῆς",
        "tag": "w",
        "type": "word",
        "lemma": "ὁ",
        "strong": "G35880",
        "morph": "Gr,EA,,,,GFS,"
      },
      {
        "text": "ἐν",
        "tag": "w",
        "type": "word",
        "lemma": "ἐν",
        "strong": "G17220",
        "morph": "Gr,P,,,,,D,,,"
      },
      {
        "text": "σοὶ",
        "tag": "w",
        "type": "word",
        "lemma": "σύ",
        "strong": "G47710",
        "morph": "Gr,RP,,,2D,S,"
      },
      {
        "text": "ἀνυποκρίτου",
        "tag": "w",
        "type": "word",
        "lemma": "ἀνυπόκριτος",
        "strong": "G05050",
        "morph": "Gr,AA,,,,GFS,"
      },
      {
        "text": "πίστεως",
        "tag": "w",
        "type": "word",
        "lemma": "πίστις",
        "strong": "G41020",
        "morph": "Gr,N,,,,,GFS,",
        "tw": "rc://*/tw/dict/bible/kt/faith"
      },
      {
        "type": "text",
        "text": ","
      },
      {
        "text": "ἥτις",
        "tag": "w",
        "type": "word",
        "lemma": "ὅστις",
        "strong": "G37480",
        "morph": "Gr,RR,,,,NFS,"
      },
      {
        "text": "ἐνῴκησεν",
        "tag": "w",
        "type": "word",
        "lemma": "ἐνοικέω",
        "strong": "G17740",
        "morph": "Gr,V,IAA3,,S,"
      },
      {
        "text": "πρῶτον",
        "tag": "w",
        "type": "word",
        "lemma": "πρῶτον",
        "strong": "G44120",
        "morph": "Gr,D,,,,,,,,S"
      },
      {
        "text": "ἐν",
        "tag": "w",
        "type": "word",
        "lemma": "ἐν",
        "strong": "G17220",
        "morph": "Gr,P,,,,,D,,,"
      },
      {
        "text": "τῇ",
        "tag": "w",
        "type": "word",
        "lemma": "ὁ",
        "strong": "G35880",
        "morph": "Gr,EA,,,,DFS,"
      },
      {
        "text": "μάμμῃ",
        "tag": "w",
        "type": "word",
        "lemma": "μάμμη",
        "strong": "G31250",
        "morph": "Gr,N,,,,,DFS,"
      },
      {
        "text": "σου",
        "tag": "w",
        "type": "word",
        "lemma": "σύ",
        "strong": "G47710",
        "morph": "Gr,RP,,,2G,S,"
      },
      {
        "type": "text",
        "text": ","
      },
      {
        "text": "Λωΐδι",
        "tag": "w",
        "type": "word",
        "lemma": "Λωΐς",
        "strong": "G30900",
        "morph": "Gr,N,,,,,DFS,"
      },
      {
        "type": "text",
        "text": ","
      },
      {
        "text": "καὶ",
        "tag": "w",
        "type": "word",
        "lemma": "καί",
        "strong": "G25320",
        "morph": "Gr,CC,,,,,,,,"
      },
      {
        "text": "τῇ",
        "tag": "w",
        "type": "word",
        "lemma": "ὁ",
        "strong": "G35880",
        "morph": "Gr,EA,,,,DFS,"
      },
      {
        "text": "μητρί",
        "tag": "w",
        "type": "word",
        "lemma": "μήτηρ",
        "strong": "G33840",
        "morph": "Gr,N,,,,,DFS,"
      },
      {
        "text": "σου",
        "tag": "w",
        "type": "word",
        "lemma": "σύ",
        "strong": "G47710",
        "morph": "Gr,RP,,,2G,S,"
      },
      {
        "type": "text",
        "text": ","
      },
      {
        "text": "Εὐνίκῃ",
        "tag": "w",
        "type": "word",
        "lemma": "Εὐνίκη",
        "strong": "G21310",
        "morph": "Gr,N,,,,,DFS,"
      },
      {
        "type": "text",
        "text": ";"
      },
      {
        "text": "πέπεισμαι",
        "tag": "w",
        "type": "word",
        "lemma": "πείθω",
        "strong": "G39820",
        "morph": "Gr,V,IEP1,,S,",
        "tw": "rc://*/tw/dict/bible/other/confidence"
      },
      {
        "text": "δὲ",
        "tag": "w",
        "type": "word",
        "lemma": "δέ",
        "strong": "G11610",
        "morph": "Gr,CC,,,,,,,,"
      },
      {
        "text": "ὅτι",
        "tag": "w",
        "type": "word",
        "lemma": "ὅτι",
        "strong": "G37540",
        "morph": "Gr,CS,,,,,,,,"
      },
      {
        "text": "καὶ",
        "tag": "w",
        "type": "word",
        "lemma": "καί",
        "strong": "G25320",
        "morph": "Gr,D,,,,,,,,,"
      },
      {
        "text": "ἐν",
        "tag": "w",
        "type": "word",
        "lemma": "ἐν",
        "strong": "G17220",
        "morph": "Gr,P,,,,,D,,,"
      },
      {
        "text": "σοί",
        "tag": "w",
        "type": "word",
        "lemma": "σύ",
        "strong": "G47710",
        "morph": "Gr,RP,,,2D,S,"
      },
      {
        "type": "text",
        "text": ".\n\n"
      }
    ]
  },
  "6": {
    "verseObjects": [
      {
        "text": "δι’",
        "tag": "w",
        "type": "word",
        "lemma": "διά",
        "strong": "G12230",
        "morph": "Gr,P,,,,,A,,,"
      },
      {
        "text": "ἣν",
        "tag": "w",
        "type": "word",
        "lemma": "ὅς",
        "strong": "G37390",
        "morph": "Gr,ER,,,,AFS,"
      },
      {
        "text": "αἰτίαν",
        "tag": "w",
        "type": "word",
        "lemma": "αἰτία",
        "strong": "G01560",
        "morph": "Gr,N,,,,,AFS,"
      },
      {
        "text": "ἀναμιμνῄσκω",
        "tag": "w",
        "type": "word",
        "lemma": "ἀναμιμνῄσκω",
        "strong": "G03630",
        "morph": "Gr,V,IPA1,,S,"
      },
      {
        "text": "σε",
        "tag": "w",
        "type": "word",
        "lemma": "σύ",
        "strong": "G47710",
        "morph": "Gr,RP,,,2A,S,"
      },
      {
        "type": "text",
        "text": ","
      },
      {
        "text": "ἀναζωπυρεῖν",
        "tag": "w",
        "type": "word",
        "lemma": "ἀναζωπυρέω",
        "strong": "G03290",
        "morph": "Gr,V,NPA,,,,,"
      },
      {
        "text": "τὸ",
        "tag": "w",
        "type": "word",
        "lemma": "ὁ",
        "strong": "G35880",
        "morph": "Gr,EA,,,,ANS,"
      },
      {
        "text": "χάρισμα",
        "tag": "w",
        "type": "word",
        "lemma": "χάρισμα",
        "strong": "G54860",
        "morph": "Gr,N,,,,,ANS,",
        "tw": "rc://*/tw/dict/bible/kt/gift"
      },
      {
        "text": "τοῦ",
        "tag": "w",
        "type": "word",
        "lemma": "ὁ",
        "strong": "G35880",
        "morph": "Gr,EA,,,,GMS,"
      },
      {
        "text": "Θεοῦ",
        "tag": "w",
        "type": "word",
        "lemma": "θεός",
        "strong": "G23160",
        "morph": "Gr,N,,,,,GMS,",
        "tw": "rc://*/tw/dict/bible/kt/god"
      },
      {
        "type": "text",
        "text": ","
      },
      {
        "text": "ὅ",
        "tag": "w",
        "type": "word",
        "lemma": "ὅς",
        "strong": "G37390",
        "morph": "Gr,RR,,,,NNS,"
      },
      {
        "text": "ἐστιν",
        "tag": "w",
        "type": "word",
        "lemma": "εἰμί",
        "strong": "G15100",
        "morph": "Gr,V,IPA3,,S,"
      },
      {
        "text": "ἐν",
        "tag": "w",
        "type": "word",
        "lemma": "ἐν",
        "strong": "G17220",
        "morph": "Gr,P,,,,,D,,,"
      },
      {
        "text": "σοὶ",
        "tag": "w",
        "type": "word",
        "lemma": "σύ",
        "strong": "G47710",
        "morph": "Gr,RP,,,2D,S,"
      },
      {
        "text": "διὰ",
        "tag": "w",
        "type": "word",
        "lemma": "διά",
        "strong": "G12230",
        "morph": "Gr,P,,,,,G,,,"
      },
      {
        "text": "τῆς",
        "tag": "w",
        "type": "word",
        "lemma": "ὁ",
        "strong": "G35880",
        "morph": "Gr,EA,,,,GFS,"
      },
      {
        "text": "ἐπιθέσεως",
        "tag": "w",
        "type": "word",
        "lemma": "ἐπίθεσις",
        "strong": "G19360",
        "morph": "Gr,N,,,,,GFS,"
      },
      {
        "text": "τῶν",
        "tag": "w",
        "type": "word",
        "lemma": "ὁ",
        "strong": "G35880",
        "morph": "Gr,EA,,,,GFP,"
      },
      {
        "text": "χειρῶν",
        "tag": "w",
        "type": "word",
        "lemma": "χείρ",
        "strong": "G54950",
        "morph": "Gr,N,,,,,GFP,",
        "tw": "rc://*/tw/dict/bible/other/hand"
      },
      {
        "text": "μου",
        "tag": "w",
        "type": "word",
        "lemma": "ἐγώ",
        "strong": "G14730",
        "morph": "Gr,RP,,,1G,S,"
      },
      {
        "type": "text",
        "text": ".\n\n"
      }
    ]
  },
  "7": {
    "verseObjects": [
      {
        "text": "οὐ",
        "tag": "w",
        "type": "word",
        "lemma": "οὐ",
        "strong": "G37560",
        "morph": "Gr,DO,,,,,,,,"
      },
      {
        "text": "γὰρ",
        "tag": "w",
        "type": "word",
        "lemma": "γάρ",
        "strong": "G10630",
        "morph": "Gr,CC,,,,,,,,"
      },
      {
        "text": "ἔδωκεν",
        "tag": "w",
        "type": "word",
        "lemma": "δίδωμι",
        "strong": "G13250",
        "morph": "Gr,V,IAA3,,S,"
      },
      {
        "text": "ἡμῖν",
        "tag": "w",
        "type": "word",
        "lemma": "ἐγώ",
        "strong": "G14730",
        "morph": "Gr,RP,,,1D,P,"
      },
      {
        "text": "ὁ",
        "tag": "w",
        "type": "word",
        "lemma": "ὁ",
        "strong": "G35880",
        "morph": "Gr,EA,,,,NMS,"
      },
      {
        "text": "Θεὸς",
        "tag": "w",
        "type": "word",
        "lemma": "θεός",
        "strong": "G23160",
        "morph": "Gr,N,,,,,NMS,",
        "tw": "rc://*/tw/dict/bible/kt/god"
      },
      {
        "text": "πνεῦμα",
        "tag": "w",
        "type": "word",
        "lemma": "πνεῦμα",
        "strong": "G41510",
        "morph": "Gr,N,,,,,ANS,",
        "tw": "rc://*/tw/dict/bible/kt/spirit"
      },
      {
        "text": "δειλίας",
        "tag": "w",
        "type": "word",
        "lemma": "δειλία",
        "strong": "G11670",
        "morph": "Gr,N,,,,,GFS,",
        "tw": "rc://*/tw/dict/bible/kt/fear"
      },
      {
        "type": "text",
        "text": ","
      },
      {
        "text": "ἀλλὰ",
        "tag": "w",
        "type": "word",
        "lemma": "ἀλλά",
        "strong": "G02350",
        "morph": "Gr,CO,,,,,,,,"
      },
      {
        "text": "δυνάμεως",
        "tag": "w",
        "type": "word",
        "lemma": "δύναμις",
        "strong": "G14110",
        "morph": "Gr,N,,,,,GFS,",
        "tw": "rc://*/tw/dict/bible/kt/power"
      },
      {
        "type": "text",
        "text": ","
      },
      {
        "text": "καὶ",
        "tag": "w",
        "type": "word",
        "lemma": "καί",
        "strong": "G25320",
        "morph": "Gr,CC,,,,,,,,"
      },
      {
        "text": "ἀγάπης",
        "tag": "w",
        "type": "word",
        "lemma": "ἀγάπη",
        "strong": "G00260",
        "morph": "Gr,N,,,,,GFS,",
        "tw": "rc://*/tw/dict/bible/kt/love"
      },
      {
        "type": "text",
        "text": ","
      },
      {
        "text": "καὶ",
        "tag": "w",
        "type": "word",
        "lemma": "καί",
        "strong": "G25320",
        "morph": "Gr,CC,,,,,,,,"
      },
      {
        "text": "σωφρονισμοῦ",
        "tag": "w",
        "type": "word",
        "lemma": "σωφρονισμός",
        "strong": "G49950",
        "morph": "Gr,N,,,,,GMS,",
        "tw": "rc://*/tw/dict/bible/other/selfcontrol"
      },
      {
        "type": "text",
        "text": ".\n\n"
      }
    ]
  },
  "8": {
    "verseObjects": [
      {
        "type": "text",
        "text": "\n"
      },
      {
        "tag": "p",
        "type": "paragraph",
        "text": "\n"
      },
      {
        "text": "μὴ",
        "tag": "w",
        "type": "word",
        "lemma": "μή",
        "strong": "G33610",
        "morph": "Gr,DO,,,,,,,,"
      },
      {
        "text": "οὖν",
        "tag": "w",
        "type": "word",
        "lemma": "οὖν",
        "strong": "G37670",
        "morph": "Gr,CC,,,,,,,,"
      },
      {
        "text": "ἐπαισχυνθῇς",
        "tag": "w",
        "type": "word",
        "lemma": "ἐπαισχύνομαι",
        "strong": "G18700",
        "morph": "Gr,V,SAP2,,S,",
        "tw": "rc://*/tw/dict/bible/other/shame"
      },
      {
        "text": "τὸ",
        "tag": "w",
        "type": "word",
        "lemma": "ὁ",
        "strong": "G35880",
        "morph": "Gr,EA,,,,ANS,"
      },
      {
        "text": "μαρτύριον",
        "tag": "w",
        "type": "word",
        "lemma": "μαρτύριον",
        "strong": "G31420",
        "morph": "Gr,N,,,,,ANS,",
        "tw": "rc://*/tw/dict/bible/kt/testimony"
      },
      {
        "text": "τοῦ",
        "tag": "w",
        "type": "word",
        "lemma": "ὁ",
        "strong": "G35880",
        "morph": "Gr,EA,,,,GMS,"
      },
      {
        "text": "Κυρίου",
        "tag": "w",
        "type": "word",
        "lemma": "κύριος",
        "strong": "G29620",
        "morph": "Gr,N,,,,,GMS,",
        "tw": "rc://*/tw/dict/bible/kt/lord"
      },
      {
        "text": "ἡμῶν",
        "tag": "w",
        "type": "word",
        "lemma": "ἐγώ",
        "strong": "G14730",
        "morph": "Gr,RP,,,1G,P,"
      },
      {
        "type": "text",
        "text": ","
      },
      {
        "text": "μηδὲ",
        "tag": "w",
        "type": "word",
        "lemma": "μηδέ",
        "strong": "G33660",
        "morph": "Gr,CO,,,,,,,,"
      },
      {
        "text": "ἐμὲ",
        "tag": "w",
        "type": "word",
        "lemma": "ἐγώ",
        "strong": "G14730",
        "morph": "Gr,RP,,,1A,S,"
      },
      {
        "type": "text",
        "text": ","
      },
      {
        "text": "τὸν",
        "tag": "w",
        "type": "word",
        "lemma": "ὁ",
        "strong": "G35880",
        "morph": "Gr,EA,,,,AMS,"
      },
      {
        "text": "δέσμιον",
        "tag": "w",
        "type": "word",
        "lemma": "δέσμιος",
        "strong": "G11980",
        "morph": "Gr,N,,,,,AMS,",
        "tw": "rc://*/tw/dict/bible/other/prison"
      },
      {
        "text": "αὐτοῦ",
        "tag": "w",
        "type": "word",
        "lemma": "αὐτός",
        "strong": "G08460",
        "morph": "Gr,RP,,,3GMS,"
      },
      {
        "type": "text",
        "text": ","
      },
      {
        "text": "ἀλλὰ",
        "tag": "w",
        "type": "word",
        "lemma": "ἀλλά",
        "strong": "G02350",
        "morph": "Gr,CO,,,,,,,,"
      },
      {
        "text": "συνκακοπάθησον",
        "tag": "w",
        "type": "word",
        "lemma": "συνκακοπαθέω",
        "strong": "G47770",
        "morph": "Gr,V,MAA2,,S,",
        "tw": "rc://*/tw/dict/bible/other/suffer"
      },
      {
        "text": "τῷ",
        "tag": "w",
        "type": "word",
        "lemma": "ὁ",
        "strong": "G35880",
        "morph": "Gr,EA,,,,DNS,"
      },
      {
        "text": "εὐαγγελίῳ",
        "tag": "w",
        "type": "word",
        "lemma": "εὐαγγέλιον",
        "strong": "G20980",
        "morph": "Gr,N,,,,,DNS,",
        "tw": "rc://*/tw/dict/bible/kt/goodnews"
      },
      {
        "type": "text",
        "text": ","
      },
      {
        "text": "κατὰ",
        "tag": "w",
        "type": "word",
        "lemma": "κατά",
        "strong": "G25960",
        "morph": "Gr,P,,,,,A,,,"
      },
      {
        "text": "δύναμιν",
        "tag": "w",
        "type": "word",
        "lemma": "δύναμις",
        "strong": "G14110",
        "morph": "Gr,N,,,,,AFS,",
        "tw": "rc://*/tw/dict/bible/kt/power"
      },
      {
        "text": "Θεοῦ",
        "tag": "w",
        "type": "word",
        "lemma": "θεός",
        "strong": "G23160",
        "morph": "Gr,N,,,,,GMS,",
        "tw": "rc://*/tw/dict/bible/kt/god"
      },
      {
        "type": "text",
        "text": ";\n\n"
      }
    ]
  },
  "9": {
    "verseObjects": [
      {
        "text": "τοῦ",
        "tag": "w",
        "type": "word",
        "lemma": "ὁ",
        "strong": "G35880",
        "morph": "Gr,RD,,,,GMS,"
      },
      {
        "text": "σώσαντος",
        "tag": "w",
        "type": "word",
        "lemma": "σῴζω",
        "strong": "G49820",
        "morph": "Gr,V,PAA,GMS,",
        "tw": "rc://*/tw/dict/bible/kt/save"
      },
      {
        "text": "ἡμᾶς",
        "tag": "w",
        "type": "word",
        "lemma": "ἐγώ",
        "strong": "G14730",
        "morph": "Gr,RP,,,1A,P,"
      },
      {
        "type": "text",
        "text": ","
      },
      {
        "text": "καὶ",
        "tag": "w",
        "type": "word",
        "lemma": "καί",
        "strong": "G25320",
        "morph": "Gr,CC,,,,,,,,"
      },
      {
        "tag": "k",
        "type": "milestone",
        "tw": "rc://*/tw/dict/bible/kt/call",
        "children": [
          {
            "text": "καλέσαντος",
            "tag": "w",
            "type": "word",
            "lemma": "καλέω",
            "strong": "G25640",
            "morph": "Gr,V,PAA,GMS,"
          },
          {
            "text": "κλήσει",
            "tag": "w",
            "type": "word",
            "lemma": "κλῆσις",
            "strong": "G28210",
            "morph": "Gr,N,,,,,DFS,"
          }
        ]
      },
      {
        "text": "ἁγίᾳ",
        "tag": "w",
        "type": "word",
        "lemma": "ἅγιος",
        "strong": "G00400",
        "morph": "Gr,AA,,,,DFS,",
        "tw": "rc://*/tw/dict/bible/kt/holy"
      },
      {
        "type": "text",
        "text": ","
      },
      {
        "text": "οὐ",
        "tag": "w",
        "type": "word",
        "lemma": "οὐ",
        "strong": "G37560",
        "morph": "Gr,DO,,,,,,,,"
      },
      {
        "text": "κατὰ",
        "tag": "w",
        "type": "word",
        "lemma": "κατά",
        "strong": "G25960",
        "morph": "Gr,P,,,,,A,,,"
      },
      {
        "text": "τὰ",
        "tag": "w",
        "type": "word",
        "lemma": "ὁ",
        "strong": "G35880",
        "morph": "Gr,EA,,,,ANP,"
      },
      {
        "text": "ἔργα",
        "tag": "w",
        "type": "word",
        "lemma": "ἔργον",
        "strong": "G20410",
        "morph": "Gr,N,,,,,ANP,",
        "tw": "rc://*/tw/dict/bible/kt/works"
      },
      {
        "text": "ἡμῶν",
        "tag": "w",
        "type": "word",
        "lemma": "ἐγώ",
        "strong": "G14730",
        "morph": "Gr,RP,,,1G,P,"
      },
      {
        "type": "text",
        "text": ","
      },
      {
        "text": "ἀλλὰ",
        "tag": "w",
        "type": "word",
        "lemma": "ἀλλά",
        "strong": "G02350",
        "morph": "Gr,CO,,,,,,,,"
      },
      {
        "text": "κατὰ",
        "tag": "w",
        "type": "word",
        "lemma": "κατά",
        "strong": "G25960",
        "morph": "Gr,P,,,,,A,,,"
      },
      {
        "text": "ἰδίαν",
        "tag": "w",
        "type": "word",
        "lemma": "ἴδιος",
        "strong": "G23980",
        "morph": "Gr,EF,,,,AFS,"
      },
      {
        "text": "πρόθεσιν",
        "tag": "w",
        "type": "word",
        "lemma": "πρόθεσις",
        "strong": "G42860",
        "morph": "Gr,N,,,,,AFS,"
      },
      {
        "text": "καὶ",
        "tag": "w",
        "type": "word",
        "lemma": "καί",
        "strong": "G25320",
        "morph": "Gr,CC,,,,,,,,"
      },
      {
        "text": "χάριν",
        "tag": "w",
        "type": "word",
        "lemma": "χάρις",
        "strong": "G54850",
        "morph": "Gr,N,,,,,AFS,",
        "tw": "rc://*/tw/dict/bible/kt/grace"
      },
      {
        "type": "text",
        "text": ","
      },
      {
        "text": "τὴν",
        "tag": "w",
        "type": "word",
        "lemma": "ὁ",
        "strong": "G35880",
        "morph": "Gr,RD,,,,AFS,"
      },
      {
        "text": "δοθεῖσαν",
        "tag": "w",
        "type": "word",
        "lemma": "δίδωμι",
        "strong": "G13250",
        "morph": "Gr,V,PAP,AFS,"
      },
      {
        "text": "ἡμῖν",
        "tag": "w",
        "type": "word",
        "lemma": "ἐγώ",
        "strong": "G14730",
        "morph": "Gr,RP,,,1D,P,"
      },
      {
        "tag": "k",
        "type": "milestone",
        "tw": "rc://*/tw/dict/bible/kt/inchrist",
        "children": [
          {
            "text": "ἐν",
            "tag": "w",
            "type": "word",
            "lemma": "ἐν",
            "strong": "G17220",
            "morph": "Gr,P,,,,,D,,,"
          },
          {
            "text": "Χριστῷ",
            "tag": "w",
            "type": "word",
            "lemma": "χριστός",
            "strong": "G55470",
            "morph": "Gr,N,,,,,DMS,",
            "tw": "rc://*/tw/dict/bible/kt/christ"
          },
          {
            "text": "Ἰησοῦ",
            "tag": "w",
            "type": "word",
            "lemma": "Ἰησοῦς",
            "strong": "G24240",
            "morph": "Gr,N,,,,,DMS,",
            "tw": "rc://*/tw/dict/bible/kt/jesus"
          }
        ]
      },
      {
        "text": "πρὸ",
        "tag": "w",
        "type": "word",
        "lemma": "πρό",
        "strong": "G42530",
        "morph": "Gr,P,,,,,G,,,"
      },
      {
        "text": "χρόνων",
        "tag": "w",
        "type": "word",
        "lemma": "χρόνος",
        "strong": "G55500",
        "morph": "Gr,N,,,,,GMP,",
        "tw": "rc://*/tw/dict/bible/other/time"
      },
      {
        "text": "αἰωνίων",
        "tag": "w",
        "type": "word",
        "lemma": "αἰώνιος",
        "strong": "G01660",
        "morph": "Gr,AA,,,,GMP,",
        "tw": "rc://*/tw/dict/bible/kt/eternity"
      },
      {
        "type": "text",
        "text": ",\n\n"
      }
    ]
  },
  "10": {
    "verseObjects": [
      {
        "text": "φανερωθεῖσαν",
        "tag": "w",
        "type": "word",
        "lemma": "φανερόω",
        "strong": "G53190",
        "morph": "Gr,V,PAP,AFS,",
        "tw": "rc://*/tw/dict/bible/kt/reveal"
      },
      {
        "text": "δὲ",
        "tag": "w",
        "type": "word",
        "lemma": "δέ",
        "strong": "G11610",
        "morph": "Gr,CC,,,,,,,,"
      },
      {
        "text": "νῦν",
        "tag": "w",
        "type": "word",
        "lemma": "νῦν",
        "strong": "G35680",
        "morph": "Gr,D,,,,,,,,,"
      },
      {
        "type": "text",
        "text": ","
      },
      {
        "text": "διὰ",
        "tag": "w",
        "type": "word",
        "lemma": "διά",
        "strong": "G12230",
        "morph": "Gr,P,,,,,G,,,"
      },
      {
        "text": "τῆς",
        "tag": "w",
        "type": "word",
        "lemma": "ὁ",
        "strong": "G35880",
        "morph": "Gr,EA,,,,GFS,"
      },
      {
        "text": "ἐπιφανείας",
        "tag": "w",
        "type": "word",
        "lemma": "ἐπιφάνεια",
        "strong": "G20150",
        "morph": "Gr,N,,,,,GFS,"
      },
      {
        "text": "τοῦ",
        "tag": "w",
        "type": "word",
        "lemma": "ὁ",
        "strong": "G35880",
        "morph": "Gr,EA,,,,GMS,"
      },
      {
        "text": "Σωτῆρος",
        "tag": "w",
        "type": "word",
        "lemma": "σωτήρ",
        "strong": "G49900",
        "morph": "Gr,N,,,,,GMS,",
        "tw": "rc://*/tw/dict/bible/kt/savior"
      },
      {
        "text": "ἡμῶν",
        "tag": "w",
        "type": "word",
        "lemma": "ἐγώ",
        "strong": "G14730",
        "morph": "Gr,RP,,,1G,P,"
      },
      {
        "type": "text",
        "text": ","
      },
      {
        "tag": "k",
        "type": "milestone",
        "tw": "rc://*/tw/dict/bible/kt/jesus",
        "children": [
          {
            "text": "Χριστοῦ",
            "tag": "w",
            "type": "word",
            "lemma": "χριστός",
            "strong": "G55470",
            "morph": "Gr,N,,,,,GMS,",
            "tw": "rc://*/tw/dict/bible/kt/christ"
          },
          {
            "text": "Ἰησοῦ",
            "tag": "w",
            "type": "word",
            "lemma": "Ἰησοῦς",
            "strong": "G24240",
            "morph": "Gr,N,,,,,GMS,"
          }
        ]
      },
      {
        "type": "text",
        "text": ","
      },
      {
        "text": "καταργήσαντος",
        "tag": "w",
        "type": "word",
        "lemma": "καταργέω",
        "strong": "G26730",
        "morph": "Gr,V,PAA,GMS,"
      },
      {
        "text": "μὲν",
        "tag": "w",
        "type": "word",
        "lemma": "μέν",
        "strong": "G33030",
        "morph": "Gr,DO,,,,,,,,"
      },
      {
        "text": "τὸν",
        "tag": "w",
        "type": "word",
        "lemma": "ὁ",
        "strong": "G35880",
        "morph": "Gr,EA,,,,AMS,"
      },
      {
        "text": "θάνατον",
        "tag": "w",
        "type": "word",
        "lemma": "θάνατος",
        "strong": "G22880",
        "morph": "Gr,N,,,,,AMS,",
        "tw": "rc://*/tw/dict/bible/other/death"
      },
      {
        "type": "text",
        "text": ","
      },
      {
        "text": "φωτίσαντος",
        "tag": "w",
        "type": "word",
        "lemma": "φωτίζω",
        "strong": "G54610",
        "morph": "Gr,V,PAA,GMS,"
      },
      {
        "text": "δὲ",
        "tag": "w",
        "type": "word",
        "lemma": "δέ",
        "strong": "G11610",
        "morph": "Gr,CO,,,,,,,,"
      },
      {
        "text": "ζωὴν",
        "tag": "w",
        "type": "word",
        "lemma": "ζωή",
        "strong": "G22220",
        "morph": "Gr,N,,,,,AFS,",
        "tw": "rc://*/tw/dict/bible/kt/life"
      },
      {
        "text": "καὶ",
        "tag": "w",
        "type": "word",
        "lemma": "καί",
        "strong": "G25320",
        "morph": "Gr,CC,,,,,,,,"
      },
      {
        "text": "ἀφθαρσίαν",
        "tag": "w",
        "type": "word",
        "lemma": "ἀφθαρσία",
        "strong": "G08610",
        "morph": "Gr,N,,,,,AFS,"
      },
      {
        "text": "διὰ",
        "tag": "w",
        "type": "word",
        "lemma": "διά",
        "strong": "G12230",
        "morph": "Gr,P,,,,,G,,,"
      },
      {
        "text": "τοῦ",
        "tag": "w",
        "type": "word",
        "lemma": "ὁ",
        "strong": "G35880",
        "morph": "Gr,EA,,,,GNS,"
      },
      {
        "text": "εὐαγγελίου",
        "tag": "w",
        "type": "word",
        "lemma": "εὐαγγέλιον",
        "strong": "G20980",
        "morph": "Gr,N,,,,,GNS,",
        "tw": "rc://*/tw/dict/bible/kt/goodnews"
      },
      {
        "type": "text",
        "text": ";\n\n"
      }
    ]
  },
  "11": {
    "verseObjects": [
      {
        "text": "εἰς",
        "tag": "w",
        "type": "word",
        "lemma": "εἰς",
        "strong": "G15190",
        "morph": "Gr,P,,,,,A,,,"
      },
      {
        "text": "ὃ",
        "tag": "w",
        "type": "word",
        "lemma": "ὅς",
        "strong": "G37390",
        "morph": "Gr,RR,,,,ANS,"
      },
      {
        "text": "ἐτέθην",
        "tag": "w",
        "type": "word",
        "lemma": "τίθημι",
        "strong": "G50870",
        "morph": "Gr,V,IAP1,,S,",
        "tw": "rc://*/tw/dict/bible/kt/appoint"
      },
      {
        "text": "ἐγὼ",
        "tag": "w",
        "type": "word",
        "lemma": "ἐγώ",
        "strong": "G14730",
        "morph": "Gr,RP,,,1N,S,"
      },
      {
        "text": "κῆρυξ",
        "tag": "w",
        "type": "word",
        "lemma": "κῆρυξ",
        "strong": "G27830",
        "morph": "Gr,N,,,,,NMS,"
      },
      {
        "type": "text",
        "text": ","
      },
      {
        "text": "καὶ",
        "tag": "w",
        "type": "word",
        "lemma": "καί",
        "strong": "G25320",
        "morph": "Gr,CC,,,,,,,,"
      },
      {
        "text": "ἀπόστολος",
        "tag": "w",
        "type": "word",
        "lemma": "ἀπόστολος",
        "strong": "G06520",
        "morph": "Gr,N,,,,,NMS,",
        "tw": "rc://*/tw/dict/bible/kt/apostle"
      },
      {
        "type": "text",
        "text": ","
      },
      {
        "text": "καὶ",
        "tag": "w",
        "type": "word",
        "lemma": "καί",
        "strong": "G25320",
        "morph": "Gr,CC,,,,,,,,"
      },
      {
        "text": "διδάσκαλος",
        "tag": "w",
        "type": "word",
        "lemma": "διδάσκαλος",
        "strong": "G13200",
        "morph": "Gr,N,,,,,NMS,",
        "tw": "rc://*/tw/dict/bible/other/teacher"
      },
      {
        "type": "text",
        "text": ".\n\n"
      }
    ]
  },
  "12": {
    "verseObjects": [
      {
        "text": "δι’",
        "tag": "w",
        "type": "word",
        "lemma": "διά",
        "strong": "G12230",
        "morph": "Gr,P,,,,,A,,,"
      },
      {
        "text": "ἣν",
        "tag": "w",
        "type": "word",
        "lemma": "ὅς",
        "strong": "G37390",
        "morph": "Gr,ER,,,,AFS,"
      },
      {
        "text": "αἰτίαν",
        "tag": "w",
        "type": "word",
        "lemma": "αἰτία",
        "strong": "G01560",
        "morph": "Gr,N,,,,,AFS,"
      },
      {
        "text": "καὶ",
        "tag": "w",
        "type": "word",
        "lemma": "καί",
        "strong": "G25320",
        "morph": "Gr,D,,,,,,,,,"
      },
      {
        "text": "ταῦτα",
        "tag": "w",
        "type": "word",
        "lemma": "οὗτος",
        "strong": "G37780",
        "morph": "Gr,RD,,,,ANP,"
      },
      {
        "text": "πάσχω",
        "tag": "w",
        "type": "word",
        "lemma": "πάσχω",
        "strong": "G39580",
        "morph": "Gr,V,IPA1,,S,",
        "tw": "rc://*/tw/dict/bible/other/suffer"
      },
      {
        "type": "text",
        "text": ","
      },
      {
        "text": "ἀλλ’",
        "tag": "w",
        "type": "word",
        "lemma": "ἀλλά",
        "strong": "G02350",
        "morph": "Gr,CC,,,,,,,,"
      },
      {
        "text": "οὐκ",
        "tag": "w",
        "type": "word",
        "lemma": "οὐ",
        "strong": "G37560",
        "morph": "Gr,D,,,,,,,,,"
      },
      {
        "text": "ἐπαισχύνομαι",
        "tag": "w",
        "type": "word",
        "lemma": "ἐπαισχύνομαι",
        "strong": "G18700",
        "morph": "Gr,V,IPM1,,S,",
        "tw": "rc://*/tw/dict/bible/other/shame"
      },
      {
        "type": "text",
        "text": ";"
      },
      {
        "text": "οἶδα",
        "tag": "w",
        "type": "word",
        "lemma": "οἶδα",
        "strong": "G14920",
        "morph": "Gr,V,IEA1,,S,",
        "tw": "rc://*/tw/dict/bible/other/know"
      },
      {
        "text": "γὰρ",
        "tag": "w",
        "type": "word",
        "lemma": "γάρ",
        "strong": "G10630",
        "morph": "Gr,CC,,,,,,,,"
      },
      {
        "text": "ᾧ",
        "tag": "w",
        "type": "word",
        "lemma": "ὅς",
        "strong": "G37390",
        "morph": "Gr,RR,,,,DMS,"
      },
      {
        "text": "πεπίστευκα",
        "tag": "w",
        "type": "word",
        "lemma": "πιστεύω",
        "strong": "G41000",
        "morph": "Gr,V,IEA1,,S,",
        "tw": "rc://*/tw/dict/bible/kt/believe"
      },
      {
        "type": "text",
        "text": ","
      },
      {
        "text": "καὶ",
        "tag": "w",
        "type": "word",
        "lemma": "καί",
        "strong": "G25320",
        "morph": "Gr,CC,,,,,,,,"
      },
      {
        "text": "πέπεισμαι",
        "tag": "w",
        "type": "word",
        "lemma": "πείθω",
        "strong": "G39820",
        "morph": "Gr,V,IEP1,,S,",
        "tw": "rc://*/tw/dict/bible/other/confidence"
      },
      {
        "text": "ὅτι",
        "tag": "w",
        "type": "word",
        "lemma": "ὅτι",
        "strong": "G37540",
        "morph": "Gr,CS,,,,,,,,"
      },
      {
        "text": "δυνατός",
        "tag": "w",
        "type": "word",
        "lemma": "δυνατός",
        "strong": "G14150",
        "morph": "Gr,NS,,,,NMS,",
        "tw": "rc://*/tw/dict/bible/kt/power"
      },
      {
        "text": "ἐστιν",
        "tag": "w",
        "type": "word",
        "lemma": "εἰμί",
        "strong": "G15100",
        "morph": "Gr,V,IPA3,,S,"
      },
      {
        "type": "text",
        "text": ","
      },
      {
        "text": "τὴν",
        "tag": "w",
        "type": "word",
        "lemma": "ὁ",
        "strong": "G35880",
        "morph": "Gr,EA,,,,AFS,"
      },
      {
        "text": "παραθήκην",
        "tag": "w",
        "type": "word",
        "lemma": "παραθήκη",
        "strong": "G38660",
        "morph": "Gr,N,,,,,AFS,"
      },
      {
        "text": "μου",
        "tag": "w",
        "type": "word",
        "lemma": "ἐγώ",
        "strong": "G14730",
        "morph": "Gr,RP,,,1G,S,"
      },
      {
        "text": "φυλάξαι",
        "tag": "w",
        "type": "word",
        "lemma": "φυλάσσω",
        "strong": "G54420",
        "morph": "Gr,V,NAA,,,,,"
      },
      {
        "text": "εἰς",
        "tag": "w",
        "type": "word",
        "lemma": "εἰς",
        "strong": "G15190",
        "morph": "Gr,P,,,,,A,,,"
      },
      {
        "text": "ἐκείνην",
        "tag": "w",
        "type": "word",
        "lemma": "ἐκεῖνος",
        "strong": "G15650",
        "morph": "Gr,ED,,,,AFS,"
      },
      {
        "text": "τὴν",
        "tag": "w",
        "type": "word",
        "lemma": "ὁ",
        "strong": "G35880",
        "morph": "Gr,EA,,,,AFS,"
      },
      {
        "text": "ἡμέραν",
        "tag": "w",
        "type": "word",
        "lemma": "ἡμέρα",
        "strong": "G22500",
        "morph": "Gr,N,,,,,AFS,",
        "tw": "rc://*/tw/dict/bible/other/biblicaltimeday"
      },
      {
        "type": "text",
        "text": ".\n\n"
      }
    ]
  },
  "13": {
    "verseObjects": [
      {
        "text": "ὑποτύπωσιν",
        "tag": "w",
        "type": "word",
        "lemma": "ὑποτύπωσις",
        "strong": "G52960",
        "morph": "Gr,N,,,,,AFS,"
      },
      {
        "text": "ἔχε",
        "tag": "w",
        "type": "word",
        "lemma": "ἔχω",
        "strong": "G21920",
        "morph": "Gr,V,MPA2,,S,"
      },
      {
        "text": "ὑγιαινόντων",
        "tag": "w",
        "type": "word",
        "lemma": "ὑγιαίνω",
        "strong": "G51980",
        "morph": "Gr,V,PPA,GMP,"
      },
      {
        "text": "λόγων",
        "tag": "w",
        "type": "word",
        "lemma": "λόγος",
        "strong": "G30560",
        "morph": "Gr,N,,,,,GMP,",
        "tw": "rc://*/tw/dict/bible/other/word"
      },
      {
        "type": "text",
        "text": ","
      },
      {
        "text": "ὧν",
        "tag": "w",
        "type": "word",
        "lemma": "ὅς",
        "strong": "G37390",
        "morph": "Gr,RR,,,,GMP,"
      },
      {
        "text": "παρ’",
        "tag": "w",
        "type": "word",
        "lemma": "παρά",
        "strong": "G38440",
        "morph": "Gr,P,,,,,G,,,"
      },
      {
        "text": "ἐμοῦ",
        "tag": "w",
        "type": "word",
        "lemma": "ἐγώ",
        "strong": "G14730",
        "morph": "Gr,RP,,,1G,S,"
      },
      {
        "text": "ἤκουσας",
        "tag": "w",
        "type": "word",
        "lemma": "ἀκούω",
        "strong": "G01910",
        "morph": "Gr,V,IAA2,,S,"
      },
      {
        "type": "text",
        "text": ","
      },
      {
        "text": "ἐν",
        "tag": "w",
        "type": "word",
        "lemma": "ἐν",
        "strong": "G17220",
        "morph": "Gr,P,,,,,D,,,"
      },
      {
        "text": "πίστει",
        "tag": "w",
        "type": "word",
        "lemma": "πίστις",
        "strong": "G41020",
        "morph": "Gr,N,,,,,DFS,",
        "tw": "rc://*/tw/dict/bible/kt/faith"
      },
      {
        "text": "καὶ",
        "tag": "w",
        "type": "word",
        "lemma": "καί",
        "strong": "G25320",
        "morph": "Gr,CC,,,,,,,,"
      },
      {
        "text": "ἀγάπῃ",
        "tag": "w",
        "type": "word",
        "lemma": "ἀγάπη",
        "strong": "G00260",
        "morph": "Gr,N,,,,,DFS,",
        "tw": "rc://*/tw/dict/bible/kt/love"
      },
      {
        "text": "τῇ",
        "tag": "w",
        "type": "word",
        "lemma": "ὁ",
        "strong": "G35880",
        "morph": "Gr,RD,,,,DFS,"
      },
      {
        "tag": "k",
        "type": "milestone",
        "tw": "rc://*/tw/dict/bible/kt/inchrist",
        "children": [
          {
            "text": "ἐν",
            "tag": "w",
            "type": "word",
            "lemma": "ἐν",
            "strong": "G17220",
            "morph": "Gr,P,,,,,D,,,"
          },
          {
            "text": "Χριστῷ",
            "tag": "w",
            "type": "word",
            "lemma": "χριστός",
            "strong": "G55470",
            "morph": "Gr,N,,,,,DMS,",
            "tw": "rc://*/tw/dict/bible/kt/christ"
          },
          {
            "text": "Ἰησοῦ",
            "tag": "w",
            "type": "word",
            "lemma": "Ἰησοῦς",
            "strong": "G24240",
            "morph": "Gr,N,,,,,DMS,",
            "tw": "rc://*/tw/dict/bible/kt/jesus"
          }
        ]
      },
      {
        "type": "text",
        "text": ".\n\n"
      }
    ]
  },
  "14": {
    "verseObjects": [
      {
        "text": "τὴν",
        "tag": "w",
        "type": "word",
        "lemma": "ὁ",
        "strong": "G35880",
        "morph": "Gr,EA,,,,AFS,"
      },
      {
        "text": "καλὴν",
        "tag": "w",
        "type": "word",
        "lemma": "καλός",
        "strong": "G25700",
        "morph": "Gr,AA,,,,AFS,",
        "tw": "rc://*/tw/dict/bible/kt/good"
      },
      {
        "text": "παραθήκην",
        "tag": "w",
        "type": "word",
        "lemma": "παραθήκη",
        "strong": "G38660",
        "morph": "Gr,N,,,,,AFS,"
      },
      {
        "text": "φύλαξον",
        "tag": "w",
        "type": "word",
        "lemma": "φυλάσσω",
        "strong": "G54420",
        "morph": "Gr,V,MAA2,,S,"
      },
      {
        "type": "text",
        "text": ","
      },
      {
        "text": "διὰ",
        "tag": "w",
        "type": "word",
        "lemma": "διά",
        "strong": "G12230",
        "morph": "Gr,P,,,,,G,,,"
      },
      {
        "tag": "k",
        "type": "milestone",
        "tw": "rc://*/tw/dict/bible/kt/holyspirit",
        "children": [
          {
            "text": "Πνεύματος",
            "tag": "w",
            "type": "word",
            "lemma": "πνεῦμα",
            "strong": "G41510",
            "morph": "Gr,N,,,,,GNS,"
          },
          {
            "text": "Ἁγίου",
            "tag": "w",
            "type": "word",
            "lemma": "ἅγιος",
            "strong": "G00400",
            "morph": "Gr,AA,,,,GNS,",
            "tw": "rc://*/tw/dict/bible/kt/holy"
          }
        ]
      },
      {
        "text": "τοῦ",
        "tag": "w",
        "type": "word",
        "lemma": "ὁ",
        "strong": "G35880",
        "morph": "Gr,RD,,,,GNS,"
      },
      {
        "text": "ἐνοικοῦντος",
        "tag": "w",
        "type": "word",
        "lemma": "ἐνοικέω",
        "strong": "G17740",
        "morph": "Gr,V,PPA,GNS,"
      },
      {
        "text": "ἐν",
        "tag": "w",
        "type": "word",
        "lemma": "ἐν",
        "strong": "G17220",
        "morph": "Gr,P,,,,,D,,,"
      },
      {
        "text": "ἡμῖν",
        "tag": "w",
        "type": "word",
        "lemma": "ἐγώ",
        "strong": "G14730",
        "morph": "Gr,RP,,,1D,P,"
      },
      {
        "type": "text",
        "text": ".\n\n"
      }
    ]
  },
  "15": {
    "verseObjects": [
      {
        "type": "text",
        "text": "\n"
      },
      {
        "tag": "p",
        "type": "paragraph",
        "text": "\n"
      },
      {
        "text": "οἶδας",
        "tag": "w",
        "type": "word",
        "lemma": "οἶδα",
        "strong": "G14920",
        "morph": "Gr,V,IEA2,,S,",
        "tw": "rc://*/tw/dict/bible/other/know"
      },
      {
        "text": "τοῦτο",
        "tag": "w",
        "type": "word",
        "lemma": "οὗτος",
        "strong": "G37780",
        "morph": "Gr,RD,,,,ANS,"
      },
      {
        "type": "text",
        "text": ","
      },
      {
        "text": "ὅτι",
        "tag": "w",
        "type": "word",
        "lemma": "ὅτι",
        "strong": "G37540",
        "morph": "Gr,CS,,,,,,,,"
      },
      {
        "text": "ἀπεστράφησάν",
        "tag": "w",
        "type": "word",
        "lemma": "ἀποστρέφω",
        "strong": "G06540",
        "morph": "Gr,V,IAP3,,P,",
        "tw": "rc://*/tw/dict/bible/other/turn"
      },
      {
        "text": "με",
        "tag": "w",
        "type": "word",
        "lemma": "ἐγώ",
        "strong": "G14730",
        "morph": "Gr,RP,,,1A,S,"
      },
      {
        "text": "πάντες",
        "tag": "w",
        "type": "word",
        "lemma": "πᾶς",
        "strong": "G39560",
        "morph": "Gr,EQ,,,,NMP,"
      },
      {
        "text": "οἱ",
        "tag": "w",
        "type": "word",
        "lemma": "ὁ",
        "strong": "G35880",
        "morph": "Gr,RR,,,,NMP,"
      },
      {
        "text": "ἐν",
        "tag": "w",
        "type": "word",
        "lemma": "ἐν",
        "strong": "G17220",
        "morph": "Gr,P,,,,,D,,,"
      },
      {
        "text": "τῇ",
        "tag": "w",
        "type": "word",
        "lemma": "ὁ",
        "strong": "G35880",
        "morph": "Gr,EA,,,,DFS,"
      },
      {
        "text": "Ἀσίᾳ",
        "tag": "w",
        "type": "word",
        "lemma": "Ἀσία",
        "strong": "G07730",
        "morph": "Gr,N,,,,,DFS,",
        "tw": "rc://*/tw/dict/bible/names/asia"
      },
      {
        "type": "text",
        "text": ","
      },
      {
        "text": "ὧν",
        "tag": "w",
        "type": "word",
        "lemma": "ὅς",
        "strong": "G37390",
        "morph": "Gr,RR,,,,GMP,"
      },
      {
        "text": "ἐστιν",
        "tag": "w",
        "type": "word",
        "lemma": "εἰμί",
        "strong": "G15100",
        "morph": "Gr,V,IPA3,,S,"
      },
      {
        "text": "Φύγελος",
        "tag": "w",
        "type": "word",
        "lemma": "Φύγελος",
        "strong": "G54360",
        "morph": "Gr,N,,,,,NMS,"
      },
      {
        "text": "καὶ",
        "tag": "w",
        "type": "word",
        "lemma": "καί",
        "strong": "G25320",
        "morph": "Gr,CC,,,,,,,,"
      },
      {
        "text": "Ἑρμογένης",
        "tag": "w",
        "type": "word",
        "lemma": "Ἑρμογένης",
        "strong": "G20610",
        "morph": "Gr,N,,,,,NMS,"
      },
      {
        "type": "text",
        "text": ".\n\n"
      }
    ]
  },
  "16": {
    "verseObjects": [
      {
        "text": "δῴη",
        "tag": "w",
        "type": "word",
        "lemma": "δίδωμι",
        "strong": "G13250",
        "morph": "Gr,V,OAA3,,S,"
      },
      {
        "text": "ἔλεος",
        "tag": "w",
        "type": "word",
        "lemma": "ἔλεος",
        "strong": "G16560",
        "morph": "Gr,N,,,,,ANS,",
        "tw": "rc://*/tw/dict/bible/kt/mercy"
      },
      {
        "text": "ὁ",
        "tag": "w",
        "type": "word",
        "lemma": "ὁ",
        "strong": "G35880",
        "morph": "Gr,EA,,,,NMS,"
      },
      {
        "text": "Κύριος",
        "tag": "w",
        "type": "word",
        "lemma": "κύριος",
        "strong": "G29620",
        "morph": "Gr,N,,,,,NMS,",
        "tw": "rc://*/tw/dict/bible/kt/lord"
      },
      {
        "text": "τῷ",
        "tag": "w",
        "type": "word",
        "lemma": "ὁ",
        "strong": "G35880",
        "morph": "Gr,EA,,,,DMS,"
      },
      {
        "text": "Ὀνησιφόρου",
        "tag": "w",
        "type": "word",
        "lemma": "Ὀνησίφορος",
        "strong": "G36830",
        "morph": "Gr,N,,,,,GMS,"
      },
      {
        "text": "οἴκῳ",
        "tag": "w",
        "type": "word",
        "lemma": "οἶκος",
        "strong": "G36240",
        "morph": "Gr,N,,,,,DMS,",
        "tw": "rc://*/tw/dict/bible/other/household"
      },
      {
        "type": "text",
        "text": ","
      },
      {
        "text": "ὅτι",
        "tag": "w",
        "type": "word",
        "lemma": "ὅτι",
        "strong": "G37540",
        "morph": "Gr,CS,,,,,,,,"
      },
      {
        "text": "πολλάκις",
        "tag": "w",
        "type": "word",
        "lemma": "πολλάκις",
        "strong": "G41780",
        "morph": "Gr,D,,,,,,,,,"
      },
      {
        "text": "με",
        "tag": "w",
        "type": "word",
        "lemma": "ἐγώ",
        "strong": "G14730",
        "morph": "Gr,RP,,,1A,S,"
      },
      {
        "text": "ἀνέψυξεν",
        "tag": "w",
        "type": "word",
        "lemma": "ἀναψύχω",
        "strong": "G04040",
        "morph": "Gr,V,IAA3,,S,"
      },
      {
        "type": "text",
        "text": ","
      },
      {
        "text": "καὶ",
        "tag": "w",
        "type": "word",
        "lemma": "καί",
        "strong": "G25320",
        "morph": "Gr,CC,,,,,,,,"
      },
      {
        "text": "τὴν",
        "tag": "w",
        "type": "word",
        "lemma": "ὁ",
        "strong": "G35880",
        "morph": "Gr,EA,,,,AFS,"
      },
      {
        "text": "ἅλυσίν",
        "tag": "w",
        "type": "word",
        "lemma": "ἅλυσις",
        "strong": "G02540",
        "morph": "Gr,N,,,,,AFS,"
      },
      {
        "text": "μου",
        "tag": "w",
        "type": "word",
        "lemma": "ἐγώ",
        "strong": "G14730",
        "morph": "Gr,RP,,,1G,S,"
      },
      {
        "text": "οὐκ",
        "tag": "w",
        "type": "word",
        "lemma": "οὐ",
        "strong": "G37560",
        "morph": "Gr,DO,,,,,,,,"
      },
      {
        "text": "ἐπησχύνθη",
        "tag": "w",
        "type": "word",
        "lemma": "ἐπαισχύνομαι",
        "strong": "G18700",
        "morph": "Gr,V,IAP3,,S,",
        "tw": "rc://*/tw/dict/bible/other/shame"
      },
      {
        "type": "text",
        "text": ";\n\n"
      }
    ]
  },
  "17": {
    "verseObjects": [
      {
        "text": "ἀλλὰ",
        "tag": "w",
        "type": "word",
        "lemma": "ἀλλά",
        "strong": "G02350",
        "morph": "Gr,CO,,,,,,,,"
      },
      {
        "text": "γενόμενος",
        "tag": "w",
        "type": "word",
        "lemma": "γίνομαι",
        "strong": "G10960",
        "morph": "Gr,V,PAM,NMS,"
      },
      {
        "text": "ἐν",
        "tag": "w",
        "type": "word",
        "lemma": "ἐν",
        "strong": "G17220",
        "morph": "Gr,P,,,,,D,,,"
      },
      {
        "text": "Ῥώμῃ",
        "tag": "w",
        "type": "word",
        "lemma": "Ῥώμη",
        "strong": "G45160",
        "morph": "Gr,N,,,,,DFS,",
        "tw": "rc://*/tw/dict/bible/names/rome"
      },
      {
        "type": "text",
        "text": ","
      },
      {
        "text": "σπουδαίως",
        "tag": "w",
        "type": "word",
        "lemma": "σπουδαίως",
        "strong": "G47090",
        "morph": "Gr,D,,,,,,,,,"
      },
      {
        "text": "ἐζήτησέν",
        "tag": "w",
        "type": "word",
        "lemma": "ζητέω",
        "strong": "G22120",
        "morph": "Gr,V,IAA3,,S,",
        "tw": "rc://*/tw/dict/bible/other/seek"
      },
      {
        "text": "με",
        "tag": "w",
        "type": "word",
        "lemma": "ἐγώ",
        "strong": "G14730",
        "morph": "Gr,RP,,,1A,S,"
      },
      {
        "text": "καὶ",
        "tag": "w",
        "type": "word",
        "lemma": "καί",
        "strong": "G25320",
        "morph": "Gr,CC,,,,,,,,"
      },
      {
        "text": "εὗρεν",
        "tag": "w",
        "type": "word",
        "lemma": "εὑρίσκω",
        "strong": "G21470",
        "morph": "Gr,V,IAA3,,S,"
      },
      {
        "type": "text",
        "text": "\n\n"
      }
    ]
  },
  "18": {
    "verseObjects": [
      {
        "text": "δῴη",
        "tag": "w",
        "type": "word",
        "lemma": "δίδωμι",
        "strong": "G13250",
        "morph": "Gr,V,OAA3,,S,"
      },
      {
        "type": "text",
        "text": "("
      },
      {
        "text": "αὐτῷ",
        "tag": "w",
        "type": "word",
        "lemma": "αὐτός",
        "strong": "G08460",
        "morph": "Gr,RP,,,3DMS,"
      },
      {
        "text": "ὁ",
        "tag": "w",
        "type": "word",
        "lemma": "ὁ",
        "strong": "G35880",
        "morph": "Gr,EA,,,,NMS,"
      },
      {
        "text": "Κύριος",
        "tag": "w",
        "type": "word",
        "lemma": "κύριος",
        "strong": "G29620",
        "morph": "Gr,N,,,,,NMS,",
        "tw": "rc://*/tw/dict/bible/kt/lord"
      },
      {
        "type": "text",
        "text": ","
      },
      {
        "text": "εὑρεῖν",
        "tag": "w",
        "type": "word",
        "lemma": "εὑρίσκω",
        "strong": "G21470",
        "morph": "Gr,V,NAA,,,,,"
      },
      {
        "text": "ἔλεος",
        "tag": "w",
        "type": "word",
        "lemma": "ἔλεος",
        "strong": "G16560",
        "morph": "Gr,N,,,,,ANS,",
        "tw": "rc://*/tw/dict/bible/kt/mercy"
      },
      {
        "text": "παρὰ",
        "tag": "w",
        "type": "word",
        "lemma": "παρά",
        "strong": "G38440",
        "morph": "Gr,P,,,,,G,,,"
      },
      {
        "text": "Κυρίου",
        "tag": "w",
        "type": "word",
        "lemma": "κύριος",
        "strong": "G29620",
        "morph": "Gr,N,,,,,GMS,",
        "tw": "rc://*/tw/dict/bible/kt/lord"
      },
      {
        "text": "ἐν",
        "tag": "w",
        "type": "word",
        "lemma": "ἐν",
        "strong": "G17220",
        "morph": "Gr,P,,,,,D,,,"
      },
      {
        "text": "ἐκείνῃ",
        "tag": "w",
        "type": "word",
        "lemma": "ἐκεῖνος",
        "strong": "G15650",
        "morph": "Gr,ED,,,,DFS,"
      },
      {
        "text": "τῇ",
        "tag": "w",
        "type": "word",
        "lemma": "ὁ",
        "strong": "G35880",
        "morph": "Gr,EA,,,,DFS,"
      },
      {
        "text": "ἡμέρᾳ",
        "tag": "w",
        "type": "word",
        "lemma": "ἡμέρα",
        "strong": "G22500",
        "morph": "Gr,N,,,,,DFS,",
        "tw": "rc://*/tw/dict/bible/other/biblicaltimeday"
      },
      {
        "type": "text",
        "text": "),"
      },
      {
        "text": "καὶ",
        "tag": "w",
        "type": "word",
        "lemma": "καί",
        "strong": "G25320",
        "morph": "Gr,CC,,,,,,,,"
      },
      {
        "text": "ὅσα",
        "tag": "w",
        "type": "word",
        "lemma": "ὅσος",
        "strong": "G37450",
        "morph": "Gr,RR,,,,ANP,"
      },
      {
        "text": "ἐν",
        "tag": "w",
        "type": "word",
        "lemma": "ἐν",
        "strong": "G17220",
        "morph": "Gr,P,,,,,D,,,"
      },
      {
        "text": "Ἐφέσῳ",
        "tag": "w",
        "type": "word",
        "lemma": "Ἔφεσος",
        "strong": "G21810",
        "morph": "Gr,N,,,,,DFS,",
        "tw": "rc://*/tw/dict/bible/names/ephesus"
      },
      {
        "text": "διηκόνησεν",
        "tag": "w",
        "type": "word",
        "lemma": "διακονέω",
        "strong": "G12470",
        "morph": "Gr,V,IAA3,,S,",
        "tw": "rc://*/tw/dict/bible/kt/minister"
      },
      {
        "type": "text",
        "text": ","
      },
      {
        "text": "βέλτιον",
        "tag": "w",
        "type": "word",
        "lemma": "βέλτιον",
        "strong": "G09570",
        "morph": "Gr,D,,,,,,,,C"
      },
      {
        "text": "σὺ",
        "tag": "w",
        "type": "word",
        "lemma": "σύ",
        "strong": "G47710",
        "morph": "Gr,RP,,,2N,S,"
      },
      {
        "text": "γινώσκεις",
        "tag": "w",
        "type": "word",
        "lemma": "γινώσκω",
        "strong": "G10970",
        "morph": "Gr,V,IPA2,,S,",
        "tw": "rc://*/tw/dict/bible/other/know"
      },
      {
        "type": "text",
        "text": ".\n\n"
      }
    ]
  },
  "front": {
    "verseObjects": [
      {
        "tag": "p",
        "type": "paragraph",
        "text": "\n"
      },
      {
        "type": "text",
        "text": "\n"
      }
    ]
  }
}