{
  "1": {
    "verseObjects": [
      {
        "text": "τοῦτο",
        "tag": "w",
        "type": "word",
        "lemma": "οὗτος",
        "strong": "G37780",
        "morph": "Gr,RD,,,,ANS,"
      },
      {
        "text": "δὲ",
        "tag": "w",
        "type": "word",
        "lemma": "δέ",
        "strong": "G11610",
        "morph": "Gr,CC,,,,,,,,"
      },
      {
        "text": "γίνωσκε",
        "tag": "w",
        "type": "word",
        "lemma": "γινώσκω",
        "strong": "G10970",
        "morph": "Gr,V,MPA2,,S,",
        "tw": "rc://*/tw/dict/bible/other/know"
      },
      {
        "type": "text",
        "text": ","
      },
      {
        "text": "ὅτι",
        "tag": "w",
        "type": "word",
        "lemma": "ὅτι",
        "strong": "G37540",
        "morph": "Gr,CS,,,,,,,,"
      },
      {
        "text": "ἐν",
        "tag": "w",
        "type": "word",
        "lemma": "ἐν",
        "strong": "G17220",
        "morph": "Gr,P,,,,,D,,,"
      },
      {
        "tag": "k",
        "type": "milestone",
        "tw": "rc://*/tw/dict/bible/kt/lastday",
        "children": [
          {
            "text": "ἐσχάταις",
            "tag": "w",
            "type": "word",
            "lemma": "ἔσχατος",
            "strong": "G20780",
            "morph": "Gr,EO,,,,DFP,"
          },
          {
            "text": "ἡμέραις",
            "tag": "w",
            "type": "word",
            "lemma": "ἡμέρα",
            "strong": "G22500",
            "morph": "Gr,N,,,,,DFP,",
            "tw": "rc://*/tw/dict/bible/other/biblicaltimeday"
          }
        ],
        "endTag": "k-e\\*"
      },
      {
        "text": "ἐνστήσονται",
        "tag": "w",
        "type": "word",
        "lemma": "ἐνίστημι",
        "strong": "G17640",
        "morph": "Gr,V,IFM3,,P,"
      },
      {
        "text": "καιροὶ",
        "tag": "w",
        "type": "word",
        "lemma": "καιρός",
        "strong": "G25400",
        "morph": "Gr,N,,,,,NMP,",
        "tw": "rc://*/tw/dict/bible/other/time"
      },
      {
        "text": "χαλεποί",
        "tag": "w",
        "type": "word",
        "lemma": "χαλεπός",
        "strong": "G54670",
        "morph": "Gr,AA,,,,NMP,"
      },
      {
        "type": "text",
        "text": ".\n\n"
      }
    ]
  },
  "2": {
    "verseObjects": [
      {
        "text": "ἔσονται",
        "tag": "w",
        "type": "word",
        "lemma": "εἰμί",
        "strong": "G15100",
        "morph": "Gr,V,IFM3,,P,"
      },
      {
        "text": "γὰρ",
        "tag": "w",
        "type": "word",
        "lemma": "γάρ",
        "strong": "G10630",
        "morph": "Gr,CC,,,,,,,,"
      },
      {
        "text": "οἱ",
        "tag": "w",
        "type": "word",
        "lemma": "ὁ",
        "strong": "G35880",
        "morph": "Gr,EA,,,,NMP,"
      },
      {
        "text": "ἄνθρωποι",
        "tag": "w",
        "type": "word",
        "lemma": "ἄνθρωπος",
        "strong": "G04440",
        "morph": "Gr,N,,,,,NMP,"
      },
      {
        "text": "φίλαυτοι",
        "tag": "w",
        "type": "word",
        "lemma": "φίλαυτος",
        "strong": "G53670",
        "morph": "Gr,NS,,,,NMP,"
      },
      {
        "type": "text",
        "text": ","
      },
      {
        "text": "φιλάργυροι",
        "tag": "w",
        "type": "word",
        "lemma": "φιλάργυρος",
        "strong": "G53660",
        "morph": "Gr,NS,,,,NMP,"
      },
      {
        "type": "text",
        "text": ","
      },
      {
        "text": "ἀλαζόνες",
        "tag": "w",
        "type": "word",
        "lemma": "ἀλαζών",
        "strong": "G02130",
        "morph": "Gr,N,,,,,NMP,",
        "tw": "rc://*/tw/dict/bible/kt/boast"
      },
      {
        "type": "text",
        "text": ","
      },
      {
        "text": "ὑπερήφανοι",
        "tag": "w",
        "type": "word",
        "lemma": "ὑπερήφανος",
        "strong": "G52440",
        "morph": "Gr,NS,,,,NMP,"
      },
      {
        "type": "text",
        "text": ","
      },
      {
        "text": "βλάσφημοι",
        "tag": "w",
        "type": "word",
        "lemma": "βλάσφημος",
        "strong": "G09890",
        "morph": "Gr,NS,,,,NMP,",
        "tw": "rc://*/tw/dict/bible/kt/blasphemy"
      },
      {
        "type": "text",
        "text": ","
      },
      {
        "text": "γονεῦσιν",
        "tag": "w",
        "type": "word",
        "lemma": "γονεύς",
        "strong": "G11180",
        "morph": "Gr,N,,,,,DMP,"
      },
      {
        "text": "ἀπειθεῖς",
        "tag": "w",
        "type": "word",
        "lemma": "ἀπειθής",
        "strong": "G05450",
        "morph": "Gr,NS,,,,NMP,",
        "tw": "rc://*/tw/dict/bible/other/disobey"
      },
      {
        "type": "text",
        "text": ","
      },
      {
        "text": "ἀχάριστοι",
        "tag": "w",
        "type": "word",
        "lemma": "ἀχάριστος",
        "strong": "G08840",
        "morph": "Gr,NS,,,,NMP,"
      },
      {
        "type": "text",
        "text": ","
      },
      {
        "text": "ἀνόσιοι",
        "tag": "w",
        "type": "word",
        "lemma": "ἀνόσιος",
        "strong": "G04620",
        "morph": "Gr,NS,,,,NMP,",
        "tw": "rc://*/tw/dict/bible/kt/holy"
      },
      {
        "type": "text",
        "text": ",\n\n"
      }
    ]
  },
  "3": {
    "verseObjects": [
      {
        "text": "ἄστοργοι",
        "tag": "w",
        "type": "word",
        "lemma": "ἄστοργος",
        "strong": "G07940",
        "morph": "Gr,NS,,,,NMP,"
      },
      {
        "type": "text",
        "text": ","
      },
      {
        "text": "ἄσπονδοι",
        "tag": "w",
        "type": "word",
        "lemma": "ἄσπονδος",
        "strong": "G07860",
        "morph": "Gr,NS,,,,NMP,"
      },
      {
        "type": "text",
        "text": ","
      },
      {
        "text": "διάβολοι",
        "tag": "w",
        "type": "word",
        "lemma": "διάβολος",
        "strong": "G12280",
        "morph": "Gr,NS,,,,NMP,"
      },
      {
        "type": "text",
        "text": ","
      },
      {
        "text": "ἀκρατεῖς",
        "tag": "w",
        "type": "word",
        "lemma": "ἀκρατής",
        "strong": "G01930",
        "morph": "Gr,NS,,,,NMP,"
      },
      {
        "type": "text",
        "text": ","
      },
      {
        "text": "ἀνήμεροι",
        "tag": "w",
        "type": "word",
        "lemma": "ἀνήμερος",
        "strong": "G04340",
        "morph": "Gr,NS,,,,NMP,"
      },
      {
        "type": "text",
        "text": ","
      },
      {
        "text": "ἀφιλάγαθοι",
        "tag": "w",
        "type": "word",
        "lemma": "ἀφιλάγαθος",
        "strong": "G08650",
        "morph": "Gr,NS,,,,NMP,"
      },
      {
        "type": "text",
        "text": ",\n\n"
      }
    ]
  },
  "4": {
    "verseObjects": [
      {
        "text": "προδόται",
        "tag": "w",
        "type": "word",
        "lemma": "προδότης",
        "strong": "G42730",
        "morph": "Gr,N,,,,,NMP,",
        "tw": "rc://*/tw/dict/bible/other/betray"
      },
      {
        "type": "text",
        "text": ","
      },
      {
        "text": "προπετεῖς",
        "tag": "w",
        "type": "word",
        "lemma": "προπετής",
        "strong": "G43120",
        "morph": "Gr,NS,,,,NMP,"
      },
      {
        "type": "text",
        "text": ","
      },
      {
        "text": "τετυφωμένοι",
        "tag": "w",
        "type": "word",
        "lemma": "τυφόω",
        "strong": "G51870",
        "morph": "Gr,V,PEP,NMP,"
      },
      {
        "type": "text",
        "text": ","
      },
      {
        "text": "φιλήδονοι",
        "tag": "w",
        "type": "word",
        "lemma": "φιλήδονος",
        "strong": "G53690",
        "morph": "Gr,NP,,,,NMP,"
      },
      {
        "text": "μᾶλλον",
        "tag": "w",
        "type": "word",
        "lemma": "μᾶλλον",
        "strong": "G31230",
        "morph": "Gr,D,,,,,,,,,"
      },
      {
        "text": "ἢ",
        "tag": "w",
        "type": "word",
        "lemma": "ἤ",
        "strong": "G22280",
        "morph": "Gr,CC,,,,,,,,"
      },
      {
        "text": "φιλόθεοι",
        "tag": "w",
        "type": "word",
        "lemma": "φιλόθεος",
        "strong": "G53770",
        "morph": "Gr,NS,,,,NMP,"
      },
      {
        "type": "text",
        "text": ";\n\n"
      }
    ]
  },
  "5": {
    "verseObjects": [
      {
        "text": "ἔχοντες",
        "tag": "w",
        "type": "word",
        "lemma": "ἔχω",
        "strong": "G21920",
        "morph": "Gr,V,PPA,NMP,"
      },
      {
        "text": "μόρφωσιν",
        "tag": "w",
        "type": "word",
        "lemma": "μόρφωσις",
        "strong": "G34460",
        "morph": "Gr,N,,,,,AFS,"
      },
      {
        "text": "εὐσεβείας",
        "tag": "w",
        "type": "word",
        "lemma": "εὐσέβεια",
        "strong": "G21500",
        "morph": "Gr,N,,,,,GFS,",
        "tw": "rc://*/tw/dict/bible/kt/godly"
      },
      {
        "type": "text",
        "text": ","
      },
      {
        "text": "τὴν",
        "tag": "w",
        "type": "word",
        "lemma": "ὁ",
        "strong": "G35880",
        "morph": "Gr,EA,,,,AFS,"
      },
      {
        "text": "δὲ",
        "tag": "w",
        "type": "word",
        "lemma": "δέ",
        "strong": "G11610",
        "morph": "Gr,CC,,,,,,,,"
      },
      {
        "text": "δύναμιν",
        "tag": "w",
        "type": "word",
        "lemma": "δύναμις",
        "strong": "G14110",
        "morph": "Gr,N,,,,,AFS,",
        "tw": "rc://*/tw/dict/bible/kt/power"
      },
      {
        "text": "αὐτῆς",
        "tag": "w",
        "type": "word",
        "lemma": "αὐτός",
        "strong": "G08460",
        "morph": "Gr,RP,,,,GFS,"
      },
      {
        "text": "ἠρνημένοι",
        "tag": "w",
        "type": "word",
        "lemma": "ἀρνέομαι",
        "strong": "G07200",
        "morph": "Gr,V,PEM,NMP,"
      },
      {
        "type": "text",
        "text": ";"
      },
      {
        "text": "καὶ",
        "tag": "w",
        "type": "word",
        "lemma": "καί",
        "strong": "G25320",
        "morph": "Gr,CC,,,,,,,,"
      },
      {
        "text": "τούτους",
        "tag": "w",
        "type": "word",
        "lemma": "οὗτος",
        "strong": "G37780",
        "morph": "Gr,RD,,,,AMP,"
      },
      {
        "text": "ἀποτρέπου",
        "tag": "w",
        "type": "word",
        "lemma": "ἀποτρέπω",
        "strong": "G06650",
        "morph": "Gr,V,MPM2,,S,",
        "tw": "rc://*/tw/dict/bible/other/turn"
      },
      {
        "type": "text",
        "text": ".\n\n"
      }
    ]
  },
  "6": {
    "verseObjects": [
      {
        "text": "ἐκ",
        "tag": "w",
        "type": "word",
        "lemma": "ἐκ",
        "strong": "G15370",
        "morph": "Gr,P,,,,,G,,,"
      },
      {
        "text": "τούτων",
        "tag": "w",
        "type": "word",
        "lemma": "οὗτος",
        "strong": "G37780",
        "morph": "Gr,RD,,,,GMP,"
      },
      {
        "text": "γάρ",
        "tag": "w",
        "type": "word",
        "lemma": "γάρ",
        "strong": "G10630",
        "morph": "Gr,CC,,,,,,,,"
      },
      {
        "type": "text",
        "text": ","
      },
      {
        "text": "εἰσιν",
        "tag": "w",
        "type": "word",
        "lemma": "εἰμί",
        "strong": "G15100",
        "morph": "Gr,V,IPA3,,P,"
      },
      {
        "text": "οἱ",
        "tag": "w",
        "type": "word",
        "lemma": "ὁ",
        "strong": "G35880",
        "morph": "Gr,RD,,,,NMP,"
      },
      {
        "text": "ἐνδύνοντες",
        "tag": "w",
        "type": "word",
        "lemma": "ἐνδύνω",
        "strong": "G17440",
        "morph": "Gr,V,PPA,NMP,"
      },
      {
        "text": "εἰς",
        "tag": "w",
        "type": "word",
        "lemma": "εἰς",
        "strong": "G15190",
        "morph": "Gr,P,,,,,A,,,"
      },
      {
        "text": "τὰς",
        "tag": "w",
        "type": "word",
        "lemma": "ὁ",
        "strong": "G35880",
        "morph": "Gr,EA,,,,AFP,"
      },
      {
        "text": "οἰκίας",
        "tag": "w",
        "type": "word",
        "lemma": "οἰκία",
        "strong": "G36140",
        "morph": "Gr,N,,,,,AFP,",
        "tw": "rc://*/tw/dict/bible/other/household"
      },
      {
        "type": "text",
        "text": ","
      },
      {
        "text": "καὶ",
        "tag": "w",
        "type": "word",
        "lemma": "καί",
        "strong": "G25320",
        "morph": "Gr,CC,,,,,,,,"
      },
      {
        "text": "αἰχμαλωτίζοντες",
        "tag": "w",
        "type": "word",
        "lemma": "αἰχμαλωτίζω",
        "strong": "G01630",
        "morph": "Gr,V,PPA,NMP,",
        "tw": "rc://*/tw/dict/bible/other/captive"
      },
      {
        "text": "γυναικάρια",
        "tag": "w",
        "type": "word",
        "lemma": "γυναικάριον",
        "strong": "G11330",
        "morph": "Gr,N,,,,,ANPD"
      },
      {
        "type": "text",
        "text": ","
      },
      {
        "text": "σεσωρευμένα",
        "tag": "w",
        "type": "word",
        "lemma": "σωρεύω",
        "strong": "G49870",
        "morph": "Gr,V,PEP,ANP,",
        "tw": "rc://*/tw/dict/bible/other/burden"
      },
      {
        "text": "ἁμαρτίαις",
        "tag": "w",
        "type": "word",
        "lemma": "ἁμαρτία",
        "strong": "G02660",
        "morph": "Gr,N,,,,,DFP,",
        "tw": "rc://*/tw/dict/bible/kt/sin"
      },
      {
        "type": "text",
        "text": ","
      },
      {
        "text": "ἀγόμενα",
        "tag": "w",
        "type": "word",
        "lemma": "ἄγω",
        "strong": "G00710",
        "morph": "Gr,V,PPP,ANP,"
      },
      {
        "text": "ἐπιθυμίαις",
        "tag": "w",
        "type": "word",
        "lemma": "ἐπιθυμία",
        "strong": "G19390",
        "morph": "Gr,N,,,,,DFP,",
        "tw": "rc://*/tw/dict/bible/other/lust"
      },
      {
        "text": "ποικίλαις",
        "tag": "w",
        "type": "word",
        "lemma": "ποικίλος",
        "strong": "G41640",
        "morph": "Gr,AA,,,,DFP,"
      },
      {
        "type": "text",
        "text": ",\n\n"
      }
    ]
  },
  "7": {
    "verseObjects": [
      {
        "text": "πάντοτε",
        "tag": "w",
        "type": "word",
        "lemma": "πάντοτε",
        "strong": "G38420",
        "morph": "Gr,D,,,,,,,,,"
      },
      {
        "text": "μανθάνοντα",
        "tag": "w",
        "type": "word",
        "lemma": "μανθάνω",
        "strong": "G31290",
        "morph": "Gr,V,PPA,ANP,"
      },
      {
        "type": "text",
        "text": ","
      },
      {
        "text": "καὶ",
        "tag": "w",
        "type": "word",
        "lemma": "καί",
        "strong": "G25320",
        "morph": "Gr,CC,,,,,,,,"
      },
      {
        "text": "μηδέποτε",
        "tag": "w",
        "type": "word",
        "lemma": "μηδέποτε",
        "strong": "G33680",
        "morph": "Gr,D,,,,,,,,,"
      },
      {
        "text": "εἰς",
        "tag": "w",
        "type": "word",
        "lemma": "εἰς",
        "strong": "G15190",
        "morph": "Gr,P,,,,,A,,,"
      },
      {
        "text": "ἐπίγνωσιν",
        "tag": "w",
        "type": "word",
        "lemma": "ἐπίγνωσις",
        "strong": "G19220",
        "morph": "Gr,N,,,,,AFS,",
        "tw": "rc://*/tw/dict/bible/other/know"
      },
      {
        "text": "ἀληθείας",
        "tag": "w",
        "type": "word",
        "lemma": "ἀλήθεια",
        "strong": "G02250",
        "morph": "Gr,N,,,,,GFS,",
        "tw": "rc://*/tw/dict/bible/kt/true"
      },
      {
        "text": "ἐλθεῖν",
        "tag": "w",
        "type": "word",
        "lemma": "ἔρχομαι",
        "strong": "G20640",
        "morph": "Gr,V,NAA,,,,,"
      },
      {
        "text": "δυνάμενα",
        "tag": "w",
        "type": "word",
        "lemma": "δύναμαι",
        "strong": "G14100",
        "morph": "Gr,V,PPM,ANP,",
        "tw": "rc://*/tw/dict/bible/kt/power"
      },
      {
        "type": "text",
        "text": ".\n\n"
      }
    ]
  },
  "8": {
    "verseObjects": [
      {
        "text": "ὃν",
        "tag": "w",
        "type": "word",
        "lemma": "ὅς",
        "strong": "G37390",
        "morph": "Gr,ER,,,,AMS,"
      },
      {
        "text": "τρόπον",
        "tag": "w",
        "type": "word",
        "lemma": "τρόπος",
        "strong": "G51580",
        "morph": "Gr,N,,,,,AMS,"
      },
      {
        "text": "δὲ",
        "tag": "w",
        "type": "word",
        "lemma": "δέ",
        "strong": "G11610",
        "morph": "Gr,CC,,,,,,,,"
      },
      {
        "text": "Ἰάννης",
        "tag": "w",
        "type": "word",
        "lemma": "Ἰάννης",
        "strong": "G23890",
        "morph": "Gr,N,,,,,NMS,"
      },
      {
        "text": "καὶ",
        "tag": "w",
        "type": "word",
        "lemma": "καί",
        "strong": "G25320",
        "morph": "Gr,CC,,,,,,,,"
      },
      {
        "text": "Ἰαμβρῆς",
        "tag": "w",
        "type": "word",
        "lemma": "Ἰαμβρῆς",
        "strong": "G23870",
        "morph": "Gr,N,,,,,NMS,"
      },
      {
        "text": "ἀντέστησαν",
        "tag": "w",
        "type": "word",
        "lemma": "ἀνθίστημι",
        "strong": "G04360",
        "morph": "Gr,V,IAA3,,P,"
      },
      {
        "text": "Μωϋσεῖ",
        "tag": "w",
        "type": "word",
        "lemma": "Μωϋσῆς",
        "strong": "G34750",
        "morph": "Gr,N,,,,,DMS,",
        "tw": "rc://*/tw/dict/bible/names/moses"
      },
      {
        "type": "text",
        "text": ","
      },
      {
        "text": "οὕτως",
        "tag": "w",
        "type": "word",
        "lemma": "οὕτως",
        "strong": "G37790",
        "morph": "Gr,D,,,,,,,,,"
      },
      {
        "text": "καὶ",
        "tag": "w",
        "type": "word",
        "lemma": "καί",
        "strong": "G25320",
        "morph": "Gr,D,,,,,,,,,"
      },
      {
        "text": "οὗτοι",
        "tag": "w",
        "type": "word",
        "lemma": "οὗτος",
        "strong": "G37780",
        "morph": "Gr,RD,,,,NMP,"
      },
      {
        "text": "ἀνθίστανται",
        "tag": "w",
        "type": "word",
        "lemma": "ἀνθιστάνω",
        "strong": "G04360",
        "morph": "Gr,V,IPM3,,P,"
      },
      {
        "text": "τῇ",
        "tag": "w",
        "type": "word",
        "lemma": "ὁ",
        "strong": "G35880",
        "morph": "Gr,EA,,,,DFS,"
      },
      {
        "text": "ἀληθείᾳ",
        "tag": "w",
        "type": "word",
        "lemma": "ἀλήθεια",
        "strong": "G02250",
        "morph": "Gr,N,,,,,DFS,",
        "tw": "rc://*/tw/dict/bible/kt/true"
      },
      {
        "type": "text",
        "text": ","
      },
      {
        "text": "ἄνθρωποι",
        "tag": "w",
        "type": "word",
        "lemma": "ἄνθρωπος",
        "strong": "G04440",
        "morph": "Gr,N,,,,,NMP,"
      },
      {
        "text": "κατεφθαρμένοι",
        "tag": "w",
        "type": "word",
        "lemma": "καταφθείρω",
        "strong": "G27040",
        "morph": "Gr,V,PEP,NMP,",
        "tw": "rc://*/tw/dict/bible/other/corrupt"
      },
      {
        "text": "τὸν",
        "tag": "w",
        "type": "word",
        "lemma": "ὁ",
        "strong": "G35880",
        "morph": "Gr,EA,,,,AMS,"
      },
      {
        "text": "νοῦν",
        "tag": "w",
        "type": "word",
        "lemma": "νοῦς",
        "strong": "G35630",
        "morph": "Gr,N,,,,,AMS,",
        "tw": "rc://*/tw/dict/bible/other/mind"
      },
      {
        "type": "text",
        "text": ","
      },
      {
        "text": "ἀδόκιμοι",
        "tag": "w",
        "type": "word",
        "lemma": "ἀδόκιμος",
        "strong": "G00960",
        "morph": "Gr,NS,,,,NMP,"
      },
      {
        "text": "περὶ",
        "tag": "w",
        "type": "word",
        "lemma": "περί",
        "strong": "G40120",
        "morph": "Gr,P,,,,,A,,,"
      },
      {
        "text": "τὴν",
        "tag": "w",
        "type": "word",
        "lemma": "ὁ",
        "strong": "G35880",
        "morph": "Gr,EA,,,,AFS,"
      },
      {
        "text": "πίστιν",
        "tag": "w",
        "type": "word",
        "lemma": "πίστις",
        "strong": "G41020",
        "morph": "Gr,N,,,,,AFS,",
        "tw": "rc://*/tw/dict/bible/kt/faith"
      },
      {
        "type": "text",
        "text": ".\n\n"
      }
    ]
  },
  "9": {
    "verseObjects": [
      {
        "text": "ἀλλ’",
        "tag": "w",
        "type": "word",
        "lemma": "ἀλλά",
        "strong": "G02350",
        "morph": "Gr,CC,,,,,,,,"
      },
      {
        "text": "οὐ",
        "tag": "w",
        "type": "word",
        "lemma": "οὐ",
        "strong": "G37560",
        "morph": "Gr,D,,,,,,,,,"
      },
      {
        "text": "προκόψουσιν",
        "tag": "w",
        "type": "word",
        "lemma": "προκόπτω",
        "strong": "G42980",
        "morph": "Gr,V,IFA3,,P,"
      },
      {
        "text": "ἐπὶ",
        "tag": "w",
        "type": "word",
        "lemma": "ἐπί",
        "strong": "G19090",
        "morph": "Gr,P,,,,,A,,,"
      },
      {
        "text": "πλεῖον",
        "tag": "w",
        "type": "word",
        "lemma": "πλεῖον",
        "strong": "G41175",
        "morph": "Gr,D,,,,,,,,C"
      },
      {
        "type": "text",
        "text": ","
      },
      {
        "text": "ἡ",
        "tag": "w",
        "type": "word",
        "lemma": "ὁ",
        "strong": "G35880",
        "morph": "Gr,EA,,,,NFS,"
      },
      {
        "text": "γὰρ",
        "tag": "w",
        "type": "word",
        "lemma": "γάρ",
        "strong": "G10630",
        "morph": "Gr,CC,,,,,,,,"
      },
      {
        "text": "ἄνοια",
        "tag": "w",
        "type": "word",
        "lemma": "ἄνοια",
        "strong": "G04540",
        "morph": "Gr,N,,,,,NFS,",
        "tw": "rc://*/tw/dict/bible/other/rage"
      },
      {
        "text": "αὐτῶν",
        "tag": "w",
        "type": "word",
        "lemma": "αὐτός",
        "strong": "G08460",
        "morph": "Gr,RP,,,3GMP,"
      },
      {
        "text": "ἔκδηλος",
        "tag": "w",
        "type": "word",
        "lemma": "ἔκδηλος",
        "strong": "G15520",
        "morph": "Gr,NP,,,,NFS,"
      },
      {
        "text": "ἔσται",
        "tag": "w",
        "type": "word",
        "lemma": "εἰμί",
        "strong": "G15100",
        "morph": "Gr,V,IFM3,,S,"
      },
      {
        "text": "πᾶσιν",
        "tag": "w",
        "type": "word",
        "lemma": "πᾶς",
        "strong": "G39560",
        "morph": "Gr,RI,,,,DMP,"
      },
      {
        "type": "text",
        "text": ","
      },
      {
        "text": "ὡς",
        "tag": "w",
        "type": "word",
        "lemma": "ὡς",
        "strong": "G56130",
        "morph": "Gr,CS,,,,,,,,",
        "tw": "rc://*/tw/dict/bible/other/like"
      },
      {
        "text": "καὶ",
        "tag": "w",
        "type": "word",
        "lemma": "καί",
        "strong": "G25320",
        "morph": "Gr,D,,,,,,,,,"
      },
      {
        "text": "ἡ",
        "tag": "w",
        "type": "word",
        "lemma": "ὁ",
        "strong": "G35880",
        "morph": "Gr,RD,,,,NFS,"
      },
      {
        "text": "ἐκείνων",
        "tag": "w",
        "type": "word",
        "lemma": "ἐκεῖνος",
        "strong": "G15650",
        "morph": "Gr,RD,,,,GMP,"
      },
      {
        "text": "ἐγένετο",
        "tag": "w",
        "type": "word",
        "lemma": "γίνομαι",
        "strong": "G10960",
        "morph": "Gr,V,IAM3,,S,"
      },
      {
        "type": "text",
        "text": ".\n\n"
      }
    ]
  },
  "10": {
    "verseObjects": [
      {
        "type": "text",
        "text": "\n"
      },
      {
        "tag": "p",
        "type": "paragraph"
      },
      {
        "text": "σὺ",
        "tag": "w",
        "type": "word",
        "lemma": "σύ",
        "strong": "G47710",
        "morph": "Gr,RP,,,2N,S,"
      },
      {
        "text": "δὲ",
        "tag": "w",
        "type": "word",
        "lemma": "δέ",
        "strong": "G11610",
        "morph": "Gr,CC,,,,,,,,"
      },
      {
        "text": "παρηκολούθησάς",
        "tag": "w",
        "type": "word",
        "lemma": "παρακολουθέω",
        "strong": "G38770",
        "morph": "Gr,V,IAA2,,S,"
      },
      {
        "text": "μου",
        "tag": "w",
        "type": "word",
        "lemma": "ἐγώ",
        "strong": "G14730",
        "morph": "Gr,RP,,,1G,S,"
      },
      {
        "text": "τῇ",
        "tag": "w",
        "type": "word",
        "lemma": "ὁ",
        "strong": "G35880",
        "morph": "Gr,EA,,,,DFS,"
      },
      {
        "text": "διδασκαλίᾳ",
        "tag": "w",
        "type": "word",
        "lemma": "διδασκαλία",
        "strong": "G13190",
        "morph": "Gr,N,,,,,DFS,",
        "tw": "rc://*/tw/dict/bible/other/teach"
      },
      {
        "type": "text",
        "text": ","
      },
      {
        "text": "τῇ",
        "tag": "w",
        "type": "word",
        "lemma": "ὁ",
        "strong": "G35880",
        "morph": "Gr,EA,,,,DFS,"
      },
      {
        "text": "ἀγωγῇ",
        "tag": "w",
        "type": "word",
        "lemma": "ἀγωγή",
        "strong": "G00720",
        "morph": "Gr,N,,,,,DFS,"
      },
      {
        "type": "text",
        "text": ","
      },
      {
        "text": "τῇ",
        "tag": "w",
        "type": "word",
        "lemma": "ὁ",
        "strong": "G35880",
        "morph": "Gr,EA,,,,DFS,"
      },
      {
        "text": "προθέσει",
        "tag": "w",
        "type": "word",
        "lemma": "πρόθεσις",
        "strong": "G42860",
        "morph": "Gr,N,,,,,DFS,"
      },
      {
        "type": "text",
        "text": ","
      },
      {
        "text": "τῇ",
        "tag": "w",
        "type": "word",
        "lemma": "ὁ",
        "strong": "G35880",
        "morph": "Gr,EA,,,,DFS,"
      },
      {
        "text": "πίστει",
        "tag": "w",
        "type": "word",
        "lemma": "πίστις",
        "strong": "G41020",
        "morph": "Gr,N,,,,,DFS,",
        "tw": "rc://*/tw/dict/bible/kt/faith"
      },
      {
        "type": "text",
        "text": ","
      },
      {
        "text": "τῇ",
        "tag": "w",
        "type": "word",
        "lemma": "ὁ",
        "strong": "G35880",
        "morph": "Gr,EA,,,,DFS,"
      },
      {
        "text": "μακροθυμίᾳ",
        "tag": "w",
        "type": "word",
        "lemma": "μακροθυμία",
        "strong": "G31150",
        "morph": "Gr,N,,,,,DFS,",
        "tw": "rc://*/tw/dict/bible/other/patient"
      },
      {
        "type": "text",
        "text": ","
      },
      {
        "text": "τῇ",
        "tag": "w",
        "type": "word",
        "lemma": "ὁ",
        "strong": "G35880",
        "morph": "Gr,EA,,,,DFS,"
      },
      {
        "text": "ἀγάπῃ",
        "tag": "w",
        "type": "word",
        "lemma": "ἀγάπη",
        "strong": "G00260",
        "morph": "Gr,N,,,,,DFS,",
        "tw": "rc://*/tw/dict/bible/kt/love"
      },
      {
        "type": "text",
        "text": ","
      },
      {
        "text": "τῇ",
        "tag": "w",
        "type": "word",
        "lemma": "ὁ",
        "strong": "G35880",
        "morph": "Gr,EA,,,,DFS,"
      },
      {
        "text": "ὑπομονῇ",
        "tag": "w",
        "type": "word",
        "lemma": "ὑπομονή",
        "strong": "G52810",
        "morph": "Gr,N,,,,,DFS,",
        "tw": "rc://*/tw/dict/bible/other/endure"
      },
      {
        "type": "text",
        "text": ",\n\n"
      }
    ]
  },
  "11": {
    "verseObjects": [
      {
        "text": "τοῖς",
        "tag": "w",
        "type": "word",
        "lemma": "ὁ",
        "strong": "G35880",
        "morph": "Gr,EA,,,,DMP,"
      },
      {
        "text": "διωγμοῖς",
        "tag": "w",
        "type": "word",
        "lemma": "διωγμός",
        "strong": "G13750",
        "morph": "Gr,N,,,,,DMP,",
        "tw": "rc://*/tw/dict/bible/other/persecute"
      },
      {
        "type": "text",
        "text": ","
      },
      {
        "text": "τοῖς",
        "tag": "w",
        "type": "word",
        "lemma": "ὁ",
        "strong": "G35880",
        "morph": "Gr,EA,,,,DNP,"
      },
      {
        "text": "παθήμασιν",
        "tag": "w",
        "type": "word",
        "lemma": "πάθημα",
        "strong": "G38040",
        "morph": "Gr,N,,,,,DNP,",
        "tw": "rc://*/tw/dict/bible/other/suffer"
      },
      {
        "type": "text",
        "text": ","
      },
      {
        "text": "οἷά",
        "tag": "w",
        "type": "word",
        "lemma": "οἷος",
        "strong": "G36340",
        "morph": "Gr,RR,,,,NNP,"
      },
      {
        "text": "μοι",
        "tag": "w",
        "type": "word",
        "lemma": "ἐγώ",
        "strong": "G14730",
        "morph": "Gr,RP,,,1D,S,"
      },
      {
        "text": "ἐγένετο",
        "tag": "w",
        "type": "word",
        "lemma": "γίνομαι",
        "strong": "G10960",
        "morph": "Gr,V,IAM3,,S,"
      },
      {
        "text": "ἐν",
        "tag": "w",
        "type": "word",
        "lemma": "ἐν",
        "strong": "G17220",
        "morph": "Gr,P,,,,,D,,,"
      },
      {
        "text": "Ἀντιοχείᾳ",
        "tag": "w",
        "type": "word",
        "lemma": "Ἀντιόχεια",
        "strong": "G04900",
        "morph": "Gr,N,,,,,DFS,",
        "tw": "rc://*/tw/dict/bible/names/antioch"
      },
      {
        "type": "text",
        "text": ","
      },
      {
        "text": "ἐν",
        "tag": "w",
        "type": "word",
        "lemma": "ἐν",
        "strong": "G17220",
        "morph": "Gr,P,,,,,D,,,"
      },
      {
        "text": "Ἰκονίῳ",
        "tag": "w",
        "type": "word",
        "lemma": "Ἰκόνιον",
        "strong": "G24300",
        "morph": "Gr,N,,,,,DNS,",
        "tw": "rc://*/tw/dict/bible/names/iconium"
      },
      {
        "type": "text",
        "text": ","
      },
      {
        "text": "ἐν",
        "tag": "w",
        "type": "word",
        "lemma": "ἐν",
        "strong": "G17220",
        "morph": "Gr,P,,,,,D,,,"
      },
      {
        "text": "Λύστροις",
        "tag": "w",
        "type": "word",
        "lemma": "Λύστρα",
        "strong": "G30820",
        "morph": "Gr,N,,,,,DNP,",
        "tw": "rc://*/tw/dict/bible/names/lystra"
      },
      {
        "type": "text",
        "text": ";"
      },
      {
        "text": "οἵους",
        "tag": "w",
        "type": "word",
        "lemma": "οἷος",
        "strong": "G36340",
        "morph": "Gr,ER,,,,AMP,"
      },
      {
        "text": "διωγμοὺς",
        "tag": "w",
        "type": "word",
        "lemma": "διωγμός",
        "strong": "G13750",
        "morph": "Gr,N,,,,,AMP,",
        "tw": "rc://*/tw/dict/bible/other/persecute"
      },
      {
        "text": "ὑπήνεγκα",
        "tag": "w",
        "type": "word",
        "lemma": "ὑποφέρω",
        "strong": "G52970",
        "morph": "Gr,V,IAA1,,S,",
        "tw": "rc://*/tw/dict/bible/other/endure"
      },
      {
        "type": "text",
        "text": ","
      },
      {
        "text": "καὶ",
        "tag": "w",
        "type": "word",
        "lemma": "καί",
        "strong": "G25320",
        "morph": "Gr,CC,,,,,,,,"
      },
      {
        "text": "ἐκ",
        "tag": "w",
        "type": "word",
        "lemma": "ἐκ",
        "strong": "G15370",
        "morph": "Gr,P,,,,,G,,,"
      },
      {
        "text": "πάντων",
        "tag": "w",
        "type": "word",
        "lemma": "πᾶς",
        "strong": "G39560",
        "morph": "Gr,RI,,,,GNP,"
      },
      {
        "type": "text",
        "text": ","
      },
      {
        "text": "με",
        "tag": "w",
        "type": "word",
        "lemma": "ἐγώ",
        "strong": "G14730",
        "morph": "Gr,RP,,,1A,S,"
      },
      {
        "text": "ἐρρύσατο",
        "tag": "w",
        "type": "word",
        "lemma": "ῥύομαι",
        "strong": "G45060",
        "morph": "Gr,V,IAM3,,S,",
        "tw": "rc://*/tw/dict/bible/other/deliverer"
      },
      {
        "text": "ὁ",
        "tag": "w",
        "type": "word",
        "lemma": "ὁ",
        "strong": "G35880",
        "morph": "Gr,EA,,,,NMS,"
      },
      {
        "text": "Κύριος",
        "tag": "w",
        "type": "word",
        "lemma": "κύριος",
        "strong": "G29620",
        "morph": "Gr,N,,,,,NMS,",
        "tw": "rc://*/tw/dict/bible/kt/lord"
      },
      {
        "type": "text",
        "text": ".\n\n"
      }
    ]
  },
  "12": {
    "verseObjects": [
      {
        "text": "καὶ",
        "tag": "w",
        "type": "word",
        "lemma": "καί",
        "strong": "G25320",
        "morph": "Gr,D,,,,,,,,,"
      },
      {
        "text": "πάντες",
        "tag": "w",
        "type": "word",
        "lemma": "πᾶς",
        "strong": "G39560",
        "morph": "Gr,EQ,,,,NMP,"
      },
      {
        "text": "δὲ",
        "tag": "w",
        "type": "word",
        "lemma": "δέ",
        "strong": "G11610",
        "morph": "Gr,CC,,,,,,,,"
      },
      {
        "text": "οἱ",
        "tag": "w",
        "type": "word",
        "lemma": "ὁ",
        "strong": "G35880",
        "morph": "Gr,RD,,,,NMP,"
      },
      {
        "text": "θέλοντες",
        "tag": "w",
        "type": "word",
        "lemma": "θέλω",
        "strong": "G23090",
        "morph": "Gr,V,PPA,NMP,"
      },
      {
        "text": "ζῆν",
        "tag": "w",
        "type": "word",
        "lemma": "ζάω",
        "strong": "G21980",
        "morph": "Gr,V,NPA,,,,,",
        "tw": "rc://*/tw/dict/bible/kt/life"
      },
      {
        "text": "εὐσεβῶς",
        "tag": "w",
        "type": "word",
        "lemma": "εὐσεβῶς",
        "strong": "G21530",
        "morph": "Gr,D,,,,,,,,,",
        "tw": "rc://*/tw/dict/bible/kt/godly"
      },
      {
        "tag": "k",
        "type": "milestone",
        "tw": "rc://*/tw/dict/bible/kt/inchrist",
        "children": [
          {
            "text": "ἐν",
            "tag": "w",
            "type": "word",
            "lemma": "ἐν",
            "strong": "G17220",
            "morph": "Gr,P,,,,,D,,,"
          },
          {
            "text": "Χριστῷ",
            "tag": "w",
            "type": "word",
            "lemma": "χριστός",
            "strong": "G55470",
            "morph": "Gr,N,,,,,DMS,",
            "tw": "rc://*/tw/dict/bible/kt/christ"
          },
          {
            "text": "Ἰησοῦ",
            "tag": "w",
            "type": "word",
            "lemma": "Ἰησοῦς",
            "strong": "G24240",
            "morph": "Gr,N,,,,,DMS,",
            "tw": "rc://*/tw/dict/bible/kt/jesus"
          }
        ],
        "endTag": "k-e\\*"
      },
      {
        "text": "διωχθήσονται",
        "tag": "w",
        "type": "word",
        "lemma": "διώκω",
        "strong": "G13770",
        "morph": "Gr,V,IFP3,,P,",
        "tw": "rc://*/tw/dict/bible/other/persecute"
      },
      {
        "type": "text",
        "text": ".\n\n"
      }
    ]
  },
  "13": {
    "verseObjects": [
      {
        "text": "πονηροὶ",
        "tag": "w",
        "type": "word",
        "lemma": "πονηρός",
        "strong": "G41900",
        "morph": "Gr,AA,,,,NMP,",
        "tw": "rc://*/tw/dict/bible/kt/evil"
      },
      {
        "text": "δὲ",
        "tag": "w",
        "type": "word",
        "lemma": "δέ",
        "strong": "G11610",
        "morph": "Gr,CC,,,,,,,,"
      },
      {
        "text": "ἄνθρωποι",
        "tag": "w",
        "type": "word",
        "lemma": "ἄνθρωπος",
        "strong": "G04440",
        "morph": "Gr,N,,,,,NMP,"
      },
      {
        "text": "καὶ",
        "tag": "w",
        "type": "word",
        "lemma": "καί",
        "strong": "G25320",
        "morph": "Gr,CC,,,,,,,,"
      },
      {
        "text": "γόητες",
        "tag": "w",
        "type": "word",
        "lemma": "γόης",
        "strong": "G11140",
        "morph": "Gr,N,,,,,NMP,"
      },
      {
        "text": "προκόψουσιν",
        "tag": "w",
        "type": "word",
        "lemma": "προκόπτω",
        "strong": "G42980",
        "morph": "Gr,V,IFA3,,P,"
      },
      {
        "text": "ἐπὶ",
        "tag": "w",
        "type": "word",
        "lemma": "ἐπί",
        "strong": "G19090",
        "morph": "Gr,P,,,,,A,,,"
      },
      {
        "text": "τὸ",
        "tag": "w",
        "type": "word",
        "lemma": "ὁ",
        "strong": "G35880",
        "morph": "Gr,EA,,,,ANS,"
      },
      {
        "text": "χεῖρον",
        "tag": "w",
        "type": "word",
        "lemma": "χείρων",
        "strong": "G55010",
        "morph": "Gr,AA,,,,ANSC"
      },
      {
        "type": "text",
        "text": ","
      },
      {
        "text": "πλανῶντες",
        "tag": "w",
        "type": "word",
        "lemma": "πλανάω",
        "strong": "G41050",
        "morph": "Gr,V,PPA,NMP,",
        "tw": "rc://*/tw/dict/bible/other/deceive"
      },
      {
        "text": "καὶ",
        "tag": "w",
        "type": "word",
        "lemma": "καί",
        "strong": "G25320",
        "morph": "Gr,CC,,,,,,,,"
      },
      {
        "text": "πλανώμενοι",
        "tag": "w",
        "type": "word",
        "lemma": "πλανάω",
        "strong": "G41050",
        "morph": "Gr,V,PPP,NMP,",
        "tw": "rc://*/tw/dict/bible/other/deceive"
      },
      {
        "type": "text",
        "text": ".\n\n"
      }
    ]
  },
  "14": {
    "verseObjects": [
      {
        "text": "σὺ",
        "tag": "w",
        "type": "word",
        "lemma": "σύ",
        "strong": "G47710",
        "morph": "Gr,RP,,,2N,S,"
      },
      {
        "text": "δὲ",
        "tag": "w",
        "type": "word",
        "lemma": "δέ",
        "strong": "G11610",
        "morph": "Gr,CC,,,,,,,,"
      },
      {
        "text": "μένε",
        "tag": "w",
        "type": "word",
        "lemma": "μένω",
        "strong": "G33060",
        "morph": "Gr,V,MPA2,,S,"
      },
      {
        "text": "ἐν",
        "tag": "w",
        "type": "word",
        "lemma": "ἐν",
        "strong": "G17220",
        "morph": "Gr,P,,,,,D,,,"
      },
      {
        "text": "οἷς",
        "tag": "w",
        "type": "word",
        "lemma": "ὅς",
        "strong": "G37390",
        "morph": "Gr,RR,,,,DNP,"
      },
      {
        "text": "ἔμαθες",
        "tag": "w",
        "type": "word",
        "lemma": "μανθάνω",
        "strong": "G31290",
        "morph": "Gr,V,IAA2,,S,"
      },
      {
        "text": "καὶ",
        "tag": "w",
        "type": "word",
        "lemma": "καί",
        "strong": "G25320",
        "morph": "Gr,CC,,,,,,,,"
      },
      {
        "text": "ἐπιστώθης",
        "tag": "w",
        "type": "word",
        "lemma": "πιστόω",
        "strong": "G41040",
        "morph": "Gr,V,IAP2,,S,"
      },
      {
        "type": "text",
        "text": ","
      },
      {
        "text": "εἰδὼς",
        "tag": "w",
        "type": "word",
        "lemma": "εἴδω",
        "strong": "G14920",
        "morph": "Gr,V,PEA,NMS,",
        "tw": "rc://*/tw/dict/bible/other/know"
      },
      {
        "text": "παρὰ",
        "tag": "w",
        "type": "word",
        "lemma": "παρά",
        "strong": "G38440",
        "morph": "Gr,P,,,,,G,,,"
      },
      {
        "text": "τίνων",
        "tag": "w",
        "type": "word",
        "lemma": "τίς",
        "strong": "G51010",
        "morph": "Gr,RT,,,,GMP,"
      },
      {
        "text": "ἔμαθες",
        "tag": "w",
        "type": "word",
        "lemma": "μανθάνω",
        "strong": "G31290",
        "morph": "Gr,V,IAA2,,S,"
      },
      {
        "type": "text",
        "text": ";\n\n"
      }
    ]
  },
  "15": {
    "verseObjects": [
      {
        "text": "καὶ",
        "tag": "w",
        "type": "word",
        "lemma": "καί",
        "strong": "G25320",
        "morph": "Gr,CC,,,,,,,,"
      },
      {
        "text": "ὅτι",
        "tag": "w",
        "type": "word",
        "lemma": "ὅτι",
        "strong": "G37540",
        "morph": "Gr,CS,,,,,,,,"
      },
      {
        "text": "ἀπὸ",
        "tag": "w",
        "type": "word",
        "lemma": "ἀπό",
        "strong": "G05750",
        "morph": "Gr,P,,,,,G,,,"
      },
      {
        "text": "βρέφους",
        "tag": "w",
        "type": "word",
        "lemma": "βρέφος",
        "strong": "G10250",
        "morph": "Gr,N,,,,,GNS,",
        "tw": "rc://*/tw/dict/bible/kt/children"
      },
      {
        "tag": "k",
        "type": "milestone",
        "tw": "rc://*/tw/dict/bible/kt/wordofgod",
        "children": [
          {
            "text": "ἱερὰ",
            "tag": "w",
            "type": "word",
            "lemma": "ἱερός",
            "strong": "G24130",
            "morph": "Gr,AA,,,,ANP,",
            "tw": "rc://*/tw/dict/bible/kt/holy"
          },
          {
            "text": "γράμματα",
            "tag": "w",
            "type": "word",
            "lemma": "γράμμα",
            "strong": "G11210",
            "morph": "Gr,N,,,,,ANP,"
          }
        ],
        "endTag": "k-e\\*"
      },
      {
        "text": "οἶδας",
        "tag": "w",
        "type": "word",
        "lemma": "οἶδα",
        "strong": "G14920",
        "morph": "Gr,V,IEA2,,S,",
        "tw": "rc://*/tw/dict/bible/other/know"
      },
      {
        "type": "text",
        "text": ","
      },
      {
        "text": "τὰ",
        "tag": "w",
        "type": "word",
        "lemma": "ὁ",
        "strong": "G35880",
        "morph": "Gr,RD,,,,ANP,"
      },
      {
        "text": "δυνάμενά",
        "tag": "w",
        "type": "word",
        "lemma": "δύναμαι",
        "strong": "G14100",
        "morph": "Gr,V,PPM,ANP,",
        "tw": "rc://*/tw/dict/bible/kt/power"
      },
      {
        "text": "σε",
        "tag": "w",
        "type": "word",
        "lemma": "σύ",
        "strong": "G47710",
        "morph": "Gr,RP,,,2A,S,"
      },
      {
        "text": "σοφίσαι",
        "tag": "w",
        "type": "word",
        "lemma": "σοφίζω",
        "strong": "G46790",
        "morph": "Gr,V,NAA,,,,,",
        "tw": "rc://*/tw/dict/bible/kt/wise"
      },
      {
        "text": "εἰς",
        "tag": "w",
        "type": "word",
        "lemma": "εἰς",
        "strong": "G15190",
        "morph": "Gr,P,,,,,A,,,"
      },
      {
        "text": "σωτηρίαν",
        "tag": "w",
        "type": "word",
        "lemma": "σωτηρία",
        "strong": "G49910",
        "morph": "Gr,N,,,,,AFS,",
        "tw": "rc://*/tw/dict/bible/kt/save"
      },
      {
        "text": "διὰ",
        "tag": "w",
        "type": "word",
        "lemma": "διά",
        "strong": "G12230",
        "morph": "Gr,P,,,,,G,,,"
      },
      {
        "text": "πίστεως",
        "tag": "w",
        "type": "word",
        "lemma": "πίστις",
        "strong": "G41020",
        "morph": "Gr,N,,,,,GFS,",
        "tw": "rc://*/tw/dict/bible/kt/faith"
      },
      {
        "text": "τῆς",
        "tag": "w",
        "type": "word",
        "lemma": "ὁ",
        "strong": "G35880",
        "morph": "Gr,RD,,,,GFS,"
      },
      {
        "tag": "k",
        "type": "milestone",
        "tw": "rc://*/tw/dict/bible/kt/inchrist",
        "children": [
          {
            "text": "ἐν",
            "tag": "w",
            "type": "word",
            "lemma": "ἐν",
            "strong": "G17220",
            "morph": "Gr,P,,,,,D,,,"
          },
          {
            "text": "Χριστῷ",
            "tag": "w",
            "type": "word",
            "lemma": "χριστός",
            "strong": "G55470",
            "morph": "Gr,N,,,,,DMS,",
            "tw": "rc://*/tw/dict/bible/kt/christ"
          },
          {
            "text": "Ἰησοῦ",
            "tag": "w",
            "type": "word",
            "lemma": "Ἰησοῦς",
            "strong": "G24240",
            "morph": "Gr,N,,,,,DMS,",
            "tw": "rc://*/tw/dict/bible/kt/jesus"
          }
        ],
        "endTag": "k-e\\*"
      },
      {
        "type": "text",
        "text": ".\n\n"
      }
    ]
  },
  "16": {
    "verseObjects": [
      {
        "text": "πᾶσα",
        "tag": "w",
        "type": "word",
        "lemma": "πᾶς",
        "strong": "G39560",
        "morph": "Gr,EQ,,,,NFS,"
      },
      {
        "text": "Γραφὴ",
        "tag": "w",
        "type": "word",
        "lemma": "γραφή",
        "strong": "G11240",
        "morph": "Gr,N,,,,,NFS,",
        "tw": "rc://*/tw/dict/bible/kt/wordofgod"
      },
      {
        "text": "θεόπνευστος",
        "tag": "w",
        "type": "word",
        "lemma": "θεόπνευστος",
        "strong": "G23150",
        "morph": "Gr,NS,,,,NFS,",
        "tw": "rc://*/tw/dict/bible/kt/god"
      },
      {
        "text": "καὶ",
        "tag": "w",
        "type": "word",
        "lemma": "καί",
        "strong": "G25320",
        "morph": "Gr,CC,,,,,,,,"
      },
      {
        "text": "ὠφέλιμος",
        "tag": "w",
        "type": "word",
        "lemma": "ὠφέλιμος",
        "strong": "G56240",
        "morph": "Gr,NS,,,,NFS,",
        "tw": "rc://*/tw/dict/bible/other/profit"
      },
      {
        "text": "πρὸς",
        "tag": "w",
        "type": "word",
        "lemma": "πρός",
        "strong": "G43140",
        "morph": "Gr,P,,,,,A,,,"
      },
      {
        "text": "διδασκαλίαν",
        "tag": "w",
        "type": "word",
        "lemma": "διδασκαλία",
        "strong": "G13190",
        "morph": "Gr,N,,,,,AFS,",
        "tw": "rc://*/tw/dict/bible/other/teach"
      },
      {
        "type": "text",
        "text": ","
      },
      {
        "text": "πρὸς",
        "tag": "w",
        "type": "word",
        "lemma": "πρός",
        "strong": "G43140",
        "morph": "Gr,P,,,,,A,,,"
      },
      {
        "text": "ἐλεγμόν",
        "tag": "w",
        "type": "word",
        "lemma": "ἐλεγμός",
        "strong": "G16500",
        "morph": "Gr,N,,,,,AMS,"
      },
      {
        "type": "text",
        "text": ","
      },
      {
        "text": "πρὸς",
        "tag": "w",
        "type": "word",
        "lemma": "πρός",
        "strong": "G43140",
        "morph": "Gr,P,,,,,A,,,"
      },
      {
        "text": "ἐπανόρθωσιν",
        "tag": "w",
        "type": "word",
        "lemma": "ἐπανόρθωσις",
        "strong": "G18820",
        "morph": "Gr,N,,,,,AFS,"
      },
      {
        "type": "text",
        "text": ","
      },
      {
        "text": "πρὸς",
        "tag": "w",
        "type": "word",
        "lemma": "πρός",
        "strong": "G43140",
        "morph": "Gr,P,,,,,A,,,"
      },
      {
        "text": "παιδείαν",
        "tag": "w",
        "type": "word",
        "lemma": "παιδεία",
        "strong": "G38090",
        "morph": "Gr,N,,,,,AFS,",
        "tw": "rc://*/tw/dict/bible/other/instruct"
      },
      {
        "text": "τὴν",
        "tag": "w",
        "type": "word",
        "lemma": "ὁ",
        "strong": "G35880",
        "morph": "Gr,RD,,,,AFS,"
      },
      {
        "text": "ἐν",
        "tag": "w",
        "type": "word",
        "lemma": "ἐν",
        "strong": "G17220",
        "morph": "Gr,P,,,,,D,,,"
      },
      {
        "text": "δικαιοσύνῃ",
        "tag": "w",
        "type": "word",
        "lemma": "δικαιοσύνη",
        "strong": "G13430",
        "morph": "Gr,N,,,,,DFS,",
        "tw": "rc://*/tw/dict/bible/kt/righteous"
      },
      {
        "type": "text",
        "text": ",\n\n"
      }
    ]
  },
  "17": {
    "verseObjects": [
      {
        "text": "ἵνα",
        "tag": "w",
        "type": "word",
        "lemma": "ἵνα",
        "strong": "G24430",
        "morph": "Gr,CS,,,,,,,,"
      },
      {
        "text": "ἄρτιος",
        "tag": "w",
        "type": "word",
        "lemma": "ἄρτιος",
        "strong": "G07390",
        "morph": "Gr,NP,,,,NMS,"
      },
      {
        "text": "ᾖ",
        "tag": "w",
        "type": "word",
        "lemma": "εἰμί",
        "strong": "G15100",
        "morph": "Gr,V,SPA3,,S,"
      },
      {
        "text": "ὁ",
        "tag": "w",
        "type": "word",
        "lemma": "ὁ",
        "strong": "G35880",
        "morph": "Gr,EA,,,,NMS,"
      },
      {
        "tag": "k",
        "type": "milestone",
        "tw": "rc://*/tw/dict/bible/names/manofgod",
        "children": [
          {
            "text": "τοῦ",
            "tag": "w",
            "type": "word",
            "lemma": "ὁ",
            "strong": "G35880",
            "morph": "Gr,EA,,,,GMS,"
          },
          {
            "text": "Θεοῦ",
            "tag": "w",
            "type": "word",
            "lemma": "θεός",
            "strong": "G23160",
            "morph": "Gr,N,,,,,GMS,",
            "tw": "rc://*/tw/dict/bible/kt/god"
          },
          {
            "text": "ἄνθρωπος",
            "tag": "w",
            "type": "word",
            "lemma": "ἄνθρωπος",
            "strong": "G04440",
            "morph": "Gr,N,,,,,NMS,"
          }
        ],
        "endTag": "k-e\\*"
      },
      {
        "type": "text",
        "text": ","
      },
      {
        "text": "πρὸς",
        "tag": "w",
        "type": "word",
        "lemma": "πρός",
        "strong": "G43140",
        "morph": "Gr,P,,,,,A,,,"
      },
      {
        "text": "πᾶν",
        "tag": "w",
        "type": "word",
        "lemma": "πᾶς",
        "strong": "G39560",
        "morph": "Gr,EQ,,,,ANS,"
      },
      {
        "text": "ἔργον",
        "tag": "w",
        "type": "word",
        "lemma": "ἔργον",
        "strong": "G20410",
        "morph": "Gr,N,,,,,ANS,",
        "tw": "rc://*/tw/dict/bible/kt/works"
      },
      {
        "text": "ἀγαθὸν",
        "tag": "w",
        "type": "word",
        "lemma": "ἀγαθός",
        "strong": "G00180",
        "morph": "Gr,AA,,,,ANS,",
        "tw": "rc://*/tw/dict/bible/kt/good"
      },
      {
        "text": "ἐξηρτισμένος",
        "tag": "w",
        "type": "word",
        "lemma": "ἐξαρτίζω",
        "strong": "G18220",
        "morph": "Gr,V,PEP,NMS,"
      },
      {
        "type": "text",
        "text": ".\n\n"
      }
    ]
  },
  "front": {
    "verseObjects": [
      {
        "tag": "p",
        "nextChar": "\n",
        "type": "paragraph"
      },
      {
        "type": "text",
        "text": "\n"
      }
    ]
  }
}