{
  "1": {
    "verseObjects": [
      {
        "text": "αὐτοὶ",
        "tag": "w",
        "type": "word",
        "lemma": "αὐτός",
        "strong": "G08460",
        "morph": "Gr,RE,,,2NMP,"
      },
      {
        "text": "γὰρ",
        "tag": "w",
        "type": "word",
        "lemma": "γάρ",
        "strong": "G10630",
        "morph": "Gr,CC,,,,,,,,"
      },
      {
        "text": "οἴδατε",
        "tag": "w",
        "type": "word",
        "lemma": "οἶδα",
        "strong": "G14920",
        "morph": "Gr,V,IEA2,,P,",
        "tw": "rc://*/tw/dict/bible/other/know"
      },
      {
        "type": "text",
        "text": ","
      },
      {
        "text": "ἀδελφοί",
        "tag": "w",
        "type": "word",
        "lemma": "ἀδελφός",
        "strong": "G00800",
        "morph": "Gr,N,,,,,VMP,",
        "tw": "rc://*/tw/dict/bible/kt/brother"
      },
      {
        "type": "text",
        "text": ","
      },
      {
        "text": "τὴν",
        "tag": "w",
        "type": "word",
        "lemma": "ὁ",
        "strong": "G35880",
        "morph": "Gr,EA,,,,AFS,"
      },
      {
        "text": "εἴσοδον",
        "tag": "w",
        "type": "word",
        "lemma": "εἴσοδος",
        "strong": "G15290",
        "morph": "Gr,N,,,,,AFS,"
      },
      {
        "text": "ἡμῶν",
        "tag": "w",
        "type": "word",
        "lemma": "ἐγώ",
        "strong": "G14730",
        "morph": "Gr,RP,,,1G,P,"
      },
      {
        "text": "τὴν",
        "tag": "w",
        "type": "word",
        "lemma": "ὁ",
        "strong": "G35880",
        "morph": "Gr,RD,,,,AFS,"
      },
      {
        "text": "πρὸς",
        "tag": "w",
        "type": "word",
        "lemma": "πρός",
        "strong": "G43140",
        "morph": "Gr,P,,,,,A,,,"
      },
      {
        "text": "ὑμᾶς",
        "tag": "w",
        "type": "word",
        "lemma": "σύ",
        "strong": "G47710",
        "morph": "Gr,RP,,,2A,P,"
      },
      {
        "type": "text",
        "text": ","
      },
      {
        "text": "ὅτι",
        "tag": "w",
        "type": "word",
        "lemma": "ὅτι",
        "strong": "G37540",
        "morph": "Gr,CS,,,,,,,,"
      },
      {
        "text": "οὐ",
        "tag": "w",
        "type": "word",
        "lemma": "οὐ",
        "strong": "G37560",
        "morph": "Gr,DO,,,,,,,,"
      },
      {
        "text": "κενὴ",
        "tag": "w",
        "type": "word",
        "lemma": "κενός",
        "strong": "G27560",
        "morph": "Gr,NP,,,,NFS,",
        "tw": "rc://*/tw/dict/bible/other/vain"
      },
      {
        "text": "γέγονεν",
        "tag": "w",
        "type": "word",
        "lemma": "γίνομαι",
        "strong": "G10960",
        "morph": "Gr,V,IEA3,,S,"
      },
      {
        "type": "text",
        "text": ",\n\n"
      }
    ]
  },
  "2": {
    "verseObjects": [
      {
        "text": "ἀλλὰ",
        "tag": "w",
        "type": "word",
        "lemma": "ἀλλά",
        "strong": "G02350",
        "morph": "Gr,CO,,,,,,,,"
      },
      {
        "text": "προπαθόντες",
        "tag": "w",
        "type": "word",
        "lemma": "προπάσχω",
        "strong": "G43100",
        "morph": "Gr,V,PAA,NMP,",
        "tw": "rc://*/tw/dict/bible/other/suffer"
      },
      {
        "text": "καὶ",
        "tag": "w",
        "type": "word",
        "lemma": "καί",
        "strong": "G25320",
        "morph": "Gr,CC,,,,,,,,"
      },
      {
        "text": "ὑβρισθέντες",
        "tag": "w",
        "type": "word",
        "lemma": "ὑβρίζω",
        "strong": "G51950",
        "morph": "Gr,V,PAP,NMP,"
      },
      {
        "type": "text",
        "text": ","
      },
      {
        "text": "καθὼς",
        "tag": "w",
        "type": "word",
        "lemma": "καθώς",
        "strong": "G25310",
        "morph": "Gr,D,,,,,,,,,",
        "tw": "rc://*/tw/dict/bible/other/like"
      },
      {
        "text": "οἴδατε",
        "tag": "w",
        "type": "word",
        "lemma": "οἶδα",
        "strong": "G14920",
        "morph": "Gr,V,IEA2,,P,",
        "tw": "rc://*/tw/dict/bible/other/know"
      },
      {
        "type": "text",
        "text": ","
      },
      {
        "text": "ἐν",
        "tag": "w",
        "type": "word",
        "lemma": "ἐν",
        "strong": "G17220",
        "morph": "Gr,P,,,,,D,,,"
      },
      {
        "text": "Φιλίπποις",
        "tag": "w",
        "type": "word",
        "lemma": "Φίλιπποι",
        "strong": "G53750",
        "morph": "Gr,N,,,,,DMP,",
        "tw": "rc://*/tw/dict/bible/names/philippi"
      },
      {
        "text": "ἐπαρρησιασάμεθα",
        "tag": "w",
        "type": "word",
        "lemma": "παρρησιάζομαι",
        "strong": "G39550",
        "morph": "Gr,V,IAM1,,P,",
        "tw": "rc://*/tw/dict/bible/other/bold"
      },
      {
        "text": "ἐν",
        "tag": "w",
        "type": "word",
        "lemma": "ἐν",
        "strong": "G17220",
        "morph": "Gr,P,,,,,D,,,"
      },
      {
        "text": "τῷ",
        "tag": "w",
        "type": "word",
        "lemma": "ὁ",
        "strong": "G35880",
        "morph": "Gr,EA,,,,DMS,"
      },
      {
        "text": "Θεῷ",
        "tag": "w",
        "type": "word",
        "lemma": "θεός",
        "strong": "G23160",
        "morph": "Gr,N,,,,,DMS,",
        "tw": "rc://*/tw/dict/bible/kt/god"
      },
      {
        "text": "ἡμῶν",
        "tag": "w",
        "type": "word",
        "lemma": "ἐγώ",
        "strong": "G14730",
        "morph": "Gr,RP,,,1G,P,"
      },
      {
        "type": "text",
        "text": ","
      },
      {
        "text": "λαλῆσαι",
        "tag": "w",
        "type": "word",
        "lemma": "λαλέω",
        "strong": "G29800",
        "morph": "Gr,V,NAA,,,,,"
      },
      {
        "text": "πρὸς",
        "tag": "w",
        "type": "word",
        "lemma": "πρός",
        "strong": "G43140",
        "morph": "Gr,P,,,,,A,,,"
      },
      {
        "text": "ὑμᾶς",
        "tag": "w",
        "type": "word",
        "lemma": "σύ",
        "strong": "G47710",
        "morph": "Gr,RP,,,2A,P,"
      },
      {
        "text": "τὸ",
        "tag": "w",
        "type": "word",
        "lemma": "ὁ",
        "strong": "G35880",
        "morph": "Gr,EA,,,,ANS,"
      },
      {
        "text": "εὐαγγέλιον",
        "tag": "w",
        "type": "word",
        "lemma": "εὐαγγέλιον",
        "strong": "G20980",
        "morph": "Gr,N,,,,,ANS,",
        "tw": "rc://*/tw/dict/bible/kt/goodnews"
      },
      {
        "text": "τοῦ",
        "tag": "w",
        "type": "word",
        "lemma": "ὁ",
        "strong": "G35880",
        "morph": "Gr,EA,,,,GMS,"
      },
      {
        "text": "Θεοῦ",
        "tag": "w",
        "type": "word",
        "lemma": "θεός",
        "strong": "G23160",
        "morph": "Gr,N,,,,,GMS,",
        "tw": "rc://*/tw/dict/bible/kt/god"
      },
      {
        "text": "ἐν",
        "tag": "w",
        "type": "word",
        "lemma": "ἐν",
        "strong": "G17220",
        "morph": "Gr,P,,,,,D,,,"
      },
      {
        "text": "πολλῷ",
        "tag": "w",
        "type": "word",
        "lemma": "πολλός",
        "strong": "G41830",
        "morph": "Gr,EQ,,,,DMS,"
      },
      {
        "text": "ἀγῶνι",
        "tag": "w",
        "type": "word",
        "lemma": "ἀγών",
        "strong": "G00730",
        "morph": "Gr,N,,,,,DMS,"
      },
      {
        "type": "text",
        "text": ".\n\n"
      }
    ]
  },
  "3": {
    "verseObjects": [
      {
        "text": "ἡ",
        "tag": "w",
        "type": "word",
        "lemma": "ὁ",
        "strong": "G35880",
        "morph": "Gr,EA,,,,NFS,"
      },
      {
        "text": "γὰρ",
        "tag": "w",
        "type": "word",
        "lemma": "γάρ",
        "strong": "G10630",
        "morph": "Gr,CC,,,,,,,,"
      },
      {
        "text": "παράκλησις",
        "tag": "w",
        "type": "word",
        "lemma": "παράκλησις",
        "strong": "G38740",
        "morph": "Gr,N,,,,,NFS,",
        "tw": "rc://*/tw/dict/bible/kt/exhort"
      },
      {
        "text": "ἡμῶν",
        "tag": "w",
        "type": "word",
        "lemma": "ἐγώ",
        "strong": "G14730",
        "morph": "Gr,RP,,,1G,P,"
      },
      {
        "text": "οὐκ",
        "tag": "w",
        "type": "word",
        "lemma": "οὐ",
        "strong": "G37560",
        "morph": "Gr,DO,,,,,,,,"
      },
      {
        "text": "ἐκ",
        "tag": "w",
        "type": "word",
        "lemma": "ἐκ",
        "strong": "G15370",
        "morph": "Gr,P,,,,,G,,,"
      },
      {
        "text": "πλάνης",
        "tag": "w",
        "type": "word",
        "lemma": "πλάνη",
        "strong": "G41060",
        "morph": "Gr,N,,,,,GFS,",
        "tw": "rc://*/tw/dict/bible/other/deceive"
      },
      {
        "type": "text",
        "text": ","
      },
      {
        "text": "οὐδὲ",
        "tag": "w",
        "type": "word",
        "lemma": "οὐδέ",
        "strong": "G37610",
        "morph": "Gr,CO,,,,,,,,"
      },
      {
        "text": "ἐξ",
        "tag": "w",
        "type": "word",
        "lemma": "ἐκ",
        "strong": "G15370",
        "morph": "Gr,P,,,,,G,,,"
      },
      {
        "text": "ἀκαθαρσίας",
        "tag": "w",
        "type": "word",
        "lemma": "ἀκαθαρσία",
        "strong": "G01670",
        "morph": "Gr,N,,,,,GFS,"
      },
      {
        "type": "text",
        "text": ","
      },
      {
        "text": "οὐδὲ",
        "tag": "w",
        "type": "word",
        "lemma": "οὐδέ",
        "strong": "G37610",
        "morph": "Gr,CO,,,,,,,,"
      },
      {
        "text": "ἐν",
        "tag": "w",
        "type": "word",
        "lemma": "ἐν",
        "strong": "G17220",
        "morph": "Gr,P,,,,,D,,,"
      },
      {
        "text": "δόλῳ",
        "tag": "w",
        "type": "word",
        "lemma": "δόλος",
        "strong": "G13880",
        "morph": "Gr,N,,,,,DMS,",
        "tw": "rc://*/tw/dict/bible/other/deceive"
      },
      {
        "type": "text",
        "text": ",\n\n"
      }
    ]
  },
  "4": {
    "verseObjects": [
      {
        "text": "ἀλλὰ",
        "tag": "w",
        "type": "word",
        "lemma": "ἀλλά",
        "strong": "G02350",
        "morph": "Gr,CO,,,,,,,,"
      },
      {
        "text": "καθὼς",
        "tag": "w",
        "type": "word",
        "lemma": "καθώς",
        "strong": "G25310",
        "morph": "Gr,D,,,,,,,,,",
        "tw": "rc://*/tw/dict/bible/other/like"
      },
      {
        "text": "δεδοκιμάσμεθα",
        "tag": "w",
        "type": "word",
        "lemma": "δοκιμάζω",
        "strong": "G13810",
        "morph": "Gr,V,IEP1,,P,",
        "tw": "rc://*/tw/dict/bible/kt/test"
      },
      {
        "text": "ὑπὸ",
        "tag": "w",
        "type": "word",
        "lemma": "ὑπό",
        "strong": "G52590",
        "morph": "Gr,P,,,,,G,,,"
      },
      {
        "text": "τοῦ",
        "tag": "w",
        "type": "word",
        "lemma": "ὁ",
        "strong": "G35880",
        "morph": "Gr,EA,,,,GMS,"
      },
      {
        "text": "Θεοῦ",
        "tag": "w",
        "type": "word",
        "lemma": "θεός",
        "strong": "G23160",
        "morph": "Gr,N,,,,,GMS,",
        "tw": "rc://*/tw/dict/bible/kt/god"
      },
      {
        "type": "text",
        "text": ","
      },
      {
        "text": "πιστευθῆναι",
        "tag": "w",
        "type": "word",
        "lemma": "πιστεύω",
        "strong": "G41000",
        "morph": "Gr,V,NAP,,,,,",
        "tw": "rc://*/tw/dict/bible/kt/trust"
      },
      {
        "text": "τὸ",
        "tag": "w",
        "type": "word",
        "lemma": "ὁ",
        "strong": "G35880",
        "morph": "Gr,EA,,,,ANS,"
      },
      {
        "text": "εὐαγγέλιον",
        "tag": "w",
        "type": "word",
        "lemma": "εὐαγγέλιον",
        "strong": "G20980",
        "morph": "Gr,N,,,,,ANS,",
        "tw": "rc://*/tw/dict/bible/kt/goodnews"
      },
      {
        "type": "text",
        "text": ","
      },
      {
        "text": "οὕτως",
        "tag": "w",
        "type": "word",
        "lemma": "οὕτως",
        "strong": "G37790",
        "morph": "Gr,D,,,,,,,,,"
      },
      {
        "text": "λαλοῦμεν",
        "tag": "w",
        "type": "word",
        "lemma": "λαλέω",
        "strong": "G29800",
        "morph": "Gr,V,IPA1,,P,"
      },
      {
        "type": "text",
        "text": ";"
      },
      {
        "text": "οὐχ",
        "tag": "w",
        "type": "word",
        "lemma": "οὐ",
        "strong": "G37560",
        "morph": "Gr,DO,,,,,,,,"
      },
      {
        "text": "ὡς",
        "tag": "w",
        "type": "word",
        "lemma": "ὡς",
        "strong": "G56130",
        "morph": "Gr,CS,,,,,,,,",
        "tw": "rc://*/tw/dict/bible/other/like"
      },
      {
        "text": "ἀνθρώποις",
        "tag": "w",
        "type": "word",
        "lemma": "ἄνθρωπος",
        "strong": "G04440",
        "morph": "Gr,N,,,,,DMP,"
      },
      {
        "text": "ἀρέσκοντες",
        "tag": "w",
        "type": "word",
        "lemma": "ἀρέσκω",
        "strong": "G07000",
        "morph": "Gr,V,PPA,NMP,"
      },
      {
        "type": "text",
        "text": ","
      },
      {
        "text": "ἀλλὰ",
        "tag": "w",
        "type": "word",
        "lemma": "ἀλλά",
        "strong": "G02350",
        "morph": "Gr,CO,,,,,,,,"
      },
      {
        "text": "Θεῷ",
        "tag": "w",
        "type": "word",
        "lemma": "θεός",
        "strong": "G23160",
        "morph": "Gr,N,,,,,DMS,",
        "tw": "rc://*/tw/dict/bible/kt/god"
      },
      {
        "type": "text",
        "text": ","
      },
      {
        "text": "τῷ",
        "tag": "w",
        "type": "word",
        "lemma": "ὁ",
        "strong": "G35880",
        "morph": "Gr,RD,,,,DMS,"
      },
      {
        "text": "δοκιμάζοντι",
        "tag": "w",
        "type": "word",
        "lemma": "δοκιμάζω",
        "strong": "G13810",
        "morph": "Gr,V,PPA,DMS,",
        "tw": "rc://*/tw/dict/bible/kt/test"
      },
      {
        "text": "τὰς",
        "tag": "w",
        "type": "word",
        "lemma": "ὁ",
        "strong": "G35880",
        "morph": "Gr,EA,,,,AFP,"
      },
      {
        "text": "καρδίας",
        "tag": "w",
        "type": "word",
        "lemma": "καρδία",
        "strong": "G25880",
        "morph": "Gr,N,,,,,AFP,",
        "tw": "rc://*/tw/dict/bible/kt/heart"
      },
      {
        "text": "ἡμῶν",
        "tag": "w",
        "type": "word",
        "lemma": "ἐγώ",
        "strong": "G14730",
        "morph": "Gr,RP,,,1G,P,"
      },
      {
        "type": "text",
        "text": ".\n\n"
      }
    ]
  },
  "5": {
    "verseObjects": [
      {
        "text": "οὔτε",
        "tag": "w",
        "type": "word",
        "lemma": "οὔτε",
        "strong": "G37770",
        "morph": "Gr,DO,,,,,,,,"
      },
      {
        "text": "γάρ",
        "tag": "w",
        "type": "word",
        "lemma": "γάρ",
        "strong": "G10630",
        "morph": "Gr,CC,,,,,,,,"
      },
      {
        "text": "ποτε",
        "tag": "w",
        "type": "word",
        "lemma": "ποτέ",
        "strong": "G42180",
        "morph": "Gr,D,,,,,,,,,"
      },
      {
        "text": "ἐν",
        "tag": "w",
        "type": "word",
        "lemma": "ἐν",
        "strong": "G17220",
        "morph": "Gr,P,,,,,D,,,"
      },
      {
        "text": "λόγῳ",
        "tag": "w",
        "type": "word",
        "lemma": "λόγος",
        "strong": "G30560",
        "morph": "Gr,N,,,,,DMS,",
        "tw": "rc://*/tw/dict/bible/other/word"
      },
      {
        "text": "κολακίας",
        "tag": "w",
        "type": "word",
        "lemma": "κολακία",
        "strong": "G28500",
        "morph": "Gr,N,,,,,GFS,"
      },
      {
        "text": "ἐγενήθημεν",
        "tag": "w",
        "type": "word",
        "lemma": "γίνομαι",
        "strong": "G10960",
        "morph": "Gr,V,IAP1,,P,"
      },
      {
        "type": "text",
        "text": ","
      },
      {
        "text": "καθὼς",
        "tag": "w",
        "type": "word",
        "lemma": "καθώς",
        "strong": "G25310",
        "morph": "Gr,D,,,,,,,,,",
        "tw": "rc://*/tw/dict/bible/other/like"
      },
      {
        "text": "οἴδατε",
        "tag": "w",
        "type": "word",
        "lemma": "οἶδα",
        "strong": "G14920",
        "morph": "Gr,V,IEA2,,P,",
        "tw": "rc://*/tw/dict/bible/other/know"
      },
      {
        "type": "text",
        "text": ","
      },
      {
        "text": "οὔτε",
        "tag": "w",
        "type": "word",
        "lemma": "οὔτε",
        "strong": "G37770",
        "morph": "Gr,CO,,,,,,,,"
      },
      {
        "text": "ἐν",
        "tag": "w",
        "type": "word",
        "lemma": "ἐν",
        "strong": "G17220",
        "morph": "Gr,P,,,,,D,,,"
      },
      {
        "text": "προφάσει",
        "tag": "w",
        "type": "word",
        "lemma": "πρόφασις",
        "strong": "G43920",
        "morph": "Gr,N,,,,,DFS,"
      },
      {
        "text": "πλεονεξίας",
        "tag": "w",
        "type": "word",
        "lemma": "πλεονεξία",
        "strong": "G41240",
        "morph": "Gr,N,,,,,GFS,",
        "tw": "rc://*/tw/dict/bible/other/envy"
      },
      {
        "text": "Θεὸς",
        "tag": "w",
        "type": "word",
        "lemma": "θεός",
        "strong": "G23160",
        "morph": "Gr,N,,,,,NMS,",
        "tw": "rc://*/tw/dict/bible/kt/god"
      },
      {
        "type": "text",
        "text": "("
      },
      {
        "text": "μάρτυς",
        "tag": "w",
        "type": "word",
        "lemma": "μάρτυς",
        "strong": "G31440",
        "morph": "Gr,N,,,,,NMS,",
        "tw": "rc://*/tw/dict/bible/kt/testimony"
      },
      {
        "type": "text",
        "text": ")\n\n"
      }
    ]
  },
  "6": {
    "verseObjects": [
      {
        "text": "οὔτε",
        "tag": "w",
        "type": "word",
        "lemma": "οὔτε",
        "strong": "G37770",
        "morph": "Gr,CO,,,,,,,,"
      },
      {
        "text": "ζητοῦντες",
        "tag": "w",
        "type": "word",
        "lemma": "ζητέω",
        "strong": "G22120",
        "morph": "Gr,V,PPA,NMP,",
        "tw": "rc://*/tw/dict/bible/other/seek"
      },
      {
        "text": "ἐξ",
        "tag": "w",
        "type": "word",
        "lemma": "ἐκ",
        "strong": "G15370",
        "morph": "Gr,P,,,,,G,,,"
      },
      {
        "text": "ἀνθρώπων",
        "tag": "w",
        "type": "word",
        "lemma": "ἄνθρωπος",
        "strong": "G04440",
        "morph": "Gr,N,,,,,GMP,"
      },
      {
        "text": "δόξαν",
        "tag": "w",
        "type": "word",
        "lemma": "δόξα",
        "strong": "G13910",
        "morph": "Gr,N,,,,,AFS,",
        "tw": "rc://*/tw/dict/bible/kt/glory"
      },
      {
        "type": "text",
        "text": ","
      },
      {
        "text": "οὔτε",
        "tag": "w",
        "type": "word",
        "lemma": "οὔτε",
        "strong": "G37770",
        "morph": "Gr,DO,,,,,,,,"
      },
      {
        "text": "ἀφ’",
        "tag": "w",
        "type": "word",
        "lemma": "ἀπό",
        "strong": "G05750",
        "morph": "Gr,P,,,,,G,,,"
      },
      {
        "text": "ὑμῶν",
        "tag": "w",
        "type": "word",
        "lemma": "σύ",
        "strong": "G47710",
        "morph": "Gr,RP,,,2G,P,"
      },
      {
        "type": "text",
        "text": ","
      },
      {
        "text": "οὔτε",
        "tag": "w",
        "type": "word",
        "lemma": "οὔτε",
        "strong": "G37770",
        "morph": "Gr,CO,,,,,,,,"
      },
      {
        "text": "ἀπ’",
        "tag": "w",
        "type": "word",
        "lemma": "ἀπό",
        "strong": "G05750",
        "morph": "Gr,P,,,,,G,,,"
      },
      {
        "text": "ἄλλων",
        "tag": "w",
        "type": "word",
        "lemma": "ἄλλος",
        "strong": "G02430",
        "morph": "Gr,RI,,,,GMP,"
      },
      {
        "type": "text",
        "text": ",\n\n"
      }
    ]
  },
  "7": {
    "verseObjects": [
      {
        "text": "δυνάμενοι",
        "tag": "w",
        "type": "word",
        "lemma": "δύναμαι",
        "strong": "G14100",
        "morph": "Gr,V,PPM,NMP,"
      },
      {
        "text": "ἐν",
        "tag": "w",
        "type": "word",
        "lemma": "ἐν",
        "strong": "G17220",
        "morph": "Gr,P,,,,,D,,,"
      },
      {
        "text": "βάρει",
        "tag": "w",
        "type": "word",
        "lemma": "βάρος",
        "strong": "G09220",
        "morph": "Gr,N,,,,,DNS,",
        "tw": "rc://*/tw/dict/bible/other/burden"
      },
      {
        "text": "εἶναι",
        "tag": "w",
        "type": "word",
        "lemma": "εἰμί",
        "strong": "G15100",
        "morph": "Gr,V,NPA,,,,,"
      },
      {
        "type": "text",
        "text": ","
      },
      {
        "text": "ὡς",
        "tag": "w",
        "type": "word",
        "lemma": "ὡς",
        "strong": "G56130",
        "morph": "Gr,CS,,,,,,,,",
        "tw": "rc://*/tw/dict/bible/other/like"
      },
      {
        "text": "Χριστοῦ",
        "tag": "w",
        "type": "word",
        "lemma": "χριστός",
        "strong": "G55470",
        "morph": "Gr,N,,,,,GMS,",
        "tw": "rc://*/tw/dict/bible/kt/christ"
      },
      {
        "text": "ἀπόστολοι",
        "tag": "w",
        "type": "word",
        "lemma": "ἀπόστολος",
        "strong": "G06520",
        "morph": "Gr,N,,,,,NMP,",
        "tw": "rc://*/tw/dict/bible/kt/apostle"
      },
      {
        "type": "text",
        "text": "."
      },
      {
        "text": "ἀλλὰ",
        "tag": "w",
        "type": "word",
        "lemma": "ἀλλά",
        "strong": "G02350",
        "morph": "Gr,CO,,,,,,,,"
      },
      {
        "text": "ἐγενήθημεν",
        "tag": "w",
        "type": "word",
        "lemma": "γίνομαι",
        "strong": "G10960",
        "morph": "Gr,V,IAP1,,P,"
      },
      {
        "text": "νήπιοι",
        "tag": "w",
        "type": "word",
        "lemma": "νήπιος",
        "strong": "G35160",
        "morph": "Gr,NP,,,,NMP,",
        "tw": "rc://*/tw/dict/bible/kt/children"
      },
      {
        "text": "ἐν",
        "tag": "w",
        "type": "word",
        "lemma": "ἐν",
        "strong": "G17220",
        "morph": "Gr,P,,,,,D,,,"
      },
      {
        "text": "μέσῳ",
        "tag": "w",
        "type": "word",
        "lemma": "μέσος",
        "strong": "G33190",
        "morph": "Gr,NS,,,,DNS,"
      },
      {
        "text": "ὑμῶν",
        "tag": "w",
        "type": "word",
        "lemma": "σύ",
        "strong": "G47710",
        "morph": "Gr,RP,,,2G,P,"
      },
      {
        "type": "text",
        "text": ","
      },
      {
        "text": "ὡς",
        "tag": "w",
        "type": "word",
        "lemma": "ὡς",
        "strong": "G56130",
        "morph": "Gr,CS,,,,,,,,",
        "tw": "rc://*/tw/dict/bible/other/like"
      },
      {
        "text": "ἐὰν",
        "tag": "w",
        "type": "word",
        "lemma": "ἐάν",
        "strong": "G14370",
        "morph": "Gr,CS,,,,,,,,"
      },
      {
        "text": "τροφὸς",
        "tag": "w",
        "type": "word",
        "lemma": "τροφός",
        "strong": "G51620",
        "morph": "Gr,N,,,,,NFS,"
      },
      {
        "text": "θάλπῃ",
        "tag": "w",
        "type": "word",
        "lemma": "θάλπω",
        "strong": "G22820",
        "morph": "Gr,V,SPA3,,S,"
      },
      {
        "text": "τὰ",
        "tag": "w",
        "type": "word",
        "lemma": "ὁ",
        "strong": "G35880",
        "morph": "Gr,EA,,,,ANP,"
      },
      {
        "text": "ἑαυτῆς",
        "tag": "w",
        "type": "word",
        "lemma": "ἑαυτοῦ",
        "strong": "G14380",
        "morph": "Gr,RE,,,3GFS,"
      },
      {
        "text": "τέκνα",
        "tag": "w",
        "type": "word",
        "lemma": "τέκνον",
        "strong": "G50430",
        "morph": "Gr,N,,,,,ANP,",
        "tw": "rc://*/tw/dict/bible/kt/children"
      },
      {
        "type": "text",
        "text": ".\n\n"
      }
    ]
  },
  "8": {
    "verseObjects": [
      {
        "text": "οὕτως",
        "tag": "w",
        "type": "word",
        "lemma": "οὕτως",
        "strong": "G37790",
        "morph": "Gr,D,,,,,,,,,"
      },
      {
        "text": "ὁμειρόμενοι",
        "tag": "w",
        "type": "word",
        "lemma": "ὁμείρομαι",
        "strong": "G24420",
        "morph": "Gr,V,PPM,NMP,"
      },
      {
        "text": "ὑμῶν",
        "tag": "w",
        "type": "word",
        "lemma": "σύ",
        "strong": "G47710",
        "morph": "Gr,RP,,,2G,P,"
      },
      {
        "type": "text",
        "text": ","
      },
      {
        "text": "εὐδοκοῦμεν",
        "tag": "w",
        "type": "word",
        "lemma": "εὐδοκέω",
        "strong": "G21060",
        "morph": "Gr,V,IIA1,,P,",
        "tw": "rc://*/tw/dict/bible/other/delight"
      },
      {
        "text": "μεταδοῦναι",
        "tag": "w",
        "type": "word",
        "lemma": "μεταδίδωμι",
        "strong": "G33300",
        "morph": "Gr,V,NAA,,,,,"
      },
      {
        "text": "ὑμῖν",
        "tag": "w",
        "type": "word",
        "lemma": "σύ",
        "strong": "G47710",
        "morph": "Gr,RP,,,2D,P,"
      },
      {
        "type": "text",
        "text": ","
      },
      {
        "text": "οὐ",
        "tag": "w",
        "type": "word",
        "lemma": "οὐ",
        "strong": "G37560",
        "morph": "Gr,DO,,,,,,,,"
      },
      {
        "text": "μόνον",
        "tag": "w",
        "type": "word",
        "lemma": "μόνον",
        "strong": "G34400",
        "morph": "Gr,D,,,,,,,,,"
      },
      {
        "text": "τὸ",
        "tag": "w",
        "type": "word",
        "lemma": "ὁ",
        "strong": "G35880",
        "morph": "Gr,EA,,,,ANS,"
      },
      {
        "text": "εὐαγγέλιον",
        "tag": "w",
        "type": "word",
        "lemma": "εὐαγγέλιον",
        "strong": "G20980",
        "morph": "Gr,N,,,,,ANS,",
        "tw": "rc://*/tw/dict/bible/kt/goodnews"
      },
      {
        "text": "τοῦ",
        "tag": "w",
        "type": "word",
        "lemma": "ὁ",
        "strong": "G35880",
        "morph": "Gr,EA,,,,GMS,"
      },
      {
        "text": "Θεοῦ",
        "tag": "w",
        "type": "word",
        "lemma": "θεός",
        "strong": "G23160",
        "morph": "Gr,N,,,,,GMS,",
        "tw": "rc://*/tw/dict/bible/kt/god"
      },
      {
        "type": "text",
        "text": ","
      },
      {
        "text": "ἀλλὰ",
        "tag": "w",
        "type": "word",
        "lemma": "ἀλλά",
        "strong": "G02350",
        "morph": "Gr,CO,,,,,,,,"
      },
      {
        "text": "καὶ",
        "tag": "w",
        "type": "word",
        "lemma": "καί",
        "strong": "G25320",
        "morph": "Gr,D,,,,,,,,,"
      },
      {
        "text": "τὰς",
        "tag": "w",
        "type": "word",
        "lemma": "ὁ",
        "strong": "G35880",
        "morph": "Gr,EA,,,,AFP,"
      },
      {
        "text": "ἑαυτῶν",
        "tag": "w",
        "type": "word",
        "lemma": "ἑαυτοῦ",
        "strong": "G14380",
        "morph": "Gr,RE,,,1GMP,"
      },
      {
        "text": "ψυχάς",
        "tag": "w",
        "type": "word",
        "lemma": "ψυχή",
        "strong": "G55900",
        "morph": "Gr,N,,,,,AFP,",
        "tw": "rc://*/tw/dict/bible/kt/soul"
      },
      {
        "type": "text",
        "text": ","
      },
      {
        "text": "διότι",
        "tag": "w",
        "type": "word",
        "lemma": "διότι",
        "strong": "G13600",
        "morph": "Gr,CS,,,,,,,,"
      },
      {
        "text": "ἀγαπητοὶ",
        "tag": "w",
        "type": "word",
        "lemma": "ἀγαπητός",
        "strong": "G00270",
        "morph": "Gr,NP,,,,NMP,",
        "tw": "rc://*/tw/dict/bible/kt/beloved"
      },
      {
        "text": "ἡμῖν",
        "tag": "w",
        "type": "word",
        "lemma": "ἐγώ",
        "strong": "G14730",
        "morph": "Gr,RP,,,1D,P,"
      },
      {
        "text": "ἐγενήθητε",
        "tag": "w",
        "type": "word",
        "lemma": "γίνομαι",
        "strong": "G10960",
        "morph": "Gr,V,IAP2,,P,"
      },
      {
        "type": "text",
        "text": ".\n\n"
      }
    ]
  },
  "9": {
    "verseObjects": [
      {
        "type": "text",
        "text": "\n"
      },
      {
        "tag": "p",
        "type": "paragraph",
        "text": "\n"
      },
      {
        "text": "μνημονεύετε",
        "tag": "w",
        "type": "word",
        "lemma": "μνημονεύω",
        "strong": "G34210",
        "morph": "Gr,V,IPA2,,P,"
      },
      {
        "text": "γάρ",
        "tag": "w",
        "type": "word",
        "lemma": "γάρ",
        "strong": "G10630",
        "morph": "Gr,CC,,,,,,,,"
      },
      {
        "type": "text",
        "text": ","
      },
      {
        "text": "ἀδελφοί",
        "tag": "w",
        "type": "word",
        "lemma": "ἀδελφός",
        "strong": "G00800",
        "morph": "Gr,N,,,,,VMP,",
        "tw": "rc://*/tw/dict/bible/kt/brother"
      },
      {
        "type": "text",
        "text": ","
      },
      {
        "text": "τὸν",
        "tag": "w",
        "type": "word",
        "lemma": "ὁ",
        "strong": "G35880",
        "morph": "Gr,EA,,,,AMS,"
      },
      {
        "text": "κόπον",
        "tag": "w",
        "type": "word",
        "lemma": "κόπος",
        "strong": "G28730",
        "morph": "Gr,N,,,,,AMS,",
        "tw": "rc://*/tw/dict/bible/other/labor"
      },
      {
        "text": "ἡμῶν",
        "tag": "w",
        "type": "word",
        "lemma": "ἐγώ",
        "strong": "G14730",
        "morph": "Gr,RP,,,1G,P,"
      },
      {
        "text": "καὶ",
        "tag": "w",
        "type": "word",
        "lemma": "καί",
        "strong": "G25320",
        "morph": "Gr,CC,,,,,,,,"
      },
      {
        "text": "τὸν",
        "tag": "w",
        "type": "word",
        "lemma": "ὁ",
        "strong": "G35880",
        "morph": "Gr,EA,,,,AMS,"
      },
      {
        "text": "μόχθον",
        "tag": "w",
        "type": "word",
        "lemma": "μόχθος",
        "strong": "G34490",
        "morph": "Gr,N,,,,,AMS,"
      },
      {
        "type": "text",
        "text": ";"
      },
      {
        "text": "νυκτὸς",
        "tag": "w",
        "type": "word",
        "lemma": "νύξ",
        "strong": "G35710",
        "morph": "Gr,N,,,,,GFS,"
      },
      {
        "text": "καὶ",
        "tag": "w",
        "type": "word",
        "lemma": "καί",
        "strong": "G25320",
        "morph": "Gr,CC,,,,,,,,"
      },
      {
        "text": "ἡμέρας",
        "tag": "w",
        "type": "word",
        "lemma": "ἡμέρα",
        "strong": "G22500",
        "morph": "Gr,N,,,,,GFS,",
        "tw": "rc://*/tw/dict/bible/other/biblicaltimeday"
      },
      {
        "text": "ἐργαζόμενοι",
        "tag": "w",
        "type": "word",
        "lemma": "ἐργάζομαι",
        "strong": "G20380",
        "morph": "Gr,V,PPM,NMP,",
        "tw": "rc://*/tw/dict/bible/other/labor"
      },
      {
        "type": "text",
        "text": ","
      },
      {
        "text": "πρὸς",
        "tag": "w",
        "type": "word",
        "lemma": "πρός",
        "strong": "G43140",
        "morph": "Gr,P,,,,,A,,,"
      },
      {
        "text": "τὸ",
        "tag": "w",
        "type": "word",
        "lemma": "ὁ",
        "strong": "G35880",
        "morph": "Gr,RD,,,,ANS,"
      },
      {
        "text": "μὴ",
        "tag": "w",
        "type": "word",
        "lemma": "μή",
        "strong": "G33610",
        "morph": "Gr,D,,,,,,,,,"
      },
      {
        "text": "ἐπιβαρῆσαί",
        "tag": "w",
        "type": "word",
        "lemma": "ἐπιβαρέω",
        "strong": "G19120",
        "morph": "Gr,V,NAA,,,,,",
        "tw": "rc://*/tw/dict/bible/other/burden"
      },
      {
        "text": "τινα",
        "tag": "w",
        "type": "word",
        "lemma": "τις",
        "strong": "G51000",
        "morph": "Gr,RI,,,,AMS,"
      },
      {
        "text": "ὑμῶν",
        "tag": "w",
        "type": "word",
        "lemma": "σύ",
        "strong": "G47710",
        "morph": "Gr,RP,,,2G,P,"
      },
      {
        "type": "text",
        "text": ","
      },
      {
        "text": "ἐκηρύξαμεν",
        "tag": "w",
        "type": "word",
        "lemma": "κηρύσσω",
        "strong": "G27840",
        "morph": "Gr,V,IAA1,,P,",
        "tw": "rc://*/tw/dict/bible/other/preach"
      },
      {
        "text": "εἰς",
        "tag": "w",
        "type": "word",
        "lemma": "εἰς",
        "strong": "G15190",
        "morph": "Gr,P,,,,,A,,,"
      },
      {
        "text": "ὑμᾶς",
        "tag": "w",
        "type": "word",
        "lemma": "σύ",
        "strong": "G47710",
        "morph": "Gr,RP,,,2A,P,"
      },
      {
        "text": "τὸ",
        "tag": "w",
        "type": "word",
        "lemma": "ὁ",
        "strong": "G35880",
        "morph": "Gr,EA,,,,ANS,"
      },
      {
        "text": "εὐαγγέλιον",
        "tag": "w",
        "type": "word",
        "lemma": "εὐαγγέλιον",
        "strong": "G20980",
        "morph": "Gr,N,,,,,ANS,",
        "tw": "rc://*/tw/dict/bible/kt/goodnews"
      },
      {
        "text": "τοῦ",
        "tag": "w",
        "type": "word",
        "lemma": "ὁ",
        "strong": "G35880",
        "morph": "Gr,EA,,,,GMS,"
      },
      {
        "text": "Θεοῦ",
        "tag": "w",
        "type": "word",
        "lemma": "θεός",
        "strong": "G23160",
        "morph": "Gr,N,,,,,GMS,",
        "tw": "rc://*/tw/dict/bible/kt/god"
      },
      {
        "type": "text",
        "text": ".\n\n"
      }
    ]
  },
  "10": {
    "verseObjects": [
      {
        "text": "ὑμεῖς",
        "tag": "w",
        "type": "word",
        "lemma": "σύ",
        "strong": "G47710",
        "morph": "Gr,RP,,,2N,P,"
      },
      {
        "text": "μάρτυρες",
        "tag": "w",
        "type": "word",
        "lemma": "μάρτυρος",
        "strong": "G31440",
        "morph": "Gr,N,,,,,NMP,",
        "tw": "rc://*/tw/dict/bible/kt/testimony"
      },
      {
        "text": "καὶ",
        "tag": "w",
        "type": "word",
        "lemma": "καί",
        "strong": "G25320",
        "morph": "Gr,CC,,,,,,,,"
      },
      {
        "text": "ὁ",
        "tag": "w",
        "type": "word",
        "lemma": "ὁ",
        "strong": "G35880",
        "morph": "Gr,EA,,,,NMS,"
      },
      {
        "text": "Θεός",
        "tag": "w",
        "type": "word",
        "lemma": "θεός",
        "strong": "G23160",
        "morph": "Gr,N,,,,,NMS,",
        "tw": "rc://*/tw/dict/bible/kt/god"
      },
      {
        "type": "text",
        "text": ","
      },
      {
        "text": "ὡς",
        "tag": "w",
        "type": "word",
        "lemma": "ὡς",
        "strong": "G56130",
        "morph": "Gr,D,,,,,,,,,"
      },
      {
        "text": "ὁσίως",
        "tag": "w",
        "type": "word",
        "lemma": "ὁσίως",
        "strong": "G37430",
        "morph": "Gr,D,,,,,,,,,",
        "tw": "rc://*/tw/dict/bible/kt/holy"
      },
      {
        "type": "text",
        "text": ","
      },
      {
        "text": "καὶ",
        "tag": "w",
        "type": "word",
        "lemma": "καί",
        "strong": "G25320",
        "morph": "Gr,CC,,,,,,,,"
      },
      {
        "text": "δικαίως",
        "tag": "w",
        "type": "word",
        "lemma": "δικαίως",
        "strong": "G13460",
        "morph": "Gr,D,,,,,,,,,",
        "tw": "rc://*/tw/dict/bible/kt/righteous"
      },
      {
        "type": "text",
        "text": ","
      },
      {
        "text": "καὶ",
        "tag": "w",
        "type": "word",
        "lemma": "καί",
        "strong": "G25320",
        "morph": "Gr,CC,,,,,,,,"
      },
      {
        "text": "ἀμέμπτως",
        "tag": "w",
        "type": "word",
        "lemma": "ἀμέμπτως",
        "strong": "G02740",
        "morph": "Gr,D,,,,,,,,,",
        "tw": "rc://*/tw/dict/bible/kt/blameless"
      },
      {
        "type": "text",
        "text": ","
      },
      {
        "text": "ὑμῖν",
        "tag": "w",
        "type": "word",
        "lemma": "σύ",
        "strong": "G47710",
        "morph": "Gr,RP,,,2D,P,"
      },
      {
        "text": "τοῖς",
        "tag": "w",
        "type": "word",
        "lemma": "ὁ",
        "strong": "G35880",
        "morph": "Gr,RD,,,,DMP,"
      },
      {
        "text": "πιστεύουσιν",
        "tag": "w",
        "type": "word",
        "lemma": "πιστεύω",
        "strong": "G41000",
        "morph": "Gr,V,PPA,DMP,",
        "tw": "rc://*/tw/dict/bible/kt/believe"
      },
      {
        "text": "ἐγενήθημεν",
        "tag": "w",
        "type": "word",
        "lemma": "γίνομαι",
        "strong": "G10960",
        "morph": "Gr,V,IAP1,,P,"
      },
      {
        "type": "text",
        "text": ";\n\n"
      }
    ]
  },
  "11": {
    "verseObjects": [
      {
        "text": "καθάπερ",
        "tag": "w",
        "type": "word",
        "lemma": "καθάπερ",
        "strong": "G25090",
        "morph": "Gr,D,,,,,,,,,"
      },
      {
        "text": "οἴδατε",
        "tag": "w",
        "type": "word",
        "lemma": "οἶδα",
        "strong": "G14920",
        "morph": "Gr,V,IEA2,,P,",
        "tw": "rc://*/tw/dict/bible/other/know"
      },
      {
        "text": "ὡς",
        "tag": "w",
        "type": "word",
        "lemma": "ὡς",
        "strong": "G56130",
        "morph": "Gr,D,,,,,,,,,"
      },
      {
        "text": "ἕνα",
        "tag": "w",
        "type": "word",
        "lemma": "εἷς",
        "strong": "G15200",
        "morph": "Gr,NS,,,,AMS,"
      },
      {
        "text": "ἕκαστον",
        "tag": "w",
        "type": "word",
        "lemma": "ἕκαστος",
        "strong": "G15380",
        "morph": "Gr,EQ,,,,AMS,"
      },
      {
        "text": "ὑμῶν",
        "tag": "w",
        "type": "word",
        "lemma": "σύ",
        "strong": "G47710",
        "morph": "Gr,RP,,,2G,P,"
      },
      {
        "type": "text",
        "text": ","
      },
      {
        "text": "ὡς",
        "tag": "w",
        "type": "word",
        "lemma": "ὡς",
        "strong": "G56130",
        "morph": "Gr,CS,,,,,,,,",
        "tw": "rc://*/tw/dict/bible/other/like"
      },
      {
        "text": "πατὴρ",
        "tag": "w",
        "type": "word",
        "lemma": "πατήρ",
        "strong": "G39620",
        "morph": "Gr,N,,,,,NMS,",
        "tw": "rc://*/tw/dict/bible/other/father"
      },
      {
        "text": "τέκνα",
        "tag": "w",
        "type": "word",
        "lemma": "τέκνον",
        "strong": "G50430",
        "morph": "Gr,N,,,,,ANP,",
        "tw": "rc://*/tw/dict/bible/kt/children"
      },
      {
        "text": "ἑαυτοῦ",
        "tag": "w",
        "type": "word",
        "lemma": "ἑαυτοῦ",
        "strong": "G14380",
        "morph": "Gr,RE,,,3GMS,"
      },
      {
        "type": "text",
        "text": ",\n\n"
      }
    ]
  },
  "12": {
    "verseObjects": [
      {
        "text": "παρακαλοῦντες",
        "tag": "w",
        "type": "word",
        "lemma": "παρακαλέω",
        "strong": "G38700",
        "morph": "Gr,V,PPA,NMP,",
        "tw": "rc://*/tw/dict/bible/kt/exhort"
      },
      {
        "text": "ὑμᾶς",
        "tag": "w",
        "type": "word",
        "lemma": "σύ",
        "strong": "G47710",
        "morph": "Gr,RP,,,2A,P,"
      },
      {
        "type": "text",
        "text": ","
      },
      {
        "text": "καὶ",
        "tag": "w",
        "type": "word",
        "lemma": "καί",
        "strong": "G25320",
        "morph": "Gr,CC,,,,,,,,"
      },
      {
        "text": "παραμυθούμενοι",
        "tag": "w",
        "type": "word",
        "lemma": "παραμυθέομαι",
        "strong": "G38880",
        "morph": "Gr,V,PPM,NMP,",
        "tw": "rc://*/tw/dict/bible/other/comfort"
      },
      {
        "type": "text",
        "text": ","
      },
      {
        "text": "καὶ",
        "tag": "w",
        "type": "word",
        "lemma": "καί",
        "strong": "G25320",
        "morph": "Gr,CC,,,,,,,,"
      },
      {
        "text": "μαρτυρόμενοι",
        "tag": "w",
        "type": "word",
        "lemma": "μαρτύρομαι",
        "strong": "G31430",
        "morph": "Gr,V,PPM,NMP,",
        "tw": "rc://*/tw/dict/bible/kt/testimony"
      },
      {
        "type": "text",
        "text": ","
      },
      {
        "text": "εἰς",
        "tag": "w",
        "type": "word",
        "lemma": "εἰς",
        "strong": "G15190",
        "morph": "Gr,P,,,,,A,,,"
      },
      {
        "text": "τὸ",
        "tag": "w",
        "type": "word",
        "lemma": "ὁ",
        "strong": "G35880",
        "morph": "Gr,RD,,,,ANS,"
      },
      {
        "text": "περιπατεῖν",
        "tag": "w",
        "type": "word",
        "lemma": "περιπατέω",
        "strong": "G40430",
        "morph": "Gr,V,NPA,,,,,",
        "tw": "rc://*/tw/dict/bible/other/walk"
      },
      {
        "text": "ὑμᾶς",
        "tag": "w",
        "type": "word",
        "lemma": "σύ",
        "strong": "G47710",
        "morph": "Gr,RP,,,2A,P,"
      },
      {
        "text": "ἀξίως",
        "tag": "w",
        "type": "word",
        "lemma": "ἀξίως",
        "strong": "G05160",
        "morph": "Gr,D,,,,,,,,,",
        "tw": "rc://*/tw/dict/bible/kt/worthy"
      },
      {
        "text": "τοῦ",
        "tag": "w",
        "type": "word",
        "lemma": "ὁ",
        "strong": "G35880",
        "morph": "Gr,EA,,,,GMS,"
      },
      {
        "text": "Θεοῦ",
        "tag": "w",
        "type": "word",
        "lemma": "θεός",
        "strong": "G23160",
        "morph": "Gr,N,,,,,GMS,",
        "tw": "rc://*/tw/dict/bible/kt/god"
      },
      {
        "type": "text",
        "text": ","
      },
      {
        "text": "τοῦ",
        "tag": "w",
        "type": "word",
        "lemma": "ὁ",
        "strong": "G35880",
        "morph": "Gr,RD,,,,GMS,"
      },
      {
        "text": "καλοῦντος",
        "tag": "w",
        "type": "word",
        "lemma": "καλέω",
        "strong": "G25640",
        "morph": "Gr,V,PPA,GMS,",
        "tw": "rc://*/tw/dict/bible/kt/call"
      },
      {
        "text": "ὑμᾶς",
        "tag": "w",
        "type": "word",
        "lemma": "σύ",
        "strong": "G47710",
        "morph": "Gr,RP,,,2A,P,"
      },
      {
        "text": "εἰς",
        "tag": "w",
        "type": "word",
        "lemma": "εἰς",
        "strong": "G15190",
        "morph": "Gr,P,,,,,A,,,"
      },
      {
        "text": "τὴν",
        "tag": "w",
        "type": "word",
        "lemma": "ὁ",
        "strong": "G35880",
        "morph": "Gr,EA,,,,AFS,"
      },
      {
        "text": "ἑαυτοῦ",
        "tag": "w",
        "type": "word",
        "lemma": "ἑαυτοῦ",
        "strong": "G14380",
        "morph": "Gr,RE,,,3GMS,"
      },
      {
        "tag": "k",
        "type": "milestone",
        "tw": "rc://*/tw/dict/bible/kt/kingdomofgod",
        "children": [
          {
            "text": "βασιλείαν",
            "tag": "w",
            "type": "word",
            "lemma": "βασιλεία",
            "strong": "G09320",
            "morph": "Gr,N,,,,,AFS,",
            "tw": "rc://*/tw/dict/bible/other/kingdom"
          },
          {
            "text": "καὶ",
            "tag": "w",
            "type": "word",
            "lemma": "καί",
            "strong": "G25320",
            "morph": "Gr,CC,,,,,,,,"
          },
          {
            "text": "δόξαν",
            "tag": "w",
            "type": "word",
            "lemma": "δόξα",
            "strong": "G13910",
            "morph": "Gr,N,,,,,AFS,",
            "tw": "rc://*/tw/dict/bible/kt/glory"
          }
        ]
      },
      {
        "type": "text",
        "text": ".\n\n"
      }
    ]
  },
  "13": {
    "verseObjects": [
      {
        "type": "text",
        "text": "\n"
      },
      {
        "tag": "p",
        "type": "paragraph",
        "text": "\n"
      },
      {
        "text": "καὶ",
        "tag": "w",
        "type": "word",
        "lemma": "καί",
        "strong": "G25320",
        "morph": "Gr,CC,,,,,,,,"
      },
      {
        "text": "διὰ",
        "tag": "w",
        "type": "word",
        "lemma": "διά",
        "strong": "G12230",
        "morph": "Gr,P,,,,,A,,,"
      },
      {
        "text": "τοῦτο",
        "tag": "w",
        "type": "word",
        "lemma": "οὗτος",
        "strong": "G37780",
        "morph": "Gr,RD,,,,ANS,"
      },
      {
        "text": "καὶ",
        "tag": "w",
        "type": "word",
        "lemma": "καί",
        "strong": "G25320",
        "morph": "Gr,D,,,,,,,,,"
      },
      {
        "text": "ἡμεῖς",
        "tag": "w",
        "type": "word",
        "lemma": "ἐγώ",
        "strong": "G14730",
        "morph": "Gr,RP,,,1N,P,"
      },
      {
        "text": "εὐχαριστοῦμεν",
        "tag": "w",
        "type": "word",
        "lemma": "εὐχαριστέω",
        "strong": "G21680",
        "morph": "Gr,V,IPA1,,P,"
      },
      {
        "text": "τῷ",
        "tag": "w",
        "type": "word",
        "lemma": "ὁ",
        "strong": "G35880",
        "morph": "Gr,EA,,,,DMS,"
      },
      {
        "text": "Θεῷ",
        "tag": "w",
        "type": "word",
        "lemma": "θεός",
        "strong": "G23160",
        "morph": "Gr,N,,,,,DMS,",
        "tw": "rc://*/tw/dict/bible/kt/god"
      },
      {
        "text": "ἀδιαλείπτως",
        "tag": "w",
        "type": "word",
        "lemma": "ἀδιαλείπτως",
        "strong": "G00890",
        "morph": "Gr,D,,,,,,,,,"
      },
      {
        "type": "text",
        "text": ","
      },
      {
        "text": "ὅτι",
        "tag": "w",
        "type": "word",
        "lemma": "ὅτι",
        "strong": "G37540",
        "morph": "Gr,CS,,,,,,,,"
      },
      {
        "text": "παραλαβόντες",
        "tag": "w",
        "type": "word",
        "lemma": "παραλαμβάνω",
        "strong": "G38800",
        "morph": "Gr,V,PAA,NMP,",
        "tw": "rc://*/tw/dict/bible/other/receive"
      },
      {
        "text": "λόγον",
        "tag": "w",
        "type": "word",
        "lemma": "λόγος",
        "strong": "G30560",
        "morph": "Gr,N,,,,,AMS,",
        "tw": "rc://*/tw/dict/bible/kt/wordofgod"
      },
      {
        "text": "ἀκοῆς",
        "tag": "w",
        "type": "word",
        "lemma": "ἀκοή",
        "strong": "G01890",
        "morph": "Gr,N,,,,,GFS,"
      },
      {
        "text": "παρ’",
        "tag": "w",
        "type": "word",
        "lemma": "παρά",
        "strong": "G38440",
        "morph": "Gr,P,,,,,G,,,"
      },
      {
        "text": "ἡμῶν",
        "tag": "w",
        "type": "word",
        "lemma": "ἐγώ",
        "strong": "G14730",
        "morph": "Gr,RP,,,1G,P,"
      },
      {
        "text": "τοῦ",
        "tag": "w",
        "type": "word",
        "lemma": "ὁ",
        "strong": "G35880",
        "morph": "Gr,EA,,,,GMS,"
      },
      {
        "text": "Θεοῦ",
        "tag": "w",
        "type": "word",
        "lemma": "θεός",
        "strong": "G23160",
        "morph": "Gr,N,,,,,GMS,",
        "tw": "rc://*/tw/dict/bible/kt/god"
      },
      {
        "type": "text",
        "text": ","
      },
      {
        "text": "ἐδέξασθε",
        "tag": "w",
        "type": "word",
        "lemma": "δέχομαι",
        "strong": "G12090",
        "morph": "Gr,V,IAM2,,P,",
        "tw": "rc://*/tw/dict/bible/other/receive"
      },
      {
        "text": "οὐ",
        "tag": "w",
        "type": "word",
        "lemma": "οὐ",
        "strong": "G37560",
        "morph": "Gr,DO,,,,,,,,"
      },
      {
        "text": "λόγον",
        "tag": "w",
        "type": "word",
        "lemma": "λόγος",
        "strong": "G30560",
        "morph": "Gr,N,,,,,AMS,",
        "tw": "rc://*/tw/dict/bible/other/word"
      },
      {
        "text": "ἀνθρώπων",
        "tag": "w",
        "type": "word",
        "lemma": "ἄνθρωπος",
        "strong": "G04440",
        "morph": "Gr,N,,,,,GMP,"
      },
      {
        "type": "text",
        "text": ","
      },
      {
        "text": "ἀλλὰ",
        "tag": "w",
        "type": "word",
        "lemma": "ἀλλά",
        "strong": "G02350",
        "morph": "Gr,CO,,,,,,,,"
      },
      {
        "text": "καθὼς",
        "tag": "w",
        "type": "word",
        "lemma": "καθώς",
        "strong": "G25310",
        "morph": "Gr,D,,,,,,,,,",
        "tw": "rc://*/tw/dict/bible/other/like"
      },
      {
        "text": "ἀληθῶς",
        "tag": "w",
        "type": "word",
        "lemma": "ἀληθῶς",
        "strong": "G02300",
        "morph": "Gr,D,,,,,,,,,",
        "tw": "rc://*/tw/dict/bible/kt/true"
      },
      {
        "text": "ἐστὶν",
        "tag": "w",
        "type": "word",
        "lemma": "εἰμί",
        "strong": "G15100",
        "morph": "Gr,V,IPA3,,S,"
      },
      {
        "type": "text",
        "text": ","
      },
      {
        "tag": "k",
        "type": "milestone",
        "tw": "rc://*/tw/dict/bible/kt/wordofgod",
        "children": [
          {
            "text": "λόγον",
            "tag": "w",
            "type": "word",
            "lemma": "λόγος",
            "strong": "G30560",
            "morph": "Gr,N,,,,,AMS,"
          },
          {
            "text": "Θεοῦ",
            "tag": "w",
            "type": "word",
            "lemma": "θεός",
            "strong": "G23160",
            "morph": "Gr,N,,,,,GMS,",
            "tw": "rc://*/tw/dict/bible/kt/god"
          }
        ]
      },
      {
        "type": "text",
        "text": ","
      },
      {
        "text": "ὃς",
        "tag": "w",
        "type": "word",
        "lemma": "ὅς",
        "strong": "G37390",
        "morph": "Gr,RR,,,,NMS,"
      },
      {
        "text": "καὶ",
        "tag": "w",
        "type": "word",
        "lemma": "καί",
        "strong": "G25320",
        "morph": "Gr,D,,,,,,,,,"
      },
      {
        "text": "ἐνεργεῖται",
        "tag": "w",
        "type": "word",
        "lemma": "ἐνεργέω",
        "strong": "G17540",
        "morph": "Gr,V,IPM3,,S,"
      },
      {
        "text": "ἐν",
        "tag": "w",
        "type": "word",
        "lemma": "ἐν",
        "strong": "G17220",
        "morph": "Gr,P,,,,,D,,,"
      },
      {
        "text": "ὑμῖν",
        "tag": "w",
        "type": "word",
        "lemma": "σύ",
        "strong": "G47710",
        "morph": "Gr,RP,,,2D,P,"
      },
      {
        "text": "τοῖς",
        "tag": "w",
        "type": "word",
        "lemma": "ὁ",
        "strong": "G35880",
        "morph": "Gr,RD,,,,DMP,"
      },
      {
        "text": "πιστεύουσιν",
        "tag": "w",
        "type": "word",
        "lemma": "πιστεύω",
        "strong": "G41000",
        "morph": "Gr,V,PPA,DMP,",
        "tw": "rc://*/tw/dict/bible/kt/believe"
      },
      {
        "type": "text",
        "text": ".\n\n"
      }
    ]
  },
  "14": {
    "verseObjects": [
      {
        "text": "ὑμεῖς",
        "tag": "w",
        "type": "word",
        "lemma": "σύ",
        "strong": "G47710",
        "morph": "Gr,RP,,,2N,P,"
      },
      {
        "text": "γὰρ",
        "tag": "w",
        "type": "word",
        "lemma": "γάρ",
        "strong": "G10630",
        "morph": "Gr,CC,,,,,,,,"
      },
      {
        "text": "μιμηταὶ",
        "tag": "w",
        "type": "word",
        "lemma": "μιμητής",
        "strong": "G34020",
        "morph": "Gr,N,,,,,NMP,",
        "tw": "rc://*/tw/dict/bible/other/imitate"
      },
      {
        "text": "ἐγενήθητε",
        "tag": "w",
        "type": "word",
        "lemma": "γίνομαι",
        "strong": "G10960",
        "morph": "Gr,V,IAP2,,P,"
      },
      {
        "type": "text",
        "text": ","
      },
      {
        "text": "ἀδελφοί",
        "tag": "w",
        "type": "word",
        "lemma": "ἀδελφός",
        "strong": "G00800",
        "morph": "Gr,N,,,,,VMP,",
        "tw": "rc://*/tw/dict/bible/kt/brother"
      },
      {
        "type": "text",
        "text": ","
      },
      {
        "text": "τῶν",
        "tag": "w",
        "type": "word",
        "lemma": "ὁ",
        "strong": "G35880",
        "morph": "Gr,EA,,,,GFP,"
      },
      {
        "text": "ἐκκλησιῶν",
        "tag": "w",
        "type": "word",
        "lemma": "ἐκκλησία",
        "strong": "G15770",
        "morph": "Gr,N,,,,,GFP,",
        "tw": "rc://*/tw/dict/bible/kt/church"
      },
      {
        "text": "τοῦ",
        "tag": "w",
        "type": "word",
        "lemma": "ὁ",
        "strong": "G35880",
        "morph": "Gr,EA,,,,GMS,"
      },
      {
        "text": "Θεοῦ",
        "tag": "w",
        "type": "word",
        "lemma": "θεός",
        "strong": "G23160",
        "morph": "Gr,N,,,,,GMS,",
        "tw": "rc://*/tw/dict/bible/kt/god"
      },
      {
        "type": "text",
        "text": ","
      },
      {
        "text": "τῶν",
        "tag": "w",
        "type": "word",
        "lemma": "ὁ",
        "strong": "G35880",
        "morph": "Gr,RD,,,,GFP,"
      },
      {
        "text": "οὐσῶν",
        "tag": "w",
        "type": "word",
        "lemma": "εἰμί",
        "strong": "G15100",
        "morph": "Gr,V,PPA,GFP,"
      },
      {
        "text": "ἐν",
        "tag": "w",
        "type": "word",
        "lemma": "ἐν",
        "strong": "G17220",
        "morph": "Gr,P,,,,,D,,,"
      },
      {
        "text": "τῇ",
        "tag": "w",
        "type": "word",
        "lemma": "ὁ",
        "strong": "G35880",
        "morph": "Gr,EA,,,,DFS,"
      },
      {
        "text": "Ἰουδαίᾳ",
        "tag": "w",
        "type": "word",
        "lemma": "Ἰουδαία",
        "strong": "G24490",
        "morph": "Gr,N,,,,,DFS,",
        "tw": "rc://*/tw/dict/bible/names/judea"
      },
      {
        "text": "ἐν",
        "tag": "w",
        "type": "word",
        "lemma": "ἐν",
        "strong": "G17220",
        "morph": "Gr,P,,,,,D,,,"
      },
      {
        "tag": "k",
        "type": "milestone",
        "tw": "rc://*/tw/dict/bible/kt/jesus",
        "children": [
          {
            "text": "Χριστῷ",
            "tag": "w",
            "type": "word",
            "lemma": "χριστός",
            "strong": "G55470",
            "morph": "Gr,N,,,,,DMS,",
            "tw": "rc://*/tw/dict/bible/kt/christ"
          },
          {
            "text": "Ἰησοῦ",
            "tag": "w",
            "type": "word",
            "lemma": "Ἰησοῦς",
            "strong": "G24240",
            "morph": "Gr,N,,,,,DMS,"
          }
        ]
      },
      {
        "type": "text",
        "text": ";"
      },
      {
        "text": "ὅτι",
        "tag": "w",
        "type": "word",
        "lemma": "ὅτι",
        "strong": "G37540",
        "morph": "Gr,CS,,,,,,,,"
      },
      {
        "text": "τὰ",
        "tag": "w",
        "type": "word",
        "lemma": "ὁ",
        "strong": "G35880",
        "morph": "Gr,EA,,,,ANP,"
      },
      {
        "text": "αὐτὰ",
        "tag": "w",
        "type": "word",
        "lemma": "αὐτός",
        "strong": "G08460",
        "morph": "Gr,RD,,,,ANP,"
      },
      {
        "text": "ἐπάθετε",
        "tag": "w",
        "type": "word",
        "lemma": "πάσχω",
        "strong": "G39580",
        "morph": "Gr,V,IAA2,,P,",
        "tw": "rc://*/tw/dict/bible/other/suffer"
      },
      {
        "type": "text",
        "text": ","
      },
      {
        "text": "καὶ",
        "tag": "w",
        "type": "word",
        "lemma": "καί",
        "strong": "G25320",
        "morph": "Gr,D,,,,,,,,,"
      },
      {
        "text": "ὑμεῖς",
        "tag": "w",
        "type": "word",
        "lemma": "σύ",
        "strong": "G47710",
        "morph": "Gr,RP,,,2N,P,"
      },
      {
        "text": "ὑπὸ",
        "tag": "w",
        "type": "word",
        "lemma": "ὑπό",
        "strong": "G52590",
        "morph": "Gr,P,,,,,G,,,"
      },
      {
        "text": "τῶν",
        "tag": "w",
        "type": "word",
        "lemma": "ὁ",
        "strong": "G35880",
        "morph": "Gr,EP,,,,GMP,"
      },
      {
        "text": "ἰδίων",
        "tag": "w",
        "type": "word",
        "lemma": "ἴδιος",
        "strong": "G23980",
        "morph": "Gr,EF,,,,GMP,"
      },
      {
        "text": "συμφυλετῶν",
        "tag": "w",
        "type": "word",
        "lemma": "συμφυλέτης",
        "strong": "G48530",
        "morph": "Gr,N,,,,,GMP,"
      },
      {
        "type": "text",
        "text": ","
      },
      {
        "text": "καθὼς",
        "tag": "w",
        "type": "word",
        "lemma": "καθώς",
        "strong": "G25310",
        "morph": "Gr,D,,,,,,,,,",
        "tw": "rc://*/tw/dict/bible/other/like"
      },
      {
        "text": "καὶ",
        "tag": "w",
        "type": "word",
        "lemma": "καί",
        "strong": "G25320",
        "morph": "Gr,D,,,,,,,,,"
      },
      {
        "text": "αὐτοὶ",
        "tag": "w",
        "type": "word",
        "lemma": "αὐτός",
        "strong": "G08460",
        "morph": "Gr,RP,,,3NMP,"
      },
      {
        "text": "ὑπὸ",
        "tag": "w",
        "type": "word",
        "lemma": "ὑπό",
        "strong": "G52590",
        "morph": "Gr,P,,,,,G,,,"
      },
      {
        "text": "τῶν",
        "tag": "w",
        "type": "word",
        "lemma": "ὁ",
        "strong": "G35880",
        "morph": "Gr,EA,,,,GMP,"
      },
      {
        "text": "Ἰουδαίων",
        "tag": "w",
        "type": "word",
        "lemma": "Ἰουδαῖος",
        "strong": "G24530",
        "morph": "Gr,NS,,,,GMP,",
        "tw": "rc://*/tw/dict/bible/kt/jew"
      },
      {
        "type": "text",
        "text": ",\n\n"
      }
    ]
  },
  "15": {
    "verseObjects": [
      {
        "text": "τῶν",
        "tag": "w",
        "type": "word",
        "lemma": "ὁ",
        "strong": "G35880",
        "morph": "Gr,RR,,,,GMP,"
      },
      {
        "text": "καὶ",
        "tag": "w",
        "type": "word",
        "lemma": "καί",
        "strong": "G25320",
        "morph": "Gr,DO,,,,,,,,"
      },
      {
        "text": "τὸν",
        "tag": "w",
        "type": "word",
        "lemma": "ὁ",
        "strong": "G35880",
        "morph": "Gr,EA,,,,AMS,"
      },
      {
        "text": "Κύριον",
        "tag": "w",
        "type": "word",
        "lemma": "κύριος",
        "strong": "G29620",
        "morph": "Gr,N,,,,,AMS,",
        "tw": "rc://*/tw/dict/bible/kt/lord"
      },
      {
        "text": "ἀποκτεινάντων",
        "tag": "w",
        "type": "word",
        "lemma": "ἀποκτείνω",
        "strong": "G06150",
        "morph": "Gr,V,PAA,GMP,"
      },
      {
        "text": "Ἰησοῦν",
        "tag": "w",
        "type": "word",
        "lemma": "Ἰησοῦς",
        "strong": "G24240",
        "morph": "Gr,N,,,,,AMS,",
        "tw": "rc://*/tw/dict/bible/kt/jesus"
      },
      {
        "type": "text",
        "text": ","
      },
      {
        "text": "καὶ",
        "tag": "w",
        "type": "word",
        "lemma": "καί",
        "strong": "G25320",
        "morph": "Gr,CO,,,,,,,,"
      },
      {
        "text": "τοὺς",
        "tag": "w",
        "type": "word",
        "lemma": "ὁ",
        "strong": "G35880",
        "morph": "Gr,EA,,,,AMP,"
      },
      {
        "text": "προφήτας",
        "tag": "w",
        "type": "word",
        "lemma": "προφήτης",
        "strong": "G43960",
        "morph": "Gr,N,,,,,AMP,",
        "tw": "rc://*/tw/dict/bible/kt/prophet"
      },
      {
        "type": "text",
        "text": ","
      },
      {
        "text": "καὶ",
        "tag": "w",
        "type": "word",
        "lemma": "καί",
        "strong": "G25320",
        "morph": "Gr,CC,,,,,,,,"
      },
      {
        "text": "ἡμᾶς",
        "tag": "w",
        "type": "word",
        "lemma": "ἐγώ",
        "strong": "G14730",
        "morph": "Gr,RP,,,1A,P,"
      },
      {
        "text": "ἐκδιωξάντων",
        "tag": "w",
        "type": "word",
        "lemma": "ἐκδιώκω",
        "strong": "G15590",
        "morph": "Gr,V,PAA,GMP,"
      },
      {
        "type": "text",
        "text": ";"
      },
      {
        "text": "καὶ",
        "tag": "w",
        "type": "word",
        "lemma": "καί",
        "strong": "G25320",
        "morph": "Gr,CC,,,,,,,,"
      },
      {
        "text": "Θεῷ",
        "tag": "w",
        "type": "word",
        "lemma": "θεός",
        "strong": "G23160",
        "morph": "Gr,N,,,,,DMS,",
        "tw": "rc://*/tw/dict/bible/kt/god"
      },
      {
        "text": "μὴ",
        "tag": "w",
        "type": "word",
        "lemma": "μή",
        "strong": "G33610",
        "morph": "Gr,D,,,,,,,,,"
      },
      {
        "text": "ἀρεσκόντων",
        "tag": "w",
        "type": "word",
        "lemma": "ἀρέσκω",
        "strong": "G07000",
        "morph": "Gr,V,PPA,GMP,"
      },
      {
        "type": "text",
        "text": ","
      },
      {
        "text": "καὶ",
        "tag": "w",
        "type": "word",
        "lemma": "καί",
        "strong": "G25320",
        "morph": "Gr,CC,,,,,,,,"
      },
      {
        "text": "πᾶσιν",
        "tag": "w",
        "type": "word",
        "lemma": "πᾶς",
        "strong": "G39560",
        "morph": "Gr,EQ,,,,DMP,"
      },
      {
        "text": "ἀνθρώποις",
        "tag": "w",
        "type": "word",
        "lemma": "ἄνθρωπος",
        "strong": "G04440",
        "morph": "Gr,N,,,,,DMP,"
      },
      {
        "text": "ἐναντίων",
        "tag": "w",
        "type": "word",
        "lemma": "ἐναντίος",
        "strong": "G17270",
        "morph": "Gr,NP,,,,GMP,"
      },
      {
        "type": "text",
        "text": ",\n\n"
      }
    ]
  },
  "16": {
    "verseObjects": [
      {
        "text": "κωλυόντων",
        "tag": "w",
        "type": "word",
        "lemma": "κωλύω",
        "strong": "G29670",
        "morph": "Gr,V,PPA,GMP,"
      },
      {
        "text": "ἡμᾶς",
        "tag": "w",
        "type": "word",
        "lemma": "ἐγώ",
        "strong": "G14730",
        "morph": "Gr,RP,,,1A,P,"
      },
      {
        "text": "τοῖς",
        "tag": "w",
        "type": "word",
        "lemma": "ὁ",
        "strong": "G35880",
        "morph": "Gr,EA,,,,DNP,"
      },
      {
        "text": "ἔθνεσιν",
        "tag": "w",
        "type": "word",
        "lemma": "ἔθνος",
        "strong": "G14840",
        "morph": "Gr,N,,,,,DNP,",
        "tw": "rc://*/tw/dict/bible/kt/gentile"
      },
      {
        "text": "λαλῆσαι",
        "tag": "w",
        "type": "word",
        "lemma": "λαλέω",
        "strong": "G29800",
        "morph": "Gr,V,NAA,,,,,"
      },
      {
        "type": "text",
        "text": ","
      },
      {
        "text": "ἵνα",
        "tag": "w",
        "type": "word",
        "lemma": "ἵνα",
        "strong": "G24430",
        "morph": "Gr,CS,,,,,,,,"
      },
      {
        "text": "σωθῶσιν",
        "tag": "w",
        "type": "word",
        "lemma": "σῴζω",
        "strong": "G49820",
        "morph": "Gr,V,SAP3,,P,",
        "tw": "rc://*/tw/dict/bible/kt/save"
      },
      {
        "type": "text",
        "text": ","
      },
      {
        "text": "εἰς",
        "tag": "w",
        "type": "word",
        "lemma": "εἰς",
        "strong": "G15190",
        "morph": "Gr,P,,,,,A,,,"
      },
      {
        "text": "τὸ",
        "tag": "w",
        "type": "word",
        "lemma": "ὁ",
        "strong": "G35880",
        "morph": "Gr,RR,,,,ANS,"
      },
      {
        "text": "ἀναπληρῶσαι",
        "tag": "w",
        "type": "word",
        "lemma": "ἀναπληρόω",
        "strong": "G03780",
        "morph": "Gr,V,NAA,,,,,",
        "tw": "rc://*/tw/dict/bible/kt/fulfill"
      },
      {
        "text": "αὐτῶν",
        "tag": "w",
        "type": "word",
        "lemma": "αὐτός",
        "strong": "G08460",
        "morph": "Gr,RP,,,3GMP,"
      },
      {
        "text": "τὰς",
        "tag": "w",
        "type": "word",
        "lemma": "ὁ",
        "strong": "G35880",
        "morph": "Gr,EA,,,,AFP,"
      },
      {
        "text": "ἁμαρτίας",
        "tag": "w",
        "type": "word",
        "lemma": "ἁμαρτία",
        "strong": "G02660",
        "morph": "Gr,N,,,,,AFP,",
        "tw": "rc://*/tw/dict/bible/kt/sin"
      },
      {
        "text": "πάντοτε",
        "tag": "w",
        "type": "word",
        "lemma": "πάντοτε",
        "strong": "G38420",
        "morph": "Gr,D,,,,,,,,,"
      },
      {
        "type": "text",
        "text": "."
      },
      {
        "text": "ἔφθασεν",
        "tag": "w",
        "type": "word",
        "lemma": "φθάνω",
        "strong": "G53480",
        "morph": "Gr,V,IAA3,,S,"
      },
      {
        "text": "δὲ",
        "tag": "w",
        "type": "word",
        "lemma": "δέ",
        "strong": "G11610",
        "morph": "Gr,CC,,,,,,,,"
      },
      {
        "text": "ἐπ’",
        "tag": "w",
        "type": "word",
        "lemma": "ἐπί",
        "strong": "G19090",
        "morph": "Gr,P,,,,,A,,,"
      },
      {
        "text": "αὐτοὺς",
        "tag": "w",
        "type": "word",
        "lemma": "αὐτός",
        "strong": "G08460",
        "morph": "Gr,RP,,,3AMP,"
      },
      {
        "text": "ἡ",
        "tag": "w",
        "type": "word",
        "lemma": "ὁ",
        "strong": "G35880",
        "morph": "Gr,EA,,,,NFS,"
      },
      {
        "text": "ὀργὴ",
        "tag": "w",
        "type": "word",
        "lemma": "ὀργή",
        "strong": "G37090",
        "morph": "Gr,N,,,,,NFS,",
        "tw": "rc://*/tw/dict/bible/kt/wrath"
      },
      {
        "text": "εἰς",
        "tag": "w",
        "type": "word",
        "lemma": "εἰς",
        "strong": "G15190",
        "morph": "Gr,P,,,,,A,,,"
      },
      {
        "text": "τέλος",
        "tag": "w",
        "type": "word",
        "lemma": "τέλος",
        "strong": "G50560",
        "morph": "Gr,N,,,,,ANS,"
      },
      {
        "type": "text",
        "text": ".\n\n"
      }
    ]
  },
  "17": {
    "verseObjects": [
      {
        "type": "text",
        "text": "\n"
      },
      {
        "tag": "p",
        "type": "paragraph",
        "text": "\n"
      },
      {
        "text": "ἡμεῖς",
        "tag": "w",
        "type": "word",
        "lemma": "ἐγώ",
        "strong": "G14730",
        "morph": "Gr,RP,,,1N,P,"
      },
      {
        "text": "δέ",
        "tag": "w",
        "type": "word",
        "lemma": "δέ",
        "strong": "G11610",
        "morph": "Gr,CC,,,,,,,,"
      },
      {
        "type": "text",
        "text": ","
      },
      {
        "text": "ἀδελφοί",
        "tag": "w",
        "type": "word",
        "lemma": "ἀδελφός",
        "strong": "G00800",
        "morph": "Gr,N,,,,,VMP,",
        "tw": "rc://*/tw/dict/bible/kt/brother"
      },
      {
        "type": "text",
        "text": ","
      },
      {
        "text": "ἀπορφανισθέντες",
        "tag": "w",
        "type": "word",
        "lemma": "ἀπορφανίζω",
        "strong": "G06420",
        "morph": "Gr,V,PAP,NMP,"
      },
      {
        "text": "ἀφ’",
        "tag": "w",
        "type": "word",
        "lemma": "ἀπό",
        "strong": "G05750",
        "morph": "Gr,P,,,,,G,,,"
      },
      {
        "text": "ὑμῶν",
        "tag": "w",
        "type": "word",
        "lemma": "σύ",
        "strong": "G47710",
        "morph": "Gr,RP,,,2G,P,"
      },
      {
        "type": "text",
        "text": ","
      },
      {
        "text": "πρὸς",
        "tag": "w",
        "type": "word",
        "lemma": "πρός",
        "strong": "G43140",
        "morph": "Gr,P,,,,,A,,,"
      },
      {
        "tag": "k",
        "type": "milestone",
        "tw": "rc://*/tw/dict/bible/other/time",
        "children": [
          {
            "text": "καιρὸν",
            "tag": "w",
            "type": "word",
            "lemma": "καιρός",
            "strong": "G25400",
            "morph": "Gr,N,,,,,AMS,"
          },
          {
            "text": "ὥρας",
            "tag": "w",
            "type": "word",
            "lemma": "ὥρα",
            "strong": "G56100",
            "morph": "Gr,N,,,,,GFS,",
            "tw": "rc://*/tw/dict/bible/other/hour"
          }
        ]
      },
      {
        "type": "text",
        "text": ","
      },
      {
        "text": "προσώπῳ",
        "tag": "w",
        "type": "word",
        "lemma": "πρόσωπον",
        "strong": "G43830",
        "morph": "Gr,N,,,,,DNS,",
        "tw": "rc://*/tw/dict/bible/other/face"
      },
      {
        "text": "οὐ",
        "tag": "w",
        "type": "word",
        "lemma": "οὐ",
        "strong": "G37560",
        "morph": "Gr,D,,,,,,,,,"
      },
      {
        "text": "καρδίᾳ",
        "tag": "w",
        "type": "word",
        "lemma": "καρδία",
        "strong": "G25880",
        "morph": "Gr,N,,,,,DFS,",
        "tw": "rc://*/tw/dict/bible/kt/heart"
      },
      {
        "type": "text",
        "text": ","
      },
      {
        "text": "περισσοτέρως",
        "tag": "w",
        "type": "word",
        "lemma": "περισσοτέρως",
        "strong": "G40560",
        "morph": "Gr,D,,,,,,,,C"
      },
      {
        "text": "ἐσπουδάσαμεν",
        "tag": "w",
        "type": "word",
        "lemma": "σπουδάζω",
        "strong": "G47040",
        "morph": "Gr,V,IAA1,,P,"
      },
      {
        "text": "τὸ",
        "tag": "w",
        "type": "word",
        "lemma": "ὁ",
        "strong": "G35880",
        "morph": "Gr,EA,,,,ANS,"
      },
      {
        "text": "πρόσωπον",
        "tag": "w",
        "type": "word",
        "lemma": "πρόσωπον",
        "strong": "G43830",
        "morph": "Gr,N,,,,,ANS,",
        "tw": "rc://*/tw/dict/bible/other/face"
      },
      {
        "text": "ὑμῶν",
        "tag": "w",
        "type": "word",
        "lemma": "σύ",
        "strong": "G47710",
        "morph": "Gr,RP,,,2G,P,"
      },
      {
        "text": "ἰδεῖν",
        "tag": "w",
        "type": "word",
        "lemma": "ὁράω",
        "strong": "G37080",
        "morph": "Gr,V,NAA,,,,,"
      },
      {
        "text": "ἐν",
        "tag": "w",
        "type": "word",
        "lemma": "ἐν",
        "strong": "G17220",
        "morph": "Gr,P,,,,,D,,,"
      },
      {
        "text": "πολλῇ",
        "tag": "w",
        "type": "word",
        "lemma": "πολλός",
        "strong": "G41830",
        "morph": "Gr,EQ,,,,DFS,"
      },
      {
        "text": "ἐπιθυμίᾳ",
        "tag": "w",
        "type": "word",
        "lemma": "ἐπιθυμία",
        "strong": "G19390",
        "morph": "Gr,N,,,,,DFS,"
      },
      {
        "type": "text",
        "text": ".\n\n"
      }
    ]
  },
  "18": {
    "verseObjects": [
      {
        "text": "διότι",
        "tag": "w",
        "type": "word",
        "lemma": "διότι",
        "strong": "G13600",
        "morph": "Gr,CS,,,,,,,,"
      },
      {
        "text": "ἠθελήσαμεν",
        "tag": "w",
        "type": "word",
        "lemma": "θέλω",
        "strong": "G23090",
        "morph": "Gr,V,IAA1,,P,"
      },
      {
        "text": "ἐλθεῖν",
        "tag": "w",
        "type": "word",
        "lemma": "ἔρχομαι",
        "strong": "G20640",
        "morph": "Gr,V,NAA,,,,,"
      },
      {
        "text": "πρὸς",
        "tag": "w",
        "type": "word",
        "lemma": "πρός",
        "strong": "G43140",
        "morph": "Gr,P,,,,,A,,,"
      },
      {
        "text": "ὑμᾶς",
        "tag": "w",
        "type": "word",
        "lemma": "σύ",
        "strong": "G47710",
        "morph": "Gr,RP,,,2A,P,"
      },
      {
        "type": "text",
        "text": ","
      },
      {
        "text": "ἐγὼ",
        "tag": "w",
        "type": "word",
        "lemma": "ἐγώ",
        "strong": "G14730",
        "morph": "Gr,RP,,,1N,S,"
      },
      {
        "text": "μὲν",
        "tag": "w",
        "type": "word",
        "lemma": "μέν",
        "strong": "G33030",
        "morph": "Gr,T,,,,,,,,,"
      },
      {
        "text": "Παῦλος",
        "tag": "w",
        "type": "word",
        "lemma": "Παῦλος",
        "strong": "G39720",
        "morph": "Gr,N,,,,,NMS,",
        "tw": "rc://*/tw/dict/bible/names/paul"
      },
      {
        "type": "text",
        "text": ","
      },
      {
        "text": "καὶ",
        "tag": "w",
        "type": "word",
        "lemma": "καί",
        "strong": "G25320",
        "morph": "Gr,DO,,,,,,,,"
      },
      {
        "text": "ἅπαξ",
        "tag": "w",
        "type": "word",
        "lemma": "ἅπαξ",
        "strong": "G05300",
        "morph": "Gr,D,,,,,,,,,"
      },
      {
        "text": "καὶ",
        "tag": "w",
        "type": "word",
        "lemma": "καί",
        "strong": "G25320",
        "morph": "Gr,CO,,,,,,,,"
      },
      {
        "text": "δίς",
        "tag": "w",
        "type": "word",
        "lemma": "δίς",
        "strong": "G13640",
        "morph": "Gr,D,,,,,,,,,"
      },
      {
        "type": "text",
        "text": ","
      },
      {
        "text": "καὶ",
        "tag": "w",
        "type": "word",
        "lemma": "καί",
        "strong": "G25320",
        "morph": "Gr,CC,,,,,,,,"
      },
      {
        "text": "ἐνέκοψεν",
        "tag": "w",
        "type": "word",
        "lemma": "ἐνκόπτω",
        "strong": "G14650",
        "morph": "Gr,V,IAA3,,S,"
      },
      {
        "text": "ἡμᾶς",
        "tag": "w",
        "type": "word",
        "lemma": "ἐγώ",
        "strong": "G14730",
        "morph": "Gr,RP,,,1A,P,"
      },
      {
        "text": "ὁ",
        "tag": "w",
        "type": "word",
        "lemma": "ὁ",
        "strong": "G35880",
        "morph": "Gr,EA,,,,NMS,"
      },
      {
        "text": "Σατανᾶς",
        "tag": "w",
        "type": "word",
        "lemma": "Σατανᾶς",
        "strong": "G45660",
        "morph": "Gr,N,,,,,NMS,",
        "tw": "rc://*/tw/dict/bible/kt/satan"
      },
      {
        "type": "text",
        "text": ".\n\n"
      }
    ]
  },
  "19": {
    "verseObjects": [
      {
        "text": "τίς",
        "tag": "w",
        "type": "word",
        "lemma": "τίς",
        "strong": "G51010",
        "morph": "Gr,RT,,,,NFS,"
      },
      {
        "text": "γὰρ",
        "tag": "w",
        "type": "word",
        "lemma": "γάρ",
        "strong": "G10630",
        "morph": "Gr,CC,,,,,,,,"
      },
      {
        "text": "ἡμῶν",
        "tag": "w",
        "type": "word",
        "lemma": "ἐγώ",
        "strong": "G14730",
        "morph": "Gr,RP,,,1G,P,"
      },
      {
        "text": "ἐλπὶς",
        "tag": "w",
        "type": "word",
        "lemma": "ἐλπίς",
        "strong": "G16800",
        "morph": "Gr,N,,,,,NFS,",
        "tw": "rc://*/tw/dict/bible/kt/hope"
      },
      {
        "text": "ἢ",
        "tag": "w",
        "type": "word",
        "lemma": "ἤ",
        "strong": "G22280",
        "morph": "Gr,CC,,,,,,,,"
      },
      {
        "text": "χαρὰ",
        "tag": "w",
        "type": "word",
        "lemma": "χαρά",
        "strong": "G54790",
        "morph": "Gr,N,,,,,NFS,",
        "tw": "rc://*/tw/dict/bible/other/joy"
      },
      {
        "text": "ἢ",
        "tag": "w",
        "type": "word",
        "lemma": "ἤ",
        "strong": "G22280",
        "morph": "Gr,CC,,,,,,,,"
      },
      {
        "text": "στέφανος",
        "tag": "w",
        "type": "word",
        "lemma": "στέφανος",
        "strong": "G47350",
        "morph": "Gr,N,,,,,NMS,",
        "tw": "rc://*/tw/dict/bible/other/crown"
      },
      {
        "text": "καυχήσεως",
        "tag": "w",
        "type": "word",
        "lemma": "καύχησις",
        "strong": "G27460",
        "morph": "Gr,N,,,,,GFS,",
        "tw": "rc://*/tw/dict/bible/other/proud"
      },
      {
        "type": "text",
        "text": "?"
      },
      {
        "text": "ἢ",
        "tag": "w",
        "type": "word",
        "lemma": "ἤ",
        "strong": "G22280",
        "morph": "Gr,CC,,,,,,,,"
      },
      {
        "text": "οὐχὶ",
        "tag": "w",
        "type": "word",
        "lemma": "οὐχί",
        "strong": "G37800",
        "morph": "Gr,T,,,,,,,,,"
      },
      {
        "text": "καὶ",
        "tag": "w",
        "type": "word",
        "lemma": "καί",
        "strong": "G25320",
        "morph": "Gr,D,,,,,,,,,"
      },
      {
        "text": "ὑμεῖς",
        "tag": "w",
        "type": "word",
        "lemma": "σύ",
        "strong": "G47710",
        "morph": "Gr,RP,,,2N,P,"
      },
      {
        "type": "text",
        "text": ","
      },
      {
        "text": "ἔμπροσθεν",
        "tag": "w",
        "type": "word",
        "lemma": "ἔμπροσθεν",
        "strong": "G17150",
        "morph": "Gr,PI,,,,G,,,"
      },
      {
        "text": "τοῦ",
        "tag": "w",
        "type": "word",
        "lemma": "ὁ",
        "strong": "G35880",
        "morph": "Gr,EA,,,,GMS,"
      },
      {
        "text": "Κυρίου",
        "tag": "w",
        "type": "word",
        "lemma": "κύριος",
        "strong": "G29620",
        "morph": "Gr,N,,,,,GMS,",
        "tw": "rc://*/tw/dict/bible/kt/lord"
      },
      {
        "text": "ἡμῶν",
        "tag": "w",
        "type": "word",
        "lemma": "ἐγώ",
        "strong": "G14730",
        "morph": "Gr,RP,,,1G,P,"
      },
      {
        "type": "text",
        "text": ","
      },
      {
        "text": "Ἰησοῦ",
        "tag": "w",
        "type": "word",
        "lemma": "Ἰησοῦς",
        "strong": "G24240",
        "morph": "Gr,N,,,,,GMS,",
        "tw": "rc://*/tw/dict/bible/kt/jesus"
      },
      {
        "type": "text",
        "text": ","
      },
      {
        "text": "ἐν",
        "tag": "w",
        "type": "word",
        "lemma": "ἐν",
        "strong": "G17220",
        "morph": "Gr,P,,,,,D,,,"
      },
      {
        "text": "τῇ",
        "tag": "w",
        "type": "word",
        "lemma": "ὁ",
        "strong": "G35880",
        "morph": "Gr,EA,,,,DFS,"
      },
      {
        "text": "αὐτοῦ",
        "tag": "w",
        "type": "word",
        "lemma": "αὐτός",
        "strong": "G08460",
        "morph": "Gr,RP,,,3GMS,"
      },
      {
        "text": "παρουσίᾳ",
        "tag": "w",
        "type": "word",
        "lemma": "παρουσία",
        "strong": "G39520",
        "morph": "Gr,N,,,,,DFS,"
      },
      {
        "type": "text",
        "text": "?\n\n"
      }
    ]
  },
  "20": {
    "verseObjects": [
      {
        "text": "ὑμεῖς",
        "tag": "w",
        "type": "word",
        "lemma": "σύ",
        "strong": "G47710",
        "morph": "Gr,RP,,,2N,P,"
      },
      {
        "text": "γάρ",
        "tag": "w",
        "type": "word",
        "lemma": "γάρ",
        "strong": "G10630",
        "morph": "Gr,CC,,,,,,,,"
      },
      {
        "text": "ἐστε",
        "tag": "w",
        "type": "word",
        "lemma": "εἰμί",
        "strong": "G15100",
        "morph": "Gr,V,IPA2,,P,"
      },
      {
        "text": "ἡ",
        "tag": "w",
        "type": "word",
        "lemma": "ὁ",
        "strong": "G35880",
        "morph": "Gr,EA,,,,NFS,"
      },
      {
        "text": "δόξα",
        "tag": "w",
        "type": "word",
        "lemma": "δόξα",
        "strong": "G13910",
        "morph": "Gr,N,,,,,NFS,",
        "tw": "rc://*/tw/dict/bible/kt/glory"
      },
      {
        "text": "ἡμῶν",
        "tag": "w",
        "type": "word",
        "lemma": "ἐγώ",
        "strong": "G14730",
        "morph": "Gr,RP,,,1G,P,"
      },
      {
        "type": "text",
        "text": ","
      },
      {
        "text": "καὶ",
        "tag": "w",
        "type": "word",
        "lemma": "καί",
        "strong": "G25320",
        "morph": "Gr,CC,,,,,,,,"
      },
      {
        "text": "ἡ",
        "tag": "w",
        "type": "word",
        "lemma": "ὁ",
        "strong": "G35880",
        "morph": "Gr,EA,,,,NFS,"
      },
      {
        "text": "χαρά",
        "tag": "w",
        "type": "word",
        "lemma": "χαρά",
        "strong": "G54790",
        "morph": "Gr,N,,,,,NFS,",
        "tw": "rc://*/tw/dict/bible/other/joy"
      },
      {
        "type": "text",
        "text": ".\n\n"
      }
    ]
  },
  "front": {
    "verseObjects": [
      {
        "tag": "p",
        "type": "paragraph",
        "text": "\n"
      },
      {
        "type": "text",
        "text": "\n"
      }
    ]
  }
}