{
  "1": {
    "verseObjects": [
      {
        "text": "περὶ",
        "tag": "w",
        "type": "word",
        "lemma": "περί",
        "strong": "G40120",
        "morph": "Gr,P,,,,,G,,,"
      },
      {
        "text": "δὲ",
        "tag": "w",
        "type": "word",
        "lemma": "δέ",
        "strong": "G11610",
        "morph": "Gr,CC,,,,,,,,"
      },
      {
        "text": "τῶν",
        "tag": "w",
        "type": "word",
        "lemma": "ὁ",
        "strong": "G35880",
        "morph": "Gr,EA,,,,GMP,"
      },
      {
        "text": "χρόνων",
        "tag": "w",
        "type": "word",
        "lemma": "χρόνος",
        "strong": "G55500",
        "morph": "Gr,N,,,,,GMP,",
        "tw": "rc://*/tw/dict/bible/other/time"
      },
      {
        "text": "καὶ",
        "tag": "w",
        "type": "word",
        "lemma": "καί",
        "strong": "G25320",
        "morph": "Gr,CC,,,,,,,,"
      },
      {
        "text": "τῶν",
        "tag": "w",
        "type": "word",
        "lemma": "ὁ",
        "strong": "G35880",
        "morph": "Gr,EA,,,,GMP,"
      },
      {
        "text": "καιρῶν",
        "tag": "w",
        "type": "word",
        "lemma": "καιρός",
        "strong": "G25400",
        "morph": "Gr,N,,,,,GMP,",
        "tw": "rc://*/tw/dict/bible/other/time"
      },
      {
        "type": "text",
        "text": ","
      },
      {
        "text": "ἀδελφοί",
        "tag": "w",
        "type": "word",
        "lemma": "ἀδελφός",
        "strong": "G00800",
        "morph": "Gr,N,,,,,VMP,",
        "tw": "rc://*/tw/dict/bible/kt/brother"
      },
      {
        "type": "text",
        "text": ","
      },
      {
        "text": "οὐ",
        "tag": "w",
        "type": "word",
        "lemma": "οὐ",
        "strong": "G37560",
        "morph": "Gr,D,,,,,,,,,"
      },
      {
        "text": "χρείαν",
        "tag": "w",
        "type": "word",
        "lemma": "χρεία",
        "strong": "G55320",
        "morph": "Gr,N,,,,,AFS,"
      },
      {
        "text": "ἔχετε",
        "tag": "w",
        "type": "word",
        "lemma": "ἔχω",
        "strong": "G21920",
        "morph": "Gr,V,IPA2,,P,"
      },
      {
        "text": "ὑμῖν",
        "tag": "w",
        "type": "word",
        "lemma": "σύ",
        "strong": "G47710",
        "morph": "Gr,RP,,,2D,P,"
      },
      {
        "text": "γράφεσθαι",
        "tag": "w",
        "type": "word",
        "lemma": "γράφω",
        "strong": "G11250",
        "morph": "Gr,V,NPP,,,,,",
        "tw": "rc://*/tw/dict/bible/other/written"
      },
      {
        "type": "text",
        "text": ".\n\n"
      }
    ]
  },
  "2": {
    "verseObjects": [
      {
        "text": "αὐτοὶ",
        "tag": "w",
        "type": "word",
        "lemma": "αὐτός",
        "strong": "G08460",
        "morph": "Gr,RE,,,2NMP,"
      },
      {
        "text": "γὰρ",
        "tag": "w",
        "type": "word",
        "lemma": "γάρ",
        "strong": "G10630",
        "morph": "Gr,CC,,,,,,,,"
      },
      {
        "text": "ἀκριβῶς",
        "tag": "w",
        "type": "word",
        "lemma": "ἀκριβῶς",
        "strong": "G01990",
        "morph": "Gr,D,,,,,,,,,"
      },
      {
        "text": "οἴδατε",
        "tag": "w",
        "type": "word",
        "lemma": "οἶδα",
        "strong": "G14920",
        "morph": "Gr,V,IEA2,,P,",
        "tw": "rc://*/tw/dict/bible/other/know"
      },
      {
        "text": "ὅτι",
        "tag": "w",
        "type": "word",
        "lemma": "ὅτι",
        "strong": "G37540",
        "morph": "Gr,CS,,,,,,,,"
      },
      {
        "tag": "k",
        "type": "milestone",
        "tw": "rc://*/tw/dict/bible/kt/dayofthelord",
        "children": [
          {
            "text": "ἡμέρα",
            "tag": "w",
            "type": "word",
            "lemma": "ἡμέρα",
            "strong": "G22500",
            "morph": "Gr,N,,,,,NFS,",
            "tw": "rc://*/tw/dict/bible/other/biblicaltimeday"
          },
          {
            "text": "Κυρίου",
            "tag": "w",
            "type": "word",
            "lemma": "κύριος",
            "strong": "G29620",
            "morph": "Gr,N,,,,,GMS,",
            "tw": "rc://*/tw/dict/bible/kt/lord"
          }
        ]
      },
      {
        "type": "text",
        "text": ","
      },
      {
        "text": "ὡς",
        "tag": "w",
        "type": "word",
        "lemma": "ὡς",
        "strong": "G56130",
        "morph": "Gr,CS,,,,,,,,",
        "tw": "rc://*/tw/dict/bible/other/like"
      },
      {
        "text": "κλέπτης",
        "tag": "w",
        "type": "word",
        "lemma": "κλέπτης",
        "strong": "G28120",
        "morph": "Gr,N,,,,,NMS,",
        "tw": "rc://*/tw/dict/bible/other/thief"
      },
      {
        "text": "ἐν",
        "tag": "w",
        "type": "word",
        "lemma": "ἐν",
        "strong": "G17220",
        "morph": "Gr,P,,,,,D,,,"
      },
      {
        "text": "νυκτὶ",
        "tag": "w",
        "type": "word",
        "lemma": "νύξ",
        "strong": "G35710",
        "morph": "Gr,N,,,,,DFS,"
      },
      {
        "text": "οὕτως",
        "tag": "w",
        "type": "word",
        "lemma": "οὕτως",
        "strong": "G37790",
        "morph": "Gr,D,,,,,,,,,"
      },
      {
        "text": "ἔρχεται",
        "tag": "w",
        "type": "word",
        "lemma": "ἔρχομαι",
        "strong": "G20640",
        "morph": "Gr,V,IPM3,,S,"
      },
      {
        "type": "text",
        "text": ".\n\n"
      }
    ]
  },
  "3": {
    "verseObjects": [
      {
        "text": "ὅταν",
        "tag": "w",
        "type": "word",
        "lemma": "ὅταν",
        "strong": "G37520",
        "morph": "Gr,CS,,,,,,,,"
      },
      {
        "text": "λέγωσιν",
        "tag": "w",
        "type": "word",
        "lemma": "λέγω",
        "strong": "G30040",
        "morph": "Gr,V,SPA3,,P,"
      },
      {
        "type": "text",
        "text": ",\n“"
      },
      {
        "text": "εἰρήνη",
        "tag": "w",
        "type": "word",
        "lemma": "εἰρήνη",
        "strong": "G15150",
        "morph": "Gr,N,,,,,NFS,",
        "tw": "rc://*/tw/dict/bible/other/peace"
      },
      {
        "text": "καὶ",
        "tag": "w",
        "type": "word",
        "lemma": "καί",
        "strong": "G25320",
        "morph": "Gr,CC,,,,,,,,"
      },
      {
        "text": "ἀσφάλεια",
        "tag": "w",
        "type": "word",
        "lemma": "ἀσφάλεια",
        "strong": "G08030",
        "morph": "Gr,N,,,,,NFS,"
      },
      {
        "type": "text",
        "text": "”,"
      },
      {
        "text": "τότε",
        "tag": "w",
        "type": "word",
        "lemma": "τότε",
        "strong": "G51190",
        "morph": "Gr,D,,,,,,,,,"
      },
      {
        "text": "αἰφνίδιος",
        "tag": "w",
        "type": "word",
        "lemma": "αἰφνίδιος",
        "strong": "G01600",
        "morph": "Gr,NS,,,,NMS,"
      },
      {
        "text": "αὐτοῖς",
        "tag": "w",
        "type": "word",
        "lemma": "αὐτός",
        "strong": "G08460",
        "morph": "Gr,RP,,,3DMP,"
      },
      {
        "text": "ἐφίσταται",
        "tag": "w",
        "type": "word",
        "lemma": "ἐφίστημι",
        "strong": "G21860",
        "morph": "Gr,V,IPM3,,S,"
      },
      {
        "text": "ὄλεθρος",
        "tag": "w",
        "type": "word",
        "lemma": "ὄλεθρος",
        "strong": "G36390",
        "morph": "Gr,N,,,,,NMS,"
      },
      {
        "type": "text",
        "text": ","
      },
      {
        "text": "ὥσπερ",
        "tag": "w",
        "type": "word",
        "lemma": "ὥσπερ",
        "strong": "G56180",
        "morph": "Gr,CS,,,,,,,,",
        "tw": "rc://*/tw/dict/bible/other/like"
      },
      {
        "text": "ἡ",
        "tag": "w",
        "type": "word",
        "lemma": "ὁ",
        "strong": "G35880",
        "morph": "Gr,EA,,,,NFS,"
      },
      {
        "text": "ὠδὶν",
        "tag": "w",
        "type": "word",
        "lemma": "ὠδίν",
        "strong": "G56040",
        "morph": "Gr,N,,,,,NFS,"
      },
      {
        "text": "τῇ",
        "tag": "w",
        "type": "word",
        "lemma": "ὁ",
        "strong": "G35880",
        "morph": "Gr,RD,,,,DFS,"
      },
      {
        "text": "ἐν",
        "tag": "w",
        "type": "word",
        "lemma": "ἐν",
        "strong": "G17220",
        "morph": "Gr,P,,,,,D,,,"
      },
      {
        "text": "γαστρὶ",
        "tag": "w",
        "type": "word",
        "lemma": "γαστήρ",
        "strong": "G10640",
        "morph": "Gr,N,,,,,DFS,",
        "tw": "rc://*/tw/dict/bible/other/womb"
      },
      {
        "text": "ἐχούσῃ",
        "tag": "w",
        "type": "word",
        "lemma": "ἔχω",
        "strong": "G21920",
        "morph": "Gr,V,PPA,DFS,"
      },
      {
        "type": "text",
        "text": ";"
      },
      {
        "text": "καὶ",
        "tag": "w",
        "type": "word",
        "lemma": "καί",
        "strong": "G25320",
        "morph": "Gr,CC,,,,,,,,"
      },
      {
        "text": "οὐ",
        "tag": "w",
        "type": "word",
        "lemma": "οὐ",
        "strong": "G37560",
        "morph": "Gr,D,,,,,,,,,"
      },
      {
        "text": "μὴ",
        "tag": "w",
        "type": "word",
        "lemma": "μή",
        "strong": "G33610",
        "morph": "Gr,D,,,,,,,,,"
      },
      {
        "text": "ἐκφύγωσιν",
        "tag": "w",
        "type": "word",
        "lemma": "ἐκφεύγω",
        "strong": "G16280",
        "morph": "Gr,V,SAA3,,P,"
      },
      {
        "type": "text",
        "text": ".\n\n"
      }
    ]
  },
  "4": {
    "verseObjects": [
      {
        "text": "ὑμεῖς",
        "tag": "w",
        "type": "word",
        "lemma": "σύ",
        "strong": "G47710",
        "morph": "Gr,RP,,,2N,P,"
      },
      {
        "text": "δέ",
        "tag": "w",
        "type": "word",
        "lemma": "δέ",
        "strong": "G11610",
        "morph": "Gr,CC,,,,,,,,"
      },
      {
        "type": "text",
        "text": ","
      },
      {
        "text": "ἀδελφοί",
        "tag": "w",
        "type": "word",
        "lemma": "ἀδελφός",
        "strong": "G00800",
        "morph": "Gr,N,,,,,VMP,",
        "tw": "rc://*/tw/dict/bible/kt/brother"
      },
      {
        "type": "text",
        "text": ","
      },
      {
        "text": "οὐκ",
        "tag": "w",
        "type": "word",
        "lemma": "οὐ",
        "strong": "G37560",
        "morph": "Gr,D,,,,,,,,,"
      },
      {
        "text": "ἐστὲ",
        "tag": "w",
        "type": "word",
        "lemma": "εἰμί",
        "strong": "G15100",
        "morph": "Gr,V,IPA2,,P,"
      },
      {
        "text": "ἐν",
        "tag": "w",
        "type": "word",
        "lemma": "ἐν",
        "strong": "G17220",
        "morph": "Gr,P,,,,,D,,,"
      },
      {
        "text": "σκότει",
        "tag": "w",
        "type": "word",
        "lemma": "σκότος",
        "strong": "G46550",
        "morph": "Gr,N,,,,,DNS,",
        "tw": "rc://*/tw/dict/bible/other/darkness"
      },
      {
        "type": "text",
        "text": ","
      },
      {
        "text": "ἵνα",
        "tag": "w",
        "type": "word",
        "lemma": "ἵνα",
        "strong": "G24430",
        "morph": "Gr,CS,,,,,,,,"
      },
      {
        "text": "ἡ",
        "tag": "w",
        "type": "word",
        "lemma": "ὁ",
        "strong": "G35880",
        "morph": "Gr,EA,,,,NFS,"
      },
      {
        "text": "ἡμέρα",
        "tag": "w",
        "type": "word",
        "lemma": "ἡμέρα",
        "strong": "G22500",
        "morph": "Gr,N,,,,,NFS,",
        "tw": "rc://*/tw/dict/bible/other/biblicaltimeday"
      },
      {
        "text": "ὑμᾶς",
        "tag": "w",
        "type": "word",
        "lemma": "σύ",
        "strong": "G47710",
        "morph": "Gr,RP,,,2A,P,"
      },
      {
        "text": "ὡς",
        "tag": "w",
        "type": "word",
        "lemma": "ὡς",
        "strong": "G56130",
        "morph": "Gr,CS,,,,,,,,",
        "tw": "rc://*/tw/dict/bible/other/like"
      },
      {
        "text": "κλέπτας",
        "tag": "w",
        "type": "word",
        "lemma": "κλέπτης",
        "strong": "G28120",
        "morph": "Gr,N,,,,,AMP,",
        "tw": "rc://*/tw/dict/bible/other/thief"
      },
      {
        "text": "καταλάβῃ",
        "tag": "w",
        "type": "word",
        "lemma": "καταλαμβάνω",
        "strong": "G26380",
        "morph": "Gr,V,SAA3,,S,",
        "tw": "rc://*/tw/dict/bible/other/overtake"
      },
      {
        "type": "text",
        "text": ".\n\n"
      }
    ]
  },
  "5": {
    "verseObjects": [
      {
        "text": "πάντες",
        "tag": "w",
        "type": "word",
        "lemma": "πᾶς",
        "strong": "G39560",
        "morph": "Gr,RI,,,,NMP,"
      },
      {
        "text": "γὰρ",
        "tag": "w",
        "type": "word",
        "lemma": "γάρ",
        "strong": "G10630",
        "morph": "Gr,CC,,,,,,,,"
      },
      {
        "text": "ὑμεῖς",
        "tag": "w",
        "type": "word",
        "lemma": "σύ",
        "strong": "G47710",
        "morph": "Gr,RP,,,2N,P,"
      },
      {
        "text": "υἱοὶ",
        "tag": "w",
        "type": "word",
        "lemma": "υἱός",
        "strong": "G52070",
        "morph": "Gr,N,,,,,NMP,",
        "tw": "rc://*/tw/dict/bible/kt/son"
      },
      {
        "text": "φωτός",
        "tag": "w",
        "type": "word",
        "lemma": "φῶς",
        "strong": "G54570",
        "morph": "Gr,N,,,,,GNS,",
        "tw": "rc://*/tw/dict/bible/other/light"
      },
      {
        "text": "ἐστε",
        "tag": "w",
        "type": "word",
        "lemma": "εἰμί",
        "strong": "G15100",
        "morph": "Gr,V,IPA2,,P,"
      },
      {
        "type": "text",
        "text": ","
      },
      {
        "text": "καὶ",
        "tag": "w",
        "type": "word",
        "lemma": "καί",
        "strong": "G25320",
        "morph": "Gr,CC,,,,,,,,"
      },
      {
        "text": "υἱοὶ",
        "tag": "w",
        "type": "word",
        "lemma": "υἱός",
        "strong": "G52070",
        "morph": "Gr,N,,,,,NMP,",
        "tw": "rc://*/tw/dict/bible/kt/son"
      },
      {
        "text": "ἡμέρας",
        "tag": "w",
        "type": "word",
        "lemma": "ἡμέρα",
        "strong": "G22500",
        "morph": "Gr,N,,,,,GFS,",
        "tw": "rc://*/tw/dict/bible/other/biblicaltimeday"
      },
      {
        "type": "text",
        "text": "."
      },
      {
        "text": "οὐκ",
        "tag": "w",
        "type": "word",
        "lemma": "οὐ",
        "strong": "G37560",
        "morph": "Gr,DO,,,,,,,,"
      },
      {
        "text": "ἐσμὲν",
        "tag": "w",
        "type": "word",
        "lemma": "εἰμί",
        "strong": "G15100",
        "morph": "Gr,V,IPA1,,P,"
      },
      {
        "text": "νυκτὸς",
        "tag": "w",
        "type": "word",
        "lemma": "νύξ",
        "strong": "G35710",
        "morph": "Gr,N,,,,,GFS,"
      },
      {
        "text": "οὐδὲ",
        "tag": "w",
        "type": "word",
        "lemma": "οὐδέ",
        "strong": "G37610",
        "morph": "Gr,CO,,,,,,,,"
      },
      {
        "text": "σκότους",
        "tag": "w",
        "type": "word",
        "lemma": "σκότος",
        "strong": "G46550",
        "morph": "Gr,N,,,,,GNS,",
        "tw": "rc://*/tw/dict/bible/other/darkness"
      },
      {
        "type": "text",
        "text": ".\n\n"
      }
    ]
  },
  "6": {
    "verseObjects": [
      {
        "text": "ἄρα",
        "tag": "w",
        "type": "word",
        "lemma": "ἄρα",
        "strong": "G06860",
        "morph": "Gr,D,,,,,,,,,"
      },
      {
        "text": "οὖν",
        "tag": "w",
        "type": "word",
        "lemma": "οὖν",
        "strong": "G37670",
        "morph": "Gr,CC,,,,,,,,"
      },
      {
        "text": "μὴ",
        "tag": "w",
        "type": "word",
        "lemma": "μή",
        "strong": "G33610",
        "morph": "Gr,DO,,,,,,,,"
      },
      {
        "text": "καθεύδωμεν",
        "tag": "w",
        "type": "word",
        "lemma": "καθεύδω",
        "strong": "G25180",
        "morph": "Gr,V,SPA1,,P,",
        "tw": "rc://*/tw/dict/bible/other/sleep"
      },
      {
        "text": "ὡς",
        "tag": "w",
        "type": "word",
        "lemma": "ὡς",
        "strong": "G56130",
        "morph": "Gr,CS,,,,,,,,",
        "tw": "rc://*/tw/dict/bible/other/like"
      },
      {
        "text": "οἱ",
        "tag": "w",
        "type": "word",
        "lemma": "ὁ",
        "strong": "G35880",
        "morph": "Gr,EA,,,,NMP,"
      },
      {
        "text": "λοιποί",
        "tag": "w",
        "type": "word",
        "lemma": "λοιπός",
        "strong": "G30620",
        "morph": "Gr,RI,,,,NMP,"
      },
      {
        "type": "text",
        "text": ","
      },
      {
        "text": "ἀλλὰ",
        "tag": "w",
        "type": "word",
        "lemma": "ἀλλά",
        "strong": "G02350",
        "morph": "Gr,CO,,,,,,,,"
      },
      {
        "text": "γρηγορῶμεν",
        "tag": "w",
        "type": "word",
        "lemma": "γρηγορέω",
        "strong": "G11270",
        "morph": "Gr,V,SPA1,,P,",
        "tw": "rc://*/tw/dict/bible/other/watch"
      },
      {
        "text": "καὶ",
        "tag": "w",
        "type": "word",
        "lemma": "καί",
        "strong": "G25320",
        "morph": "Gr,CC,,,,,,,,"
      },
      {
        "text": "νήφωμεν",
        "tag": "w",
        "type": "word",
        "lemma": "νήφω",
        "strong": "G35250",
        "morph": "Gr,V,SPA1,,P,"
      },
      {
        "type": "text",
        "text": ".\n\n"
      }
    ]
  },
  "7": {
    "verseObjects": [
      {
        "text": "οἱ",
        "tag": "w",
        "type": "word",
        "lemma": "ὁ",
        "strong": "G35880",
        "morph": "Gr,RD,,,,NMP,"
      },
      {
        "text": "γὰρ",
        "tag": "w",
        "type": "word",
        "lemma": "γάρ",
        "strong": "G10630",
        "morph": "Gr,CC,,,,,,,,"
      },
      {
        "text": "καθεύδοντες",
        "tag": "w",
        "type": "word",
        "lemma": "καθεύδω",
        "strong": "G25180",
        "morph": "Gr,V,PPA,NMP,",
        "tw": "rc://*/tw/dict/bible/other/sleep"
      },
      {
        "type": "text",
        "text": ","
      },
      {
        "text": "νυκτὸς",
        "tag": "w",
        "type": "word",
        "lemma": "νύξ",
        "strong": "G35710",
        "morph": "Gr,N,,,,,GFS,"
      },
      {
        "text": "καθεύδουσιν",
        "tag": "w",
        "type": "word",
        "lemma": "καθεύδω",
        "strong": "G25180",
        "morph": "Gr,V,IPA3,,P,",
        "tw": "rc://*/tw/dict/bible/other/sleep"
      },
      {
        "type": "text",
        "text": ";"
      },
      {
        "text": "καὶ",
        "tag": "w",
        "type": "word",
        "lemma": "καί",
        "strong": "G25320",
        "morph": "Gr,CC,,,,,,,,"
      },
      {
        "text": "οἱ",
        "tag": "w",
        "type": "word",
        "lemma": "ὁ",
        "strong": "G35880",
        "morph": "Gr,RD,,,,NMP,"
      },
      {
        "text": "μεθυσκόμενοι",
        "tag": "w",
        "type": "word",
        "lemma": "μεθύσκω",
        "strong": "G31820",
        "morph": "Gr,V,PPP,NMP,",
        "tw": "rc://*/tw/dict/bible/other/drunk"
      },
      {
        "type": "text",
        "text": ","
      },
      {
        "text": "νυκτὸς",
        "tag": "w",
        "type": "word",
        "lemma": "νύξ",
        "strong": "G35710",
        "morph": "Gr,N,,,,,GFS,"
      },
      {
        "text": "μεθύουσιν",
        "tag": "w",
        "type": "word",
        "lemma": "μεθύω",
        "strong": "G31840",
        "morph": "Gr,V,IPA3,,P,",
        "tw": "rc://*/tw/dict/bible/other/drunk"
      },
      {
        "type": "text",
        "text": ".\n\n"
      }
    ]
  },
  "8": {
    "verseObjects": [
      {
        "text": "ἡμεῖς",
        "tag": "w",
        "type": "word",
        "lemma": "ἐγώ",
        "strong": "G14730",
        "morph": "Gr,RP,,,1N,P,"
      },
      {
        "text": "δὲ",
        "tag": "w",
        "type": "word",
        "lemma": "δέ",
        "strong": "G11610",
        "morph": "Gr,CC,,,,,,,,"
      },
      {
        "text": "ἡμέρας",
        "tag": "w",
        "type": "word",
        "lemma": "ἡμέρα",
        "strong": "G22500",
        "morph": "Gr,N,,,,,GFS,",
        "tw": "rc://*/tw/dict/bible/other/biblicaltimeday"
      },
      {
        "text": "ὄντες",
        "tag": "w",
        "type": "word",
        "lemma": "εἰμί",
        "strong": "G15100",
        "morph": "Gr,V,PPA,NMP,"
      },
      {
        "type": "text",
        "text": ","
      },
      {
        "text": "νήφωμεν",
        "tag": "w",
        "type": "word",
        "lemma": "νήφω",
        "strong": "G35250",
        "morph": "Gr,V,SPA1,,P,"
      },
      {
        "type": "text",
        "text": ","
      },
      {
        "text": "ἐνδυσάμενοι",
        "tag": "w",
        "type": "word",
        "lemma": "ἐνδύω",
        "strong": "G17460",
        "morph": "Gr,V,PAM,NMP,",
        "tw": "rc://*/tw/dict/bible/other/clothed"
      },
      {
        "text": "θώρακα",
        "tag": "w",
        "type": "word",
        "lemma": "θώραξ",
        "strong": "G23820",
        "morph": "Gr,N,,,,,AMS,",
        "tw": "rc://*/tw/dict/bible/other/breastplate"
      },
      {
        "text": "πίστεως",
        "tag": "w",
        "type": "word",
        "lemma": "πίστις",
        "strong": "G41020",
        "morph": "Gr,N,,,,,GFS,",
        "tw": "rc://*/tw/dict/bible/kt/faith"
      },
      {
        "text": "καὶ",
        "tag": "w",
        "type": "word",
        "lemma": "καί",
        "strong": "G25320",
        "morph": "Gr,CC,,,,,,,,"
      },
      {
        "text": "ἀγάπης",
        "tag": "w",
        "type": "word",
        "lemma": "ἀγάπη",
        "strong": "G00260",
        "morph": "Gr,N,,,,,GFS,",
        "tw": "rc://*/tw/dict/bible/kt/love"
      },
      {
        "type": "text",
        "text": ","
      },
      {
        "text": "καὶ",
        "tag": "w",
        "type": "word",
        "lemma": "καί",
        "strong": "G25320",
        "morph": "Gr,CC,,,,,,,,"
      },
      {
        "text": "περικεφαλαίαν",
        "tag": "w",
        "type": "word",
        "lemma": "περικεφαλαία",
        "strong": "G40300",
        "morph": "Gr,N,,,,,AFS,"
      },
      {
        "type": "text",
        "text": ","
      },
      {
        "text": "ἐλπίδα",
        "tag": "w",
        "type": "word",
        "lemma": "ἐλπίς",
        "strong": "G16800",
        "morph": "Gr,N,,,,,AFS,",
        "tw": "rc://*/tw/dict/bible/kt/hope"
      },
      {
        "text": "σωτηρίας",
        "tag": "w",
        "type": "word",
        "lemma": "σωτηρία",
        "strong": "G49910",
        "morph": "Gr,N,,,,,GFS,",
        "tw": "rc://*/tw/dict/bible/kt/save"
      },
      {
        "type": "text",
        "text": ";\n\n"
      }
    ]
  },
  "9": {
    "verseObjects": [
      {
        "text": "ὅτι",
        "tag": "w",
        "type": "word",
        "lemma": "ὅτι",
        "strong": "G37540",
        "morph": "Gr,CS,,,,,,,,"
      },
      {
        "text": "οὐκ",
        "tag": "w",
        "type": "word",
        "lemma": "οὐ",
        "strong": "G37560",
        "morph": "Gr,DO,,,,,,,,"
      },
      {
        "text": "ἔθετο",
        "tag": "w",
        "type": "word",
        "lemma": "τίθημι",
        "strong": "G50870",
        "morph": "Gr,V,IAM3,,S,",
        "tw": "rc://*/tw/dict/bible/other/destiny"
      },
      {
        "text": "ἡμᾶς",
        "tag": "w",
        "type": "word",
        "lemma": "ἐγώ",
        "strong": "G14730",
        "morph": "Gr,RP,,,1A,P,"
      },
      {
        "text": "ὁ",
        "tag": "w",
        "type": "word",
        "lemma": "ὁ",
        "strong": "G35880",
        "morph": "Gr,EA,,,,NMS,"
      },
      {
        "text": "Θεὸς",
        "tag": "w",
        "type": "word",
        "lemma": "θεός",
        "strong": "G23160",
        "morph": "Gr,N,,,,,NMS,",
        "tw": "rc://*/tw/dict/bible/kt/god"
      },
      {
        "text": "εἰς",
        "tag": "w",
        "type": "word",
        "lemma": "εἰς",
        "strong": "G15190",
        "morph": "Gr,P,,,,,A,,,"
      },
      {
        "text": "ὀργὴν",
        "tag": "w",
        "type": "word",
        "lemma": "ὀργή",
        "strong": "G37090",
        "morph": "Gr,N,,,,,AFS,",
        "tw": "rc://*/tw/dict/bible/kt/wrath"
      },
      {
        "type": "text",
        "text": ","
      },
      {
        "text": "ἀλλὰ",
        "tag": "w",
        "type": "word",
        "lemma": "ἀλλά",
        "strong": "G02350",
        "morph": "Gr,CO,,,,,,,,"
      },
      {
        "text": "εἰς",
        "tag": "w",
        "type": "word",
        "lemma": "εἰς",
        "strong": "G15190",
        "morph": "Gr,P,,,,,A,,,"
      },
      {
        "text": "περιποίησιν",
        "tag": "w",
        "type": "word",
        "lemma": "περιποίησις",
        "strong": "G40470",
        "morph": "Gr,N,,,,,AFS,"
      },
      {
        "text": "σωτηρίας",
        "tag": "w",
        "type": "word",
        "lemma": "σωτηρία",
        "strong": "G49910",
        "morph": "Gr,N,,,,,GFS,",
        "tw": "rc://*/tw/dict/bible/kt/save"
      },
      {
        "text": "διὰ",
        "tag": "w",
        "type": "word",
        "lemma": "διά",
        "strong": "G12230",
        "morph": "Gr,P,,,,,G,,,"
      },
      {
        "text": "τοῦ",
        "tag": "w",
        "type": "word",
        "lemma": "ὁ",
        "strong": "G35880",
        "morph": "Gr,EA,,,,GMS,"
      },
      {
        "text": "Κυρίου",
        "tag": "w",
        "type": "word",
        "lemma": "κύριος",
        "strong": "G29620",
        "morph": "Gr,N,,,,,GMS,",
        "tw": "rc://*/tw/dict/bible/kt/lord"
      },
      {
        "text": "ἡμῶν",
        "tag": "w",
        "type": "word",
        "lemma": "ἐγώ",
        "strong": "G14730",
        "morph": "Gr,RP,,,1G,P,"
      },
      {
        "type": "text",
        "text": ","
      },
      {
        "tag": "k",
        "type": "milestone",
        "tw": "rc://*/tw/dict/bible/kt/jesus",
        "children": [
          {
            "text": "Ἰησοῦ",
            "tag": "w",
            "type": "word",
            "lemma": "Ἰησοῦς",
            "strong": "G24240",
            "morph": "Gr,N,,,,,GMS,"
          },
          {
            "text": "Χριστοῦ",
            "tag": "w",
            "type": "word",
            "lemma": "χριστός",
            "strong": "G55470",
            "morph": "Gr,N,,,,,GMS,",
            "tw": "rc://*/tw/dict/bible/kt/christ"
          }
        ]
      },
      {
        "type": "text",
        "text": ",\n\n"
      }
    ]
  },
  "10": {
    "verseObjects": [
      {
        "text": "τοῦ",
        "tag": "w",
        "type": "word",
        "lemma": "ὁ",
        "strong": "G35880",
        "morph": "Gr,RD,,,,GMS,"
      },
      {
        "text": "ἀποθανόντος",
        "tag": "w",
        "type": "word",
        "lemma": "ἀποθνῄσκω",
        "strong": "G05990",
        "morph": "Gr,V,PAA,GMS,",
        "tw": "rc://*/tw/dict/bible/other/death"
      },
      {
        "text": "περὶ",
        "tag": "w",
        "type": "word",
        "lemma": "περί",
        "strong": "G40120",
        "morph": "Gr,P,,,,,G,,,"
      },
      {
        "text": "ἡμῶν",
        "tag": "w",
        "type": "word",
        "lemma": "ἐγώ",
        "strong": "G14730",
        "morph": "Gr,RP,,,1G,P,"
      },
      {
        "type": "text",
        "text": ","
      },
      {
        "text": "ἵνα",
        "tag": "w",
        "type": "word",
        "lemma": "ἵνα",
        "strong": "G24430",
        "morph": "Gr,CS,,,,,,,,"
      },
      {
        "text": "εἴτε",
        "tag": "w",
        "type": "word",
        "lemma": "εἴτε",
        "strong": "G15350",
        "morph": "Gr,DO,,,,,,,,"
      },
      {
        "text": "γρηγορῶμεν",
        "tag": "w",
        "type": "word",
        "lemma": "γρηγορέω",
        "strong": "G11270",
        "morph": "Gr,V,SPA1,,P,",
        "tw": "rc://*/tw/dict/bible/other/watch"
      },
      {
        "text": "εἴτε",
        "tag": "w",
        "type": "word",
        "lemma": "εἴτε",
        "strong": "G15350",
        "morph": "Gr,CO,,,,,,,,"
      },
      {
        "text": "καθεύδωμεν",
        "tag": "w",
        "type": "word",
        "lemma": "καθεύδω",
        "strong": "G25180",
        "morph": "Gr,V,SPA1,,P,",
        "tw": "rc://*/tw/dict/bible/other/sleep"
      },
      {
        "type": "text",
        "text": ","
      },
      {
        "text": "ἅμα",
        "tag": "w",
        "type": "word",
        "lemma": "ἅμα",
        "strong": "G02600",
        "morph": "Gr,D,,,,,,,,,"
      },
      {
        "text": "σὺν",
        "tag": "w",
        "type": "word",
        "lemma": "σύν",
        "strong": "G48620",
        "morph": "Gr,P,,,,,D,,,"
      },
      {
        "text": "αὐτῷ",
        "tag": "w",
        "type": "word",
        "lemma": "αὐτός",
        "strong": "G08460",
        "morph": "Gr,RP,,,3DMS,"
      },
      {
        "text": "ζήσωμεν",
        "tag": "w",
        "type": "word",
        "lemma": "ζάω",
        "strong": "G21980",
        "morph": "Gr,V,SAA1,,P,",
        "tw": "rc://*/tw/dict/bible/kt/life"
      },
      {
        "type": "text",
        "text": ".\n\n"
      }
    ]
  },
  "11": {
    "verseObjects": [
      {
        "text": "διὸ",
        "tag": "w",
        "type": "word",
        "lemma": "διό",
        "strong": "G13520",
        "morph": "Gr,CC,,,,,,,,"
      },
      {
        "text": "παρακαλεῖτε",
        "tag": "w",
        "type": "word",
        "lemma": "παρακαλέω",
        "strong": "G38700",
        "morph": "Gr,V,MPA2,,P,",
        "tw": "rc://*/tw/dict/bible/other/comfort"
      },
      {
        "text": "ἀλλήλους",
        "tag": "w",
        "type": "word",
        "lemma": "ἀλλήλων",
        "strong": "G02400",
        "morph": "Gr,RC,,,,AMP,"
      },
      {
        "type": "text",
        "text": ","
      },
      {
        "text": "καὶ",
        "tag": "w",
        "type": "word",
        "lemma": "καί",
        "strong": "G25320",
        "morph": "Gr,CC,,,,,,,,"
      },
      {
        "text": "οἰκοδομεῖτε",
        "tag": "w",
        "type": "word",
        "lemma": "οἰκοδομέω",
        "strong": "G36180",
        "morph": "Gr,V,MPA2,,P,"
      },
      {
        "text": "εἷς",
        "tag": "w",
        "type": "word",
        "lemma": "εἷς",
        "strong": "G15200",
        "morph": "Gr,NS,,,,NMS,"
      },
      {
        "text": "τὸν",
        "tag": "w",
        "type": "word",
        "lemma": "ὁ",
        "strong": "G35880",
        "morph": "Gr,EA,,,,AMS,"
      },
      {
        "text": "ἕνα",
        "tag": "w",
        "type": "word",
        "lemma": "εἷς",
        "strong": "G15200",
        "morph": "Gr,NS,,,,AMS,"
      },
      {
        "type": "text",
        "text": ","
      },
      {
        "text": "καθὼς",
        "tag": "w",
        "type": "word",
        "lemma": "καθώς",
        "strong": "G25310",
        "morph": "Gr,D,,,,,,,,,",
        "tw": "rc://*/tw/dict/bible/other/like"
      },
      {
        "text": "καὶ",
        "tag": "w",
        "type": "word",
        "lemma": "καί",
        "strong": "G25320",
        "morph": "Gr,D,,,,,,,,,"
      },
      {
        "text": "ποιεῖτε",
        "tag": "w",
        "type": "word",
        "lemma": "ποιέω",
        "strong": "G41600",
        "morph": "Gr,V,IPA2,,P,"
      },
      {
        "type": "text",
        "text": ".\n\n"
      }
    ]
  },
  "12": {
    "verseObjects": [
      {
        "type": "text",
        "text": "\n"
      },
      {
        "tag": "p",
        "type": "paragraph",
        "text": "\n"
      },
      {
        "text": "ἐρωτῶμεν",
        "tag": "w",
        "type": "word",
        "lemma": "ἐρωτάω",
        "strong": "G20650",
        "morph": "Gr,V,IPA1,,P,",
        "tw": "rc://*/tw/dict/bible/other/plead"
      },
      {
        "text": "δὲ",
        "tag": "w",
        "type": "word",
        "lemma": "δέ",
        "strong": "G11610",
        "morph": "Gr,CC,,,,,,,,"
      },
      {
        "text": "ὑμᾶς",
        "tag": "w",
        "type": "word",
        "lemma": "σύ",
        "strong": "G47710",
        "morph": "Gr,RP,,,2A,P,"
      },
      {
        "type": "text",
        "text": ","
      },
      {
        "text": "ἀδελφοί",
        "tag": "w",
        "type": "word",
        "lemma": "ἀδελφός",
        "strong": "G00800",
        "morph": "Gr,N,,,,,VMP,",
        "tw": "rc://*/tw/dict/bible/kt/brother"
      },
      {
        "type": "text",
        "text": ","
      },
      {
        "text": "εἰδέναι",
        "tag": "w",
        "type": "word",
        "lemma": "εἴδω",
        "strong": "G14920",
        "morph": "Gr,V,NEA,,,,,",
        "tw": "rc://*/tw/dict/bible/other/acknowledge"
      },
      {
        "text": "τοὺς",
        "tag": "w",
        "type": "word",
        "lemma": "ὁ",
        "strong": "G35880",
        "morph": "Gr,RD,,,,AMP,"
      },
      {
        "text": "κοπιῶντας",
        "tag": "w",
        "type": "word",
        "lemma": "κοπιάω",
        "strong": "G28720",
        "morph": "Gr,V,PPA,AMP,",
        "tw": "rc://*/tw/dict/bible/other/labor"
      },
      {
        "text": "ἐν",
        "tag": "w",
        "type": "word",
        "lemma": "ἐν",
        "strong": "G17220",
        "morph": "Gr,P,,,,,D,,,"
      },
      {
        "text": "ὑμῖν",
        "tag": "w",
        "type": "word",
        "lemma": "σύ",
        "strong": "G47710",
        "morph": "Gr,RP,,,2D,P,"
      },
      {
        "type": "text",
        "text": ","
      },
      {
        "text": "καὶ",
        "tag": "w",
        "type": "word",
        "lemma": "καί",
        "strong": "G25320",
        "morph": "Gr,CC,,,,,,,,"
      },
      {
        "text": "προϊσταμένους",
        "tag": "w",
        "type": "word",
        "lemma": "προΐστημι",
        "strong": "G42910",
        "morph": "Gr,V,PPM,AMP,",
        "tw": "rc://*/tw/dict/bible/other/manager"
      },
      {
        "text": "ὑμῶν",
        "tag": "w",
        "type": "word",
        "lemma": "σύ",
        "strong": "G47710",
        "morph": "Gr,RP,,,2G,P,"
      },
      {
        "tag": "k",
        "type": "milestone",
        "tw": "rc://*/tw/dict/bible/kt/inchrist",
        "children": [
          {
            "text": "ἐν",
            "tag": "w",
            "type": "word",
            "lemma": "ἐν",
            "strong": "G17220",
            "morph": "Gr,P,,,,,D,,,"
          },
          {
            "text": "Κυρίῳ",
            "tag": "w",
            "type": "word",
            "lemma": "κύριος",
            "strong": "G29620",
            "morph": "Gr,N,,,,,DMS,",
            "tw": "rc://*/tw/dict/bible/kt/lord"
          }
        ]
      },
      {
        "type": "text",
        "text": ","
      },
      {
        "text": "καὶ",
        "tag": "w",
        "type": "word",
        "lemma": "καί",
        "strong": "G25320",
        "morph": "Gr,CC,,,,,,,,"
      },
      {
        "text": "νουθετοῦντας",
        "tag": "w",
        "type": "word",
        "lemma": "νουθετέω",
        "strong": "G35600",
        "morph": "Gr,V,PPA,AMP,",
        "tw": "rc://*/tw/dict/bible/other/admonish"
      },
      {
        "text": "ὑμᾶς",
        "tag": "w",
        "type": "word",
        "lemma": "σύ",
        "strong": "G47710",
        "morph": "Gr,RP,,,2A,P,"
      },
      {
        "type": "text",
        "text": ";\n\n"
      }
    ]
  },
  "13": {
    "verseObjects": [
      {
        "text": "καὶ",
        "tag": "w",
        "type": "word",
        "lemma": "καί",
        "strong": "G25320",
        "morph": "Gr,CC,,,,,,,,"
      },
      {
        "text": "ἡγεῖσθαι",
        "tag": "w",
        "type": "word",
        "lemma": "ἡγέομαι",
        "strong": "G22330",
        "morph": "Gr,V,NPM,,,,,"
      },
      {
        "text": "αὐτοὺς",
        "tag": "w",
        "type": "word",
        "lemma": "αὐτός",
        "strong": "G08460",
        "morph": "Gr,RP,,,3AMP,"
      },
      {
        "text": "ὑπέρ",
        "tag": "w",
        "type": "word",
        "lemma": "ὑπέρ",
        "strong": "G52280",
        "morph": "Gr,P,,,,,G,,,"
      },
      {
        "text": "ἐκ",
        "tag": "w",
        "type": "word",
        "lemma": "ἐκ",
        "strong": "G15370",
        "morph": "Gr,P,,,,,G,,,"
      },
      {
        "text": "περισσοῦ",
        "tag": "w",
        "type": "word",
        "lemma": "περισσός",
        "strong": "G40530",
        "morph": "Gr,NS,,,,GNS,"
      },
      {
        "text": "ἐν",
        "tag": "w",
        "type": "word",
        "lemma": "ἐν",
        "strong": "G17220",
        "morph": "Gr,P,,,,,D,,,"
      },
      {
        "text": "ἀγάπῃ",
        "tag": "w",
        "type": "word",
        "lemma": "ἀγάπη",
        "strong": "G00260",
        "morph": "Gr,N,,,,,DFS,",
        "tw": "rc://*/tw/dict/bible/kt/love"
      },
      {
        "type": "text",
        "text": ","
      },
      {
        "text": "διὰ",
        "tag": "w",
        "type": "word",
        "lemma": "διά",
        "strong": "G12230",
        "morph": "Gr,P,,,,,A,,,"
      },
      {
        "text": "τὸ",
        "tag": "w",
        "type": "word",
        "lemma": "ὁ",
        "strong": "G35880",
        "morph": "Gr,EA,,,,ANS,"
      },
      {
        "text": "ἔργον",
        "tag": "w",
        "type": "word",
        "lemma": "ἔργον",
        "strong": "G20410",
        "morph": "Gr,N,,,,,ANS,",
        "tw": "rc://*/tw/dict/bible/kt/works"
      },
      {
        "text": "αὐτῶν",
        "tag": "w",
        "type": "word",
        "lemma": "αὐτός",
        "strong": "G08460",
        "morph": "Gr,RP,,,3GMP,"
      },
      {
        "type": "text",
        "text": "."
      },
      {
        "text": "εἰρηνεύετε",
        "tag": "w",
        "type": "word",
        "lemma": "εἰρηνεύω",
        "strong": "G15140",
        "morph": "Gr,V,MPA2,,P,",
        "tw": "rc://*/tw/dict/bible/other/peace"
      },
      {
        "text": "ἐν",
        "tag": "w",
        "type": "word",
        "lemma": "ἐν",
        "strong": "G17220",
        "morph": "Gr,P,,,,,D,,,"
      },
      {
        "text": "ἑαυτοῖς",
        "tag": "w",
        "type": "word",
        "lemma": "ἑαυτοῦ",
        "strong": "G14380",
        "morph": "Gr,RE,,,2DMP,"
      },
      {
        "type": "text",
        "text": ".\n\n"
      }
    ]
  },
  "14": {
    "verseObjects": [
      {
        "text": "παρακαλοῦμεν",
        "tag": "w",
        "type": "word",
        "lemma": "παρακαλέω",
        "strong": "G38700",
        "morph": "Gr,V,IPA1,,P,",
        "tw": "rc://*/tw/dict/bible/kt/exhort"
      },
      {
        "text": "δὲ",
        "tag": "w",
        "type": "word",
        "lemma": "δέ",
        "strong": "G11610",
        "morph": "Gr,CC,,,,,,,,"
      },
      {
        "text": "ὑμᾶς",
        "tag": "w",
        "type": "word",
        "lemma": "σύ",
        "strong": "G47710",
        "morph": "Gr,RP,,,2A,P,"
      },
      {
        "type": "text",
        "text": ","
      },
      {
        "text": "ἀδελφοί",
        "tag": "w",
        "type": "word",
        "lemma": "ἀδελφός",
        "strong": "G00800",
        "morph": "Gr,N,,,,,VMP,",
        "tw": "rc://*/tw/dict/bible/kt/brother"
      },
      {
        "type": "text",
        "text": ","
      },
      {
        "text": "νουθετεῖτε",
        "tag": "w",
        "type": "word",
        "lemma": "νουθετέω",
        "strong": "G35600",
        "morph": "Gr,V,MPA2,,P,",
        "tw": "rc://*/tw/dict/bible/other/admonish"
      },
      {
        "text": "τοὺς",
        "tag": "w",
        "type": "word",
        "lemma": "ὁ",
        "strong": "G35880",
        "morph": "Gr,EA,,,,AMP,"
      },
      {
        "text": "ἀτάκτους",
        "tag": "w",
        "type": "word",
        "lemma": "ἄτακτος",
        "strong": "G08130",
        "morph": "Gr,NS,,,,AMP,"
      },
      {
        "type": "text",
        "text": ","
      },
      {
        "text": "παραμυθεῖσθε",
        "tag": "w",
        "type": "word",
        "lemma": "παραμυθέομαι",
        "strong": "G38880",
        "morph": "Gr,V,MPM2,,P,"
      },
      {
        "text": "τοὺς",
        "tag": "w",
        "type": "word",
        "lemma": "ὁ",
        "strong": "G35880",
        "morph": "Gr,EA,,,,AMP,"
      },
      {
        "text": "ὀλιγοψύχους",
        "tag": "w",
        "type": "word",
        "lemma": "ὀλιγόψυχος",
        "strong": "G36420",
        "morph": "Gr,NS,,,,AMP,"
      },
      {
        "type": "text",
        "text": ","
      },
      {
        "text": "ἀντέχεσθε",
        "tag": "w",
        "type": "word",
        "lemma": "ἀντέχω",
        "strong": "G04720",
        "morph": "Gr,V,MPM2,,P,"
      },
      {
        "text": "τῶν",
        "tag": "w",
        "type": "word",
        "lemma": "ὁ",
        "strong": "G35880",
        "morph": "Gr,EA,,,,GMP,"
      },
      {
        "text": "ἀσθενῶν",
        "tag": "w",
        "type": "word",
        "lemma": "ἀσθενής",
        "strong": "G07720",
        "morph": "Gr,NS,,,,GMP,"
      },
      {
        "type": "text",
        "text": ","
      },
      {
        "text": "μακροθυμεῖτε",
        "tag": "w",
        "type": "word",
        "lemma": "μακροθυμέω",
        "strong": "G31140",
        "morph": "Gr,V,MPA2,,P,",
        "tw": "rc://*/tw/dict/bible/other/patient"
      },
      {
        "text": "πρὸς",
        "tag": "w",
        "type": "word",
        "lemma": "πρός",
        "strong": "G43140",
        "morph": "Gr,P,,,,,A,,,"
      },
      {
        "text": "πάντας",
        "tag": "w",
        "type": "word",
        "lemma": "πᾶς",
        "strong": "G39560",
        "morph": "Gr,RI,,,,AMP,"
      },
      {
        "type": "text",
        "text": ".\n\n"
      }
    ]
  },
  "15": {
    "verseObjects": [
      {
        "text": "ὁρᾶτε",
        "tag": "w",
        "type": "word",
        "lemma": "ὁράω",
        "strong": "G37080",
        "morph": "Gr,V,MPA2,,P,"
      },
      {
        "text": "μή",
        "tag": "w",
        "type": "word",
        "lemma": "μή",
        "strong": "G33610",
        "morph": "Gr,DO,,,,,,,,"
      },
      {
        "text": "τις",
        "tag": "w",
        "type": "word",
        "lemma": "τις",
        "strong": "G51000",
        "morph": "Gr,RI,,,,NMS,"
      },
      {
        "text": "κακὸν",
        "tag": "w",
        "type": "word",
        "lemma": "κακός",
        "strong": "G25560",
        "morph": "Gr,NS,,,,ANS,",
        "tw": "rc://*/tw/dict/bible/kt/evil"
      },
      {
        "text": "ἀντὶ",
        "tag": "w",
        "type": "word",
        "lemma": "ἀντί",
        "strong": "G04730",
        "morph": "Gr,P,,,,,G,,,"
      },
      {
        "text": "κακοῦ",
        "tag": "w",
        "type": "word",
        "lemma": "κακός",
        "strong": "G25560",
        "morph": "Gr,NS,,,,GNS,",
        "tw": "rc://*/tw/dict/bible/kt/evil"
      },
      {
        "text": "τινι",
        "tag": "w",
        "type": "word",
        "lemma": "τις",
        "strong": "G51000",
        "morph": "Gr,RI,,,,DMS,"
      },
      {
        "text": "ἀποδῷ",
        "tag": "w",
        "type": "word",
        "lemma": "ἀποδίδωμι",
        "strong": "G05910",
        "morph": "Gr,V,SAA3,,S,"
      },
      {
        "type": "text",
        "text": ","
      },
      {
        "text": "ἀλλὰ",
        "tag": "w",
        "type": "word",
        "lemma": "ἀλλά",
        "strong": "G02350",
        "morph": "Gr,CO,,,,,,,,"
      },
      {
        "text": "πάντοτε",
        "tag": "w",
        "type": "word",
        "lemma": "πάντοτε",
        "strong": "G38420",
        "morph": "Gr,D,,,,,,,,,"
      },
      {
        "text": "τὸ",
        "tag": "w",
        "type": "word",
        "lemma": "ὁ",
        "strong": "G35880",
        "morph": "Gr,EA,,,,ANS,"
      },
      {
        "text": "ἀγαθὸν",
        "tag": "w",
        "type": "word",
        "lemma": "ἀγαθός",
        "strong": "G00180",
        "morph": "Gr,NS,,,,ANS,",
        "tw": "rc://*/tw/dict/bible/kt/good"
      },
      {
        "text": "διώκετε",
        "tag": "w",
        "type": "word",
        "lemma": "διώκω",
        "strong": "G13770",
        "morph": "Gr,V,MPA2,,P,",
        "tw": "rc://*/tw/dict/bible/other/persecute"
      },
      {
        "type": "text",
        "text": ","
      },
      {
        "text": "καὶ",
        "tag": "w",
        "type": "word",
        "lemma": "καί",
        "strong": "G25320",
        "morph": "Gr,CC,,,,,,,,"
      },
      {
        "text": "εἰς",
        "tag": "w",
        "type": "word",
        "lemma": "εἰς",
        "strong": "G15190",
        "morph": "Gr,P,,,,,A,,,"
      },
      {
        "text": "ἀλλήλους",
        "tag": "w",
        "type": "word",
        "lemma": "ἀλλήλων",
        "strong": "G02400",
        "morph": "Gr,RC,,,,AMP,"
      },
      {
        "text": "καὶ",
        "tag": "w",
        "type": "word",
        "lemma": "καί",
        "strong": "G25320",
        "morph": "Gr,CC,,,,,,,,"
      },
      {
        "text": "εἰς",
        "tag": "w",
        "type": "word",
        "lemma": "εἰς",
        "strong": "G15190",
        "morph": "Gr,P,,,,,A,,,"
      },
      {
        "text": "πάντας",
        "tag": "w",
        "type": "word",
        "lemma": "πᾶς",
        "strong": "G39560",
        "morph": "Gr,RI,,,,AMP,"
      },
      {
        "type": "text",
        "text": ".\n\n"
      }
    ]
  },
  "16": {
    "verseObjects": [
      {
        "text": "πάντοτε",
        "tag": "w",
        "type": "word",
        "lemma": "πάντοτε",
        "strong": "G38420",
        "morph": "Gr,D,,,,,,,,,"
      },
      {
        "text": "χαίρετε",
        "tag": "w",
        "type": "word",
        "lemma": "χαίρω",
        "strong": "G54630",
        "morph": "Gr,V,MPA2,,P,",
        "tw": "rc://*/tw/dict/bible/other/joy"
      },
      {
        "type": "text",
        "text": ".\n\n"
      }
    ]
  },
  "17": {
    "verseObjects": [
      {
        "text": "ἀδιαλείπτως",
        "tag": "w",
        "type": "word",
        "lemma": "ἀδιαλείπτως",
        "strong": "G00890",
        "morph": "Gr,D,,,,,,,,,"
      },
      {
        "text": "προσεύχεσθε",
        "tag": "w",
        "type": "word",
        "lemma": "προσεύχομαι",
        "strong": "G43360",
        "morph": "Gr,V,MPM2,,P,",
        "tw": "rc://*/tw/dict/bible/kt/pray"
      },
      {
        "type": "text",
        "text": ".\n\n"
      }
    ]
  },
  "18": {
    "verseObjects": [
      {
        "text": "ἐν",
        "tag": "w",
        "type": "word",
        "lemma": "ἐν",
        "strong": "G17220",
        "morph": "Gr,P,,,,,D,,,"
      },
      {
        "text": "παντὶ",
        "tag": "w",
        "type": "word",
        "lemma": "πᾶς",
        "strong": "G39560",
        "morph": "Gr,RI,,,,DNS,"
      },
      {
        "text": "εὐχαριστεῖτε",
        "tag": "w",
        "type": "word",
        "lemma": "εὐχαριστέω",
        "strong": "G21680",
        "morph": "Gr,V,MPA2,,P,"
      },
      {
        "type": "text",
        "text": ";"
      },
      {
        "text": "τοῦτο",
        "tag": "w",
        "type": "word",
        "lemma": "οὗτος",
        "strong": "G37780",
        "morph": "Gr,RD,,,,NNS,"
      },
      {
        "text": "γὰρ",
        "tag": "w",
        "type": "word",
        "lemma": "γάρ",
        "strong": "G10630",
        "morph": "Gr,CC,,,,,,,,"
      },
      {
        "tag": "k",
        "type": "milestone",
        "tw": "rc://*/tw/dict/bible/kt/willofgod",
        "children": [
          {
            "text": "θέλημα",
            "tag": "w",
            "type": "word",
            "lemma": "θέλημα",
            "strong": "G23070",
            "morph": "Gr,N,,,,,NNS,"
          },
          {
            "text": "Θεοῦ",
            "tag": "w",
            "type": "word",
            "lemma": "θεός",
            "strong": "G23160",
            "morph": "Gr,N,,,,,GMS,",
            "tw": "rc://*/tw/dict/bible/kt/god"
          }
        ]
      },
      {
        "tag": "k",
        "type": "milestone",
        "tw": "rc://*/tw/dict/bible/kt/inchrist",
        "children": [
          {
            "text": "ἐν",
            "tag": "w",
            "type": "word",
            "lemma": "ἐν",
            "strong": "G17220",
            "morph": "Gr,P,,,,,D,,,"
          },
          {
            "text": "Χριστῷ",
            "tag": "w",
            "type": "word",
            "lemma": "χριστός",
            "strong": "G55470",
            "morph": "Gr,N,,,,,DMS,",
            "tw": "rc://*/tw/dict/bible/kt/christ"
          },
          {
            "text": "Ἰησοῦ",
            "tag": "w",
            "type": "word",
            "lemma": "Ἰησοῦς",
            "strong": "G24240",
            "morph": "Gr,N,,,,,DMS,",
            "tw": "rc://*/tw/dict/bible/kt/jesus"
          }
        ]
      },
      {
        "text": "εἰς",
        "tag": "w",
        "type": "word",
        "lemma": "εἰς",
        "strong": "G15190",
        "morph": "Gr,P,,,,,A,,,"
      },
      {
        "text": "ὑμᾶς",
        "tag": "w",
        "type": "word",
        "lemma": "σύ",
        "strong": "G47710",
        "morph": "Gr,RP,,,2A,P,"
      },
      {
        "type": "text",
        "text": ".\n\n"
      }
    ]
  },
  "19": {
    "verseObjects": [
      {
        "text": "τὸ",
        "tag": "w",
        "type": "word",
        "lemma": "ὁ",
        "strong": "G35880",
        "morph": "Gr,EA,,,,ANS,"
      },
      {
        "text": "Πνεῦμα",
        "tag": "w",
        "type": "word",
        "lemma": "πνεῦμα",
        "strong": "G41510",
        "morph": "Gr,N,,,,,ANS,",
        "tw": "rc://*/tw/dict/bible/kt/holyspirit"
      },
      {
        "text": "μὴ",
        "tag": "w",
        "type": "word",
        "lemma": "μή",
        "strong": "G33610",
        "morph": "Gr,D,,,,,,,,,"
      },
      {
        "text": "σβέννυτε",
        "tag": "w",
        "type": "word",
        "lemma": "σβέννυμι",
        "strong": "G45700",
        "morph": "Gr,V,MPA2,,P,",
        "tw": "rc://*/tw/dict/bible/other/quench"
      },
      {
        "type": "text",
        "text": ".\n\n"
      }
    ]
  },
  "20": {
    "verseObjects": [
      {
        "text": "προφητείας",
        "tag": "w",
        "type": "word",
        "lemma": "προφητεία",
        "strong": "G43940",
        "morph": "Gr,N,,,,,AFP,",
        "tw": "rc://*/tw/dict/bible/kt/prophet"
      },
      {
        "text": "μὴ",
        "tag": "w",
        "type": "word",
        "lemma": "μή",
        "strong": "G33610",
        "morph": "Gr,D,,,,,,,,,"
      },
      {
        "text": "ἐξουθενεῖτε",
        "tag": "w",
        "type": "word",
        "lemma": "ἐξουθενέω",
        "strong": "G18480",
        "morph": "Gr,V,MPA2,,P,"
      },
      {
        "type": "text",
        "text": ".\n\n"
      }
    ]
  },
  "21": {
    "verseObjects": [
      {
        "text": "πάντα",
        "tag": "w",
        "type": "word",
        "lemma": "πᾶς",
        "strong": "G39560",
        "morph": "Gr,RI,,,,ANP,"
      },
      {
        "text": "δοκιμάζετε",
        "tag": "w",
        "type": "word",
        "lemma": "δοκιμάζω",
        "strong": "G13810",
        "morph": "Gr,V,MPA2,,P,",
        "tw": "rc://*/tw/dict/bible/kt/test"
      },
      {
        "type": "text",
        "text": ";"
      },
      {
        "text": "τὸ",
        "tag": "w",
        "type": "word",
        "lemma": "ὁ",
        "strong": "G35880",
        "morph": "Gr,EA,,,,ANS,"
      },
      {
        "text": "καλὸν",
        "tag": "w",
        "type": "word",
        "lemma": "καλός",
        "strong": "G25700",
        "morph": "Gr,NS,,,,ANS,",
        "tw": "rc://*/tw/dict/bible/kt/good"
      },
      {
        "text": "κατέχετε",
        "tag": "w",
        "type": "word",
        "lemma": "κατέχω",
        "strong": "G27220",
        "morph": "Gr,V,MPA2,,P,"
      },
      {
        "type": "text",
        "text": ".\n\n"
      }
    ]
  },
  "22": {
    "verseObjects": [
      {
        "text": "ἀπὸ",
        "tag": "w",
        "type": "word",
        "lemma": "ἀπό",
        "strong": "G05750",
        "morph": "Gr,P,,,,,G,,,"
      },
      {
        "text": "παντὸς",
        "tag": "w",
        "type": "word",
        "lemma": "πᾶς",
        "strong": "G39560",
        "morph": "Gr,EQ,,,,GNS,"
      },
      {
        "text": "εἴδους",
        "tag": "w",
        "type": "word",
        "lemma": "εἶδος",
        "strong": "G14910",
        "morph": "Gr,N,,,,,GNS,"
      },
      {
        "text": "πονηροῦ",
        "tag": "w",
        "type": "word",
        "lemma": "πονηρός",
        "strong": "G41900",
        "morph": "Gr,AA,,,,GNS,",
        "tw": "rc://*/tw/dict/bible/kt/evil"
      },
      {
        "text": "ἀπέχεσθε",
        "tag": "w",
        "type": "word",
        "lemma": "ἀπέχω",
        "strong": "G05680",
        "morph": "Gr,V,MPM2,,P,",
        "tw": "rc://*/tw/dict/bible/other/possess"
      },
      {
        "type": "text",
        "text": ".\n\n"
      }
    ]
  },
  "23": {
    "verseObjects": [
      {
        "type": "text",
        "text": "\n"
      },
      {
        "tag": "p",
        "type": "paragraph",
        "text": "\n"
      },
      {
        "text": "αὐτὸς",
        "tag": "w",
        "type": "word",
        "lemma": "αὐτός",
        "strong": "G08460",
        "morph": "Gr,RE,,,3NMS,"
      },
      {
        "text": "δὲ",
        "tag": "w",
        "type": "word",
        "lemma": "δέ",
        "strong": "G11610",
        "morph": "Gr,CC,,,,,,,,"
      },
      {
        "text": "ὁ",
        "tag": "w",
        "type": "word",
        "lemma": "ὁ",
        "strong": "G35880",
        "morph": "Gr,EA,,,,NMS,"
      },
      {
        "text": "Θεὸς",
        "tag": "w",
        "type": "word",
        "lemma": "θεός",
        "strong": "G23160",
        "morph": "Gr,N,,,,,NMS,",
        "tw": "rc://*/tw/dict/bible/kt/god"
      },
      {
        "text": "τῆς",
        "tag": "w",
        "type": "word",
        "lemma": "ὁ",
        "strong": "G35880",
        "morph": "Gr,EA,,,,GFS,"
      },
      {
        "text": "εἰρήνης",
        "tag": "w",
        "type": "word",
        "lemma": "εἰρήνη",
        "strong": "G15150",
        "morph": "Gr,N,,,,,GFS,",
        "tw": "rc://*/tw/dict/bible/other/peace"
      },
      {
        "text": "ἁγιάσαι",
        "tag": "w",
        "type": "word",
        "lemma": "ἁγιάζω",
        "strong": "G00370",
        "morph": "Gr,V,OAA3,,S,",
        "tw": "rc://*/tw/dict/bible/kt/sanctify"
      },
      {
        "text": "ὑμᾶς",
        "tag": "w",
        "type": "word",
        "lemma": "σύ",
        "strong": "G47710",
        "morph": "Gr,RP,,,2A,P,"
      },
      {
        "text": "ὁλοτελεῖς",
        "tag": "w",
        "type": "word",
        "lemma": "ὁλοτελής",
        "strong": "G36510",
        "morph": "Gr,NS,,,,AMP,"
      },
      {
        "type": "text",
        "text": ","
      },
      {
        "text": "καὶ",
        "tag": "w",
        "type": "word",
        "lemma": "καί",
        "strong": "G25320",
        "morph": "Gr,CC,,,,,,,,"
      },
      {
        "text": "ὁλόκληρον",
        "tag": "w",
        "type": "word",
        "lemma": "ὁλόκληρος",
        "strong": "G36480",
        "morph": "Gr,NS,,,,NNS,"
      },
      {
        "text": "ὑμῶν",
        "tag": "w",
        "type": "word",
        "lemma": "σύ",
        "strong": "G47710",
        "morph": "Gr,RP,,,2G,P,"
      },
      {
        "text": "τὸ",
        "tag": "w",
        "type": "word",
        "lemma": "ὁ",
        "strong": "G35880",
        "morph": "Gr,EA,,,,NNS,"
      },
      {
        "text": "πνεῦμα",
        "tag": "w",
        "type": "word",
        "lemma": "πνεῦμα",
        "strong": "G41510",
        "morph": "Gr,N,,,,,NNS,",
        "tw": "rc://*/tw/dict/bible/kt/spirit"
      },
      {
        "type": "text",
        "text": ","
      },
      {
        "text": "καὶ",
        "tag": "w",
        "type": "word",
        "lemma": "καί",
        "strong": "G25320",
        "morph": "Gr,CC,,,,,,,,"
      },
      {
        "text": "ἡ",
        "tag": "w",
        "type": "word",
        "lemma": "ὁ",
        "strong": "G35880",
        "morph": "Gr,EA,,,,NFS,"
      },
      {
        "text": "ψυχὴ",
        "tag": "w",
        "type": "word",
        "lemma": "ψυχή",
        "strong": "G55900",
        "morph": "Gr,N,,,,,NFS,",
        "tw": "rc://*/tw/dict/bible/kt/soul"
      },
      {
        "type": "text",
        "text": ","
      },
      {
        "text": "καὶ",
        "tag": "w",
        "type": "word",
        "lemma": "καί",
        "strong": "G25320",
        "morph": "Gr,CC,,,,,,,,"
      },
      {
        "text": "τὸ",
        "tag": "w",
        "type": "word",
        "lemma": "ὁ",
        "strong": "G35880",
        "morph": "Gr,EA,,,,NNS,"
      },
      {
        "text": "σῶμα",
        "tag": "w",
        "type": "word",
        "lemma": "σῶμα",
        "strong": "G49830",
        "morph": "Gr,N,,,,,NNS,",
        "tw": "rc://*/tw/dict/bible/kt/body"
      },
      {
        "type": "text",
        "text": ","
      },
      {
        "text": "ἀμέμπτως",
        "tag": "w",
        "type": "word",
        "lemma": "ἀμέμπτως",
        "strong": "G02740",
        "morph": "Gr,D,,,,,,,,,",
        "tw": "rc://*/tw/dict/bible/kt/blameless"
      },
      {
        "text": "ἐν",
        "tag": "w",
        "type": "word",
        "lemma": "ἐν",
        "strong": "G17220",
        "morph": "Gr,P,,,,,D,,,"
      },
      {
        "text": "τῇ",
        "tag": "w",
        "type": "word",
        "lemma": "ὁ",
        "strong": "G35880",
        "morph": "Gr,EA,,,,DFS,"
      },
      {
        "text": "παρουσίᾳ",
        "tag": "w",
        "type": "word",
        "lemma": "παρουσία",
        "strong": "G39520",
        "morph": "Gr,N,,,,,DFS,"
      },
      {
        "text": "τοῦ",
        "tag": "w",
        "type": "word",
        "lemma": "ὁ",
        "strong": "G35880",
        "morph": "Gr,EA,,,,GMS,"
      },
      {
        "text": "Κυρίου",
        "tag": "w",
        "type": "word",
        "lemma": "κύριος",
        "strong": "G29620",
        "morph": "Gr,N,,,,,GMS,",
        "tw": "rc://*/tw/dict/bible/kt/lord"
      },
      {
        "text": "ἡμῶν",
        "tag": "w",
        "type": "word",
        "lemma": "ἐγώ",
        "strong": "G14730",
        "morph": "Gr,RP,,,1G,P,"
      },
      {
        "type": "text",
        "text": ","
      },
      {
        "tag": "k",
        "type": "milestone",
        "tw": "rc://*/tw/dict/bible/kt/jesus",
        "children": [
          {
            "text": "Ἰησοῦ",
            "tag": "w",
            "type": "word",
            "lemma": "Ἰησοῦς",
            "strong": "G24240",
            "morph": "Gr,N,,,,,GMS,"
          },
          {
            "text": "Χριστοῦ",
            "tag": "w",
            "type": "word",
            "lemma": "χριστός",
            "strong": "G55470",
            "morph": "Gr,N,,,,,GMS,",
            "tw": "rc://*/tw/dict/bible/kt/christ"
          }
        ]
      },
      {
        "type": "text",
        "text": ","
      },
      {
        "text": "τηρηθείη",
        "tag": "w",
        "type": "word",
        "lemma": "τηρέω",
        "strong": "G50830",
        "morph": "Gr,V,OAP3,,S,"
      },
      {
        "type": "text",
        "text": ".\n\n"
      }
    ]
  },
  "24": {
    "verseObjects": [
      {
        "text": "πιστὸς",
        "tag": "w",
        "type": "word",
        "lemma": "πιστός",
        "strong": "G41030",
        "morph": "Gr,NP,,,,NMS,",
        "tw": "rc://*/tw/dict/bible/kt/faithful"
      },
      {
        "text": "ὁ",
        "tag": "w",
        "type": "word",
        "lemma": "ὁ",
        "strong": "G35880",
        "morph": "Gr,RD,,,,NMS,"
      },
      {
        "text": "καλῶν",
        "tag": "w",
        "type": "word",
        "lemma": "καλέω",
        "strong": "G25640",
        "morph": "Gr,V,PPA,NMS,",
        "tw": "rc://*/tw/dict/bible/kt/call"
      },
      {
        "text": "ὑμᾶς",
        "tag": "w",
        "type": "word",
        "lemma": "σύ",
        "strong": "G47710",
        "morph": "Gr,RP,,,2A,P,"
      },
      {
        "type": "text",
        "text": ","
      },
      {
        "text": "ὃς",
        "tag": "w",
        "type": "word",
        "lemma": "ὅς",
        "strong": "G37390",
        "morph": "Gr,RR,,,,NMS,"
      },
      {
        "text": "καὶ",
        "tag": "w",
        "type": "word",
        "lemma": "καί",
        "strong": "G25320",
        "morph": "Gr,D,,,,,,,,,"
      },
      {
        "text": "ποιήσει",
        "tag": "w",
        "type": "word",
        "lemma": "ποιέω",
        "strong": "G41600",
        "morph": "Gr,V,IFA3,,S,"
      },
      {
        "type": "text",
        "text": ".\n\n"
      }
    ]
  },
  "25": {
    "verseObjects": [
      {
        "type": "text",
        "text": "\n"
      },
      {
        "tag": "p",
        "type": "paragraph",
        "text": "\n"
      },
      {
        "text": "ἀδελφοί",
        "tag": "w",
        "type": "word",
        "lemma": "ἀδελφός",
        "strong": "G00800",
        "morph": "Gr,N,,,,,VMP,",
        "tw": "rc://*/tw/dict/bible/kt/brother"
      },
      {
        "type": "text",
        "text": ","
      },
      {
        "text": "προσεύχεσθε",
        "tag": "w",
        "type": "word",
        "lemma": "προσεύχομαι",
        "strong": "G43360",
        "morph": "Gr,V,MPM2,,P,",
        "tw": "rc://*/tw/dict/bible/kt/pray"
      },
      {
        "text": "καὶ",
        "tag": "w",
        "type": "word",
        "lemma": "καί",
        "strong": "G25320",
        "morph": "Gr,D,,,,,,,,,"
      },
      {
        "text": "περὶ",
        "tag": "w",
        "type": "word",
        "lemma": "περί",
        "strong": "G40120",
        "morph": "Gr,P,,,,,G,,,"
      },
      {
        "text": "ἡμῶν",
        "tag": "w",
        "type": "word",
        "lemma": "ἐγώ",
        "strong": "G14730",
        "morph": "Gr,RP,,,1G,P,"
      },
      {
        "type": "text",
        "text": ".\n\n"
      }
    ]
  },
  "26": {
    "verseObjects": [
      {
        "text": "ἀσπάσασθε",
        "tag": "w",
        "type": "word",
        "lemma": "ἀσπάζομαι",
        "strong": "G07820",
        "morph": "Gr,V,MAM2,,P,"
      },
      {
        "text": "τοὺς",
        "tag": "w",
        "type": "word",
        "lemma": "ὁ",
        "strong": "G35880",
        "morph": "Gr,EA,,,,AMP,"
      },
      {
        "text": "ἀδελφοὺς",
        "tag": "w",
        "type": "word",
        "lemma": "ἀδελφός",
        "strong": "G00800",
        "morph": "Gr,N,,,,,AMP,",
        "tw": "rc://*/tw/dict/bible/kt/brother"
      },
      {
        "text": "πάντας",
        "tag": "w",
        "type": "word",
        "lemma": "πᾶς",
        "strong": "G39560",
        "morph": "Gr,EQ,,,,AMP,"
      },
      {
        "text": "ἐν",
        "tag": "w",
        "type": "word",
        "lemma": "ἐν",
        "strong": "G17220",
        "morph": "Gr,P,,,,,D,,,"
      },
      {
        "text": "φιλήματι",
        "tag": "w",
        "type": "word",
        "lemma": "φίλημα",
        "strong": "G53700",
        "morph": "Gr,N,,,,,DNS,",
        "tw": "rc://*/tw/dict/bible/other/kiss"
      },
      {
        "text": "ἁγίῳ",
        "tag": "w",
        "type": "word",
        "lemma": "ἅγιος",
        "strong": "G00400",
        "morph": "Gr,AA,,,,DNS,",
        "tw": "rc://*/tw/dict/bible/kt/holy"
      },
      {
        "type": "text",
        "text": ".\n\n"
      }
    ]
  },
  "27": {
    "verseObjects": [
      {
        "text": "ἐνορκίζω",
        "tag": "w",
        "type": "word",
        "lemma": "ἐνορκίζω",
        "strong": "G17745",
        "morph": "Gr,V,IPA1,,S,",
        "tw": "rc://*/tw/dict/bible/kt/exhort"
      },
      {
        "text": "ὑμᾶς",
        "tag": "w",
        "type": "word",
        "lemma": "σύ",
        "strong": "G47710",
        "morph": "Gr,RP,,,2A,P,"
      },
      {
        "text": "τὸν",
        "tag": "w",
        "type": "word",
        "lemma": "ὁ",
        "strong": "G35880",
        "morph": "Gr,EA,,,,AMS,"
      },
      {
        "text": "Κύριον",
        "tag": "w",
        "type": "word",
        "lemma": "κύριος",
        "strong": "G29620",
        "morph": "Gr,N,,,,,AMS,",
        "tw": "rc://*/tw/dict/bible/kt/lord"
      },
      {
        "type": "text",
        "text": ","
      },
      {
        "text": "ἀναγνωσθῆναι",
        "tag": "w",
        "type": "word",
        "lemma": "ἀναγινώσκω",
        "strong": "G03140",
        "morph": "Gr,V,NAP,,,,,"
      },
      {
        "text": "τὴν",
        "tag": "w",
        "type": "word",
        "lemma": "ὁ",
        "strong": "G35880",
        "morph": "Gr,EP,,,,AFS,"
      },
      {
        "text": "ἐπιστολὴν",
        "tag": "w",
        "type": "word",
        "lemma": "ἐπιστολή",
        "strong": "G19920",
        "morph": "Gr,N,,,,,AFS,",
        "tw": "rc://*/tw/dict/bible/other/letter"
      },
      {
        "text": "πᾶσιν",
        "tag": "w",
        "type": "word",
        "lemma": "πᾶς",
        "strong": "G39560",
        "morph": "Gr,EQ,,,,DMP,"
      },
      {
        "text": "τοῖς",
        "tag": "w",
        "type": "word",
        "lemma": "ὁ",
        "strong": "G35880",
        "morph": "Gr,EA,,,,DMP,"
      },
      {
        "text": "ἀδελφοῖς",
        "tag": "w",
        "type": "word",
        "lemma": "ἀδελφός",
        "strong": "G00800",
        "morph": "Gr,N,,,,,DMP,",
        "tw": "rc://*/tw/dict/bible/kt/brother"
      },
      {
        "type": "text",
        "text": ".\n\n"
      }
    ]
  },
  "28": {
    "verseObjects": [
      {
        "text": "ἡ",
        "tag": "w",
        "type": "word",
        "lemma": "ὁ",
        "strong": "G35880",
        "morph": "Gr,EA,,,,NFS,"
      },
      {
        "text": "χάρις",
        "tag": "w",
        "type": "word",
        "lemma": "χάρις",
        "strong": "G54850",
        "morph": "Gr,N,,,,,NFS,",
        "tw": "rc://*/tw/dict/bible/kt/grace"
      },
      {
        "text": "τοῦ",
        "tag": "w",
        "type": "word",
        "lemma": "ὁ",
        "strong": "G35880",
        "morph": "Gr,EA,,,,GMS,"
      },
      {
        "text": "Κυρίου",
        "tag": "w",
        "type": "word",
        "lemma": "κύριος",
        "strong": "G29620",
        "morph": "Gr,N,,,,,GMS,",
        "tw": "rc://*/tw/dict/bible/kt/lord"
      },
      {
        "text": "ἡμῶν",
        "tag": "w",
        "type": "word",
        "lemma": "ἐγώ",
        "strong": "G14730",
        "morph": "Gr,RP,,,1G,P,"
      },
      {
        "type": "text",
        "text": ","
      },
      {
        "tag": "k",
        "type": "milestone",
        "tw": "rc://*/tw/dict/bible/kt/jesus",
        "children": [
          {
            "text": "Ἰησοῦ",
            "tag": "w",
            "type": "word",
            "lemma": "Ἰησοῦς",
            "strong": "G24240",
            "morph": "Gr,N,,,,,GMS,"
          },
          {
            "text": "Χριστοῦ",
            "tag": "w",
            "type": "word",
            "lemma": "χριστός",
            "strong": "G55470",
            "morph": "Gr,N,,,,,GMS,",
            "tw": "rc://*/tw/dict/bible/kt/christ"
          }
        ]
      },
      {
        "type": "text",
        "text": ","
      },
      {
        "text": "μεθ’",
        "tag": "w",
        "type": "word",
        "lemma": "μετά",
        "strong": "G33260",
        "morph": "Gr,P,,,,,G,,,"
      },
      {
        "text": "ὑμῶν",
        "tag": "w",
        "type": "word",
        "lemma": "σύ",
        "strong": "G47710",
        "morph": "Gr,RP,,,2G,P,"
      },
      {
        "type": "text",
        "text": ".\n"
      }
    ]
  },
  "front": {
    "verseObjects": [
      {
        "tag": "p",
        "type": "paragraph",
        "text": "\n"
      },
      {
        "type": "text",
        "text": "\n"
      }
    ]
  }
}