{
  "1": {
    "verseObjects": [
      {
        "type": "text",
        "text": "\"Because of all that Yahweh your God has done for you, you must love and continually obey all his rules and decrees and commandments.\n\n"
      },
      {
        "tag": "s5",
        "nextChar": "\n",
        "type": "section"
      }
    ]
  },
  "2": {
    "verseObjects": [
      {
        "type": "text",
        "text": "It was you and your ancestors, not your children, whom he punished because you disobeyed him, putting you through many difficulties to teach and train you. So starting today, continue to think about how his punishment, his mighty power, and his great strength to do whatever he wants to do to you.\n"
      }
    ]
  },
  "3": {
    "verseObjects": [
      {
        "type": "text",
        "text": "Remember the many different miracles that he performed in Egypt, miracles that showed how powerful and great he is. Think about what he did to the king of Egypt and to all the land that he ruled.\n\n"
      },
      {
        "tag": "s5",
        "nextChar": "\n",
        "type": "section"
      }
    ]
  },
  "4": {
    "verseObjects": [
      {
        "type": "text",
        "text": "Your children did not see the army of Egypt, or their horses and their chariots destroyed by Yahweh's power. Your children did not see how Yahweh caused the Sea of Reeds to flood and sweep away the army of Egypt as they were coming after their ancestors. Your children did not understand that Yahweh continues to make Egypt's army weak even to this day.\n"
      }
    ]
  },
  "5": {
    "verseObjects": [
      {
        "type": "text",
        "text": "Your children do not know how Yahweh took care of their ancestors in the desert before they all came to this place.\n\n"
      },
      {
        "tag": "s5",
        "nextChar": "\n",
        "type": "section"
      }
    ]
  },
  "6": {
    "verseObjects": [
      {
        "type": "text",
        "text": "Think about what he did to Dathan and Abiram, the two sons of Eliab from the tribe of Reuben. While all of your ancestors were watching, the earth split open, and they fell into the opening and disappeared, along with their families and their tents, their servants, and their animals.\n"
      }
    ]
  },
  "7": {
    "verseObjects": [
      {
        "type": "text",
        "text": "You and your ancestors have seen all these miracles that Yahweh performed.\n\n"
      },
      {
        "tag": "s5",
        "nextChar": "\n",
        "type": "section"
      },
      {
        "tag": "p",
        "nextChar": "\n",
        "type": "paragraph"
      }
    ]
  },
  "8": {
    "verseObjects": [
      {
        "type": "text",
        "text": "So obey all the commandments that I am giving you today, in order that you will be strong and able to cross the river and occupy the land that you are about to enter,\n"
      }
    ]
  },
  "9": {
    "verseObjects": [
      {
        "type": "text",
        "text": "and in order that you will live for a long time in that land, a land that Yahweh solemnly promised your ancestors that he would give to them and to their descendants, a land that is very fertile.\n\n"
      },
      {
        "tag": "s5",
        "nextChar": "\n",
        "type": "section"
      }
    ]
  },
  "10": {
    "verseObjects": [
      {
        "type": "text",
        "text": "The land that you are about to enter and occupy is not like the land of Egypt, where your ancestors lived. In Egypt, after they planted seeds, it was necessary for them to work hard to water the plants that grew.\n"
      }
    ]
  },
  "11": {
    "verseObjects": [
      {
        "type": "text",
        "text": "But the land that you are about to enter is a land where there are many hills and valleys, where there is plenty of rain.\n"
      }
    ]
  },
  "12": {
    "verseObjects": [
      {
        "type": "text",
        "text": "Yahweh takes care of that land. He watches over it every day, from the beginning of each year to the end of each year.\n\n"
      },
      {
        "tag": "s5",
        "nextChar": "\n",
        "type": "section"
      },
      {
        "tag": "p",
        "nextChar": "\n",
        "type": "paragraph"
      }
    ]
  },
  "13": {
    "verseObjects": [
      {
        "type": "text",
        "text": "Today I am commanding you to love Yahweh our God and to serve him with your entire inner beings. If you do that,\n"
      }
    ]
  },
  "14": {
    "verseObjects": [
      {
        "type": "text",
        "text": "each year he will send rain on your land at the right times. As a result, you will have grain and grapes to make wine and olives to make olive oil.\n"
      }
    ]
  },
  "15": {
    "verseObjects": [
      {
        "type": "text",
        "text": "And he will cause grass to grow in your fields for your livestock to eat. You will have all the food that you want.\n\n"
      },
      {
        "tag": "s5",
        "nextChar": "\n",
        "type": "section"
      },
      {
        "tag": "p",
        "nextChar": "\n",
        "type": "paragraph"
      }
    ]
  },
  "16": {
    "verseObjects": [
      {
        "type": "text",
        "text": "But I warn you, do not stop worshiping Yahweh our God; do not start to worship other gods,\n"
      }
    ]
  },
  "17": {
    "verseObjects": [
      {
        "type": "text",
        "text": "because if you do that, Yahweh will become very angry with you. He will prevent any rain from falling. As a result, the crops will not grow, and you will soon die from hunger in the good land that Yahweh is about to give to you.\n\n"
      },
      {
        "tag": "s5",
        "nextChar": "\n",
        "type": "section"
      }
    ]
  },
  "18": {
    "verseObjects": [
      {
        "type": "text",
        "text": "So, keep thinking about what Yahweh has commanded you. Write these words on tiny scrolls and fasten them to your arms, and write them on bands that you fasten to your foreheads to help you to remember them.\n"
      }
    ]
  },
  "19": {
    "verseObjects": [
      {
        "type": "text",
        "text": "Teach them to your children again and again. Talk about them all the time: When you are in your houses and when you are walking outside; talk about them when you are lying down and when you are doing things.\n\n"
      },
      {
        "tag": "s5",
        "nextChar": "\n",
        "type": "section"
      }
    ]
  },
  "20": {
    "verseObjects": [
      {
        "type": "text",
        "text": "Write them on the doorposts and on the gates of your cities.\n"
      }
    ]
  },
  "21": {
    "verseObjects": [
      {
        "type": "text",
        "text": "Do that in order that you and your children will live for such a very long time in the land that Yahweh promised to our ancestors that he would give to them. That land will belong to you and your descendants as long as there is a sky above the earth.\n\n"
      },
      {
        "tag": "s5",
        "nextChar": "\n",
        "type": "section"
      },
      {
        "tag": "p",
        "nextChar": "\n",
        "type": "paragraph"
      }
    ]
  },
  "22": {
    "verseObjects": [
      {
        "type": "text",
        "text": "Faithfully continue to obey what I am commanding you to do—to love Yahweh our God, and to conduct your lives as he wants you to do, and to be faithful to him.\n"
      }
    ]
  },
  "23": {
    "verseObjects": [
      {
        "type": "text",
        "text": "If you do that, Yahweh will drive out all the people groups in that land as you advance, people groups that are more numerous and more powerful than you are.\n\n"
      },
      {
        "tag": "s5",
        "nextChar": "\n",
        "type": "section"
      }
    ]
  },
  "24": {
    "verseObjects": [
      {
        "type": "text",
        "text": "All the ground in that land on which you walk will be yours. Your territory will extend from the desert in the south to the Lebanon Mountains in the north, and from the Euphrates River in the east to the Mediterranean Sea in the west.\n"
      }
    ]
  },
  "25": {
    "verseObjects": [
      {
        "type": "text",
        "text": "Yahweh our God will cause all the people in that land to be very afraid of you, which is what he promised, with the result that no people group will be able to stop you.\n\n"
      },
      {
        "tag": "s5",
        "nextChar": "\n",
        "type": "section"
      },
      {
        "tag": "p",
        "nextChar": "\n",
        "type": "paragraph"
      }
    ]
  },
  "26": {
    "verseObjects": [
      {
        "type": "text",
        "text": "Listen carefully: Today I am telling you that Yahweh will either bless you or he will curse you.\n"
      }
    ]
  },
  "27": {
    "verseObjects": [
      {
        "type": "text",
        "text": "If you obey the commandments of Yahweh our God that I am giving to you today, he will bless you.\n"
      }
    ]
  },
  "28": {
    "verseObjects": [
      {
        "type": "text",
        "text": "But if you do not obey them, and if you stop worshiping him and start worshiping other gods to whom you were never faithful before, he will curse you.\n\n"
      },
      {
        "tag": "s5",
        "nextChar": "\n",
        "type": "section"
      }
    ]
  },
  "29": {
    "verseObjects": [
      {
        "type": "text",
        "text": "And when Yahweh brings you into the land that you are about to enter and occupy, some of you must stand on top of Mount Gerizim and proclaim what will cause Yahweh to bless you, and the others must stand on top of Mount Ebal and proclaim what will cause Yahweh to curse you.\"\n"
      }
    ]
  },
  "30": {
    "verseObjects": [
      {
        "type": "text",
        "text": "(Those two mountains are west of the Jordan River, west of the plain along the Jordan, in the land where the Canaanites live. They live close to the sacred trees near Gilgal.)\n\n"
      },
      {
        "tag": "s5",
        "nextChar": "\n",
        "type": "section"
      }
    ]
  },
  "31": {
    "verseObjects": [
      {
        "type": "text",
        "text": "\"You will soon cross the Jordan River to occupy the land that Yahweh our God is giving to you. When you enter that land and start to live there,\n"
      }
    ]
  },
  "32": {
    "verseObjects": [
      {
        "type": "text",
        "text": "be sure to obey all the rules and decrees that I am giving to you today.\"\n\n\n"
      },
      {
        "tag": "s5",
        "nextChar": "\n",
        "type": "section"
      }
    ]
  },
  "front": {
    "verseObjects": [
      {
        "tag": "p",
        "nextChar": "\n",
        "type": "paragraph"
      }
    ]
  }
}