{
  "1": {
    "verseObjects": [
      {
        "type": "text",
        "text": "Moses, along with the other Israelite leaders, said this to the people: \"Obey all the commandments that I am giving to you today.\n"
      }
    ]
  },
  "2": {
    "verseObjects": [
      {
        "type": "text",
        "text": "Soon you will cross the Jordan River and enter the land that Yahweh, your God, promised to give to you. There, set up some large stones and cover them with plaster.\n"
      }
    ]
  },
  "3": {
    "verseObjects": [
      {
        "type": "text",
        "text": "Write on those stones all these laws and teachings, when you enter that very fertile land that Yahweh, the God whom our ancestors worshiped, promised to give to you.\n\n"
      },
      {
        "tag": "s5",
        "nextChar": "\n",
        "type": "section"
      }
    ]
  },
  "4": {
    "verseObjects": [
      {
        "type": "text",
        "text": "When you have crossed the Jordan River, set up some large stones on Mount Ebal, just as I told you, and cover them with plaster.\n"
      }
    ]
  },
  "5": {
    "verseObjects": [
      {
        "type": "text",
        "text": "And build a stone altar there to offer sacrifices to Yahweh, but do not do any work on those stones with iron tools.\n\n"
      },
      {
        "tag": "s5",
        "nextChar": "\n",
        "type": "section"
      }
    ]
  },
  "6": {
    "verseObjects": [
      {
        "type": "text",
        "text": "The altar that you make to burn sacrifices to Yahweh our God must be made with uncut stones.\n"
      }
    ]
  },
  "7": {
    "verseObjects": [
      {
        "type": "text",
        "text": "And there you must sacrifice offerings to restore fellowship with Yahweh, and you must eat your share of those offerings and rejoice in the presence of Yahweh.\n"
      }
    ]
  },
  "8": {
    "verseObjects": [
      {
        "type": "text",
        "text": "And, when you write these laws on those stones, you must write them very clearly.\"\n\n"
      },
      {
        "tag": "s5",
        "nextChar": "\n",
        "type": "section"
      },
      {
        "tag": "p",
        "nextChar": "\n",
        "type": "paragraph"
      }
    ]
  },
  "9": {
    "verseObjects": [
      {
        "type": "text",
        "text": "Then Moses, along with the priests, said to all the Israelite people, \"You Israelite people, be quiet and listen to what I am saying. Today you have become the people who belong to Yahweh, our God.\n"
      }
    ]
  },
  "10": {
    "verseObjects": [
      {
        "type": "text",
        "text": "So you must do what he tells you, and obey all the rules and regulations that I am giving to you today.\"\n\n\n"
      },
      {
        "tag": "s5",
        "nextChar": "\n",
        "type": "section"
      },
      {
        "tag": "p",
        "nextChar": "\n",
        "type": "paragraph"
      }
    ]
  },
  "11": {
    "verseObjects": [
      {
        "type": "text",
        "text": "On that same day Moses said to the Israelite people,\n"
      }
    ]
  },
  "12": {
    "verseObjects": [
      {
        "type": "text",
        "text": "\"After you have crossed over the Jordan River, the tribes of Simeon, Levi, Judah, Issachar, Joseph, and Benjamin must stand on Mount Gerizim and request Yahweh to bless the people.\n\n"
      },
      {
        "tag": "s5",
        "nextChar": "\n",
        "type": "section"
      }
    ]
  },
  "13": {
    "verseObjects": [
      {
        "type": "text",
        "text": "And the tribes of Reuben, Gad, Asher, Zebulun, Dan, and Naphtali must stand on Mount Ebal and listen to the things that Yahweh will do when he curses the people.\n"
      },
      {
        "tag": "p",
        "nextChar": "\n",
        "type": "paragraph"
      }
    ]
  },
  "14": {
    "verseObjects": [
      {
        "type": "text",
        "text": "The descendants of Levi must shout these words loudly:\n\n"
      },
      {
        "tag": "s5",
        "nextChar": "\n",
        "type": "section"
      },
      {
        "tag": "q1",
        "nextChar": "\n",
        "type": "quote"
      }
    ]
  },
  "15": {
    "verseObjects": [
      {
        "type": "text",
        "text": "'Yahweh will curse anyone who carves a figure from wood or stone or casts a figure from metal, and secretly sets it up and worships it.\n"
      },
      {
        "tag": "q2",
        "type": "quote",
        "text": "Yahweh considers that those things are detestable.'\n"
      },
      {
        "tag": "q2",
        "type": "quote",
        "text": "And all the people must reply, 'Amen.'\n"
      },
      {
        "type": "text",
        "text": "\n"
      },
      {
        "tag": "s5",
        "nextChar": "\n",
        "type": "section"
      },
      {
        "tag": "q1",
        "nextChar": "\n",
        "type": "quote"
      }
    ]
  },
  "16": {
    "verseObjects": [
      {
        "type": "text",
        "text": "'Yahweh will curse anyone who dishonors his father or his mother.'\n"
      },
      {
        "tag": "q2",
        "type": "quote",
        "text": "And all the people must reply, 'Amen.'\n"
      },
      {
        "tag": "q1",
        "nextChar": "\n",
        "type": "quote"
      }
    ]
  },
  "17": {
    "verseObjects": [
      {
        "type": "text",
        "text": "'Yahweh will curse anyone who removes someone else's markers of property boundaries.'\n"
      },
      {
        "tag": "q2",
        "type": "quote",
        "text": "And all the people must reply, 'Amen.'\n"
      },
      {
        "type": "text",
        "text": "\n"
      },
      {
        "tag": "s5",
        "nextChar": "\n",
        "type": "section"
      },
      {
        "tag": "q1",
        "nextChar": "\n",
        "type": "quote"
      }
    ]
  },
  "18": {
    "verseObjects": [
      {
        "type": "text",
        "text": "'Yahweh will curse anyone who leads a blind person to go in the wrong direction.'\n"
      },
      {
        "tag": "q2",
        "type": "quote",
        "text": "And all the people must reply, 'Amen.'\n"
      },
      {
        "tag": "q1",
        "nextChar": "\n",
        "type": "quote"
      }
    ]
  },
  "19": {
    "verseObjects": [
      {
        "type": "text",
        "text": "'Yahweh will curse anyone who deprives foreigners or orphans or widow of the things that the laws state must be done for them.'\n"
      },
      {
        "tag": "q2",
        "type": "quote",
        "text": "And all the people must reply, 'Amen.'\n"
      },
      {
        "type": "text",
        "text": "\n"
      },
      {
        "tag": "s5",
        "nextChar": "\n",
        "type": "section"
      },
      {
        "tag": "q1",
        "nextChar": "\n",
        "type": "quote"
      }
    ]
  },
  "20": {
    "verseObjects": [
      {
        "type": "text",
        "text": "'Yahweh will curse anyone who shows no respect for his father\n"
      },
      {
        "tag": "q2",
        "type": "quote",
        "text": "by sleeping with any of his father's wives.'\n"
      },
      {
        "tag": "q2",
        "type": "quote",
        "text": "And all the people must reply, 'Amen.'\n"
      },
      {
        "tag": "q1",
        "nextChar": "\n",
        "type": "quote"
      }
    ]
  },
  "21": {
    "verseObjects": [
      {
        "type": "text",
        "text": "'Yahweh will curse anyone who sleeps with any animal.'\n"
      },
      {
        "tag": "q2",
        "type": "quote",
        "text": "And all the people must reply, 'Amen.'\n"
      },
      {
        "type": "text",
        "text": "\n"
      },
      {
        "tag": "s5",
        "nextChar": "\n",
        "type": "section"
      },
      {
        "tag": "q1",
        "nextChar": "\n",
        "type": "quote"
      }
    ]
  },
  "22": {
    "verseObjects": [
      {
        "type": "text",
        "text": "'Yahweh will curse anyone who sleeps with his sister or with his half-sister.'\n"
      },
      {
        "tag": "q2",
        "type": "quote",
        "text": "And all the people must reply, 'Amen.'\n"
      },
      {
        "tag": "q1",
        "nextChar": "\n",
        "type": "quote"
      }
    ]
  },
  "23": {
    "verseObjects": [
      {
        "type": "text",
        "text": "'Yahweh will curse anyone who sleeps with his mother-in-law.'\n"
      },
      {
        "tag": "q2",
        "type": "quote",
        "text": "And all the people must reply, 'Amen.'\n"
      },
      {
        "type": "text",
        "text": "\n"
      },
      {
        "tag": "s5",
        "nextChar": "\n",
        "type": "section"
      },
      {
        "tag": "q1",
        "nextChar": "\n",
        "type": "quote"
      }
    ]
  },
  "24": {
    "verseObjects": [
      {
        "type": "text",
        "text": "'Yahweh will curse anyone who secretly murders someone else.'\n"
      },
      {
        "tag": "q2",
        "type": "quote",
        "text": "And all the people must reply, 'Amen.'\n"
      },
      {
        "tag": "q1",
        "nextChar": "\n",
        "type": "quote"
      }
    ]
  },
  "25": {
    "verseObjects": [
      {
        "type": "text",
        "text": "'Yahweh will curse anyone who, because someone else has given him a bribe, murders someone who is innocent.'\n"
      },
      {
        "tag": "q2",
        "type": "quote",
        "text": "And all the people must reply, 'Amen.'\n"
      },
      {
        "type": "text",
        "text": "\n"
      },
      {
        "tag": "s5",
        "nextChar": "\n",
        "type": "section"
      },
      {
        "tag": "q1",
        "nextChar": "\n",
        "type": "quote"
      }
    ]
  },
  "26": {
    "verseObjects": [
      {
        "type": "text",
        "text": "'Yahweh will curse anyone who by disobeying these laws refuses to declare that those laws are good.'\n"
      },
      {
        "tag": "q2",
        "type": "quote",
        "text": "And all the people must reply, 'Amen.'\"\n"
      },
      {
        "type": "text",
        "text": "\n\n"
      },
      {
        "tag": "s5",
        "nextChar": "\n",
        "type": "section"
      }
    ]
  },
  "front": {
    "verseObjects": [
      {
        "type": "text",
        "text": "\n"
      },
      {
        "tag": "p",
        "nextChar": "\n",
        "type": "paragraph"
      }
    ]
  }
}