{
  "1": {
    "verseObjects": [
      {
        "type": "text",
        "text": "These are the covenantal commands of Yahweh that the Israelites were required to obey. When they were in the region of Moab on the east side of the Jordan River, Moses commanded them to keep these regulations. These regulations became part of the covenant that Yahweh had made with them at Mount Sinai.\n\n"
      },
      {
        "tag": "s5",
        "type": "section",
        "text": "\n"
      },
      {
        "tag": "p",
        "type": "paragraph",
        "text": "\n"
      }
    ]
  },
  "2": {
    "verseObjects": [
      {
        "type": "text",
        "text": "Moses summoned all the Israelite people and said to them, \"You saw for yourselves what Yahweh did to the king of Egypt and to his officials and to his entire country.\n"
      }
    ]
  },
  "3": {
    "verseObjects": [
      {
        "type": "text",
        "text": "You saw all the plagues that Yahweh sent on them, and all the various miracles that he performed.\n"
      }
    ]
  },
  "4": {
    "verseObjects": [
      {
        "type": "text",
        "text": "But to this day, Yahweh has not enabled you to understand the meaning of all that you have seen and heard.\n\n"
      },
      {
        "tag": "s5",
        "type": "section",
        "text": "\n"
      }
    ]
  },
  "5": {
    "verseObjects": [
      {
        "type": "text",
        "text": "For forty years Yahweh has led you while you traveled through the desert. During that time, your clothes and your sandals have not worn out.\n"
      }
    ]
  },
  "6": {
    "verseObjects": [
      {
        "type": "text",
        "text": "You did not have bread to eat or wine or other fermented drinks to drink, but Yahweh took care of you, in order that you would know that he is your God.\n\n"
      },
      {
        "tag": "s5",
        "type": "section",
        "text": "\n"
      },
      {
        "tag": "p",
        "type": "paragraph",
        "text": "\n"
      }
    ]
  },
  "7": {
    "verseObjects": [
      {
        "type": "text",
        "text": "And when we came to this place, Sihon, the king who ruled in the city of Heshbon, and Og, the king who ruled the region of Bashan, came out with their armies to attack us, but we defeated them.\n"
      }
    ]
  },
  "8": {
    "verseObjects": [
      {
        "type": "text",
        "text": "We took their land and divided it among the tribes of Reuben and Gad, and half of the tribe of Manasseh.\n"
      },
      {
        "tag": "p",
        "type": "paragraph",
        "text": "\n"
      }
    ]
  },
  "9": {
    "verseObjects": [
      {
        "type": "text",
        "text": "So obey faithfully all of this covenant, in order that you will prosper in everything that you do.\n\n"
      },
      {
        "tag": "s5",
        "type": "section",
        "text": "\n"
      }
    ]
  },
  "10": {
    "verseObjects": [
      {
        "type": "text",
        "text": "Today all of us are standing in the presence of Yahweh our God—I, the leaders of all your tribes, your elders, your officials, all you Israelite men,\n"
      }
    ]
  },
  "11": {
    "verseObjects": [
      {
        "type": "text",
        "text": "your wives, your children, and the foreigners who live among us and cut wood for us and carry water for us.\n\n"
      },
      {
        "tag": "s5",
        "type": "section",
        "text": "\n"
      }
    ]
  },
  "12": {
    "verseObjects": [
      {
        "type": "text",
        "text": "You are all here today to agree to accept this covenant with Yahweh, and to bind yourselves to it.\n"
      }
    ]
  },
  "13": {
    "verseObjects": [
      {
        "type": "text",
        "text": "He is making this agreement with you in order to make sure that you are his people, and that he is your God. This is what he promised to do for you, and what he solemnly promised to your ancestors Abraham, Isaac and Jacob, that he would do.\n\n"
      },
      {
        "tag": "s5",
        "type": "section",
        "text": "\n"
      }
    ]
  },
  "14": {
    "verseObjects": [
      {
        "type": "text",
        "text": "This covenant is not only with you.\n"
      }
    ]
  },
  "15": {
    "verseObjects": [
      {
        "type": "text",
        "text": "God is making this agreement with us who are here today and also with our descendants who are not yet born.\n"
      },
      {
        "tag": "p",
        "type": "paragraph",
        "text": "\n"
      }
    ]
  },
  "16": {
    "verseObjects": [
      {
        "type": "text",
        "text": "You remember the things that our ancestors suffered in Egypt, and how they traveled through the land that belonged to other nations after they came out of Egypt.\n\n"
      },
      {
        "tag": "s5",
        "type": "section",
        "text": "\n"
      }
    ]
  },
  "17": {
    "verseObjects": [
      {
        "type": "text",
        "text": "In those countries they saw those disgusting idols made of wood and stone and decorated with silver and gold.\n"
      }
    ]
  },
  "18": {
    "verseObjects": [
      {
        "type": "text",
        "text": "So be sure that no man or woman or family or tribe that is here today turns away from Yahweh our God, to worship any of the gods of those people groups. If you do that, you will bring disaster on yourselves.\n"
      },
      {
        "tag": "p",
        "type": "paragraph",
        "text": "\n"
      }
    ]
  },
  "19": {
    "verseObjects": [
      {
        "type": "text",
        "text": "Be sure that no one here today who hears the words of this covenant says to himself, 'Everything will go well with me, even if I stubbornly do what I want to.' If you do that, the result will be that Yahweh will eventually destroy all of you, both good people and evil people.\n"
      },
      {
        "tag": "s5",
        "type": "section",
        "text": "\n"
      }
    ]
  },
  "20": {
    "verseObjects": [
      {
        "type": "text",
        "text": "Yahweh will not forgive anyone who is stubborn like that. Instead, he will be extremely angry with that person, and all the curses that I have told you about will happen to that person, until Yahweh destroys that person and his family forever.\n"
      }
    ]
  },
  "21": {
    "verseObjects": [
      {
        "type": "text",
        "text": "From all the tribes of Israel, Yahweh will choose that individual to suffer all the disasters that I have listed in the covenant—all the bad things that will happen to anyone whom Yahweh curses for disobeying the laws that I have written in this scroll.\n\n"
      },
      {
        "tag": "s5",
        "type": "section",
        "text": "\n"
      },
      {
        "tag": "p",
        "type": "paragraph",
        "text": "\n"
      }
    ]
  },
  "22": {
    "verseObjects": [
      {
        "type": "text",
        "text": "In future years, your descendants and people from other countries will see the disasters and the illnesses that Yahweh has caused to happen to you.\n"
      }
    ]
  },
  "23": {
    "verseObjects": [
      {
        "type": "text",
        "text": "They will see that all your land has been ruined by burning sulfur and salt. Nothing will have been planted. Not even weeds will be there. Your land will resemble the cities of Sodom and Gomorrah, and the cities of Admah and Zeboyim, which Yahweh destroyed when he was very angry with those people.\n"
      }
    ]
  },
  "24": {
    "verseObjects": [
      {
        "type": "text",
        "text": "And the people from those other nations will ask, 'Why did Yahweh do this to this land? Why was he so angry with the people who lived here?'\n\n"
      },
      {
        "tag": "s5",
        "type": "section",
        "text": "\n"
      },
      {
        "tag": "p",
        "type": "paragraph",
        "text": "\n"
      }
    ]
  },
  "25": {
    "verseObjects": [
      {
        "type": "text",
        "text": "Then other people will reply, 'It is because they refused to obey the covenant that they had made with Yahweh, the God whom their ancestors worshiped, when he brought them out of Egypt.\n"
      }
    ]
  },
  "26": {
    "verseObjects": [
      {
        "type": "text",
        "text": "Instead, they wroshiped other gods that they had never worshiped before, gods that Yahweh had not told them to worship.\n\n"
      },
      {
        "tag": "s5",
        "type": "section",
        "text": "\n"
      }
    ]
  },
  "27": {
    "verseObjects": [
      {
        "type": "text",
        "text": "So Yahweh became very angry with the people of this land, and he has caused to happen to them all the disasters that their leader warned them about.\n"
      }
    ]
  },
  "28": {
    "verseObjects": [
      {
        "type": "text",
        "text": "Yahweh became extremely angry with them and took them out of their land, and threw them into another land, and they are still there.'\n\n"
      },
      {
        "tag": "s5",
        "type": "section",
        "text": "\n"
      },
      {
        "tag": "p",
        "type": "paragraph",
        "text": "\n"
      }
    ]
  },
  "29": {
    "verseObjects": [
      {
        "type": "text",
        "text": "There are some things that Yahweh our God has kept secret, but he has revealed his law to us, and he expects us and our descendants to obey it forever.\n\n\n"
      },
      {
        "tag": "s5",
        "type": "section",
        "text": "\n"
      }
    ]
  },
  "front": {
    "verseObjects": [
      {
        "type": "text",
        "text": "\n"
      },
      {
        "tag": "p",
        "type": "paragraph",
        "text": "\n"
      }
    ]
  }
}