{
  "1": {
    "verseObjects": [
      {
        "type": "text",
        "text": "\"You must faithfully obey all the commandments that I am giving you today. If you do that, you will live a long time, you will become very numerous, and your people will occupy the land that Yahweh solemnly promised your ancestors that he would give to you.\n"
      }
    ]
  },
  "2": {
    "verseObjects": [
      {
        "type": "text",
        "text": "And do not forget how Yahweh our God led us as we traveled through the desert during these past forty years. He caused you to have many problems, because he wanted to cause you to realize that you needed to trust him and not yourselves. And he wanted to test you, to find out what you intended to do, whether you would obey his commandments or not.\n\n"
      },
      {
        "tag": "s5",
        "nextChar": "\n",
        "type": "section"
      }
    ]
  },
  "3": {
    "verseObjects": [
      {
        "type": "text",
        "text": "So he caused you to have difficulties. He allowed you to become hungry. Then he gave you manna, food from heaven, food that you and your ancestors had never eaten before. He did that to teach you that people need food for their bodies, but they also need food for their spirits, which comes from paying attention to everything that Yahweh says.\n"
      },
      {
        "tag": "s5",
        "nextChar": "\n",
        "type": "section"
      }
    ]
  },
  "4": {
    "verseObjects": [
      {
        "type": "text",
        "text": "During those forty years, our clothes did not wear out, and our feet did not swell from walking through the desert.\n"
      }
    ]
  },
  "5": {
    "verseObjects": [
      {
        "type": "text",
        "text": "Do not forget that Yahweh our God corrects us and punishes us, like parents correct their children.\n"
      },
      {
        "tag": "p",
        "nextChar": "\n",
        "type": "paragraph"
      }
    ]
  },
  "6": {
    "verseObjects": [
      {
        "type": "text",
        "text": "So obey the commandments of Yahweh our God, and conduct your lives as he wants you to do, and honor him.\n\n"
      },
      {
        "tag": "s5",
        "nextChar": "\n",
        "type": "section"
      }
    ]
  },
  "7": {
    "verseObjects": [
      {
        "type": "text",
        "text": "He is about to bring you into a good land, which has streams which flow down from the hills and flow out of springs in the valleys.\n"
      }
    ]
  },
  "8": {
    "verseObjects": [
      {
        "type": "text",
        "text": "It is a land on which wheat and barley grow, a land where there are fig trees and pomegranates, and a land where there are olive trees and honey.\n\n"
      },
      {
        "tag": "s5",
        "nextChar": "\n",
        "type": "section"
      }
    ]
  },
  "9": {
    "verseObjects": [
      {
        "type": "text",
        "text": "It is a land where there will be plenty of food for you, where you will not lack anything, a land which has iron ore in its rocks and from which you can dig copper ore from its hills.\n"
      }
    ]
  },
  "10": {
    "verseObjects": [
      {
        "type": "text",
        "text": "Every day you will eat until your stomachs are full, and you will thank Yahweh our God for the fertile land that he has given you.\n\n"
      },
      {
        "tag": "s5",
        "nextChar": "\n",
        "type": "section"
      },
      {
        "tag": "p",
        "nextChar": "\n",
        "type": "paragraph"
      }
    ]
  },
  "11": {
    "verseObjects": [
      {
        "type": "text",
        "text": "But when that happens, be sure not to forget Yahweh our God by disobeying his commandments and rules and regulations that I am giving to you today.\n"
      }
    ]
  },
  "12": {
    "verseObjects": [
      {
        "type": "text",
        "text": "Your stomachs will be full every day, and you will build good houses and live in them. But you might forget Yahweh's commandments.\n\n"
      },
      {
        "tag": "s5",
        "nextChar": "\n",
        "type": "section"
      }
    ]
  },
  "13": {
    "verseObjects": [
      {
        "type": "text",
        "text": "Indeed, when the number of your cattle and sheep has greatly increased, and when you have accumulated a large amount of silver and gold, and the amount of all your other possessions has greatly increased,\n"
      }
    ]
  },
  "14": {
    "verseObjects": [
      {
        "type": "text",
        "text": "be sure that you do not become proud and forget Yahweh our God, who rescued your ancestors from being slaves in Egypt and brought them out from there.\n\n"
      },
      {
        "tag": "s5",
        "nextChar": "\n",
        "type": "section"
      }
    ]
  },
  "15": {
    "verseObjects": [
      {
        "type": "text",
        "text": "Do not forget that he led them while they traveled through that huge and terrible desert, where there were poisonous snakes and scorpions. And do not forget that where the ground was very dry and there was no water, he caused water to flow for them out of solid rock.\n"
      }
    ]
  },
  "16": {
    "verseObjects": [
      {
        "type": "text",
        "text": "Do not forget that in that desert he gave your ancestors manna to eat, food that they had never eaten. He caused them to have, because he wanted to cause them to realize that they needed to trust him and not themselves. And he wanted to test them, to find out what they intended to do, in order that when those difficulties ended, he would do many good things for them.\n"
      }
    ]
  },
  "17": {
    "verseObjects": [
      {
        "type": "text",
        "text": "Be sure that you do not think to yourselves, 'I have acquired all these things by my own power and ability.'\n\n"
      },
      {
        "tag": "s5",
        "nextChar": "\n",
        "type": "section"
      }
    ]
  },
  "18": {
    "verseObjects": [
      {
        "type": "text",
        "text": "Do not forget that it is Yahweh our God who has enabled you to become rich. He does this because he faithfully does what he solemnly promised our ancestors that he would do.\n"
      },
      {
        "tag": "p",
        "nextChar": "\n",
        "type": "paragraph"
      }
    ]
  },
  "19": {
    "verseObjects": [
      {
        "type": "text",
        "text": "I solemnly warn you, that if you forget Yahweh our God and turn to other gods and start to bow down to them and worship them, he will certainly destroy you.\n"
      }
    ]
  },
  "20": {
    "verseObjects": [
      {
        "type": "text",
        "text": "If you do not obey Yahweh our God, he will certainly destroy you just like he will destroy the people groups that you will fight against.\n\n\n"
      },
      {
        "tag": "s5",
        "nextChar": "\n",
        "type": "section"
      }
    ]
  },
  "front": {
    "verseObjects": [
      {
        "type": "text",
        "text": "\n"
      },
      {
        "tag": "p",
        "nextChar": "\n",
        "type": "paragraph"
      }
    ]
  }
}