{
  "1": {
    "verseObjects": [
      {
        "type": "text",
        "text": "The elder to beloved Gaius, whom I love in truth.\n"
      },
      {
        "tag": "p",
        "type": "paragraph",
        "text": "\n"
      }
    ]
  },
  "2": {
    "verseObjects": [
      {
        "type": "text",
        "text": "Beloved, I pray that all may go well with you and that you may be healthy, just as it is well with your soul.\n"
      }
    ]
  },
  "3": {
    "verseObjects": [
      {
        "type": "text",
        "text": "For I rejoiced greatly when brothers came and bore witness to your truth, just as you walk in truth.\n"
      }
    ]
  },
  "4": {
    "verseObjects": [
      {
        "type": "text",
        "text": "I have no greater joy than this, to hear that my children walk in the truth.\n\n"
      },
      {
        "tag": "s5",
        "type": "section",
        "text": "\n"
      },
      {
        "tag": "p",
        "type": "paragraph",
        "text": "\n"
      }
    ]
  },
  "5": {
    "verseObjects": [
      {
        "type": "text",
        "text": "Beloved, you practice faithfulness whenever you work for the brothers and for strangers\n"
      }
    ]
  },
  "6": {
    "verseObjects": [
      {
        "type": "text",
        "text": "who have borne witness of your love in the presence of the church. You do well to send them off on their journey in a manner worthy of God,\n"
      }
    ]
  },
  "7": {
    "verseObjects": [
      {
        "type": "text",
        "text": "because it was for the sake of the name that they went out, taking nothing from the Gentiles.\n"
      }
    ]
  },
  "8": {
    "verseObjects": [
      {
        "type": "text",
        "text": "We therefore should welcome such as these, so that we will be fellow workers for the truth.\n\n"
      },
      {
        "tag": "s5",
        "type": "section",
        "text": "\n"
      },
      {
        "tag": "p",
        "type": "paragraph",
        "text": "\n"
      }
    ]
  },
  "9": {
    "verseObjects": [
      {
        "type": "text",
        "text": "I wrote something to the congregation, but Diotrephes, who loves to be first among them, does not receive us.\n"
      }
    ]
  },
  "10": {
    "verseObjects": [
      {
        "type": "text",
        "text": "So if I come, I will call attention to what he is doing, talking wicked nonsense against us. Not satisfied with that, he not only refused to welcome the brothers himself, but he also stops those who want to welcome them and puts them out of the church. \n\n"
      },
      {
        "tag": "s5",
        "type": "section",
        "text": "\n"
      }
    ]
  },
  "11": {
    "verseObjects": [
      {
        "type": "text",
        "text": "Beloved, do not imitate what is evil but what is good. The one who does good is of God; the one who does evil has not seen God.\n"
      }
    ]
  },
  "12": {
    "verseObjects": [
      {
        "type": "text",
        "text": "Demetrius is borne witness to by all and by the truth itself. We also bear witness, and you know that our testimony is true.\n\n"
      },
      {
        "tag": "s5",
        "type": "section",
        "text": "\n"
      },
      {
        "tag": "p",
        "type": "paragraph",
        "text": "\n"
      }
    ]
  },
  "13": {
    "verseObjects": [
      {
        "type": "text",
        "text": "I had many things to write to you, but I do not wish to write them to you with pen and ink.\n"
      }
    ]
  },
  "14": {
    "verseObjects": [
      {
        "type": "text",
        "text": "But I expect to see you soon, and we will speak face to face.\n"
      }
    ]
  },
  "15": {
    "verseObjects": [
      {
        "type": "text",
        "text": "May peace be with you. The friends greet you. Greet our friends there by name.\n\n"
      }
    ]
  },
  "front": {
    "verseObjects": [
      {
        "tag": "p",
        "type": "paragraph",
        "text": "\n"
      }
    ]
  }
}