{
  "1": {
    "verseObjects": [
      {
        "type": "text",
        "text": "Then the word of Yahweh came to me, saying,\n"
      }
    ]
  },
  "2": {
    "verseObjects": [
      {
        "type": "text",
        "text": "\"Son of man, how is a vine better than any tree with branches that is among the trees in a forest?\n"
      }
    ]
  },
  "3": {
    "verseObjects": [
      {
        "type": "text",
        "text": "Do people take wood from a vine to make anything? Or do they make a peg from it to hang anything on it?\n"
      }
    ]
  },
  "4": {
    "verseObjects": [
      {
        "type": "text",
        "text": "See! If it is thrown into a fire as fuel, and if the fire has burned both of its ends and also the middle, is it good for anything?\n\n"
      },
      {
        "tag": "s5",
        "type": "section",
        "text": "\n"
      }
    ]
  },
  "5": {
    "verseObjects": [
      {
        "type": "text",
        "text": "See! When it was complete, it could not make anything; surely then, when the fire has burned, then it still will not make anything useful.\n"
      }
    ]
  },
  "6": {
    "verseObjects": [
      {
        "type": "text",
        "text": "Therefore the Lord Yahweh says this: Unlike the trees in the forests, I have given the vine as fuel for fires; I will act in the same way toward the inhabitants of Jerusalem.\n\n"
      },
      {
        "tag": "s5",
        "type": "section",
        "text": "\n"
      }
    ]
  },
  "7": {
    "verseObjects": [
      {
        "type": "text",
        "text": "For I will set my face against them. Though they come out from the fire, yet the fire will consume them; so you will know that I am Yahweh, when I set my face against them.\n"
      }
    ]
  },
  "8": {
    "verseObjects": [
      {
        "type": "text",
        "text": "Then I will make the land into an abandoned wasteland because they have committed sin—this is the Lord Yahweh's declaration.\"\n\n\n"
      },
      {
        "tag": "s5",
        "type": "section",
        "text": "\n"
      }
    ]
  },
  "front": {
    "verseObjects": [
      {
        "tag": "p",
        "type": "paragraph",
        "text": "\n"
      }
    ]
  }
}