{
  "1": {
    "verseObjects": [
      {
        "type": "text",
        "text": "The word of Yahweh came to me, saying,\n"
      }
    ]
  },
  "2": {
    "verseObjects": [
      {
        "type": "text",
        "text": "\"You, son of man—the Lord Yahweh says this to the land of Israel.\"\n"
      },
      {
        "tag": "q",
        "type": "quote",
        "text": "'An end! An end has come to the four borders of the land.\n"
      },
      {
        "type": "text",
        "text": "\n"
      },
      {
        "tag": "s5",
        "type": "section",
        "text": "\n"
      },
      {
        "tag": "q",
        "type": "quote",
        "text": "\n"
      }
    ]
  },
  "3": {
    "verseObjects": [
      {
        "type": "text",
        "text": "Now the end is upon you, for I am sending out my wrath on you, and I will judge you according to your ways;\n"
      },
      {
        "tag": "q",
        "type": "quote",
        "text": "then I will bring all your abominations upon you.\n"
      },
      {
        "tag": "q",
        "type": "quote",
        "text": "\n"
      }
    ]
  },
  "4": {
    "verseObjects": [
      {
        "type": "text",
        "text": "For my eyes will not pity you, and I will not spare you. Instead, I will bring your ways upon you,\n"
      },
      {
        "tag": "q",
        "type": "quote",
        "text": "and your abominations will be in your midst, so you will know that I am Yahweh.\n"
      },
      {
        "type": "text",
        "text": "\n"
      },
      {
        "tag": "s5",
        "type": "section",
        "text": "\n"
      },
      {
        "tag": "p",
        "type": "paragraph",
        "text": "\n"
      }
    ]
  },
  "5": {
    "verseObjects": [
      {
        "type": "text",
        "text": "The Lord Yahweh says this:\n"
      },
      {
        "tag": "q",
        "type": "quote",
        "text": "Disaster! A unique disaster! Behold, it is coming.\n"
      },
      {
        "tag": "f",
        "type": "footnote",
        "content": "+ \\ft Instead of \\fqa Disaster! A unique disaster! \\fqa* some ancient copies have \\fqa Disaster after disaster \\fqa* "
      },
      {
        "type": "text",
        "text": "\n"
      },
      {
        "tag": "q",
        "type": "quote",
        "text": "\n"
      }
    ]
  },
  "6": {
    "verseObjects": [
      {
        "type": "text",
        "text": "An end is surely coming. The end has woken up against you. Behold, it is coming!\n"
      },
      {
        "tag": "q",
        "type": "quote",
        "text": "\n"
      }
    ]
  },
  "7": {
    "verseObjects": [
      {
        "type": "text",
        "text": "Your doom is coming to you who inhabit the land.\n"
      },
      {
        "tag": "q",
        "type": "quote",
        "text": "The time has come; the day of destruction is near, and the mountains will no longer be joyful.\n"
      },
      {
        "type": "text",
        "text": "\n"
      },
      {
        "tag": "s5",
        "type": "section",
        "text": "\n"
      },
      {
        "tag": "q",
        "type": "quote",
        "text": "\n"
      }
    ]
  },
  "8": {
    "verseObjects": [
      {
        "type": "text",
        "text": "Now before long I will pour out my fury against you and fill up my wrath upon you\n"
      },
      {
        "tag": "q",
        "type": "quote",
        "text": "when I judge you according to your ways and bring all your abominations upon you.\n"
      },
      {
        "tag": "q",
        "type": "quote",
        "text": "\n"
      }
    ]
  },
  "9": {
    "verseObjects": [
      {
        "type": "text",
        "text": "For my eye will not look compassionately, and I will not spare you. As you have done, I will do to you;\n"
      },
      {
        "tag": "q",
        "type": "quote",
        "text": "and your abominations will be in your midst so you will know that I am Yahweh, the one punishing you.\n"
      },
      {
        "type": "text",
        "text": "\n"
      },
      {
        "tag": "s5",
        "type": "section",
        "text": "\n"
      },
      {
        "tag": "q",
        "type": "quote",
        "text": "\n"
      }
    ]
  },
  "10": {
    "verseObjects": [
      {
        "type": "text",
        "text": "Behold, the day! Behold, it is coming! \n"
      },
      {
        "tag": "q",
        "type": "quote",
        "text": "Doom has gone out! The rod has blossomed, arrogance has budded!\n"
      },
      {
        "tag": "q",
        "type": "quote",
        "text": "\n"
      }
    ]
  },
  "11": {
    "verseObjects": [
      {
        "type": "text",
        "text": "Violence has grown up into a rod of wickedness—\n"
      },
      {
        "tag": "q",
        "type": "quote",
        "text": "none of them, and none of their multitude, none of their wealth, and none of their importance will last!\n"
      },
      {
        "type": "text",
        "text": "\n"
      },
      {
        "tag": "s5",
        "type": "section",
        "text": "\n"
      },
      {
        "tag": "q",
        "type": "quote",
        "text": "\n"
      }
    ]
  },
  "12": {
    "verseObjects": [
      {
        "type": "text",
        "text": "The time is coming; the day has come close. Do not let the buyer rejoice,\n"
      },
      {
        "tag": "q",
        "type": "quote",
        "text": "nor the seller mourn, since my anger is on the entire multitude!\n"
      },
      {
        "tag": "q",
        "type": "quote",
        "text": "\n"
      }
    ]
  },
  "13": {
    "verseObjects": [
      {
        "type": "text",
        "text": "For the seller will not return to the land he sold as long as they both live, \n"
      },
      {
        "tag": "q",
        "type": "quote",
        "text": "because the vision concerning the entire multitude will not be reversed;\n"
      },
      {
        "tag": "q",
        "type": "quote",
        "text": "and because of their sins, none of them will be strengthened!\n"
      },
      {
        "type": "text",
        "text": "\n"
      },
      {
        "tag": "s5",
        "type": "section",
        "text": "\n"
      },
      {
        "tag": "q",
        "type": "quote",
        "text": "\n"
      }
    ]
  },
  "14": {
    "verseObjects": [
      {
        "type": "text",
        "text": "They have blown the trumpet and made everything ready, but there is no one marching to battle;\n"
      },
      {
        "tag": "q",
        "type": "quote",
        "text": "since my anger is on the entire multitude.\n"
      },
      {
        "tag": "q",
        "type": "quote",
        "text": "\n"
      }
    ]
  },
  "15": {
    "verseObjects": [
      {
        "type": "text",
        "text": "The sword is on the outside, and plague and famine are inside the building.\n"
      },
      {
        "tag": "q",
        "type": "quote",
        "text": "Those who are in the field will die by the sword, while famine and plague will consume those in the city.\n"
      },
      {
        "tag": "q",
        "type": "quote",
        "text": "\n"
      }
    ]
  },
  "16": {
    "verseObjects": [
      {
        "type": "text",
        "text": "But some survivors will escape from among them, and they will go to the mountains.\n"
      },
      {
        "tag": "q",
        "type": "quote",
        "text": "Like doves of the valleys, all of them will moan—each man for his iniquity.\n"
      },
      {
        "type": "text",
        "text": "\n"
      },
      {
        "tag": "s5",
        "type": "section",
        "text": "\n"
      },
      {
        "tag": "q",
        "type": "quote",
        "text": "\n"
      }
    ]
  },
  "17": {
    "verseObjects": [
      {
        "type": "text",
        "text": "Every hand will falter and every knee will be weak as water,\n"
      },
      {
        "tag": "q",
        "type": "quote",
        "text": "\n"
      }
    ]
  },
  "18": {
    "verseObjects": [
      {
        "type": "text",
        "text": "and they will wear sackcloth, and terror will cover them;\n"
      },
      {
        "tag": "q",
        "type": "quote",
        "text": "and shame will be on every face, and baldness on all of their heads.\n"
      },
      {
        "tag": "q",
        "type": "quote",
        "text": "\n"
      }
    ]
  },
  "19": {
    "verseObjects": [
      {
        "type": "text",
        "text": "They will throw their silver into the streets and their gold will be like refuse. Their silver and their gold\n"
      },
      {
        "tag": "q",
        "type": "quote",
        "text": "will not be able to rescue them in the day of Yahweh's rage. Their lives will not be saved,\n"
      },
      {
        "tag": "q",
        "type": "quote",
        "text": "and their hunger will not be satisfied, because their iniquity has become a stumbling block.\n"
      },
      {
        "type": "text",
        "text": "\n"
      },
      {
        "tag": "s5",
        "type": "section",
        "text": "\n"
      },
      {
        "tag": "q",
        "type": "quote",
        "text": "\n"
      }
    ]
  },
  "20": {
    "verseObjects": [
      {
        "type": "text",
        "text": "In their pride they took the beauty of his jeweled ornaments, and with them they made their idolatrous figures, and their detestable things. Therefore, I am turning these into an unclean thing to them.\n"
      },
      {
        "tag": "q",
        "type": "quote",
        "text": "\n"
      }
    ]
  },
  "21": {
    "verseObjects": [
      {
        "type": "text",
        "text": "Then I will give those things into the hand of strangers as plunder and to the wicked of the earth as plunder,\n"
      },
      {
        "tag": "q",
        "type": "quote",
        "text": "and they will defile them.\n"
      },
      {
        "tag": "q",
        "type": "quote",
        "text": "\n"
      }
    ]
  },
  "22": {
    "verseObjects": [
      {
        "type": "text",
        "text": "Then I will turn my face away from them when they defile my cherished place;\n"
      },
      {
        "tag": "q",
        "type": "quote",
        "text": "bandits will enter it and defile it.\n"
      },
      {
        "type": "text",
        "text": "\n"
      },
      {
        "tag": "s5",
        "type": "section",
        "text": "\n"
      },
      {
        "tag": "q",
        "type": "quote",
        "text": "\n"
      }
    ]
  },
  "23": {
    "verseObjects": [
      {
        "type": "text",
        "text": "Make a chain, because the land is filled with the judgment of blood,\n"
      },
      {
        "tag": "q",
        "type": "quote",
        "text": "and the city is full of violence.\n"
      },
      {
        "tag": "q",
        "type": "quote",
        "text": "\n"
      }
    ]
  },
  "24": {
    "verseObjects": [
      {
        "type": "text",
        "text": "So I will bring the most wicked of the nations, and they will possess their houses,\n"
      },
      {
        "tag": "q",
        "type": "quote",
        "text": "and I will bring an end to the pride of the mighty, for their holy places will be defiled!\n"
      },
      {
        "tag": "q",
        "type": "quote",
        "text": "\n"
      }
    ]
  },
  "25": {
    "verseObjects": [
      {
        "type": "text",
        "text": "Fear will come! They will seek peace, but there will be none.\n\n"
      },
      {
        "tag": "s5",
        "type": "section",
        "text": "\n"
      },
      {
        "tag": "q",
        "type": "quote",
        "text": "\n"
      }
    ]
  },
  "26": {
    "verseObjects": [
      {
        "type": "text",
        "text": "Disaster upon disaster will come, and there will be rumor after rumor.\n"
      },
      {
        "tag": "q",
        "type": "quote",
        "text": "Then they will seek a vision from the prophet, but the law will perish from the priest and advice from the elders.\n"
      },
      {
        "tag": "q",
        "type": "quote",
        "text": "\n"
      }
    ]
  },
  "27": {
    "verseObjects": [
      {
        "type": "text",
        "text": "The king will mourn and the prince will dress in despair,\n"
      },
      {
        "tag": "q",
        "type": "quote",
        "text": "while the hands of the people of the land will tremble in fear. According to their own ways I will do this to them!\n"
      },
      {
        "tag": "q",
        "type": "quote",
        "text": "I will judge them with their own standards until they know that I am Yahweh.'\"\n"
      },
      {
        "type": "text",
        "text": "\n\n"
      },
      {
        "tag": "s5",
        "type": "section",
        "text": "\n"
      }
    ]
  },
  "front": {
    "verseObjects": [
      {
        "tag": "p",
        "type": "paragraph",
        "text": "\n"
      }
    ]
  }
}