{
  "1": {
    "verseObjects": [
      {
        "type": "text",
        "text": "Simon Peter, a slave and apostle of Jesus Christ, to those who have received the same precious faith as we have received, faith in the righteousness of our God and Savior Jesus Christ.\n"
      }
    ]
  },
  "2": {
    "verseObjects": [
      {
        "type": "text",
        "text": "May grace and peace increase in measure in the knowledge of God and of Jesus our Lord.\n\n"
      },
      {
        "tag": "s5",
        "nextChar": "\n",
        "type": "section"
      }
    ]
  },
  "3": {
    "verseObjects": [
      {
        "type": "text",
        "text": "All the things concerning divine power for life and godliness have been given to us through the knowledge of God, who called us through his own glory and excellence.\n"
      }
    ]
  },
  "4": {
    "verseObjects": [
      {
        "type": "text",
        "text": "Through these, he gave us precious and great promises, so that you might be sharers in the divine nature, having escaped the corruption in the world that is caused by evil desires.\n\n"
      },
      {
        "tag": "s5",
        "nextChar": "\n",
        "type": "section"
      }
    ]
  },
  "5": {
    "verseObjects": [
      {
        "type": "text",
        "text": "For this reason, do your best to add goodness to your faith; and to goodness add knowledge;\n"
      }
    ]
  },
  "6": {
    "verseObjects": [
      {
        "type": "text",
        "text": "to knowledge add self-control; to self-control add endurance; to endurance add godliness;\n"
      }
    ]
  },
  "7": {
    "verseObjects": [
      {
        "type": "text",
        "text": "to godliness add brotherly affection; and to brotherly affection add love.\n\n"
      },
      {
        "tag": "s5",
        "nextChar": "\n",
        "type": "section"
      }
    ]
  },
  "8": {
    "verseObjects": [
      {
        "type": "text",
        "text": "If these things are in you and grow in you, you will not be barren or unfruitful in the knowledge of our Lord Jesus Christ.\n"
      }
    ]
  },
  "9": {
    "verseObjects": [
      {
        "type": "text",
        "text": "But whoever lacks these things is so nearsighted that he is blind, having forgotten he has been cleansed from his past sins.\n\n"
      },
      {
        "tag": "s5",
        "nextChar": "\n",
        "type": "section"
      }
    ]
  },
  "10": {
    "verseObjects": [
      {
        "type": "text",
        "text": "Therefore, brothers, do your best to make your calling and election sure, for if you do these things, you will not stumble.\n"
      }
    ]
  },
  "11": {
    "verseObjects": [
      {
        "type": "text",
        "text": "In this way there will be richly provided for you an entrance into the eternal kingdom of our Lord and Savior Jesus Christ.\n\n"
      },
      {
        "tag": "s5",
        "nextChar": "\n",
        "type": "section"
      },
      {
        "tag": "p",
        "nextChar": "\n",
        "type": "paragraph"
      }
    ]
  },
  "12": {
    "verseObjects": [
      {
        "type": "text",
        "text": "Therefore I will always be ready to remind you of these things, although you know them, and although you are strong in the truth you now have.\n"
      }
    ]
  },
  "13": {
    "verseObjects": [
      {
        "type": "text",
        "text": "It is proper for me to think, as long as I am in this tent, to stir you up by way of reminder. \n"
      }
    ]
  },
  "14": {
    "verseObjects": [
      {
        "type": "text",
        "text": "For I know that the putting off of my tent will be soon, because our Lord Jesus Christ has revealed this to me.\n"
      }
    ]
  },
  "15": {
    "verseObjects": [
      {
        "type": "text",
        "text": "I will make every effort to see that after my departure you may be always able to remember these things.\n\n"
      },
      {
        "tag": "s5",
        "nextChar": "\n",
        "type": "section"
      }
    ]
  },
  "16": {
    "verseObjects": [
      {
        "type": "text",
        "text": "For we did not follow cleverly invented myths when we made known to  you the power and the coming of our Lord Jesus Christ, but we were eyewitnesses of his majesty. \n"
      }
    ]
  },
  "17": {
    "verseObjects": [
      {
        "type": "text",
        "text": "For he received honor and glory from God the Father when a voice was brought to him by the Majestic Glory saying, \"This is my beloved Son, with him I am well pleased.\"\n"
      }
    ]
  },
  "18": {
    "verseObjects": [
      {
        "type": "text",
        "text": "We ourselves heard this voice brought from heaven when we were with him on the holy mountain.\n\n"
      },
      {
        "tag": "s5",
        "nextChar": "\n",
        "type": "section"
      }
    ]
  },
  "19": {
    "verseObjects": [
      {
        "type": "text",
        "text": "For we have this prophetic word made more sure, and you do well to pay attention to it, as to a lamp shining in a dark place, until the day dawns and the morning star rises in your hearts.\n"
      }
    ]
  },
  "20": {
    "verseObjects": [
      {
        "type": "text",
        "text": "Above all, you must understand that no prophecy comes from someone's own interpretation.\n"
      }
    ]
  },
  "21": {
    "verseObjects": [
      {
        "type": "text",
        "text": "For no prophecy was ever brought by the will of man, but men spoke from God when they were carried along by the Holy Spirit.\n\n"
      },
      {
        "tag": "s5",
        "nextChar": "\n",
        "type": "section"
      }
    ]
  },
  "front": {
    "verseObjects": [
      {
        "tag": "p",
        "nextChar": "\n",
        "type": "paragraph"
      }
    ]
  }
}