{
  "1": {
    "verseObjects": [
      {
        "text": "τὸ",
        "tag": "w",
        "type": "word",
        "lemma": "ὁ",
        "strong": "G35880",
        "morph": "Gr,EA,,,,ANS,"
      },
      {
        "text": "λοιπόν",
        "tag": "w",
        "type": "word",
        "lemma": "λοιπός",
        "strong": "G30620",
        "morph": "Gr,RI,,,,ANS,"
      },
      {
        "type": "text",
        "text": ","
      },
      {
        "text": "ἀδελφοί",
        "tag": "w",
        "type": "word",
        "lemma": "ἀδελφός",
        "strong": "G00800",
        "morph": "Gr,N,,,,,VMP,",
        "tw": "rc://*/tw/dict/bible/kt/brother"
      },
      {
        "text": "μου",
        "tag": "w",
        "type": "word",
        "lemma": "ἐγώ",
        "strong": "G14730",
        "morph": "Gr,RP,,,1G,S,"
      },
      {
        "type": "text",
        "text": ","
      },
      {
        "text": "χαίρετε",
        "tag": "w",
        "type": "word",
        "lemma": "χαίρω",
        "strong": "G54630",
        "morph": "Gr,V,MPA2,,P,",
        "tw": "rc://*/tw/dict/bible/other/joy"
      },
      {
        "tag": "k",
        "type": "milestone",
        "tw": "rc://*/tw/dict/bible/kt/inchrist",
        "children": [
          {
            "text": "ἐν",
            "tag": "w",
            "type": "word",
            "lemma": "ἐν",
            "strong": "G17220",
            "morph": "Gr,P,,,,,D,,,"
          },
          {
            "text": "Κυρίῳ",
            "tag": "w",
            "type": "word",
            "lemma": "κύριος",
            "strong": "G29620",
            "morph": "Gr,N,,,,,DMS,",
            "tw": "rc://*/tw/dict/bible/kt/lord"
          }
        ],
        "endTag": "k-e\\*"
      },
      {
        "type": "text",
        "text": "."
      },
      {
        "text": "τὰ",
        "tag": "w",
        "type": "word",
        "lemma": "ὁ",
        "strong": "G35880",
        "morph": "Gr,EA,,,,ANP,"
      },
      {
        "text": "αὐτὰ",
        "tag": "w",
        "type": "word",
        "lemma": "αὐτός",
        "strong": "G08460",
        "morph": "Gr,RD,,,,ANP,"
      },
      {
        "text": "γράφειν",
        "tag": "w",
        "type": "word",
        "lemma": "γράφω",
        "strong": "G11250",
        "morph": "Gr,V,NPA,,,,,"
      },
      {
        "text": "ὑμῖν",
        "tag": "w",
        "type": "word",
        "lemma": "σύ",
        "strong": "G47710",
        "morph": "Gr,RP,,,2D,P,"
      },
      {
        "type": "text",
        "text": ","
      },
      {
        "text": "ἐμοὶ",
        "tag": "w",
        "type": "word",
        "lemma": "ἐγώ",
        "strong": "G14730",
        "morph": "Gr,RP,,,1D,S,"
      },
      {
        "text": "μὲν",
        "tag": "w",
        "type": "word",
        "lemma": "μέν",
        "strong": "G33030",
        "morph": "Gr,DO,,,,,,,,"
      },
      {
        "text": "οὐκ",
        "tag": "w",
        "type": "word",
        "lemma": "οὐ",
        "strong": "G37560",
        "morph": "Gr,D,,,,,,,,,"
      },
      {
        "text": "ὀκνηρόν",
        "tag": "w",
        "type": "word",
        "lemma": "ὀκνηρός",
        "strong": "G36360",
        "morph": "Gr,NP,,,,NNS,",
        "tw": "rc://*/tw/dict/bible/other/trouble"
      },
      {
        "type": "text",
        "text": ","
      },
      {
        "text": "ὑμῖν",
        "tag": "w",
        "type": "word",
        "lemma": "σύ",
        "strong": "G47710",
        "morph": "Gr,RP,,,2D,P,"
      },
      {
        "text": "δὲ",
        "tag": "w",
        "type": "word",
        "lemma": "δέ",
        "strong": "G11610",
        "morph": "Gr,CO,,,,,,,,"
      },
      {
        "text": "ἀσφαλές",
        "tag": "w",
        "type": "word",
        "lemma": "ἀσφαλής",
        "strong": "G08040",
        "morph": "Gr,NP,,,,NNS,"
      },
      {
        "type": "text",
        "text": ".\n\n"
      }
    ]
  },
  "2": {
    "verseObjects": [
      {
        "type": "text",
        "text": "\n"
      },
      {
        "tag": "p",
        "type": "paragraph"
      },
      {
        "text": "βλέπετε",
        "tag": "w",
        "type": "word",
        "lemma": "βλέπω",
        "strong": "G09910",
        "morph": "Gr,V,MPA2,,P,"
      },
      {
        "text": "τοὺς",
        "tag": "w",
        "type": "word",
        "lemma": "ὁ",
        "strong": "G35880",
        "morph": "Gr,EA,,,,AMP,"
      },
      {
        "text": "κύνας",
        "tag": "w",
        "type": "word",
        "lemma": "κύων",
        "strong": "G29650",
        "morph": "Gr,N,,,,,AMP,"
      },
      {
        "type": "text",
        "text": ";"
      },
      {
        "text": "βλέπετε",
        "tag": "w",
        "type": "word",
        "lemma": "βλέπω",
        "strong": "G09910",
        "morph": "Gr,V,MPA2,,P,"
      },
      {
        "text": "τοὺς",
        "tag": "w",
        "type": "word",
        "lemma": "ὁ",
        "strong": "G35880",
        "morph": "Gr,EA,,,,AMP,"
      },
      {
        "text": "κακοὺς",
        "tag": "w",
        "type": "word",
        "lemma": "κακός",
        "strong": "G25560",
        "morph": "Gr,AA,,,,AMP,",
        "tw": "rc://*/tw/dict/bible/kt/evil"
      },
      {
        "text": "ἐργάτας",
        "tag": "w",
        "type": "word",
        "lemma": "ἐργάτης",
        "strong": "G20400",
        "morph": "Gr,N,,,,,AMP,",
        "tw": "rc://*/tw/dict/bible/other/labor"
      },
      {
        "type": "text",
        "text": ";"
      },
      {
        "text": "βλέπετε",
        "tag": "w",
        "type": "word",
        "lemma": "βλέπω",
        "strong": "G09910",
        "morph": "Gr,V,MPA2,,P,"
      },
      {
        "text": "τὴν",
        "tag": "w",
        "type": "word",
        "lemma": "ὁ",
        "strong": "G35880",
        "morph": "Gr,EA,,,,AFS,"
      },
      {
        "text": "κατατομήν",
        "tag": "w",
        "type": "word",
        "lemma": "κατατομή",
        "strong": "G26990",
        "morph": "Gr,N,,,,,AFS,",
        "tw": "rc://*/tw/dict/bible/kt/circumcise"
      },
      {
        "type": "text",
        "text": ".\n\n"
      }
    ]
  },
  "3": {
    "verseObjects": [
      {
        "text": "ἡμεῖς",
        "tag": "w",
        "type": "word",
        "lemma": "ἐγώ",
        "strong": "G14730",
        "morph": "Gr,RP,,,1N,P,"
      },
      {
        "text": "γάρ",
        "tag": "w",
        "type": "word",
        "lemma": "γάρ",
        "strong": "G10630",
        "morph": "Gr,CC,,,,,,,,"
      },
      {
        "text": "ἐσμεν",
        "tag": "w",
        "type": "word",
        "lemma": "εἰμί",
        "strong": "G15100",
        "morph": "Gr,V,IPA1,,P,"
      },
      {
        "text": "ἡ",
        "tag": "w",
        "type": "word",
        "lemma": "ὁ",
        "strong": "G35880",
        "morph": "Gr,EA,,,,NFS,"
      },
      {
        "text": "περιτομή",
        "tag": "w",
        "type": "word",
        "lemma": "περιτομή",
        "strong": "G40610",
        "morph": "Gr,N,,,,,NFS,",
        "tw": "rc://*/tw/dict/bible/kt/circumcise"
      },
      {
        "type": "text",
        "text": ","
      },
      {
        "text": "οἱ",
        "tag": "w",
        "type": "word",
        "lemma": "ὁ",
        "strong": "G35880",
        "morph": "Gr,RD,,,,NMP,"
      },
      {
        "tag": "k",
        "type": "milestone",
        "tw": "rc://*/tw/dict/bible/kt/holyspirit",
        "children": [
          {
            "text": "Πνεύματι",
            "tag": "w",
            "type": "word",
            "lemma": "πνεῦμα",
            "strong": "G41510",
            "morph": "Gr,N,,,,,DNS,"
          },
          {
            "text": "Θεοῦ",
            "tag": "w",
            "type": "word",
            "lemma": "θεός",
            "strong": "G23160",
            "morph": "Gr,N,,,,,GMS,",
            "tw": "rc://*/tw/dict/bible/kt/god"
          }
        ],
        "endTag": "k-e\\*"
      },
      {
        "text": "λατρεύοντες",
        "tag": "w",
        "type": "word",
        "lemma": "λατρεύω",
        "strong": "G30000",
        "morph": "Gr,V,PPA,NMP,",
        "tw": "rc://*/tw/dict/bible/kt/worship"
      },
      {
        "text": "καὶ",
        "tag": "w",
        "type": "word",
        "lemma": "καί",
        "strong": "G25320",
        "morph": "Gr,CC,,,,,,,,"
      },
      {
        "text": "καυχώμενοι",
        "tag": "w",
        "type": "word",
        "lemma": "καυχάομαι",
        "strong": "G27440",
        "morph": "Gr,V,PPM,NMP,",
        "tw": "rc://*/tw/dict/bible/kt/glory"
      },
      {
        "tag": "k",
        "type": "milestone",
        "tw": "rc://*/tw/dict/bible/kt/inchrist",
        "children": [
          {
            "text": "ἐν",
            "tag": "w",
            "type": "word",
            "lemma": "ἐν",
            "strong": "G17220",
            "morph": "Gr,P,,,,,D,,,"
          },
          {
            "text": "Χριστῷ",
            "tag": "w",
            "type": "word",
            "lemma": "χριστός",
            "strong": "G55470",
            "morph": "Gr,N,,,,,DMS,",
            "tw": "rc://*/tw/dict/bible/kt/christ"
          },
          {
            "text": "Ἰησοῦ",
            "tag": "w",
            "type": "word",
            "lemma": "Ἰησοῦς",
            "strong": "G24240",
            "morph": "Gr,N,,,,,DMS,",
            "tw": "rc://*/tw/dict/bible/kt/jesus"
          }
        ],
        "endTag": "k-e\\*"
      },
      {
        "type": "text",
        "text": ","
      },
      {
        "text": "καὶ",
        "tag": "w",
        "type": "word",
        "lemma": "καί",
        "strong": "G25320",
        "morph": "Gr,CC,,,,,,,,"
      },
      {
        "text": "οὐκ",
        "tag": "w",
        "type": "word",
        "lemma": "οὐ",
        "strong": "G37560",
        "morph": "Gr,D,,,,,,,,,"
      },
      {
        "text": "ἐν",
        "tag": "w",
        "type": "word",
        "lemma": "ἐν",
        "strong": "G17220",
        "morph": "Gr,P,,,,,D,,,"
      },
      {
        "text": "σαρκὶ",
        "tag": "w",
        "type": "word",
        "lemma": "σάρξ",
        "strong": "G45610",
        "morph": "Gr,N,,,,,DFS,",
        "tw": "rc://*/tw/dict/bible/kt/flesh"
      },
      {
        "text": "πεποιθότες",
        "tag": "w",
        "type": "word",
        "lemma": "πείθω",
        "strong": "G39820",
        "morph": "Gr,V,PEA,NMP,",
        "tw": "rc://*/tw/dict/bible/kt/trust"
      },
      {
        "type": "text",
        "text": ",\n\n"
      }
    ]
  },
  "4": {
    "verseObjects": [
      {
        "text": "καίπερ",
        "tag": "w",
        "type": "word",
        "lemma": "καίπερ",
        "strong": "G25390",
        "morph": "Gr,CC,,,,,,,,"
      },
      {
        "text": "ἐγὼ",
        "tag": "w",
        "type": "word",
        "lemma": "ἐγώ",
        "strong": "G14730",
        "morph": "Gr,RP,,,1N,S,"
      },
      {
        "text": "ἔχων",
        "tag": "w",
        "type": "word",
        "lemma": "ἔχω",
        "strong": "G21920",
        "morph": "Gr,V,PPA,NMS,"
      },
      {
        "text": "πεποίθησιν",
        "tag": "w",
        "type": "word",
        "lemma": "πεποίθησις",
        "strong": "G40060",
        "morph": "Gr,N,,,,,AFS,",
        "tw": "rc://*/tw/dict/bible/other/confidence"
      },
      {
        "text": "καὶ",
        "tag": "w",
        "type": "word",
        "lemma": "καί",
        "strong": "G25320",
        "morph": "Gr,D,,,,,,,,,"
      },
      {
        "text": "ἐν",
        "tag": "w",
        "type": "word",
        "lemma": "ἐν",
        "strong": "G17220",
        "morph": "Gr,P,,,,,D,,,"
      },
      {
        "text": "σαρκί",
        "tag": "w",
        "type": "word",
        "lemma": "σάρξ",
        "strong": "G45610",
        "morph": "Gr,N,,,,,DFS,",
        "tw": "rc://*/tw/dict/bible/kt/flesh"
      },
      {
        "type": "text",
        "text": ".\n"
      },
      {
        "tag": "p",
        "type": "paragraph"
      },
      {
        "text": "εἴ",
        "tag": "w",
        "type": "word",
        "lemma": "εἰ",
        "strong": "G14870",
        "morph": "Gr,CS,,,,,,,,"
      },
      {
        "text": "τις",
        "tag": "w",
        "type": "word",
        "lemma": "τις",
        "strong": "G51000",
        "morph": "Gr,EQ,,,,NMS,"
      },
      {
        "text": "δοκεῖ",
        "tag": "w",
        "type": "word",
        "lemma": "δοκέω",
        "strong": "G13800",
        "morph": "Gr,V,IPA3,,S,"
      },
      {
        "text": "ἄλλος",
        "tag": "w",
        "type": "word",
        "lemma": "ἄλλος",
        "strong": "G02430",
        "morph": "Gr,RI,,,,NMS,"
      },
      {
        "text": "πεποιθέναι",
        "tag": "w",
        "type": "word",
        "lemma": "πείθω",
        "strong": "G39820",
        "morph": "Gr,V,NEA,,,,,",
        "tw": "rc://*/tw/dict/bible/kt/trust"
      },
      {
        "text": "ἐν",
        "tag": "w",
        "type": "word",
        "lemma": "ἐν",
        "strong": "G17220",
        "morph": "Gr,P,,,,,D,,,"
      },
      {
        "text": "σαρκί",
        "tag": "w",
        "type": "word",
        "lemma": "σάρξ",
        "strong": "G45610",
        "morph": "Gr,N,,,,,DFS,",
        "tw": "rc://*/tw/dict/bible/kt/flesh"
      },
      {
        "type": "text",
        "text": ","
      },
      {
        "text": "ἐγὼ",
        "tag": "w",
        "type": "word",
        "lemma": "ἐγώ",
        "strong": "G14730",
        "morph": "Gr,RP,,,1N,S,"
      },
      {
        "text": "μᾶλλον",
        "tag": "w",
        "type": "word",
        "lemma": "μᾶλλον",
        "strong": "G31230",
        "morph": "Gr,D,,,,,,,,,"
      },
      {
        "type": "text",
        "text": ":\n\n"
      }
    ]
  },
  "5": {
    "verseObjects": [
      {
        "text": "περιτομῇ",
        "tag": "w",
        "type": "word",
        "lemma": "περιτομή",
        "strong": "G40610",
        "morph": "Gr,N,,,,,DFS,",
        "tw": "rc://*/tw/dict/bible/kt/circumcise"
      },
      {
        "text": "ὀκταήμερος",
        "tag": "w",
        "type": "word",
        "lemma": "ὀκταήμερος",
        "strong": "G36370",
        "morph": "Gr,NP,,,,NMS,"
      },
      {
        "text": "ἐκ",
        "tag": "w",
        "type": "word",
        "lemma": "ἐκ",
        "strong": "G15370",
        "morph": "Gr,P,,,,,G,,,"
      },
      {
        "text": "γένους",
        "tag": "w",
        "type": "word",
        "lemma": "γένος",
        "strong": "G10850",
        "morph": "Gr,N,,,,,GNS,",
        "tw": "rc://*/tw/dict/bible/other/peoplegroup"
      },
      {
        "text": "Ἰσραήλ",
        "tag": "w",
        "type": "word",
        "lemma": "Ἰσραήλ",
        "strong": "G24740",
        "morph": "Gr,N,,,,,GMSI",
        "tw": "rc://*/tw/dict/bible/kt/israel"
      },
      {
        "text": "φυλῆς",
        "tag": "w",
        "type": "word",
        "lemma": "φυλή",
        "strong": "G54430",
        "morph": "Gr,N,,,,,GFS,",
        "tw": "rc://*/tw/dict/bible/other/tribe"
      },
      {
        "text": "Βενιαμείν",
        "tag": "w",
        "type": "word",
        "lemma": "Βενιαμείν",
        "strong": "G09580",
        "morph": "Gr,N,,,,,GMSI",
        "tw": "rc://*/tw/dict/bible/names/benjamin"
      },
      {
        "type": "text",
        "text": ","
      },
      {
        "text": "Ἑβραῖος",
        "tag": "w",
        "type": "word",
        "lemma": "Ἑβραῖος",
        "strong": "G14450",
        "morph": "Gr,N,,,,,NMS,",
        "tw": "rc://*/tw/dict/bible/kt/hebrew"
      },
      {
        "text": "ἐξ",
        "tag": "w",
        "type": "word",
        "lemma": "ἐκ",
        "strong": "G15370",
        "morph": "Gr,P,,,,,G,,,"
      },
      {
        "text": "Ἑβραίων",
        "tag": "w",
        "type": "word",
        "lemma": "Ἑβραῖος",
        "strong": "G14450",
        "morph": "Gr,N,,,,,GMP,",
        "tw": "rc://*/tw/dict/bible/kt/hebrew"
      },
      {
        "type": "text",
        "text": ","
      },
      {
        "text": "κατὰ",
        "tag": "w",
        "type": "word",
        "lemma": "κατά",
        "strong": "G25960",
        "morph": "Gr,P,,,,,A,,,"
      },
      {
        "text": "νόμον",
        "tag": "w",
        "type": "word",
        "lemma": "νόμος",
        "strong": "G35510",
        "morph": "Gr,N,,,,,AMS,",
        "tw": "rc://*/tw/dict/bible/kt/lawofmoses"
      },
      {
        "text": "Φαρισαῖος",
        "tag": "w",
        "type": "word",
        "lemma": "Φαρισαῖος",
        "strong": "G53300",
        "morph": "Gr,N,,,,,NMS,",
        "tw": "rc://*/tw/dict/bible/kt/pharisee"
      },
      {
        "type": "text",
        "text": ",\n\n"
      }
    ]
  },
  "6": {
    "verseObjects": [
      {
        "text": "κατὰ",
        "tag": "w",
        "type": "word",
        "lemma": "κατά",
        "strong": "G25960",
        "morph": "Gr,P,,,,,A,,,"
      },
      {
        "text": "ζῆλος",
        "tag": "w",
        "type": "word",
        "lemma": "ζῆλος",
        "strong": "G22050",
        "morph": "Gr,N,,,,,ANS,",
        "tw": "rc://*/tw/dict/bible/kt/zealous"
      },
      {
        "text": "διώκων",
        "tag": "w",
        "type": "word",
        "lemma": "διώκω",
        "strong": "G13770",
        "morph": "Gr,V,PPA,NMS,",
        "tw": "rc://*/tw/dict/bible/other/persecute"
      },
      {
        "text": "τὴν",
        "tag": "w",
        "type": "word",
        "lemma": "ὁ",
        "strong": "G35880",
        "morph": "Gr,EA,,,,AFS,"
      },
      {
        "text": "ἐκκλησίαν",
        "tag": "w",
        "type": "word",
        "lemma": "ἐκκλησία",
        "strong": "G15770",
        "morph": "Gr,N,,,,,AFS,",
        "tw": "rc://*/tw/dict/bible/kt/church"
      },
      {
        "type": "text",
        "text": ","
      },
      {
        "text": "κατὰ",
        "tag": "w",
        "type": "word",
        "lemma": "κατά",
        "strong": "G25960",
        "morph": "Gr,P,,,,,A,,,"
      },
      {
        "text": "δικαιοσύνην",
        "tag": "w",
        "type": "word",
        "lemma": "δικαιοσύνη",
        "strong": "G13430",
        "morph": "Gr,N,,,,,AFS,",
        "tw": "rc://*/tw/dict/bible/kt/righteous"
      },
      {
        "text": "τὴν",
        "tag": "w",
        "type": "word",
        "lemma": "ὁ",
        "strong": "G35880",
        "morph": "Gr,RR,,,,AFS,"
      },
      {
        "text": "ἐν",
        "tag": "w",
        "type": "word",
        "lemma": "ἐν",
        "strong": "G17220",
        "morph": "Gr,P,,,,,D,,,"
      },
      {
        "text": "νόμῳ",
        "tag": "w",
        "type": "word",
        "lemma": "νόμος",
        "strong": "G35510",
        "morph": "Gr,N,,,,,DMS,",
        "tw": "rc://*/tw/dict/bible/kt/lawofmoses"
      },
      {
        "text": "γενόμενος",
        "tag": "w",
        "type": "word",
        "lemma": "γίνομαι",
        "strong": "G10960",
        "morph": "Gr,V,PAM,NMS,"
      },
      {
        "text": "ἄμεμπτος",
        "tag": "w",
        "type": "word",
        "lemma": "ἄμεμπτος",
        "strong": "G02730",
        "morph": "Gr,NP,,,,NMS,",
        "tw": "rc://*/tw/dict/bible/kt/blameless"
      },
      {
        "type": "text",
        "text": ".\n\n"
      }
    ]
  },
  "7": {
    "verseObjects": [
      {
        "text": "ἅτινα",
        "tag": "w",
        "type": "word",
        "lemma": "ὅστις",
        "strong": "G37480",
        "morph": "Gr,RR,,,,NNP,"
      },
      {
        "text": "ἦν",
        "tag": "w",
        "type": "word",
        "lemma": "εἰμί",
        "strong": "G15100",
        "morph": "Gr,V,IIA3,,S,"
      },
      {
        "text": "μοι",
        "tag": "w",
        "type": "word",
        "lemma": "ἐγώ",
        "strong": "G14730",
        "morph": "Gr,RP,,,1D,S,"
      },
      {
        "text": "κέρδη",
        "tag": "w",
        "type": "word",
        "lemma": "κέρδος",
        "strong": "G27710",
        "morph": "Gr,N,,,,,NNP,",
        "tw": "rc://*/tw/dict/bible/other/profit"
      },
      {
        "type": "text",
        "text": ","
      },
      {
        "text": "ταῦτα",
        "tag": "w",
        "type": "word",
        "lemma": "οὗτος",
        "strong": "G37780",
        "morph": "Gr,RD,,,,ANP,"
      },
      {
        "text": "ἥγημαι",
        "tag": "w",
        "type": "word",
        "lemma": "ἡγέομαι",
        "strong": "G22330",
        "morph": "Gr,V,IEM1,,S,"
      },
      {
        "text": "διὰ",
        "tag": "w",
        "type": "word",
        "lemma": "διά",
        "strong": "G12230",
        "morph": "Gr,P,,,,,A,,,"
      },
      {
        "text": "τὸν",
        "tag": "w",
        "type": "word",
        "lemma": "ὁ",
        "strong": "G35880",
        "morph": "Gr,EA,,,,AMS,"
      },
      {
        "text": "Χριστὸν",
        "tag": "w",
        "type": "word",
        "lemma": "χριστός",
        "strong": "G55470",
        "morph": "Gr,N,,,,,AMS,",
        "tw": "rc://*/tw/dict/bible/kt/christ"
      },
      {
        "text": "ζημίαν",
        "tag": "w",
        "type": "word",
        "lemma": "ζημία",
        "strong": "G22090",
        "morph": "Gr,N,,,,,AFS,"
      },
      {
        "type": "text",
        "text": ".\n\n"
      }
    ]
  },
  "8": {
    "verseObjects": [
      {
        "text": "ἀλλὰ",
        "tag": "w",
        "type": "word",
        "lemma": "ἀλλά",
        "strong": "G02350",
        "morph": "Gr,CC,,,,,,,,"
      },
      {
        "text": "μενοῦνγε",
        "tag": "w",
        "type": "word",
        "lemma": "μενοῦνγε",
        "strong": "G33040",
        "morph": "Gr,T,,,,,,,,,"
      },
      {
        "text": "καὶ",
        "tag": "w",
        "type": "word",
        "lemma": "καί",
        "strong": "G25320",
        "morph": "Gr,D,,,,,,,,,"
      },
      {
        "text": "ἡγοῦμαι",
        "tag": "w",
        "type": "word",
        "lemma": "ἡγέομαι",
        "strong": "G22330",
        "morph": "Gr,V,IPM1,,S,"
      },
      {
        "text": "πάντα",
        "tag": "w",
        "type": "word",
        "lemma": "πᾶς",
        "strong": "G39560",
        "morph": "Gr,RI,,,,ANP,"
      },
      {
        "text": "ζημίαν",
        "tag": "w",
        "type": "word",
        "lemma": "ζημία",
        "strong": "G22090",
        "morph": "Gr,N,,,,,AFS,"
      },
      {
        "text": "εἶναι",
        "tag": "w",
        "type": "word",
        "lemma": "εἰμί",
        "strong": "G15100",
        "morph": "Gr,V,NPA,,,,,"
      },
      {
        "type": "text",
        "text": ","
      },
      {
        "text": "διὰ",
        "tag": "w",
        "type": "word",
        "lemma": "διά",
        "strong": "G12230",
        "morph": "Gr,P,,,,,A,,,"
      },
      {
        "text": "τὸ",
        "tag": "w",
        "type": "word",
        "lemma": "ὁ",
        "strong": "G35880",
        "morph": "Gr,RD,,,,ANS,"
      },
      {
        "text": "ὑπερέχον",
        "tag": "w",
        "type": "word",
        "lemma": "ὑπερέχω",
        "strong": "G52420",
        "morph": "Gr,V,PPA,ANS,"
      },
      {
        "text": "τῆς",
        "tag": "w",
        "type": "word",
        "lemma": "ὁ",
        "strong": "G35880",
        "morph": "Gr,EA,,,,GFS,"
      },
      {
        "text": "γνώσεως",
        "tag": "w",
        "type": "word",
        "lemma": "γνῶσις",
        "strong": "G11080",
        "morph": "Gr,N,,,,,GFS,",
        "tw": "rc://*/tw/dict/bible/other/know"
      },
      {
        "tag": "k",
        "type": "milestone",
        "tw": "rc://*/tw/dict/bible/kt/jesus",
        "children": [
          {
            "text": "Χριστοῦ",
            "tag": "w",
            "type": "word",
            "lemma": "χριστός",
            "strong": "G55470",
            "morph": "Gr,N,,,,,GMS,",
            "tw": "rc://*/tw/dict/bible/kt/christ"
          },
          {
            "text": "Ἰησοῦ",
            "tag": "w",
            "type": "word",
            "lemma": "Ἰησοῦς",
            "strong": "G24240",
            "morph": "Gr,N,,,,,GMS,"
          }
        ],
        "endTag": "k-e\\*"
      },
      {
        "text": "τοῦ",
        "tag": "w",
        "type": "word",
        "lemma": "ὁ",
        "strong": "G35880",
        "morph": "Gr,EA,,,,GMS,"
      },
      {
        "text": "Κυρίου",
        "tag": "w",
        "type": "word",
        "lemma": "κύριος",
        "strong": "G29620",
        "morph": "Gr,N,,,,,GMS,",
        "tw": "rc://*/tw/dict/bible/kt/lord"
      },
      {
        "text": "μου",
        "tag": "w",
        "type": "word",
        "lemma": "ἐγώ",
        "strong": "G14730",
        "morph": "Gr,RP,,,1G,S,"
      },
      {
        "type": "text",
        "text": ","
      },
      {
        "text": "δι’",
        "tag": "w",
        "type": "word",
        "lemma": "διά",
        "strong": "G12230",
        "morph": "Gr,P,,,,,A,,,"
      },
      {
        "text": "ὃν",
        "tag": "w",
        "type": "word",
        "lemma": "ὅς",
        "strong": "G37390",
        "morph": "Gr,RR,,,,AMS,"
      },
      {
        "text": "τὰ",
        "tag": "w",
        "type": "word",
        "lemma": "ὁ",
        "strong": "G35880",
        "morph": "Gr,RD,,,,ANP,"
      },
      {
        "text": "πάντα",
        "tag": "w",
        "type": "word",
        "lemma": "πᾶς",
        "strong": "G39560",
        "morph": "Gr,EQ,,,,ANP,"
      },
      {
        "text": "ἐζημιώθην",
        "tag": "w",
        "type": "word",
        "lemma": "ζημιόω",
        "strong": "G22100",
        "morph": "Gr,V,IAP1,,S,"
      },
      {
        "text": "καὶ",
        "tag": "w",
        "type": "word",
        "lemma": "καί",
        "strong": "G25320",
        "morph": "Gr,CC,,,,,,,,"
      },
      {
        "text": "ἡγοῦμαι",
        "tag": "w",
        "type": "word",
        "lemma": "ἡγέομαι",
        "strong": "G22330",
        "morph": "Gr,V,IPM1,,S,"
      },
      {
        "text": "σκύβαλα",
        "tag": "w",
        "type": "word",
        "lemma": "σκύβαλον",
        "strong": "G46570",
        "morph": "Gr,N,,,,,ANP,"
      },
      {
        "type": "text",
        "text": ","
      },
      {
        "text": "ἵνα",
        "tag": "w",
        "type": "word",
        "lemma": "ἵνα",
        "strong": "G24430",
        "morph": "Gr,CS,,,,,,,,"
      },
      {
        "text": "Χριστὸν",
        "tag": "w",
        "type": "word",
        "lemma": "χριστός",
        "strong": "G55470",
        "morph": "Gr,N,,,,,AMS,",
        "tw": "rc://*/tw/dict/bible/kt/christ"
      },
      {
        "text": "κερδήσω",
        "tag": "w",
        "type": "word",
        "lemma": "κερδαίνω",
        "strong": "G27700",
        "morph": "Gr,V,SAA1,,S,",
        "tw": "rc://*/tw/dict/bible/other/profit"
      },
      {
        "type": "text",
        "text": "\n\n"
      }
    ]
  },
  "9": {
    "verseObjects": [
      {
        "text": "καὶ",
        "tag": "w",
        "type": "word",
        "lemma": "καί",
        "strong": "G25320",
        "morph": "Gr,CC,,,,,,,,"
      },
      {
        "text": "εὑρεθῶ",
        "tag": "w",
        "type": "word",
        "lemma": "εὑρίσκω",
        "strong": "G21470",
        "morph": "Gr,V,SAP1,,S,"
      },
      {
        "text": "ἐν",
        "tag": "w",
        "type": "word",
        "lemma": "ἐν",
        "strong": "G17220",
        "morph": "Gr,P,,,,,D,,,"
      },
      {
        "text": "αὐτῷ",
        "tag": "w",
        "type": "word",
        "lemma": "αὐτός",
        "strong": "G08460",
        "morph": "Gr,RP,,,3DMS,"
      },
      {
        "type": "text",
        "text": ","
      },
      {
        "text": "μὴ",
        "tag": "w",
        "type": "word",
        "lemma": "μή",
        "strong": "G33610",
        "morph": "Gr,DO,,,,,,,,"
      },
      {
        "text": "ἔχων",
        "tag": "w",
        "type": "word",
        "lemma": "ἔχω",
        "strong": "G21920",
        "morph": "Gr,V,PPA,NMS,"
      },
      {
        "text": "ἐμὴν",
        "tag": "w",
        "type": "word",
        "lemma": "ἐμός",
        "strong": "G16990",
        "morph": "Gr,EP,,,1AFS,"
      },
      {
        "text": "δικαιοσύνην",
        "tag": "w",
        "type": "word",
        "lemma": "δικαιοσύνη",
        "strong": "G13430",
        "morph": "Gr,N,,,,,AFS,",
        "tw": "rc://*/tw/dict/bible/kt/righteous"
      },
      {
        "type": "text",
        "text": ","
      },
      {
        "text": "τὴν",
        "tag": "w",
        "type": "word",
        "lemma": "ὁ",
        "strong": "G35880",
        "morph": "Gr,RR,,,,AFS,"
      },
      {
        "text": "ἐκ",
        "tag": "w",
        "type": "word",
        "lemma": "ἐκ",
        "strong": "G15370",
        "morph": "Gr,P,,,,,G,,,"
      },
      {
        "text": "νόμου",
        "tag": "w",
        "type": "word",
        "lemma": "νόμος",
        "strong": "G35510",
        "morph": "Gr,N,,,,,GMS,",
        "tw": "rc://*/tw/dict/bible/kt/lawofmoses"
      },
      {
        "type": "text",
        "text": ","
      },
      {
        "text": "ἀλλὰ",
        "tag": "w",
        "type": "word",
        "lemma": "ἀλλά",
        "strong": "G02350",
        "morph": "Gr,CO,,,,,,,,"
      },
      {
        "text": "τὴν",
        "tag": "w",
        "type": "word",
        "lemma": "ὁ",
        "strong": "G35880",
        "morph": "Gr,RD,,,,AFS,"
      },
      {
        "text": "διὰ",
        "tag": "w",
        "type": "word",
        "lemma": "διά",
        "strong": "G12230",
        "morph": "Gr,P,,,,,G,,,"
      },
      {
        "text": "πίστεως",
        "tag": "w",
        "type": "word",
        "lemma": "πίστις",
        "strong": "G41020",
        "morph": "Gr,N,,,,,GFS,",
        "tw": "rc://*/tw/dict/bible/kt/faith"
      },
      {
        "text": "Χριστοῦ",
        "tag": "w",
        "type": "word",
        "lemma": "χριστός",
        "strong": "G55470",
        "morph": "Gr,N,,,,,GMS,",
        "tw": "rc://*/tw/dict/bible/kt/christ"
      },
      {
        "type": "text",
        "text": ","
      },
      {
        "text": "τὴν",
        "tag": "w",
        "type": "word",
        "lemma": "ὁ",
        "strong": "G35880",
        "morph": "Gr,EA,,,,AFS,"
      },
      {
        "text": "ἐκ",
        "tag": "w",
        "type": "word",
        "lemma": "ἐκ",
        "strong": "G15370",
        "morph": "Gr,P,,,,,G,,,"
      },
      {
        "text": "Θεοῦ",
        "tag": "w",
        "type": "word",
        "lemma": "θεός",
        "strong": "G23160",
        "morph": "Gr,N,,,,,GMS,",
        "tw": "rc://*/tw/dict/bible/kt/god"
      },
      {
        "text": "δικαιοσύνην",
        "tag": "w",
        "type": "word",
        "lemma": "δικαιοσύνη",
        "strong": "G13430",
        "morph": "Gr,N,,,,,AFS,",
        "tw": "rc://*/tw/dict/bible/kt/righteous"
      },
      {
        "text": "ἐπὶ",
        "tag": "w",
        "type": "word",
        "lemma": "ἐπί",
        "strong": "G19090",
        "morph": "Gr,P,,,,,D,,,"
      },
      {
        "text": "τῇ",
        "tag": "w",
        "type": "word",
        "lemma": "ὁ",
        "strong": "G35880",
        "morph": "Gr,EA,,,,DFS,"
      },
      {
        "text": "πίστει",
        "tag": "w",
        "type": "word",
        "lemma": "πίστις",
        "strong": "G41020",
        "morph": "Gr,N,,,,,DFS,",
        "tw": "rc://*/tw/dict/bible/kt/faith"
      },
      {
        "type": "text",
        "text": ";\n\n"
      }
    ]
  },
  "10": {
    "verseObjects": [
      {
        "text": "τοῦ",
        "tag": "w",
        "type": "word",
        "lemma": "ὁ",
        "strong": "G35880",
        "morph": "Gr,RD,,,,GNS,"
      },
      {
        "text": "γνῶναι",
        "tag": "w",
        "type": "word",
        "lemma": "γινώσκω",
        "strong": "G10970",
        "morph": "Gr,V,NAA,,,,,",
        "tw": "rc://*/tw/dict/bible/other/know"
      },
      {
        "text": "αὐτὸν",
        "tag": "w",
        "type": "word",
        "lemma": "αὐτός",
        "strong": "G08460",
        "morph": "Gr,RP,,,3AMS,"
      },
      {
        "type": "text",
        "text": ","
      },
      {
        "text": "καὶ",
        "tag": "w",
        "type": "word",
        "lemma": "καί",
        "strong": "G25320",
        "morph": "Gr,CC,,,,,,,,"
      },
      {
        "text": "τὴν",
        "tag": "w",
        "type": "word",
        "lemma": "ὁ",
        "strong": "G35880",
        "morph": "Gr,EA,,,,AFS,"
      },
      {
        "text": "δύναμιν",
        "tag": "w",
        "type": "word",
        "lemma": "δύναμις",
        "strong": "G14110",
        "morph": "Gr,N,,,,,AFS,",
        "tw": "rc://*/tw/dict/bible/kt/power"
      },
      {
        "text": "τῆς",
        "tag": "w",
        "type": "word",
        "lemma": "ὁ",
        "strong": "G35880",
        "morph": "Gr,EA,,,,GFS,"
      },
      {
        "text": "ἀναστάσεως",
        "tag": "w",
        "type": "word",
        "lemma": "ἀνάστασις",
        "strong": "G03860",
        "morph": "Gr,N,,,,,GFS,",
        "tw": "rc://*/tw/dict/bible/kt/resurrection"
      },
      {
        "text": "αὐτοῦ",
        "tag": "w",
        "type": "word",
        "lemma": "αὐτός",
        "strong": "G08460",
        "morph": "Gr,RP,,,3GMS,"
      },
      {
        "type": "text",
        "text": ","
      },
      {
        "text": "καὶ",
        "tag": "w",
        "type": "word",
        "lemma": "καί",
        "strong": "G25320",
        "morph": "Gr,CC,,,,,,,,"
      },
      {
        "text": "κοινωνίαν",
        "tag": "w",
        "type": "word",
        "lemma": "κοινωνία",
        "strong": "G28420",
        "morph": "Gr,N,,,,,AFS,",
        "tw": "rc://*/tw/dict/bible/kt/fellowship"
      },
      {
        "text": "παθημάτων",
        "tag": "w",
        "type": "word",
        "lemma": "πάθημα",
        "strong": "G38040",
        "morph": "Gr,N,,,,,GNP,",
        "tw": "rc://*/tw/dict/bible/other/suffer"
      },
      {
        "text": "αὐτοῦ",
        "tag": "w",
        "type": "word",
        "lemma": "αὐτός",
        "strong": "G08460",
        "morph": "Gr,RP,,,3GMS,"
      },
      {
        "type": "text",
        "text": ","
      },
      {
        "text": "συμμορφιζόμενος",
        "tag": "w",
        "type": "word",
        "lemma": "συμμορφίζω",
        "strong": "G48330",
        "morph": "Gr,V,PPP,NMS,"
      },
      {
        "text": "τῷ",
        "tag": "w",
        "type": "word",
        "lemma": "ὁ",
        "strong": "G35880",
        "morph": "Gr,EA,,,,DMS,"
      },
      {
        "text": "θανάτῳ",
        "tag": "w",
        "type": "word",
        "lemma": "θάνατος",
        "strong": "G22880",
        "morph": "Gr,N,,,,,DMS,",
        "tw": "rc://*/tw/dict/bible/other/death"
      },
      {
        "text": "αὐτοῦ",
        "tag": "w",
        "type": "word",
        "lemma": "αὐτός",
        "strong": "G08460",
        "morph": "Gr,RP,,,3GMS,"
      },
      {
        "type": "text",
        "text": ",\n\n"
      }
    ]
  },
  "11": {
    "verseObjects": [
      {
        "text": "εἴ",
        "tag": "w",
        "type": "word",
        "lemma": "εἰ",
        "strong": "G14870",
        "morph": "Gr,T,,,,,,,,,"
      },
      {
        "text": "πως",
        "tag": "w",
        "type": "word",
        "lemma": "πώς",
        "strong": "G44580",
        "morph": "Gr,D,,,,,,,,,"
      },
      {
        "text": "καταντήσω",
        "tag": "w",
        "type": "word",
        "lemma": "καταντάω",
        "strong": "G26580",
        "morph": "Gr,V,SAA1,,S,"
      },
      {
        "text": "εἰς",
        "tag": "w",
        "type": "word",
        "lemma": "εἰς",
        "strong": "G15190",
        "morph": "Gr,P,,,,,A,,,"
      },
      {
        "text": "τὴν",
        "tag": "w",
        "type": "word",
        "lemma": "ὁ",
        "strong": "G35880",
        "morph": "Gr,EA,,,,AFS,"
      },
      {
        "text": "ἐξανάστασιν",
        "tag": "w",
        "type": "word",
        "lemma": "ἐξανάστασις",
        "strong": "G18150",
        "morph": "Gr,N,,,,,AFS,",
        "tw": "rc://*/tw/dict/bible/kt/resurrection"
      },
      {
        "text": "τὴν",
        "tag": "w",
        "type": "word",
        "lemma": "ὁ",
        "strong": "G35880",
        "morph": "Gr,RD,,,,AFS,"
      },
      {
        "text": "ἐκ",
        "tag": "w",
        "type": "word",
        "lemma": "ἐκ",
        "strong": "G15370",
        "morph": "Gr,P,,,,,G,,,"
      },
      {
        "text": "νεκρῶν",
        "tag": "w",
        "type": "word",
        "lemma": "νεκρός",
        "strong": "G34980",
        "morph": "Gr,NS,,,,GMP,",
        "tw": "rc://*/tw/dict/bible/other/death"
      },
      {
        "type": "text",
        "text": ".\n\n"
      }
    ]
  },
  "12": {
    "verseObjects": [
      {
        "type": "text",
        "text": "\n"
      },
      {
        "tag": "p",
        "type": "paragraph"
      },
      {
        "text": "οὐχ",
        "tag": "w",
        "type": "word",
        "lemma": "οὐ",
        "strong": "G37560",
        "morph": "Gr,DO,,,,,,,,"
      },
      {
        "text": "ὅτι",
        "tag": "w",
        "type": "word",
        "lemma": "ὅτι",
        "strong": "G37540",
        "morph": "Gr,CS,,,,,,,,"
      },
      {
        "text": "ἤδη",
        "tag": "w",
        "type": "word",
        "lemma": "ἤδη",
        "strong": "G22350",
        "morph": "Gr,D,,,,,,,,,"
      },
      {
        "text": "ἔλαβον",
        "tag": "w",
        "type": "word",
        "lemma": "λαμβάνω",
        "strong": "G29830",
        "morph": "Gr,V,IAA1,,S,",
        "tw": "rc://*/tw/dict/bible/other/receive"
      },
      {
        "type": "text",
        "text": ","
      },
      {
        "text": "ἢ",
        "tag": "w",
        "type": "word",
        "lemma": "ἤ",
        "strong": "G22280",
        "morph": "Gr,CC,,,,,,,,"
      },
      {
        "text": "ἤδη",
        "tag": "w",
        "type": "word",
        "lemma": "ἤδη",
        "strong": "G22350",
        "morph": "Gr,D,,,,,,,,,"
      },
      {
        "text": "τετελείωμαι",
        "tag": "w",
        "type": "word",
        "lemma": "τελειόω",
        "strong": "G50480",
        "morph": "Gr,V,IEP1,,S,",
        "tw": "rc://*/tw/dict/bible/other/perfect"
      },
      {
        "type": "text",
        "text": ";"
      },
      {
        "text": "διώκω",
        "tag": "w",
        "type": "word",
        "lemma": "διώκω",
        "strong": "G13770",
        "morph": "Gr,V,IPA1,,S,"
      },
      {
        "text": "δὲ",
        "tag": "w",
        "type": "word",
        "lemma": "δέ",
        "strong": "G11610",
        "morph": "Gr,CO,,,,,,,,"
      },
      {
        "type": "text",
        "text": ","
      },
      {
        "text": "εἰ",
        "tag": "w",
        "type": "word",
        "lemma": "εἰ",
        "strong": "G14870",
        "morph": "Gr,CS,,,,,,,,"
      },
      {
        "text": "καὶ",
        "tag": "w",
        "type": "word",
        "lemma": "καί",
        "strong": "G25320",
        "morph": "Gr,D,,,,,,,,,"
      },
      {
        "text": "καταλάβω",
        "tag": "w",
        "type": "word",
        "lemma": "καταλαμβάνω",
        "strong": "G26380",
        "morph": "Gr,V,SAA1,,S,"
      },
      {
        "type": "text",
        "text": ","
      },
      {
        "text": "ἐφ’",
        "tag": "w",
        "type": "word",
        "lemma": "ἐπί",
        "strong": "G19090",
        "morph": "Gr,P,,,,,D,,,"
      },
      {
        "text": "ᾧ",
        "tag": "w",
        "type": "word",
        "lemma": "ὅς",
        "strong": "G37390",
        "morph": "Gr,RD,,,,DNS,"
      },
      {
        "text": "καὶ",
        "tag": "w",
        "type": "word",
        "lemma": "καί",
        "strong": "G25320",
        "morph": "Gr,D,,,,,,,,,"
      },
      {
        "text": "κατελήμφθην",
        "tag": "w",
        "type": "word",
        "lemma": "καταλαμβάνω",
        "strong": "G26380",
        "morph": "Gr,V,IAP1,,S,"
      },
      {
        "text": "ὑπὸ",
        "tag": "w",
        "type": "word",
        "lemma": "ὑπό",
        "strong": "G52590",
        "morph": "Gr,P,,,,,G,,,"
      },
      {
        "tag": "k",
        "type": "milestone",
        "tw": "rc://*/tw/dict/bible/kt/jesus",
        "children": [
          {
            "text": "Χριστοῦ",
            "tag": "w",
            "type": "word",
            "lemma": "χριστός",
            "strong": "G55470",
            "morph": "Gr,N,,,,,GMS,",
            "tw": "rc://*/tw/dict/bible/kt/christ"
          },
          {
            "text": "Ἰησοῦ",
            "tag": "w",
            "type": "word",
            "lemma": "Ἰησοῦς",
            "strong": "G24240",
            "morph": "Gr,N,,,,,GMS,"
          }
        ],
        "endTag": "k-e\\*"
      },
      {
        "type": "text",
        "text": ".\n\n"
      }
    ]
  },
  "13": {
    "verseObjects": [
      {
        "text": "ἀδελφοί",
        "tag": "w",
        "type": "word",
        "lemma": "ἀδελφός",
        "strong": "G00800",
        "morph": "Gr,N,,,,,VMP,",
        "tw": "rc://*/tw/dict/bible/kt/brother"
      },
      {
        "type": "text",
        "text": ","
      },
      {
        "text": "ἐγὼ",
        "tag": "w",
        "type": "word",
        "lemma": "ἐγώ",
        "strong": "G14730",
        "morph": "Gr,RP,,,1N,S,"
      },
      {
        "text": "ἐμαυτὸν",
        "tag": "w",
        "type": "word",
        "lemma": "ἐμαυτοῦ",
        "strong": "G16830",
        "morph": "Gr,RE,,,1AMS,"
      },
      {
        "text": "οὐ",
        "tag": "w",
        "type": "word",
        "lemma": "οὐ",
        "strong": "G37560",
        "morph": "Gr,D,,,,,,,,,"
      },
      {
        "text": "λογίζομαι",
        "tag": "w",
        "type": "word",
        "lemma": "λογίζομαι",
        "strong": "G30490",
        "morph": "Gr,V,IPM1,,S,"
      },
      {
        "text": "κατειληφέναι",
        "tag": "w",
        "type": "word",
        "lemma": "καταλαμβάνω",
        "strong": "G26380",
        "morph": "Gr,V,NEA,,,,,"
      },
      {
        "type": "text",
        "text": ","
      },
      {
        "text": "ἓν",
        "tag": "w",
        "type": "word",
        "lemma": "εἷς",
        "strong": "G15200",
        "morph": "Gr,NS,,,,ANS,"
      },
      {
        "text": "δέ",
        "tag": "w",
        "type": "word",
        "lemma": "δέ",
        "strong": "G11610",
        "morph": "Gr,CC,,,,,,,,"
      },
      {
        "type": "text",
        "text": ":"
      },
      {
        "text": "τὰ",
        "tag": "w",
        "type": "word",
        "lemma": "ὁ",
        "strong": "G35880",
        "morph": "Gr,RD,,,,ANP,"
      },
      {
        "text": "μὲν",
        "tag": "w",
        "type": "word",
        "lemma": "μέν",
        "strong": "G33030",
        "morph": "Gr,DO,,,,,,,,"
      },
      {
        "text": "ὀπίσω",
        "tag": "w",
        "type": "word",
        "lemma": "ὀπίσω",
        "strong": "G36940",
        "morph": "Gr,D,,,,,,,,,"
      },
      {
        "text": "ἐπιλανθανόμενος",
        "tag": "w",
        "type": "word",
        "lemma": "ἐπιλανθάνομαι",
        "strong": "G19500",
        "morph": "Gr,V,PPM,NMS,"
      },
      {
        "type": "text",
        "text": ","
      },
      {
        "text": "τοῖς",
        "tag": "w",
        "type": "word",
        "lemma": "ὁ",
        "strong": "G35880",
        "morph": "Gr,RD,,,,DNP,"
      },
      {
        "text": "δὲ",
        "tag": "w",
        "type": "word",
        "lemma": "δέ",
        "strong": "G11610",
        "morph": "Gr,CO,,,,,,,,"
      },
      {
        "text": "ἔμπροσθεν",
        "tag": "w",
        "type": "word",
        "lemma": "ἔμπροσθεν",
        "strong": "G17150",
        "morph": "Gr,D,,,,,,,,,"
      },
      {
        "text": "ἐπεκτεινόμενος",
        "tag": "w",
        "type": "word",
        "lemma": "ἐπεκτείνομαι",
        "strong": "G19010",
        "morph": "Gr,V,PPM,NMS,"
      },
      {
        "type": "text",
        "text": ",\n\n"
      }
    ]
  },
  "14": {
    "verseObjects": [
      {
        "text": "κατὰ",
        "tag": "w",
        "type": "word",
        "lemma": "κατά",
        "strong": "G25960",
        "morph": "Gr,P,,,,,A,,,"
      },
      {
        "text": "σκοπὸν",
        "tag": "w",
        "type": "word",
        "lemma": "σκοπός",
        "strong": "G46490",
        "morph": "Gr,N,,,,,AMS,"
      },
      {
        "text": "διώκω",
        "tag": "w",
        "type": "word",
        "lemma": "διώκω",
        "strong": "G13770",
        "morph": "Gr,V,IPA1,,S,"
      },
      {
        "text": "εἰς",
        "tag": "w",
        "type": "word",
        "lemma": "εἰς",
        "strong": "G15190",
        "morph": "Gr,P,,,,,A,,,"
      },
      {
        "text": "τὸ",
        "tag": "w",
        "type": "word",
        "lemma": "ὁ",
        "strong": "G35880",
        "morph": "Gr,EA,,,,ANS,"
      },
      {
        "text": "βραβεῖον",
        "tag": "w",
        "type": "word",
        "lemma": "βραβεῖον",
        "strong": "G10170",
        "morph": "Gr,N,,,,,ANS,"
      },
      {
        "text": "τῆς",
        "tag": "w",
        "type": "word",
        "lemma": "ὁ",
        "strong": "G35880",
        "morph": "Gr,EA,,,,GFS,"
      },
      {
        "text": "ἄνω",
        "tag": "w",
        "type": "word",
        "lemma": "ἄνω",
        "strong": "G05070",
        "morph": "Gr,D,,,,,,,,,"
      },
      {
        "text": "κλήσεως",
        "tag": "w",
        "type": "word",
        "lemma": "κλῆσις",
        "strong": "G28210",
        "morph": "Gr,N,,,,,GFS,",
        "tw": "rc://*/tw/dict/bible/kt/call"
      },
      {
        "text": "τοῦ",
        "tag": "w",
        "type": "word",
        "lemma": "ὁ",
        "strong": "G35880",
        "morph": "Gr,EA,,,,GMS,"
      },
      {
        "text": "Θεοῦ",
        "tag": "w",
        "type": "word",
        "lemma": "θεός",
        "strong": "G23160",
        "morph": "Gr,N,,,,,GMS,",
        "tw": "rc://*/tw/dict/bible/kt/god"
      },
      {
        "tag": "k",
        "type": "milestone",
        "tw": "rc://*/tw/dict/bible/kt/inchrist",
        "children": [
          {
            "text": "ἐν",
            "tag": "w",
            "type": "word",
            "lemma": "ἐν",
            "strong": "G17220",
            "morph": "Gr,P,,,,,D,,,"
          },
          {
            "text": "Χριστῷ",
            "tag": "w",
            "type": "word",
            "lemma": "χριστός",
            "strong": "G55470",
            "morph": "Gr,N,,,,,DMS,",
            "tw": "rc://*/tw/dict/bible/kt/christ"
          },
          {
            "text": "Ἰησοῦ",
            "tag": "w",
            "type": "word",
            "lemma": "Ἰησοῦς",
            "strong": "G24240",
            "morph": "Gr,N,,,,,GMS,",
            "tw": "rc://*/tw/dict/bible/kt/jesus"
          }
        ],
        "endTag": "k-e\\*"
      },
      {
        "type": "text",
        "text": ".\n\n"
      }
    ]
  },
  "15": {
    "verseObjects": [
      {
        "text": "ὅσοι",
        "tag": "w",
        "type": "word",
        "lemma": "ὅσος",
        "strong": "G37450",
        "morph": "Gr,RR,,,,NMP,"
      },
      {
        "text": "οὖν",
        "tag": "w",
        "type": "word",
        "lemma": "οὖν",
        "strong": "G37670",
        "morph": "Gr,CC,,,,,,,,"
      },
      {
        "text": "τέλειοι",
        "tag": "w",
        "type": "word",
        "lemma": "τέλειος",
        "strong": "G50460",
        "morph": "Gr,NP,,,,NMP,",
        "tw": "rc://*/tw/dict/bible/other/perfect"
      },
      {
        "type": "text",
        "text": ","
      },
      {
        "text": "τοῦτο",
        "tag": "w",
        "type": "word",
        "lemma": "οὗτος",
        "strong": "G37780",
        "morph": "Gr,RD,,,,ANS,"
      },
      {
        "text": "φρονῶμεν",
        "tag": "w",
        "type": "word",
        "lemma": "φρονέω",
        "strong": "G54260",
        "morph": "Gr,V,SPA1,,P,",
        "tw": "rc://*/tw/dict/bible/other/mind"
      },
      {
        "type": "text",
        "text": ";"
      },
      {
        "text": "καὶ",
        "tag": "w",
        "type": "word",
        "lemma": "καί",
        "strong": "G25320",
        "morph": "Gr,CC,,,,,,,,"
      },
      {
        "text": "εἴ",
        "tag": "w",
        "type": "word",
        "lemma": "εἰ",
        "strong": "G14870",
        "morph": "Gr,CS,,,,,,,,"
      },
      {
        "text": "τι",
        "tag": "w",
        "type": "word",
        "lemma": "τις",
        "strong": "G51000",
        "morph": "Gr,RI,,,,ANS,"
      },
      {
        "text": "ἑτέρως",
        "tag": "w",
        "type": "word",
        "lemma": "ἑτέρως",
        "strong": "G20880",
        "morph": "Gr,D,,,,,,,,,"
      },
      {
        "text": "φρονεῖτε",
        "tag": "w",
        "type": "word",
        "lemma": "φρονέω",
        "strong": "G54260",
        "morph": "Gr,V,IPA2,,P,",
        "tw": "rc://*/tw/dict/bible/other/mind"
      },
      {
        "type": "text",
        "text": ","
      },
      {
        "text": "καὶ",
        "tag": "w",
        "type": "word",
        "lemma": "καί",
        "strong": "G25320",
        "morph": "Gr,D,,,,,,,,,"
      },
      {
        "text": "τοῦτο",
        "tag": "w",
        "type": "word",
        "lemma": "οὗτος",
        "strong": "G37780",
        "morph": "Gr,RD,,,,ANS,"
      },
      {
        "text": "ὁ",
        "tag": "w",
        "type": "word",
        "lemma": "ὁ",
        "strong": "G35880",
        "morph": "Gr,EA,,,,NMS,"
      },
      {
        "text": "Θεὸς",
        "tag": "w",
        "type": "word",
        "lemma": "θεός",
        "strong": "G23160",
        "morph": "Gr,N,,,,,NMS,",
        "tw": "rc://*/tw/dict/bible/kt/god"
      },
      {
        "text": "ὑμῖν",
        "tag": "w",
        "type": "word",
        "lemma": "σύ",
        "strong": "G47710",
        "morph": "Gr,RP,,,2D,P,"
      },
      {
        "text": "ἀποκαλύψει",
        "tag": "w",
        "type": "word",
        "lemma": "ἀποκαλύπτω",
        "strong": "G06010",
        "morph": "Gr,V,IFA3,,S,",
        "tw": "rc://*/tw/dict/bible/kt/reveal"
      },
      {
        "type": "text",
        "text": ".\n\n"
      }
    ]
  },
  "16": {
    "verseObjects": [
      {
        "text": "πλὴν",
        "tag": "w",
        "type": "word",
        "lemma": "πλήν",
        "strong": "G41330",
        "morph": "Gr,CC,,,,,,,,"
      },
      {
        "text": "εἰς",
        "tag": "w",
        "type": "word",
        "lemma": "εἰς",
        "strong": "G15190",
        "morph": "Gr,P,,,,,A,,,"
      },
      {
        "text": "ὃ",
        "tag": "w",
        "type": "word",
        "lemma": "ὅς",
        "strong": "G37390",
        "morph": "Gr,RR,,,,ANS,"
      },
      {
        "text": "ἐφθάσαμεν",
        "tag": "w",
        "type": "word",
        "lemma": "φθάνω",
        "strong": "G53480",
        "morph": "Gr,V,IAA1,,P,"
      },
      {
        "type": "text",
        "text": ","
      },
      {
        "text": "τῷ",
        "tag": "w",
        "type": "word",
        "lemma": "ὁ",
        "strong": "G35880",
        "morph": "Gr,EA,,,,DNS,"
      },
      {
        "text": "αὐτῷ",
        "tag": "w",
        "type": "word",
        "lemma": "αὐτός",
        "strong": "G08460",
        "morph": "Gr,RD,,,,DNS,"
      },
      {
        "text": "στοιχεῖν",
        "tag": "w",
        "type": "word",
        "lemma": "στοιχέω",
        "strong": "G47480",
        "morph": "Gr,V,NPA,,,,,",
        "tw": "rc://*/tw/dict/bible/other/walk"
      },
      {
        "type": "text",
        "text": ".\n\n"
      }
    ]
  },
  "17": {
    "verseObjects": [
      {
        "type": "text",
        "text": "\n"
      },
      {
        "tag": "p",
        "type": "paragraph"
      },
      {
        "text": "συνμιμηταί",
        "tag": "w",
        "type": "word",
        "lemma": "συνμιμητής",
        "strong": "G48310",
        "morph": "Gr,N,,,,,NMP,",
        "tw": "rc://*/tw/dict/bible/other/imitate"
      },
      {
        "text": "μου",
        "tag": "w",
        "type": "word",
        "lemma": "ἐγώ",
        "strong": "G14730",
        "morph": "Gr,RP,,,1G,S,"
      },
      {
        "text": "γίνεσθε",
        "tag": "w",
        "type": "word",
        "lemma": "γίνομαι",
        "strong": "G10960",
        "morph": "Gr,V,MPM2,,P,"
      },
      {
        "type": "text",
        "text": ","
      },
      {
        "text": "ἀδελφοί",
        "tag": "w",
        "type": "word",
        "lemma": "ἀδελφός",
        "strong": "G00800",
        "morph": "Gr,N,,,,,VMP,",
        "tw": "rc://*/tw/dict/bible/kt/brother"
      },
      {
        "type": "text",
        "text": ","
      },
      {
        "text": "καὶ",
        "tag": "w",
        "type": "word",
        "lemma": "καί",
        "strong": "G25320",
        "morph": "Gr,CC,,,,,,,,"
      },
      {
        "text": "σκοπεῖτε",
        "tag": "w",
        "type": "word",
        "lemma": "σκοπέω",
        "strong": "G46480",
        "morph": "Gr,V,MPA2,,P,",
        "tw": "rc://*/tw/dict/bible/other/watch"
      },
      {
        "text": "τοὺς",
        "tag": "w",
        "type": "word",
        "lemma": "ὁ",
        "strong": "G35880",
        "morph": "Gr,RD,,,,AMP,"
      },
      {
        "text": "οὕτω",
        "tag": "w",
        "type": "word",
        "lemma": "οὕτως",
        "strong": "G37790",
        "morph": "Gr,D,,,,,,,,,"
      },
      {
        "text": "περιπατοῦντας",
        "tag": "w",
        "type": "word",
        "lemma": "περιπατέω",
        "strong": "G40430",
        "morph": "Gr,V,PPA,AMP,",
        "tw": "rc://*/tw/dict/bible/other/walk"
      },
      {
        "type": "text",
        "text": ","
      },
      {
        "text": "καθὼς",
        "tag": "w",
        "type": "word",
        "lemma": "καθώς",
        "strong": "G25310",
        "morph": "Gr,D,,,,,,,,,",
        "tw": "rc://*/tw/dict/bible/other/like"
      },
      {
        "text": "ἔχετε",
        "tag": "w",
        "type": "word",
        "lemma": "ἔχω",
        "strong": "G21920",
        "morph": "Gr,V,IPA2,,P,"
      },
      {
        "text": "τύπον",
        "tag": "w",
        "type": "word",
        "lemma": "τύπος",
        "strong": "G51790",
        "morph": "Gr,N,,,,,AMS,"
      },
      {
        "text": "ἡμᾶς",
        "tag": "w",
        "type": "word",
        "lemma": "ἐγώ",
        "strong": "G14730",
        "morph": "Gr,RP,,,1A,P,"
      },
      {
        "type": "text",
        "text": ".\n\n"
      }
    ]
  },
  "18": {
    "verseObjects": [
      {
        "text": "πολλοὶ",
        "tag": "w",
        "type": "word",
        "lemma": "πολλός",
        "strong": "G41830",
        "morph": "Gr,RI,,,,NMP,"
      },
      {
        "text": "γὰρ",
        "tag": "w",
        "type": "word",
        "lemma": "γάρ",
        "strong": "G10630",
        "morph": "Gr,CC,,,,,,,,"
      },
      {
        "text": "περιπατοῦσιν",
        "tag": "w",
        "type": "word",
        "lemma": "περιπατέω",
        "strong": "G40430",
        "morph": "Gr,V,IPA3,,P,",
        "tw": "rc://*/tw/dict/bible/other/walk"
      },
      {
        "type": "text",
        "text": ","
      },
      {
        "text": "οὓς",
        "tag": "w",
        "type": "word",
        "lemma": "ὅς",
        "strong": "G37390",
        "morph": "Gr,RR,,,,AMP,"
      },
      {
        "text": "πολλάκις",
        "tag": "w",
        "type": "word",
        "lemma": "πολλάκις",
        "strong": "G41780",
        "morph": "Gr,D,,,,,,,,,"
      },
      {
        "text": "ἔλεγον",
        "tag": "w",
        "type": "word",
        "lemma": "λέγω",
        "strong": "G30040",
        "morph": "Gr,V,IIA1,,S,"
      },
      {
        "text": "ὑμῖν",
        "tag": "w",
        "type": "word",
        "lemma": "σύ",
        "strong": "G47710",
        "morph": "Gr,RP,,,2D,P,"
      },
      {
        "type": "text",
        "text": ","
      },
      {
        "text": "νῦν",
        "tag": "w",
        "type": "word",
        "lemma": "νῦν",
        "strong": "G35680",
        "morph": "Gr,D,,,,,,,,,"
      },
      {
        "text": "δὲ",
        "tag": "w",
        "type": "word",
        "lemma": "δέ",
        "strong": "G11610",
        "morph": "Gr,CC,,,,,,,,"
      },
      {
        "text": "καὶ",
        "tag": "w",
        "type": "word",
        "lemma": "καί",
        "strong": "G25320",
        "morph": "Gr,D,,,,,,,,,"
      },
      {
        "text": "κλαίων",
        "tag": "w",
        "type": "word",
        "lemma": "κλαίω",
        "strong": "G27990",
        "morph": "Gr,V,PPA,NMS,",
        "tw": "rc://*/tw/dict/bible/other/cry"
      },
      {
        "type": "text",
        "text": ","
      },
      {
        "text": "λέγω",
        "tag": "w",
        "type": "word",
        "lemma": "λέγω",
        "strong": "G30040",
        "morph": "Gr,V,IPA1,,S,"
      },
      {
        "type": "text",
        "text": ","
      },
      {
        "text": "τοὺς",
        "tag": "w",
        "type": "word",
        "lemma": "ὁ",
        "strong": "G35880",
        "morph": "Gr,EA,,,,AMP,"
      },
      {
        "text": "ἐχθροὺς",
        "tag": "w",
        "type": "word",
        "lemma": "ἐχθρός",
        "strong": "G21900",
        "morph": "Gr,NS,,,,AMP,",
        "tw": "rc://*/tw/dict/bible/other/adversary"
      },
      {
        "text": "τοῦ",
        "tag": "w",
        "type": "word",
        "lemma": "ὁ",
        "strong": "G35880",
        "morph": "Gr,EA,,,,GMS,"
      },
      {
        "text": "σταυροῦ",
        "tag": "w",
        "type": "word",
        "lemma": "σταυρός",
        "strong": "G47160",
        "morph": "Gr,N,,,,,GMS,",
        "tw": "rc://*/tw/dict/bible/kt/cross"
      },
      {
        "text": "τοῦ",
        "tag": "w",
        "type": "word",
        "lemma": "ὁ",
        "strong": "G35880",
        "morph": "Gr,EA,,,,GMS,"
      },
      {
        "text": "Χριστοῦ",
        "tag": "w",
        "type": "word",
        "lemma": "χριστός",
        "strong": "G55470",
        "morph": "Gr,N,,,,,GMS,",
        "tw": "rc://*/tw/dict/bible/kt/christ"
      },
      {
        "type": "text",
        "text": ";\n\n"
      }
    ]
  },
  "19": {
    "verseObjects": [
      {
        "text": "ὧν",
        "tag": "w",
        "type": "word",
        "lemma": "ὅς",
        "strong": "G37390",
        "morph": "Gr,RR,,,,GMP,"
      },
      {
        "text": "τὸ",
        "tag": "w",
        "type": "word",
        "lemma": "ὁ",
        "strong": "G35880",
        "morph": "Gr,EA,,,,NNS,"
      },
      {
        "text": "τέλος",
        "tag": "w",
        "type": "word",
        "lemma": "τέλος",
        "strong": "G50560",
        "morph": "Gr,N,,,,,NNS,",
        "tw": "rc://*/tw/dict/bible/other/destiny"
      },
      {
        "text": "ἀπώλεια",
        "tag": "w",
        "type": "word",
        "lemma": "ἀπώλεια",
        "strong": "G06840",
        "morph": "Gr,N,,,,,NFS,"
      },
      {
        "type": "text",
        "text": ","
      },
      {
        "text": "ὧν",
        "tag": "w",
        "type": "word",
        "lemma": "ὅς",
        "strong": "G37390",
        "morph": "Gr,RR,,,,GMP,"
      },
      {
        "text": "ὁ",
        "tag": "w",
        "type": "word",
        "lemma": "ὁ",
        "strong": "G35880",
        "morph": "Gr,EA,,,,NMS,"
      },
      {
        "text": "Θεὸς",
        "tag": "w",
        "type": "word",
        "lemma": "θεός",
        "strong": "G23160",
        "morph": "Gr,N,,,,,NMS,",
        "tw": "rc://*/tw/dict/bible/kt/god"
      },
      {
        "text": "ἡ",
        "tag": "w",
        "type": "word",
        "lemma": "ὁ",
        "strong": "G35880",
        "morph": "Gr,EP,,,,NFS,"
      },
      {
        "text": "κοιλία",
        "tag": "w",
        "type": "word",
        "lemma": "κοιλία",
        "strong": "G28360",
        "morph": "Gr,N,,,,,NFS,"
      },
      {
        "type": "text",
        "text": ","
      },
      {
        "text": "καὶ",
        "tag": "w",
        "type": "word",
        "lemma": "καί",
        "strong": "G25320",
        "morph": "Gr,CC,,,,,,,,"
      },
      {
        "text": "ἡ",
        "tag": "w",
        "type": "word",
        "lemma": "ὁ",
        "strong": "G35880",
        "morph": "Gr,EP,,,,NFS,"
      },
      {
        "text": "δόξα",
        "tag": "w",
        "type": "word",
        "lemma": "δόξα",
        "strong": "G13910",
        "morph": "Gr,N,,,,,NFS,",
        "tw": "rc://*/tw/dict/bible/kt/glory"
      },
      {
        "text": "ἐν",
        "tag": "w",
        "type": "word",
        "lemma": "ἐν",
        "strong": "G17220",
        "morph": "Gr,P,,,,,D,,,"
      },
      {
        "text": "τῇ",
        "tag": "w",
        "type": "word",
        "lemma": "ὁ",
        "strong": "G35880",
        "morph": "Gr,EA,,,,DFS,"
      },
      {
        "text": "αἰσχύνῃ",
        "tag": "w",
        "type": "word",
        "lemma": "αἰσχύνη",
        "strong": "G01520",
        "morph": "Gr,N,,,,,DFS,",
        "tw": "rc://*/tw/dict/bible/other/shame"
      },
      {
        "text": "αὐτῶν",
        "tag": "w",
        "type": "word",
        "lemma": "αὐτός",
        "strong": "G08460",
        "morph": "Gr,RP,,,3GMP,"
      },
      {
        "type": "text",
        "text": ","
      },
      {
        "text": "οἱ",
        "tag": "w",
        "type": "word",
        "lemma": "ὁ",
        "strong": "G35880",
        "morph": "Gr,RD,,,,NMP,"
      },
      {
        "text": "τὰ",
        "tag": "w",
        "type": "word",
        "lemma": "ὁ",
        "strong": "G35880",
        "morph": "Gr,EA,,,,ANP,"
      },
      {
        "text": "ἐπίγεια",
        "tag": "w",
        "type": "word",
        "lemma": "ἐπίγειος",
        "strong": "G19190",
        "morph": "Gr,NS,,,,ANP,",
        "tw": "rc://*/tw/dict/bible/other/earth"
      },
      {
        "text": "φρονοῦντες",
        "tag": "w",
        "type": "word",
        "lemma": "φρονέω",
        "strong": "G54260",
        "morph": "Gr,V,PPA,NMP,"
      },
      {
        "type": "text",
        "text": ".\n\n"
      }
    ]
  },
  "20": {
    "verseObjects": [
      {
        "text": "ἡμῶν",
        "tag": "w",
        "type": "word",
        "lemma": "ἐγώ",
        "strong": "G14730",
        "morph": "Gr,RP,,,1G,P,"
      },
      {
        "text": "γὰρ",
        "tag": "w",
        "type": "word",
        "lemma": "γάρ",
        "strong": "G10630",
        "morph": "Gr,CC,,,,,,,,"
      },
      {
        "text": "τὸ",
        "tag": "w",
        "type": "word",
        "lemma": "ὁ",
        "strong": "G35880",
        "morph": "Gr,EA,,,,NNS,"
      },
      {
        "text": "πολίτευμα",
        "tag": "w",
        "type": "word",
        "lemma": "πολίτευμα",
        "strong": "G41750",
        "morph": "Gr,N,,,,,NNS,",
        "tw": "rc://*/tw/dict/bible/other/citizen"
      },
      {
        "text": "ἐν",
        "tag": "w",
        "type": "word",
        "lemma": "ἐν",
        "strong": "G17220",
        "morph": "Gr,P,,,,,D,,,"
      },
      {
        "text": "οὐρανοῖς",
        "tag": "w",
        "type": "word",
        "lemma": "οὐρανός",
        "strong": "G37720",
        "morph": "Gr,N,,,,,DMP,",
        "tw": "rc://*/tw/dict/bible/kt/heaven"
      },
      {
        "text": "ὑπάρχει",
        "tag": "w",
        "type": "word",
        "lemma": "ὑπάρχω",
        "strong": "G52250",
        "morph": "Gr,V,IPA3,,S,",
        "tw": "rc://*/tw/dict/bible/other/possess"
      },
      {
        "type": "text",
        "text": ","
      },
      {
        "text": "ἐξ",
        "tag": "w",
        "type": "word",
        "lemma": "ἐκ",
        "strong": "G15370",
        "morph": "Gr,P,,,,,G,,,"
      },
      {
        "text": "οὗ",
        "tag": "w",
        "type": "word",
        "lemma": "ὅς",
        "strong": "G37390",
        "morph": "Gr,RR,,,,GMS,"
      },
      {
        "text": "καὶ",
        "tag": "w",
        "type": "word",
        "lemma": "καί",
        "strong": "G25320",
        "morph": "Gr,D,,,,,,,,,"
      },
      {
        "text": "Σωτῆρα",
        "tag": "w",
        "type": "word",
        "lemma": "σωτήρ",
        "strong": "G49900",
        "morph": "Gr,N,,,,,AMS,",
        "tw": "rc://*/tw/dict/bible/kt/savior"
      },
      {
        "text": "ἀπεκδεχόμεθα",
        "tag": "w",
        "type": "word",
        "lemma": "ἀπεκδέχομαι",
        "strong": "G05530",
        "morph": "Gr,V,IPM1,,P,"
      },
      {
        "type": "text",
        "text": ","
      },
      {
        "text": "Κύριον",
        "tag": "w",
        "type": "word",
        "lemma": "κύριος",
        "strong": "G29620",
        "morph": "Gr,N,,,,,AMS,",
        "tw": "rc://*/tw/dict/bible/kt/lord"
      },
      {
        "tag": "k",
        "type": "milestone",
        "tw": "rc://*/tw/dict/bible/kt/jesus",
        "children": [
          {
            "text": "Ἰησοῦν",
            "tag": "w",
            "type": "word",
            "lemma": "Ἰησοῦς",
            "strong": "G24240",
            "morph": "Gr,N,,,,,AMS,"
          },
          {
            "text": "Χριστόν",
            "tag": "w",
            "type": "word",
            "lemma": "χριστός",
            "strong": "G55470",
            "morph": "Gr,N,,,,,AMS,",
            "tw": "rc://*/tw/dict/bible/kt/christ"
          }
        ],
        "endTag": "k-e\\*"
      },
      {
        "type": "text",
        "text": ",\n\n"
      }
    ]
  },
  "21": {
    "verseObjects": [
      {
        "text": "ὃς",
        "tag": "w",
        "type": "word",
        "lemma": "ὅς",
        "strong": "G37390",
        "morph": "Gr,RR,,,,NMS,"
      },
      {
        "text": "μετασχηματίσει",
        "tag": "w",
        "type": "word",
        "lemma": "μετασχηματίζω",
        "strong": "G33450",
        "morph": "Gr,V,IFA3,,S,"
      },
      {
        "text": "τὸ",
        "tag": "w",
        "type": "word",
        "lemma": "ὁ",
        "strong": "G35880",
        "morph": "Gr,EA,,,,ANS,"
      },
      {
        "text": "σῶμα",
        "tag": "w",
        "type": "word",
        "lemma": "σῶμα",
        "strong": "G49830",
        "morph": "Gr,N,,,,,ANS,",
        "tw": "rc://*/tw/dict/bible/kt/body"
      },
      {
        "text": "τῆς",
        "tag": "w",
        "type": "word",
        "lemma": "ὁ",
        "strong": "G35880",
        "morph": "Gr,EA,,,,GFS,"
      },
      {
        "text": "ταπεινώσεως",
        "tag": "w",
        "type": "word",
        "lemma": "ταπείνωσις",
        "strong": "G50140",
        "morph": "Gr,N,,,,,GFS,",
        "tw": "rc://*/tw/dict/bible/other/lowly"
      },
      {
        "text": "ἡμῶν",
        "tag": "w",
        "type": "word",
        "lemma": "ἐγώ",
        "strong": "G14730",
        "morph": "Gr,RP,,,1G,P,"
      },
      {
        "type": "text",
        "text": ","
      },
      {
        "text": "σύμμορφον",
        "tag": "w",
        "type": "word",
        "lemma": "σύμμορφος",
        "strong": "G48320",
        "morph": "Gr,NS,,,,ANS,"
      },
      {
        "text": "τῷ",
        "tag": "w",
        "type": "word",
        "lemma": "ὁ",
        "strong": "G35880",
        "morph": "Gr,EA,,,,DNS,"
      },
      {
        "text": "σώματι",
        "tag": "w",
        "type": "word",
        "lemma": "σῶμα",
        "strong": "G49830",
        "morph": "Gr,N,,,,,DNS,",
        "tw": "rc://*/tw/dict/bible/kt/body"
      },
      {
        "text": "τῆς",
        "tag": "w",
        "type": "word",
        "lemma": "ὁ",
        "strong": "G35880",
        "morph": "Gr,EA,,,,GFS,"
      },
      {
        "text": "δόξης",
        "tag": "w",
        "type": "word",
        "lemma": "δόξα",
        "strong": "G13910",
        "morph": "Gr,N,,,,,GFS,",
        "tw": "rc://*/tw/dict/bible/kt/glory"
      },
      {
        "text": "αὐτοῦ",
        "tag": "w",
        "type": "word",
        "lemma": "αὐτός",
        "strong": "G08460",
        "morph": "Gr,RP,,,3GMS,"
      },
      {
        "type": "text",
        "text": ","
      },
      {
        "text": "κατὰ",
        "tag": "w",
        "type": "word",
        "lemma": "κατά",
        "strong": "G25960",
        "morph": "Gr,P,,,,,A,,,"
      },
      {
        "text": "τὴν",
        "tag": "w",
        "type": "word",
        "lemma": "ὁ",
        "strong": "G35880",
        "morph": "Gr,EA,,,,AFS,"
      },
      {
        "text": "ἐνέργειαν",
        "tag": "w",
        "type": "word",
        "lemma": "ἐνέργεια",
        "strong": "G17530",
        "morph": "Gr,N,,,,,AFS,"
      },
      {
        "text": "τοῦ",
        "tag": "w",
        "type": "word",
        "lemma": "ὁ",
        "strong": "G35880",
        "morph": "Gr,RD,,,,GNS,"
      },
      {
        "text": "δύνασθαι",
        "tag": "w",
        "type": "word",
        "lemma": "δύναμαι",
        "strong": "G14100",
        "morph": "Gr,V,NPM,,,,,",
        "tw": "rc://*/tw/dict/bible/kt/power"
      },
      {
        "text": "αὐτὸν",
        "tag": "w",
        "type": "word",
        "lemma": "αὐτός",
        "strong": "G08460",
        "morph": "Gr,RP,,,3AMS,"
      },
      {
        "type": "text",
        "text": ","
      },
      {
        "text": "καὶ",
        "tag": "w",
        "type": "word",
        "lemma": "καί",
        "strong": "G25320",
        "morph": "Gr,D,,,,,,,,,"
      },
      {
        "text": "ὑποτάξαι",
        "tag": "w",
        "type": "word",
        "lemma": "ὑποτάσσω",
        "strong": "G52930",
        "morph": "Gr,V,NAA,,,,,",
        "tw": "rc://*/tw/dict/bible/other/subject"
      },
      {
        "text": "αὑτῷ",
        "tag": "w",
        "type": "word",
        "lemma": "αὐτός",
        "strong": "G08460",
        "morph": "Gr,RP,,,3DMS,"
      },
      {
        "text": "τὰ",
        "tag": "w",
        "type": "word",
        "lemma": "ὁ",
        "strong": "G35880",
        "morph": "Gr,RD,,,,ANP,"
      },
      {
        "text": "πάντα",
        "tag": "w",
        "type": "word",
        "lemma": "πᾶς",
        "strong": "G39560",
        "morph": "Gr,EQ,,,,ANP,"
      },
      {
        "type": "text",
        "text": ".\n\n"
      }
    ]
  },
  "front": {
    "verseObjects": [
      {
        "tag": "p",
        "nextChar": "\n",
        "type": "paragraph"
      },
      {
        "type": "text",
        "text": "\n"
      }
    ]
  }
}