{
  "1": {
    "verseObjects": [
      {
        "type": "text",
        "text": "Working together with him, we also urge you not to receive the grace of God in vain.\n"
      }
    ]
  },
  "2": {
    "verseObjects": [
      {
        "type": "text",
        "text": "For he says,\n"
      },
      {
        "tag": "q",
        "type": "quote",
        "text": "\"In a favorable time I paid attention to you,\n"
      },
      {
        "tag": "q",
        "type": "quote",
        "text": "and in the day of salvation I helped you.\"\n"
      },
      {
        "tag": "m",
        "type": "paragraph",
        "text": "Look, now is the favorable time. Look, now is the day of salvation.\n"
      }
    ]
  },
  "3": {
    "verseObjects": [
      {
        "type": "text",
        "text": "We do not place a stumbling block in front of anyone, for we do not wish our ministry to be discredited.\n\n"
      },
      {
        "tag": "s5",
        "type": "section",
        "text": "\n"
      }
    ]
  },
  "4": {
    "verseObjects": [
      {
        "type": "text",
        "text": "Instead, we prove ourselves by all our actions, that we are God's servants. We are his servants in much endurance, affliction, distress, hardship,\n"
      }
    ]
  },
  "5": {
    "verseObjects": [
      {
        "type": "text",
        "text": "beatings, imprisonments, riots, in hard work, in sleepless nights, in hunger,\n"
      }
    ]
  },
  "6": {
    "verseObjects": [
      {
        "type": "text",
        "text": "in purity, knowledge, patience, kindness, in the Holy Spirit, in genuine love.\n"
      }
    ]
  },
  "7": {
    "verseObjects": [
      {
        "type": "text",
        "text": "We are his servants in the word of truth, in the power of God. We have the armor of righteousness for the right hand and for the left.\n\n"
      },
      {
        "tag": "s5",
        "type": "section",
        "text": "\n"
      }
    ]
  },
  "8": {
    "verseObjects": [
      {
        "type": "text",
        "text": "We work in honor and dishonor, in slander and praise. We are accused of being deceitful and yet we are truthful.\n"
      }
    ]
  },
  "9": {
    "verseObjects": [
      {
        "type": "text",
        "text": "We work as if we were unknown and we are still well known. We work as dying and—see!—we are still living. We work as being punished for our actions but not as condemned to death.\n"
      }
    ]
  },
  "10": {
    "verseObjects": [
      {
        "type": "text",
        "text": "We work as sorrowful, but we are always rejoicing. We work as poor, but we are making many rich. We work as having nothing and yet as possessing all things.\n\n"
      },
      {
        "tag": "s5",
        "type": "section",
        "text": "\n"
      },
      {
        "tag": "p",
        "type": "paragraph",
        "text": "\n"
      }
    ]
  },
  "11": {
    "verseObjects": [
      {
        "type": "text",
        "text": "We have spoken the whole truth to you, Corinthians, and our heart is wide open.\n"
      }
    ]
  },
  "12": {
    "verseObjects": [
      {
        "type": "text",
        "text": "You are not restrained by us, but you are restrained in your own hearts.\n"
      }
    ]
  },
  "13": {
    "verseObjects": [
      {
        "type": "text",
        "text": "Now in fair exchange—I speak as to children—open yourselves wide also.\n\n"
      },
      {
        "tag": "s5",
        "type": "section",
        "text": "\n"
      }
    ]
  },
  "14": {
    "verseObjects": [
      {
        "type": "text",
        "text": "Do not be tied together with unbelievers. For what association does righteousness have with lawlessness? For what fellowship does light have with darkness?\n"
      }
    ]
  },
  "15": {
    "verseObjects": [
      {
        "type": "text",
        "text": "What agreement can Christ have with Beliar? Or what share does a believer have together with an unbeliever?\n"
      }
    ]
  },
  "16": {
    "verseObjects": [
      {
        "type": "text",
        "text": "And what agreement is there between the temple of God and idols? For we are the temple of the living God, just as God said:\n"
      },
      {
        "tag": "q",
        "type": "quote",
        "text": "\"I will dwell among them and walk among them.\n"
      },
      {
        "tag": "q",
        "type": "quote",
        "text": "I will be their God,\n"
      },
      {
        "tag": "q1",
        "type": "quote",
        "text": "and they will be my people.\"\n"
      },
      {
        "tag": "m",
        "type": "paragraph",
        "text": "\n"
      },
      {
        "type": "text",
        "text": "\n"
      },
      {
        "tag": "s5",
        "type": "section",
        "text": "\n"
      }
    ]
  },
  "17": {
    "verseObjects": [
      {
        "type": "text",
        "text": "Therefore,\n"
      },
      {
        "tag": "q",
        "type": "quote",
        "text": "\"Come out from among them,\n"
      },
      {
        "tag": "q1",
        "type": "quote",
        "text": "and be set apart,\" says the Lord.\n"
      },
      {
        "tag": "q",
        "type": "quote",
        "text": "\"Touch no unclean thing,\n"
      },
      {
        "tag": "q1",
        "type": "quote",
        "text": "and I will welcome you.\n"
      },
      {
        "tag": "q",
        "type": "quote",
        "text": "\n"
      }
    ]
  },
  "18": {
    "verseObjects": [
      {
        "type": "text",
        "text": "I will be a Father to you,\n"
      },
      {
        "tag": "q",
        "type": "quote",
        "text": "and you will be my sons and daughters,\"\n"
      },
      {
        "tag": "m",
        "type": "paragraph",
        "text": "says the Lord Almighty.\n"
      },
      {
        "type": "text",
        "text": "\n"
      },
      {
        "tag": "s5",
        "type": "section",
        "text": "\n"
      }
    ]
  },
  "front": {
    "verseObjects": [
      {
        "tag": "p",
        "type": "paragraph",
        "text": "\n"
      }
    ]
  }
}