{
  "1": {
    "verseObjects": [
      {
        "type": "text",
        "text": "“जिसके अंड कुचले गए या लिंग काट डाला गया हो वह यहोवा की सभा में न आने पाए।\n"
      },
      {
        "tag": "p",
        "type": "paragraph",
        "text": "\n"
      }
    ]
  },
  "2": {
    "verseObjects": [
      {
        "type": "text",
        "text": "“कोई कुकर्म से जन्मा हुआ यहोवा की सभा में न आने पाए; किन्तु दस पीढ़ी तक उसके वंश का कोई यहोवा की सभा में न आने पाए।\n"
      },
      {
        "tag": "p",
        "type": "paragraph",
        "text": "\n"
      },
      {
        "tag": "s5",
        "type": "section",
        "text": "\n"
      }
    ]
  },
  "3": {
    "verseObjects": [
      {
        "type": "text",
        "text": "“कोई अम्मोनी या मोआबी यहोवा की सभा में न आने पाए; उनकी दसवीं पीढ़ी तक का कोई यहोवा की सभा में कभी न आने पाए;\n"
      }
    ]
  },
  "4": {
    "verseObjects": [
      {
        "type": "text",
        "text": "इस कारण से कि जब तुम मिस्र से निकलकर आते थे तब उन्होंने अन्न जल लेकर मार्ग में तुम से भेंट नहीं की, और यह भी कि उन्होंने अरम्नहरैम देश के पतोर नगरवाले बोर के पुत्र बिलाम को तुझे श्राप देने के लिये दक्षिणा दी।\n"
      },
      {
        "tag": "s5",
        "type": "section",
        "text": "\n"
      }
    ]
  },
  "5": {
    "verseObjects": [
      {
        "type": "text",
        "text": "परन्तु तेरे परमेश्‍वर यहोवा ने बिलाम की न सुनी; किन्तु तेरे परमेश्‍वर यहोवा ने तेरे निमित्त उसके श्राप को आशीष में बदल दिया, इसलिए कि तेरा परमेश्‍वर यहोवा तुझ से प्रेम रखता था।\n"
      }
    ]
  },
  "6": {
    "verseObjects": [
      {
        "type": "text",
        "text": "तू जीवन भर उनका कुशल और भलाई कभी न चाहना।\n"
      },
      {
        "tag": "p",
        "type": "paragraph",
        "text": "\n"
      },
      {
        "tag": "s5",
        "type": "section",
        "text": "\n"
      }
    ]
  },
  "7": {
    "verseObjects": [
      {
        "type": "text",
        "text": "“किसी एदोमी से घृणा न करना, क्योंकि वह तेरा भाई है; किसी मिस्री से भी घृणा न करना, क्योंकि उसके देश में तू परदेशी होकर रहा था।\n"
      }
    ]
  },
  "8": {
    "verseObjects": [
      {
        "type": "text",
        "text": "उनके जो परपोते उत्‍पन्‍न हों* वे यहोवा की सभा में आने पाएँ।\n"
      },
      {
        "tag": "s",
        "type": "section",
        "text": "छावनी की साफ-सफाई\n"
      },
      {
        "tag": "p",
        "type": "paragraph",
        "text": "\n"
      },
      {
        "tag": "s5",
        "type": "section",
        "text": "\n"
      }
    ]
  },
  "9": {
    "verseObjects": [
      {
        "type": "text",
        "text": "“जब तू शत्रुओं से लड़ने को जाकर छावनी डाले, तब सब प्रकार की बुरी बातों से बचे रहना।\n"
      }
    ]
  },
  "10": {
    "verseObjects": [
      {
        "type": "text",
        "text": "यदि तेरे बीच कोई पुरुष उस अशुद्धता से जो रात्रि को आप से आप हुआ करती है अशुद्ध हुआ हो, तो वह छावनी से बाहर जाए, और छावनी के भीतर न आए;\n"
      }
    ]
  },
  "11": {
    "verseObjects": [
      {
        "type": "text",
        "text": "परन्तु संध्या से कुछ पहले वह स्नान करे, और जब सूर्य डूब जाए तब छावनी में आए।\n"
      },
      {
        "tag": "p",
        "type": "paragraph",
        "text": "\n"
      },
      {
        "tag": "s5",
        "type": "section",
        "text": "\n"
      }
    ]
  },
  "12": {
    "verseObjects": [
      {
        "type": "text",
        "text": "“छावनी के बाहर शौच-स्‍थान बनाना, और शौच के लिए वहीं जाया करना;\n"
      }
    ]
  },
  "13": {
    "verseObjects": [
      {
        "type": "text",
        "text": "और तेरे पास के हथियारों में एक खनती भी रहे; और जब तू दिशा फिरने को बैठे, तब उससे खोदकर अपने मल को ढाँप देना।\n"
      }
    ]
  },
  "14": {
    "verseObjects": [
      {
        "type": "text",
        "text": "क्योंकि तेरा परमेश्‍वर यहोवा तुझको बचाने और तेरे शत्रुओं को तुझ से हरवाने को तेरी छावनी के मध्य घूमता रहेगा, इसलिए तेरी छावनी पवित्र रहनी चाहिये, ऐसा न हो कि वह तेरे मध्य में कोई अशुद्ध वस्तु देखकर तुझ से फिर जाए।\n"
      },
      {
        "tag": "s",
        "type": "section",
        "text": "भगोड़ा दास\n"
      },
      {
        "tag": "p",
        "type": "paragraph",
        "text": "\n"
      },
      {
        "tag": "s5",
        "type": "section",
        "text": "\n"
      }
    ]
  },
  "15": {
    "verseObjects": [
      {
        "type": "text",
        "text": "“जो दास अपने स्वामी के पास से भागकर तेरी शरण ले* उसको उसके स्वामी के हाथ न पकड़ा देना;\n"
      }
    ]
  },
  "16": {
    "verseObjects": [
      {
        "type": "text",
        "text": "वह तेरे बीच जो नगर उसे अच्छा लगे उसी में तेरे संग रहने पाए; और तू उस पर अत्याचार न करना।\n"
      },
      {
        "tag": "s",
        "type": "section",
        "text": "वेश्यावृत्ति वर्जित\n"
      },
      {
        "tag": "p",
        "type": "paragraph",
        "text": "\n"
      },
      {
        "tag": "s5",
        "type": "section",
        "text": "\n"
      }
    ]
  },
  "17": {
    "verseObjects": [
      {
        "type": "text",
        "text": "“इस्राएली स्त्रियों में से कोई देवदासी न हो*, और न इस्राएलियों में से कोई पुरुष ऐसा बुरा काम करनेवाला हो।\n"
      }
    ]
  },
  "18": {
    "verseObjects": [
      {
        "type": "text",
        "text": "तू वेश्यापन की कमाई या कुत्ते की कमाई किसी मन्नत को पूरी करने के लिये अपने परमेश्‍वर यहोवा के घर में न लाना; क्योंकि तेरे परमेश्‍वर यहोवा के समीप ये दोनों की दोनों कमाई घृणित कर्म है।\n"
      },
      {
        "tag": "s",
        "type": "section",
        "text": "ऋणों पर ब्याज\n"
      },
      {
        "tag": "p",
        "type": "paragraph",
        "text": "\n"
      },
      {
        "tag": "s5",
        "type": "section",
        "text": "\n"
      }
    ]
  },
  "19": {
    "verseObjects": [
      {
        "type": "text",
        "text": "“अपने किसी भाई को ब्याज पर ऋण न देना, चाहे रुपया हो, चाहे भोजनवस्तु हो, चाहे कोई वस्तु हो जो ब्याज पर दी जाती है, उसे ब्याज पर न देना।\n"
      }
    ]
  },
  "20": {
    "verseObjects": [
      {
        "type": "text",
        "text": "तू परदेशी को ब्याज पर ऋण तो दे, परन्तु अपने किसी भाई से ऐसा न करना, ताकि जिस देश का अधिकारी होने को तू जा रहा है, वहाँ जिस-जिस काम में अपना हाथ लगाए, उन सभी में तेरा परमेश्‍वर यहोवा तुझे आशीष दे।\n"
      },
      {
        "tag": "s",
        "type": "section",
        "text": "मन्नत\n"
      },
      {
        "tag": "p",
        "type": "paragraph",
        "text": "\n"
      },
      {
        "tag": "s5",
        "type": "section",
        "text": "\n"
      }
    ]
  },
  "21": {
    "verseObjects": [
      {
        "type": "text",
        "text": "“जब तू अपने परमेश्‍वर यहोवा के लिये मन्नत माने, तो उसे पूरी करने में विलम्ब न करना; क्योंकि तेरा परमेश्‍वर यहोवा उसे निश्चय तुझ से ले लेगा, और विलम्ब करने से तू पापी ठहरेगा। (मत्ती 5:33)\n"
      }
    ]
  },
  "22": {
    "verseObjects": [
      {
        "type": "text",
        "text": "परन्तु यदि तू मन्नत न माने, तो तेरा कोई पाप नहीं।\n"
      }
    ]
  },
  "23": {
    "verseObjects": [
      {
        "type": "text",
        "text": "जो कुछ तेरे मुँह से निकले उसके पूरा करने में चौकसी करना; तू अपने मुँह से वचन देकर अपनी इच्छा से अपने परमेश्‍वर यहोवा की जैसी मन्नत माने, वैसा ही स्वतंत्रता पूर्वक उसे पूरा करना।\n"
      },
      {
        "tag": "s",
        "type": "section",
        "text": "पड़ोसी की फसलें\n"
      },
      {
        "tag": "p",
        "type": "paragraph",
        "text": "\n"
      },
      {
        "tag": "s5",
        "type": "section",
        "text": "\n"
      }
    ]
  },
  "24": {
    "verseObjects": [
      {
        "type": "text",
        "text": "“जब तू किसी दूसरे की दाख की बारी में जाए, तब पेट भर मनमाने दाख खा तो खा, परन्तु अपने पात्र में कुछ न रखना।\n"
      }
    ]
  },
  "25": {
    "verseObjects": [
      {
        "type": "text",
        "text": "और जब तू किसी दूसरे के खड़े खेत में जाए, तब तू हाथ से बालें तोड़ सकता है, परन्तु किसी दूसरे के खड़े खेत पर हँसुआ न लगाना। (मत्ती 12:1)\n\n"
      },
      {
        "tag": "s5",
        "type": "section",
        "text": "\n"
      }
    ]
  },
  "front": {
    "verseObjects": [
      {
        "tag": "s",
        "type": "section",
        "text": "बहिष्करण और समावेशन\n"
      },
      {
        "tag": "p",
        "type": "paragraph",
        "text": "\n"
      }
    ]
  }
}