{
  "1": {
    "verseObjects": [
      {
        "type": "text",
        "text": "“यदि कोई पुरुष किसी स्त्री को ब्याह ले, और उसके बाद उसमें लज्जा की बात पाकर उससे अप्रसन्न हो, तो वह उसके लिये त्यागपत्र लिखकर और उसके हाथ में देकर उसको अपने घर से निकाल दे। (मत्ती 5:31)\n"
      }
    ]
  },
  "2": {
    "verseObjects": [
      {
        "type": "text",
        "text": "और जब वह उसके घर से निकल जाए, तब दूसरे पुरुष की हो सकती है।\n"
      },
      {
        "tag": "s5",
        "type": "section",
        "text": "\n"
      }
    ]
  },
  "3": {
    "verseObjects": [
      {
        "type": "text",
        "text": "परन्तु यदि वह उस दूसरे पुरुष को भी अप्रिय लगे, और वह उसके लिये त्यागपत्र लिखकर उसके हाथ में देकर उसे अपने घर से निकाल दे, या वह दूसरा पुरुष जिसने उसको अपनी स्त्री कर लिया हो मर जाए,\n"
      }
    ]
  },
  "4": {
    "verseObjects": [
      {
        "type": "text",
        "text": "तो उसका पहला पति, जिसने उसको निकाल दिया हो, उसके अशुद्ध होने के बाद उसे अपनी पत्‍नी न बनाने पाए क्योंकि यह यहोवा के सम्मुख घृणित बात है। इस प्रकार तू उस देश को जिसे तेरा परमेश्‍वर यहोवा तेरा भाग करके तुझे देता है पापी न बनाना।\n"
      },
      {
        "tag": "s",
        "type": "section",
        "text": "विभिन्न नियम\n"
      },
      {
        "tag": "p",
        "type": "paragraph",
        "text": "\n"
      },
      {
        "tag": "s5",
        "type": "section",
        "text": "\n"
      }
    ]
  },
  "5": {
    "verseObjects": [
      {
        "type": "text",
        "text": "“जिस पुरुष का हाल ही में विवाह हुआ हो, वह सेना के साथ न जाए और न किसी काम का भार उस पर डाला जाए; वह वर्ष भर अपने घर में स्वतंत्रता से रहकर अपनी ब्याही हुई स्त्री को प्रसन्‍न करता रहे।\n"
      },
      {
        "tag": "p",
        "type": "paragraph",
        "text": "\n"
      },
      {
        "tag": "s5",
        "type": "section",
        "text": "\n"
      }
    ]
  },
  "6": {
    "verseObjects": [
      {
        "type": "text",
        "text": "“कोई मनुष्य चक्की को या उसके ऊपर के पाट को बन्धक न रखे; क्योंकि वह तो मानो प्राण ही को बन्धक रखना है।\n"
      },
      {
        "tag": "s",
        "type": "section",
        "text": "अपहरण\n"
      },
      {
        "tag": "p",
        "type": "paragraph",
        "text": "\n"
      },
      {
        "tag": "s5",
        "type": "section",
        "text": "\n"
      }
    ]
  },
  "7": {
    "verseObjects": [
      {
        "type": "text",
        "text": "“यदि कोई अपने किसी इस्राएली भाई को दास बनाने या बेच डालने के विचार से चुराता हुआ पकड़ा जाए, तो ऐसा चोर मार डाला जाए; ऐसी बुराई को अपने मध्य में से दूर करना। (1 कुरि. 5:13)\n"
      },
      {
        "tag": "p",
        "type": "paragraph",
        "text": "\n"
      },
      {
        "tag": "s5",
        "type": "section",
        "text": "\n"
      }
    ]
  },
  "8": {
    "verseObjects": [
      {
        "type": "text",
        "text": "“कोढ़ की व्याधि के विषय में चौकस रहना, और जो कुछ लेवीय याजक तुम्हें सिखाएँ उसी के अनुसार यत्न से करने में चौकसी करना; जैसी आज्ञा मैंने उनको दी है वैसा करने में चौकसी करना।\n"
      }
    ]
  },
  "9": {
    "verseObjects": [
      {
        "type": "text",
        "text": "स्मरण रख कि तेरे परमेश्‍वर यहोवा ने, जब तुम मिस्र से निकलकर आ रहे थे, तब मार्ग में मिर्याम से क्या किया।\n"
      },
      {
        "tag": "p",
        "type": "paragraph",
        "text": "\n"
      },
      {
        "tag": "s5",
        "type": "section",
        "text": "\n"
      }
    ]
  },
  "10": {
    "verseObjects": [
      {
        "type": "text",
        "text": "“जब तू अपने किसी भाई को कुछ उधार दे, तब बन्धक की वस्तु लेने के लिये उसके घर के भीतर न घुसना।\n"
      }
    ]
  },
  "11": {
    "verseObjects": [
      {
        "type": "text",
        "text": "तू बाहर खड़ा रहना, और जिसको तू उधार दे वही बन्धक की वस्तु को तेरे पास बाहर ले आए।\n"
      },
      {
        "tag": "s5",
        "type": "section",
        "text": "\n"
      }
    ]
  },
  "12": {
    "verseObjects": [
      {
        "type": "text",
        "text": "और यदि वह मनुष्य कंगाल हो, तो उसका बन्धक अपने पास रखे हुए न सोना;\n"
      }
    ]
  },
  "13": {
    "verseObjects": [
      {
        "type": "text",
        "text": "सूर्य अस्त होते-होते उसे वह बन्धक अवश्य फेर देना, इसलिए कि वह अपना ओढ़ना ओढ़कर सो सके और तुझे आशीर्वाद दे; और यह तेरे परमेश्‍वर यहोवा की दृष्टि में धार्मिकता का काम ठहरेगा।\n"
      },
      {
        "tag": "p",
        "type": "paragraph",
        "text": "\n"
      },
      {
        "tag": "s5",
        "type": "section",
        "text": "\n"
      }
    ]
  },
  "14": {
    "verseObjects": [
      {
        "type": "text",
        "text": "“कोई मजदूर जो दीन और कंगाल हो, चाहे वह तेरे भाइयों में से हो चाहे तेरे देश के फाटकों के भीतर रहनेवाले परदेशियों में से हो, उस पर अंधेर न करना;\n"
      }
    ]
  },
  "15": {
    "verseObjects": [
      {
        "type": "text",
        "text": "यह जानकर कि वह दीन है और उसका मन मजदूरी में लगा रहता है, मजदूरी करने ही के दिन सूर्यास्त से पहले तू उसकी मजदूरी देना; ऐसा न हो कि वह तेरे कारण यहोवा की दुहाई दे, और तू पापी ठहरे। (मत्ती 20:8)\n"
      },
      {
        "tag": "p",
        "type": "paragraph",
        "text": "\n"
      },
      {
        "tag": "s5",
        "type": "section",
        "text": "\n"
      }
    ]
  },
  "16": {
    "verseObjects": [
      {
        "type": "text",
        "text": "“पुत्र के कारण पिता न मार डाला जाए, और न पिता के कारण पुत्र मार डाला जाए; जिसने पाप किया हो वही उस पाप के कारण मार डाला जाए*।\n"
      },
      {
        "tag": "p",
        "type": "paragraph",
        "text": "\n"
      },
      {
        "tag": "s5",
        "type": "section",
        "text": "\n"
      }
    ]
  },
  "17": {
    "verseObjects": [
      {
        "type": "text",
        "text": "“किसी परदेशी मनुष्य या अनाथ बालक का न्याय न बिगाड़ना, और न किसी विधवा के कपड़े को बन्धक रखना;\n"
      }
    ]
  },
  "18": {
    "verseObjects": [
      {
        "type": "text",
        "text": "और इसको स्मरण रखना कि तू मिस्र में दास था, और तेरा परमेश्‍वर यहोवा तुझे वहाँ से छुड़ा लाया है; इस कारण मैं तुझे यह आज्ञा देता हूँ।\n"
      },
      {
        "tag": "p",
        "type": "paragraph",
        "text": "\n"
      },
      {
        "tag": "s5",
        "type": "section",
        "text": "\n"
      }
    ]
  },
  "19": {
    "verseObjects": [
      {
        "type": "text",
        "text": "“जब तू अपने पक्के खेत को काटे, और एक पूला खेत में भूल से छूट जाए, तो उसे लेने को फिर न लौट जाना; वह परदेशी, अनाथ, और विधवा के लिये पड़ा रहे; इसलिए कि परमेश्‍वर यहोवा तेरे सब कामों में तुझको आशीष दे।\n"
      }
    ]
  },
  "20": {
    "verseObjects": [
      {
        "type": "text",
        "text": "जब तू अपने जैतून के वृक्ष को झाड़े, तब डालियों को दूसरी बार न झाड़ना; वह परदेशी, अनाथ, और विधवा के लिये रह जाए।\n"
      },
      {
        "tag": "s5",
        "type": "section",
        "text": "\n"
      }
    ]
  },
  "21": {
    "verseObjects": [
      {
        "type": "text",
        "text": "जब तू अपनी दाख की बारी के फल तोड़े, तो उसका दाना-दाना न तोड़ लेना; वह परदेशी, अनाथ और विधवा के लिये रह जाए।\n"
      }
    ]
  },
  "22": {
    "verseObjects": [
      {
        "type": "text",
        "text": "और इसको स्मरण रखना कि तू मिस्र देश में दास था; इस कारण मैं तुझे यह आज्ञा देता हूँ।\n\n"
      },
      {
        "tag": "s5",
        "type": "section",
        "text": "\n"
      }
    ]
  },
  "front": {
    "verseObjects": [
      {
        "tag": "s",
        "type": "section",
        "text": "तलाक और पुनर्विवाह\n"
      },
      {
        "tag": "p",
        "type": "paragraph",
        "text": "\n"
      }
    ]
  }
}