{
  "1": {
    "verseObjects": [
      {
        "type": "text",
        "text": "जो आशीर्वाद परमेश्‍वर के जन* मूसा ने अपनी मृत्यु से पहले इस्राएलियों को दिया वह यह है।\n"
      }
    ]
  },
  "2": {
    "verseObjects": [
      {
        "type": "text",
        "text": "उसने कहा,\n"
      },
      {
        "tag": "q",
        "type": "quote",
        "text": "“यहोवा सीनै से आया, और सेईर से उनके लिये उदय हुआ;\n"
      },
      {
        "tag": "q",
        "type": "quote",
        "text": "उसने पारान पर्वत पर से अपना तेज दिखाया,\n"
      },
      {
        "tag": "q",
        "type": "quote",
        "text": "और लाखों पवित्रों के मध्य में से आया,\n"
      },
      {
        "tag": "q",
        "type": "quote",
        "text": "उसके दाहिने हाथ से उनके लिये ज्वालामय विधियाँ निकलीं। (यूह. 1:4)\n"
      },
      {
        "tag": "q",
        "nextChar": "\n",
        "type": "quote"
      },
      {
        "tag": "s5",
        "nextChar": "\n",
        "type": "section"
      }
    ]
  },
  "3": {
    "verseObjects": [
      {
        "type": "text",
        "text": "वह निश्चय लोगों से प्रेम करता है;\n"
      },
      {
        "tag": "q",
        "type": "quote",
        "text": "उसके सब पवित्र लोग तेरे हाथ में हैं;\n"
      },
      {
        "tag": "q",
        "type": "quote",
        "text": "वे तेरे पाँवों के पास बैठे रहते हैं,\n"
      },
      {
        "tag": "q",
        "type": "quote",
        "text": "एक-एक तेरे वचनों से लाभ उठाता है। (इफि. 1:8)\n"
      },
      {
        "tag": "q",
        "nextChar": "\n",
        "type": "quote"
      }
    ]
  },
  "4": {
    "verseObjects": [
      {
        "type": "text",
        "text": "मूसा ने हमें व्यवस्था दी, और वह याकूब की मण्डली का निज भाग ठहरी।\n"
      },
      {
        "tag": "q",
        "nextChar": "\n",
        "type": "quote"
      },
      {
        "tag": "s5",
        "nextChar": "\n",
        "type": "section"
      }
    ]
  },
  "5": {
    "verseObjects": [
      {
        "type": "text",
        "text": "जब प्रजा के मुख्य-मुख्य पुरुष, और इस्राएल के सभी गोत्र एक संग होकर एकत्रित हुए,\n"
      },
      {
        "tag": "q",
        "type": "quote",
        "text": "तब वह यशूरून में राजा ठहरा।\n"
      },
      {
        "tag": "s",
        "type": "section",
        "content": "रूबेन को आशीर्वाद\n"
      },
      {
        "tag": "p",
        "nextChar": "\n",
        "type": "paragraph"
      }
    ]
  },
  "6": {
    "verseObjects": [
      {
        "type": "text",
        "text": "“रूबेन न मरे, वरन् जीवित रहे, तो भी उसके यहाँ के मनुष्य थोड़े हों।” \n"
      },
      {
        "tag": "s",
        "type": "section",
        "content": "यहूदा को आशीर्वाद\n"
      },
      {
        "tag": "p",
        "nextChar": "\n",
        "type": "paragraph"
      },
      {
        "tag": "s5",
        "nextChar": "\n",
        "type": "section"
      }
    ]
  },
  "7": {
    "verseObjects": [
      {
        "type": "text",
        "text": "और यहूदा पर यह आशीर्वाद हुआ जो मूसा ने कहा,\n"
      },
      {
        "tag": "q",
        "type": "quote",
        "text": "“हे यहोवा तू यहूदा की सुन,\n"
      },
      {
        "tag": "q",
        "type": "quote",
        "text": "और उसे उसके लोगों के पास पहुँचा*।\n"
      },
      {
        "tag": "q",
        "type": "quote",
        "text": "वह अपने लिये आप अपने हाथों से लड़ा,\n"
      },
      {
        "tag": "q",
        "type": "quote",
        "text": "और तू ही उसके द्रोहियों के विरुद्ध उसका सहायक हो।” \n"
      },
      {
        "tag": "s",
        "type": "section",
        "content": "लेवी को आशीर्वाद\n"
      },
      {
        "tag": "p",
        "nextChar": "\n",
        "type": "paragraph"
      },
      {
        "tag": "s5",
        "nextChar": "\n",
        "type": "section"
      }
    ]
  },
  "8": {
    "verseObjects": [
      {
        "type": "text",
        "text": "फिर लेवी के विषय में उसने कहा,\n"
      },
      {
        "tag": "q",
        "type": "quote",
        "text": "“तेरे तुम्मीम और ऊरीम तेरे भक्त के पास हैं, जिसको तूने मस्सा में परख लिया,\n"
      },
      {
        "tag": "q",
        "type": "quote",
        "text": "और जिसके साथ मरीबा नामक सोते पर तेरा वाद-विवाद हुआ;\n"
      },
      {
        "tag": "q",
        "nextChar": "\n",
        "type": "quote"
      },
      {
        "tag": "s5",
        "nextChar": "\n",
        "type": "section"
      }
    ]
  },
  "9": {
    "verseObjects": [
      {
        "type": "text",
        "text": "उसने तो अपने माता-पिता के विषय में कहा, ‘मैं उनको नहीं जानता;’ \n"
      },
      {
        "tag": "q",
        "type": "quote",
        "text": "और न तो उसने अपने भाइयों को अपना माना, और न अपने पुत्रों को पहचाना।\n"
      },
      {
        "tag": "q",
        "type": "quote",
        "text": "क्योंकि उन्होंने तेरी बातें मानीं, और वे तेरी वाचा का पालन करते हैं। (मत्ती 10:37)\n"
      },
      {
        "tag": "q",
        "nextChar": "\n",
        "type": "quote"
      },
      {
        "tag": "s5",
        "nextChar": "\n",
        "type": "section"
      }
    ]
  },
  "10": {
    "verseObjects": [
      {
        "type": "text",
        "text": "वे याकूब को तेरे नियम, और इस्राएल को तेरी व्यवस्था सिखाएँगे;\n"
      },
      {
        "tag": "q",
        "type": "quote",
        "text": "और तेरे आगे धूप और तेरी वेदी पर सर्वांग पशु को होमबलि करेंगे।\n"
      },
      {
        "tag": "q",
        "nextChar": "\n",
        "type": "quote"
      },
      {
        "tag": "s5",
        "nextChar": "\n",
        "type": "section"
      }
    ]
  },
  "11": {
    "verseObjects": [
      {
        "type": "text",
        "text": "हे यहोवा, उसकी सम्पत्ति पर आशीष दे, और उसके हाथों की सेवा को ग्रहण कर;\n"
      },
      {
        "tag": "q",
        "type": "quote",
        "text": "उसके विरोधियों और बैरियों की कमर पर ऐसा मार, कि वे फिर न उठ सके।” \n"
      },
      {
        "tag": "s",
        "type": "section",
        "content": "बिन्यामीन को आशीर्वाद\n"
      },
      {
        "tag": "p",
        "nextChar": "\n",
        "type": "paragraph"
      },
      {
        "tag": "s5",
        "nextChar": "\n",
        "type": "section"
      }
    ]
  },
  "12": {
    "verseObjects": [
      {
        "type": "text",
        "text": "फिर उसने बिन्यामीन के विषय में कहा,\n"
      },
      {
        "tag": "q",
        "type": "quote",
        "text": "“यहोवा का वह प्रिय जन, उसके पास निडर वास करेगा;\n"
      },
      {
        "tag": "q",
        "type": "quote",
        "text": "और वह दिन भर उस पर छाया करेगा,\n"
      },
      {
        "tag": "q",
        "type": "quote",
        "text": "और वह उसके कंधों के बीच रहा करता है*।” (2 थिस्स. 2:13)\n"
      },
      {
        "tag": "s",
        "type": "section",
        "content": "यूसुफ को आशीर्वाद\n"
      },
      {
        "tag": "p",
        "nextChar": "\n",
        "type": "paragraph"
      },
      {
        "tag": "s5",
        "nextChar": "\n",
        "type": "section"
      }
    ]
  },
  "13": {
    "verseObjects": [
      {
        "type": "text",
        "text": "फिर यूसुफ के विषय में उसने कहा;\n"
      },
      {
        "tag": "q",
        "type": "quote",
        "text": "“इसका देश यहोवा से आशीष पाए\n"
      },
      {
        "tag": "q",
        "type": "quote",
        "text": "अर्थात् आकाश के अनमोल पदार्थ और ओस,\n"
      },
      {
        "tag": "q",
        "type": "quote",
        "text": "और वह गहरा जल जो नीचे है,\n"
      },
      {
        "tag": "q",
        "nextChar": "\n",
        "type": "quote"
      },
      {
        "tag": "s5",
        "nextChar": "\n",
        "type": "section"
      }
    ]
  },
  "14": {
    "verseObjects": [
      {
        "type": "text",
        "text": "और सूर्य के पकाए हुए अनमोल फल,\n"
      },
      {
        "tag": "q",
        "type": "quote",
        "text": "और जो अनमोल पदार्थ मौसम के उगाए उगते हैं,\n"
      },
      {
        "tag": "q",
        "nextChar": "\n",
        "type": "quote"
      }
    ]
  },
  "15": {
    "verseObjects": [
      {
        "type": "text",
        "text": "और प्राचीन पहाड़ों के उत्तम पदार्थ,\n"
      },
      {
        "tag": "q",
        "type": "quote",
        "text": "और सनातन पहाड़ियों के अनमोल पदार्थ,\n"
      },
      {
        "tag": "q",
        "nextChar": "\n",
        "type": "quote"
      },
      {
        "tag": "s5",
        "nextChar": "\n",
        "type": "section"
      }
    ]
  },
  "16": {
    "verseObjects": [
      {
        "type": "text",
        "text": "और पृथ्वी और जो अनमोल पदार्थ उसमें भरें हैं,\n"
      },
      {
        "tag": "q",
        "type": "quote",
        "text": "और जो झाड़ी में रहता था उसकी प्रसन्नता।\n"
      },
      {
        "tag": "q",
        "type": "quote",
        "text": "इन सभी के विषय में यूसुफ के सिर पर,\n"
      },
      {
        "tag": "q",
        "type": "quote",
        "text": "अर्थात् उसी के सिर के चाँद पर जो अपने भाइयों से अलग हुआ था आशीष ही आशीष फले।\n"
      },
      {
        "tag": "q",
        "nextChar": "\n",
        "type": "quote"
      },
      {
        "tag": "s5",
        "nextChar": "\n",
        "type": "section"
      }
    ]
  },
  "17": {
    "verseObjects": [
      {
        "type": "text",
        "text": "वह प्रतापी है, मानो गाय का पहलौठा है, और उसके सींग जंगली बैल के से हैं;\n"
      },
      {
        "tag": "q",
        "type": "quote",
        "text": "उनसे वह देश-देश के लोगों को, वरन् पृथ्वी के छोर तक के सब मनुष्यों को ढकेलेगा;\n"
      },
      {
        "tag": "q",
        "type": "quote",
        "text": "वे एप्रैम के लाखों-लाख, और मनश्शे के हजारों-हजार हैं।” \n"
      },
      {
        "tag": "s",
        "type": "section",
        "content": "जबूलून और इस्साकार को आशीर्वाद\n"
      },
      {
        "tag": "p",
        "nextChar": "\n",
        "type": "paragraph"
      },
      {
        "tag": "s5",
        "nextChar": "\n",
        "type": "section"
      }
    ]
  },
  "18": {
    "verseObjects": [
      {
        "type": "text",
        "text": "फिर जबूलून के विषय में उसने कहा,\n"
      },
      {
        "tag": "q",
        "type": "quote",
        "text": "“हे जबूलून, तू बाहर निकलते समय,\n"
      },
      {
        "tag": "q",
        "type": "quote",
        "text": "और हे इस्साकार, तू अपने डेरों में आनन्द करे।\n"
      },
      {
        "tag": "q",
        "nextChar": "\n",
        "type": "quote"
      }
    ]
  },
  "19": {
    "verseObjects": [
      {
        "type": "text",
        "text": "वे देश-देश के लोगों को पहाड़ पर बुलाएँगे;\n"
      },
      {
        "tag": "q",
        "type": "quote",
        "text": "वे वहाँ धर्मयज्ञ करेंगे;\n"
      },
      {
        "tag": "q",
        "type": "quote",
        "text": "क्योंकि वे समुद्र का धन, और रेत में छिपे हुए अनमोल पदार्थ से लाभ उठाएँगे।” \n"
      },
      {
        "tag": "s",
        "type": "section",
        "content": "गाद को आशीर्वाद\n"
      },
      {
        "tag": "p",
        "nextChar": "\n",
        "type": "paragraph"
      },
      {
        "tag": "s5",
        "nextChar": "\n",
        "type": "section"
      }
    ]
  },
  "20": {
    "verseObjects": [
      {
        "type": "text",
        "text": "फिर गाद के विषय में उसने कहा,\n"
      },
      {
        "tag": "q",
        "type": "quote",
        "text": "“धन्य वह है जो गाद को बढ़ाता है!\n"
      },
      {
        "tag": "q",
        "type": "quote",
        "text": "गाद तो सिंहनी के समान रहता है,\n"
      },
      {
        "tag": "q",
        "type": "quote",
        "text": "और बाँह को, वरन् सिर के चाँद तक को फाड़ डालता है।\n"
      },
      {
        "tag": "q",
        "nextChar": "\n",
        "type": "quote"
      },
      {
        "tag": "s5",
        "nextChar": "\n",
        "type": "section"
      }
    ]
  },
  "21": {
    "verseObjects": [
      {
        "type": "text",
        "text": "और उसने पहला अंश तो अपने लिये चुन लिया,\n"
      },
      {
        "tag": "q",
        "type": "quote",
        "text": "क्योंकि वहाँ सरदार के योग्य भाग रखा हुआ था;\n"
      },
      {
        "tag": "q",
        "type": "quote",
        "text": "तब उसने प्रजा के मुख्य-मुख्य पुरुषों के संग आकर यहोवा का ठहराया हुआ धर्म,\n"
      },
      {
        "tag": "q",
        "type": "quote",
        "text": "और इस्राएल के साथ होकर उसके नियम का प्रतिपालन किया।” \n"
      },
      {
        "tag": "s",
        "type": "section",
        "content": "दान को आशीर्वाद\n"
      },
      {
        "tag": "p",
        "nextChar": "\n",
        "type": "paragraph"
      },
      {
        "tag": "s5",
        "nextChar": "\n",
        "type": "section"
      }
    ]
  },
  "22": {
    "verseObjects": [
      {
        "type": "text",
        "text": "फिर दान के विषय में उसने कहा,\n"
      },
      {
        "tag": "q",
        "type": "quote",
        "text": "“दान तो बाशान से कूदनेवाला सिंह का बच्चा है।” \n"
      },
      {
        "tag": "s",
        "type": "section",
        "content": "नप्ताली को आशीर्वाद\n"
      },
      {
        "tag": "p",
        "nextChar": "\n",
        "type": "paragraph"
      },
      {
        "tag": "s5",
        "nextChar": "\n",
        "type": "section"
      }
    ]
  },
  "23": {
    "verseObjects": [
      {
        "type": "text",
        "text": "फिर नप्ताली के विषय में उसने कहा,\n"
      },
      {
        "tag": "q",
        "type": "quote",
        "text": "“हे नप्ताली, तू जो यहोवा की प्रसन्नता से तृप्त,\n"
      },
      {
        "tag": "q",
        "type": "quote",
        "text": "और उसकी आशीष से भरपूर है,\n"
      },
      {
        "tag": "q",
        "type": "quote",
        "text": "तू पश्चिम और दक्षिण के देश का अधिकारी हो।” \n"
      },
      {
        "tag": "s",
        "type": "section",
        "content": "आशेर को आशीर्वाद\n"
      },
      {
        "tag": "p",
        "nextChar": "\n",
        "type": "paragraph"
      },
      {
        "tag": "s5",
        "nextChar": "\n",
        "type": "section"
      }
    ]
  },
  "24": {
    "verseObjects": [
      {
        "type": "text",
        "text": "फिर आशेर के विषय में उसने कहा,\n"
      },
      {
        "tag": "q",
        "type": "quote",
        "text": "“आशेर पुत्रों के विषय में आशीष पाए;\n"
      },
      {
        "tag": "q",
        "type": "quote",
        "text": "वह अपने भाइयों में प्रिय रहे,\n"
      },
      {
        "tag": "q",
        "type": "quote",
        "text": "और अपना पाँव तेल में डुबोए।\n"
      },
      {
        "tag": "q",
        "nextChar": "\n",
        "type": "quote"
      }
    ]
  },
  "25": {
    "verseObjects": [
      {
        "type": "text",
        "text": "तेरे जूते लोहे और पीतल के होंगे,\n"
      },
      {
        "tag": "q",
        "type": "quote",
        "text": "और जैसे तेरे दिन वैसी ही तेरी शक्ति हो।\n"
      },
      {
        "tag": "s",
        "type": "section",
        "content": "मूसा द्वारा परमेश्‍वर की स्तुति\n"
      },
      {
        "tag": "q",
        "nextChar": "\n",
        "type": "quote"
      },
      {
        "tag": "s5",
        "nextChar": "\n",
        "type": "section"
      }
    ]
  },
  "26": {
    "verseObjects": [
      {
        "type": "text",
        "text": "“हे यशूरून, परमेश्‍वर के तुल्य और कोई नहीं है,\n"
      },
      {
        "tag": "q",
        "type": "quote",
        "text": "वह तेरी सहायता करने को आकाश पर,\n"
      },
      {
        "tag": "q",
        "type": "quote",
        "text": "और अपना प्रताप दिखाता हुआ\n"
      },
      {
        "tag": "q",
        "type": "quote",
        "text": "आकाशमण्डल पर सवार होकर चलता है।\n"
      },
      {
        "tag": "q",
        "nextChar": "\n",
        "type": "quote"
      },
      {
        "tag": "s5",
        "nextChar": "\n",
        "type": "section"
      }
    ]
  },
  "27": {
    "verseObjects": [
      {
        "type": "text",
        "text": "अनादि परमेश्‍वर तेरा गृहधाम है,\n"
      },
      {
        "tag": "q",
        "type": "quote",
        "text": "और नीचे सनातन भुजाएँ हैं।\n"
      },
      {
        "tag": "q",
        "type": "quote",
        "text": "वह शत्रुओं को तेरे सामने से निकाल देता,\n"
      },
      {
        "tag": "q",
        "type": "quote",
        "text": "और कहता है, उनको सत्यानाश कर दे।\n"
      },
      {
        "tag": "q",
        "nextChar": "\n",
        "type": "quote"
      },
      {
        "tag": "s5",
        "nextChar": "\n",
        "type": "section"
      }
    ]
  },
  "28": {
    "verseObjects": [
      {
        "type": "text",
        "text": "और इस्राएल निडर बसा रहता है,\n"
      },
      {
        "tag": "q",
        "type": "quote",
        "text": "अन्न और नये दाखमधु के देश में याकूब का सोता अकेला ही रहता है;\n"
      },
      {
        "tag": "q",
        "type": "quote",
        "text": "और उसके ऊपर के आकाश से ओस पड़ा करती है।\n"
      },
      {
        "tag": "q",
        "nextChar": "\n",
        "type": "quote"
      },
      {
        "tag": "s5",
        "nextChar": "\n",
        "type": "section"
      }
    ]
  },
  "29": {
    "verseObjects": [
      {
        "type": "text",
        "text": "हे इस्राएल, तू क्या ही धन्य है!\n"
      },
      {
        "tag": "q",
        "type": "quote",
        "text": "हे यहोवा से उद्धार पाई हुई प्रजा, तेरे तुल्य कौन है?\n"
      },
      {
        "tag": "q",
        "type": "quote",
        "text": "वह तो तेरी सहायता के लिये ढाल, और तेरे प्रताप के लिये तलवार है;\n"
      },
      {
        "tag": "q",
        "type": "quote",
        "text": "तेरे शत्रु तुझे सराहेंगे,\n"
      },
      {
        "tag": "q",
        "type": "quote",
        "text": "और तू उनके ऊँचे स्थानों को रौंदेगा।” \n"
      },
      {
        "type": "text",
        "text": "\n"
      },
      {
        "tag": "s5",
        "nextChar": "\n",
        "type": "section"
      }
    ]
  },
  "front": {
    "verseObjects": [
      {
        "tag": "s",
        "type": "section",
        "content": "मूसा का इस्राएलियों को दिया हुआ आशीर्वाद\n"
      },
      {
        "tag": "p",
        "nextChar": "\n",
        "type": "paragraph"
      }
    ]
  }
}