{
  "1": {
    "verseObjects": [
      {
        "type": "text",
        "text": "मूसा ने सारे इस्राएलियों को बुलवाकर कहा, “हे इस्राएलियों, जो-जो विधि और नियम मैं आज तुम्हें सुनाता हूँ वे सुनो, इसलिए कि उन्हें सीखकर मानने में चौकसी करो।\n"
      }
    ]
  },
  "2": {
    "verseObjects": [
      {
        "type": "text",
        "text": "हमारे परमेश्‍वर यहोवा ने तो होरेब पर हम से वाचा बाँधी।\n"
      }
    ]
  },
  "3": {
    "verseObjects": [
      {
        "type": "text",
        "text": "इस वाचा को यहोवा ने हमारे पितरों से नहीं*, हम ही से बाँधा, जो यहाँ आज के दिन जीवित हैं।\n"
      },
      {
        "tag": "s5",
        "type": "section",
        "text": "\n"
      }
    ]
  },
  "4": {
    "verseObjects": [
      {
        "type": "text",
        "text": "यहोवा ने उस पर्वत पर आग के बीच में से तुम लोगों से आमने-सामने बातें की; (प्रेरि. 7:38)\n"
      }
    ]
  },
  "5": {
    "verseObjects": [
      {
        "type": "text",
        "text": "उस आग के डर के मारे तुम पर्वत पर न चढ़े, इसलिए मैं यहोवा के और तुम्हारे बीच उसका वचन तुम्हें बताने को खड़ा रहा। तब उसने कहा,\n"
      },
      {
        "tag": "b",
        "type": "paragraph",
        "text": "\n"
      },
      {
        "tag": "mi",
        "type": "paragraph",
        "text": "\n"
      }
    ]
  },
  "6": {
    "verseObjects": [
      {
        "type": "text",
        "text": "‘तेरा परमेश्‍वर यहोवा, जो तुझे दासत्व के घर अर्थात् मिस्र देश में से निकाल लाया है, वह मैं हूँ।\n"
      },
      {
        "tag": "li1",
        "content": "\n"
      },
      {
        "tag": "s5",
        "type": "section",
        "text": "\n"
      }
    ]
  },
  "7": {
    "verseObjects": [
      {
        "type": "text",
        "text": "‘मुझे छोड़ दूसरों को परमेश्‍वर करके न मानना।\n"
      },
      {
        "tag": "li1",
        "content": "\n"
      }
    ]
  },
  "8": {
    "verseObjects": [
      {
        "type": "text",
        "text": "‘तू अपने लिये कोई मूर्ति खोदकर न बनाना, न किसी की प्रतिमा बनाना जो आकाश में, या पृथ्वी पर, या पृथ्वी के जल में है;\n"
      },
      {
        "tag": "s5",
        "type": "section",
        "text": "\n"
      }
    ]
  },
  "9": {
    "verseObjects": [
      {
        "type": "text",
        "text": "तू उनको दण्डवत् न करना और न उनकी उपासना करना; क्योंकि मैं तेरा परमेश्‍वर यहोवा जलन रखनेवाला परमेश्‍वर हूँ, और जो मुझसे बैर रखते हैं उनके बेटों, पोतों, और परपोतों को पितरों का दण्ड दिया करता हूँ,\n"
      }
    ]
  },
  "10": {
    "verseObjects": [
      {
        "type": "text",
        "text": "और जो मुझसे प्रेम रखते और मेरी आज्ञाओं को मानते हैं उन हजारों पर करुणा किया करता हूँ।\n"
      },
      {
        "tag": "li1",
        "content": "\n"
      },
      {
        "tag": "s5",
        "type": "section",
        "text": "\n"
      }
    ]
  },
  "11": {
    "verseObjects": [
      {
        "type": "text",
        "text": "‘तू अपने परमेश्‍वर यहोवा का नाम व्यर्थ न लेना; क्योंकि जो यहोवा का नाम व्यर्थ ले वह उनको निर्दोष न ठहराएगा। (मत्ती 5:33)\n"
      },
      {
        "tag": "li1",
        "content": "\n"
      },
      {
        "tag": "s5",
        "type": "section",
        "text": "\n"
      }
    ]
  },
  "12": {
    "verseObjects": [
      {
        "type": "text",
        "text": "‘तू विश्रामदिन को मानकर पवित्र रखना, जैसे तेरे परमेश्‍वर यहोवा ने तुझे आज्ञा दी। (मर. 2:27)\n"
      }
    ]
  },
  "13": {
    "verseObjects": [
      {
        "type": "text",
        "text": "छः दिन तो परिश्रम करके अपना सारा काम-काज करना; (लूका 13:14)\n"
      }
    ]
  },
  "14": {
    "verseObjects": [
      {
        "type": "text",
        "text": "परन्तु सातवाँ दिन तेरे परमेश्‍वर यहोवा के लिये विश्रामदिन है; उसमें न तू किसी भाँति का काम-काज करना, न तेरा बेटा, न तेरी बेटी, न तेरा दास, न तेरी दासी, न तेरा बैल, न तेरा गदहा, न तेरा कोई पशु, न कोई परदेशी भी जो तेरे फाटकों के भीतर हो; जिससे तेरा दास और तेरी दासी भी तेरे समान विश्राम करे। (मत्ती 12:2, लूका 23:56)\n"
      },
      {
        "tag": "s5",
        "type": "section",
        "text": "\n"
      }
    ]
  },
  "15": {
    "verseObjects": [
      {
        "type": "text",
        "text": "और इस बात को स्मरण रखना कि मिस्र देश में तू आप दास था, और वहाँ से तेरा परमेश्‍वर यहोवा तुझे बलवन्त हाथ और बढ़ाई हुई भुजा के द्वारा निकाल लाया; इस कारण तेरा परमेश्‍वर यहोवा तुझे विश्रामदिन मानने की आज्ञा देता है।\n"
      },
      {
        "tag": "li1",
        "content": "\n"
      },
      {
        "tag": "s5",
        "type": "section",
        "text": "\n"
      }
    ]
  },
  "16": {
    "verseObjects": [
      {
        "type": "text",
        "text": "‘अपने पिता और अपनी माता का आदर करना, जैसे कि तेरे परमेश्‍वर यहोवा ने तुझे आज्ञा दी है; जिससे जो देश तेरा परमेश्‍वर यहोवा तुझे देता है उसमें तू बहुत दिन तक रहने पाए, और तेरा भला हो। (मत्ती15:4 मर. 7:10 मर. 10:19 इफिसियों 6:2-3)\n"
      },
      {
        "tag": "li1",
        "content": "\n"
      },
      {
        "tag": "s5",
        "type": "section",
        "text": "\n"
      }
    ]
  },
  "17": {
    "verseObjects": [
      {
        "type": "text",
        "text": "‘तू हत्या न करना। (मत्ती 5:21, याकूब. 2:11)\n"
      },
      {
        "tag": "li1",
        "content": "\n"
      }
    ]
  },
  "18": {
    "verseObjects": [
      {
        "type": "text",
        "text": "‘तू व्यभिचार न करना। (मत्ती 5:27, याकूब. 2:11, रोमियों. 7:7, रोमियों. 13:9)\n"
      },
      {
        "tag": "li1",
        "content": "\n"
      }
    ]
  },
  "19": {
    "verseObjects": [
      {
        "type": "text",
        "text": "‘तू चोरी न करना।\n"
      },
      {
        "tag": "li1",
        "content": "\n"
      }
    ]
  },
  "20": {
    "verseObjects": [
      {
        "type": "text",
        "text": "‘तू किसी के विरुद्ध झूठी साक्षी न देना। (लूका 18:20)\n"
      },
      {
        "tag": "li1",
        "content": "\n"
      },
      {
        "tag": "s5",
        "type": "section",
        "text": "\n"
      }
    ]
  },
  "21": {
    "verseObjects": [
      {
        "type": "text",
        "text": "‘तू न किसी की पत्‍नी का लालच करना, और न किसी के घर का लालच करना, न उसके खेत का, न उसके दास का, न उसकी दासी का, न उसके बैल या गदहे का, न उसकी किसी और वस्तु का लालच करना।’\n"
      },
      {
        "tag": "p",
        "type": "paragraph",
        "text": "\n"
      },
      {
        "tag": "s5",
        "type": "section",
        "text": "\n"
      }
    ]
  },
  "22": {
    "verseObjects": [
      {
        "type": "text",
        "text": "“यही वचन यहोवा ने उस पर्वत पर आग, और बादल, और घोर अंधकार के बीच में से तुम्हारी सारी मण्डली से पुकारकर कहा; और इससे अधिक और कुछ न कहा*। और उन्हें उसने पत्थर की दो पटियाओं पर लिखकर मुझे दे दिया।\n"
      },
      {
        "tag": "s",
        "type": "section",
        "text": "परमेश्‍वर के तेज से लोगों का भयभीत होना\n"
      },
      {
        "tag": "p",
        "type": "paragraph",
        "text": "\n"
      },
      {
        "tag": "s5",
        "type": "section",
        "text": "\n"
      }
    ]
  },
  "23": {
    "verseObjects": [
      {
        "type": "text",
        "text": "“जब पर्वत आग से दहक रहा था, और तुमने उस शब्द को अंधियारे के बीच में से आते सुना, तब तुम और तुम्हारे गोत्रों के सब मुख्य-मुख्य पुरुष और तुम्हारे पुरनिए मेरे पास आए; (इब्रा. 12:19)\n"
      }
    ]
  },
  "24": {
    "verseObjects": [
      {
        "type": "text",
        "text": "और तुम कहने लगे, ‘हमारे परमेश्‍वर यहोवा ने हमको अपना तेज और अपनी महिमा दिखाई है, और हमने उसका शब्द आग के बीच में से आते हुए सुना; आज हमने देख लिया कि यद्यपि परमेश्‍वर मनुष्य से बातें करता है तो भी मनुष्य जीवित रहता है। (निर्ग. :19:19)\n"
      },
      {
        "tag": "s5",
        "type": "section",
        "text": "\n"
      }
    ]
  },
  "25": {
    "verseObjects": [
      {
        "type": "text",
        "text": "अब हम क्यों मर जाएँ? क्योंकि ऐसी बड़ी आग से हम भस्म हो जाएँगे; और यदि हम अपने परमेश्‍वर यहोवा का शब्द फिर सुनें, तब तो मर ही जाएँगे। (इब्रा. 12:19)\n"
      }
    ]
  },
  "26": {
    "verseObjects": [
      {
        "type": "text",
        "text": "क्योंकि सारे प्राणियों में से कौन ऐसा है जो हमारे समान जीवित और अग्नि के बीच में से बोलते हुए परमेश्‍वर का शब्द सुनकर जीवित बचा रहे? (व्य. 4:33)\n"
      }
    ]
  },
  "27": {
    "verseObjects": [
      {
        "type": "text",
        "text": "इसलिए तू समीप जा, और जो कुछ हमारा परमेश्‍वर यहोवा कहे उसे सुन ले; फिर जो कुछ हमारा परमेश्‍वर यहोवा कहे उसे हम से कहना; और हम उसे सुनेंगे और उसे मानेंगे।’\n"
      },
      {
        "tag": "s",
        "type": "section",
        "text": "परमेश्‍वर का मूसा से बात करना\n"
      },
      {
        "tag": "p",
        "type": "paragraph",
        "text": "\n"
      },
      {
        "tag": "s5",
        "type": "section",
        "text": "\n"
      }
    ]
  },
  "28": {
    "verseObjects": [
      {
        "type": "text",
        "text": "“जब तुम मुझसे ये बातें कह रहे थे तब यहोवा ने तुम्हारी बातें सुनीं; तब उसने मुझसे कहा, ‘इन लोगों ने जो-जो बातें तुझ से कही हैं मैंने सुनी हैं; इन्होंने जो कुछ कहा वह ठीक ही कहा।\n"
      }
    ]
  },
  "29": {
    "verseObjects": [
      {
        "type": "text",
        "text": "भला होता कि उनका मन सदैव ऐसा ही बना रहे, कि वे मेरा भय मानते हुए मेरी सब आज्ञाओं पर चलते रहें, जिससे उनकी और उनके वंश की सदैव भलाई होती रहे!\n"
      }
    ]
  },
  "30": {
    "verseObjects": [
      {
        "type": "text",
        "text": "इसलिए तू जाकर उनसे कह दे, कि अपने-अपने डेरों को लौट जाओ।\n"
      },
      {
        "tag": "s5",
        "type": "section",
        "text": "\n"
      }
    ]
  },
  "31": {
    "verseObjects": [
      {
        "type": "text",
        "text": "परन्तु तू यहीं मेरे पास खड़ा रह, और मैं वे सारी आज्ञाएँ और विधियाँ और नियम जिन्हें तुझे उनको सिखाना होगा तुझ से कहूँगा, जिससे वे उन्हें उस देश में जिसका अधिकार मैं उन्हें देने पर हूँ मानें।’ (गल. 3:19)\n"
      },
      {
        "tag": "s5",
        "type": "section",
        "text": "\n"
      }
    ]
  },
  "32": {
    "verseObjects": [
      {
        "type": "text",
        "text": "इसलिए तुम अपने परमेश्‍वर यहोवा की आज्ञा के अनुसार करने में चौकसी करना; न तो दाएँ मुड़ना और न बाएँ।\n"
      }
    ]
  },
  "33": {
    "verseObjects": [
      {
        "type": "text",
        "text": "जिस मार्ग पर चलने की आज्ञा तुम्हारे परमेश्‍वर यहोवा ने तुम को दी है उस सारे मार्ग पर चलते रहो, कि तुम जीवित रहो, और तुम्हारा भला हो, और जिस देश के तुम अधिकारी होंगे उसमें तुम बहुत दिनों के लिये बने रहो। (लूका 1:6)\n\n"
      },
      {
        "tag": "s5",
        "type": "section",
        "text": "\n"
      }
    ]
  },
  "front": {
    "verseObjects": [
      {
        "tag": "s",
        "type": "section",
        "text": "दस आज्ञाएँ\n"
      },
      {
        "tag": "p",
        "type": "paragraph",
        "text": "\n"
      }
    ]
  }
}