{
  "1": {
    "verseObjects": [
      {
        "type": "text",
        "text": "“फिर जब तेरा परमेश्‍वर यहोवा तुझे उस देश में जिसके अधिकारी होने को तू जाने पर है पहुँचाए, और तेरे सामने से हित्ती, गिर्गाशी, एमोरी, कनानी, परिज्जी, हिव्वी, और यबूसी नामक, बहुत सी जातियों को अर्थात् तुम से बड़ी और सामर्थी सातों जातियों को निकाल दे, (प्रेरि. 13:19)\n"
      },
      {
        "tag": "s5",
        "nextChar": "\n",
        "type": "section"
      }
    ]
  },
  "2": {
    "verseObjects": [
      {
        "type": "text",
        "text": "और तेरा परमेश्‍वर यहोवा उन्हें तेरे द्वारा हरा दे, और तू उन पर जय प्राप्त कर ले; तब उन्हें पूरी रीति से नष्ट कर डालना; उनसे न वाचा बाँधना, और न उन पर दया करना।\n"
      }
    ]
  },
  "3": {
    "verseObjects": [
      {
        "type": "text",
        "text": "और न उनसे ब्याह शादी करना, न तो अपनी बेटी उनके बेटे को ब्याह देना, और न उनकी बेटी को अपने बेटे के लिये ब्याह लेना।\n"
      },
      {
        "tag": "s5",
        "nextChar": "\n",
        "type": "section"
      }
    ]
  },
  "4": {
    "verseObjects": [
      {
        "type": "text",
        "text": "क्योंकि वे तेरे बेटे को मेरे पीछे चलने से बहकाएँगी, और दूसरे देवताओं की उपासना करवाएँगी; और इस कारण यहोवा का कोप तुम पर भड़क उठेगा, और वह तेरा शीघ्र सत्यानाश कर डालेगा।\n"
      }
    ]
  },
  "5": {
    "verseObjects": [
      {
        "type": "text",
        "text": "उन लोगों से ऐसा बर्ताव करना, कि उनकी वेदियों को ढा देना, उनकी लाठों को तोड़ डालना, उनकी अशेरा नामक मूर्तियों को काट काटकर गिरा देना, और उनकी खुदी हुई मूर्तियों को आग में जला देना।\n"
      },
      {
        "tag": "s5",
        "nextChar": "\n",
        "type": "section"
      }
    ]
  },
  "6": {
    "verseObjects": [
      {
        "type": "text",
        "text": "क्योंकि तू अपने परमेश्‍वर यहोवा की पवित्र प्रजा है; यहोवा ने पृथ्वी भर के सब देशों के लोगों में से तुझको चुन लिया है कि तू उसकी प्रजा और निज भाग ठहरे।\n"
      },
      {
        "tag": "s5",
        "nextChar": "\n",
        "type": "section"
      }
    ]
  },
  "7": {
    "verseObjects": [
      {
        "type": "text",
        "text": "यहोवा ने जो तुम से स्नेह करके तुम को चुन लिया, इसका कारण यह नहीं था कि तुम गिनती में और सब देशों के लोगों से अधिक थे, किन्तु तुम तो सब देशों के लोगों से गिनती में थोड़े थे*;\n"
      }
    ]
  },
  "8": {
    "verseObjects": [
      {
        "type": "text",
        "text": "यहोवा ने जो तुम को बलवन्त हाथ के द्वारा दासत्व के घर में से, और मिस्र के राजा फ़िरौन के हाथ से छुड़ाकर निकाल लाया, इसका यही कारण है कि वह तुम से प्रेम रखता है, और उस शपथ को भी पूरी करना चाहता है जो उसने तुम्हारे पूर्वजों से खाई थी।\n"
      },
      {
        "tag": "s5",
        "nextChar": "\n",
        "type": "section"
      }
    ]
  },
  "9": {
    "verseObjects": [
      {
        "type": "text",
        "text": "इसलिए जान ले कि तेरा परमेश्‍वर यहोवा ही परमेश्‍वर है, वह विश्वासयोग्य परमेश्‍वर है; जो उससे प्रेम रखते और उसकी आज्ञाएँ मानते हैं उनके साथ वह हजार पीढ़ी तक अपनी वाचा का पालन करता, और उन पर करुणा करता रहता है;\n"
      }
    ]
  },
  "10": {
    "verseObjects": [
      {
        "type": "text",
        "text": "और जो उससे बैर रखते हैं, वह उनके देखते उनसे बदला लेकर नष्ट कर डालता है; अपने बैरी के विषय वह विलम्ब न करेगा, उसके देखते ही उससे बदला लेगा।\n"
      }
    ]
  },
  "11": {
    "verseObjects": [
      {
        "type": "text",
        "text": "इसलिए इन आज्ञाओं, विधियों, और नियमों को, जो मैं आज तुझे चिताता हूँ, मानने में चौकसी करना।\n"
      },
      {
        "tag": "s",
        "type": "section",
        "content": "आज्ञाकारिता की आशीषें\n"
      },
      {
        "tag": "p",
        "nextChar": "\n",
        "type": "paragraph"
      },
      {
        "tag": "s5",
        "nextChar": "\n",
        "type": "section"
      }
    ]
  },
  "12": {
    "verseObjects": [
      {
        "type": "text",
        "text": "“और तुम जो इन नियमों को सुनकर मानोगे और इन पर चलोगे, तो तेरा परमेश्‍वर यहोवा भी उस करुणामय वाचा का पालन करेगा जिसे उसने तेरे पूर्वजों से शपथ खाकर बाँधी थी;\n"
      }
    ]
  },
  "13": {
    "verseObjects": [
      {
        "type": "text",
        "text": "और वह तुझ से प्रेम रखेगा, और तुझे आशीष देगा, और गिनती में बढ़ाएगा; और जो देश उसने तेरे पूर्वजों से शपथ खाकर तुझे देने को कहा है उसमें वह तेरी सन्तान पर, और अन्न, नये दाखमधु, और टटके तेल आदि, भूमि की उपज पर आशीष दिया करेगा, और तेरी गाय-बैल और भेड़-बकरियों की बढ़ती करेगा।\n"
      },
      {
        "tag": "s5",
        "nextChar": "\n",
        "type": "section"
      }
    ]
  },
  "14": {
    "verseObjects": [
      {
        "type": "text",
        "text": "तू सब देशों के लोगों से अधिक धन्य होगा; तेरे बीच में न पुरुष न स्त्री निर्वंश होगी, और तेरे पशुओं में भी ऐसा कोई न होगा।\n"
      }
    ]
  },
  "15": {
    "verseObjects": [
      {
        "type": "text",
        "text": "और यहोवा तुझ से सब प्रकार के रोग दूर करेगा; और मिस्र की बुरी-बुरी व्याधियाँ जिन्हें तू जानता है उनमें से किसी को भी तुझे लगने न देगा, ये सब तेरे बैरियों ही को लगेंगे।\n"
      },
      {
        "tag": "s5",
        "nextChar": "\n",
        "type": "section"
      }
    ]
  },
  "16": {
    "verseObjects": [
      {
        "type": "text",
        "text": "और देश-देश के जितने लोगों को तेरा परमेश्‍वर यहोवा तेरे वश में कर देगा, तू उन सभी को सत्यानाश करना; उन पर तरस की दृष्टि न करना, और न उनके देवताओं की उपासना करना, नहीं तो तू फंदे में फंस जाएगा।\n"
      },
      {
        "tag": "p",
        "nextChar": "\n",
        "type": "paragraph"
      },
      {
        "tag": "s5",
        "nextChar": "\n",
        "type": "section"
      }
    ]
  },
  "17": {
    "verseObjects": [
      {
        "type": "text",
        "text": "“यदि तू अपने मन में सोचे, कि वे जातियाँ जो मुझसे अधिक हैं; तो मैं उनको कैसे देश से निकाल सकूँगा?\n"
      }
    ]
  },
  "18": {
    "verseObjects": [
      {
        "type": "text",
        "text": "तो भी उनसे न डरना, जो कुछ तेरे परमेश्‍वर यहोवा ने फ़िरौन से और सारे मिस्र से किया उसे भली भाँति स्मरण रखना।\n"
      }
    ]
  },
  "19": {
    "verseObjects": [
      {
        "type": "text",
        "text": "जो बड़े-बड़े परीक्षा के काम तूने अपनी आँखों से देखे, और जिन चिन्हों, और चमत्कारों, और जिस बलवन्त हाथ, और बढ़ाई हुई भुजा के द्वारा तेरा परमेश्‍वर यहोवा तुझको निकाल लाया, उनके अनुसार तेरा परमेश्‍वर यहोवा उन सब लोगों से भी जिनसे तू डरता है करेगा।\n"
      },
      {
        "tag": "s5",
        "nextChar": "\n",
        "type": "section"
      }
    ]
  },
  "20": {
    "verseObjects": [
      {
        "type": "text",
        "text": "इससे अधिक तेरा परमेश्‍वर यहोवा उनके बीच बर्रे भी भेजेगा, यहाँ तक कि उनमें से जो बचकर छिप जाएँगे वे भी तेरे सामने से नाश हो जाएँगे।\n"
      }
    ]
  },
  "21": {
    "verseObjects": [
      {
        "type": "text",
        "text": "उनसे भय न खाना; क्योंकि तेरा परमेश्‍वर यहोवा तेरे बीच में है, और वह महान और भययोग्य परमेश्‍वर है।\n"
      }
    ]
  },
  "22": {
    "verseObjects": [
      {
        "type": "text",
        "text": "तेरा परमेश्‍वर यहोवा उन जातियों को तेरे आगे से धीरे-धीरे निकाल देगा; तो तू एकदम से उनका अन्त न कर सकेगा, नहीं तो जंगली पशु बढ़कर तेरी हानि करेंगे।\n"
      },
      {
        "tag": "s5",
        "nextChar": "\n",
        "type": "section"
      }
    ]
  },
  "23": {
    "verseObjects": [
      {
        "type": "text",
        "text": "तो भी तेरा परमेश्‍वर यहोवा उनको तुझ से हरवा देगा, और जब तक वे सत्यानाश न हो जाएँ तब तक उनको अति व्याकुल करता रहेगा।\n"
      }
    ]
  },
  "24": {
    "verseObjects": [
      {
        "type": "text",
        "text": "और वह उनके राजाओं को तेरे हाथ में करेगा, और तू उनका भी नाम धरती पर से मिटा डालेगा; उनमें से कोई भी तेरे सामने खड़ा न रह सकेगा, और अन्त में तू उन्हें सत्यानाश कर डालेगा।\n"
      },
      {
        "tag": "s5",
        "nextChar": "\n",
        "type": "section"
      }
    ]
  },
  "25": {
    "verseObjects": [
      {
        "type": "text",
        "text": "उनके देवताओं की खुदी हुई मूर्तियाँ तुम आग में जला देना; जो चाँदी या सोना उन पर मढ़ा हो उसका लालच करके न ले लेना*, नहीं तो तू उसके कारण फंदे में फंसेगा; क्योंकि ऐसी वस्तुएँ तुम्हारे परमेश्‍वर यहोवा की दृष्टि में घृणित हैं।\n"
      }
    ]
  },
  "26": {
    "verseObjects": [
      {
        "type": "text",
        "text": "और कोई घृणित वस्तु अपने घर में न ले आना, नहीं तो तू भी उसके समान नष्ट हो जाने की वस्तु ठहरेगा; उसे सत्यानाश की वस्तु जानकर उससे घृणा करना और उसे कदापि न चाहना; क्योंकि वह अशुद्ध वस्तु है।\n\n"
      },
      {
        "tag": "s5",
        "nextChar": "\n",
        "type": "section"
      }
    ]
  },
  "front": {
    "verseObjects": [
      {
        "tag": "s",
        "type": "section",
        "content": "प्रभु की चुनी हुई प्रजा\n"
      },
      {
        "tag": "p",
        "nextChar": "\n",
        "type": "paragraph"
      }
    ]
  }
}