{
  "1": {
    "verseObjects": [
      {
        "type": "text",
        "text": "“हे इस्राएल, सुन, आज तू यरदन पार इसलिए जानेवाला है, कि ऐसी जातियों को जो तुझ से बड़ी और सामर्थी हैं, और ऐसे बड़े नगरों को जिनकी शहरपनाह आकाश से बातें करती हैं, अपने अधिकार में ले-ले।\n"
      }
    ]
  },
  "2": {
    "verseObjects": [
      {
        "type": "text",
        "text": "उनमें बड़े-बड़े और लम्बे-लम्बे लोग, अर्थात् अनाकवंशी रहते हैं, जिनका हाल तू जानता है, और उनके विषय में तूने यह सुना है, कि अनाकवंशियों के सामने कौन ठहर सकता है?\n"
      },
      {
        "tag": "s5",
        "nextChar": "\n",
        "type": "section"
      }
    ]
  },
  "3": {
    "verseObjects": [
      {
        "type": "text",
        "text": "इसलिए आज तू यह जान ले, कि जो तेरे आगे भस्म करनेवाली आग के समान पार जानेवाला है वह तेरा परमेश्‍वर यहोवा है; और वह उनका सत्यानाश करेगा, और वह उनको तेरे सामने दबा देगा; और तू यहोवा के वचन के अनुसार उनको उस देश से निकालकर शीघ्र ही नष्ट कर डालेगा*। (इब्रा. 12:29)\n"
      },
      {
        "tag": "p",
        "nextChar": "\n",
        "type": "paragraph"
      },
      {
        "tag": "s5",
        "nextChar": "\n",
        "type": "section"
      }
    ]
  },
  "4": {
    "verseObjects": [
      {
        "type": "text",
        "text": "“जब तेरा परमेश्‍वर यहोवा उन्हें तेरे सामने से निकाल देगा तब यह न सोचना, कि यहोवा तेरे धार्मिकता के कारण तुझे इस देश का अधिकारी होने को ले आया है, किन्तु उन जातियों की दुष्टता ही के कारण यहोवा उनको तेरे सामने से निकालता है। (रोमियों. 10:6)\n"
      },
      {
        "tag": "s5",
        "nextChar": "\n",
        "type": "section"
      }
    ]
  },
  "5": {
    "verseObjects": [
      {
        "type": "text",
        "text": "तू जो उनके देश का अधिकारी होने के लिये जा रहा है, इसका कारण तेरा धार्मिकता या मन की सिधाई नहीं है; तेरा परमेश्‍वर यहोवा जो उन जातियों को तेरे सामने से निकालता है, उसका कारण उनकी दुष्टता है, और यह भी कि जो वचन उसने अब्राहम, इसहाक, और याकूब, अर्थात् तेरे पूर्वजों को शपथ खाकर दिया था, उसको वह पूरा करना चाहता है।\n"
      },
      {
        "tag": "p",
        "nextChar": "\n",
        "type": "paragraph"
      },
      {
        "tag": "s5",
        "nextChar": "\n",
        "type": "section"
      }
    ]
  },
  "6": {
    "verseObjects": [
      {
        "type": "text",
        "text": "“इसलिए यह जान ले कि तेरा परमेश्‍वर यहोवा, जो तुझे वह अच्छा देश देता है कि तू उसका अधिकारी हो, उसे वह तेरे धार्मिकता के कारण नहीं दे रहा है; क्योंकि तू तो एक हठीली जाति है।\n"
      },
      {
        "tag": "s5",
        "nextChar": "\n",
        "type": "section"
      }
    ]
  },
  "7": {
    "verseObjects": [
      {
        "type": "text",
        "text": "इस बात का स्मरण रख और कभी भी न भूलना, कि जंगल में तूने किस-किस रीति से अपने परमेश्‍वर यहोवा को क्रोधित किया; और जिस दिन से तू मिस्र देश से निकला है जब तक तुम इस स्थान पर न पहुँचे तब तक तुम यहोवा से बलवा ही बलवा करते आए हो।\n"
      }
    ]
  },
  "8": {
    "verseObjects": [
      {
        "type": "text",
        "text": "फिर होरेब के पास भी तुमने यहोवा को क्रोधित किया, और वह क्रोधित होकर तुम्हें नष्ट करना चाहता था।\n"
      },
      {
        "tag": "s5",
        "nextChar": "\n",
        "type": "section"
      }
    ]
  },
  "9": {
    "verseObjects": [
      {
        "type": "text",
        "text": "जब मैं उस वाचा के पत्थर की पटियाओं को जो यहोवा ने तुम से बाँधी थी लेने के लिये पर्वत के ऊपर चढ़ गया, तब चालीस दिन और चालीस रात पर्वत ही के ऊपर रहा; और मैंने न तो रोटी खाई न पानी पिया।\n"
      }
    ]
  },
  "10": {
    "verseObjects": [
      {
        "type": "text",
        "text": "और यहोवा ने मुझे अपने ही हाथ की लिखी हुई पत्थर की दोनों पटियाओं को सौंप दिया, और वे ही वचन जिन्हें यहोवा ने पर्वत के ऊपर आग के मध्य में से सभा के दिन तुम से कहे थे वे सब उन पर लिखे हुए थे। (प्रेरि. 7:38, 2 कुरिन्थियों. 3:3)\n"
      },
      {
        "tag": "s5",
        "nextChar": "\n",
        "type": "section"
      }
    ]
  },
  "11": {
    "verseObjects": [
      {
        "type": "text",
        "text": "और चालीस दिन और चालीस रात के बीत जाने पर यहोवा ने पत्थर की वे दो वाचा की पटियाएँ मुझे दे दीं।\n"
      }
    ]
  },
  "12": {
    "verseObjects": [
      {
        "type": "text",
        "text": "और यहोवा ने मुझसे कहा, ‘उठ, यहाँ से झटपट नीचे जा; क्योंकि तेरी प्रजा के लोग जिनको तू मिस्र से निकालकर ले आया है वे बिगड़ गए हैं; जिस मार्ग पर चलने की आज्ञा मैंने उन्हें दी थी उसको उन्होंने झटपट छोड़ दिया है; अर्थात् उन्होंने तुरन्त अपने लिये एक मूर्ति ढालकर बना ली है।’\n"
      },
      {
        "tag": "p",
        "nextChar": "\n",
        "type": "paragraph"
      },
      {
        "tag": "s5",
        "nextChar": "\n",
        "type": "section"
      }
    ]
  },
  "13": {
    "verseObjects": [
      {
        "type": "text",
        "text": "“फिर यहोवा ने मुझसे यह भी कहा, ‘मैंने उन लोगों को देख लिया, वे हठीली जाति के लोग हैं;\n"
      }
    ]
  },
  "14": {
    "verseObjects": [
      {
        "type": "text",
        "text": "इसलिए अब मुझे तू मत रोक, ताकि मैं उन्हें नष्ट कर डालूँ, और धरती के ऊपर से उनका नाम या चिन्ह तक मिटा डालूँ, और मैं उनसे बढ़कर एक बड़ी और सामर्थी जाति तुझी से उत्‍पन्‍न करूँगा।\n"
      },
      {
        "tag": "s5",
        "nextChar": "\n",
        "type": "section"
      }
    ]
  },
  "15": {
    "verseObjects": [
      {
        "type": "text",
        "text": "तब मैं उलटे पैर पर्वत से नीचे उतर चला, और पर्वत अग्नि से दहक रहा था और मेरे दोनों हाथों में वाचा की दोनों पटियाएँ थीं।\n"
      }
    ]
  },
  "16": {
    "verseObjects": [
      {
        "type": "text",
        "text": "और मैंने देखा कि तुम ने अपने परमेश्‍वर यहोवा के विरुद्ध महापाप किया; और अपने लिये एक बछड़ा ढालकर बना लिया है, और तुरन्त उस मार्ग से जिस पर चलने की आज्ञा यहोवा ने तुम को दी थी उसको तुम ने तज दिया।\n"
      },
      {
        "tag": "s5",
        "nextChar": "\n",
        "type": "section"
      }
    ]
  },
  "17": {
    "verseObjects": [
      {
        "type": "text",
        "text": "तब मैंने उन दोनों पटियाओं को अपने दोनों हाथों से लेकर फेंक दिया, और तुम्हारी आँखों के सामने उनको तोड़ डाला।\n"
      }
    ]
  },
  "18": {
    "verseObjects": [
      {
        "type": "text",
        "text": "तब तुम्हारे उस महापाप के कारण जिसे करके तुम ने यहोवा की दृष्टि में बुराई की, और उसे रिस दिलाई थी, मैं यहोवा के सामने मुँह के बल गिर पड़ा*, और पहले के समान, अर्थात् चालीस दिन और चालीस रात तक, न तो रोटी खाई और न पानी पिया।\n"
      },
      {
        "tag": "s5",
        "nextChar": "\n",
        "type": "section"
      }
    ]
  },
  "19": {
    "verseObjects": [
      {
        "type": "text",
        "text": "मैं तो यहोवा के उस कोप और जलजलाहट से डर रहा था, क्योंकि वह तुम से अप्रसन्न होकर तुम्हारा सत्यानाश करने को था। परन्तु यहोवा ने उस बार भी मेरी सुन ली। (इब्रा. 12:21)\n"
      }
    ]
  },
  "20": {
    "verseObjects": [
      {
        "type": "text",
        "text": "और यहोवा हारून से इतना कोपित हुआ कि उसका भी सत्यानाश करना चाहा; परन्तु उसी समय मैंने हारून के लिये भी प्रार्थना की*।\n"
      },
      {
        "tag": "s5",
        "nextChar": "\n",
        "type": "section"
      }
    ]
  },
  "21": {
    "verseObjects": [
      {
        "type": "text",
        "text": "और मैंने वह बछड़ा जिसे बनाकर तुम पापी हो गए थे लेकर, आग में डालकर फूँक दिया; और फिर उसे पीस-पीसकर ऐसा चूर-चूरकर डाला कि वह धूल के समान जीर्ण हो गया; और उसकी उस राख को उस नदी में फेंक दिया जो पर्वत से निकलकर नीचे बहती थी।\n"
      },
      {
        "tag": "p",
        "nextChar": "\n",
        "type": "paragraph"
      },
      {
        "tag": "s5",
        "nextChar": "\n",
        "type": "section"
      }
    ]
  },
  "22": {
    "verseObjects": [
      {
        "type": "text",
        "text": "“फिर तबेरा, और मस्सा, और किब्रोतहत्तावा में भी तुमने यहोवा को रिस दिलाई थी।\n"
      }
    ]
  },
  "23": {
    "verseObjects": [
      {
        "type": "text",
        "text": "फिर जब यहोवा ने तुम को कादेशबर्ने से यह कहकर भेजा, ‘जाकर उस देश के जिसे मैंने तुम्हें दिया है अधिकारी हो जाओ,’ तब भी तुम ने अपने परमेश्‍वर यहोवा की आज्ञा के विरुद्ध बलवा किया, और न तो उसका विश्वास किया, और न उसकी बात ही मानी।\n"
      }
    ]
  },
  "24": {
    "verseObjects": [
      {
        "type": "text",
        "text": "जिस दिन से मैं तुम्हें जानता हूँ उस दिन से तुम यहोवा से बलवा ही करते आए हो।\n"
      },
      {
        "tag": "p",
        "nextChar": "\n",
        "type": "paragraph"
      },
      {
        "tag": "s5",
        "nextChar": "\n",
        "type": "section"
      }
    ]
  },
  "25": {
    "verseObjects": [
      {
        "type": "text",
        "text": "“मैं यहोवा के सामने चालीस दिन और चालीस रात मुँह के बल पड़ा रहा, क्योंकि यहोवा ने कह दिया था, कि वह तुम्हारा सत्यानाश करेगा।\n"
      }
    ]
  },
  "26": {
    "verseObjects": [
      {
        "type": "text",
        "text": "और मैंने यहोवा से यह प्रार्थना की, ‘हे प्रभु यहोवा, अपना प्रजारूपी निज भाग, जिनको तूने अपने महान प्रताप से छुड़ा लिया है, और जिनको तूने अपने बलवन्त हाथ से मिस्र से निकाल लिया है, उन्हें नष्ट न कर।\n"
      },
      {
        "tag": "s5",
        "nextChar": "\n",
        "type": "section"
      }
    ]
  },
  "27": {
    "verseObjects": [
      {
        "type": "text",
        "text": "अपने दास अब्राहम, इसहाक, और याकूब को स्मरण कर; और इन लोगों की हठ, और दुष्टता, और पाप पर दृष्टि न कर,\n"
      }
    ]
  },
  "28": {
    "verseObjects": [
      {
        "type": "text",
        "text": "जिससे ऐसा न हो कि जिस देश से तू हमको निकालकर ले आया है, वहाँ के लोग कहने लगें, कि यहोवा उन्हें उस देश में जिसके देने का वचन उनको दिया था नहीं पहुँचा सका, और उनसे बैर भी रखता था, इसी कारण उसने उन्हें जंगल में लाकर मार डाला है।\n"
      }
    ]
  },
  "29": {
    "verseObjects": [
      {
        "type": "text",
        "text": "ये लोग तेरी प्रजा और निज भाग हैं, जिनको तूने अपने बड़े सामर्थ्य और बलवन्त भुजा के द्वारा निकाल ले आया है।’\n\n"
      },
      {
        "tag": "s5",
        "nextChar": "\n",
        "type": "section"
      }
    ]
  },
  "front": {
    "verseObjects": [
      {
        "tag": "s",
        "type": "section",
        "content": "इस्राएल की अनाज्ञाकारिता का वर्णन\n"
      },
      {
        "tag": "p",
        "nextChar": "\n",
        "type": "paragraph"
      }
    ]
  }
}