{
  "1": {
    "verseObjects": [
      {
        "type": "text",
        "text": "It pleased Darius to appoint over the kingdom 120 provincial governors who would rule over all the kingdom.\n"
      }
    ]
  },
  "2": {
    "verseObjects": [
      {
        "type": "text",
        "text": "Over them there were three chief administrators, and Daniel was one of them. These chief administrators were appointed so that they might supervise the provincial governors, so that the king should suffer no loss.\n"
      }
    ]
  },
  "3": {
    "verseObjects": [
      {
        "type": "text",
        "text": "Daniel was distinguished above the other chief administrators and the provincial governors because he had an extraordinary spirit. The king was planning to put him over the whole kingdom.\n\n"
      },
      {
        "tag": "s5",
        "type": "section",
        "text": "\n"
      },
      {
        "tag": "p",
        "type": "paragraph",
        "text": "\n"
      }
    ]
  },
  "4": {
    "verseObjects": [
      {
        "type": "text",
        "text": "Then the other chief administrators and the provincial governors looked for mistakes in the work Daniel did for the kingdom, but they could find no corruption or failure in his duty because he was faithful. No mistakes or negligence was found in him.\n"
      }
    ]
  },
  "5": {
    "verseObjects": [
      {
        "type": "text",
        "text": "Then these men said, \"We cannot find any reason to complain against this Daniel unless we find something against him regarding the law of his God.\"\n\n"
      },
      {
        "tag": "s5",
        "type": "section",
        "text": "\n"
      }
    ]
  },
  "6": {
    "verseObjects": [
      {
        "type": "text",
        "text": "Then these administrators and governors brought a plan before the king. They said to him, \"King Darius, may you live forever!\n"
      }
    ]
  },
  "7": {
    "verseObjects": [
      {
        "type": "text",
        "text": "All the chief administrators of the kingdom, the regional governors, and the provincial governors, the advisors, and the governors have consulted together and decided that you, the king, should issue a decree and should enforce it, so that whoever makes a petition to any god or man for thirty days, except to you, king, that person must be thrown into the den of lions.\n\n"
      },
      {
        "tag": "s5",
        "type": "section",
        "text": "\n"
      }
    ]
  },
  "8": {
    "verseObjects": [
      {
        "type": "text",
        "text": "Now, King, issue a decree and sign the document so that it may not be changed, as directed by the laws of the Medes and Persians, so it cannot be repealed.\"\n"
      }
    ]
  },
  "9": {
    "verseObjects": [
      {
        "type": "text",
        "text": "So king Darius signed the document making the decree into a law.\n\n"
      },
      {
        "tag": "s5",
        "type": "section",
        "text": "\n"
      },
      {
        "tag": "p",
        "type": "paragraph",
        "text": "\n"
      }
    ]
  },
  "10": {
    "verseObjects": [
      {
        "type": "text",
        "text": "When Daniel learned that the document had been signed into law, he went into his house (now his windows were open in his upper room toward Jerusalem), and he got down on his knees, as he did three times a day, and prayed and gave thanks before his God, as he had done before.\n"
      }
    ]
  },
  "11": {
    "verseObjects": [
      {
        "type": "text",
        "text": "Then these men who had formed the plot together saw Daniel make requests and seek help from God.\n"
      },
      {
        "tag": "s5",
        "type": "section",
        "text": "\n"
      }
    ]
  },
  "12": {
    "verseObjects": [
      {
        "type": "text",
        "text": "Then they approached the king and spoke with him about his decree: \"Did you not make a decree that everyone who makes a petition to any god or human being during the next thirty days, except to you, king, must be throw into the den of lions?\" The king answered, \"The matter is settled, as directed by the law of the Medes and Persians; it cannot be repealed.\"\n\n"
      },
      {
        "tag": "s5",
        "type": "section",
        "text": "\n"
      }
    ]
  },
  "13": {
    "verseObjects": [
      {
        "type": "text",
        "text": "Then they replied to the king, \"That person Daniel, who is one of the people of the exile from Judah, pays no attention to you, king, or to the decree that you have signed. He prays to his God three times a day.\"\n"
      }
    ]
  },
  "14": {
    "verseObjects": [
      {
        "type": "text",
        "text": "When the king heard this, he was terribly distressed, and he applied his mind to rescue Daniel from this ruling. He labored until sunset to try to save Daniel.\n\n"
      },
      {
        "tag": "s5",
        "type": "section",
        "text": "\n"
      }
    ]
  },
  "15": {
    "verseObjects": [
      {
        "type": "text",
        "text": "Then these men who had formed the plot gathered together with the king and said to him, \"Know, king, that it is a law of the Medes and Persians, that no decree or statute that the king issues can be changed.\"\n\n"
      },
      {
        "tag": "s5",
        "type": "section",
        "text": "\n"
      },
      {
        "tag": "p",
        "type": "paragraph",
        "text": "\n"
      }
    ]
  },
  "16": {
    "verseObjects": [
      {
        "type": "text",
        "text": "Then the king gave an order, and they brought in Daniel, and they threw him into the lions' den. The king said to Daniel, \"May your God, whom you serve continually, rescue you.\"\n\n"
      },
      {
        "tag": "s5",
        "type": "section",
        "text": "\n"
      }
    ]
  },
  "17": {
    "verseObjects": [
      {
        "type": "text",
        "text": "A stone was brought over the entrance to the den, and the king sealed it with his own signet ring and with the signet rings of his nobles so that nothing might be changed concerning Daniel.\n"
      }
    ]
  },
  "18": {
    "verseObjects": [
      {
        "type": "text",
        "text": "Then the king went to his palace and he went through the night fasting. No entertainment was brought before him, and sleep fled from him.\n\n"
      },
      {
        "tag": "s5",
        "type": "section",
        "text": "\n"
      },
      {
        "tag": "p",
        "type": "paragraph",
        "text": "\n"
      }
    ]
  },
  "19": {
    "verseObjects": [
      {
        "type": "text",
        "text": "Then at daybreak the king got up and he quickly went to the lions' den.\n"
      }
    ]
  },
  "20": {
    "verseObjects": [
      {
        "type": "text",
        "text": "As he came near to the den, he called out to Daniel in a sad voice, saying to Daniel, \"Daniel, servant of the living God, has your God, whom you serve continually, been able to save you from the lions?\"\n\n"
      },
      {
        "tag": "s5",
        "type": "section",
        "text": "\n"
      }
    ]
  },
  "21": {
    "verseObjects": [
      {
        "type": "text",
        "text": "Then said Daniel to the king, \"King, live forever!\n"
      }
    ]
  },
  "22": {
    "verseObjects": [
      {
        "type": "text",
        "text": "My God has sent his messenger and has shut the lions' mouths, and they have not hurt me. For I was found blameless before him and also before you, king, and I have done you no harm.\"\n\n"
      },
      {
        "tag": "s5",
        "type": "section",
        "text": "\n"
      }
    ]
  },
  "23": {
    "verseObjects": [
      {
        "type": "text",
        "text": "Then the king was very happy. He gave an order that they should take Daniel up out of the den. So Daniel was lifted up out of the den. No harm was found on him, because he had trusted in his God.\n\n"
      },
      {
        "tag": "s5",
        "type": "section",
        "text": "\n"
      },
      {
        "tag": "p",
        "type": "paragraph",
        "text": "\n"
      }
    ]
  },
  "24": {
    "verseObjects": [
      {
        "type": "text",
        "text": "The king gave an order, and they brought those men who had accused Daniel and threw them into the den of lions—they, their children, and their wives. Before they reached the floor, the lions overpowered them and broke all their bones to pieces.\n"
      }
    ]
  },
  "25": {
    "verseObjects": [
      {
        "type": "text",
        "text": "Then King Darius wrote to all the peoples, nations, and languages that live in all the earth:\n"
      },
      {
        "tag": "q",
        "type": "quote",
        "text": "\"May peace increase for you.\n"
      },
      {
        "type": "text",
        "text": "\n"
      },
      {
        "tag": "s5",
        "type": "section",
        "text": "\n"
      }
    ]
  },
  "26": {
    "verseObjects": [
      {
        "type": "text",
        "text": "I hereby make a decree that in all the dominion of my kingdom men tremble and fear before the God of Daniel,\n"
      },
      {
        "tag": "q",
        "type": "quote",
        "text": "for he is the living God and lives forever,\n"
      },
      {
        "tag": "q",
        "type": "quote",
        "text": "and his kingdom shall not be destroyed;\n"
      },
      {
        "tag": "q",
        "type": "quote",
        "text": "his dominion shall be to the end. \n"
      },
      {
        "tag": "q",
        "type": "quote",
        "text": "\n"
      }
    ]
  },
  "27": {
    "verseObjects": [
      {
        "type": "text",
        "text": "He makes us safe and rescues us,\n"
      },
      {
        "tag": "q",
        "type": "quote",
        "text": "and he does signs and wonders\n"
      },
      {
        "tag": "q",
        "type": "quote",
        "text": "in heaven and in earth;\n"
      },
      {
        "tag": "q",
        "type": "quote",
        "text": "he has kept Daniel safe from the strength of the lions.\"\n"
      },
      {
        "type": "text",
        "text": "\n"
      },
      {
        "tag": "s5",
        "type": "section",
        "text": "\n"
      }
    ]
  },
  "28": {
    "verseObjects": [
      {
        "type": "text",
        "text": "So Daniel prospered during the reign of Darius and during the reign of Cyrus the Persian.\n\n"
      },
      {
        "tag": "s5",
        "type": "section",
        "text": "\n"
      }
    ]
  },
  "front": {
    "verseObjects": [
      {
        "tag": "p",
        "type": "paragraph",
        "text": "\n"
      }
    ]
  }
}