{
  "1": {
    "verseObjects": [
      {
        "type": "text",
        "text": "हे भाइयों, हम अपने प्रभु यीशु मसीह के आने, और उसके पास अपने इकट्ठे होने के विषय में तुम से विनती करते हैं।\n"
      }
    ]
  },
  "2": {
    "verseObjects": [
      {
        "type": "text",
        "text": "कि किसी आत्मा, या वचन, या पत्री के द्वारा जो कि मानो हमारी ओर से हो, यह समझकर कि प्रभु का दिन आ पहुँचा है, तुम्हारा मन अचानक अस्थिर न हो जाए; और न तुम घबराओ।\n"
      },
      {
        "tag": "p",
        "type": "paragraph",
        "text": "\n"
      },
      {
        "tag": "s5",
        "type": "section",
        "text": "\n"
      }
    ]
  },
  "3": {
    "verseObjects": [
      {
        "type": "text",
        "text": "किसी रीति से किसी के धोखे में न आना क्योंकि वह दिन न आएगा, जब तक विद्रोह नहीं होता, और वह अधर्मी पुरुष अर्थात् विनाश का पुत्र प्रगट न हो।\n"
      }
    ]
  },
  "4": {
    "verseObjects": [
      {
        "type": "text",
        "text": "जो विरोध करता है, और हर एक से जो परमेश्‍वर, या पूज्य कहलाता है, अपने आप को बड़ा ठहराता है, यहाँ तक कि वह परमेश्‍वर के मन्दिर में बैठकर अपने आप को परमेश्‍वर प्रगट करता है। (यहे. 28:2, दानि. 11:36-37)\n"
      },
      {
        "tag": "p",
        "type": "paragraph",
        "text": "\n"
      },
      {
        "tag": "s5",
        "type": "section",
        "text": "\n"
      }
    ]
  },
  "5": {
    "verseObjects": [
      {
        "type": "text",
        "text": "क्या तुम्हें स्मरण नहीं, कि जब मैं तुम्हारे यहाँ था, तो तुम से ये बातें कहा करता था?\n"
      }
    ]
  },
  "6": {
    "verseObjects": [
      {
        "type": "text",
        "text": "और अब तुम उस वस्तु को जानते हो, जो उसे रोक रही है, कि वह अपने ही समय में प्रगट हो।\n"
      }
    ]
  },
  "7": {
    "verseObjects": [
      {
        "type": "text",
        "text": "क्योंकि अधर्म का भेद अब भी कार्य करता जाता है, पर अभी एक रोकनेवाला है, और जब तक वह दूर न हो जाए, वह रोके रहेगा।\n"
      },
      {
        "tag": "p",
        "type": "paragraph",
        "text": "\n"
      },
      {
        "tag": "s5",
        "type": "section",
        "text": "\n"
      }
    ]
  },
  "8": {
    "verseObjects": [
      {
        "type": "text",
        "text": "तब वह अधर्मी प्रगट होगा, जिसे प्रभु यीशु अपने मुँह की फूँक से मार डालेगा*, और अपने आगमन के तेज से भस्म करेगा। (अय्यू. 4:9, यशा. 11:4)\n"
      }
    ]
  },
  "9": {
    "verseObjects": [
      {
        "type": "text",
        "text": "उस अधर्मी का आना शैतान के कार्य के अनुसार सब प्रकार की झूठी सामर्थ्य, चिन्ह, और अद्भुत काम के साथ।\n"
      }
    ]
  },
  "10": {
    "verseObjects": [
      {
        "type": "text",
        "text": "और नाश होनेवालों के लिये अधर्म के सब प्रकार के धोखे के साथ होगा; क्योंकि उन्होंने सत्य के प्रेम को ग्रहण नहीं किया जिससे उनका उद्धार होता।\n"
      },
      {
        "tag": "p",
        "type": "paragraph",
        "text": "\n"
      },
      {
        "tag": "s5",
        "type": "section",
        "text": "\n"
      }
    ]
  },
  "11": {
    "verseObjects": [
      {
        "type": "text",
        "text": "और इसी कारण परमेश्‍वर उनमें एक भटका देनेवाली सामर्थ्य को भेजेगा ताकि वे झूठ पर विश्वास करें*।\n"
      }
    ]
  },
  "12": {
    "verseObjects": [
      {
        "type": "text",
        "text": "और जितने लोग सत्य पर विश्वास नहीं करते, वरन् अधर्म से प्रसन्‍न होते हैं, सब दण्ड पाएँ।\n"
      },
      {
        "tag": "s",
        "type": "section",
        "text": "दृढ़ बने रहो\n"
      },
      {
        "tag": "p",
        "type": "paragraph",
        "text": "\n"
      },
      {
        "tag": "s5",
        "type": "section",
        "text": "\n"
      }
    ]
  },
  "13": {
    "verseObjects": [
      {
        "type": "text",
        "text": "पर हे भाइयों, और प्रभु के प्रिय लोगों चाहिये कि हम तुम्हारे विषय में सदा परमेश्‍वर का धन्यवाद करते रहें, कि परमेश्‍वर ने आदि से तुम्हें चुन लिया; कि आत्मा के द्वारा पवित्र बनकर, और सत्य पर विश्वास करके उद्धार पाओ। (इफि. 1:4-5, 1 पत. 1:1-5, व्य. 33:12)\n"
      }
    ]
  },
  "14": {
    "verseObjects": [
      {
        "type": "text",
        "text": "जिसके लिये उसने तुम्हें हमारे सुसमाचार के द्वारा बुलाया, कि तुम हमारे प्रभु यीशु मसीह की महिमा को प्राप्त करो।\n"
      }
    ]
  },
  "15": {
    "verseObjects": [
      {
        "type": "text",
        "text": "इसलिए, हे भाइयों, स्थिर रहो; और जो शिक्षा तुमने हमारे वचन या पत्र के द्वारा प्राप्त किया है, उन्हें थामे रहो।\n"
      },
      {
        "tag": "p",
        "type": "paragraph",
        "text": "\n"
      },
      {
        "tag": "s5",
        "type": "section",
        "text": "\n"
      }
    ]
  },
  "16": {
    "verseObjects": [
      {
        "type": "text",
        "text": "हमारा प्रभु यीशु मसीह आप ही, और हमारा पिता परमेश्‍वर जिस ने हम से प्रेम रखा, और अनुग्रह से अनन्त शान्ति और उत्तम आशा दी है।\n"
      }
    ]
  },
  "17": {
    "verseObjects": [
      {
        "type": "text",
        "text": "तुम्हारे मनों में शान्ति दे*, और तुम्हें हर एक अच्छे काम, और वचन में दृढ़ करे।।\n\n"
      },
      {
        "tag": "s5",
        "type": "section",
        "text": "\n"
      }
    ]
  },
  "front": {
    "verseObjects": [
      {
        "tag": "s",
        "type": "section",
        "text": "पाप का पुरुष अर्थात् विनाश का पुत्र\n"
      },
      {
        "tag": "p",
        "type": "paragraph",
        "text": "\n"
      }
    ]
  }
}