{
  "1": {
    "verseObjects": [
      {
        "text": "Παῦλος",
        "tag": "w",
        "type": "word",
        "lemma": "Παῦλος",
        "strong": "G39720",
        "morph": "Gr,N,,,,,NMS,",
        "tw": "rc://*/tw/dict/bible/names/paul"
      },
      {
        "type": "text",
        "text": ","
      },
      {
        "text": "ἀπόστολος",
        "tag": "w",
        "type": "word",
        "lemma": "ἀπόστολος",
        "strong": "G06520",
        "morph": "Gr,N,,,,,NMS,",
        "tw": "rc://*/tw/dict/bible/kt/apostle"
      },
      {
        "text": "οὐκ",
        "tag": "w",
        "type": "word",
        "lemma": "οὐ",
        "strong": "G37560",
        "morph": "Gr,D,,,,,,,,,"
      },
      {
        "type": "text",
        "text": "("
      },
      {
        "text": "ἀπ’",
        "tag": "w",
        "type": "word",
        "lemma": "ἀπό",
        "strong": "G05750",
        "morph": "Gr,P,,,,,G,,,"
      },
      {
        "text": "ἀνθρώπων",
        "tag": "w",
        "type": "word",
        "lemma": "ἄνθρωπος",
        "strong": "G04440",
        "morph": "Gr,N,,,,,GMP,"
      },
      {
        "type": "text",
        "text": ","
      },
      {
        "text": "οὐδὲ",
        "tag": "w",
        "type": "word",
        "lemma": "οὐδέ",
        "strong": "G37610",
        "morph": "Gr,CC,,,,,,,,"
      },
      {
        "text": "δι’",
        "tag": "w",
        "type": "word",
        "lemma": "διά",
        "strong": "G12230",
        "morph": "Gr,P,,,,,G,,,"
      },
      {
        "text": "ἀνθρώπου",
        "tag": "w",
        "type": "word",
        "lemma": "ἄνθρωπος",
        "strong": "G04440",
        "morph": "Gr,N,,,,,GMS,"
      },
      {
        "type": "text",
        "text": ","
      },
      {
        "text": "ἀλλὰ",
        "tag": "w",
        "type": "word",
        "lemma": "ἀλλά",
        "strong": "G02350",
        "morph": "Gr,CC,,,,,,,,"
      },
      {
        "text": "διὰ",
        "tag": "w",
        "type": "word",
        "lemma": "διά",
        "strong": "G12230",
        "morph": "Gr,P,,,,,G,,,"
      },
      {
        "tag": "k",
        "type": "milestone",
        "tw": "rc://*/tw/dict/bible/kt/jesus",
        "children": [
          {
            "text": "Ἰησοῦ",
            "tag": "w",
            "type": "word",
            "lemma": "Ἰησοῦς",
            "strong": "G24240",
            "morph": "Gr,N,,,,,GMS,"
          },
          {
            "text": "Χριστοῦ",
            "tag": "w",
            "type": "word",
            "lemma": "χριστός",
            "strong": "G55470",
            "morph": "Gr,N,,,,,GMS,",
            "tw": "rc://*/tw/dict/bible/kt/christ"
          }
        ],
        "endTag": "k-e\\*"
      },
      {
        "type": "text",
        "text": ","
      },
      {
        "text": "καὶ",
        "tag": "w",
        "type": "word",
        "lemma": "καί",
        "strong": "G25320",
        "morph": "Gr,CC,,,,,,,,"
      },
      {
        "tag": "k",
        "type": "milestone",
        "tw": "rc://*/tw/dict/bible/kt/godthefather",
        "children": [
          {
            "text": "Θεοῦ",
            "tag": "w",
            "type": "word",
            "lemma": "θεός",
            "strong": "G23160",
            "morph": "Gr,N,,,,,GMS,",
            "tw": "rc://*/tw/dict/bible/kt/god"
          },
          {
            "text": "Πατρὸς",
            "tag": "w",
            "type": "word",
            "lemma": "πατήρ",
            "strong": "G39620",
            "morph": "Gr,N,,,,,GMS,"
          }
        ],
        "endTag": "k-e\\*"
      },
      {
        "text": "τοῦ",
        "tag": "w",
        "type": "word",
        "lemma": "ὁ",
        "strong": "G35880",
        "morph": "Gr,RD,,,,GMS,"
      },
      {
        "text": "ἐγείραντος",
        "tag": "w",
        "type": "word",
        "lemma": "ἐγείρω",
        "strong": "G14530",
        "morph": "Gr,V,PAA,GMS,",
        "tw": "rc://*/tw/dict/bible/other/raise"
      },
      {
        "text": "αὐτὸν",
        "tag": "w",
        "type": "word",
        "lemma": "αὐτός",
        "strong": "G08460",
        "morph": "Gr,RP,,,3AMS,"
      },
      {
        "text": "ἐκ",
        "tag": "w",
        "type": "word",
        "lemma": "ἐκ",
        "strong": "G15370",
        "morph": "Gr,P,,,,,G,,,"
      },
      {
        "text": "νεκρῶν",
        "tag": "w",
        "type": "word",
        "lemma": "νεκρός",
        "strong": "G34980",
        "morph": "Gr,NS,,,,GMP,",
        "tw": "rc://*/tw/dict/bible/other/death"
      },
      {
        "type": "text",
        "text": "),\n\n"
      }
    ]
  },
  "2": {
    "verseObjects": [
      {
        "text": "καὶ",
        "tag": "w",
        "type": "word",
        "lemma": "καί",
        "strong": "G25320",
        "morph": "Gr,CC,,,,,,,,"
      },
      {
        "text": "οἱ",
        "tag": "w",
        "type": "word",
        "lemma": "ὁ",
        "strong": "G35880",
        "morph": "Gr,RD,,,,NMP,"
      },
      {
        "text": "σὺν",
        "tag": "w",
        "type": "word",
        "lemma": "σύν",
        "strong": "G48620",
        "morph": "Gr,P,,,,,D,,,"
      },
      {
        "text": "ἐμοὶ",
        "tag": "w",
        "type": "word",
        "lemma": "ἐγώ",
        "strong": "G14730",
        "morph": "Gr,RP,,,1D,S,"
      },
      {
        "text": "πάντες",
        "tag": "w",
        "type": "word",
        "lemma": "πᾶς",
        "strong": "G39560",
        "morph": "Gr,EQ,,,,NMP,"
      },
      {
        "text": "ἀδελφοί",
        "tag": "w",
        "type": "word",
        "lemma": "ἀδελφός",
        "strong": "G00800",
        "morph": "Gr,N,,,,,NMP,",
        "tw": "rc://*/tw/dict/bible/kt/brother"
      },
      {
        "type": "text",
        "text": ";"
      },
      {
        "text": "ταῖς",
        "tag": "w",
        "type": "word",
        "lemma": "ὁ",
        "strong": "G35880",
        "morph": "Gr,EA,,,,DFP,"
      },
      {
        "text": "ἐκκλησίαις",
        "tag": "w",
        "type": "word",
        "lemma": "ἐκκλησία",
        "strong": "G15770",
        "morph": "Gr,N,,,,,DFP,",
        "tw": "rc://*/tw/dict/bible/kt/church"
      },
      {
        "text": "τῆς",
        "tag": "w",
        "type": "word",
        "lemma": "ὁ",
        "strong": "G35880",
        "morph": "Gr,EA,,,,GFS,"
      },
      {
        "text": "Γαλατίας",
        "tag": "w",
        "type": "word",
        "lemma": "Γαλατία",
        "strong": "G10530",
        "morph": "Gr,N,,,,,GFS,",
        "tw": "rc://*/tw/dict/bible/names/galatia"
      },
      {
        "type": "text",
        "text": ":\n\n"
      }
    ]
  },
  "3": {
    "verseObjects": [
      {
        "text": "χάρις",
        "tag": "w",
        "type": "word",
        "lemma": "χάρις",
        "strong": "G54850",
        "morph": "Gr,N,,,,,NFS,",
        "tw": "rc://*/tw/dict/bible/kt/grace"
      },
      {
        "text": "ὑμῖν",
        "tag": "w",
        "type": "word",
        "lemma": "σύ",
        "strong": "G47710",
        "morph": "Gr,RP,,,2D,P,"
      },
      {
        "text": "καὶ",
        "tag": "w",
        "type": "word",
        "lemma": "καί",
        "strong": "G25320",
        "morph": "Gr,CC,,,,,,,,"
      },
      {
        "text": "εἰρήνη",
        "tag": "w",
        "type": "word",
        "lemma": "εἰρήνη",
        "strong": "G15150",
        "morph": "Gr,N,,,,,NFS,",
        "tw": "rc://*/tw/dict/bible/other/peace"
      },
      {
        "text": "ἀπὸ",
        "tag": "w",
        "type": "word",
        "lemma": "ἀπό",
        "strong": "G05750",
        "morph": "Gr,P,,,,,G,,,"
      },
      {
        "tag": "k",
        "type": "milestone",
        "tw": "rc://*/tw/dict/bible/kt/godthefather",
        "children": [
          {
            "text": "Θεοῦ",
            "tag": "w",
            "type": "word",
            "lemma": "θεός",
            "strong": "G23160",
            "morph": "Gr,N,,,,,GMS,",
            "tw": "rc://*/tw/dict/bible/kt/god"
          },
          {
            "text": "Πατρὸς",
            "tag": "w",
            "type": "word",
            "lemma": "πατήρ",
            "strong": "G39620",
            "morph": "Gr,N,,,,,GMS,"
          }
        ],
        "endTag": "k-e\\*"
      },
      {
        "text": "καὶ",
        "tag": "w",
        "type": "word",
        "lemma": "καί",
        "strong": "G25320",
        "morph": "Gr,CC,,,,,,,,"
      },
      {
        "text": "Κυρίου",
        "tag": "w",
        "type": "word",
        "lemma": "κύριος",
        "strong": "G29620",
        "morph": "Gr,N,,,,,GMS,",
        "tw": "rc://*/tw/dict/bible/kt/lord"
      },
      {
        "text": "ἡμῶν",
        "tag": "w",
        "type": "word",
        "lemma": "ἐγώ",
        "strong": "G14730",
        "morph": "Gr,RP,,,1G,P,"
      },
      {
        "tag": "k",
        "type": "milestone",
        "tw": "rc://*/tw/dict/bible/kt/jesus",
        "children": [
          {
            "text": "Ἰησοῦ",
            "tag": "w",
            "type": "word",
            "lemma": "Ἰησοῦς",
            "strong": "G24240",
            "morph": "Gr,N,,,,,GMS,"
          },
          {
            "text": "Χριστοῦ",
            "tag": "w",
            "type": "word",
            "lemma": "χριστός",
            "strong": "G55470",
            "morph": "Gr,N,,,,,GMS,",
            "tw": "rc://*/tw/dict/bible/kt/christ"
          }
        ],
        "endTag": "k-e\\*"
      },
      {
        "type": "text",
        "text": ",\n\n"
      }
    ]
  },
  "4": {
    "verseObjects": [
      {
        "text": "τοῦ",
        "tag": "w",
        "type": "word",
        "lemma": "ὁ",
        "strong": "G35880",
        "morph": "Gr,RD,,,,GMS,"
      },
      {
        "text": "δόντος",
        "tag": "w",
        "type": "word",
        "lemma": "δίδωμι",
        "strong": "G13250",
        "morph": "Gr,V,PAA,GMS,"
      },
      {
        "text": "ἑαυτὸν",
        "tag": "w",
        "type": "word",
        "lemma": "ἑαυτοῦ",
        "strong": "G14380",
        "morph": "Gr,RE,,,3AMS,"
      },
      {
        "text": "περὶ",
        "tag": "w",
        "type": "word",
        "lemma": "περί",
        "strong": "G40120",
        "morph": "Gr,P,,,,,G,,,"
      },
      {
        "text": "τῶν",
        "tag": "w",
        "type": "word",
        "lemma": "ὁ",
        "strong": "G35880",
        "morph": "Gr,EA,,,,GFP,"
      },
      {
        "text": "ἁμαρτιῶν",
        "tag": "w",
        "type": "word",
        "lemma": "ἁμαρτία",
        "strong": "G02660",
        "morph": "Gr,N,,,,,GFP,",
        "tw": "rc://*/tw/dict/bible/kt/sin"
      },
      {
        "text": "ἡμῶν",
        "tag": "w",
        "type": "word",
        "lemma": "ἐγώ",
        "strong": "G14730",
        "morph": "Gr,RP,,,1G,P,"
      },
      {
        "type": "text",
        "text": ","
      },
      {
        "text": "ὅπως",
        "tag": "w",
        "type": "word",
        "lemma": "ὅπως",
        "strong": "G37040",
        "morph": "Gr,CS,,,,,,,,"
      },
      {
        "text": "ἐξέληται",
        "tag": "w",
        "type": "word",
        "lemma": "ἐξαιρέω",
        "strong": "G18070",
        "morph": "Gr,V,SAM3,,S,",
        "tw": "rc://*/tw/dict/bible/other/deliverer"
      },
      {
        "text": "ἡμᾶς",
        "tag": "w",
        "type": "word",
        "lemma": "ἐγώ",
        "strong": "G14730",
        "morph": "Gr,RP,,,1A,P,"
      },
      {
        "text": "ἐκ",
        "tag": "w",
        "type": "word",
        "lemma": "ἐκ",
        "strong": "G15370",
        "morph": "Gr,P,,,,,G,,,"
      },
      {
        "text": "τοῦ",
        "tag": "w",
        "type": "word",
        "lemma": "ὁ",
        "strong": "G35880",
        "morph": "Gr,EA,,,,GMS,"
      },
      {
        "text": "αἰῶνος",
        "tag": "w",
        "type": "word",
        "lemma": "αἰών",
        "strong": "G01650",
        "morph": "Gr,N,,,,,GMS,",
        "tw": "rc://*/tw/dict/bible/other/age"
      },
      {
        "text": "τοῦ",
        "tag": "w",
        "type": "word",
        "lemma": "ὁ",
        "strong": "G35880",
        "morph": "Gr,RD,,,,GMS,"
      },
      {
        "text": "ἐνεστῶτος",
        "tag": "w",
        "type": "word",
        "lemma": "ἐνίστημι",
        "strong": "G17640",
        "morph": "Gr,V,PEA,GMS,"
      },
      {
        "text": "πονηροῦ",
        "tag": "w",
        "type": "word",
        "lemma": "πονηρός",
        "strong": "G41900",
        "morph": "Gr,NS,,,,GMS,",
        "tw": "rc://*/tw/dict/bible/kt/evil"
      },
      {
        "type": "text",
        "text": ","
      },
      {
        "text": "κατὰ",
        "tag": "w",
        "type": "word",
        "lemma": "κατά",
        "strong": "G25960",
        "morph": "Gr,P,,,,,A,,,"
      },
      {
        "text": "τὸ",
        "tag": "w",
        "type": "word",
        "lemma": "ὁ",
        "strong": "G35880",
        "morph": "Gr,EA,,,,ANS,"
      },
      {
        "text": "θέλημα",
        "tag": "w",
        "type": "word",
        "lemma": "θέλημα",
        "strong": "G23070",
        "morph": "Gr,N,,,,,ANS,",
        "tw": "rc://*/tw/dict/bible/kt/willofgod"
      },
      {
        "text": "τοῦ",
        "tag": "w",
        "type": "word",
        "lemma": "ὁ",
        "strong": "G35880",
        "morph": "Gr,EA,,,,GMS,"
      },
      {
        "tag": "k",
        "type": "milestone",
        "tw": "rc://*/tw/dict/bible/kt/godthefather",
        "children": [
          {
            "text": "Θεοῦ",
            "tag": "w",
            "type": "word",
            "lemma": "θεός",
            "strong": "G23160",
            "morph": "Gr,N,,,,,GMS,",
            "tw": "rc://*/tw/dict/bible/kt/god"
          },
          {
            "text": "καὶ",
            "tag": "w",
            "type": "word",
            "lemma": "καί",
            "strong": "G25320",
            "morph": "Gr,CC,,,,,,,,"
          },
          {
            "text": "Πατρὸς",
            "tag": "w",
            "type": "word",
            "lemma": "πατήρ",
            "strong": "G39620",
            "morph": "Gr,N,,,,,GMS,"
          }
        ],
        "endTag": "k-e\\*"
      },
      {
        "text": "ἡμῶν",
        "tag": "w",
        "type": "word",
        "lemma": "ἐγώ",
        "strong": "G14730",
        "morph": "Gr,RP,,,1G,P,"
      },
      {
        "type": "text",
        "text": ",\n\n"
      }
    ]
  },
  "5": {
    "verseObjects": [
      {
        "text": "ᾧ",
        "tag": "w",
        "type": "word",
        "lemma": "ὅς",
        "strong": "G37390",
        "morph": "Gr,RR,,,,DMS,"
      },
      {
        "text": "ἡ",
        "tag": "w",
        "type": "word",
        "lemma": "ὁ",
        "strong": "G35880",
        "morph": "Gr,EA,,,,NFS,"
      },
      {
        "text": "δόξα",
        "tag": "w",
        "type": "word",
        "lemma": "δόξα",
        "strong": "G13910",
        "morph": "Gr,N,,,,,NFS,",
        "tw": "rc://*/tw/dict/bible/kt/glory"
      },
      {
        "text": "εἰς",
        "tag": "w",
        "type": "word",
        "lemma": "εἰς",
        "strong": "G15190",
        "morph": "Gr,P,,,,,A,,,"
      },
      {
        "text": "τοὺς",
        "tag": "w",
        "type": "word",
        "lemma": "ὁ",
        "strong": "G35880",
        "morph": "Gr,EA,,,,AMP,"
      },
      {
        "text": "αἰῶνας",
        "tag": "w",
        "type": "word",
        "lemma": "αἰών",
        "strong": "G01650",
        "morph": "Gr,N,,,,,AMP,",
        "tw": "rc://*/tw/dict/bible/other/age"
      },
      {
        "text": "τῶν",
        "tag": "w",
        "type": "word",
        "lemma": "ὁ",
        "strong": "G35880",
        "morph": "Gr,EA,,,,GMP,"
      },
      {
        "text": "αἰώνων",
        "tag": "w",
        "type": "word",
        "lemma": "αἰών",
        "strong": "G01650",
        "morph": "Gr,N,,,,,GMP,",
        "tw": "rc://*/tw/dict/bible/other/age"
      },
      {
        "type": "text",
        "text": "."
      },
      {
        "text": "ἀμήν",
        "tag": "w",
        "type": "word",
        "lemma": "ἀμήν",
        "strong": "G02810",
        "morph": "Gr,IE,,,,,,,,",
        "tw": "rc://*/tw/dict/bible/kt/amen"
      },
      {
        "type": "text",
        "text": "!\n\n"
      }
    ]
  },
  "6": {
    "verseObjects": [
      {
        "type": "text",
        "text": "\n"
      },
      {
        "tag": "p",
        "type": "paragraph"
      },
      {
        "text": "θαυμάζω",
        "tag": "w",
        "type": "word",
        "lemma": "θαυμάζω",
        "strong": "G22960",
        "morph": "Gr,V,IPA1,,S,",
        "tw": "rc://*/tw/dict/bible/other/amazed"
      },
      {
        "text": "ὅτι",
        "tag": "w",
        "type": "word",
        "lemma": "ὅτι",
        "strong": "G37540",
        "morph": "Gr,CS,,,,,,,,"
      },
      {
        "text": "οὕτως",
        "tag": "w",
        "type": "word",
        "lemma": "οὕτως",
        "strong": "G37790",
        "morph": "Gr,D,,,,,,,,,"
      },
      {
        "text": "ταχέως",
        "tag": "w",
        "type": "word",
        "lemma": "ταχέως",
        "strong": "G50300",
        "morph": "Gr,D,,,,,,,,,"
      },
      {
        "type": "text",
        "text": ","
      },
      {
        "text": "μετατίθεσθε",
        "tag": "w",
        "type": "word",
        "lemma": "μετατίθημι",
        "strong": "G33460",
        "morph": "Gr,V,IPM2,,P,"
      },
      {
        "text": "ἀπὸ",
        "tag": "w",
        "type": "word",
        "lemma": "ἀπό",
        "strong": "G05750",
        "morph": "Gr,P,,,,,G,,,"
      },
      {
        "text": "τοῦ",
        "tag": "w",
        "type": "word",
        "lemma": "ὁ",
        "strong": "G35880",
        "morph": "Gr,RD,,,,GMS,"
      },
      {
        "text": "καλέσαντος",
        "tag": "w",
        "type": "word",
        "lemma": "καλέω",
        "strong": "G25640",
        "morph": "Gr,V,PAA,GMS,",
        "tw": "rc://*/tw/dict/bible/kt/call"
      },
      {
        "text": "ὑμᾶς",
        "tag": "w",
        "type": "word",
        "lemma": "σύ",
        "strong": "G47710",
        "morph": "Gr,RP,,,2A,P,"
      },
      {
        "text": "ἐν",
        "tag": "w",
        "type": "word",
        "lemma": "ἐν",
        "strong": "G17220",
        "morph": "Gr,P,,,,,D,,,"
      },
      {
        "text": "χάριτι",
        "tag": "w",
        "type": "word",
        "lemma": "χάρις",
        "strong": "G54850",
        "morph": "Gr,N,,,,,DFS,",
        "tw": "rc://*/tw/dict/bible/kt/grace"
      },
      {
        "text": "Χριστοῦ",
        "tag": "w",
        "type": "word",
        "lemma": "χριστός",
        "strong": "G55470",
        "morph": "Gr,N,,,,,GMS,",
        "tw": "rc://*/tw/dict/bible/kt/christ"
      },
      {
        "type": "text",
        "text": ","
      },
      {
        "text": "εἰς",
        "tag": "w",
        "type": "word",
        "lemma": "εἰς",
        "strong": "G15190",
        "morph": "Gr,P,,,,,A,,,"
      },
      {
        "text": "ἕτερον",
        "tag": "w",
        "type": "word",
        "lemma": "ἕτερος",
        "strong": "G20870",
        "morph": "Gr,EF,,,,ANS,"
      },
      {
        "text": "εὐαγγέλιον",
        "tag": "w",
        "type": "word",
        "lemma": "εὐαγγέλιον",
        "strong": "G20980",
        "morph": "Gr,N,,,,,ANS,",
        "tw": "rc://*/tw/dict/bible/kt/goodnews"
      },
      {
        "type": "text",
        "text": ",\n\n"
      }
    ]
  },
  "7": {
    "verseObjects": [
      {
        "text": "ὃ",
        "tag": "w",
        "type": "word",
        "lemma": "ὅς",
        "strong": "G37390",
        "morph": "Gr,RR,,,,NNS,"
      },
      {
        "text": "οὐκ",
        "tag": "w",
        "type": "word",
        "lemma": "οὐ",
        "strong": "G37560",
        "morph": "Gr,D,,,,,,,,,"
      },
      {
        "text": "ἔστιν",
        "tag": "w",
        "type": "word",
        "lemma": "εἰμί",
        "strong": "G15100",
        "morph": "Gr,V,IPA3,,S,"
      },
      {
        "text": "ἄλλο",
        "tag": "w",
        "type": "word",
        "lemma": "ἄλλος",
        "strong": "G02430",
        "morph": "Gr,RI,,,,NNS,"
      },
      {
        "type": "text",
        "text": ","
      },
      {
        "text": "εἰ",
        "tag": "w",
        "type": "word",
        "lemma": "εἰ",
        "strong": "G14870",
        "morph": "Gr,PI,,,,,,,,"
      },
      {
        "text": "μή",
        "tag": "w",
        "type": "word",
        "lemma": "μή",
        "strong": "G33610",
        "morph": "Gr,D,,,,,,,,,"
      },
      {
        "text": "τινές",
        "tag": "w",
        "type": "word",
        "lemma": "τις",
        "strong": "G51000",
        "morph": "Gr,RI,,,,NMP,"
      },
      {
        "text": "εἰσιν",
        "tag": "w",
        "type": "word",
        "lemma": "εἰμί",
        "strong": "G15100",
        "morph": "Gr,V,IPA3,,P,"
      },
      {
        "text": "οἱ",
        "tag": "w",
        "type": "word",
        "lemma": "ὁ",
        "strong": "G35880",
        "morph": "Gr,RR,,,,NMP,"
      },
      {
        "text": "ταράσσοντες",
        "tag": "w",
        "type": "word",
        "lemma": "ταράσσω",
        "strong": "G50150",
        "morph": "Gr,V,PPA,NMP,",
        "tw": "rc://*/tw/dict/bible/other/trouble"
      },
      {
        "text": "ὑμᾶς",
        "tag": "w",
        "type": "word",
        "lemma": "σύ",
        "strong": "G47710",
        "morph": "Gr,RP,,,2A,P,"
      },
      {
        "type": "text",
        "text": ","
      },
      {
        "text": "καὶ",
        "tag": "w",
        "type": "word",
        "lemma": "καί",
        "strong": "G25320",
        "morph": "Gr,CC,,,,,,,,"
      },
      {
        "text": "θέλοντες",
        "tag": "w",
        "type": "word",
        "lemma": "θέλω",
        "strong": "G23090",
        "morph": "Gr,V,PPA,NMP,"
      },
      {
        "text": "μεταστρέψαι",
        "tag": "w",
        "type": "word",
        "lemma": "μεταστρέφω",
        "strong": "G33440",
        "morph": "Gr,V,NAA,,,,,",
        "tw": "rc://*/tw/dict/bible/other/perverse"
      },
      {
        "text": "τὸ",
        "tag": "w",
        "type": "word",
        "lemma": "ὁ",
        "strong": "G35880",
        "morph": "Gr,EA,,,,ANS,"
      },
      {
        "text": "εὐαγγέλιον",
        "tag": "w",
        "type": "word",
        "lemma": "εὐαγγέλιον",
        "strong": "G20980",
        "morph": "Gr,N,,,,,ANS,",
        "tw": "rc://*/tw/dict/bible/kt/goodnews"
      },
      {
        "text": "τοῦ",
        "tag": "w",
        "type": "word",
        "lemma": "ὁ",
        "strong": "G35880",
        "morph": "Gr,EA,,,,GMS,"
      },
      {
        "text": "Χριστοῦ",
        "tag": "w",
        "type": "word",
        "lemma": "χριστός",
        "strong": "G55470",
        "morph": "Gr,N,,,,,GMS,",
        "tw": "rc://*/tw/dict/bible/kt/christ"
      },
      {
        "type": "text",
        "text": ".\n\n"
      }
    ]
  },
  "8": {
    "verseObjects": [
      {
        "text": "ἀλλὰ",
        "tag": "w",
        "type": "word",
        "lemma": "ἀλλά",
        "strong": "G02350",
        "morph": "Gr,CC,,,,,,,,"
      },
      {
        "text": "καὶ",
        "tag": "w",
        "type": "word",
        "lemma": "καί",
        "strong": "G25320",
        "morph": "Gr,D,,,,,,,,,"
      },
      {
        "text": "ἐὰν",
        "tag": "w",
        "type": "word",
        "lemma": "ἐάν",
        "strong": "G14370",
        "morph": "Gr,CS,,,,,,,,"
      },
      {
        "text": "ἡμεῖς",
        "tag": "w",
        "type": "word",
        "lemma": "ἐγώ",
        "strong": "G14730",
        "morph": "Gr,RP,,,1N,P,"
      },
      {
        "text": "ἢ",
        "tag": "w",
        "type": "word",
        "lemma": "ἤ",
        "strong": "G22280",
        "morph": "Gr,CC,,,,,,,,"
      },
      {
        "text": "ἄγγελος",
        "tag": "w",
        "type": "word",
        "lemma": "ἄγγελος",
        "strong": "G00320",
        "morph": "Gr,N,,,,,NMS,",
        "tw": "rc://*/tw/dict/bible/kt/angel"
      },
      {
        "text": "ἐξ",
        "tag": "w",
        "type": "word",
        "lemma": "ἐκ",
        "strong": "G15370",
        "morph": "Gr,P,,,,,G,,,"
      },
      {
        "text": "οὐρανοῦ",
        "tag": "w",
        "type": "word",
        "lemma": "οὐρανός",
        "strong": "G37720",
        "morph": "Gr,N,,,,,GMS,",
        "tw": "rc://*/tw/dict/bible/kt/heaven"
      },
      {
        "text": "εὐαγγελίζηται",
        "tag": "w",
        "type": "word",
        "lemma": "εὐαγγελίζω",
        "strong": "G20970",
        "morph": "Gr,V,SPM3,,S,",
        "tw": "rc://*/tw/dict/bible/other/preach"
      },
      {
        "text": "ὑμῖν",
        "tag": "w",
        "type": "word",
        "lemma": "σύ",
        "strong": "G47710",
        "morph": "Gr,RP,,,2D,P,"
      },
      {
        "text": "παρ’",
        "tag": "w",
        "type": "word",
        "lemma": "παρά",
        "strong": "G38440",
        "morph": "Gr,P,,,,,A,,,"
      },
      {
        "text": "ὃ",
        "tag": "w",
        "type": "word",
        "lemma": "ὅς",
        "strong": "G37390",
        "morph": "Gr,RR,,,,ANS,"
      },
      {
        "text": "εὐηγγελισάμεθα",
        "tag": "w",
        "type": "word",
        "lemma": "εὐαγγελίζω",
        "strong": "G20970",
        "morph": "Gr,V,IAM1,,P,",
        "tw": "rc://*/tw/dict/bible/other/preach"
      },
      {
        "text": "ὑμῖν",
        "tag": "w",
        "type": "word",
        "lemma": "σύ",
        "strong": "G47710",
        "morph": "Gr,RP,,,2D,P,"
      },
      {
        "type": "text",
        "text": ","
      },
      {
        "text": "ἀνάθεμα",
        "tag": "w",
        "type": "word",
        "lemma": "ἀνάθεμα",
        "strong": "G03310",
        "morph": "Gr,N,,,,,NNS,",
        "tw": "rc://*/tw/dict/bible/kt/curse"
      },
      {
        "text": "ἔστω",
        "tag": "w",
        "type": "word",
        "lemma": "εἰμί",
        "strong": "G15100",
        "morph": "Gr,V,MPA3,,S,"
      },
      {
        "type": "text",
        "text": "!\n\n"
      }
    ]
  },
  "9": {
    "verseObjects": [
      {
        "text": "ὡς",
        "tag": "w",
        "type": "word",
        "lemma": "ὡς",
        "strong": "G56130",
        "morph": "Gr,CS,,,,,,,,",
        "tw": "rc://*/tw/dict/bible/other/like"
      },
      {
        "text": "προειρήκαμεν",
        "tag": "w",
        "type": "word",
        "lemma": "προλέγω",
        "strong": "G43020",
        "morph": "Gr,V,IEA1,,P,"
      },
      {
        "type": "text",
        "text": ","
      },
      {
        "text": "καὶ",
        "tag": "w",
        "type": "word",
        "lemma": "καί",
        "strong": "G25320",
        "morph": "Gr,D,,,,,,,,,"
      },
      {
        "text": "ἄρτι",
        "tag": "w",
        "type": "word",
        "lemma": "ἄρτι",
        "strong": "G07370",
        "morph": "Gr,D,,,,,,,,,"
      },
      {
        "text": "πάλιν",
        "tag": "w",
        "type": "word",
        "lemma": "πάλιν",
        "strong": "G38250",
        "morph": "Gr,D,,,,,,,,,"
      },
      {
        "text": "λέγω",
        "tag": "w",
        "type": "word",
        "lemma": "λέγω",
        "strong": "G30040",
        "morph": "Gr,V,IPA1,,S,"
      },
      {
        "type": "text",
        "text": ","
      },
      {
        "text": "εἴ",
        "tag": "w",
        "type": "word",
        "lemma": "εἰ",
        "strong": "G14870",
        "morph": "Gr,CS,,,,,,,,"
      },
      {
        "text": "τις",
        "tag": "w",
        "type": "word",
        "lemma": "τις",
        "strong": "G51000",
        "morph": "Gr,RI,,,,NMS,"
      },
      {
        "text": "ὑμᾶς",
        "tag": "w",
        "type": "word",
        "lemma": "σύ",
        "strong": "G47710",
        "morph": "Gr,RP,,,2A,P,"
      },
      {
        "text": "εὐαγγελίζεται",
        "tag": "w",
        "type": "word",
        "lemma": "εὐαγγελίζω",
        "strong": "G20970",
        "morph": "Gr,V,IPM3,,S,",
        "tw": "rc://*/tw/dict/bible/other/preach"
      },
      {
        "text": "παρ’",
        "tag": "w",
        "type": "word",
        "lemma": "παρά",
        "strong": "G38440",
        "morph": "Gr,P,,,,,A,,,"
      },
      {
        "text": "ὃ",
        "tag": "w",
        "type": "word",
        "lemma": "ὅς",
        "strong": "G37390",
        "morph": "Gr,RR,,,,ANS,"
      },
      {
        "text": "παρελάβετε",
        "tag": "w",
        "type": "word",
        "lemma": "παραλαμβάνω",
        "strong": "G38800",
        "morph": "Gr,V,IAA2,,P,",
        "tw": "rc://*/tw/dict/bible/other/receive"
      },
      {
        "type": "text",
        "text": ","
      },
      {
        "text": "ἀνάθεμα",
        "tag": "w",
        "type": "word",
        "lemma": "ἀνάθεμα",
        "strong": "G03310",
        "morph": "Gr,N,,,,,NNS,",
        "tw": "rc://*/tw/dict/bible/kt/curse"
      },
      {
        "text": "ἔστω",
        "tag": "w",
        "type": "word",
        "lemma": "εἰμί",
        "strong": "G15100",
        "morph": "Gr,V,MPA3,,S,"
      },
      {
        "type": "text",
        "text": "!\n\n"
      }
    ]
  },
  "10": {
    "verseObjects": [
      {
        "type": "text",
        "text": "\n"
      },
      {
        "tag": "p",
        "type": "paragraph"
      },
      {
        "text": "ἄρτι",
        "tag": "w",
        "type": "word",
        "lemma": "ἄρτι",
        "strong": "G07370",
        "morph": "Gr,D,,,,,,,,,"
      },
      {
        "text": "γὰρ",
        "tag": "w",
        "type": "word",
        "lemma": "γάρ",
        "strong": "G10630",
        "morph": "Gr,CC,,,,,,,,"
      },
      {
        "text": "ἀνθρώπους",
        "tag": "w",
        "type": "word",
        "lemma": "ἄνθρωπος",
        "strong": "G04440",
        "morph": "Gr,N,,,,,AMP,"
      },
      {
        "text": "πείθω",
        "tag": "w",
        "type": "word",
        "lemma": "πείθω",
        "strong": "G39820",
        "morph": "Gr,V,IPA1,,S,",
        "tw": "rc://*/tw/dict/bible/kt/favor"
      },
      {
        "text": "ἢ",
        "tag": "w",
        "type": "word",
        "lemma": "ἤ",
        "strong": "G22280",
        "morph": "Gr,CC,,,,,,,,"
      },
      {
        "text": "τὸν",
        "tag": "w",
        "type": "word",
        "lemma": "ὁ",
        "strong": "G35880",
        "morph": "Gr,EA,,,,AMS,"
      },
      {
        "text": "Θεόν",
        "tag": "w",
        "type": "word",
        "lemma": "θεός",
        "strong": "G23160",
        "morph": "Gr,N,,,,,AMS,",
        "tw": "rc://*/tw/dict/bible/kt/god"
      },
      {
        "type": "text",
        "text": "?"
      },
      {
        "text": "ἢ",
        "tag": "w",
        "type": "word",
        "lemma": "ἤ",
        "strong": "G22280",
        "morph": "Gr,CC,,,,,,,,"
      },
      {
        "text": "ζητῶ",
        "tag": "w",
        "type": "word",
        "lemma": "ζητέω",
        "strong": "G22120",
        "morph": "Gr,V,IPA1,,S,",
        "tw": "rc://*/tw/dict/bible/other/seek"
      },
      {
        "text": "ἀνθρώποις",
        "tag": "w",
        "type": "word",
        "lemma": "ἄνθρωπος",
        "strong": "G04440",
        "morph": "Gr,N,,,,,DMP,"
      },
      {
        "text": "ἀρέσκειν",
        "tag": "w",
        "type": "word",
        "lemma": "ἀρέσκω",
        "strong": "G07000",
        "morph": "Gr,V,NPA,,,,,"
      },
      {
        "type": "text",
        "text": "?"
      },
      {
        "text": "εἰ",
        "tag": "w",
        "type": "word",
        "lemma": "εἰ",
        "strong": "G14870",
        "morph": "Gr,CS,,,,,,,,"
      },
      {
        "text": "ἔτι",
        "tag": "w",
        "type": "word",
        "lemma": "ἔτι",
        "strong": "G20890",
        "morph": "Gr,D,,,,,,,,,"
      },
      {
        "text": "ἀνθρώποις",
        "tag": "w",
        "type": "word",
        "lemma": "ἄνθρωπος",
        "strong": "G04440",
        "morph": "Gr,N,,,,,DMP,"
      },
      {
        "text": "ἤρεσκον",
        "tag": "w",
        "type": "word",
        "lemma": "ἀρέσκω",
        "strong": "G07000",
        "morph": "Gr,V,IIA1,,S,"
      },
      {
        "type": "text",
        "text": ","
      },
      {
        "text": "Χριστοῦ",
        "tag": "w",
        "type": "word",
        "lemma": "χριστός",
        "strong": "G55470",
        "morph": "Gr,N,,,,,GMS,",
        "tw": "rc://*/tw/dict/bible/kt/christ"
      },
      {
        "text": "δοῦλος",
        "tag": "w",
        "type": "word",
        "lemma": "δοῦλος",
        "strong": "G14010",
        "morph": "Gr,N,,,,,NMS,",
        "tw": "rc://*/tw/dict/bible/other/servant"
      },
      {
        "text": "οὐκ",
        "tag": "w",
        "type": "word",
        "lemma": "οὐ",
        "strong": "G37560",
        "morph": "Gr,D,,,,,,,,,"
      },
      {
        "text": "ἂν",
        "tag": "w",
        "type": "word",
        "lemma": "ἄν",
        "strong": "G03020",
        "morph": "Gr,T,,,,,,,,,"
      },
      {
        "text": "ἤμην",
        "tag": "w",
        "type": "word",
        "lemma": "εἰμί",
        "strong": "G15100",
        "morph": "Gr,V,IIM1,,S,"
      },
      {
        "type": "text",
        "text": ".\n\n"
      }
    ]
  },
  "11": {
    "verseObjects": [
      {
        "type": "text",
        "text": "\n"
      },
      {
        "tag": "p",
        "type": "paragraph"
      },
      {
        "text": "γνωρίζω",
        "tag": "w",
        "type": "word",
        "lemma": "γνωρίζω",
        "strong": "G11070",
        "morph": "Gr,V,IPA1,,S,",
        "tw": "rc://*/tw/dict/bible/other/know"
      },
      {
        "text": "γὰρ",
        "tag": "w",
        "type": "word",
        "lemma": "γάρ",
        "strong": "G10630",
        "morph": "Gr,CC,,,,,,,,"
      },
      {
        "text": "ὑμῖν",
        "tag": "w",
        "type": "word",
        "lemma": "σύ",
        "strong": "G47710",
        "morph": "Gr,RP,,,2D,P,"
      },
      {
        "type": "text",
        "text": ","
      },
      {
        "text": "ἀδελφοί",
        "tag": "w",
        "type": "word",
        "lemma": "ἀδελφός",
        "strong": "G00800",
        "morph": "Gr,N,,,,,VMP,",
        "tw": "rc://*/tw/dict/bible/kt/brother"
      },
      {
        "type": "text",
        "text": ","
      },
      {
        "text": "τὸ",
        "tag": "w",
        "type": "word",
        "lemma": "ὁ",
        "strong": "G35880",
        "morph": "Gr,EA,,,,ANS,"
      },
      {
        "text": "εὐαγγέλιον",
        "tag": "w",
        "type": "word",
        "lemma": "εὐαγγέλιον",
        "strong": "G20980",
        "morph": "Gr,N,,,,,ANS,",
        "tw": "rc://*/tw/dict/bible/kt/goodnews"
      },
      {
        "text": "τὸ",
        "tag": "w",
        "type": "word",
        "lemma": "ὁ",
        "strong": "G35880",
        "morph": "Gr,RD,,,,ANS,"
      },
      {
        "text": "εὐαγγελισθὲν",
        "tag": "w",
        "type": "word",
        "lemma": "εὐαγγελίζω",
        "strong": "G20970",
        "morph": "Gr,V,PAP,ANS,",
        "tw": "rc://*/tw/dict/bible/other/preach"
      },
      {
        "text": "ὑπ’",
        "tag": "w",
        "type": "word",
        "lemma": "ὑπό",
        "strong": "G52590",
        "morph": "Gr,P,,,,,G,,,"
      },
      {
        "text": "ἐμοῦ",
        "tag": "w",
        "type": "word",
        "lemma": "ἐγώ",
        "strong": "G14730",
        "morph": "Gr,RP,,,1G,S,"
      },
      {
        "type": "text",
        "text": ","
      },
      {
        "text": "ὅτι",
        "tag": "w",
        "type": "word",
        "lemma": "ὅτι",
        "strong": "G37540",
        "morph": "Gr,CS,,,,,,,,"
      },
      {
        "text": "οὐκ",
        "tag": "w",
        "type": "word",
        "lemma": "οὐ",
        "strong": "G37560",
        "morph": "Gr,D,,,,,,,,,"
      },
      {
        "text": "ἔστιν",
        "tag": "w",
        "type": "word",
        "lemma": "εἰμί",
        "strong": "G15100",
        "morph": "Gr,V,IPA3,,S,"
      },
      {
        "text": "κατὰ",
        "tag": "w",
        "type": "word",
        "lemma": "κατά",
        "strong": "G25960",
        "morph": "Gr,P,,,,,A,,,"
      },
      {
        "text": "ἄνθρωπον",
        "tag": "w",
        "type": "word",
        "lemma": "ἄνθρωπος",
        "strong": "G04440",
        "morph": "Gr,N,,,,,AMS,"
      },
      {
        "type": "text",
        "text": ".\n\n"
      }
    ]
  },
  "12": {
    "verseObjects": [
      {
        "text": "οὐδὲ",
        "tag": "w",
        "type": "word",
        "lemma": "οὐδέ",
        "strong": "G37610",
        "morph": "Gr,DO,,,,,,,,"
      },
      {
        "text": "γὰρ",
        "tag": "w",
        "type": "word",
        "lemma": "γάρ",
        "strong": "G10630",
        "morph": "Gr,CC,,,,,,,,"
      },
      {
        "text": "ἐγὼ",
        "tag": "w",
        "type": "word",
        "lemma": "ἐγώ",
        "strong": "G14730",
        "morph": "Gr,RP,,,1N,S,"
      },
      {
        "text": "παρὰ",
        "tag": "w",
        "type": "word",
        "lemma": "παρά",
        "strong": "G38440",
        "morph": "Gr,P,,,,,G,,,"
      },
      {
        "text": "ἀνθρώπου",
        "tag": "w",
        "type": "word",
        "lemma": "ἄνθρωπος",
        "strong": "G04440",
        "morph": "Gr,N,,,,,GMS,"
      },
      {
        "text": "παρέλαβον",
        "tag": "w",
        "type": "word",
        "lemma": "παραλαμβάνω",
        "strong": "G38800",
        "morph": "Gr,V,IAA1,,S,",
        "tw": "rc://*/tw/dict/bible/other/receive"
      },
      {
        "text": "αὐτό",
        "tag": "w",
        "type": "word",
        "lemma": "αὐτός",
        "strong": "G08460",
        "morph": "Gr,RP,,,3ANS,"
      },
      {
        "type": "text",
        "text": ","
      },
      {
        "text": "οὔτε",
        "tag": "w",
        "type": "word",
        "lemma": "οὔτε",
        "strong": "G37770",
        "morph": "Gr,CO,,,,,,,,"
      },
      {
        "text": "ἐδιδάχθην",
        "tag": "w",
        "type": "word",
        "lemma": "διδάσκω",
        "strong": "G13210",
        "morph": "Gr,V,IAP1,,S,",
        "tw": "rc://*/tw/dict/bible/other/teach"
      },
      {
        "type": "text",
        "text": ","
      },
      {
        "text": "ἀλλὰ",
        "tag": "w",
        "type": "word",
        "lemma": "ἀλλά",
        "strong": "G02350",
        "morph": "Gr,CO,,,,,,,,"
      },
      {
        "text": "δι’",
        "tag": "w",
        "type": "word",
        "lemma": "διά",
        "strong": "G12230",
        "morph": "Gr,P,,,,,G,,,"
      },
      {
        "text": "ἀποκαλύψεως",
        "tag": "w",
        "type": "word",
        "lemma": "ἀποκάλυψις",
        "strong": "G06020",
        "morph": "Gr,N,,,,,GFS,",
        "tw": "rc://*/tw/dict/bible/kt/reveal"
      },
      {
        "tag": "k",
        "type": "milestone",
        "tw": "rc://*/tw/dict/bible/kt/jesus",
        "children": [
          {
            "text": "Ἰησοῦ",
            "tag": "w",
            "type": "word",
            "lemma": "Ἰησοῦς",
            "strong": "G24240",
            "morph": "Gr,N,,,,,GMS,"
          },
          {
            "text": "Χριστοῦ",
            "tag": "w",
            "type": "word",
            "lemma": "χριστός",
            "strong": "G55470",
            "morph": "Gr,N,,,,,GMS,",
            "tw": "rc://*/tw/dict/bible/kt/christ"
          }
        ],
        "endTag": "k-e\\*"
      },
      {
        "type": "text",
        "text": ".\t\n\n"
      }
    ]
  },
  "13": {
    "verseObjects": [
      {
        "type": "text",
        "text": "\n"
      },
      {
        "tag": "p",
        "type": "paragraph"
      },
      {
        "text": "ἠκούσατε",
        "tag": "w",
        "type": "word",
        "lemma": "ἀκούω",
        "strong": "G01910",
        "morph": "Gr,V,IAA2,,P,"
      },
      {
        "text": "γὰρ",
        "tag": "w",
        "type": "word",
        "lemma": "γάρ",
        "strong": "G10630",
        "morph": "Gr,CC,,,,,,,,"
      },
      {
        "text": "τὴν",
        "tag": "w",
        "type": "word",
        "lemma": "ὁ",
        "strong": "G35880",
        "morph": "Gr,EA,,,,AFS,"
      },
      {
        "text": "ἐμὴν",
        "tag": "w",
        "type": "word",
        "lemma": "ἐμός",
        "strong": "G16990",
        "morph": "Gr,EP,,,1AFS,"
      },
      {
        "text": "ἀναστροφήν",
        "tag": "w",
        "type": "word",
        "lemma": "ἀναστροφή",
        "strong": "G03910",
        "morph": "Gr,N,,,,,AFS,"
      },
      {
        "text": "ποτε",
        "tag": "w",
        "type": "word",
        "lemma": "ποτέ",
        "strong": "G42180",
        "morph": "Gr,D,,,,,,,,,"
      },
      {
        "text": "ἐν",
        "tag": "w",
        "type": "word",
        "lemma": "ἐν",
        "strong": "G17220",
        "morph": "Gr,P,,,,,D,,,"
      },
      {
        "text": "τῷ",
        "tag": "w",
        "type": "word",
        "lemma": "ὁ",
        "strong": "G35880",
        "morph": "Gr,EA,,,,DMS,"
      },
      {
        "text": "Ἰουδαϊσμῷ",
        "tag": "w",
        "type": "word",
        "lemma": "Ἰουδαϊσμός",
        "strong": "G24540",
        "morph": "Gr,N,,,,,DMS,",
        "tw": "rc://*/tw/dict/bible/other/judaism"
      },
      {
        "type": "text",
        "text": ","
      },
      {
        "text": "ὅτι",
        "tag": "w",
        "type": "word",
        "lemma": "ὅτι",
        "strong": "G37540",
        "morph": "Gr,CS,,,,,,,,"
      },
      {
        "text": "καθ’",
        "tag": "w",
        "type": "word",
        "lemma": "κατά",
        "strong": "G25960",
        "morph": "Gr,P,,,,,A,,,"
      },
      {
        "text": "ὑπερβολὴν",
        "tag": "w",
        "type": "word",
        "lemma": "ὑπερβολή",
        "strong": "G52360",
        "morph": "Gr,N,,,,,AFS,"
      },
      {
        "text": "ἐδίωκον",
        "tag": "w",
        "type": "word",
        "lemma": "διώκω",
        "strong": "G13770",
        "morph": "Gr,V,IIA1,,S,",
        "tw": "rc://*/tw/dict/bible/other/persecute"
      },
      {
        "text": "τὴν",
        "tag": "w",
        "type": "word",
        "lemma": "ὁ",
        "strong": "G35880",
        "morph": "Gr,EA,,,,AFS,"
      },
      {
        "text": "ἐκκλησίαν",
        "tag": "w",
        "type": "word",
        "lemma": "ἐκκλησία",
        "strong": "G15770",
        "morph": "Gr,N,,,,,AFS,",
        "tw": "rc://*/tw/dict/bible/kt/church"
      },
      {
        "text": "τοῦ",
        "tag": "w",
        "type": "word",
        "lemma": "ὁ",
        "strong": "G35880",
        "morph": "Gr,EA,,,,GMS,"
      },
      {
        "text": "Θεοῦ",
        "tag": "w",
        "type": "word",
        "lemma": "θεός",
        "strong": "G23160",
        "morph": "Gr,N,,,,,GMS,",
        "tw": "rc://*/tw/dict/bible/kt/god"
      },
      {
        "type": "text",
        "text": ","
      },
      {
        "text": "καὶ",
        "tag": "w",
        "type": "word",
        "lemma": "καί",
        "strong": "G25320",
        "morph": "Gr,CC,,,,,,,,"
      },
      {
        "text": "ἐπόρθουν",
        "tag": "w",
        "type": "word",
        "lemma": "πορθέω",
        "strong": "G41990",
        "morph": "Gr,V,IIA1,,S,"
      },
      {
        "text": "αὐτήν",
        "tag": "w",
        "type": "word",
        "lemma": "αὐτός",
        "strong": "G08460",
        "morph": "Gr,RP,,,3AFS,"
      },
      {
        "type": "text",
        "text": ".\n\n"
      }
    ]
  },
  "14": {
    "verseObjects": [
      {
        "text": "καὶ",
        "tag": "w",
        "type": "word",
        "lemma": "καί",
        "strong": "G25320",
        "morph": "Gr,CC,,,,,,,,"
      },
      {
        "text": "προέκοπτον",
        "tag": "w",
        "type": "word",
        "lemma": "προκόπτω",
        "strong": "G42980",
        "morph": "Gr,V,IIA1,,S,"
      },
      {
        "text": "ἐν",
        "tag": "w",
        "type": "word",
        "lemma": "ἐν",
        "strong": "G17220",
        "morph": "Gr,P,,,,,D,,,"
      },
      {
        "text": "τῷ",
        "tag": "w",
        "type": "word",
        "lemma": "ὁ",
        "strong": "G35880",
        "morph": "Gr,EA,,,,DMS,"
      },
      {
        "text": "Ἰουδαϊσμῷ",
        "tag": "w",
        "type": "word",
        "lemma": "Ἰουδαϊσμός",
        "strong": "G24540",
        "morph": "Gr,N,,,,,DMS,",
        "tw": "rc://*/tw/dict/bible/other/judaism"
      },
      {
        "text": "ὑπὲρ",
        "tag": "w",
        "type": "word",
        "lemma": "ὑπέρ",
        "strong": "G52280",
        "morph": "Gr,P,,,,,A,,,"
      },
      {
        "text": "πολλοὺς",
        "tag": "w",
        "type": "word",
        "lemma": "πολλός",
        "strong": "G41830",
        "morph": "Gr,EQ,,,,AMP,"
      },
      {
        "text": "συνηλικιώτας",
        "tag": "w",
        "type": "word",
        "lemma": "συνηλικιώτης",
        "strong": "G49150",
        "morph": "Gr,N,,,,,AMP,"
      },
      {
        "text": "ἐν",
        "tag": "w",
        "type": "word",
        "lemma": "ἐν",
        "strong": "G17220",
        "morph": "Gr,P,,,,,D,,,"
      },
      {
        "text": "τῷ",
        "tag": "w",
        "type": "word",
        "lemma": "ὁ",
        "strong": "G35880",
        "morph": "Gr,EA,,,,DNS,"
      },
      {
        "text": "γένει",
        "tag": "w",
        "type": "word",
        "lemma": "γένος",
        "strong": "G10850",
        "morph": "Gr,N,,,,,DNS,"
      },
      {
        "text": "μου",
        "tag": "w",
        "type": "word",
        "lemma": "ἐγώ",
        "strong": "G14730",
        "morph": "Gr,RP,,,1G,S,"
      },
      {
        "type": "text",
        "text": ","
      },
      {
        "text": "περισσοτέρως",
        "tag": "w",
        "type": "word",
        "lemma": "περισσοτέρως",
        "strong": "G40560",
        "morph": "Gr,D,,,,,,,,C"
      },
      {
        "text": "ζηλωτὴς",
        "tag": "w",
        "type": "word",
        "lemma": "ζηλωτής",
        "strong": "G22070",
        "morph": "Gr,N,,,,,NMS,",
        "tw": "rc://*/tw/dict/bible/kt/zealous"
      },
      {
        "text": "ὑπάρχων",
        "tag": "w",
        "type": "word",
        "lemma": "ὑπάρχω",
        "strong": "G52250",
        "morph": "Gr,V,PPA,NMS,"
      },
      {
        "text": "τῶν",
        "tag": "w",
        "type": "word",
        "lemma": "ὁ",
        "strong": "G35880",
        "morph": "Gr,EA,,,,GFP,"
      },
      {
        "text": "πατρικῶν",
        "tag": "w",
        "type": "word",
        "lemma": "πατρικός",
        "strong": "G39670",
        "morph": "Gr,NS,,,,GFP,"
      },
      {
        "text": "μου",
        "tag": "w",
        "type": "word",
        "lemma": "ἐγώ",
        "strong": "G14730",
        "morph": "Gr,RP,,,1G,S,"
      },
      {
        "text": "παραδόσεων",
        "tag": "w",
        "type": "word",
        "lemma": "παράδοσις",
        "strong": "G38620",
        "morph": "Gr,N,,,,,GFP,",
        "tw": "rc://*/tw/dict/bible/other/tradition"
      },
      {
        "type": "text",
        "text": ".\n\n"
      }
    ]
  },
  "15": {
    "verseObjects": [
      {
        "text": "ὅτε",
        "tag": "w",
        "type": "word",
        "lemma": "ὅτε",
        "strong": "G37530",
        "morph": "Gr,CS,,,,,,,,"
      },
      {
        "text": "δὲ",
        "tag": "w",
        "type": "word",
        "lemma": "δέ",
        "strong": "G11610",
        "morph": "Gr,CC,,,,,,,,"
      },
      {
        "text": "εὐδόκησεν",
        "tag": "w",
        "type": "word",
        "lemma": "εὐδοκέω",
        "strong": "G21060",
        "morph": "Gr,V,IAA3,,S,"
      },
      {
        "text": "ὁ",
        "tag": "w",
        "type": "word",
        "lemma": "ὁ",
        "strong": "G35880",
        "morph": "Gr,RD,,,,NMS,"
      },
      {
        "type": "text",
        "text": ","
      },
      {
        "text": "ἀφορίσας",
        "tag": "w",
        "type": "word",
        "lemma": "ἀφορίζω",
        "strong": "G08730",
        "morph": "Gr,V,PAA,NMS,",
        "tw": "rc://*/tw/dict/bible/kt/setapart"
      },
      {
        "text": "με",
        "tag": "w",
        "type": "word",
        "lemma": "ἐγώ",
        "strong": "G14730",
        "morph": "Gr,RP,,,1A,S,"
      },
      {
        "text": "ἐκ",
        "tag": "w",
        "type": "word",
        "lemma": "ἐκ",
        "strong": "G15370",
        "morph": "Gr,P,,,,,G,,,"
      },
      {
        "text": "κοιλίας",
        "tag": "w",
        "type": "word",
        "lemma": "κοιλία",
        "strong": "G28360",
        "morph": "Gr,N,,,,,GFS,",
        "tw": "rc://*/tw/dict/bible/other/womb"
      },
      {
        "text": "μητρός",
        "tag": "w",
        "type": "word",
        "lemma": "μήτηρ",
        "strong": "G33840",
        "morph": "Gr,N,,,,,GFS,"
      },
      {
        "text": "μου",
        "tag": "w",
        "type": "word",
        "lemma": "ἐγώ",
        "strong": "G14730",
        "morph": "Gr,RP,,,1G,S,"
      },
      {
        "type": "text",
        "text": ","
      },
      {
        "text": "καὶ",
        "tag": "w",
        "type": "word",
        "lemma": "καί",
        "strong": "G25320",
        "morph": "Gr,CC,,,,,,,,"
      },
      {
        "text": "καλέσας",
        "tag": "w",
        "type": "word",
        "lemma": "καλέω",
        "strong": "G25640",
        "morph": "Gr,V,PAA,NMS,",
        "tw": "rc://*/tw/dict/bible/kt/call"
      },
      {
        "text": "διὰ",
        "tag": "w",
        "type": "word",
        "lemma": "διά",
        "strong": "G12230",
        "morph": "Gr,P,,,,,G,,,"
      },
      {
        "text": "τῆς",
        "tag": "w",
        "type": "word",
        "lemma": "ὁ",
        "strong": "G35880",
        "morph": "Gr,EA,,,,GFS,"
      },
      {
        "text": "χάριτος",
        "tag": "w",
        "type": "word",
        "lemma": "χάρις",
        "strong": "G54850",
        "morph": "Gr,N,,,,,GFS,",
        "tw": "rc://*/tw/dict/bible/kt/grace"
      },
      {
        "text": "αὐτοῦ",
        "tag": "w",
        "type": "word",
        "lemma": "αὐτός",
        "strong": "G08460",
        "morph": "Gr,RP,,,3GMS,"
      },
      {
        "type": "text",
        "text": ",\n\n"
      }
    ]
  },
  "16": {
    "verseObjects": [
      {
        "text": "ἀποκαλύψαι",
        "tag": "w",
        "type": "word",
        "lemma": "ἀποκαλύπτω",
        "strong": "G06010",
        "morph": "Gr,V,NAA,,,,,",
        "tw": "rc://*/tw/dict/bible/kt/reveal"
      },
      {
        "text": "τὸν",
        "tag": "w",
        "type": "word",
        "lemma": "ὁ",
        "strong": "G35880",
        "morph": "Gr,EA,,,,AMS,"
      },
      {
        "text": "Υἱὸν",
        "tag": "w",
        "type": "word",
        "lemma": "υἱός",
        "strong": "G52070",
        "morph": "Gr,N,,,,,AMS,",
        "tw": "rc://*/tw/dict/bible/kt/sonofgod"
      },
      {
        "text": "αὐτοῦ",
        "tag": "w",
        "type": "word",
        "lemma": "αὐτός",
        "strong": "G08460",
        "morph": "Gr,RP,,,3GMS,"
      },
      {
        "text": "ἐν",
        "tag": "w",
        "type": "word",
        "lemma": "ἐν",
        "strong": "G17220",
        "morph": "Gr,P,,,,,D,,,"
      },
      {
        "text": "ἐμοὶ",
        "tag": "w",
        "type": "word",
        "lemma": "ἐγώ",
        "strong": "G14730",
        "morph": "Gr,RP,,,1D,S,"
      },
      {
        "type": "text",
        "text": ","
      },
      {
        "text": "ἵνα",
        "tag": "w",
        "type": "word",
        "lemma": "ἵνα",
        "strong": "G24430",
        "morph": "Gr,CS,,,,,,,,"
      },
      {
        "text": "εὐαγγελίζωμαι",
        "tag": "w",
        "type": "word",
        "lemma": "εὐαγγελίζω",
        "strong": "G20970",
        "morph": "Gr,V,SPM1,,S,",
        "tw": "rc://*/tw/dict/bible/other/preach"
      },
      {
        "text": "αὐτὸν",
        "tag": "w",
        "type": "word",
        "lemma": "αὐτός",
        "strong": "G08460",
        "morph": "Gr,RP,,,3AMS,"
      },
      {
        "text": "ἐν",
        "tag": "w",
        "type": "word",
        "lemma": "ἐν",
        "strong": "G17220",
        "morph": "Gr,P,,,,,D,,,"
      },
      {
        "text": "τοῖς",
        "tag": "w",
        "type": "word",
        "lemma": "ὁ",
        "strong": "G35880",
        "morph": "Gr,EA,,,,DNP,"
      },
      {
        "text": "ἔθνεσιν",
        "tag": "w",
        "type": "word",
        "lemma": "ἔθνος",
        "strong": "G14840",
        "morph": "Gr,N,,,,,DNP,",
        "tw": "rc://*/tw/dict/bible/kt/gentile"
      },
      {
        "type": "text",
        "text": ","
      },
      {
        "text": "εὐθέως",
        "tag": "w",
        "type": "word",
        "lemma": "εὐθέως",
        "strong": "G21120",
        "morph": "Gr,D,,,,,,,,,"
      },
      {
        "text": "οὐ",
        "tag": "w",
        "type": "word",
        "lemma": "οὐ",
        "strong": "G37560",
        "morph": "Gr,DO,,,,,,,,"
      },
      {
        "text": "προσανεθέμην",
        "tag": "w",
        "type": "word",
        "lemma": "προσανατίθημι",
        "strong": "G43230",
        "morph": "Gr,V,IAM1,,S,"
      },
      {
        "text": "σαρκὶ",
        "tag": "w",
        "type": "word",
        "lemma": "σάρξ",
        "strong": "G45610",
        "morph": "Gr,N,,,,,DFS,",
        "tw": "rc://*/tw/dict/bible/kt/flesh"
      },
      {
        "text": "καὶ",
        "tag": "w",
        "type": "word",
        "lemma": "καί",
        "strong": "G25320",
        "morph": "Gr,CC,,,,,,,,"
      },
      {
        "text": "αἵματι",
        "tag": "w",
        "type": "word",
        "lemma": "αἷμα",
        "strong": "G01290",
        "morph": "Gr,N,,,,,DNS,",
        "tw": "rc://*/tw/dict/bible/kt/blood"
      },
      {
        "type": "text",
        "text": ",\n\n"
      }
    ]
  },
  "17": {
    "verseObjects": [
      {
        "text": "οὐδὲ",
        "tag": "w",
        "type": "word",
        "lemma": "οὐδέ",
        "strong": "G37610",
        "morph": "Gr,CO,,,,,,,,"
      },
      {
        "text": "ἀνῆλθον",
        "tag": "w",
        "type": "word",
        "lemma": "ἀνέρχομαι",
        "strong": "G04240",
        "morph": "Gr,V,IAA1,,S,"
      },
      {
        "text": "εἰς",
        "tag": "w",
        "type": "word",
        "lemma": "εἰς",
        "strong": "G15190",
        "morph": "Gr,P,,,,,A,,,"
      },
      {
        "text": "Ἱεροσόλυμα",
        "tag": "w",
        "type": "word",
        "lemma": "Ἱεροσόλυμα",
        "strong": "G24140",
        "morph": "Gr,N,,,,,ANP,",
        "tw": "rc://*/tw/dict/bible/names/jerusalem"
      },
      {
        "text": "πρὸς",
        "tag": "w",
        "type": "word",
        "lemma": "πρός",
        "strong": "G43140",
        "morph": "Gr,P,,,,,A,,,"
      },
      {
        "text": "τοὺς",
        "tag": "w",
        "type": "word",
        "lemma": "ὁ",
        "strong": "G35880",
        "morph": "Gr,EA,,,,AMP,"
      },
      {
        "text": "πρὸ",
        "tag": "w",
        "type": "word",
        "lemma": "πρό",
        "strong": "G42530",
        "morph": "Gr,P,,,,,G,,,"
      },
      {
        "text": "ἐμοῦ",
        "tag": "w",
        "type": "word",
        "lemma": "ἐγώ",
        "strong": "G14730",
        "morph": "Gr,RP,,,1G,S,"
      },
      {
        "text": "ἀποστόλους",
        "tag": "w",
        "type": "word",
        "lemma": "ἀπόστολος",
        "strong": "G06520",
        "morph": "Gr,N,,,,,AMP,",
        "tw": "rc://*/tw/dict/bible/kt/apostle"
      },
      {
        "type": "text",
        "text": ","
      },
      {
        "text": "ἀλλὰ",
        "tag": "w",
        "type": "word",
        "lemma": "ἀλλά",
        "strong": "G02350",
        "morph": "Gr,CO,,,,,,,,"
      },
      {
        "text": "ἀπῆλθον",
        "tag": "w",
        "type": "word",
        "lemma": "ἀπέρχομαι",
        "strong": "G05650",
        "morph": "Gr,V,IAA1,,S,"
      },
      {
        "text": "εἰς",
        "tag": "w",
        "type": "word",
        "lemma": "εἰς",
        "strong": "G15190",
        "morph": "Gr,P,,,,,A,,,"
      },
      {
        "text": "Ἀραβίαν",
        "tag": "w",
        "type": "word",
        "lemma": "Ἀραβία",
        "strong": "G06880",
        "morph": "Gr,N,,,,,AFS,",
        "tw": "rc://*/tw/dict/bible/names/arabia"
      },
      {
        "type": "text",
        "text": ","
      },
      {
        "text": "καὶ",
        "tag": "w",
        "type": "word",
        "lemma": "καί",
        "strong": "G25320",
        "morph": "Gr,CC,,,,,,,,"
      },
      {
        "text": "πάλιν",
        "tag": "w",
        "type": "word",
        "lemma": "πάλιν",
        "strong": "G38250",
        "morph": "Gr,D,,,,,,,,,"
      },
      {
        "text": "ὑπέστρεψα",
        "tag": "w",
        "type": "word",
        "lemma": "ὑποστρέφω",
        "strong": "G52900",
        "morph": "Gr,V,IAA1,,S,",
        "tw": "rc://*/tw/dict/bible/other/return"
      },
      {
        "text": "εἰς",
        "tag": "w",
        "type": "word",
        "lemma": "εἰς",
        "strong": "G15190",
        "morph": "Gr,P,,,,,A,,,"
      },
      {
        "text": "Δαμασκόν",
        "tag": "w",
        "type": "word",
        "lemma": "Δαμασκός",
        "strong": "G11540",
        "morph": "Gr,N,,,,,AFS,",
        "tw": "rc://*/tw/dict/bible/names/damascus"
      },
      {
        "type": "text",
        "text": ".\n\n"
      }
    ]
  },
  "18": {
    "verseObjects": [
      {
        "type": "text",
        "text": "\n"
      },
      {
        "tag": "p",
        "type": "paragraph"
      },
      {
        "text": "ἔπειτα",
        "tag": "w",
        "type": "word",
        "lemma": "ἔπειτα",
        "strong": "G18990",
        "morph": "Gr,D,,,,,,,,,"
      },
      {
        "text": "μετὰ",
        "tag": "w",
        "type": "word",
        "lemma": "μετά",
        "strong": "G33260",
        "morph": "Gr,P,,,,,A,,,"
      },
      {
        "text": "ἔτη",
        "tag": "w",
        "type": "word",
        "lemma": "ἔτος",
        "strong": "G20940",
        "morph": "Gr,N,,,,,ANP,",
        "tw": "rc://*/tw/dict/bible/other/biblicaltimeyear"
      },
      {
        "text": "τρία",
        "tag": "w",
        "type": "word",
        "lemma": "τρεῖς",
        "strong": "G51400",
        "morph": "Gr,EN,,,,ANP,"
      },
      {
        "type": "text",
        "text": ","
      },
      {
        "text": "ἀνῆλθον",
        "tag": "w",
        "type": "word",
        "lemma": "ἀνέρχομαι",
        "strong": "G04240",
        "morph": "Gr,V,IAA1,,S,"
      },
      {
        "text": "εἰς",
        "tag": "w",
        "type": "word",
        "lemma": "εἰς",
        "strong": "G15190",
        "morph": "Gr,P,,,,,A,,,"
      },
      {
        "text": "Ἱεροσόλυμα",
        "tag": "w",
        "type": "word",
        "lemma": "Ἱεροσόλυμα",
        "strong": "G24140",
        "morph": "Gr,N,,,,,ANP,",
        "tw": "rc://*/tw/dict/bible/names/jerusalem"
      },
      {
        "text": "ἱστορῆσαι",
        "tag": "w",
        "type": "word",
        "lemma": "ἱστορέω",
        "strong": "G24770",
        "morph": "Gr,V,NAA,,,,,"
      },
      {
        "text": "Κηφᾶν",
        "tag": "w",
        "type": "word",
        "lemma": "Κηφᾶς",
        "strong": "G27860",
        "morph": "Gr,N,,,,,AMS,",
        "tw": "rc://*/tw/dict/bible/names/peter"
      },
      {
        "type": "text",
        "text": ","
      },
      {
        "text": "καὶ",
        "tag": "w",
        "type": "word",
        "lemma": "καί",
        "strong": "G25320",
        "morph": "Gr,CC,,,,,,,,"
      },
      {
        "text": "ἐπέμεινα",
        "tag": "w",
        "type": "word",
        "lemma": "ἐπιμένω",
        "strong": "G19610",
        "morph": "Gr,V,IAA1,,S,"
      },
      {
        "text": "πρὸς",
        "tag": "w",
        "type": "word",
        "lemma": "πρός",
        "strong": "G43140",
        "morph": "Gr,P,,,,,A,,,"
      },
      {
        "text": "αὐτὸν",
        "tag": "w",
        "type": "word",
        "lemma": "αὐτός",
        "strong": "G08460",
        "morph": "Gr,RP,,,3AMS,"
      },
      {
        "text": "ἡμέρας",
        "tag": "w",
        "type": "word",
        "lemma": "ἡμέρα",
        "strong": "G22500",
        "morph": "Gr,N,,,,,AFP,",
        "tw": "rc://*/tw/dict/bible/other/biblicaltimeday"
      },
      {
        "text": "δεκαπέντε",
        "tag": "w",
        "type": "word",
        "lemma": "δεκαπέντε",
        "strong": "G11780",
        "morph": "Gr,EN,,,,AFPI"
      },
      {
        "type": "text",
        "text": ".\n\n"
      }
    ]
  },
  "19": {
    "verseObjects": [
      {
        "text": "ἕτερον",
        "tag": "w",
        "type": "word",
        "lemma": "ἕτερος",
        "strong": "G20870",
        "morph": "Gr,RI,,,,AMS,"
      },
      {
        "text": "δὲ",
        "tag": "w",
        "type": "word",
        "lemma": "δέ",
        "strong": "G11610",
        "morph": "Gr,CC,,,,,,,,"
      },
      {
        "text": "τῶν",
        "tag": "w",
        "type": "word",
        "lemma": "ὁ",
        "strong": "G35880",
        "morph": "Gr,EA,,,,GMP,"
      },
      {
        "text": "ἀποστόλων",
        "tag": "w",
        "type": "word",
        "lemma": "ἀπόστολος",
        "strong": "G06520",
        "morph": "Gr,N,,,,,GMP,",
        "tw": "rc://*/tw/dict/bible/kt/apostle"
      },
      {
        "text": "οὐκ",
        "tag": "w",
        "type": "word",
        "lemma": "οὐ",
        "strong": "G37560",
        "morph": "Gr,D,,,,,,,,,"
      },
      {
        "text": "εἶδον",
        "tag": "w",
        "type": "word",
        "lemma": "ὁράω",
        "strong": "G37080",
        "morph": "Gr,V,IAA1,,S,"
      },
      {
        "type": "text",
        "text": ","
      },
      {
        "text": "εἰ",
        "tag": "w",
        "type": "word",
        "lemma": "εἰ",
        "strong": "G14870",
        "morph": "Gr,PI,,,,,,,,"
      },
      {
        "text": "μὴ",
        "tag": "w",
        "type": "word",
        "lemma": "μή",
        "strong": "G33610",
        "morph": "Gr,D,,,,,,,,,"
      },
      {
        "text": "Ἰάκωβον",
        "tag": "w",
        "type": "word",
        "lemma": "Ἰάκωβος",
        "strong": "G23850",
        "morph": "Gr,N,,,,,AMS,",
        "tw": "rc://*/tw/dict/bible/names/jamesbrotherofjesus"
      },
      {
        "type": "text",
        "text": ","
      },
      {
        "text": "τὸν",
        "tag": "w",
        "type": "word",
        "lemma": "ὁ",
        "strong": "G35880",
        "morph": "Gr,EA,,,,AMS,"
      },
      {
        "text": "ἀδελφὸν",
        "tag": "w",
        "type": "word",
        "lemma": "ἀδελφός",
        "strong": "G00800",
        "morph": "Gr,N,,,,,AMS,",
        "tw": "rc://*/tw/dict/bible/kt/brother"
      },
      {
        "text": "τοῦ",
        "tag": "w",
        "type": "word",
        "lemma": "ὁ",
        "strong": "G35880",
        "morph": "Gr,EA,,,,GMS,"
      },
      {
        "text": "Κυρίου",
        "tag": "w",
        "type": "word",
        "lemma": "κύριος",
        "strong": "G29620",
        "morph": "Gr,N,,,,,GMS,",
        "tw": "rc://*/tw/dict/bible/kt/lord"
      },
      {
        "type": "text",
        "text": ".\n\n"
      }
    ]
  },
  "20": {
    "verseObjects": [
      {
        "text": "ἃ",
        "tag": "w",
        "type": "word",
        "lemma": "ὅς",
        "strong": "G37390",
        "morph": "Gr,RR,,,,ANP,"
      },
      {
        "text": "δὲ",
        "tag": "w",
        "type": "word",
        "lemma": "δέ",
        "strong": "G11610",
        "morph": "Gr,CC,,,,,,,,"
      },
      {
        "text": "γράφω",
        "tag": "w",
        "type": "word",
        "lemma": "γράφω",
        "strong": "G11250",
        "morph": "Gr,V,IPA1,,S,"
      },
      {
        "text": "ὑμῖν",
        "tag": "w",
        "type": "word",
        "lemma": "σύ",
        "strong": "G47710",
        "morph": "Gr,RP,,,2D,P,"
      },
      {
        "type": "text",
        "text": ","
      },
      {
        "text": "ἰδοὺ",
        "tag": "w",
        "type": "word",
        "lemma": "ὁράω",
        "strong": "G37080",
        "morph": "Gr,IDMAA2,,S,"
      },
      {
        "type": "text",
        "text": ","
      },
      {
        "text": "ἐνώπιον",
        "tag": "w",
        "type": "word",
        "lemma": "ἐνώπιον",
        "strong": "G17990",
        "morph": "Gr,PI,,,,G,,,"
      },
      {
        "text": "τοῦ",
        "tag": "w",
        "type": "word",
        "lemma": "ὁ",
        "strong": "G35880",
        "morph": "Gr,EA,,,,GMS,"
      },
      {
        "text": "Θεοῦ",
        "tag": "w",
        "type": "word",
        "lemma": "θεός",
        "strong": "G23160",
        "morph": "Gr,N,,,,,GMS,",
        "tw": "rc://*/tw/dict/bible/kt/god"
      },
      {
        "text": "ὅτι",
        "tag": "w",
        "type": "word",
        "lemma": "ὅτι",
        "strong": "G37540",
        "morph": "Gr,CS,,,,,,,,"
      },
      {
        "text": "οὐ",
        "tag": "w",
        "type": "word",
        "lemma": "οὐ",
        "strong": "G37560",
        "morph": "Gr,D,,,,,,,,,"
      },
      {
        "text": "ψεύδομαι",
        "tag": "w",
        "type": "word",
        "lemma": "ψεύδομαι",
        "strong": "G55740",
        "morph": "Gr,V,IPM1,,S,"
      },
      {
        "type": "text",
        "text": ".\n\n"
      }
    ]
  },
  "21": {
    "verseObjects": [
      {
        "text": "ἔπειτα",
        "tag": "w",
        "type": "word",
        "lemma": "ἔπειτα",
        "strong": "G18990",
        "morph": "Gr,D,,,,,,,,,"
      },
      {
        "text": "ἦλθον",
        "tag": "w",
        "type": "word",
        "lemma": "ἔρχομαι",
        "strong": "G20640",
        "morph": "Gr,V,IAA1,,S,"
      },
      {
        "text": "εἰς",
        "tag": "w",
        "type": "word",
        "lemma": "εἰς",
        "strong": "G15190",
        "morph": "Gr,P,,,,,A,,,"
      },
      {
        "text": "τὰ",
        "tag": "w",
        "type": "word",
        "lemma": "ὁ",
        "strong": "G35880",
        "morph": "Gr,EA,,,,ANP,"
      },
      {
        "text": "κλίματα",
        "tag": "w",
        "type": "word",
        "lemma": "κλίμα",
        "strong": "G28240",
        "morph": "Gr,N,,,,,ANP,"
      },
      {
        "text": "τῆς",
        "tag": "w",
        "type": "word",
        "lemma": "ὁ",
        "strong": "G35880",
        "morph": "Gr,EA,,,,GFS,"
      },
      {
        "text": "Συρίας",
        "tag": "w",
        "type": "word",
        "lemma": "Συρία",
        "strong": "G49470",
        "morph": "Gr,N,,,,,GFS,",
        "tw": "rc://*/tw/dict/bible/names/syria"
      },
      {
        "text": "καὶ",
        "tag": "w",
        "type": "word",
        "lemma": "καί",
        "strong": "G25320",
        "morph": "Gr,CC,,,,,,,,"
      },
      {
        "text": "τῆς",
        "tag": "w",
        "type": "word",
        "lemma": "ὁ",
        "strong": "G35880",
        "morph": "Gr,EA,,,,GFS,"
      },
      {
        "text": "Κιλικίας",
        "tag": "w",
        "type": "word",
        "lemma": "Κιλικία",
        "strong": "G27910",
        "morph": "Gr,N,,,,,GFS,",
        "tw": "rc://*/tw/dict/bible/names/cilicia"
      },
      {
        "type": "text",
        "text": ".\n\n"
      }
    ]
  },
  "22": {
    "verseObjects": [
      {
        "text": "ἤμην",
        "tag": "w",
        "type": "word",
        "lemma": "εἰμί",
        "strong": "G15100",
        "morph": "Gr,V,IIM1,,S,"
      },
      {
        "text": "δὲ",
        "tag": "w",
        "type": "word",
        "lemma": "δέ",
        "strong": "G11610",
        "morph": "Gr,CC,,,,,,,,"
      },
      {
        "text": "ἀγνοούμενος",
        "tag": "w",
        "type": "word",
        "lemma": "ἀγνοέω",
        "strong": "G00500",
        "morph": "Gr,V,PPP,NMS,",
        "tw": "rc://*/tw/dict/bible/other/know"
      },
      {
        "text": "τῷ",
        "tag": "w",
        "type": "word",
        "lemma": "ὁ",
        "strong": "G35880",
        "morph": "Gr,EA,,,,DNS,"
      },
      {
        "text": "προσώπῳ",
        "tag": "w",
        "type": "word",
        "lemma": "πρόσωπον",
        "strong": "G43830",
        "morph": "Gr,N,,,,,DNS,",
        "tw": "rc://*/tw/dict/bible/other/face"
      },
      {
        "text": "ταῖς",
        "tag": "w",
        "type": "word",
        "lemma": "ὁ",
        "strong": "G35880",
        "morph": "Gr,EA,,,,DFP,"
      },
      {
        "text": "ἐκκλησίαις",
        "tag": "w",
        "type": "word",
        "lemma": "ἐκκλησία",
        "strong": "G15770",
        "morph": "Gr,N,,,,,DFP,",
        "tw": "rc://*/tw/dict/bible/kt/church"
      },
      {
        "text": "τῆς",
        "tag": "w",
        "type": "word",
        "lemma": "ὁ",
        "strong": "G35880",
        "morph": "Gr,EA,,,,GFS,"
      },
      {
        "text": "Ἰουδαίας",
        "tag": "w",
        "type": "word",
        "lemma": "Ἰουδαία",
        "strong": "G24490",
        "morph": "Gr,N,,,,,GFS,",
        "tw": "rc://*/tw/dict/bible/names/judea"
      },
      {
        "type": "text",
        "text": ","
      },
      {
        "text": "ταῖς",
        "tag": "w",
        "type": "word",
        "lemma": "ὁ",
        "strong": "G35880",
        "morph": "Gr,RD,,,,DFP,"
      },
      {
        "tag": "k",
        "type": "milestone",
        "tw": "rc://*/tw/dict/bible/kt/inchrist",
        "children": [
          {
            "text": "ἐν",
            "tag": "w",
            "type": "word",
            "lemma": "ἐν",
            "strong": "G17220",
            "morph": "Gr,P,,,,,D,,,"
          },
          {
            "text": "Χριστῷ",
            "tag": "w",
            "type": "word",
            "lemma": "χριστός",
            "strong": "G55470",
            "morph": "Gr,N,,,,,DMS,",
            "tw": "rc://*/tw/dict/bible/kt/christ"
          }
        ],
        "endTag": "k-e\\*"
      },
      {
        "type": "text",
        "text": ",\n\n"
      }
    ]
  },
  "23": {
    "verseObjects": [
      {
        "text": "μόνον",
        "tag": "w",
        "type": "word",
        "lemma": "μόνον",
        "strong": "G34400",
        "morph": "Gr,D,,,,,,,,,"
      },
      {
        "text": "δὲ",
        "tag": "w",
        "type": "word",
        "lemma": "δέ",
        "strong": "G11610",
        "morph": "Gr,CC,,,,,,,,"
      },
      {
        "text": "ἀκούοντες",
        "tag": "w",
        "type": "word",
        "lemma": "ἀκούω",
        "strong": "G01910",
        "morph": "Gr,V,PPA,NMP,"
      },
      {
        "text": "ἦσαν",
        "tag": "w",
        "type": "word",
        "lemma": "εἰμί",
        "strong": "G15100",
        "morph": "Gr,V,IIA3,,P,"
      },
      {
        "type": "text",
        "text": ","
      },
      {
        "text": "ὅτι",
        "tag": "w",
        "type": "word",
        "lemma": "ὅτι",
        "strong": "G37540",
        "morph": "Gr,CS,,,,,,,,"
      },
      {
        "type": "text",
        "text": "\n“"
      },
      {
        "text": "ὁ",
        "tag": "w",
        "type": "word",
        "lemma": "ὁ",
        "strong": "G35880",
        "morph": "Gr,RD,,,,NMS,"
      },
      {
        "text": "διώκων",
        "tag": "w",
        "type": "word",
        "lemma": "διώκω",
        "strong": "G13770",
        "morph": "Gr,V,PPA,NMS,",
        "tw": "rc://*/tw/dict/bible/other/persecute"
      },
      {
        "text": "ἡμᾶς",
        "tag": "w",
        "type": "word",
        "lemma": "ἐγώ",
        "strong": "G14730",
        "morph": "Gr,RP,,,1A,P,"
      },
      {
        "text": "ποτε",
        "tag": "w",
        "type": "word",
        "lemma": "ποτέ",
        "strong": "G42180",
        "morph": "Gr,D,,,,,,,,,"
      },
      {
        "type": "text",
        "text": ","
      },
      {
        "text": "νῦν",
        "tag": "w",
        "type": "word",
        "lemma": "νῦν",
        "strong": "G35680",
        "morph": "Gr,D,,,,,,,,,"
      },
      {
        "text": "εὐαγγελίζεται",
        "tag": "w",
        "type": "word",
        "lemma": "εὐαγγελίζω",
        "strong": "G20970",
        "morph": "Gr,V,IPM3,,S,",
        "tw": "rc://*/tw/dict/bible/other/preach"
      },
      {
        "text": "τὴν",
        "tag": "w",
        "type": "word",
        "lemma": "ὁ",
        "strong": "G35880",
        "morph": "Gr,EA,,,,AFS,"
      },
      {
        "text": "πίστιν",
        "tag": "w",
        "type": "word",
        "lemma": "πίστις",
        "strong": "G41020",
        "morph": "Gr,N,,,,,AFS,",
        "tw": "rc://*/tw/dict/bible/kt/faith"
      },
      {
        "type": "text",
        "text": ","
      },
      {
        "text": "ἥν",
        "tag": "w",
        "type": "word",
        "lemma": "ὅς",
        "strong": "G37390",
        "morph": "Gr,RR,,,,AFS,"
      },
      {
        "text": "ποτε",
        "tag": "w",
        "type": "word",
        "lemma": "ποτέ",
        "strong": "G42180",
        "morph": "Gr,D,,,,,,,,,"
      },
      {
        "text": "ἐπόρθει",
        "tag": "w",
        "type": "word",
        "lemma": "πορθέω",
        "strong": "G41990",
        "morph": "Gr,V,IIA3,,S,"
      },
      {
        "type": "text",
        "text": ".”\n\n"
      }
    ]
  },
  "24": {
    "verseObjects": [
      {
        "text": "καὶ",
        "tag": "w",
        "type": "word",
        "lemma": "καί",
        "strong": "G25320",
        "morph": "Gr,CC,,,,,,,,"
      },
      {
        "text": "ἐδόξαζον",
        "tag": "w",
        "type": "word",
        "lemma": "δοξάζω",
        "strong": "G13920",
        "morph": "Gr,V,IIA3,,P,",
        "tw": "rc://*/tw/dict/bible/kt/glory"
      },
      {
        "text": "ἐν",
        "tag": "w",
        "type": "word",
        "lemma": "ἐν",
        "strong": "G17220",
        "morph": "Gr,P,,,,,D,,,"
      },
      {
        "text": "ἐμοὶ",
        "tag": "w",
        "type": "word",
        "lemma": "ἐγώ",
        "strong": "G14730",
        "morph": "Gr,RP,,,1D,S,"
      },
      {
        "text": "τὸν",
        "tag": "w",
        "type": "word",
        "lemma": "ὁ",
        "strong": "G35880",
        "morph": "Gr,EA,,,,AMS,"
      },
      {
        "text": "Θεόν",
        "tag": "w",
        "type": "word",
        "lemma": "θεός",
        "strong": "G23160",
        "morph": "Gr,N,,,,,AMS,",
        "tw": "rc://*/tw/dict/bible/kt/god"
      },
      {
        "type": "text",
        "text": ".\n\n"
      }
    ]
  },
  "front": {
    "verseObjects": [
      {
        "tag": "p",
        "nextChar": "\n",
        "type": "paragraph"
      },
      {
        "type": "text",
        "text": "\n"
      }
    ]
  }
}