{
  "1": {
    "verseObjects": [
      {
        "text": "ἔπειτα",
        "tag": "w",
        "type": "word",
        "lemma": "ἔπειτα",
        "strong": "G18990",
        "morph": "Gr,D,,,,,,,,,"
      },
      {
        "text": "διὰ",
        "tag": "w",
        "type": "word",
        "lemma": "διά",
        "strong": "G12230",
        "morph": "Gr,P,,,,,G,,,"
      },
      {
        "text": "δεκατεσσάρων",
        "tag": "w",
        "type": "word",
        "lemma": "δεκατέσσαρες",
        "strong": "G11800",
        "morph": "Gr,EN,,,,GNP,"
      },
      {
        "text": "ἐτῶν",
        "tag": "w",
        "type": "word",
        "lemma": "ἔτος",
        "strong": "G20940",
        "morph": "Gr,N,,,,,GNP,",
        "tw": "rc://*/tw/dict/bible/other/biblicaltimeyear"
      },
      {
        "type": "text",
        "text": ","
      },
      {
        "text": "πάλιν",
        "tag": "w",
        "type": "word",
        "lemma": "πάλιν",
        "strong": "G38250",
        "morph": "Gr,D,,,,,,,,,"
      },
      {
        "text": "ἀνέβην",
        "tag": "w",
        "type": "word",
        "lemma": "ἀναβαίνω",
        "strong": "G03050",
        "morph": "Gr,V,IAA1,,S,"
      },
      {
        "text": "εἰς",
        "tag": "w",
        "type": "word",
        "lemma": "εἰς",
        "strong": "G15190",
        "morph": "Gr,P,,,,,A,,,"
      },
      {
        "text": "Ἱεροσόλυμα",
        "tag": "w",
        "type": "word",
        "lemma": "Ἱεροσόλυμα",
        "strong": "G24140",
        "morph": "Gr,N,,,,,ANP,",
        "tw": "rc://*/tw/dict/bible/names/jerusalem"
      },
      {
        "text": "μετὰ",
        "tag": "w",
        "type": "word",
        "lemma": "μετά",
        "strong": "G33260",
        "morph": "Gr,P,,,,,G,,,"
      },
      {
        "text": "Βαρναβᾶ",
        "tag": "w",
        "type": "word",
        "lemma": "Βαρναβᾶς",
        "strong": "G09210",
        "morph": "Gr,N,,,,,GMS,",
        "tw": "rc://*/tw/dict/bible/names/barnabas"
      },
      {
        "type": "text",
        "text": ","
      },
      {
        "text": "συνπαραλαβὼν",
        "tag": "w",
        "type": "word",
        "lemma": "συνπαραλαμβάνω",
        "strong": "G48380",
        "morph": "Gr,V,PAA,NMS,"
      },
      {
        "text": "καὶ",
        "tag": "w",
        "type": "word",
        "lemma": "καί",
        "strong": "G25320",
        "morph": "Gr,D,,,,,,,,,"
      },
      {
        "text": "Τίτον",
        "tag": "w",
        "type": "word",
        "lemma": "Τίτος",
        "strong": "G51030",
        "morph": "Gr,N,,,,,AMS,",
        "tw": "rc://*/tw/dict/bible/names/titus"
      },
      {
        "type": "text",
        "text": ";\n\n"
      }
    ]
  },
  "2": {
    "verseObjects": [
      {
        "text": "ἀνέβην",
        "tag": "w",
        "type": "word",
        "lemma": "ἀναβαίνω",
        "strong": "G03050",
        "morph": "Gr,V,IAA1,,S,"
      },
      {
        "text": "δὲ",
        "tag": "w",
        "type": "word",
        "lemma": "δέ",
        "strong": "G11610",
        "morph": "Gr,CC,,,,,,,,"
      },
      {
        "text": "κατὰ",
        "tag": "w",
        "type": "word",
        "lemma": "κατά",
        "strong": "G25960",
        "morph": "Gr,P,,,,,A,,,"
      },
      {
        "text": "ἀποκάλυψιν",
        "tag": "w",
        "type": "word",
        "lemma": "ἀποκάλυψις",
        "strong": "G06020",
        "morph": "Gr,N,,,,,AFS,",
        "tw": "rc://*/tw/dict/bible/kt/reveal"
      },
      {
        "type": "text",
        "text": ","
      },
      {
        "text": "καὶ",
        "tag": "w",
        "type": "word",
        "lemma": "καί",
        "strong": "G25320",
        "morph": "Gr,CC,,,,,,,,"
      },
      {
        "text": "ἀνεθέμην",
        "tag": "w",
        "type": "word",
        "lemma": "ἀνατίθημι",
        "strong": "G03940",
        "morph": "Gr,V,IAM1,,S,"
      },
      {
        "text": "αὐτοῖς",
        "tag": "w",
        "type": "word",
        "lemma": "αὐτός",
        "strong": "G08460",
        "morph": "Gr,RP,,,3DMP,"
      },
      {
        "text": "τὸ",
        "tag": "w",
        "type": "word",
        "lemma": "ὁ",
        "strong": "G35880",
        "morph": "Gr,EA,,,,ANS,"
      },
      {
        "text": "εὐαγγέλιον",
        "tag": "w",
        "type": "word",
        "lemma": "εὐαγγέλιον",
        "strong": "G20980",
        "morph": "Gr,N,,,,,ANS,",
        "tw": "rc://*/tw/dict/bible/kt/goodnews"
      },
      {
        "text": "ὃ",
        "tag": "w",
        "type": "word",
        "lemma": "ὅς",
        "strong": "G37390",
        "morph": "Gr,RD,,,,ANS,"
      },
      {
        "text": "κηρύσσω",
        "tag": "w",
        "type": "word",
        "lemma": "κηρύσσω",
        "strong": "G27840",
        "morph": "Gr,V,IPA1,,S,",
        "tw": "rc://*/tw/dict/bible/other/preach"
      },
      {
        "text": "ἐν",
        "tag": "w",
        "type": "word",
        "lemma": "ἐν",
        "strong": "G17220",
        "morph": "Gr,P,,,,,D,,,"
      },
      {
        "text": "τοῖς",
        "tag": "w",
        "type": "word",
        "lemma": "ὁ",
        "strong": "G35880",
        "morph": "Gr,EA,,,,DNP,"
      },
      {
        "text": "ἔθνεσιν",
        "tag": "w",
        "type": "word",
        "lemma": "ἔθνος",
        "strong": "G14840",
        "morph": "Gr,N,,,,,DNP,",
        "tw": "rc://*/tw/dict/bible/kt/gentile"
      },
      {
        "type": "text",
        "text": ","
      },
      {
        "text": "κατ’",
        "tag": "w",
        "type": "word",
        "lemma": "κατά",
        "strong": "G25960",
        "morph": "Gr,P,,,,,A,,,"
      },
      {
        "text": "ἰδίαν",
        "tag": "w",
        "type": "word",
        "lemma": "ἴδιος",
        "strong": "G23980",
        "morph": "Gr,RE,,,,AFS,"
      },
      {
        "text": "δὲ",
        "tag": "w",
        "type": "word",
        "lemma": "δέ",
        "strong": "G11610",
        "morph": "Gr,CC,,,,,,,,"
      },
      {
        "text": "τοῖς",
        "tag": "w",
        "type": "word",
        "lemma": "ὁ",
        "strong": "G35880",
        "morph": "Gr,RD,,,,DMP,"
      },
      {
        "text": "δοκοῦσιν",
        "tag": "w",
        "type": "word",
        "lemma": "δοκέω",
        "strong": "G13800",
        "morph": "Gr,V,PPA,DMP,"
      },
      {
        "type": "text",
        "text": ","
      },
      {
        "text": "μή",
        "tag": "w",
        "type": "word",
        "lemma": "μή",
        "strong": "G33610",
        "morph": "Gr,CS,,,,,,,,"
      },
      {
        "text": "πως",
        "tag": "w",
        "type": "word",
        "lemma": "πώς",
        "strong": "G44580",
        "morph": "Gr,D,,,,,,,,,"
      },
      {
        "text": "εἰς",
        "tag": "w",
        "type": "word",
        "lemma": "εἰς",
        "strong": "G15190",
        "morph": "Gr,P,,,,,A,,,"
      },
      {
        "text": "κενὸν",
        "tag": "w",
        "type": "word",
        "lemma": "κενός",
        "strong": "G27560",
        "morph": "Gr,NS,,,,ANS,",
        "tw": "rc://*/tw/dict/bible/other/vain"
      },
      {
        "text": "τρέχω",
        "tag": "w",
        "type": "word",
        "lemma": "τρέχω",
        "strong": "G51430",
        "morph": "Gr,V,SPA1,,S,",
        "tw": "rc://*/tw/dict/bible/other/run"
      },
      {
        "text": "ἢ",
        "tag": "w",
        "type": "word",
        "lemma": "ἤ",
        "strong": "G22280",
        "morph": "Gr,CC,,,,,,,,"
      },
      {
        "text": "ἔδραμον",
        "tag": "w",
        "type": "word",
        "lemma": "τρέχω",
        "strong": "G51430",
        "morph": "Gr,V,IAA1,,S,",
        "tw": "rc://*/tw/dict/bible/other/run"
      },
      {
        "type": "text",
        "text": ".\n\n"
      }
    ]
  },
  "3": {
    "verseObjects": [
      {
        "text": "ἀλλ’",
        "tag": "w",
        "type": "word",
        "lemma": "ἀλλά",
        "strong": "G02350",
        "morph": "Gr,CC,,,,,,,,"
      },
      {
        "text": "οὐδὲ",
        "tag": "w",
        "type": "word",
        "lemma": "οὐδέ",
        "strong": "G37610",
        "morph": "Gr,D,,,,,,,,,"
      },
      {
        "text": "Τίτος",
        "tag": "w",
        "type": "word",
        "lemma": "Τίτος",
        "strong": "G51030",
        "morph": "Gr,N,,,,,NMS,",
        "tw": "rc://*/tw/dict/bible/names/titus"
      },
      {
        "text": "ὁ",
        "tag": "w",
        "type": "word",
        "lemma": "ὁ",
        "strong": "G35880",
        "morph": "Gr,RR,,,,NMS,"
      },
      {
        "text": "σὺν",
        "tag": "w",
        "type": "word",
        "lemma": "σύν",
        "strong": "G48620",
        "morph": "Gr,P,,,,,D,,,"
      },
      {
        "text": "ἐμοί",
        "tag": "w",
        "type": "word",
        "lemma": "ἐγώ",
        "strong": "G14730",
        "morph": "Gr,RP,,,1D,S,"
      },
      {
        "type": "text",
        "text": ","
      },
      {
        "text": "Ἕλλην",
        "tag": "w",
        "type": "word",
        "lemma": "Ἕλλην",
        "strong": "G16720",
        "morph": "Gr,N,,,,,NMS,",
        "tw": "rc://*/tw/dict/bible/names/greek"
      },
      {
        "text": "ὤν",
        "tag": "w",
        "type": "word",
        "lemma": "εἰμί",
        "strong": "G15100",
        "morph": "Gr,V,PPA,NMS,"
      },
      {
        "type": "text",
        "text": ","
      },
      {
        "text": "ἠναγκάσθη",
        "tag": "w",
        "type": "word",
        "lemma": "ἀναγκάζω",
        "strong": "G03150",
        "morph": "Gr,V,IAP3,,S,"
      },
      {
        "text": "περιτμηθῆναι",
        "tag": "w",
        "type": "word",
        "lemma": "περιτέμνω",
        "strong": "G40590",
        "morph": "Gr,V,NAP,,,,,",
        "tw": "rc://*/tw/dict/bible/kt/circumcise"
      },
      {
        "type": "text",
        "text": ".\n\n"
      }
    ]
  },
  "4": {
    "verseObjects": [
      {
        "text": "διὰ",
        "tag": "w",
        "type": "word",
        "lemma": "διά",
        "strong": "G12230",
        "morph": "Gr,P,,,,,A,,,"
      },
      {
        "text": "δὲ",
        "tag": "w",
        "type": "word",
        "lemma": "δέ",
        "strong": "G11610",
        "morph": "Gr,CC,,,,,,,,"
      },
      {
        "text": "τοὺς",
        "tag": "w",
        "type": "word",
        "lemma": "ὁ",
        "strong": "G35880",
        "morph": "Gr,EA,,,,AMP,"
      },
      {
        "text": "παρεισάκτους",
        "tag": "w",
        "type": "word",
        "lemma": "παρείσακτος",
        "strong": "G39200",
        "morph": "Gr,AA,,,,AMP,"
      },
      {
        "text": "ψευδαδέλφους",
        "tag": "w",
        "type": "word",
        "lemma": "ψευδάδελφος",
        "strong": "G55690",
        "morph": "Gr,N,,,,,AMP,"
      },
      {
        "type": "text",
        "text": ","
      },
      {
        "text": "οἵτινες",
        "tag": "w",
        "type": "word",
        "lemma": "ὅστις",
        "strong": "G37480",
        "morph": "Gr,RR,,,,NMP,"
      },
      {
        "text": "παρεισῆλθον",
        "tag": "w",
        "type": "word",
        "lemma": "παρεισέρχομαι",
        "strong": "G39220",
        "morph": "Gr,V,IAA3,,P,"
      },
      {
        "text": "κατασκοπῆσαι",
        "tag": "w",
        "type": "word",
        "lemma": "κατασκοπέω",
        "strong": "G26840",
        "morph": "Gr,V,NAA,,,,,"
      },
      {
        "text": "τὴν",
        "tag": "w",
        "type": "word",
        "lemma": "ὁ",
        "strong": "G35880",
        "morph": "Gr,EA,,,,AFS,"
      },
      {
        "text": "ἐλευθερίαν",
        "tag": "w",
        "type": "word",
        "lemma": "ἐλευθερία",
        "strong": "G16570",
        "morph": "Gr,N,,,,,AFS,",
        "tw": "rc://*/tw/dict/bible/other/free"
      },
      {
        "text": "ἡμῶν",
        "tag": "w",
        "type": "word",
        "lemma": "ἐγώ",
        "strong": "G14730",
        "morph": "Gr,RP,,,1G,P,"
      },
      {
        "type": "text",
        "text": ","
      },
      {
        "text": "ἣν",
        "tag": "w",
        "type": "word",
        "lemma": "ὅς",
        "strong": "G37390",
        "morph": "Gr,RR,,,,AFS,"
      },
      {
        "text": "ἔχομεν",
        "tag": "w",
        "type": "word",
        "lemma": "ἔχω",
        "strong": "G21920",
        "morph": "Gr,V,IPA1,,P,"
      },
      {
        "tag": "k",
        "type": "milestone",
        "tw": "rc://*/tw/dict/bible/kt/inchrist",
        "children": [
          {
            "text": "ἐν",
            "tag": "w",
            "type": "word",
            "lemma": "ἐν",
            "strong": "G17220",
            "morph": "Gr,P,,,,,D,,,"
          },
          {
            "text": "Χριστῷ",
            "tag": "w",
            "type": "word",
            "lemma": "χριστός",
            "strong": "G55470",
            "morph": "Gr,N,,,,,DMS,",
            "tw": "rc://*/tw/dict/bible/kt/christ"
          },
          {
            "text": "Ἰησοῦ",
            "tag": "w",
            "type": "word",
            "lemma": "Ἰησοῦς",
            "strong": "G24240",
            "morph": "Gr,N,,,,,DMS,",
            "tw": "rc://*/tw/dict/bible/kt/jesus"
          }
        ],
        "endTag": "k-e\\*"
      },
      {
        "type": "text",
        "text": ","
      },
      {
        "text": "ἵνα",
        "tag": "w",
        "type": "word",
        "lemma": "ἵνα",
        "strong": "G24430",
        "morph": "Gr,CS,,,,,,,,"
      },
      {
        "text": "ἡμᾶς",
        "tag": "w",
        "type": "word",
        "lemma": "ἐγώ",
        "strong": "G14730",
        "morph": "Gr,RP,,,1A,P,"
      },
      {
        "text": "καταδουλώσουσιν",
        "tag": "w",
        "type": "word",
        "lemma": "καταδουλόω",
        "strong": "G26150",
        "morph": "Gr,V,IFA3,,P,",
        "tw": "rc://*/tw/dict/bible/other/enslave"
      },
      {
        "type": "text",
        "text": ";\n\n"
      }
    ]
  },
  "5": {
    "verseObjects": [
      {
        "text": "οἷς",
        "tag": "w",
        "type": "word",
        "lemma": "ὅς",
        "strong": "G37390",
        "morph": "Gr,RR,,,,DMP,"
      },
      {
        "text": "οὐδὲ",
        "tag": "w",
        "type": "word",
        "lemma": "οὐδέ",
        "strong": "G37610",
        "morph": "Gr,D,,,,,,,,,"
      },
      {
        "text": "πρὸς",
        "tag": "w",
        "type": "word",
        "lemma": "πρός",
        "strong": "G43140",
        "morph": "Gr,P,,,,,A,,,"
      },
      {
        "text": "ὥραν",
        "tag": "w",
        "type": "word",
        "lemma": "ὥρα",
        "strong": "G56100",
        "morph": "Gr,N,,,,,AFS,",
        "tw": "rc://*/tw/dict/bible/other/biblicaltimehour"
      },
      {
        "text": "εἴξαμεν",
        "tag": "w",
        "type": "word",
        "lemma": "εἴκω",
        "strong": "G15020",
        "morph": "Gr,V,IAA1,,P,"
      },
      {
        "text": "τῇ",
        "tag": "w",
        "type": "word",
        "lemma": "ὁ",
        "strong": "G35880",
        "morph": "Gr,EA,,,,DFS,"
      },
      {
        "text": "ὑποταγῇ",
        "tag": "w",
        "type": "word",
        "lemma": "ὑποταγή",
        "strong": "G52920",
        "morph": "Gr,N,,,,,DFS,",
        "tw": "rc://*/tw/dict/bible/other/submit"
      },
      {
        "type": "text",
        "text": ","
      },
      {
        "text": "ἵνα",
        "tag": "w",
        "type": "word",
        "lemma": "ἵνα",
        "strong": "G24430",
        "morph": "Gr,CS,,,,,,,,"
      },
      {
        "text": "ἡ",
        "tag": "w",
        "type": "word",
        "lemma": "ὁ",
        "strong": "G35880",
        "morph": "Gr,EA,,,,NFS,"
      },
      {
        "text": "ἀλήθεια",
        "tag": "w",
        "type": "word",
        "lemma": "ἀλήθεια",
        "strong": "G02250",
        "morph": "Gr,N,,,,,NFS,",
        "tw": "rc://*/tw/dict/bible/kt/true"
      },
      {
        "text": "τοῦ",
        "tag": "w",
        "type": "word",
        "lemma": "ὁ",
        "strong": "G35880",
        "morph": "Gr,EA,,,,GNS,"
      },
      {
        "text": "εὐαγγελίου",
        "tag": "w",
        "type": "word",
        "lemma": "εὐαγγέλιον",
        "strong": "G20980",
        "morph": "Gr,N,,,,,GNS,",
        "tw": "rc://*/tw/dict/bible/kt/goodnews"
      },
      {
        "text": "διαμείνῃ",
        "tag": "w",
        "type": "word",
        "lemma": "διαμένω",
        "strong": "G12650",
        "morph": "Gr,V,SAA3,,S,"
      },
      {
        "text": "πρὸς",
        "tag": "w",
        "type": "word",
        "lemma": "πρός",
        "strong": "G43140",
        "morph": "Gr,P,,,,,A,,,"
      },
      {
        "text": "ὑμᾶς",
        "tag": "w",
        "type": "word",
        "lemma": "σύ",
        "strong": "G47710",
        "morph": "Gr,RP,,,2A,P,"
      },
      {
        "type": "text",
        "text": ".\n\n"
      }
    ]
  },
  "6": {
    "verseObjects": [
      {
        "text": "ἀπὸ",
        "tag": "w",
        "type": "word",
        "lemma": "ἀπό",
        "strong": "G05750",
        "morph": "Gr,P,,,,,G,,,"
      },
      {
        "text": "δὲ",
        "tag": "w",
        "type": "word",
        "lemma": "δέ",
        "strong": "G11610",
        "morph": "Gr,CC,,,,,,,,"
      },
      {
        "text": "τῶν",
        "tag": "w",
        "type": "word",
        "lemma": "ὁ",
        "strong": "G35880",
        "morph": "Gr,RD,,,,GMP,"
      },
      {
        "text": "δοκούντων",
        "tag": "w",
        "type": "word",
        "lemma": "δοκέω",
        "strong": "G13800",
        "morph": "Gr,V,PPA,GMP,"
      },
      {
        "text": "εἶναί",
        "tag": "w",
        "type": "word",
        "lemma": "εἰμί",
        "strong": "G15100",
        "morph": "Gr,V,NPA,,,,,"
      },
      {
        "text": "τι",
        "tag": "w",
        "type": "word",
        "lemma": "τις",
        "strong": "G51000",
        "morph": "Gr,RI,,,,ANS,"
      },
      {
        "text": "ὁποῖοί",
        "tag": "w",
        "type": "word",
        "lemma": "ὁποῖος",
        "strong": "G36970",
        "morph": "Gr,RT,,,,NMP,"
      },
      {
        "type": "text",
        "text": "("
      },
      {
        "text": "ποτε",
        "tag": "w",
        "type": "word",
        "lemma": "ποτέ",
        "strong": "G42180",
        "morph": "Gr,D,,,,,,,,,"
      },
      {
        "text": "ἦσαν",
        "tag": "w",
        "type": "word",
        "lemma": "εἰμί",
        "strong": "G15100",
        "morph": "Gr,V,IIA3,,P,"
      },
      {
        "type": "text",
        "text": ","
      },
      {
        "text": "οὐδέν",
        "tag": "w",
        "type": "word",
        "lemma": "οὐδείς",
        "strong": "G37620",
        "morph": "Gr,RI,,,,NNS,"
      },
      {
        "text": "μοι",
        "tag": "w",
        "type": "word",
        "lemma": "ἐγώ",
        "strong": "G14730",
        "morph": "Gr,RP,,,1D,S,"
      },
      {
        "text": "διαφέρει",
        "tag": "w",
        "type": "word",
        "lemma": "διαφέρω",
        "strong": "G13080",
        "morph": "Gr,V,IPA3,,S,"
      },
      {
        "type": "text",
        "text": ","
      },
      {
        "text": "πρόσωπον",
        "tag": "w",
        "type": "word",
        "lemma": "πρόσωπον",
        "strong": "G43830",
        "morph": "Gr,N,,,,,ANS,",
        "tw": "rc://*/tw/dict/bible/other/face"
      },
      {
        "text": "ὁ",
        "tag": "w",
        "type": "word",
        "lemma": "ὁ",
        "strong": "G35880",
        "morph": "Gr,EA,,,,NMS,"
      },
      {
        "text": "Θεὸς",
        "tag": "w",
        "type": "word",
        "lemma": "θεός",
        "strong": "G23160",
        "morph": "Gr,N,,,,,NMS,",
        "tw": "rc://*/tw/dict/bible/kt/god"
      },
      {
        "text": "ἀνθρώπου",
        "tag": "w",
        "type": "word",
        "lemma": "ἄνθρωπος",
        "strong": "G04440",
        "morph": "Gr,N,,,,,GMS,"
      },
      {
        "text": "οὐ",
        "tag": "w",
        "type": "word",
        "lemma": "οὐ",
        "strong": "G37560",
        "morph": "Gr,D,,,,,,,,,"
      },
      {
        "text": "λαμβάνει",
        "tag": "w",
        "type": "word",
        "lemma": "λαμβάνω",
        "strong": "G29830",
        "morph": "Gr,V,IPA3,,S,",
        "tw": "rc://*/tw/dict/bible/other/receive"
      },
      {
        "type": "text",
        "text": "),"
      },
      {
        "text": "ἐμοὶ",
        "tag": "w",
        "type": "word",
        "lemma": "ἐγώ",
        "strong": "G14730",
        "morph": "Gr,RP,,,1D,S,"
      },
      {
        "text": "γὰρ",
        "tag": "w",
        "type": "word",
        "lemma": "γάρ",
        "strong": "G10630",
        "morph": "Gr,CC,,,,,,,,"
      },
      {
        "text": "οἱ",
        "tag": "w",
        "type": "word",
        "lemma": "ὁ",
        "strong": "G35880",
        "morph": "Gr,RD,,,,NMP,"
      },
      {
        "text": "δοκοῦντες",
        "tag": "w",
        "type": "word",
        "lemma": "δοκέω",
        "strong": "G13800",
        "morph": "Gr,V,PPA,NMP,"
      },
      {
        "text": "οὐδὲν",
        "tag": "w",
        "type": "word",
        "lemma": "οὐδείς",
        "strong": "G37620",
        "morph": "Gr,RI,,,,ANS,"
      },
      {
        "text": "προσανέθεντο",
        "tag": "w",
        "type": "word",
        "lemma": "προσανατίθημι",
        "strong": "G43230",
        "morph": "Gr,V,IAM3,,P,"
      },
      {
        "type": "text",
        "text": ".\n\n"
      }
    ]
  },
  "7": {
    "verseObjects": [
      {
        "text": "ἀλλὰ",
        "tag": "w",
        "type": "word",
        "lemma": "ἀλλά",
        "strong": "G02350",
        "morph": "Gr,CC,,,,,,,,"
      },
      {
        "text": "τοὐναντίον",
        "tag": "w",
        "type": "word",
        "lemma": "τοὐναντίον",
        "strong": "G51210",
        "morph": "Gr,D,,,,,,,,,"
      },
      {
        "text": "ἰδόντες",
        "tag": "w",
        "type": "word",
        "lemma": "ὁράω",
        "strong": "G37080",
        "morph": "Gr,V,PAA,NMP,"
      },
      {
        "text": "ὅτι",
        "tag": "w",
        "type": "word",
        "lemma": "ὅτι",
        "strong": "G37540",
        "morph": "Gr,CS,,,,,,,,"
      },
      {
        "text": "πεπίστευμαι",
        "tag": "w",
        "type": "word",
        "lemma": "πιστεύω",
        "strong": "G41000",
        "morph": "Gr,V,IEP1,,S,",
        "tw": "rc://*/tw/dict/bible/kt/trust"
      },
      {
        "text": "τὸ",
        "tag": "w",
        "type": "word",
        "lemma": "ὁ",
        "strong": "G35880",
        "morph": "Gr,EA,,,,ANS,"
      },
      {
        "text": "εὐαγγέλιον",
        "tag": "w",
        "type": "word",
        "lemma": "εὐαγγέλιον",
        "strong": "G20980",
        "morph": "Gr,N,,,,,ANS,",
        "tw": "rc://*/tw/dict/bible/kt/goodnews"
      },
      {
        "text": "τῆς",
        "tag": "w",
        "type": "word",
        "lemma": "ὁ",
        "strong": "G35880",
        "morph": "Gr,EA,,,,GFS,"
      },
      {
        "text": "ἀκροβυστίας",
        "tag": "w",
        "type": "word",
        "lemma": "ἀκροβυστία",
        "strong": "G02030",
        "morph": "Gr,N,,,,,GFS,",
        "tw": "rc://*/tw/dict/bible/kt/circumcise"
      },
      {
        "type": "text",
        "text": ","
      },
      {
        "text": "καθὼς",
        "tag": "w",
        "type": "word",
        "lemma": "καθώς",
        "strong": "G25310",
        "morph": "Gr,D,,,,,,,,,",
        "tw": "rc://*/tw/dict/bible/other/like"
      },
      {
        "text": "Πέτρος",
        "tag": "w",
        "type": "word",
        "lemma": "πέτρος",
        "strong": "G40740",
        "morph": "Gr,N,,,,,NMS,",
        "tw": "rc://*/tw/dict/bible/names/peter"
      },
      {
        "text": "τῆς",
        "tag": "w",
        "type": "word",
        "lemma": "ὁ",
        "strong": "G35880",
        "morph": "Gr,EA,,,,GFS,"
      },
      {
        "text": "περιτομῆς",
        "tag": "w",
        "type": "word",
        "lemma": "περιτομή",
        "strong": "G40610",
        "morph": "Gr,N,,,,,GFS,",
        "tw": "rc://*/tw/dict/bible/kt/circumcise"
      },
      {
        "type": "text",
        "text": "\n\n"
      }
    ]
  },
  "8": {
    "verseObjects": [
      {
        "text": "ὁ",
        "tag": "w",
        "type": "word",
        "lemma": "ὁ",
        "strong": "G35880",
        "morph": "Gr,RD,,,,NMS,"
      },
      {
        "type": "text",
        "text": "("
      },
      {
        "text": "γὰρ",
        "tag": "w",
        "type": "word",
        "lemma": "γάρ",
        "strong": "G10630",
        "morph": "Gr,CC,,,,,,,,"
      },
      {
        "text": "ἐνεργήσας",
        "tag": "w",
        "type": "word",
        "lemma": "ἐνεργέω",
        "strong": "G17540",
        "morph": "Gr,V,PAA,NMS,"
      },
      {
        "text": "Πέτρῳ",
        "tag": "w",
        "type": "word",
        "lemma": "πέτρος",
        "strong": "G40740",
        "morph": "Gr,N,,,,,DMS,",
        "tw": "rc://*/tw/dict/bible/names/peter"
      },
      {
        "text": "εἰς",
        "tag": "w",
        "type": "word",
        "lemma": "εἰς",
        "strong": "G15190",
        "morph": "Gr,P,,,,,A,,,"
      },
      {
        "text": "ἀποστολὴν",
        "tag": "w",
        "type": "word",
        "lemma": "ἀποστολή",
        "strong": "G06510",
        "morph": "Gr,N,,,,,AFS,",
        "tw": "rc://*/tw/dict/bible/kt/apostle"
      },
      {
        "text": "τῆς",
        "tag": "w",
        "type": "word",
        "lemma": "ὁ",
        "strong": "G35880",
        "morph": "Gr,EA,,,,GFS,"
      },
      {
        "text": "περιτομῆς",
        "tag": "w",
        "type": "word",
        "lemma": "περιτομή",
        "strong": "G40610",
        "morph": "Gr,N,,,,,GFS,",
        "tw": "rc://*/tw/dict/bible/kt/circumcise"
      },
      {
        "type": "text",
        "text": ","
      },
      {
        "text": "ἐνήργησεν",
        "tag": "w",
        "type": "word",
        "lemma": "ἐνεργέω",
        "strong": "G17540",
        "morph": "Gr,V,IAA3,,S,"
      },
      {
        "text": "καὶ",
        "tag": "w",
        "type": "word",
        "lemma": "καί",
        "strong": "G25320",
        "morph": "Gr,D,,,,,,,,,"
      },
      {
        "text": "ἐμοὶ",
        "tag": "w",
        "type": "word",
        "lemma": "ἐγώ",
        "strong": "G14730",
        "morph": "Gr,RP,,,1D,S,"
      },
      {
        "text": "εἰς",
        "tag": "w",
        "type": "word",
        "lemma": "εἰς",
        "strong": "G15190",
        "morph": "Gr,P,,,,,A,,,"
      },
      {
        "text": "τὰ",
        "tag": "w",
        "type": "word",
        "lemma": "ὁ",
        "strong": "G35880",
        "morph": "Gr,EA,,,,ANP,"
      },
      {
        "text": "ἔθνη",
        "tag": "w",
        "type": "word",
        "lemma": "ἔθνος",
        "strong": "G14840",
        "morph": "Gr,N,,,,,ANP,",
        "tw": "rc://*/tw/dict/bible/kt/gentile"
      },
      {
        "type": "text",
        "text": "),\n\n"
      }
    ]
  },
  "9": {
    "verseObjects": [
      {
        "text": "καὶ",
        "tag": "w",
        "type": "word",
        "lemma": "καί",
        "strong": "G25320",
        "morph": "Gr,CC,,,,,,,,"
      },
      {
        "text": "γνόντες",
        "tag": "w",
        "type": "word",
        "lemma": "γινώσκω",
        "strong": "G10970",
        "morph": "Gr,V,PAA,NMP,",
        "tw": "rc://*/tw/dict/bible/other/know"
      },
      {
        "text": "τὴν",
        "tag": "w",
        "type": "word",
        "lemma": "ὁ",
        "strong": "G35880",
        "morph": "Gr,EA,,,,AFS,"
      },
      {
        "text": "χάριν",
        "tag": "w",
        "type": "word",
        "lemma": "χάρις",
        "strong": "G54850",
        "morph": "Gr,N,,,,,AFS,",
        "tw": "rc://*/tw/dict/bible/kt/grace"
      },
      {
        "text": "τὴν",
        "tag": "w",
        "type": "word",
        "lemma": "ὁ",
        "strong": "G35880",
        "morph": "Gr,RD,,,,AFS,"
      },
      {
        "text": "δοθεῖσάν",
        "tag": "w",
        "type": "word",
        "lemma": "δίδωμι",
        "strong": "G13250",
        "morph": "Gr,V,PAP,AFS,"
      },
      {
        "text": "μοι",
        "tag": "w",
        "type": "word",
        "lemma": "ἐγώ",
        "strong": "G14730",
        "morph": "Gr,RP,,,1D,S,"
      },
      {
        "type": "text",
        "text": ","
      },
      {
        "text": "Ἰάκωβος",
        "tag": "w",
        "type": "word",
        "lemma": "Ἰάκωβος",
        "strong": "G23850",
        "morph": "Gr,N,,,,,NMS,",
        "tw": "rc://*/tw/dict/bible/names/jamesbrotherofjesus"
      },
      {
        "text": "καὶ",
        "tag": "w",
        "type": "word",
        "lemma": "καί",
        "strong": "G25320",
        "morph": "Gr,CC,,,,,,,,"
      },
      {
        "text": "Κηφᾶς",
        "tag": "w",
        "type": "word",
        "lemma": "Κηφᾶς",
        "strong": "G27860",
        "morph": "Gr,N,,,,,NMS,",
        "tw": "rc://*/tw/dict/bible/names/peter"
      },
      {
        "type": "text",
        "text": ","
      },
      {
        "text": "καὶ",
        "tag": "w",
        "type": "word",
        "lemma": "καί",
        "strong": "G25320",
        "morph": "Gr,CC,,,,,,,,"
      },
      {
        "text": "Ἰωάννης",
        "tag": "w",
        "type": "word",
        "lemma": "Ἰωάννης",
        "strong": "G24910",
        "morph": "Gr,N,,,,,NMS,",
        "tw": "rc://*/tw/dict/bible/names/johntheapostle"
      },
      {
        "type": "text",
        "text": ","
      },
      {
        "text": "οἱ",
        "tag": "w",
        "type": "word",
        "lemma": "ὁ",
        "strong": "G35880",
        "morph": "Gr,RD,,,,NMP,"
      },
      {
        "text": "δοκοῦντες",
        "tag": "w",
        "type": "word",
        "lemma": "δοκέω",
        "strong": "G13800",
        "morph": "Gr,V,PPA,NMP,"
      },
      {
        "text": "στῦλοι",
        "tag": "w",
        "type": "word",
        "lemma": "στῦλος",
        "strong": "G47690",
        "morph": "Gr,N,,,,,NMP,",
        "tw": "rc://*/tw/dict/bible/other/pillar"
      },
      {
        "text": "εἶναι",
        "tag": "w",
        "type": "word",
        "lemma": "εἰμί",
        "strong": "G15100",
        "morph": "Gr,V,NPA,,,,,"
      },
      {
        "type": "text",
        "text": ","
      },
      {
        "text": "δεξιὰς",
        "tag": "w",
        "type": "word",
        "lemma": "δεξιός",
        "strong": "G11880",
        "morph": "Gr,NS,,,,AFP,",
        "tw": "rc://*/tw/dict/bible/kt/righthand"
      },
      {
        "text": "ἔδωκαν",
        "tag": "w",
        "type": "word",
        "lemma": "δίδωμι",
        "strong": "G13250",
        "morph": "Gr,V,IAA3,,P,"
      },
      {
        "text": "ἐμοὶ",
        "tag": "w",
        "type": "word",
        "lemma": "ἐγώ",
        "strong": "G14730",
        "morph": "Gr,RP,,,1D,S,"
      },
      {
        "text": "καὶ",
        "tag": "w",
        "type": "word",
        "lemma": "καί",
        "strong": "G25320",
        "morph": "Gr,CC,,,,,,,,"
      },
      {
        "text": "Βαρναβᾷ",
        "tag": "w",
        "type": "word",
        "lemma": "Βαρναβᾶς",
        "strong": "G09210",
        "morph": "Gr,N,,,,,DMS,",
        "tw": "rc://*/tw/dict/bible/names/barnabas"
      },
      {
        "text": "κοινωνίας",
        "tag": "w",
        "type": "word",
        "lemma": "κοινωνία",
        "strong": "G28420",
        "morph": "Gr,N,,,,,GFS,",
        "tw": "rc://*/tw/dict/bible/kt/fellowship"
      },
      {
        "type": "text",
        "text": ","
      },
      {
        "text": "ἵνα",
        "tag": "w",
        "type": "word",
        "lemma": "ἵνα",
        "strong": "G24430",
        "morph": "Gr,CS,,,,,,,,"
      },
      {
        "text": "ἡμεῖς",
        "tag": "w",
        "type": "word",
        "lemma": "ἐγώ",
        "strong": "G14730",
        "morph": "Gr,RP,,,1N,P,"
      },
      {
        "text": "εἰς",
        "tag": "w",
        "type": "word",
        "lemma": "εἰς",
        "strong": "G15190",
        "morph": "Gr,P,,,,,A,,,"
      },
      {
        "text": "τὰ",
        "tag": "w",
        "type": "word",
        "lemma": "ὁ",
        "strong": "G35880",
        "morph": "Gr,EA,,,,ANP,"
      },
      {
        "text": "ἔθνη",
        "tag": "w",
        "type": "word",
        "lemma": "ἔθνος",
        "strong": "G14840",
        "morph": "Gr,N,,,,,ANP,",
        "tw": "rc://*/tw/dict/bible/kt/gentile"
      },
      {
        "type": "text",
        "text": ","
      },
      {
        "text": "αὐτοὶ",
        "tag": "w",
        "type": "word",
        "lemma": "αὐτός",
        "strong": "G08460",
        "morph": "Gr,RP,,,3NMP,"
      },
      {
        "text": "δὲ",
        "tag": "w",
        "type": "word",
        "lemma": "δέ",
        "strong": "G11610",
        "morph": "Gr,CC,,,,,,,,"
      },
      {
        "text": "εἰς",
        "tag": "w",
        "type": "word",
        "lemma": "εἰς",
        "strong": "G15190",
        "morph": "Gr,P,,,,,A,,,"
      },
      {
        "text": "τὴν",
        "tag": "w",
        "type": "word",
        "lemma": "ὁ",
        "strong": "G35880",
        "morph": "Gr,EA,,,,AFS,"
      },
      {
        "text": "περιτομήν",
        "tag": "w",
        "type": "word",
        "lemma": "περιτομή",
        "strong": "G40610",
        "morph": "Gr,N,,,,,AFS,",
        "tw": "rc://*/tw/dict/bible/kt/circumcise"
      },
      {
        "type": "text",
        "text": ";\n\n"
      }
    ]
  },
  "10": {
    "verseObjects": [
      {
        "text": "μόνον",
        "tag": "w",
        "type": "word",
        "lemma": "μόνον",
        "strong": "G34400",
        "morph": "Gr,D,,,,,,,,,"
      },
      {
        "text": "τῶν",
        "tag": "w",
        "type": "word",
        "lemma": "ὁ",
        "strong": "G35880",
        "morph": "Gr,EA,,,,GMP,"
      },
      {
        "text": "πτωχῶν",
        "tag": "w",
        "type": "word",
        "lemma": "πτωχός",
        "strong": "G44340",
        "morph": "Gr,NS,,,,GMP,"
      },
      {
        "text": "ἵνα",
        "tag": "w",
        "type": "word",
        "lemma": "ἵνα",
        "strong": "G24430",
        "morph": "Gr,CS,,,,,,,,"
      },
      {
        "text": "μνημονεύωμεν",
        "tag": "w",
        "type": "word",
        "lemma": "μνημονεύω",
        "strong": "G34210",
        "morph": "Gr,V,SPA1,,P,"
      },
      {
        "type": "text",
        "text": ","
      },
      {
        "text": "ὃ",
        "tag": "w",
        "type": "word",
        "lemma": "ὅς",
        "strong": "G37390",
        "morph": "Gr,RD,,,,ANS,"
      },
      {
        "text": "καὶ",
        "tag": "w",
        "type": "word",
        "lemma": "καί",
        "strong": "G25320",
        "morph": "Gr,D,,,,,,,,,"
      },
      {
        "text": "ἐσπούδασα",
        "tag": "w",
        "type": "word",
        "lemma": "σπουδάζω",
        "strong": "G47040",
        "morph": "Gr,V,IAA1,,S,"
      },
      {
        "text": "αὐτὸ",
        "tag": "w",
        "type": "word",
        "lemma": "αὐτός",
        "strong": "G08460",
        "morph": "Gr,RD,,,,ANS,"
      },
      {
        "text": "τοῦτο",
        "tag": "w",
        "type": "word",
        "lemma": "οὗτος",
        "strong": "G37780",
        "morph": "Gr,ED,,,,ANS,"
      },
      {
        "text": "ποιῆσαι",
        "tag": "w",
        "type": "word",
        "lemma": "ποιέω",
        "strong": "G41600",
        "morph": "Gr,V,NAA,,,,,"
      },
      {
        "type": "text",
        "text": ".\n\n"
      }
    ]
  },
  "11": {
    "verseObjects": [
      {
        "type": "text",
        "text": "\n"
      },
      {
        "tag": "p",
        "type": "paragraph"
      },
      {
        "text": "ὅτε",
        "tag": "w",
        "type": "word",
        "lemma": "ὅτε",
        "strong": "G37530",
        "morph": "Gr,CS,,,,,,,,"
      },
      {
        "text": "δὲ",
        "tag": "w",
        "type": "word",
        "lemma": "δέ",
        "strong": "G11610",
        "morph": "Gr,CC,,,,,,,,"
      },
      {
        "text": "ἦλθεν",
        "tag": "w",
        "type": "word",
        "lemma": "ἔρχομαι",
        "strong": "G20640",
        "morph": "Gr,V,IAA3,,S,"
      },
      {
        "text": "Κηφᾶς",
        "tag": "w",
        "type": "word",
        "lemma": "Κηφᾶς",
        "strong": "G27860",
        "morph": "Gr,N,,,,,NMS,",
        "tw": "rc://*/tw/dict/bible/names/peter"
      },
      {
        "text": "εἰς",
        "tag": "w",
        "type": "word",
        "lemma": "εἰς",
        "strong": "G15190",
        "morph": "Gr,P,,,,,A,,,"
      },
      {
        "text": "Ἀντιόχειαν",
        "tag": "w",
        "type": "word",
        "lemma": "Ἀντιόχεια",
        "strong": "G04900",
        "morph": "Gr,N,,,,,AFS,",
        "tw": "rc://*/tw/dict/bible/names/antioch"
      },
      {
        "type": "text",
        "text": ","
      },
      {
        "text": "κατὰ",
        "tag": "w",
        "type": "word",
        "lemma": "κατά",
        "strong": "G25960",
        "morph": "Gr,P,,,,,A,,,"
      },
      {
        "text": "πρόσωπον",
        "tag": "w",
        "type": "word",
        "lemma": "πρόσωπον",
        "strong": "G43830",
        "morph": "Gr,N,,,,,ANS,",
        "tw": "rc://*/tw/dict/bible/other/face"
      },
      {
        "text": "αὐτῷ",
        "tag": "w",
        "type": "word",
        "lemma": "αὐτός",
        "strong": "G08460",
        "morph": "Gr,RP,,,3DMS,"
      },
      {
        "text": "ἀντέστην",
        "tag": "w",
        "type": "word",
        "lemma": "ἀνθίστημι",
        "strong": "G04360",
        "morph": "Gr,V,IAA1,,S,"
      },
      {
        "type": "text",
        "text": ","
      },
      {
        "text": "ὅτι",
        "tag": "w",
        "type": "word",
        "lemma": "ὅτι",
        "strong": "G37540",
        "morph": "Gr,CS,,,,,,,,"
      },
      {
        "text": "κατεγνωσμένος",
        "tag": "w",
        "type": "word",
        "lemma": "καταγινώσκω",
        "strong": "G26070",
        "morph": "Gr,V,PEP,NMS,",
        "tw": "rc://*/tw/dict/bible/other/condemn"
      },
      {
        "text": "ἦν",
        "tag": "w",
        "type": "word",
        "lemma": "εἰμί",
        "strong": "G15100",
        "morph": "Gr,V,IIA3,,S,"
      },
      {
        "type": "text",
        "text": ".\n\n"
      }
    ]
  },
  "12": {
    "verseObjects": [
      {
        "text": "πρὸ",
        "tag": "w",
        "type": "word",
        "lemma": "πρό",
        "strong": "G42530",
        "morph": "Gr,P,,,,,G,,,"
      },
      {
        "text": "τοῦ",
        "tag": "w",
        "type": "word",
        "lemma": "ὁ",
        "strong": "G35880",
        "morph": "Gr,RD,,,,GNS,"
      },
      {
        "text": "γὰρ",
        "tag": "w",
        "type": "word",
        "lemma": "γάρ",
        "strong": "G10630",
        "morph": "Gr,CC,,,,,,,,"
      },
      {
        "text": "ἐλθεῖν",
        "tag": "w",
        "type": "word",
        "lemma": "ἔρχομαι",
        "strong": "G20640",
        "morph": "Gr,V,NAA,,,,,"
      },
      {
        "text": "τινας",
        "tag": "w",
        "type": "word",
        "lemma": "τις",
        "strong": "G51000",
        "morph": "Gr,RI,,,,AMP,"
      },
      {
        "text": "ἀπὸ",
        "tag": "w",
        "type": "word",
        "lemma": "ἀπό",
        "strong": "G05750",
        "morph": "Gr,P,,,,,G,,,"
      },
      {
        "text": "Ἰακώβου",
        "tag": "w",
        "type": "word",
        "lemma": "Ἰάκωβος",
        "strong": "G23850",
        "morph": "Gr,N,,,,,GMS,",
        "tw": "rc://*/tw/dict/bible/names/jamesbrotherofjesus"
      },
      {
        "type": "text",
        "text": ","
      },
      {
        "text": "μετὰ",
        "tag": "w",
        "type": "word",
        "lemma": "μετά",
        "strong": "G33260",
        "morph": "Gr,P,,,,,G,,,"
      },
      {
        "text": "τῶν",
        "tag": "w",
        "type": "word",
        "lemma": "ὁ",
        "strong": "G35880",
        "morph": "Gr,EA,,,,GNP,"
      },
      {
        "text": "ἐθνῶν",
        "tag": "w",
        "type": "word",
        "lemma": "ἔθνος",
        "strong": "G14840",
        "morph": "Gr,N,,,,,GNP,",
        "tw": "rc://*/tw/dict/bible/kt/gentile"
      },
      {
        "text": "συνήσθιεν",
        "tag": "w",
        "type": "word",
        "lemma": "συνεσθίω",
        "strong": "G49060",
        "morph": "Gr,V,IIA3,,S,"
      },
      {
        "type": "text",
        "text": ";"
      },
      {
        "text": "ὅτε",
        "tag": "w",
        "type": "word",
        "lemma": "ὅτε",
        "strong": "G37530",
        "morph": "Gr,CS,,,,,,,,"
      },
      {
        "text": "δὲ",
        "tag": "w",
        "type": "word",
        "lemma": "δέ",
        "strong": "G11610",
        "morph": "Gr,CC,,,,,,,,"
      },
      {
        "text": "ἦλθον",
        "tag": "w",
        "type": "word",
        "lemma": "ἔρχομαι",
        "strong": "G20640",
        "morph": "Gr,V,IAA3,,P,"
      },
      {
        "type": "text",
        "text": ","
      },
      {
        "text": "ὑπέστελλεν",
        "tag": "w",
        "type": "word",
        "lemma": "ὑποστέλλω",
        "strong": "G52880",
        "morph": "Gr,V,IIA3,,S,"
      },
      {
        "text": "καὶ",
        "tag": "w",
        "type": "word",
        "lemma": "καί",
        "strong": "G25320",
        "morph": "Gr,CC,,,,,,,,"
      },
      {
        "text": "ἀφώριζεν",
        "tag": "w",
        "type": "word",
        "lemma": "ἀφορίζω",
        "strong": "G08730",
        "morph": "Gr,V,IIA3,,S,",
        "tw": "rc://*/tw/dict/bible/kt/setapart"
      },
      {
        "text": "ἑαυτόν",
        "tag": "w",
        "type": "word",
        "lemma": "ἑαυτοῦ",
        "strong": "G14380",
        "morph": "Gr,RE,,,3AMS,"
      },
      {
        "type": "text",
        "text": ","
      },
      {
        "text": "φοβούμενος",
        "tag": "w",
        "type": "word",
        "lemma": "φοβέω",
        "strong": "G53990",
        "morph": "Gr,V,PPM,NMS,",
        "tw": "rc://*/tw/dict/bible/kt/fear"
      },
      {
        "text": "τοὺς",
        "tag": "w",
        "type": "word",
        "lemma": "ὁ",
        "strong": "G35880",
        "morph": "Gr,RD,,,,AMP,"
      },
      {
        "text": "ἐκ",
        "tag": "w",
        "type": "word",
        "lemma": "ἐκ",
        "strong": "G15370",
        "morph": "Gr,P,,,,,G,,,"
      },
      {
        "text": "περιτομῆς",
        "tag": "w",
        "type": "word",
        "lemma": "περιτομή",
        "strong": "G40610",
        "morph": "Gr,N,,,,,GFS,",
        "tw": "rc://*/tw/dict/bible/kt/circumcise"
      },
      {
        "type": "text",
        "text": ".\n\n"
      }
    ]
  },
  "13": {
    "verseObjects": [
      {
        "text": "καὶ",
        "tag": "w",
        "type": "word",
        "lemma": "καί",
        "strong": "G25320",
        "morph": "Gr,CC,,,,,,,,"
      },
      {
        "text": "συνυπεκρίθησαν",
        "tag": "w",
        "type": "word",
        "lemma": "συνυποκρίνομαι",
        "strong": "G49420",
        "morph": "Gr,V,IAP3,,P,",
        "tw": "rc://*/tw/dict/bible/kt/hypocrite"
      },
      {
        "text": "αὐτῷ",
        "tag": "w",
        "type": "word",
        "lemma": "αὐτός",
        "strong": "G08460",
        "morph": "Gr,RP,,,3DMS,"
      },
      {
        "text": "καὶ",
        "tag": "w",
        "type": "word",
        "lemma": "καί",
        "strong": "G25320",
        "morph": "Gr,D,,,,,,,,,"
      },
      {
        "text": "οἱ",
        "tag": "w",
        "type": "word",
        "lemma": "ὁ",
        "strong": "G35880",
        "morph": "Gr,EA,,,,NMP,"
      },
      {
        "text": "λοιποὶ",
        "tag": "w",
        "type": "word",
        "lemma": "λοιπός",
        "strong": "G30620",
        "morph": "Gr,EQ,,,,NMP,"
      },
      {
        "text": "Ἰουδαῖοι",
        "tag": "w",
        "type": "word",
        "lemma": "Ἰουδαῖος",
        "strong": "G24530",
        "morph": "Gr,NS,,,,NMP,",
        "tw": "rc://*/tw/dict/bible/kt/jew"
      },
      {
        "type": "text",
        "text": ","
      },
      {
        "text": "ὥστε",
        "tag": "w",
        "type": "word",
        "lemma": "ὥστε",
        "strong": "G56200",
        "morph": "Gr,CS,,,,,,,,"
      },
      {
        "text": "καὶ",
        "tag": "w",
        "type": "word",
        "lemma": "καί",
        "strong": "G25320",
        "morph": "Gr,D,,,,,,,,,"
      },
      {
        "text": "Βαρναβᾶς",
        "tag": "w",
        "type": "word",
        "lemma": "Βαρναβᾶς",
        "strong": "G09210",
        "morph": "Gr,N,,,,,NMS,",
        "tw": "rc://*/tw/dict/bible/names/barnabas"
      },
      {
        "text": "συναπήχθη",
        "tag": "w",
        "type": "word",
        "lemma": "συναπάγω",
        "strong": "G48790",
        "morph": "Gr,V,IAP3,,S,"
      },
      {
        "text": "αὐτῶν",
        "tag": "w",
        "type": "word",
        "lemma": "αὐτός",
        "strong": "G08460",
        "morph": "Gr,RP,,,3GMP,"
      },
      {
        "text": "τῇ",
        "tag": "w",
        "type": "word",
        "lemma": "ὁ",
        "strong": "G35880",
        "morph": "Gr,EA,,,,DFS,"
      },
      {
        "text": "ὑποκρίσει",
        "tag": "w",
        "type": "word",
        "lemma": "ὑπόκρισις",
        "strong": "G52720",
        "morph": "Gr,N,,,,,DFS,",
        "tw": "rc://*/tw/dict/bible/kt/hypocrite"
      },
      {
        "type": "text",
        "text": ".\n\n"
      }
    ]
  },
  "14": {
    "verseObjects": [
      {
        "text": "ἀλλ’",
        "tag": "w",
        "type": "word",
        "lemma": "ἀλλά",
        "strong": "G02350",
        "morph": "Gr,CC,,,,,,,,"
      },
      {
        "text": "ὅτε",
        "tag": "w",
        "type": "word",
        "lemma": "ὅτε",
        "strong": "G37530",
        "morph": "Gr,CS,,,,,,,,"
      },
      {
        "text": "εἶδον",
        "tag": "w",
        "type": "word",
        "lemma": "ὁράω",
        "strong": "G37080",
        "morph": "Gr,V,IAA1,,S,"
      },
      {
        "text": "ὅτι",
        "tag": "w",
        "type": "word",
        "lemma": "ὅτι",
        "strong": "G37540",
        "morph": "Gr,CS,,,,,,,,"
      },
      {
        "text": "οὐκ",
        "tag": "w",
        "type": "word",
        "lemma": "οὐ",
        "strong": "G37560",
        "morph": "Gr,D,,,,,,,,,"
      },
      {
        "text": "ὀρθοποδοῦσιν",
        "tag": "w",
        "type": "word",
        "lemma": "ὀρθοποδέω",
        "strong": "G37160",
        "morph": "Gr,V,IPA3,,P,"
      },
      {
        "text": "πρὸς",
        "tag": "w",
        "type": "word",
        "lemma": "πρός",
        "strong": "G43140",
        "morph": "Gr,P,,,,,A,,,"
      },
      {
        "text": "τὴν",
        "tag": "w",
        "type": "word",
        "lemma": "ὁ",
        "strong": "G35880",
        "morph": "Gr,EA,,,,AFS,"
      },
      {
        "text": "ἀλήθειαν",
        "tag": "w",
        "type": "word",
        "lemma": "ἀλήθεια",
        "strong": "G02250",
        "morph": "Gr,N,,,,,AFS,",
        "tw": "rc://*/tw/dict/bible/kt/true"
      },
      {
        "text": "τοῦ",
        "tag": "w",
        "type": "word",
        "lemma": "ὁ",
        "strong": "G35880",
        "morph": "Gr,EA,,,,GNS,"
      },
      {
        "text": "εὐαγγελίου",
        "tag": "w",
        "type": "word",
        "lemma": "εὐαγγέλιον",
        "strong": "G20980",
        "morph": "Gr,N,,,,,GNS,",
        "tw": "rc://*/tw/dict/bible/kt/goodnews"
      },
      {
        "type": "text",
        "text": ","
      },
      {
        "text": "εἶπον",
        "tag": "w",
        "type": "word",
        "lemma": "λέγω",
        "strong": "G30040",
        "morph": "Gr,V,IAA1,,S,"
      },
      {
        "text": "τῷ",
        "tag": "w",
        "type": "word",
        "lemma": "ὁ",
        "strong": "G35880",
        "morph": "Gr,EA,,,,DMS,"
      },
      {
        "text": "Κηφᾷ",
        "tag": "w",
        "type": "word",
        "lemma": "Κηφᾶς",
        "strong": "G27860",
        "morph": "Gr,N,,,,,DMS,",
        "tw": "rc://*/tw/dict/bible/names/peter"
      },
      {
        "text": "ἔμπροσθεν",
        "tag": "w",
        "type": "word",
        "lemma": "ἔμπροσθεν",
        "strong": "G17150",
        "morph": "Gr,PI,,,,G,,,"
      },
      {
        "text": "πάντων",
        "tag": "w",
        "type": "word",
        "lemma": "πᾶς",
        "strong": "G39560",
        "morph": "Gr,RI,,,,GMP,"
      },
      {
        "type": "text",
        "text": ",\n“"
      },
      {
        "text": "εἰ",
        "tag": "w",
        "type": "word",
        "lemma": "εἰ",
        "strong": "G14870",
        "morph": "Gr,CS,,,,,,,,"
      },
      {
        "text": "σὺ",
        "tag": "w",
        "type": "word",
        "lemma": "σύ",
        "strong": "G47710",
        "morph": "Gr,RP,,,2N,S,"
      },
      {
        "text": "Ἰουδαῖος",
        "tag": "w",
        "type": "word",
        "lemma": "Ἰουδαῖος",
        "strong": "G24530",
        "morph": "Gr,NP,,,,NMS,",
        "tw": "rc://*/tw/dict/bible/kt/jew"
      },
      {
        "type": "text",
        "text": ","
      },
      {
        "text": "ὑπάρχων",
        "tag": "w",
        "type": "word",
        "lemma": "ὑπάρχω",
        "strong": "G52250",
        "morph": "Gr,V,PPA,NMS,"
      },
      {
        "text": "ἐθνικῶς",
        "tag": "w",
        "type": "word",
        "lemma": "ἐθνικῶς",
        "strong": "G14830",
        "morph": "Gr,D,,,,,,,,,",
        "tw": "rc://*/tw/dict/bible/kt/gentile"
      },
      {
        "text": "καὶ",
        "tag": "w",
        "type": "word",
        "lemma": "καί",
        "strong": "G25320",
        "morph": "Gr,CC,,,,,,,,"
      },
      {
        "text": "οὐκ",
        "tag": "w",
        "type": "word",
        "lemma": "οὐ",
        "strong": "G37560",
        "morph": "Gr,D,,,,,,,,,"
      },
      {
        "text": "Ἰουδαϊκῶς",
        "tag": "w",
        "type": "word",
        "lemma": "Ἰουδαϊκῶς",
        "strong": "G24520",
        "morph": "Gr,D,,,,,,,,,",
        "tw": "rc://*/tw/dict/bible/kt/jew"
      },
      {
        "text": "ζῇς",
        "tag": "w",
        "type": "word",
        "lemma": "ζάω",
        "strong": "G21980",
        "morph": "Gr,V,IPA2,,S,",
        "tw": "rc://*/tw/dict/bible/kt/life"
      },
      {
        "type": "text",
        "text": ","
      },
      {
        "text": "πῶς",
        "tag": "w",
        "type": "word",
        "lemma": "πῶς",
        "strong": "G44590",
        "morph": "Gr,D,,,,,,,,,"
      },
      {
        "text": "τὰ",
        "tag": "w",
        "type": "word",
        "lemma": "ὁ",
        "strong": "G35880",
        "morph": "Gr,EA,,,,ANP,"
      },
      {
        "text": "ἔθνη",
        "tag": "w",
        "type": "word",
        "lemma": "ἔθνος",
        "strong": "G14840",
        "morph": "Gr,N,,,,,ANP,",
        "tw": "rc://*/tw/dict/bible/kt/gentile"
      },
      {
        "text": "ἀναγκάζεις",
        "tag": "w",
        "type": "word",
        "lemma": "ἀναγκάζω",
        "strong": "G03150",
        "morph": "Gr,V,IPA2,,S,"
      },
      {
        "text": "Ἰουδαΐζειν",
        "tag": "w",
        "type": "word",
        "lemma": "Ἰουδαΐζω",
        "strong": "G24500",
        "morph": "Gr,V,NPA,,,,,",
        "tw": "rc://*/tw/dict/bible/kt/jew"
      },
      {
        "type": "text",
        "text": "?”\n\n"
      }
    ]
  },
  "15": {
    "verseObjects": [
      {
        "type": "text",
        "text": "\n"
      },
      {
        "tag": "p",
        "type": "paragraph"
      },
      {
        "text": "ἡμεῖς",
        "tag": "w",
        "type": "word",
        "lemma": "ἐγώ",
        "strong": "G14730",
        "morph": "Gr,RP,,,1N,P,"
      },
      {
        "text": "φύσει",
        "tag": "w",
        "type": "word",
        "lemma": "φύσις",
        "strong": "G54490",
        "morph": "Gr,N,,,,,DFS,"
      },
      {
        "text": "Ἰουδαῖοι",
        "tag": "w",
        "type": "word",
        "lemma": "Ἰουδαῖος",
        "strong": "G24530",
        "morph": "Gr,NP,,,,NMP,",
        "tw": "rc://*/tw/dict/bible/kt/jew"
      },
      {
        "text": "καὶ",
        "tag": "w",
        "type": "word",
        "lemma": "καί",
        "strong": "G25320",
        "morph": "Gr,CC,,,,,,,,"
      },
      {
        "text": "οὐκ",
        "tag": "w",
        "type": "word",
        "lemma": "οὐ",
        "strong": "G37560",
        "morph": "Gr,D,,,,,,,,,"
      },
      {
        "text": "ἐξ",
        "tag": "w",
        "type": "word",
        "lemma": "ἐκ",
        "strong": "G15370",
        "morph": "Gr,P,,,,,G,,,"
      },
      {
        "text": "ἐθνῶν",
        "tag": "w",
        "type": "word",
        "lemma": "ἔθνος",
        "strong": "G14840",
        "morph": "Gr,N,,,,,GNP,",
        "tw": "rc://*/tw/dict/bible/kt/gentile"
      },
      {
        "text": "ἁμαρτωλοί",
        "tag": "w",
        "type": "word",
        "lemma": "ἁμαρτωλός",
        "strong": "G02680",
        "morph": "Gr,NP,,,,NMP,",
        "tw": "rc://*/tw/dict/bible/kt/sin"
      },
      {
        "type": "text",
        "text": ",\n\n"
      }
    ]
  },
  "16": {
    "verseObjects": [
      {
        "text": "εἰδότες",
        "tag": "w",
        "type": "word",
        "lemma": "εἴδω",
        "strong": "G14920",
        "morph": "Gr,V,PEA,NMP,",
        "tw": "rc://*/tw/dict/bible/other/know"
      },
      {
        "text": "δὲ",
        "tag": "w",
        "type": "word",
        "lemma": "δέ",
        "strong": "G11610",
        "morph": "Gr,CC,,,,,,,,"
      },
      {
        "text": "ὅτι",
        "tag": "w",
        "type": "word",
        "lemma": "ὅτι",
        "strong": "G37540",
        "morph": "Gr,CS,,,,,,,,"
      },
      {
        "text": "οὐ",
        "tag": "w",
        "type": "word",
        "lemma": "οὐ",
        "strong": "G37560",
        "morph": "Gr,D,,,,,,,,,"
      },
      {
        "text": "δικαιοῦται",
        "tag": "w",
        "type": "word",
        "lemma": "δικαιόω",
        "strong": "G13440",
        "morph": "Gr,V,IPP3,,S,",
        "tw": "rc://*/tw/dict/bible/kt/justice"
      },
      {
        "text": "ἄνθρωπος",
        "tag": "w",
        "type": "word",
        "lemma": "ἄνθρωπος",
        "strong": "G04440",
        "morph": "Gr,N,,,,,NMS,"
      },
      {
        "text": "ἐξ",
        "tag": "w",
        "type": "word",
        "lemma": "ἐκ",
        "strong": "G15370",
        "morph": "Gr,P,,,,,G,,,"
      },
      {
        "text": "ἔργων",
        "tag": "w",
        "type": "word",
        "lemma": "ἔργον",
        "strong": "G20410",
        "morph": "Gr,N,,,,,GNP,",
        "tw": "rc://*/tw/dict/bible/kt/works"
      },
      {
        "text": "νόμου",
        "tag": "w",
        "type": "word",
        "lemma": "νόμος",
        "strong": "G35510",
        "morph": "Gr,N,,,,,GMS,",
        "tw": "rc://*/tw/dict/bible/kt/lawofmoses"
      },
      {
        "type": "text",
        "text": ","
      },
      {
        "text": "ἐὰν",
        "tag": "w",
        "type": "word",
        "lemma": "ἐάν",
        "strong": "G14370",
        "morph": "Gr,CS,,,,,,,,"
      },
      {
        "text": "μὴ",
        "tag": "w",
        "type": "word",
        "lemma": "μή",
        "strong": "G33610",
        "morph": "Gr,D,,,,,,,,,"
      },
      {
        "text": "διὰ",
        "tag": "w",
        "type": "word",
        "lemma": "διά",
        "strong": "G12230",
        "morph": "Gr,P,,,,,G,,,"
      },
      {
        "text": "πίστεως",
        "tag": "w",
        "type": "word",
        "lemma": "πίστις",
        "strong": "G41020",
        "morph": "Gr,N,,,,,GFS,",
        "tw": "rc://*/tw/dict/bible/kt/faith"
      },
      {
        "tag": "k",
        "type": "milestone",
        "tw": "rc://*/tw/dict/bible/kt/jesus",
        "children": [
          {
            "text": "Ἰησοῦ",
            "tag": "w",
            "type": "word",
            "lemma": "Ἰησοῦς",
            "strong": "G24240",
            "morph": "Gr,N,,,,,GMS,"
          },
          {
            "text": "Χριστοῦ",
            "tag": "w",
            "type": "word",
            "lemma": "χριστός",
            "strong": "G55470",
            "morph": "Gr,N,,,,,GMS,",
            "tw": "rc://*/tw/dict/bible/kt/christ"
          }
        ],
        "endTag": "k-e\\*"
      },
      {
        "type": "text",
        "text": ","
      },
      {
        "text": "καὶ",
        "tag": "w",
        "type": "word",
        "lemma": "καί",
        "strong": "G25320",
        "morph": "Gr,D,,,,,,,,,"
      },
      {
        "text": "ἡμεῖς",
        "tag": "w",
        "type": "word",
        "lemma": "ἐγώ",
        "strong": "G14730",
        "morph": "Gr,RP,,,1N,P,"
      },
      {
        "tag": "k",
        "type": "milestone",
        "tw": "rc://*/tw/dict/bible/kt/inchrist",
        "children": [
          {
            "text": "εἰς",
            "tag": "w",
            "type": "word",
            "lemma": "εἰς",
            "strong": "G15190",
            "morph": "Gr,P,,,,,A,,,"
          },
          {
            "text": "Χριστὸν",
            "tag": "w",
            "type": "word",
            "lemma": "χριστός",
            "strong": "G55470",
            "morph": "Gr,N,,,,,AMS,",
            "tw": "rc://*/tw/dict/bible/kt/christ"
          },
          {
            "text": "Ἰησοῦν",
            "tag": "w",
            "type": "word",
            "lemma": "Ἰησοῦς",
            "strong": "G24240",
            "morph": "Gr,N,,,,,AMS,",
            "tw": "rc://*/tw/dict/bible/kt/jesus"
          }
        ],
        "endTag": "k-e\\*"
      },
      {
        "text": "ἐπιστεύσαμεν",
        "tag": "w",
        "type": "word",
        "lemma": "πιστεύω",
        "strong": "G41000",
        "morph": "Gr,V,IAA1,,P,",
        "tw": "rc://*/tw/dict/bible/kt/believe"
      },
      {
        "type": "text",
        "text": ","
      },
      {
        "text": "ἵνα",
        "tag": "w",
        "type": "word",
        "lemma": "ἵνα",
        "strong": "G24430",
        "morph": "Gr,CS,,,,,,,,"
      },
      {
        "text": "δικαιωθῶμεν",
        "tag": "w",
        "type": "word",
        "lemma": "δικαιόω",
        "strong": "G13440",
        "morph": "Gr,V,SAP1,,P,",
        "tw": "rc://*/tw/dict/bible/kt/justice"
      },
      {
        "text": "ἐκ",
        "tag": "w",
        "type": "word",
        "lemma": "ἐκ",
        "strong": "G15370",
        "morph": "Gr,P,,,,,G,,,"
      },
      {
        "text": "πίστεως",
        "tag": "w",
        "type": "word",
        "lemma": "πίστις",
        "strong": "G41020",
        "morph": "Gr,N,,,,,GFS,",
        "tw": "rc://*/tw/dict/bible/kt/faith"
      },
      {
        "text": "Χριστοῦ",
        "tag": "w",
        "type": "word",
        "lemma": "χριστός",
        "strong": "G55470",
        "morph": "Gr,N,,,,,GMS,",
        "tw": "rc://*/tw/dict/bible/kt/christ"
      },
      {
        "type": "text",
        "text": ","
      },
      {
        "text": "καὶ",
        "tag": "w",
        "type": "word",
        "lemma": "καί",
        "strong": "G25320",
        "morph": "Gr,CC,,,,,,,,"
      },
      {
        "text": "οὐκ",
        "tag": "w",
        "type": "word",
        "lemma": "οὐ",
        "strong": "G37560",
        "morph": "Gr,D,,,,,,,,,"
      },
      {
        "text": "ἐξ",
        "tag": "w",
        "type": "word",
        "lemma": "ἐκ",
        "strong": "G15370",
        "morph": "Gr,P,,,,,G,,,"
      },
      {
        "text": "ἔργων",
        "tag": "w",
        "type": "word",
        "lemma": "ἔργον",
        "strong": "G20410",
        "morph": "Gr,N,,,,,GNP,",
        "tw": "rc://*/tw/dict/bible/kt/works"
      },
      {
        "text": "νόμου",
        "tag": "w",
        "type": "word",
        "lemma": "νόμος",
        "strong": "G35510",
        "morph": "Gr,N,,,,,GMS,",
        "tw": "rc://*/tw/dict/bible/kt/lawofmoses"
      },
      {
        "type": "text",
        "text": ","
      },
      {
        "text": "ὅτι",
        "tag": "w",
        "type": "word",
        "lemma": "ὅτι",
        "strong": "G37540",
        "morph": "Gr,CS,,,,,,,,"
      },
      {
        "text": "ἐξ",
        "tag": "w",
        "type": "word",
        "lemma": "ἐκ",
        "strong": "G15370",
        "morph": "Gr,P,,,,,G,,,"
      },
      {
        "text": "ἔργων",
        "tag": "w",
        "type": "word",
        "lemma": "ἔργον",
        "strong": "G20410",
        "morph": "Gr,N,,,,,GNP,",
        "tw": "rc://*/tw/dict/bible/kt/works"
      },
      {
        "text": "νόμου",
        "tag": "w",
        "type": "word",
        "lemma": "νόμος",
        "strong": "G35510",
        "morph": "Gr,N,,,,,GMS,",
        "tw": "rc://*/tw/dict/bible/kt/lawofmoses"
      },
      {
        "type": "text",
        "text": ","
      },
      {
        "text": "οὐ",
        "tag": "w",
        "type": "word",
        "lemma": "οὐ",
        "strong": "G37560",
        "morph": "Gr,D,,,,,,,,,"
      },
      {
        "text": "δικαιωθήσεται",
        "tag": "w",
        "type": "word",
        "lemma": "δικαιόω",
        "strong": "G13440",
        "morph": "Gr,V,IFP3,,S,",
        "tw": "rc://*/tw/dict/bible/kt/justice"
      },
      {
        "text": "πᾶσα",
        "tag": "w",
        "type": "word",
        "lemma": "πᾶς",
        "strong": "G39560",
        "morph": "Gr,EQ,,,,NFS,"
      },
      {
        "text": "σάρξ",
        "tag": "w",
        "type": "word",
        "lemma": "σάρξ",
        "strong": "G45610",
        "morph": "Gr,N,,,,,NFS,",
        "tw": "rc://*/tw/dict/bible/kt/flesh"
      },
      {
        "type": "text",
        "text": ".\n\n"
      }
    ]
  },
  "17": {
    "verseObjects": [
      {
        "text": "εἰ",
        "tag": "w",
        "type": "word",
        "lemma": "εἰ",
        "strong": "G14870",
        "morph": "Gr,CS,,,,,,,,"
      },
      {
        "text": "δὲ",
        "tag": "w",
        "type": "word",
        "lemma": "δέ",
        "strong": "G11610",
        "morph": "Gr,CC,,,,,,,,"
      },
      {
        "text": "ζητοῦντες",
        "tag": "w",
        "type": "word",
        "lemma": "ζητέω",
        "strong": "G22120",
        "morph": "Gr,V,PPA,NMP,",
        "tw": "rc://*/tw/dict/bible/other/seek"
      },
      {
        "text": "δικαιωθῆναι",
        "tag": "w",
        "type": "word",
        "lemma": "δικαιόω",
        "strong": "G13440",
        "morph": "Gr,V,NAP,,,,,",
        "tw": "rc://*/tw/dict/bible/kt/justice"
      },
      {
        "tag": "k",
        "type": "milestone",
        "tw": "rc://*/tw/dict/bible/kt/inchrist",
        "children": [
          {
            "text": "ἐν",
            "tag": "w",
            "type": "word",
            "lemma": "ἐν",
            "strong": "G17220",
            "morph": "Gr,P,,,,,D,,,"
          },
          {
            "text": "Χριστῷ",
            "tag": "w",
            "type": "word",
            "lemma": "χριστός",
            "strong": "G55470",
            "morph": "Gr,N,,,,,DMS,",
            "tw": "rc://*/tw/dict/bible/kt/christ"
          }
        ],
        "endTag": "k-e\\*"
      },
      {
        "type": "text",
        "text": ","
      },
      {
        "text": "εὑρέθημεν",
        "tag": "w",
        "type": "word",
        "lemma": "εὑρίσκω",
        "strong": "G21470",
        "morph": "Gr,V,IAP1,,P,"
      },
      {
        "text": "καὶ",
        "tag": "w",
        "type": "word",
        "lemma": "καί",
        "strong": "G25320",
        "morph": "Gr,D,,,,,,,,,"
      },
      {
        "text": "αὐτοὶ",
        "tag": "w",
        "type": "word",
        "lemma": "αὐτός",
        "strong": "G08460",
        "morph": "Gr,RE,,,1NMP,"
      },
      {
        "text": "ἁμαρτωλοί",
        "tag": "w",
        "type": "word",
        "lemma": "ἁμαρτωλός",
        "strong": "G02680",
        "morph": "Gr,NS,,,,NMP,",
        "tw": "rc://*/tw/dict/bible/kt/sin"
      },
      {
        "type": "text",
        "text": ","
      },
      {
        "text": "ἆρα",
        "tag": "w",
        "type": "word",
        "lemma": "ἆρα",
        "strong": "G06870",
        "morph": "Gr,CS,,,,,,,,"
      },
      {
        "text": "Χριστὸς",
        "tag": "w",
        "type": "word",
        "lemma": "χριστός",
        "strong": "G55470",
        "morph": "Gr,N,,,,,NMS,",
        "tw": "rc://*/tw/dict/bible/kt/christ"
      },
      {
        "text": "ἁμαρτίας",
        "tag": "w",
        "type": "word",
        "lemma": "ἁμαρτία",
        "strong": "G02660",
        "morph": "Gr,N,,,,,GFS,",
        "tw": "rc://*/tw/dict/bible/kt/sin"
      },
      {
        "text": "διάκονος",
        "tag": "w",
        "type": "word",
        "lemma": "διάκονος",
        "strong": "G12490",
        "morph": "Gr,N,,,,,NMS,",
        "tw": "rc://*/tw/dict/bible/kt/minister"
      },
      {
        "type": "text",
        "text": "?"
      },
      {
        "text": "μὴ",
        "tag": "w",
        "type": "word",
        "lemma": "μή",
        "strong": "G33610",
        "morph": "Gr,D,,,,,,,,,"
      },
      {
        "text": "γένοιτο",
        "tag": "w",
        "type": "word",
        "lemma": "γίνομαι",
        "strong": "G10960",
        "morph": "Gr,V,OAM3,,S,"
      },
      {
        "type": "text",
        "text": "!\n\n"
      }
    ]
  },
  "18": {
    "verseObjects": [
      {
        "text": "εἰ",
        "tag": "w",
        "type": "word",
        "lemma": "εἰ",
        "strong": "G14870",
        "morph": "Gr,CS,,,,,,,,"
      },
      {
        "text": "γὰρ",
        "tag": "w",
        "type": "word",
        "lemma": "γάρ",
        "strong": "G10630",
        "morph": "Gr,CC,,,,,,,,"
      },
      {
        "text": "ἃ",
        "tag": "w",
        "type": "word",
        "lemma": "ὅς",
        "strong": "G37390",
        "morph": "Gr,RD,,,,ANP,"
      },
      {
        "text": "κατέλυσα",
        "tag": "w",
        "type": "word",
        "lemma": "καταλύω",
        "strong": "G26470",
        "morph": "Gr,V,IAA1,,S,"
      },
      {
        "type": "text",
        "text": ","
      },
      {
        "text": "ταῦτα",
        "tag": "w",
        "type": "word",
        "lemma": "οὗτος",
        "strong": "G37780",
        "morph": "Gr,RD,,,,ANP,"
      },
      {
        "text": "πάλιν",
        "tag": "w",
        "type": "word",
        "lemma": "πάλιν",
        "strong": "G38250",
        "morph": "Gr,D,,,,,,,,,"
      },
      {
        "text": "οἰκοδομῶ",
        "tag": "w",
        "type": "word",
        "lemma": "οἰκοδομέω",
        "strong": "G36180",
        "morph": "Gr,V,IPA1,,S,"
      },
      {
        "type": "text",
        "text": ","
      },
      {
        "text": "παραβάτην",
        "tag": "w",
        "type": "word",
        "lemma": "παραβάτης",
        "strong": "G38480",
        "morph": "Gr,N,,,,,AMS,",
        "tw": "rc://*/tw/dict/bible/kt/transgression"
      },
      {
        "text": "ἐμαυτὸν",
        "tag": "w",
        "type": "word",
        "lemma": "ἐμαυτοῦ",
        "strong": "G16830",
        "morph": "Gr,RE,,,1AMS,"
      },
      {
        "text": "συνιστάνω",
        "tag": "w",
        "type": "word",
        "lemma": "συνιστάνω",
        "strong": "G49210",
        "morph": "Gr,V,IPA1,,S,"
      },
      {
        "type": "text",
        "text": ".\n\n"
      }
    ]
  },
  "19": {
    "verseObjects": [
      {
        "text": "ἐγὼ",
        "tag": "w",
        "type": "word",
        "lemma": "ἐγώ",
        "strong": "G14730",
        "morph": "Gr,RP,,,1N,S,"
      },
      {
        "text": "γὰρ",
        "tag": "w",
        "type": "word",
        "lemma": "γάρ",
        "strong": "G10630",
        "morph": "Gr,CC,,,,,,,,"
      },
      {
        "text": "διὰ",
        "tag": "w",
        "type": "word",
        "lemma": "διά",
        "strong": "G12230",
        "morph": "Gr,P,,,,,G,,,"
      },
      {
        "text": "νόμου",
        "tag": "w",
        "type": "word",
        "lemma": "νόμος",
        "strong": "G35510",
        "morph": "Gr,N,,,,,GMS,",
        "tw": "rc://*/tw/dict/bible/kt/lawofmoses"
      },
      {
        "text": "νόμῳ",
        "tag": "w",
        "type": "word",
        "lemma": "νόμος",
        "strong": "G35510",
        "morph": "Gr,N,,,,,DMS,",
        "tw": "rc://*/tw/dict/bible/kt/lawofmoses"
      },
      {
        "text": "ἀπέθανον",
        "tag": "w",
        "type": "word",
        "lemma": "ἀποθνῄσκω",
        "strong": "G05990",
        "morph": "Gr,V,IAA1,,S,",
        "tw": "rc://*/tw/dict/bible/other/death"
      },
      {
        "type": "text",
        "text": ","
      },
      {
        "text": "ἵνα",
        "tag": "w",
        "type": "word",
        "lemma": "ἵνα",
        "strong": "G24430",
        "morph": "Gr,CS,,,,,,,,"
      },
      {
        "text": "Θεῷ",
        "tag": "w",
        "type": "word",
        "lemma": "θεός",
        "strong": "G23160",
        "morph": "Gr,N,,,,,DMS,",
        "tw": "rc://*/tw/dict/bible/kt/god"
      },
      {
        "text": "ζήσω",
        "tag": "w",
        "type": "word",
        "lemma": "ζάω",
        "strong": "G21980",
        "morph": "Gr,V,SAA1,,S,",
        "tw": "rc://*/tw/dict/bible/kt/life"
      },
      {
        "type": "text",
        "text": "."
      },
      {
        "text": "Χριστῷ",
        "tag": "w",
        "type": "word",
        "lemma": "χριστός",
        "strong": "G55470",
        "morph": "Gr,N,,,,,DMS,",
        "tw": "rc://*/tw/dict/bible/kt/christ"
      },
      {
        "text": "συνεσταύρωμαι",
        "tag": "w",
        "type": "word",
        "lemma": "συνσταυρόω",
        "strong": "G49570",
        "morph": "Gr,V,IEP1,,S,",
        "tw": "rc://*/tw/dict/bible/kt/crucify"
      },
      {
        "type": "text",
        "text": ";\n\n"
      }
    ]
  },
  "20": {
    "verseObjects": [
      {
        "text": "ζῶ",
        "tag": "w",
        "type": "word",
        "lemma": "ζάω",
        "strong": "G21980",
        "morph": "Gr,V,IPA1,,S,",
        "tw": "rc://*/tw/dict/bible/kt/life"
      },
      {
        "text": "δὲ",
        "tag": "w",
        "type": "word",
        "lemma": "δέ",
        "strong": "G11610",
        "morph": "Gr,CC,,,,,,,,"
      },
      {
        "type": "text",
        "text": ","
      },
      {
        "text": "οὐκέτι",
        "tag": "w",
        "type": "word",
        "lemma": "οὐκέτι",
        "strong": "G37650",
        "morph": "Gr,D,,,,,,,,,"
      },
      {
        "text": "ἐγώ",
        "tag": "w",
        "type": "word",
        "lemma": "ἐγώ",
        "strong": "G14730",
        "morph": "Gr,RP,,,1N,S,"
      },
      {
        "type": "text",
        "text": ","
      },
      {
        "text": "ζῇ",
        "tag": "w",
        "type": "word",
        "lemma": "ζάω",
        "strong": "G21980",
        "morph": "Gr,V,IPA3,,S,",
        "tw": "rc://*/tw/dict/bible/kt/life"
      },
      {
        "text": "δὲ",
        "tag": "w",
        "type": "word",
        "lemma": "δέ",
        "strong": "G11610",
        "morph": "Gr,CC,,,,,,,,"
      },
      {
        "text": "ἐν",
        "tag": "w",
        "type": "word",
        "lemma": "ἐν",
        "strong": "G17220",
        "morph": "Gr,P,,,,,D,,,"
      },
      {
        "text": "ἐμοὶ",
        "tag": "w",
        "type": "word",
        "lemma": "ἐγώ",
        "strong": "G14730",
        "morph": "Gr,RP,,,1D,S,"
      },
      {
        "text": "Χριστός",
        "tag": "w",
        "type": "word",
        "lemma": "χριστός",
        "strong": "G55470",
        "morph": "Gr,N,,,,,NMS,",
        "tw": "rc://*/tw/dict/bible/kt/christ"
      },
      {
        "type": "text",
        "text": ";"
      },
      {
        "text": "ὃ",
        "tag": "w",
        "type": "word",
        "lemma": "ὅς",
        "strong": "G37390",
        "morph": "Gr,RR,,,,ANS,"
      },
      {
        "text": "δὲ",
        "tag": "w",
        "type": "word",
        "lemma": "δέ",
        "strong": "G11610",
        "morph": "Gr,CC,,,,,,,,"
      },
      {
        "text": "νῦν",
        "tag": "w",
        "type": "word",
        "lemma": "νῦν",
        "strong": "G35680",
        "morph": "Gr,D,,,,,,,,,"
      },
      {
        "text": "ζῶ",
        "tag": "w",
        "type": "word",
        "lemma": "ζάω",
        "strong": "G21980",
        "morph": "Gr,V,IPA1,,S,",
        "tw": "rc://*/tw/dict/bible/kt/life"
      },
      {
        "text": "ἐν",
        "tag": "w",
        "type": "word",
        "lemma": "ἐν",
        "strong": "G17220",
        "morph": "Gr,P,,,,,D,,,"
      },
      {
        "text": "σαρκί",
        "tag": "w",
        "type": "word",
        "lemma": "σάρξ",
        "strong": "G45610",
        "morph": "Gr,N,,,,,DFS,",
        "tw": "rc://*/tw/dict/bible/kt/flesh"
      },
      {
        "type": "text",
        "text": ","
      },
      {
        "text": "ἐν",
        "tag": "w",
        "type": "word",
        "lemma": "ἐν",
        "strong": "G17220",
        "morph": "Gr,P,,,,,D,,,"
      },
      {
        "text": "πίστει",
        "tag": "w",
        "type": "word",
        "lemma": "πίστις",
        "strong": "G41020",
        "morph": "Gr,N,,,,,DFS,",
        "tw": "rc://*/tw/dict/bible/kt/faith"
      },
      {
        "text": "ζῶ",
        "tag": "w",
        "type": "word",
        "lemma": "ζάω",
        "strong": "G21980",
        "morph": "Gr,V,IPA1,,S,",
        "tw": "rc://*/tw/dict/bible/kt/life"
      },
      {
        "text": "τῇ",
        "tag": "w",
        "type": "word",
        "lemma": "ὁ",
        "strong": "G35880",
        "morph": "Gr,RD,,,,DFS,"
      },
      {
        "text": "τοῦ",
        "tag": "w",
        "type": "word",
        "lemma": "ὁ",
        "strong": "G35880",
        "morph": "Gr,EA,,,,GMS,"
      },
      {
        "tag": "k",
        "type": "milestone",
        "tw": "rc://*/tw/dict/bible/kt/sonofgod",
        "children": [
          {
            "text": "Υἱοῦ",
            "tag": "w",
            "type": "word",
            "lemma": "υἱός",
            "strong": "G52070",
            "morph": "Gr,N,,,,,GMS,"
          },
          {
            "text": "τοῦ",
            "tag": "w",
            "type": "word",
            "lemma": "ὁ",
            "strong": "G35880",
            "morph": "Gr,EA,,,,GMS,"
          },
          {
            "text": "Θεοῦ",
            "tag": "w",
            "type": "word",
            "lemma": "θεός",
            "strong": "G23160",
            "morph": "Gr,N,,,,,GMS,",
            "tw": "rc://*/tw/dict/bible/kt/god"
          }
        ],
        "endTag": "k-e\\*"
      },
      {
        "type": "text",
        "text": ","
      },
      {
        "text": "τοῦ",
        "tag": "w",
        "type": "word",
        "lemma": "ὁ",
        "strong": "G35880",
        "morph": "Gr,RD,,,,GMS,"
      },
      {
        "text": "ἀγαπήσαντός",
        "tag": "w",
        "type": "word",
        "lemma": "ἀγαπάω",
        "strong": "G00250",
        "morph": "Gr,V,PAA,GMS,",
        "tw": "rc://*/tw/dict/bible/kt/love"
      },
      {
        "text": "με",
        "tag": "w",
        "type": "word",
        "lemma": "ἐγώ",
        "strong": "G14730",
        "morph": "Gr,RP,,,1A,S,"
      },
      {
        "type": "text",
        "text": ","
      },
      {
        "text": "καὶ",
        "tag": "w",
        "type": "word",
        "lemma": "καί",
        "strong": "G25320",
        "morph": "Gr,CC,,,,,,,,"
      },
      {
        "text": "παραδόντος",
        "tag": "w",
        "type": "word",
        "lemma": "παραδίδωμι",
        "strong": "G38600",
        "morph": "Gr,V,PAA,GMS,"
      },
      {
        "text": "ἑαυτὸν",
        "tag": "w",
        "type": "word",
        "lemma": "ἑαυτοῦ",
        "strong": "G14380",
        "morph": "Gr,RE,,,3AMS,"
      },
      {
        "text": "ὑπὲρ",
        "tag": "w",
        "type": "word",
        "lemma": "ὑπέρ",
        "strong": "G52280",
        "morph": "Gr,P,,,,,G,,,"
      },
      {
        "text": "ἐμοῦ",
        "tag": "w",
        "type": "word",
        "lemma": "ἐγώ",
        "strong": "G14730",
        "morph": "Gr,RP,,,1G,S,"
      },
      {
        "type": "text",
        "text": ".\n\n"
      }
    ]
  },
  "21": {
    "verseObjects": [
      {
        "text": "οὐκ",
        "tag": "w",
        "type": "word",
        "lemma": "οὐ",
        "strong": "G37560",
        "morph": "Gr,D,,,,,,,,,"
      },
      {
        "text": "ἀθετῶ",
        "tag": "w",
        "type": "word",
        "lemma": "ἀθετέω",
        "strong": "G01140",
        "morph": "Gr,V,IPA1,,S,",
        "tw": "rc://*/tw/dict/bible/other/reject"
      },
      {
        "text": "τὴν",
        "tag": "w",
        "type": "word",
        "lemma": "ὁ",
        "strong": "G35880",
        "morph": "Gr,EA,,,,AFS,"
      },
      {
        "text": "χάριν",
        "tag": "w",
        "type": "word",
        "lemma": "χάρις",
        "strong": "G54850",
        "morph": "Gr,N,,,,,AFS,",
        "tw": "rc://*/tw/dict/bible/kt/grace"
      },
      {
        "text": "τοῦ",
        "tag": "w",
        "type": "word",
        "lemma": "ὁ",
        "strong": "G35880",
        "morph": "Gr,EA,,,,GMS,"
      },
      {
        "text": "Θεοῦ",
        "tag": "w",
        "type": "word",
        "lemma": "θεός",
        "strong": "G23160",
        "morph": "Gr,N,,,,,GMS,",
        "tw": "rc://*/tw/dict/bible/kt/god"
      },
      {
        "type": "text",
        "text": ";"
      },
      {
        "text": "εἰ",
        "tag": "w",
        "type": "word",
        "lemma": "εἰ",
        "strong": "G14870",
        "morph": "Gr,CS,,,,,,,,"
      },
      {
        "text": "γὰρ",
        "tag": "w",
        "type": "word",
        "lemma": "γάρ",
        "strong": "G10630",
        "morph": "Gr,CC,,,,,,,,"
      },
      {
        "text": "διὰ",
        "tag": "w",
        "type": "word",
        "lemma": "διά",
        "strong": "G12230",
        "morph": "Gr,P,,,,,G,,,"
      },
      {
        "text": "νόμου",
        "tag": "w",
        "type": "word",
        "lemma": "νόμος",
        "strong": "G35510",
        "morph": "Gr,N,,,,,GMS,",
        "tw": "rc://*/tw/dict/bible/kt/lawofmoses"
      },
      {
        "text": "δικαιοσύνη",
        "tag": "w",
        "type": "word",
        "lemma": "δικαιοσύνη",
        "strong": "G13430",
        "morph": "Gr,N,,,,,NFS,",
        "tw": "rc://*/tw/dict/bible/kt/righteous"
      },
      {
        "type": "text",
        "text": ","
      },
      {
        "text": "ἄρα",
        "tag": "w",
        "type": "word",
        "lemma": "ἄρα",
        "strong": "G06860",
        "morph": "Gr,D,,,,,,,,,"
      },
      {
        "text": "Χριστὸς",
        "tag": "w",
        "type": "word",
        "lemma": "χριστός",
        "strong": "G55470",
        "morph": "Gr,N,,,,,NMS,",
        "tw": "rc://*/tw/dict/bible/kt/christ"
      },
      {
        "text": "δωρεὰν",
        "tag": "w",
        "type": "word",
        "lemma": "δωρεάν",
        "strong": "G14320",
        "morph": "Gr,D,,,,,,,,,"
      },
      {
        "text": "ἀπέθανεν",
        "tag": "w",
        "type": "word",
        "lemma": "ἀποθνῄσκω",
        "strong": "G05990",
        "morph": "Gr,V,IAA3,,S,",
        "tw": "rc://*/tw/dict/bible/other/death"
      },
      {
        "type": "text",
        "text": ".\n\n"
      }
    ]
  },
  "front": {
    "verseObjects": [
      {
        "tag": "p",
        "nextChar": "\n",
        "type": "paragraph"
      },
      {
        "type": "text",
        "text": "\n"
      }
    ]
  }
}