{
  "1": {
    "verseObjects": [
      {
        "type": "text",
        "text": "इसलिए हे मेरे पुत्र, तू उस अनुग्रह से जो मसीह यीशु में है, बलवन्त हो जा।\n"
      }
    ]
  },
  "2": {
    "verseObjects": [
      {
        "type": "text",
        "text": "और जो बातें तूने बहुत गवाहों के सामने मुझसे सुनी हैं, उन्हें विश्वासी मनुष्यों को सौंप दे; जो औरों को भी सिखाने के योग्य हों।\n"
      },
      {
        "tag": "p",
        "nextChar": "\n",
        "type": "paragraph"
      },
      {
        "tag": "s5",
        "nextChar": "\n",
        "type": "section"
      }
    ]
  },
  "3": {
    "verseObjects": [
      {
        "type": "text",
        "text": "मसीह यीशु के अच्छे योद्धा के समान मेरे साथ दुःख उठा*।\n"
      }
    ]
  },
  "4": {
    "verseObjects": [
      {
        "type": "text",
        "text": "जब कोई योद्धा लड़ाई पर जाता है, तो इसलिए कि अपने वरिष्ठ अधिकारी को प्रसन्‍न करे, अपने आप को संसार के कामों में नहीं फँसाता\n"
      }
    ]
  },
  "5": {
    "verseObjects": [
      {
        "type": "text",
        "text": "फिर अखाड़े में लड़नेवाला यदि विधि के अनुसार न लड़े तो मुकुट नहीं पाता।\n"
      },
      {
        "tag": "p",
        "nextChar": "\n",
        "type": "paragraph"
      },
      {
        "tag": "s5",
        "nextChar": "\n",
        "type": "section"
      }
    ]
  },
  "6": {
    "verseObjects": [
      {
        "type": "text",
        "text": "जो किसान परिश्रम करता है, फल का अंश पहले उसे मिलना चाहिए।\n"
      }
    ]
  },
  "7": {
    "verseObjects": [
      {
        "type": "text",
        "text": "जो मैं कहता हूँ, उस पर ध्यान दे और प्रभु तुझे सब बातों की समझ देगा।\n"
      },
      {
        "tag": "p",
        "nextChar": "\n",
        "type": "paragraph"
      },
      {
        "tag": "s5",
        "nextChar": "\n",
        "type": "section"
      }
    ]
  },
  "8": {
    "verseObjects": [
      {
        "type": "text",
        "text": "यीशु मसीह को स्मरण रख, जो दाऊद के वंश से हुआ, और मरे हुओं में से जी उठा; और यह मेरे सुसमाचार के अनुसार है।\n"
      }
    ]
  },
  "9": {
    "verseObjects": [
      {
        "type": "text",
        "text": "जिसके लिये मैं कुकर्मी के समान दुःख उठाता हूँ, यहाँ तक कि कैद भी हूँ; परन्तु परमेश्‍वर का वचन कैद नहीं*।\n"
      }
    ]
  },
  "10": {
    "verseObjects": [
      {
        "type": "text",
        "text": "इस कारण मैं चुने हुए लोगों के लिये सब कुछ सहता हूँ, कि वे भी उस उद्धार को जो मसीह यीशु में हैं अनन्त महिमा के साथ पाएँ।\n"
      },
      {
        "tag": "p",
        "nextChar": "\n",
        "type": "paragraph"
      },
      {
        "tag": "s5",
        "nextChar": "\n",
        "type": "section"
      }
    ]
  },
  "11": {
    "verseObjects": [
      {
        "type": "text",
        "text": "यह बात सच है, कि\n"
      },
      {
        "tag": "q",
        "type": "quote",
        "text": "यदि हम उसके साथ मर गए हैं तो उसके साथ जीएँगे भी।\n"
      },
      {
        "tag": "q",
        "nextChar": "\n",
        "type": "quote"
      }
    ]
  },
  "12": {
    "verseObjects": [
      {
        "type": "text",
        "text": "यदि हम धीरज से सहते रहेंगे, तो उसके साथ राज्य भी करेंगे;\n"
      },
      {
        "tag": "q",
        "type": "quote",
        "text": "यदि हम उसका इन्कार करेंगे तो वह भी हमारा इन्कार करेगा।\n"
      },
      {
        "tag": "q",
        "nextChar": "\n",
        "type": "quote"
      }
    ]
  },
  "13": {
    "verseObjects": [
      {
        "type": "text",
        "text": "यदि हम विश्वासघाती भी हों तो भी वह विश्वासयोग्य बना रहता है,\n"
      },
      {
        "tag": "m",
        "type": "paragraph",
        "text": "क्योंकि वह आप अपना इन्कार नहीं कर सकता। (1 थिस्स. 5:24)\n"
      },
      {
        "tag": "s",
        "type": "section",
        "content": "उत्तम कारीगर\n"
      },
      {
        "tag": "p",
        "nextChar": "\n",
        "type": "paragraph"
      },
      {
        "tag": "s5",
        "nextChar": "\n",
        "type": "section"
      }
    ]
  },
  "14": {
    "verseObjects": [
      {
        "type": "text",
        "text": "इन बातों की सुधि उन्हें दिला, और प्रभु के सामने चिता दे, कि शब्दों पर तर्क-वितर्क न किया करें, जिनसे कुछ लाभ नहीं होता; वरन् सुननेवाले बिगड़ जाते हैं।\n"
      }
    ]
  },
  "15": {
    "verseObjects": [
      {
        "type": "text",
        "text": "अपने आप को परमेश्‍वर का ग्रहणयोग्य और ऐसा काम करनेवाला ठहराने का प्रयत्न कर, जो लज्जित होने न पाए, और जो सत्य के वचन को ठीक रीति से काम में लाता हो।\n"
      },
      {
        "tag": "p",
        "nextChar": "\n",
        "type": "paragraph"
      },
      {
        "tag": "s5",
        "nextChar": "\n",
        "type": "section"
      }
    ]
  },
  "16": {
    "verseObjects": [
      {
        "type": "text",
        "text": "पर अशुद्ध बकवाद से बचा रह; क्योंकि ऐसे लोग और भी अभक्ति में बढ़ते जाएँगे।\n"
      }
    ]
  },
  "17": {
    "verseObjects": [
      {
        "type": "text",
        "text": "और उनका वचन सड़े-घाव की तरह फैलता जाएगा: हुमिनयुस और फिलेतुस उन्हीं में से हैं,\n"
      }
    ]
  },
  "18": {
    "verseObjects": [
      {
        "type": "text",
        "text": "जो यह कहकर कि पुनरुत्थान हो चुका है सत्य से भटक गए हैं, और कितनों के विश्वास को उलट पुलट कर देते हैं।\n"
      },
      {
        "tag": "s5",
        "nextChar": "\n",
        "type": "section"
      }
    ]
  },
  "19": {
    "verseObjects": [
      {
        "type": "text",
        "text": "तो भी परमेश्‍वर की पक्की नींव बनी रहती है, और उस पर यह छाप लगी है: “प्रभु अपनों को पहचानता है,” और “जो कोई प्रभु का नाम लेता है, वह अधर्म से बचा रहे।” (नहू. 1:7)\n"
      }
    ]
  },
  "20": {
    "verseObjects": [
      {
        "type": "text",
        "text": "बड़े घर में न केवल सोने-चाँदी ही के, पर काठ और मिट्टी के बर्तन भी होते हैं; कोई-कोई आदर, और कोई-कोई अनादर के लिये।\n"
      }
    ]
  },
  "21": {
    "verseObjects": [
      {
        "type": "text",
        "text": "यदि कोई अपने आप को इनसे शुद्ध करेगा, तो वह आदर का पात्र, और पवित्र ठहरेगा; और स्वामी के काम आएगा, और हर भले काम के लिये तैयार होगा।\n"
      },
      {
        "tag": "s5",
        "nextChar": "\n",
        "type": "section"
      }
    ]
  },
  "22": {
    "verseObjects": [
      {
        "type": "text",
        "text": "जवानी की अभिलाषाओं से भाग; और जो शुद्ध मन से प्रभु का नाम लेते हैं, उनके साथ धार्मिकता, और विश्वास, और प्रेम, और मेल-मिलाप का पीछा कर।\n"
      }
    ]
  },
  "23": {
    "verseObjects": [
      {
        "type": "text",
        "text": "पर मूर्खता, और अविद्या के विवादों से अलग रह; क्योंकि तू जानता है, कि इनसे झगड़े होते हैं।\n"
      },
      {
        "tag": "p",
        "nextChar": "\n",
        "type": "paragraph"
      },
      {
        "tag": "s5",
        "nextChar": "\n",
        "type": "section"
      }
    ]
  },
  "24": {
    "verseObjects": [
      {
        "type": "text",
        "text": "और प्रभु के दास को झगड़ालू नहीं होना चाहिए, पर सब के साथ कोमल और शिक्षा में निपुण, और सहनशील हो।\n"
      }
    ]
  },
  "25": {
    "verseObjects": [
      {
        "type": "text",
        "text": "और विरोधियों को नम्रता से समझाए, क्या जाने परमेश्‍वर उन्हें मन फिराव का मन दे, कि वे भी सत्य को पहचानें।\n"
      }
    ]
  },
  "26": {
    "verseObjects": [
      {
        "type": "text",
        "text": "और इसके द्वारा शैतान की इच्‍छा पूरी करने के लिये सचेत होकर शैतान के फन्दे से छूट जाएँ।\n\n"
      },
      {
        "tag": "s5",
        "nextChar": "\n",
        "type": "section"
      }
    ]
  },
  "front": {
    "verseObjects": [
      {
        "tag": "s",
        "type": "section",
        "content": "उत्तम योद्धा\n"
      },
      {
        "tag": "p",
        "nextChar": "\n",
        "type": "paragraph"
      }
    ]
  }
}