{
  "1": {
    "verseObjects": [
      {
        "type": "text",
        "text": "इस तरह आकाश और पृथ्वी और उनकी सारी सेना का बनाना समाप्त हो गया।\n"
      }
    ]
  },
  "2": {
    "verseObjects": [
      {
        "type": "text",
        "text": "और परमेश्‍वर ने अपना काम जिसे वह करता था सातवें दिन समाप्त किया, और उसने अपने किए हुए सारे काम से सातवें दिन विश्राम किया।* (इब्रा. 4:4)\n"
      }
    ]
  },
  "3": {
    "verseObjects": [
      {
        "type": "text",
        "text": "और परमेश्‍वर ने सातवें दिन को आशीष दी और पवित्र ठहराया; क्योंकि उसमें उसने सृष्टि की रचना के अपने सारे काम से विश्राम लिया।\n"
      },
      {
        "tag": "s5",
        "nextChar": "\n",
        "type": "section"
      }
    ]
  },
  "4": {
    "verseObjects": [
      {
        "type": "text",
        "text": "आकाश और पृथ्वी की उत्पत्ति का वृत्तान्त यह है कि जब वे उत्‍पन्‍न हुए अर्थात् जिस दिन यहोवा परमेश्‍वर ने पृथ्वी और आकाश को बनाया।\n"
      }
    ]
  },
  "5": {
    "verseObjects": [
      {
        "type": "text",
        "text": "तब मैदान का कोई पौधा भूमि पर न था, और न मैदान का कोई छोटा पेड़ उगा था, क्योंकि यहोवा परमेश्‍वर ने पृथ्वी पर जल नहीं बरसाया था, और भूमि पर खेती करने के लिये मनुष्य भी नहीं था।\n"
      }
    ]
  },
  "6": {
    "verseObjects": [
      {
        "type": "text",
        "text": "लेकिन कुहरा पृथ्वी से उठता था जिससे सारी भूमि सिंच जाती थी।\n"
      },
      {
        "tag": "s",
        "type": "section",
        "content": "मानव जाति का आरम्भ\n"
      },
      {
        "tag": "p",
        "nextChar": "\n",
        "type": "paragraph"
      },
      {
        "tag": "s5",
        "nextChar": "\n",
        "type": "section"
      }
    ]
  },
  "7": {
    "verseObjects": [
      {
        "type": "text",
        "text": "तब यहोवा परमेश्‍वर ने आदम को भूमि की मिट्टी से रचा, और उसके नथनों में जीवन का श्‍वास फूँक दिया; और आदम जीवित प्राणी बन गया। (1 कुरि. 15:45)\n"
      }
    ]
  },
  "8": {
    "verseObjects": [
      {
        "type": "text",
        "text": "और यहोवा परमेश्‍वर ने पूर्व की ओर, अदन में एक वाटिका लगाई; और वहाँ आदम को जिसे उसने रचा था, रख दिया।\n"
      },
      {
        "tag": "s5",
        "nextChar": "\n",
        "type": "section"
      }
    ]
  },
  "9": {
    "verseObjects": [
      {
        "type": "text",
        "text": "और यहोवा परमेश्‍वर ने भूमि से सब भाँति के वृक्ष, जो देखने में मनोहर और जिनके फल खाने में अच्छे हैं, उगाए, और वाटिका के बीच में जीवन के वृक्ष को और भले या बुरे के ज्ञान के वृक्ष को भी लगाया। (प्रका. 2:7, प्रका. 22:14)\n"
      }
    ]
  },
  "10": {
    "verseObjects": [
      {
        "type": "text",
        "text": "उस वाटिका को सींचने के लिये एक महानदी अदन से निकली और वहाँ से आगे बहकर चार नदियों में बँट गई। (प्रका. 22:2)\n"
      },
      {
        "tag": "s5",
        "nextChar": "\n",
        "type": "section"
      }
    ]
  },
  "11": {
    "verseObjects": [
      {
        "type": "text",
        "text": "पहली नदी का नाम पीशोन है, यह वही है जो हवीला नाम के सारे देश को जहाँ सोना मिलता है घेरे हुए है।\n"
      }
    ]
  },
  "12": {
    "verseObjects": [
      {
        "type": "text",
        "text": "उस देश का सोना उत्तम होता है; वहाँ मोती और सुलैमानी पत्थर भी मिलते हैं।\n"
      },
      {
        "tag": "s5",
        "nextChar": "\n",
        "type": "section"
      }
    ]
  },
  "13": {
    "verseObjects": [
      {
        "type": "text",
        "text": "और दूसरी नदी का नाम गीहोन है; यह वही है जो कूश के सारे देश को घेरे हुए है।\n"
      }
    ]
  },
  "14": {
    "verseObjects": [
      {
        "type": "text",
        "text": "और तीसरी नदी का नाम हिद्देकेल है; यह वही है जो अश्शूर के पूर्व की ओर बहती है। और चौथी नदी का नाम फरात है।\n"
      },
      {
        "tag": "s5",
        "nextChar": "\n",
        "type": "section"
      }
    ]
  },
  "15": {
    "verseObjects": [
      {
        "type": "text",
        "text": "तब यहोवा परमेश्‍वर ने आदम को लेकर* अदन की वाटिका में रख दिया, कि वह उसमें काम करे और उसकी रखवाली करे।\n"
      }
    ]
  },
  "16": {
    "verseObjects": [
      {
        "type": "text",
        "text": "और यहोवा परमेश्‍वर ने आदम को यह आज्ञा दी, “तू वाटिका के किसी भी वृक्षों का फल खा सकता है;\n"
      }
    ]
  },
  "17": {
    "verseObjects": [
      {
        "type": "text",
        "text": "पर भले या बुरे के ज्ञान का जो वृक्ष है, उसका फल तू कभी न खाना : क्योंकि जिस दिन तू उसका फल खाएगा उसी दिन अवश्य मर जाएगा।”\n"
      },
      {
        "tag": "p",
        "nextChar": "\n",
        "type": "paragraph"
      },
      {
        "tag": "s5",
        "nextChar": "\n",
        "type": "section"
      }
    ]
  },
  "18": {
    "verseObjects": [
      {
        "type": "text",
        "text": "फिर यहोवा परमेश्‍वर ने कहा, “आदम का अकेला रहना अच्छा नहीं*; मैं उसके लिये एक ऐसा सहायक बनाऊँगा जो उसके लिये उपयुक्‍त होगा।” (1 कुरि. 11:9)\n"
      }
    ]
  },
  "19": {
    "verseObjects": [
      {
        "type": "text",
        "text": "और यहोवा परमेश्‍वर भूमि में से सब जाति के जंगली पशुओं, और आकाश के सब भाँति के पक्षियों को रचकर आदम के पास ले आया कि देखे, कि वह उनका क्या-क्या नाम रखता है; और जिस-जिस जीवित प्राणी का जो-जो नाम आदम ने रखा वही उसका नाम हो गया।\n"
      }
    ]
  },
  "20": {
    "verseObjects": [
      {
        "type": "text",
        "text": "अतः आदम ने सब जाति के घरेलू पशुओं, और आकाश के पक्षियों, और सब जाति के जंगली पशुओं के नाम रखे; परन्तु आदम के लिये कोई ऐसा सहायक न मिला जो उससे मेल खा सके।\n"
      },
      {
        "tag": "s5",
        "nextChar": "\n",
        "type": "section"
      }
    ]
  },
  "21": {
    "verseObjects": [
      {
        "type": "text",
        "text": "तब यहोवा परमेश्‍वर ने आदम को गहरी नींद में डाल दिया, और जब वह सो गया तब उसने उसकी एक पसली निकालकर उसकी जगह माँस भर दिया। (1 कुरि. 11:8)\n"
      }
    ]
  },
  "22": {
    "verseObjects": [
      {
        "type": "text",
        "text": "और यहोवा परमेश्‍वर ने उस पसली को जो उसने आदम में से निकाली थी, स्त्री बना दिया; और उसको आदम के पास ले आया। (1 तीमु. 2:13)\n"
      }
    ]
  },
  "23": {
    "verseObjects": [
      {
        "type": "text",
        "text": "तब आदम ने कहा, “अब यह मेरी हड्डियों में की हड्डी और मेरे माँस में का माँस है; इसलिए इसका नाम नारी होगा, क्योंकि यह नर में से निकाली गई है।”\n"
      },
      {
        "tag": "s5",
        "nextChar": "\n",
        "type": "section"
      }
    ]
  },
  "24": {
    "verseObjects": [
      {
        "type": "text",
        "text": "इस कारण पुरुष अपने माता-पिता को छोड़कर अपनी पत्‍नी से मिला रहेगा और वे एक ही तन बने रहेंगे। (मत्ती 19:5, मर. 10:7,8, इफि. 5:31)\n"
      }
    ]
  },
  "25": {
    "verseObjects": [
      {
        "type": "text",
        "text": "आदम और उसकी पत्‍नी दोनों नंगे थे, पर वे लज्‍जित न थे।\n\n"
      },
      {
        "tag": "s5",
        "nextChar": "\n",
        "type": "section"
      }
    ]
  },
  "front": {
    "verseObjects": [
      {
        "tag": "s",
        "type": "section",
        "content": "सातवाँ दिन—विश्राम\n"
      },
      {
        "tag": "p",
        "nextChar": "\n",
        "type": "paragraph"
      }
    ]
  }
}