{
  "1": {
    "verseObjects": [
      {
        "type": "text",
        "text": "सारा तो एक सौ सताईस वर्ष की आयु को पहुँची; और जब सारा की इतनी आयु हुई;\n"
      }
    ]
  },
  "2": {
    "verseObjects": [
      {
        "type": "text",
        "text": "तब वह किर्यतअर्बा में मर गई। यह तो कनान देश में है, और हेब्रोन भी कहलाता है। इसलिए अब्राहम सारा के लिये रोने-पीटने को वहाँ गया।\n"
      },
      {
        "tag": "s5",
        "nextChar": "\n",
        "type": "section"
      }
    ]
  },
  "3": {
    "verseObjects": [
      {
        "type": "text",
        "text": "तब अब्राहम शव के पास से उठकर हित्तियों से कहने लगा,\n"
      }
    ]
  },
  "4": {
    "verseObjects": [
      {
        "type": "text",
        "text": "“मैं तुम्हारे बीच अतिथि और परदेशी हूँ; मुझे अपने मध्य में कब्रिस्तान के लिये ऐसी भूमि दो जो मेरी निज की हो जाए, कि मैं अपने मृतक को गाड़कर अपनी आँख से दूर करूँ।”\n"
      },
      {
        "tag": "s5",
        "nextChar": "\n",
        "type": "section"
      }
    ]
  },
  "5": {
    "verseObjects": [
      {
        "type": "text",
        "text": "हित्तियों ने अब्राहम से कहा,\n"
      }
    ]
  },
  "6": {
    "verseObjects": [
      {
        "type": "text",
        "text": "“हे हमारे प्रभु, हमारी सुन; तू तो हमारे बीच में बड़ा प्रधान है। हमारी कब्रों में से जिसको तू चाहे उसमें अपने मृतक को गाड़; हम में से कोई तुझे अपनी कब्र के लेने से न रोकेगा, कि तू अपने मृतक को उसमें गाड़ने न पाए।”\n"
      },
      {
        "tag": "s5",
        "nextChar": "\n",
        "type": "section"
      }
    ]
  },
  "7": {
    "verseObjects": [
      {
        "type": "text",
        "text": "तब अब्राहम उठकर खड़ा हुआ, और हित्तियों के सामने, जो उस देश के निवासी थे, दण्डवत् करके कहने लगा,\n"
      }
    ]
  },
  "8": {
    "verseObjects": [
      {
        "type": "text",
        "text": "“यदि तुम्हारी यह इच्छा हो कि मैं अपने मृतक को गाड़कर अपनी आँख से दूर करूँ, तो मेरी प्रार्थना है, कि सोहर के पुत्र एप्रोन* से मेरे लिये विनती करो,\n"
      }
    ]
  },
  "9": {
    "verseObjects": [
      {
        "type": "text",
        "text": "कि वह अपनी मकपेलावाली गुफा, जो उसकी भूमि की सीमा पर है; उसका पूरा दाम लेकर मुझे दे दे, कि वह तुम्हारे बीच कब्रिस्तान के लिये मेरी निज भूमि हो जाए।”\n"
      },
      {
        "tag": "s5",
        "nextChar": "\n",
        "type": "section"
      }
    ]
  },
  "10": {
    "verseObjects": [
      {
        "type": "text",
        "text": "एप्रोन तो हित्तियों के बीच वहाँ बैठा हुआ था, इसलिए जितने हित्ती उसके नगर के फाटक से होकर भीतर जाते थे, उन सभी के सामने उसने अब्राहम को उत्तर दिया,\n"
      }
    ]
  },
  "11": {
    "verseObjects": [
      {
        "type": "text",
        "text": "“हे मेरे प्रभु, ऐसा नहीं, मेरी सुन; वह भूमि मैं तुझे देता हूँ, और उसमें जो गुफा है, वह भी मैं तुझे देता हूँ; अपने जाति भाइयों के सम्मुख मैं उसे तुझको दिए देता हूँ; अतः अपने मृतक को कब्र में रख।”\n"
      },
      {
        "tag": "s5",
        "nextChar": "\n",
        "type": "section"
      }
    ]
  },
  "12": {
    "verseObjects": [
      {
        "type": "text",
        "text": "तब अब्राहम ने उस देश के निवासियों के सामने दण्डवत् किया।\n"
      }
    ]
  },
  "13": {
    "verseObjects": [
      {
        "type": "text",
        "text": "और उनके सुनते हुए एप्रोन से कहा, “यदि तू ऐसा चाहे, तो मेरी सुन उस भूमि का जो दाम हो, वह मैं देना चाहता हूँ; उसे मुझसे ले ले, तब मैं अपने मुर्दे को वहाँ गाड़ूँगा।”\n"
      },
      {
        "tag": "s5",
        "nextChar": "\n",
        "type": "section"
      }
    ]
  },
  "14": {
    "verseObjects": [
      {
        "type": "text",
        "text": "एप्रोन ने अब्राहम को यह उत्तर दिया,\n"
      }
    ]
  },
  "15": {
    "verseObjects": [
      {
        "type": "text",
        "text": "“हे मेरे प्रभु, मेरी बात सुन; उस भूमि का दाम तो चार सौ शेकेल रूपा है; पर मेरे और तेरे बीच में यह क्या है? अपने मुर्दे को कब्र में रख।”\n"
      }
    ]
  },
  "16": {
    "verseObjects": [
      {
        "type": "text",
        "text": "अब्राहम ने एप्रोन की मानकर उसको उतना रूपा तौल दिया, जितना उसने हित्तियों के सुनते हुए कहा था, अर्थात् चार सौ ऐसे शेकेल जो व्यापारियों में चलते थे।\n"
      },
      {
        "tag": "s5",
        "nextChar": "\n",
        "type": "section"
      }
    ]
  },
  "17": {
    "verseObjects": [
      {
        "type": "text",
        "text": "इस प्रकार एप्रोन की भूमि, जो मम्रे के सम्मुख की मकपेला में थी, वह गुफा समेत, और उन सब वृक्षों समेत भी जो उसमें और उसके चारों ओर सीमा पर थे,\n"
      }
    ]
  },
  "18": {
    "verseObjects": [
      {
        "type": "text",
        "text": "जितने हित्ती उसके नगर के फाटक से होकर भीतर जाते थे, उन सभी के सामने अब्राहम के अधिकार में पक्की रीति से आ गई।\n"
      },
      {
        "tag": "s5",
        "nextChar": "\n",
        "type": "section"
      }
    ]
  },
  "19": {
    "verseObjects": [
      {
        "type": "text",
        "text": "इसके पश्चात् अब्राहम ने अपनी पत्‍नी सारा को उस मकपेलावाली भूमि की गुफा में जो मम्रे के अर्थात् हेब्रोन के सामने कनान देश में है, मिट्टी दी।\n"
      }
    ]
  },
  "20": {
    "verseObjects": [
      {
        "type": "text",
        "text": "इस प्रकार वह भूमि गुफा समेत, जो उसमें थी, हित्तियों की ओर से कब्रिस्तान के लिये अब्राहम के अधिकार में पूरी रीति से आ गई।\n\n"
      },
      {
        "tag": "s5",
        "nextChar": "\n",
        "type": "section"
      }
    ]
  },
  "front": {
    "verseObjects": [
      {
        "tag": "s",
        "type": "section",
        "content": "सारा की मृत्यु और दफनाया जाना\n"
      },
      {
        "tag": "p",
        "nextChar": "\n",
        "type": "paragraph"
      }
    ]
  }
}