{
  "1": {
    "verseObjects": [
      {
        "type": "text",
        "text": "उस देश में अकाल पड़ा, वह उस पहले अकाल से अलग था जो अब्राहम के दिनों में पड़ा था। इसलिए इसहाक गरार को पलिश्तियों के राजा अबीमेलेक के पास गया।\n"
      },
      {
        "tag": "s5",
        "nextChar": "\n",
        "type": "section"
      }
    ]
  },
  "2": {
    "verseObjects": [
      {
        "type": "text",
        "text": "वहाँ यहोवा ने उसको दर्शन देकर* कहा, “मिस्र में मत जा; जो देश मैं तुझे बताऊँ उसी में रह।\n"
      }
    ]
  },
  "3": {
    "verseObjects": [
      {
        "type": "text",
        "text": "तू इसी देश में रह, और मैं तेरे संग रहूँगा, और तुझे आशीष दूँगा; और ये सब देश मैं तुझको, और तेरे वंश को दूँगा; और जो शपथ मैंने तेरे पिता अब्राहम से खाई थी, उसे मैं पूरी करूँगा।\n"
      },
      {
        "tag": "s5",
        "nextChar": "\n",
        "type": "section"
      }
    ]
  },
  "4": {
    "verseObjects": [
      {
        "type": "text",
        "text": "और मैं तेरे वंश को आकाश के तारागण के समान करूँगा; और मैं तेरे वंश को ये सब देश दूँगा, और पृथ्वी की सारी जातियाँ तेरे वंश के कारण अपने को धन्य मानेंगी। (उत्प. 15:5)\n"
      }
    ]
  },
  "5": {
    "verseObjects": [
      {
        "type": "text",
        "text": "क्योंकि अब्राहम ने मेरी मानी, और जो मैंने उसे सौंपा था उसको और मेरी आज्ञाओं, विधियों और व्यवस्था का पालन किया।”\n"
      },
      {
        "tag": "s5",
        "nextChar": "\n",
        "type": "section"
      }
    ]
  },
  "6": {
    "verseObjects": [
      {
        "type": "text",
        "text": "इसलिए इसहाक गरार में रह गया।\n"
      },
      {
        "tag": "s",
        "type": "section",
        "content": "इसहाक की चालाकी\n"
      },
      {
        "tag": "p",
        "nextChar": "\n",
        "type": "paragraph"
      }
    ]
  },
  "7": {
    "verseObjects": [
      {
        "type": "text",
        "text": "जब उस स्थान के लोगों ने उसकी पत्‍नी के विषय में पूछा, तब उसने यह सोचकर कि यदि मैं उसको अपनी पत्‍नी कहूँ, तो यहाँ के लोग रिबका के कारण जो परम सुन्दरी है* मुझ को मार डालेंगे, उत्तर दिया, “वह तो मेरी बहन है।”\n"
      }
    ]
  },
  "8": {
    "verseObjects": [
      {
        "type": "text",
        "text": "जब उसको वहाँ रहते बहुत दिन बीत गए, तब एक दिन पलिश्तियों के राजा अबीमेलेक ने खिड़की में से झाँककर क्या देखा कि इसहाक अपनी पत्‍नी रिबका के साथ क्रीड़ा कर रहा है।\n"
      },
      {
        "tag": "s5",
        "nextChar": "\n",
        "type": "section"
      }
    ]
  },
  "9": {
    "verseObjects": [
      {
        "type": "text",
        "text": "तब अबीमेलेक ने इसहाक को बुलवाकर कहा, “वह तो निश्चय तेरी पत्‍नी है; फिर तूने क्यों उसको अपनी बहन कहा?” इसहाक ने उत्तर दिया, “मैंने सोचा था, कि ऐसा न हो कि उसके कारण मेरी मृत्यु हो।”\n"
      }
    ]
  },
  "10": {
    "verseObjects": [
      {
        "type": "text",
        "text": "अबीमेलेक ने कहा, “तूने हम से यह क्या किया? ऐसे तो प्रजा में से कोई तेरी पत्‍नी के साथ सहज से कुकर्म कर सकता, और तू हमको पाप में फँसाता।”\n"
      }
    ]
  },
  "11": {
    "verseObjects": [
      {
        "type": "text",
        "text": "इसलिए अबीमेलेक ने अपनी सारी प्रजा को आज्ञा दी, “जो कोई उस पुरुष को या उस स्त्री को छूएगा, वह निश्चय मार डाला जाएगा।”\n"
      },
      {
        "tag": "s",
        "type": "section",
        "content": "इसहाक का महान बनना\n"
      },
      {
        "tag": "p",
        "nextChar": "\n",
        "type": "paragraph"
      },
      {
        "tag": "s5",
        "nextChar": "\n",
        "type": "section"
      }
    ]
  },
  "12": {
    "verseObjects": [
      {
        "type": "text",
        "text": "फिर इसहाक ने उस देश में जोता बोया, और उसी वर्ष में सौ गुणा फल पाया*; और यहोवा ने उसको आशीष दी,\n"
      }
    ]
  },
  "13": {
    "verseObjects": [
      {
        "type": "text",
        "text": "और वह बढ़ा और उसकी उन्नति होती चली गई, यहाँ तक कि वह बहुत धनी पुरुष हो गया।\n"
      }
    ]
  },
  "14": {
    "verseObjects": [
      {
        "type": "text",
        "text": "जब उसके भेड़-बकरी, गाय-बैल, और बहुत से दास-दासियाँ हुईं, तब पलिश्ती उससे डाह करने लगे।\n"
      },
      {
        "tag": "s",
        "type": "section",
        "content": "कुओं के लिये झगड़ा\n"
      },
      {
        "tag": "p",
        "nextChar": "\n",
        "type": "paragraph"
      },
      {
        "tag": "s5",
        "nextChar": "\n",
        "type": "section"
      }
    ]
  },
  "15": {
    "verseObjects": [
      {
        "type": "text",
        "text": "इसलिए जितने कुओं को उसके पिता अब्राहम के दासों ने अब्राहम के जीते जी खोदा था, उनको पलिश्तियों ने मिट्टी से भर दिया।\n"
      }
    ]
  },
  "16": {
    "verseObjects": [
      {
        "type": "text",
        "text": "तब अबीमेलेक ने इसहाक से कहा, “हमारे पास से चला जा; क्योंकि तू हम से बहुत सामर्थी हो गया है।”\n"
      }
    ]
  },
  "17": {
    "verseObjects": [
      {
        "type": "text",
        "text": "अतः इसहाक वहाँ से चला गया, और गरार की घाटी में अपना तम्बू खड़ा करके वहाँ रहने लगा।\n"
      },
      {
        "tag": "s5",
        "nextChar": "\n",
        "type": "section"
      }
    ]
  },
  "18": {
    "verseObjects": [
      {
        "type": "text",
        "text": "तब जो कुएँ उसके पिता अब्राहम के दिनों में खोदे गए थे, और अब्राहम के मरने के पीछे पलिश्तियों ने भर दिए थे, उनको इसहाक ने फिर से खुदवाया; और उनके वे ही नाम रखे, जो उसके पिता ने रखे थे।\n"
      },
      {
        "tag": "s5",
        "nextChar": "\n",
        "type": "section"
      }
    ]
  },
  "19": {
    "verseObjects": [
      {
        "type": "text",
        "text": "फिर इसहाक के दासों को घाटी में खोदते-खोदते बहते जल का एक सोता मिला।\n"
      }
    ]
  },
  "20": {
    "verseObjects": [
      {
        "type": "text",
        "text": "तब गरार के चरवाहों ने इसहाक के चरवाहों से झगड़ा किया, और कहा, “यह जल हमारा है।” इसलिए उसने उस कुएँ का नाम एसेक रखा; क्योंकि वे उससे झगड़े थे।\n"
      },
      {
        "tag": "s5",
        "nextChar": "\n",
        "type": "section"
      }
    ]
  },
  "21": {
    "verseObjects": [
      {
        "type": "text",
        "text": "फिर उन्होंने दूसरा कुआँ खोदा; और उन्होंने उसके लिये भी झगड़ा किया, इसलिए उसने उसका नाम सित्ना रखा।\n"
      }
    ]
  },
  "22": {
    "verseObjects": [
      {
        "type": "text",
        "text": "तब उसने वहाँ से निकलकर एक और कुआँ खुदवाया; और उसके लिये उन्होंने झगड़ा न किया; इसलिए उसने उसका नाम यह कहकर रहोबोत रखा, “अब तो यहोवा ने हमारे लिये बहुत स्थान दिया है, और हम इस देश में फूले-फलेंगे।”\n"
      },
      {
        "tag": "s",
        "type": "section",
        "content": "परमेश्‍वर का इसहाक पर प्रगट होना\n"
      },
      {
        "tag": "p",
        "nextChar": "\n",
        "type": "paragraph"
      },
      {
        "tag": "s5",
        "nextChar": "\n",
        "type": "section"
      }
    ]
  },
  "23": {
    "verseObjects": [
      {
        "type": "text",
        "text": "वहाँ से वह बेर्शेबा को गया।\n"
      }
    ]
  },
  "24": {
    "verseObjects": [
      {
        "type": "text",
        "text": "और उसी दिन यहोवा ने रात को उसे दर्शन देकर कहा, “मैं तेरे पिता अब्राहम का परमेश्‍वर हूँ; मत डर, क्योंकि मैं तेरे साथ हूँ, और अपने दास अब्राहम के कारण तुझे आशीष दूँगा, और तेरा वंश बढ़ाऊँगा।”\n"
      }
    ]
  },
  "25": {
    "verseObjects": [
      {
        "type": "text",
        "text": "तब उसने वहाँ एक वेदी बनाई, और यहोवा से प्रार्थना की, और अपना तम्बू वहीं खड़ा किया; और वहाँ इसहाक के दासों ने एक कुआँ खोदा।\n"
      },
      {
        "tag": "s",
        "type": "section",
        "content": "अबीमेलेक के साथ वाचा\n"
      },
      {
        "tag": "p",
        "nextChar": "\n",
        "type": "paragraph"
      },
      {
        "tag": "s5",
        "nextChar": "\n",
        "type": "section"
      }
    ]
  },
  "26": {
    "verseObjects": [
      {
        "type": "text",
        "text": "तब अबीमेलेक अपने सलाहकार अहुज्जत, और अपने सेनापति पीकोल को संग लेकर, गरार से उसके पास गया।\n"
      }
    ]
  },
  "27": {
    "verseObjects": [
      {
        "type": "text",
        "text": "इसहाक ने उनसे कहा, “तुम ने मुझसे बैर करके अपने बीच से निकाल दिया था, अब मेरे पास क्यों आए हो?”\n"
      },
      {
        "tag": "s5",
        "nextChar": "\n",
        "type": "section"
      }
    ]
  },
  "28": {
    "verseObjects": [
      {
        "type": "text",
        "text": "उन्होंने कहा, “हमने तो प्रत्यक्ष देखा है, कि यहोवा तेरे साथ रहता है; इसलिए हमने सोचा, कि तू तो यहोवा की ओर से धन्य है, अतः हमारे तेरे बीच में शपथ खाई जाए, और हम तुझ से इस विषय की वाचा बन्धाएँ;\n"
      }
    ]
  },
  "29": {
    "verseObjects": [
      {
        "type": "text",
        "text": "कि जैसे हमने तुझे नहीं छुआ, वरन् तेरे साथ केवल भलाई ही की है, और तुझको कुशल क्षेम से विदा किया, उसके अनुसार तू भी हम से कोई बुराई न करेगा।”\n"
      },
      {
        "tag": "s5",
        "nextChar": "\n",
        "type": "section"
      }
    ]
  },
  "30": {
    "verseObjects": [
      {
        "type": "text",
        "text": "तब उसने उनको भोज दिया, और उन्होंने खाया-पिया।\n"
      }
    ]
  },
  "31": {
    "verseObjects": [
      {
        "type": "text",
        "text": "सवेरे उन सभी ने तड़के उठकर आपस में शपथ खाई; तब इसहाक ने उनको विदा किया, और वे कुशल क्षेम से उसके पास से चले गए।\n"
      },
      {
        "tag": "s5",
        "nextChar": "\n",
        "type": "section"
      }
    ]
  },
  "32": {
    "verseObjects": [
      {
        "type": "text",
        "text": "उसी दिन इसहाक के दासों ने आकर अपने उस खोदे हुए कुएँ का वृत्तान्त सुना कर कहा, “हमको जल का एक सोता मिला है।”\n"
      }
    ]
  },
  "33": {
    "verseObjects": [
      {
        "type": "text",
        "text": "तब उसने उसका नाम शिबा रखा; इसी कारण उस नगर का नाम आज तक बेर्शेबा पड़ा है।\n"
      },
      {
        "tag": "s",
        "type": "section",
        "content": "एसाव की पत्नियाँ\n"
      },
      {
        "tag": "p",
        "nextChar": "\n",
        "type": "paragraph"
      },
      {
        "tag": "s5",
        "nextChar": "\n",
        "type": "section"
      }
    ]
  },
  "34": {
    "verseObjects": [
      {
        "type": "text",
        "text": "जब एसाव चालीस वर्ष का हुआ, तब उसने हित्ती बेरी की बेटी यहूदीत, और हित्ती एलोन की बेटी बासमत को ब्याह लिया;\n"
      }
    ]
  },
  "35": {
    "verseObjects": [
      {
        "type": "text",
        "text": "और इन स्त्रियों के कारण इसहाक और रिबका के मन को खेद हुआ।\n\n"
      },
      {
        "tag": "s5",
        "nextChar": "\n",
        "type": "section"
      }
    ]
  },
  "front": {
    "verseObjects": [
      {
        "tag": "s",
        "type": "section",
        "content": "इसहाक का वृत्तान्त\n"
      },
      {
        "tag": "p",
        "nextChar": "\n",
        "type": "paragraph"
      }
    ]
  }
}