{
  "1": {
    "verseObjects": [
      {
        "type": "text",
        "text": "और याकूब ने आँखें उठाकर यह देखा, कि एसाव चार सौ पुरुष संग लिये हुए चला आता है। तब उसने बच्चों को अलग-अलग बाँटकर लिआ और राहेल और दोनों दासियों को सौंप दिया।\n"
      }
    ]
  },
  "2": {
    "verseObjects": [
      {
        "type": "text",
        "text": "और उसने सबके आगे लड़कों समेत दासियों को उसके पीछे लड़कों समेत लिआ को, और सबके पीछे राहेल और यूसुफ को रखा,\n"
      }
    ]
  },
  "3": {
    "verseObjects": [
      {
        "type": "text",
        "text": "और आप उन सबके आगे बढ़ा और सात बार भूमि पर गिरकर दण्डवत् की,* और अपने भाई के पास पहुँचा।\n"
      },
      {
        "tag": "s5",
        "type": "section",
        "text": "\n"
      }
    ]
  },
  "4": {
    "verseObjects": [
      {
        "type": "text",
        "text": "तब एसाव उससे भेंट करने को दौड़ा, और उसको हृदय से लगाकर, गले से लिपटकर चूमा; फिर वे दोनों रो पड़े।\n"
      }
    ]
  },
  "5": {
    "verseObjects": [
      {
        "type": "text",
        "text": "तब उसने आँखें उठाकर स्त्रियों और बच्चों को देखा; और पूछा, “ये जो तेरे साथ हैं वे कौन हैं?” उसने कहा, “ये तेरे दास के लड़के हैं, जिन्हें परमेश्‍वर ने अनुग्रह करके मुझ को दिया है।”\n"
      },
      {
        "tag": "s5",
        "type": "section",
        "text": "\n"
      }
    ]
  },
  "6": {
    "verseObjects": [
      {
        "type": "text",
        "text": "तब लड़कों समेत दासियों ने निकट आकर दण्डवत् किया।\n"
      }
    ]
  },
  "7": {
    "verseObjects": [
      {
        "type": "text",
        "text": "फिर लड़कों समेत लिआ निकट आई, और उन्होंने भी दण्डवत् किया; अन्त में यूसुफ और राहेल ने भी निकट आकर दण्डवत् किया।\n"
      }
    ]
  },
  "8": {
    "verseObjects": [
      {
        "type": "text",
        "text": "तब उसने पूछा, “तेरा यह बड़ा दल जो मुझ को मिला, उसका क्या प्रयोजन है?” उसने कहा, “यह कि मेरे प्रभु की अनुग्रह की दृष्टि मुझ पर हो।”\n"
      },
      {
        "tag": "s5",
        "type": "section",
        "text": "\n"
      }
    ]
  },
  "9": {
    "verseObjects": [
      {
        "type": "text",
        "text": "एसाव ने कहा, “हे मेरे भाई, मेरे पास तो बहुत है; जो कुछ तेरा है वह तेरा ही रहे।”\n"
      }
    ]
  },
  "10": {
    "verseObjects": [
      {
        "type": "text",
        "text": "याकूब ने कहा, “नहीं-नहीं, यदि तेरा अनुग्रह मुझ पर हो, तो मेरी भेंट ग्रहण कर: क्योंकि मैंने तेरा दर्शन पाकर, मानो परमेश्‍वर का दर्शन पाया है, और तू मुझसे प्रसन्‍न हुआ है।\n"
      }
    ]
  },
  "11": {
    "verseObjects": [
      {
        "type": "text",
        "text": "इसलिए यह भेंट, जो तुझे भेजी गई है, ग्रहण कर; क्योंकि परमेश्‍वर ने मुझ पर अनुग्रह किया है, और मेरे पास बहुत है।” जब उसने उससे बहुत आग्रह किया, तब उसने भेंट को ग्रहण किया।\n"
      },
      {
        "tag": "s5",
        "type": "section",
        "text": "\n"
      }
    ]
  },
  "12": {
    "verseObjects": [
      {
        "type": "text",
        "text": "फिर एसाव ने कहा, “आ, हम बढ़ चलें: और मैं तेरे आगे-आगे चलूँगा।”\n"
      }
    ]
  },
  "13": {
    "verseObjects": [
      {
        "type": "text",
        "text": "याकूब ने कहा, “हे मेरे प्रभु, तू जानता ही है कि मेरे साथ सुकुमार लड़के, और दूध देनेहारी भेड़-बकरियाँ और गायें है; यदि ऐसे पशु एक दिन भी अधिक हाँके जाएँ, तो सबके सब मर जाएँगे।\n"
      }
    ]
  },
  "14": {
    "verseObjects": [
      {
        "type": "text",
        "text": "इसलिए मेरा प्रभु अपने दास के आगे बढ़ जाए, और मैं इन पशुओं की गति के अनुसार, जो मेरे आगे है, और बच्चों की गति के अनुसार धीरे-धीरे चलकर सेईर में अपने प्रभु के पास पहुँचूँगा।”\n"
      },
      {
        "tag": "s5",
        "type": "section",
        "text": "\n"
      }
    ]
  },
  "15": {
    "verseObjects": [
      {
        "type": "text",
        "text": "एसाव ने कहा, “तो अपने साथियों में से मैं कई एक तेरे साथ छोड़ जाऊँ।” उसने कहा, “यह क्यों? इतना ही बहुत है, कि मेरे प्रभु के अनुग्रह की दृष्टि मुझ पर बनी रहे।”\n"
      }
    ]
  },
  "16": {
    "verseObjects": [
      {
        "type": "text",
        "text": "तब एसाव ने उसी दिन सेईर जाने को अपना मार्ग लिया।\n"
      }
    ]
  },
  "17": {
    "verseObjects": [
      {
        "type": "text",
        "text": "परन्तु याकूब वहाँ से निकलकर सुक्कोत* को गया, और वहाँ अपने लिये एक घर, और पशुओं के लिये झोंपड़े बनाए। इसी कारण उस स्थान का नाम सुक्कोत पड़ा।\n"
      },
      {
        "tag": "s",
        "type": "section",
        "text": "याकूब का कनान आना\n"
      },
      {
        "tag": "p",
        "type": "paragraph",
        "text": "\n"
      },
      {
        "tag": "s5",
        "type": "section",
        "text": "\n"
      }
    ]
  },
  "18": {
    "verseObjects": [
      {
        "type": "text",
        "text": "और याकूब जो पद्दनराम से आया था, उसने कनान देश के शेकेम नगर के पास कुशल क्षेम से पहुँचकर नगर के सामने डेरे खड़े किए।\n"
      }
    ]
  },
  "19": {
    "verseObjects": [
      {
        "type": "text",
        "text": "और भूमि के जिस खण्ड पर उसने अपना तम्बू खड़ा किया, उसको उसने शेकेम के पिता हमोर के पुत्रों के हाथ से एक सौ कसीतों में मोल लिया। (यूह. 4:5, प्रेरि. 7:16)\n"
      }
    ]
  },
  "20": {
    "verseObjects": [
      {
        "type": "text",
        "text": "और वहाँ उसने एक वेदी बनाकर उसका नाम एल-एलोहे-इस्राएल रखा।\n\n"
      },
      {
        "tag": "s5",
        "type": "section",
        "text": "\n"
      }
    ]
  },
  "front": {
    "verseObjects": [
      {
        "tag": "s",
        "type": "section",
        "text": "याकूब का एसाव से मिलना\n"
      },
      {
        "tag": "p",
        "type": "paragraph",
        "text": "\n"
      }
    ]
  }
}