{
  "1": {
    "verseObjects": [
      {
        "type": "text",
        "text": "एसाव जो एदोम भी कहलाता है, उसकी यह वंशावली है।\n"
      }
    ]
  },
  "2": {
    "verseObjects": [
      {
        "type": "text",
        "text": "एसाव ने तो कनानी लड़कियाँ ब्याह लीं; अर्थात् हित्ती एलोन की बेटी आदा को, और ओहोलीबामा को जो अना की बेटी, और हिव्वी सिबोन की नातिन थी।\n"
      }
    ]
  },
  "3": {
    "verseObjects": [
      {
        "type": "text",
        "text": "फिर उसने इश्माएल की बेटी बासमत को भी, जो नबायोत की बहन थी, ब्याह लिया।\n"
      },
      {
        "tag": "s5",
        "type": "section",
        "text": "\n"
      }
    ]
  },
  "4": {
    "verseObjects": [
      {
        "type": "text",
        "text": "आदा ने तो एसाव के द्वारा एलीपज को, और बासमत ने रूएल को जन्म दिया।\n"
      }
    ]
  },
  "5": {
    "verseObjects": [
      {
        "type": "text",
        "text": "और ओहोलीबामा ने यूश, और यालाम, और कोरह को उत्‍पन्‍न किया, एसाव के ये ही पुत्र कनान देश में उत्‍पन्‍न हुए।\n"
      },
      {
        "tag": "s5",
        "type": "section",
        "text": "\n"
      }
    ]
  },
  "6": {
    "verseObjects": [
      {
        "type": "text",
        "text": "एसाव अपनी पत्नियों, और बेटे-बेटियों, और घर के सब प्राणियों, और अपनी भेड़-बकरी, और गाय-बैल आदि सब पशुओं, निदान अपनी सारी सम्पत्ति को, जो उसने कनान देश में संचय किया था, लेकर अपने भाई याकूब के पास से दूसरे देश को चला गया।\n"
      }
    ]
  },
  "7": {
    "verseObjects": [
      {
        "type": "text",
        "text": "क्योंकि उनकी सम्पत्ति इतनी हो गई थी,* कि वे इकट्ठे न रह सके; और पशुओं की बहुतायत के कारण उस देश में, जहाँ वे परदेशी होकर रहते थे, वे समा न सके।\n"
      }
    ]
  },
  "8": {
    "verseObjects": [
      {
        "type": "text",
        "text": "एसाव जो एदोम भी कहलाता है, सेईर नामक पहाड़ी देश में रहने लगा।\n"
      },
      {
        "tag": "s5",
        "type": "section",
        "text": "\n"
      }
    ]
  },
  "9": {
    "verseObjects": [
      {
        "type": "text",
        "text": "सेईर नामक पहाड़ी देश में रहनेवाले एदोमियों के मूल पुरुष एसाव की वंशावली यह है\n"
      }
    ]
  },
  "10": {
    "verseObjects": [
      {
        "type": "text",
        "text": "एसाव के पुत्रों के नाम ये हैं; अर्थात् एसाव की पत्‍नी आदा का पुत्र एलीपज, और उसी एसाव की पत्‍नी बासमत का पुत्र रूएल।\n"
      }
    ]
  },
  "11": {
    "verseObjects": [
      {
        "type": "text",
        "text": "और एलीपज के ये पुत्र हुए; अर्थात् तेमान, ओमार, सपो, गाताम, और कनज।\n"
      }
    ]
  },
  "12": {
    "verseObjects": [
      {
        "type": "text",
        "text": "एसाव के पुत्र एलीपज के तिम्ना नामक एक रखैल थी, जिसने एलीपज के द्वारा अमालेक को जन्म दिया: एसाव की पत्‍नी आदा के वंश में ये ही हुए।\n"
      },
      {
        "tag": "s5",
        "type": "section",
        "text": "\n"
      }
    ]
  },
  "13": {
    "verseObjects": [
      {
        "type": "text",
        "text": "रूएल के ये पुत्र हुए; अर्थात् नहत, जेरह, शम्मा, और मिज्जा एसाव की पत्‍नी बासमत के वंश में ये ही हुए।\n"
      }
    ]
  },
  "14": {
    "verseObjects": [
      {
        "type": "text",
        "text": "ओहोलीबामा जो एसाव की पत्‍नी, और सिबोन की नातिन और अना की बेटी थी, उसके ये पुत्र हुए: अर्थात् उसने एसाव के द्वारा यूश, यालाम और कोरह को जन्म दिया।\n"
      },
      {
        "tag": "s",
        "type": "section",
        "text": "एदोम के अधिपति\n"
      },
      {
        "tag": "p",
        "type": "paragraph",
        "text": "\n"
      },
      {
        "tag": "s5",
        "type": "section",
        "text": "\n"
      }
    ]
  },
  "15": {
    "verseObjects": [
      {
        "type": "text",
        "text": "एसाववंशियों के अधिपति ये हुए: अर्थात् एसाव के जेठे एलीपज के वंश में से तो तेमान अधिपति, ओमार अधिपति, सपो अधिपति, कनज अधिपति,\n"
      }
    ]
  },
  "16": {
    "verseObjects": [
      {
        "type": "text",
        "text": "कोरह अधिपति, गाताम अधिपति, अमालेक अधिपति एलीपज वंशियों में से, एदोम देश में ये ही अधिपति हुए: और ये ही आदा के वंश में हुए।\n"
      },
      {
        "tag": "s5",
        "type": "section",
        "text": "\n"
      }
    ]
  },
  "17": {
    "verseObjects": [
      {
        "type": "text",
        "text": "एसाव के पुत्र रूएल के वंश में ये हुए; अर्थात् नहत अधिपति, जेरह अधिपति, शम्मा अधिपति, मिज्जा अधिपति रूएलवंशियों में से, एदोम देश में ये ही अधिपति हुए; और ये ही एसाव की पत्‍नी बासमत के वंश में हुए।\n"
      }
    ]
  },
  "18": {
    "verseObjects": [
      {
        "type": "text",
        "text": "एसाव की पत्‍नी ओहोलीबामा के वंश में ये हुए; अर्थात् यूश अधिपति, यालाम अधिपति, कोरह अधिपति, अना की बेटी ओहोलीबामा जो एसाव की पत्‍नी थी उसके वंश में ये ही हुए।\n"
      }
    ]
  },
  "19": {
    "verseObjects": [
      {
        "type": "text",
        "text": "एसाव जो एदोम भी कहलाता है, उसके वंश ये ही हैं, और उनके अधिपति भी ये ही हुए।\n"
      },
      {
        "tag": "s",
        "type": "section",
        "text": "सेईर की वंशावली\n"
      },
      {
        "tag": "p",
        "type": "paragraph",
        "text": "\n"
      },
      {
        "tag": "s5",
        "type": "section",
        "text": "\n"
      }
    ]
  },
  "20": {
    "verseObjects": [
      {
        "type": "text",
        "text": "सेईर जो होरी नामक जाति का था, उसके ये पुत्र उस देश में पहले से रहते थे; अर्थात् लोतान, शोबाल, सिबोन, अना,\n"
      }
    ]
  },
  "21": {
    "verseObjects": [
      {
        "type": "text",
        "text": "दीशोन, एसेर, और दीशान: एदोम देश में सेईर के ये ही होरी जातिवाले अधिपति हुए।\n"
      }
    ]
  },
  "22": {
    "verseObjects": [
      {
        "type": "text",
        "text": "लोतान के पुत्र, होरी, और हेमाम हुए; और लोतान की बहन तिम्ना थी।\n"
      },
      {
        "tag": "s5",
        "type": "section",
        "text": "\n"
      }
    ]
  },
  "23": {
    "verseObjects": [
      {
        "type": "text",
        "text": "शोबाल के ये पुत्र हुए: अर्थात् आल्वान, मानहत, एबाल, शपो, और ओनाम।\n"
      }
    ]
  },
  "24": {
    "verseObjects": [
      {
        "type": "text",
        "text": "और सीदोन के ये पुत्र हुए: अय्या, और अना; यह वही अना है जिसको जंगल में अपने पिता सिबोन के गदहों को चराते-चराते गरम पानी के झरने मिले।\n"
      },
      {
        "tag": "s5",
        "type": "section",
        "text": "\n"
      }
    ]
  },
  "25": {
    "verseObjects": [
      {
        "type": "text",
        "text": "और अना के दीशोन नामक पुत्र हुआ, और उसी अना के ओहोलीबामा नामक बेटी हुई।\n"
      }
    ]
  },
  "26": {
    "verseObjects": [
      {
        "type": "text",
        "text": "दीशोन के ये पुत्र हुए: हेमदान, एशबान, यित्रान, और करान।\n"
      }
    ]
  },
  "27": {
    "verseObjects": [
      {
        "type": "text",
        "text": "एसेर के ये पुत्र हुए: बिल्हान, जावान, और अकान।\n"
      }
    ]
  },
  "28": {
    "verseObjects": [
      {
        "type": "text",
        "text": "दीशान के ये पुत्र हुए: ऊस, और अरान।\n"
      },
      {
        "tag": "s5",
        "type": "section",
        "text": "\n"
      }
    ]
  },
  "29": {
    "verseObjects": [
      {
        "type": "text",
        "text": "होरियों के अधिपति ये हुए: लोतान अधिपति, शोबाल अधिपति, सिबोन अधिपति, अना अधिपति,\n"
      }
    ]
  },
  "30": {
    "verseObjects": [
      {
        "type": "text",
        "text": "दीशोन अधिपति, एसेर अधिपति, दीशान अधिपति; सेईर देश में होरी जातिवाले ये ही अधिपति हुए।\n"
      },
      {
        "tag": "s",
        "type": "section",
        "text": "एदोम के राजा\n"
      },
      {
        "tag": "p",
        "type": "paragraph",
        "text": "\n"
      },
      {
        "tag": "s5",
        "type": "section",
        "text": "\n"
      }
    ]
  },
  "31": {
    "verseObjects": [
      {
        "type": "text",
        "text": "फिर जब इस्राएलियों पर किसी राजा ने राज्य न किया था, तब भी एदोम के देश में ये राजा हुए;\n"
      }
    ]
  },
  "32": {
    "verseObjects": [
      {
        "type": "text",
        "text": "बोर के पुत्र बेला ने एदोम में राज्य किया, और उसकी राजधानी का नाम दिन्हाबा है।\n"
      }
    ]
  },
  "33": {
    "verseObjects": [
      {
        "type": "text",
        "text": "बेला के मरने पर, बोस्रानिवासी जेरह का पुत्र योबाब उसके स्थान पर राजा हुआ।\n"
      },
      {
        "tag": "s5",
        "type": "section",
        "text": "\n"
      }
    ]
  },
  "34": {
    "verseObjects": [
      {
        "type": "text",
        "text": "योबाब के मरने पर, तेमानियों के देश का निवासी हूशाम उसके स्थान पर राजा हुआ।\n"
      }
    ]
  },
  "35": {
    "verseObjects": [
      {
        "type": "text",
        "text": "फिर हूशाम के मरने पर, बदद का पुत्र हदद उसके स्थान पर राजा हुआ यह वही है जिसने मिद्यानियों को मोआब के देश में मार लिया, और उसकी राजधानी का नाम अबीत है।\n"
      }
    ]
  },
  "36": {
    "verseObjects": [
      {
        "type": "text",
        "text": "हदद के मरने पर, मस्रेकावासी सम्ला उसके स्थान पर राजा हुआ।\n"
      },
      {
        "tag": "s5",
        "type": "section",
        "text": "\n"
      }
    ]
  },
  "37": {
    "verseObjects": [
      {
        "type": "text",
        "text": "फिर सम्ला के मरने पर, शाऊल जो महानद के तटवाले रहोबोत नगर का था, वह उसके स्थान पर राजा हुआ।\n"
      }
    ]
  },
  "38": {
    "verseObjects": [
      {
        "type": "text",
        "text": "शाऊल के मरने पर, अकबोर का पुत्र बाल्हानान उसके स्थान पर राजा हुआ।\n"
      }
    ]
  },
  "39": {
    "verseObjects": [
      {
        "type": "text",
        "text": "अकबोर के पुत्र बाल्हानान के मरने पर, हदर उसके स्थान पर राजा हुआ और उसकी राजधानी का नाम पाऊ है; और उसकी पत्‍नी का नाम महेतबेल है, जो मेज़ाहाब की नातिन और मत्रेद की बेटी थी।\n"
      },
      {
        "tag": "s5",
        "type": "section",
        "text": "\n"
      }
    ]
  },
  "40": {
    "verseObjects": [
      {
        "type": "text",
        "text": "फिर एसाववंशियों के अधिपतियों के कुलों, और स्थानों के अनुसार उनके नाम ये हैं तिम्ना अधिपति, अल्वा अधिपति, यतेत अधिपति,\n"
      }
    ]
  },
  "41": {
    "verseObjects": [
      {
        "type": "text",
        "text": "ओहोलीबामा अधिपति, एला अधिपति, पीनोन अधिपति,\n"
      }
    ]
  },
  "42": {
    "verseObjects": [
      {
        "type": "text",
        "text": "कनज अधिपति, तेमान अधिपति, मिबसार अधिपति,\n"
      }
    ]
  },
  "43": {
    "verseObjects": [
      {
        "type": "text",
        "text": "मग्दीएल अधिपति, ईराम अधिपति एदोमवंशियों ने जो देश अपना कर लिया था, उसके निवास-स्थानों में उनके ये ही अधिपति हुए; और एदोमी जाति का मूलपुरुष एसाव है।\n\n"
      },
      {
        "tag": "s5",
        "type": "section",
        "text": "\n"
      }
    ]
  },
  "front": {
    "verseObjects": [
      {
        "tag": "s",
        "type": "section",
        "text": "एसाव की वंशावली\n"
      },
      {
        "tag": "p",
        "type": "paragraph",
        "text": "\n"
      }
    ]
  }
}