{
  "1": {
    "verseObjects": [
      {
        "type": "text",
        "text": "जब याकूब ने सुना कि मिस्र में अन्न है, तब उसने अपने पुत्रों से कहा, “तुम एक दूसरे का मुँह क्यों देख रहे हो।”\n"
      }
    ]
  },
  "2": {
    "verseObjects": [
      {
        "type": "text",
        "text": "फिर उसने कहा, “मैंने सुना है कि मिस्र में अन्न है; इसलिए तुम लोग वहाँ जाकर हमारे लिये अन्न मोल ले आओ, जिससे हम न मरें, वरन् जीवित रहें।” (प्रेरि. 7:12)\n"
      }
    ]
  },
  "3": {
    "verseObjects": [
      {
        "type": "text",
        "text": "अतः यूसुफ के दस भाई अन्न मोल लेने के लिये मिस्र को गए।\n"
      }
    ]
  },
  "4": {
    "verseObjects": [
      {
        "type": "text",
        "text": "पर यूसुफ के भाई बिन्यामीन को याकूब ने यह सोचकर भाइयों के साथ न भेजा* कि कहीं ऐसा न हो कि उस पर कोई विपत्ति आ पड़े।\n"
      },
      {
        "tag": "s5",
        "nextChar": "\n",
        "type": "section"
      }
    ]
  },
  "5": {
    "verseObjects": [
      {
        "type": "text",
        "text": "इस प्रकार जो लोग अन्न मोल लेने आए उनके साथ इस्राएल के पुत्र भी आए; क्योंकि कनान देश में भी भारी अकाल था। (प्रेरि. 7:11)\n"
      }
    ]
  },
  "6": {
    "verseObjects": [
      {
        "type": "text",
        "text": "यूसुफ तो मिस्र देश का अधिकारी था, और उस देश के सब लोगों के हाथ वही अन्न बेचता था; इसलिए जब यूसुफ के भाई आए तब भूमि पर मुँह के बल गिरकर उसको दण्डवत् किया।\n"
      },
      {
        "tag": "s5",
        "nextChar": "\n",
        "type": "section"
      }
    ]
  },
  "7": {
    "verseObjects": [
      {
        "type": "text",
        "text": "उनको देखकर यूसुफ ने पहचान तो लिया, परन्तु उनके सामने भोला बनकर कठोरता के साथ उनसे पूछा, “तुम कहाँ से आते हो?” उन्होंने कहा, “हम तो कनान देश से अन्न मोल लेने के लिये आए हैं।”\n"
      }
    ]
  },
  "8": {
    "verseObjects": [
      {
        "type": "text",
        "text": "यूसुफ ने अपने भाइयों को पहचान लिया, परन्तु उन्होंने उसको न पहचाना।\n"
      },
      {
        "tag": "s5",
        "nextChar": "\n",
        "type": "section"
      }
    ]
  },
  "9": {
    "verseObjects": [
      {
        "type": "text",
        "text": "तब यूसुफ अपने उन स्वप्नों को स्मरण करके जो उसने उनके विषय में देखे थे, उनसे कहने लगा, “तुम भेदिये हो; इस देश की दुर्दशा को देखने के लिये आए हो।”\n"
      }
    ]
  },
  "10": {
    "verseObjects": [
      {
        "type": "text",
        "text": "उन्होंने उससे कहा, “नहीं, नहीं, हे प्रभु, तेरे दास भोजनवस्तु मोल लेने के लिये आए हैं।\n"
      }
    ]
  },
  "11": {
    "verseObjects": [
      {
        "type": "text",
        "text": "हम सब एक ही पिता के पुत्र हैं, हम सीधे मनुष्य हैं, तेरे दास भेदिये नहीं।”\n"
      },
      {
        "tag": "s5",
        "nextChar": "\n",
        "type": "section"
      }
    ]
  },
  "12": {
    "verseObjects": [
      {
        "type": "text",
        "text": "उसने उनसे कहा, “नहीं नहीं, तुम इस देश की दुर्दशा देखने ही को आए हो।”\n"
      }
    ]
  },
  "13": {
    "verseObjects": [
      {
        "type": "text",
        "text": "उन्होंने कहा, “हम तेरे दास बारह भाई हैं, और कनान देशवासी एक ही पुरुष के पुत्र हैं, और छोटा इस समय हमारे पिता के पास है, और एक जाता रहा।”\n"
      },
      {
        "tag": "s5",
        "nextChar": "\n",
        "type": "section"
      }
    ]
  },
  "14": {
    "verseObjects": [
      {
        "type": "text",
        "text": "तब यूसुफ ने उनसे कहा, “मैंने तो तुम से कह दिया, कि तुम भेदिये हो;\n"
      }
    ]
  },
  "15": {
    "verseObjects": [
      {
        "type": "text",
        "text": "अतः इसी रीति से तुम परखे जाओगे, फ़िरौन के जीवन की शपथ, जब तक तुम्हारा छोटा भाई यहाँ न आए तब तक तुम यहाँ से न निकलने पाओगे।\n"
      }
    ]
  },
  "16": {
    "verseObjects": [
      {
        "type": "text",
        "text": "इसलिए अपने में से एक को भेज दो कि वह तुम्हारे भाई को ले आए, और तुम लोग बन्दी रहोगे; इस प्रकार तुम्हारी बातें परखी जाएँगी कि तुम में सच्चाई है कि नहीं। यदि सच्चे न ठहरे तब तो फ़िरौन के जीवन की शपथ तुम निश्चय ही भेदिये समझे जाओगे।”\n"
      }
    ]
  },
  "17": {
    "verseObjects": [
      {
        "type": "text",
        "text": "तब उसने उनको तीन दिन तक बन्दीगृह में रखा।\n"
      },
      {
        "tag": "s5",
        "nextChar": "\n",
        "type": "section"
      }
    ]
  },
  "18": {
    "verseObjects": [
      {
        "type": "text",
        "text": "तीसरे दिन यूसुफ ने उनसे कहा, “एक काम करो तब जीवित रहोगे; क्योंकि मैं परमेश्‍वर का भय मानता हूँ;*\n"
      }
    ]
  },
  "19": {
    "verseObjects": [
      {
        "type": "text",
        "text": "यदि तुम सीधे मनुष्य हो, तो तुम सब भाइयों में से एक जन इस बन्दीगृह में बँधुआ रहे; और तुम अपने घरवालों की भूख मिटाने के लिये अन्न ले जाओ।\n"
      }
    ]
  },
  "20": {
    "verseObjects": [
      {
        "type": "text",
        "text": "और अपने छोटे भाई को मेरे पास ले आओ; इस प्रकार तुम्हारी बातें सच्ची ठहरेंगी, और तुम मार डाले न जाओगे।” तब उन्होंने वैसा ही किया।\n"
      },
      {
        "tag": "s5",
        "nextChar": "\n",
        "type": "section"
      }
    ]
  },
  "21": {
    "verseObjects": [
      {
        "type": "text",
        "text": "उन्होंने आपस में कहा, “निःसन्देह हम अपने भाई के विषय में दोषी हैं, क्योंकि जब उसने हम से गिड़गिड़ाकर विनती की, तब भी हमने यह देखकर, कि उसका जीवन कैसे संकट में पड़ा है, उसकी न सुनी; इसी कारण हम भी अब इस संकट में पड़े हैं।”\n"
      }
    ]
  },
  "22": {
    "verseObjects": [
      {
        "type": "text",
        "text": "रूबेन ने उनसे कहा, “क्या मैंने तुम से न कहा था कि लड़के के अपराधी मत बनो? परन्तु तुमने न सुना। देखो, अब उसके लहू का बदला लिया जाता है।”\n"
      },
      {
        "tag": "s5",
        "nextChar": "\n",
        "type": "section"
      }
    ]
  },
  "23": {
    "verseObjects": [
      {
        "type": "text",
        "text": "यूसुफ की और उनकी बातचीत जो एक दुभाषिया के द्वारा होती थी; इससे उनको मालूम न हुआ कि वह उनकी बोली समझता है।\n"
      }
    ]
  },
  "24": {
    "verseObjects": [
      {
        "type": "text",
        "text": "तब वह उनके पास से हटकर रोने लगा; फिर उनके पास लौटकर और उनसे बातचीत करके उनमें से शिमोन को छाँट निकाला और उसके सामने बन्दी बना लिया।\n"
      },
      {
        "tag": "s",
        "type": "section",
        "content": "याकूब के पुत्रों का कनान लौटना\n"
      },
      {
        "tag": "p",
        "nextChar": "\n",
        "type": "paragraph"
      }
    ]
  },
  "25": {
    "verseObjects": [
      {
        "type": "text",
        "text": "तब यूसुफ ने आज्ञा दी, कि उनके बोरे अन्न से भरो और एक-एक जन के बोरे में उसके रुपये को भी रख दो, फिर उनको मार्ग के लिये भोजनवस्तु दो। अतः उनके साथ ऐसा ही किया गया।\n"
      },
      {
        "tag": "s5",
        "nextChar": "\n",
        "type": "section"
      }
    ]
  },
  "26": {
    "verseObjects": [
      {
        "type": "text",
        "text": "तब वे अपना अन्न अपने गदहों पर लादकर वहाँ से चल दिए।\n"
      }
    ]
  },
  "27": {
    "verseObjects": [
      {
        "type": "text",
        "text": "सराय में जब एक ने अपने गदहे को चारा देने के लिये अपना बोरा खोला, तब उसका रुपया बोरे के मुँह पर रखा हुआ दिखलाई पड़ा।\n"
      }
    ]
  },
  "28": {
    "verseObjects": [
      {
        "type": "text",
        "text": "तब उसने अपने भाइयों से कहा, “मेरा रुपया तो लौटा दिया गया है, देखो, वह मेरे बोरे में है,” तब उनके जी में जी न रहा, और वे एक दूसरे की और भय से ताकने लगे, और बोले, “परमेश्‍वर ने यह हम से क्या किया है?”\n"
      },
      {
        "tag": "s5",
        "nextChar": "\n",
        "type": "section"
      }
    ]
  },
  "29": {
    "verseObjects": [
      {
        "type": "text",
        "text": "तब वे कनान देश में अपने पिता याकूब के पास आए, और अपना सारा वृत्तान्त उसे इस प्रकार वर्णन किया:\n"
      }
    ]
  },
  "30": {
    "verseObjects": [
      {
        "type": "text",
        "text": "“जो पुरुष उस देश का स्वामी है, उसने हम से कठोरता के साथ बातें की, और हमको देश के भेदिये कहा।\n"
      }
    ]
  },
  "31": {
    "verseObjects": [
      {
        "type": "text",
        "text": "तब हमने उससे कहा, ‘हम सीधे लोग हैं, भेदिये नहीं।\n"
      }
    ]
  },
  "32": {
    "verseObjects": [
      {
        "type": "text",
        "text": "हम बारह भाई एक ही पिता के पुत्र हैं, एक तो जाता रहा, परन्तु छोटा इस समय कनान देश में हमारे पिता के पास है।’\n"
      },
      {
        "tag": "s5",
        "nextChar": "\n",
        "type": "section"
      }
    ]
  },
  "33": {
    "verseObjects": [
      {
        "type": "text",
        "text": "तब उस पुरुष ने, जो उस देश का स्वामी है, हम से कहा, ‘इससे मालूम हो जाएगा कि तुम सीधे मनुष्य हो; तुम अपने में से एक को मेरे पास छोड़कर अपने घरवालों की भूख मिटाने के लिये कुछ ले जाओ,\n"
      }
    ]
  },
  "34": {
    "verseObjects": [
      {
        "type": "text",
        "text": "और अपने छोटे भाई को मेरे पास ले आओ। तब मुझे विश्वास हो जाएगा कि तुम भेदिये नहीं, सीधे लोग हो। फिर मैं तुम्हारे भाई को तुम्हें सौंप दूँगा, और तुम इस देश में लेन-देन कर सकोगे’।”\n"
      },
      {
        "tag": "s5",
        "nextChar": "\n",
        "type": "section"
      }
    ]
  },
  "35": {
    "verseObjects": [
      {
        "type": "text",
        "text": "यह कहकर वे अपने-अपने बोरे से अन्न निकालने लगे, तब, क्या देखा, कि एक-एक जन के रुपये की थैली उसी के बोरे में रखी है। तब रुपये की थैलियों को देखकर वे और उनका पिता बहुत डर गए।\n"
      }
    ]
  },
  "36": {
    "verseObjects": [
      {
        "type": "text",
        "text": "तब उनके पिता याकूब ने उनसे कहा, “मुझ को तुम ने निर्वंश कर दिया, देखो, यूसुफ नहीं रहा, और शिमोन भी नहीं आया, और अब तुम बिन्यामीन को भी ले जाना चाहते हो। ये सब विपत्तियाँ मेरे ऊपर आ पड़ी हैं।”\n"
      },
      {
        "tag": "s5",
        "nextChar": "\n",
        "type": "section"
      }
    ]
  },
  "37": {
    "verseObjects": [
      {
        "type": "text",
        "text": "रूबेन ने अपने पिता से कहा, “यदि मैं उसको तेरे पास न लाऊँ, तो मेरे दोनों पुत्रों को मार डालना; तू उसको मेरे हाथ में सौंप दे, मैं उसे तेरे पास फिर पहुँचा दूँगा।”\n"
      }
    ]
  },
  "38": {
    "verseObjects": [
      {
        "type": "text",
        "text": "उसने कहा, “मेरा पुत्र तुम्हारे संग न जाएगा; क्योंकि उसका भाई मर गया है, और वह अब अकेला रह गया है: इसलिए जिस मार्ग से तुम जाओगे, उसमें यदि उस पर कोई विपत्ति आ पड़े, तब तो तुम्हारे कारण मैं इस बुढ़ापे की अवस्था में शोक के साथ अधोलोक में उतर जाऊँगा।”\n\n"
      },
      {
        "tag": "s5",
        "nextChar": "\n",
        "type": "section"
      }
    ]
  },
  "front": {
    "verseObjects": [
      {
        "tag": "s",
        "type": "section",
        "content": "याकूब का अपने पुत्रों को मिस्र भेजना\n"
      },
      {
        "tag": "p",
        "nextChar": "\n",
        "type": "paragraph"
      }
    ]
  }
}