{
  "1": {
    "verseObjects": [
      {
        "type": "text",
        "text": "तब उसने अपने घर के अधिकारी को आज्ञा दी, “इन मनुष्यों के बोरों में जितनी भोजनवस्तु समा सके उतनी भर दे, और एक-एक जन के रुपये को उसके बोरे के मुँह पर रख दे।\n"
      }
    ]
  },
  "2": {
    "verseObjects": [
      {
        "type": "text",
        "text": "और मेरा चाँदी का कटोरा छोटे भाई के बोरे के मुँह पर उसके अन्न के रुपये के साथ रख दे।” यूसुफ की इस आज्ञा के अनुसार उसने किया।\n"
      },
      {
        "tag": "s5",
        "type": "section",
        "text": "\n"
      }
    ]
  },
  "3": {
    "verseObjects": [
      {
        "type": "text",
        "text": "सवेरे भोर होते ही वे मनुष्य अपने गदहों समेत विदा किए गए।\n"
      }
    ]
  },
  "4": {
    "verseObjects": [
      {
        "type": "text",
        "text": "वे नगर से निकले ही थे, और दूर न जाने पाए थे कि यूसुफ ने अपने घर के अधिकारी से कहा, “उन मनुष्यों का पीछा कर, और उनको पाकर उनसे कह, ‘तुमने भलाई के बदले बुराई क्यों की है?\n"
      }
    ]
  },
  "5": {
    "verseObjects": [
      {
        "type": "text",
        "text": "क्या यह वह वस्तु नहीं जिसमें मेरा स्वामी पीता है, और जिससे वह शकुन भी विचारा करता है? तुम ने यह जो किया है सो बुरा किया’।”\n"
      },
      {
        "tag": "s5",
        "type": "section",
        "text": "\n"
      }
    ]
  },
  "6": {
    "verseObjects": [
      {
        "type": "text",
        "text": "तब उसने उन्हें जा पकड़ा, और ऐसी ही बातें उनसे कहीं।\n"
      }
    ]
  },
  "7": {
    "verseObjects": [
      {
        "type": "text",
        "text": "उन्होंने उससे कहा, “हे हमारे प्रभु, तू ऐसी बातें क्यों कहता है? ऐसा काम करना तेरे दासों से दूर रहे।\n"
      },
      {
        "tag": "s5",
        "type": "section",
        "text": "\n"
      }
    ]
  },
  "8": {
    "verseObjects": [
      {
        "type": "text",
        "text": "देख जो रुपया हमारे बोरों के मुँह पर निकला था, जब हमने उसको कनान देश से ले आकर तुझे लौटा दिया, तब भला, तेरे स्वामी के घर में से हम कोई चाँदी या सोने की वस्तु कैसे चुरा सकते हैं?\n"
      }
    ]
  },
  "9": {
    "verseObjects": [
      {
        "type": "text",
        "text": "तेरे दासों में से जिस किसी के पास वह निकले, वह मार डाला जाए, और हम भी अपने उस प्रभु के दास हो जाएँ।”\n"
      }
    ]
  },
  "10": {
    "verseObjects": [
      {
        "type": "text",
        "text": "उसने कहा, “तुम्हारा ही कहना सही, जिसके पास वह निकले वह मेरा दास होगा; और तुम लोग निर्दोषी ठहरोगे।”\n"
      },
      {
        "tag": "s5",
        "type": "section",
        "text": "\n"
      }
    ]
  },
  "11": {
    "verseObjects": [
      {
        "type": "text",
        "text": "इस पर वे जल्दी से अपने-अपने बोरे को उतार भूमि पर रखकर उन्हें खोलने लगे।\n"
      }
    ]
  },
  "12": {
    "verseObjects": [
      {
        "type": "text",
        "text": "तब वह ढूँढ़ने लगा, और बडे़ के बोरे से लेकर छोटे के बोरे तक खोज की: और कटोरा बिन्यामीन के बोरे में मिला।\n"
      }
    ]
  },
  "13": {
    "verseObjects": [
      {
        "type": "text",
        "text": "तब उन्होंने अपने-अपने वस्त्र फाड़े,* और अपना-अपना गदहा लादकर नगर को लौट गए।\n"
      },
      {
        "tag": "s5",
        "type": "section",
        "text": "\n"
      }
    ]
  },
  "14": {
    "verseObjects": [
      {
        "type": "text",
        "text": "जब यहूदा और उसके भाई यूसुफ के घर पर पहुँचे, और यूसुफ वहीं था, तब वे उसके सामने भूमि पर गिरे।\n"
      }
    ]
  },
  "15": {
    "verseObjects": [
      {
        "type": "text",
        "text": "यूसुफ ने उनसे कहा, “तुम लोगों ने यह कैसा काम किया है? क्या तुम न जानते थे कि मुझ सा मनुष्य शकुन विचार सकता है?”\n"
      },
      {
        "tag": "s5",
        "type": "section",
        "text": "\n"
      }
    ]
  },
  "16": {
    "verseObjects": [
      {
        "type": "text",
        "text": "यहूदा ने कहा, “हम लोग अपने प्रभु से क्या कहें? हम क्या कहकर अपने को निर्दोषी ठहराएँ? परमेश्‍वर ने तेरे दासों के अधर्म को पकड़ लिया है। हम, और जिसके पास कटोरा निकला वह भी, हम सबके सब अपने प्रभु के दास ही हैं।”\n"
      }
    ]
  },
  "17": {
    "verseObjects": [
      {
        "type": "text",
        "text": "उसने कहा, “ऐसा करना मुझसे दूर रहे, जिस जन के पास कटोरा निकला है, वही मेरा दास होगा; और तुम लोग अपने पिता के पास कुशल क्षेम से चले जाओ।”\n"
      },
      {
        "tag": "s",
        "type": "section",
        "text": "बिन्यामीन के लिये यहूदा का निवेदन\n"
      },
      {
        "tag": "p",
        "type": "paragraph",
        "text": "\n"
      },
      {
        "tag": "s5",
        "type": "section",
        "text": "\n"
      }
    ]
  },
  "18": {
    "verseObjects": [
      {
        "type": "text",
        "text": "तब यहूदा उसके पास जाकर कहने लगा, “हे मेरे प्रभु, तेरे दास को अपने प्रभु से एक बात कहने की आज्ञा हो, और तेरा कोप तेरे दास पर न भड़के; क्योंकि तू तो फ़िरौन के तुल्य हैं।\n"
      }
    ]
  },
  "19": {
    "verseObjects": [
      {
        "type": "text",
        "text": "मेरे प्रभु ने अपने दासों से पूछा था, ‘क्या तुम्हारे पिता या भाई हैं?’\n"
      },
      {
        "tag": "s5",
        "type": "section",
        "text": "\n"
      }
    ]
  },
  "20": {
    "verseObjects": [
      {
        "type": "text",
        "text": "और हमने अपने प्रभु से कहा, ‘हाँ, हमारा बूढ़ा पिता है, और उसके बुढ़ापे का एक छोटा सा बालक भी है, परन्तु उसका भाई मर गया है, इसलिए वह अब अपनी माता का अकेला ही रह गया है, और उसका पिता उससे स्नेह रखता है।’\n"
      }
    ]
  },
  "21": {
    "verseObjects": [
      {
        "type": "text",
        "text": "तब तूने अपने दासों से कहा था, ‘उसको मेरे पास ले आओ, जिससे मैं उसको देखूँ।’\n"
      }
    ]
  },
  "22": {
    "verseObjects": [
      {
        "type": "text",
        "text": "तब हमने अपने प्रभु से कहा था, ‘वह लड़का अपने पिता को नहीं छोड़ सकता; नहीं तो उसका पिता मर जाएगा।’\n"
      },
      {
        "tag": "s5",
        "type": "section",
        "text": "\n"
      }
    ]
  },
  "23": {
    "verseObjects": [
      {
        "type": "text",
        "text": "और तूने अपने दासों से कहा, ‘यदि तुम्हारा छोटा भाई तुम्हारे संग न आए, तो तुम मेरे सम्मुख फिर न आने पाओगे।’\n"
      }
    ]
  },
  "24": {
    "verseObjects": [
      {
        "type": "text",
        "text": "इसलिए जब हम अपने पिता तेरे दास के पास गए, तब हमने उससे अपने प्रभु की बातें कहीं।\n"
      }
    ]
  },
  "25": {
    "verseObjects": [
      {
        "type": "text",
        "text": "तब हमारे पिता ने कहा, ‘फिर जाकर हमारे लिये थोड़ी सी भोजनवस्तु मोल ले आओ।’\n"
      }
    ]
  },
  "26": {
    "verseObjects": [
      {
        "type": "text",
        "text": "हमने कहा, ‘हम नहीं जा सकते, हाँ, यदि हमारा छोटा भाई हमारे संग रहे, तब हम जाएँगे; क्योंकि यदि हमारा छोटा भाई हमारे संग न रहे, तो हम उस पुरुष के सम्मुख न जाने पाएँगे।’\n"
      },
      {
        "tag": "s5",
        "type": "section",
        "text": "\n"
      }
    ]
  },
  "27": {
    "verseObjects": [
      {
        "type": "text",
        "text": "तब तेरे दास मेरे पिता ने हम से कहा, ‘तुम तो जानते हो कि मेरी स्त्री से दो पुत्र उत्‍पन्‍न हुए।\n"
      }
    ]
  },
  "28": {
    "verseObjects": [
      {
        "type": "text",
        "text": "और उनमें से एक तो मुझे छोड़ ही गया, और मैंने निश्चय कर लिया, कि वह फाड़ डाला गया होगा; और तब से मैं उसका मुँह न देख पाया।\n"
      }
    ]
  },
  "29": {
    "verseObjects": [
      {
        "type": "text",
        "text": "अतः यदि तुम इसको भी मेरी आँख की आड़ में ले जाओ, और कोई विपत्ति इस पर पड़े, तो तुम्हारे कारण मैं इस बुढ़ापे की अवस्था में शोक के साथ अधोलोक में उतर जाऊँगा।’\n"
      },
      {
        "tag": "s5",
        "type": "section",
        "text": "\n"
      }
    ]
  },
  "30": {
    "verseObjects": [
      {
        "type": "text",
        "text": "इसलिए जब मैं अपने पिता तेरे दास के पास पहुँचूँ, और यह लड़का संग न रहे, तब, उसका प्राण जो इसी पर अटका रहता है,\n"
      }
    ]
  },
  "31": {
    "verseObjects": [
      {
        "type": "text",
        "text": "इस कारण, यह देखकर कि लड़का नहीं है, वह तुरन्त ही मर जाएगा। तब तेरे दासों के कारण तेरा दास हमारा पिता, जो बुढ़ापे की अवस्था में है, शोक के साथ अधोलोक में उतर जाएगा।\n"
      }
    ]
  },
  "32": {
    "verseObjects": [
      {
        "type": "text",
        "text": "फिर तेरा दास अपने पिता के यहाँ यह कहकर इस लड़के का जामिन हुआ है, ‘यदि मैं इसको तेरे पास न पहुँचा दूँ, तब तो मैं सदा के लिये तेरा अपराधी ठहरूँगा।’\n"
      },
      {
        "tag": "s5",
        "type": "section",
        "text": "\n"
      }
    ]
  },
  "33": {
    "verseObjects": [
      {
        "type": "text",
        "text": "इसलिए अब तेरा दास इस लड़के के बदले* अपने प्रभु का दास होकर रहने की आज्ञा पाए, और यह लड़का अपने भाइयों के संग जाने दिया जाए।\n"
      }
    ]
  },
  "34": {
    "verseObjects": [
      {
        "type": "text",
        "text": "क्योंकि लड़के के बिना संग रहे मैं कैसे अपने पिता के पास जा सकूँगा; ऐसा न हो कि मेरे पिता पर जो दुःख पड़ेगा वह मुझे देखना पड़े।”\n\n"
      },
      {
        "tag": "s5",
        "type": "section",
        "text": "\n"
      }
    ]
  },
  "front": {
    "verseObjects": [
      {
        "tag": "s",
        "type": "section",
        "text": "यूसुफ द्वारा भाइयों की परीक्षा\n"
      },
      {
        "tag": "p",
        "type": "paragraph",
        "text": "\n"
      }
    ]
  }
}