{
  "1": {
    "verseObjects": [
      {
        "type": "text",
        "text": "तब इस्राएल अपना सब कुछ लेकर बेर्शेबा को गया, और वहाँ अपने पिता इसहाक के परमेश्‍वर को बलिदान चढ़ाया।\n"
      }
    ]
  },
  "2": {
    "verseObjects": [
      {
        "type": "text",
        "text": "तब परमेश्‍वर ने इस्राएल से रात को दर्शन में कहा, “हे याकूब हे याकूब।” उसने कहा, “क्या आज्ञा।”\n"
      }
    ]
  },
  "3": {
    "verseObjects": [
      {
        "type": "text",
        "text": "उसने कहा, “मैं परमेश्‍वर तेरे पिता का परमेश्‍वर हूँ, तू मिस्र में जाने से मत डर;* क्योंकि मैं तुझ से वहाँ एक बड़ी जाति बनाऊँगा।\n"
      }
    ]
  },
  "4": {
    "verseObjects": [
      {
        "type": "text",
        "text": "मैं तेरे संग-संग मिस्र को चलता हूँ; और मैं तुझे वहाँ से फिर निश्चय ले आऊँगा; और यूसुफ अपने हाथ से तेरी आँखों को बन्द करेगा।”\n"
      },
      {
        "tag": "s5",
        "nextChar": "\n",
        "type": "section"
      }
    ]
  },
  "5": {
    "verseObjects": [
      {
        "type": "text",
        "text": "तब याकूब बेर्शेबा से चला; और इस्राएल के पुत्र अपने पिता याकूब, और अपने बाल-बच्चों, और स्त्रियों को उन गाड़ियों पर, जो फ़िरौन ने उनके ले आने को भेजी थीं, चढ़ाकर चल पड़े।\n"
      }
    ]
  },
  "6": {
    "verseObjects": [
      {
        "type": "text",
        "text": "वे अपनी भेड़-बकरी, गाय-बैल, और कनान देश में अपने इकट्ठा किए हुए सारे धन को लेकर मिस्र में आए।\n"
      }
    ]
  },
  "7": {
    "verseObjects": [
      {
        "type": "text",
        "text": "और याकूब अपने बेटे-बेटियों, पोते-पोतियों, अर्थात् अपने वंश भर को अपने संग मिस्र में ले आया।\n"
      },
      {
        "tag": "s",
        "type": "section",
        "content": "याकूब का परिवार\n"
      },
      {
        "tag": "p",
        "nextChar": "\n",
        "type": "paragraph"
      },
      {
        "tag": "s5",
        "nextChar": "\n",
        "type": "section"
      }
    ]
  },
  "8": {
    "verseObjects": [
      {
        "type": "text",
        "text": "याकूब के साथ जो इस्राएली, अर्थात् उसके बेटे, पोते, आदि मिस्र में आए, उनके नाम ये हैं याकूब का जेठा रूबेन था।\n"
      }
    ]
  },
  "9": {
    "verseObjects": [
      {
        "type": "text",
        "text": "और रूबेन के पुत्र हनोक, पल्लू, हेस्रोन, और कर्मी थे।\n"
      }
    ]
  },
  "10": {
    "verseObjects": [
      {
        "type": "text",
        "text": "शिमोन के पुत्र, यमूएल, यामीन, ओहद, याकीन, सोहर, और एक कनानी स्त्री से जन्मा हुआ शाऊल भी था।\n"
      }
    ]
  },
  "11": {
    "verseObjects": [
      {
        "type": "text",
        "text": "लेवी के पुत्र गेर्शोन, कहात, और मरारी थे।\n"
      },
      {
        "tag": "s5",
        "nextChar": "\n",
        "type": "section"
      }
    ]
  },
  "12": {
    "verseObjects": [
      {
        "type": "text",
        "text": "यहूदा के एर, ओनान, शेला, पेरेस, और जेरह नामक पुत्र हुए तो थे; पर एर और ओनान कनान देश में मर गए थे; और पेरेस के पुत्र, हेस्रोन और हामूल थे।\n"
      }
    ]
  },
  "13": {
    "verseObjects": [
      {
        "type": "text",
        "text": "इस्साकार के पुत्र, तोला, पुव्वा, योब और शिम्रोन थे।\n"
      }
    ]
  },
  "14": {
    "verseObjects": [
      {
        "type": "text",
        "text": "जबूलून के पुत्र, सेरेद, एलोन, और यहलेल थे।\n"
      }
    ]
  },
  "15": {
    "verseObjects": [
      {
        "type": "text",
        "text": "लिआ के पुत्र जो याकूब से पद्दनराम में उत्‍पन्‍न हुए थे, उनके बेटे पोते ये ही थे, और इनसे अधिक उसने उसके साथ एक बेटी दीना को भी जन्म दिया। यहाँ तक तो याकूब के सब वंशवाले तैंतीस प्राणी हुए।\n"
      },
      {
        "tag": "s5",
        "nextChar": "\n",
        "type": "section"
      }
    ]
  },
  "16": {
    "verseObjects": [
      {
        "type": "text",
        "text": "फिर गाद के पुत्र, सपोन, हाग्गी, शूनी, एसबोन, एरी, अरोदी, और अरेली थे।\n"
      }
    ]
  },
  "17": {
    "verseObjects": [
      {
        "type": "text",
        "text": "आशेर के पुत्र, यिम्ना, यिश्वा, यिश्वी, और बरीआ थे, और उनकी बहन सेरह थी; और बरीआ के पुत्र, हेबेर और मल्कीएल थे।\n"
      }
    ]
  },
  "18": {
    "verseObjects": [
      {
        "type": "text",
        "text": "जिल्पा, जिसे लाबान ने अपनी बेटी लिआ को दिया था, उसके बेटे पोते आदि ये ही थे; और उसके द्वारा याकूब के सोलह प्राणी उत्‍पन्‍न हुए।\n"
      },
      {
        "tag": "s5",
        "nextChar": "\n",
        "type": "section"
      }
    ]
  },
  "19": {
    "verseObjects": [
      {
        "type": "text",
        "text": "फिर याकूब की पत्‍नी राहेल के पुत्र यूसुफ और बिन्यामीन थे।\n"
      }
    ]
  },
  "20": {
    "verseObjects": [
      {
        "type": "text",
        "text": "और मिस्र देश में ओन के याजक पोतीपेरा की बेटी आसनत से यूसुफ के ये पुत्र उत्‍पन्‍न हुए, अर्थात् मनश्शे और एप्रैम।\n"
      }
    ]
  },
  "21": {
    "verseObjects": [
      {
        "type": "text",
        "text": "बिन्यामीन के पुत्र, बेला, बेकेर, अश्बेल, गेरा, नामान, एही, रोश, मुप्पीम, हुप्पीम, और अर्द थे।\n"
      }
    ]
  },
  "22": {
    "verseObjects": [
      {
        "type": "text",
        "text": "राहेल के पुत्र जो याकूब से उत्‍पन्‍न हुए उनके ये ही पुत्र थे; उसके ये सब बेटे-पोते चौदह प्राणी हुए।\n"
      },
      {
        "tag": "s5",
        "nextChar": "\n",
        "type": "section"
      }
    ]
  },
  "23": {
    "verseObjects": [
      {
        "type": "text",
        "text": "फिर दान का पुत्र हूशीम था।\n"
      }
    ]
  },
  "24": {
    "verseObjects": [
      {
        "type": "text",
        "text": "नप्ताली के पुत्र, येसेर, गूनी, सेसेर, और शिल्लेम थे।\n"
      }
    ]
  },
  "25": {
    "verseObjects": [
      {
        "type": "text",
        "text": "बिल्हा, जिसे लाबान ने अपनी बेटी राहेल को दिया, उसके बेटे पोते ये ही हैं; उसके द्वारा याकूब के वंश में सात प्राणी हुए।\n"
      },
      {
        "tag": "s5",
        "nextChar": "\n",
        "type": "section"
      }
    ]
  },
  "26": {
    "verseObjects": [
      {
        "type": "text",
        "text": "याकूब के निज वंश के जो प्राणी मिस्र में आए, वे उसकी बहुओं को छोड़ सब मिलकर छियासठ प्राणी हुए।\n"
      }
    ]
  },
  "27": {
    "verseObjects": [
      {
        "type": "text",
        "text": "और यूसुफ के पुत्र, जो मिस्र में उससे उत्‍पन्‍न हुए, वे दो प्राणी थे; इस प्रकार याकूब के घराने के जो प्राणी मिस्र में आए सो सब मिलकर सत्तर हुए।\n"
      },
      {
        "tag": "s",
        "type": "section",
        "content": "याकूब का मिस्र पहुँचना\n"
      },
      {
        "tag": "p",
        "nextChar": "\n",
        "type": "paragraph"
      },
      {
        "tag": "s5",
        "nextChar": "\n",
        "type": "section"
      }
    ]
  },
  "28": {
    "verseObjects": [
      {
        "type": "text",
        "text": "फिर उसने यहूदा को अपने आगे यूसुफ के पास भेज दिया कि वह उसको गोशेन का मार्ग दिखाए; और वे गोशेन देश में आए।\n"
      }
    ]
  },
  "29": {
    "verseObjects": [
      {
        "type": "text",
        "text": "तब यूसुफ अपना रथ जुतवाकर अपने पिता इस्राएल से भेंट करने के लिये गोशेन देश को गया, और उससे भेंट करके उसके गले से लिपटा, और कुछ देर तक उसके गले से लिपटा हुआ रोता रहा।\n"
      }
    ]
  },
  "30": {
    "verseObjects": [
      {
        "type": "text",
        "text": "तब इस्राएल ने यूसुफ से कहा, “मैं अब मरने से भी प्रसन्‍न हूँ, क्योंकि तुझे जीवित पाया और तेरा मुँह देख लिया।”\n"
      },
      {
        "tag": "s5",
        "nextChar": "\n",
        "type": "section"
      }
    ]
  },
  "31": {
    "verseObjects": [
      {
        "type": "text",
        "text": "तब यूसुफ ने अपने भाइयों से और अपने पिता के घराने से कहा, “मैं जाकर फ़िरौन को यह समाचार दूँगा, ‘मेरे भाई और मेरे पिता के सारे घराने के लोग, जो कनान देश में रहते थे, वे मेरे पास आ गए हैं;\n"
      }
    ]
  },
  "32": {
    "verseObjects": [
      {
        "type": "text",
        "text": "और वे लोग चरवाहे हैं, क्योंकि वे पशुओं को पालते आए हैं; इसलिए वे अपनी भेड़-बकरी, गाय-बैल, और जो कुछ उनका है, सब ले आए हैं।’\n"
      },
      {
        "tag": "s5",
        "nextChar": "\n",
        "type": "section"
      }
    ]
  },
  "33": {
    "verseObjects": [
      {
        "type": "text",
        "text": "जब फ़िरौन तुम को बुलाकर पूछे, ‘तुम्हारा उद्यम क्या है?’\n"
      }
    ]
  },
  "34": {
    "verseObjects": [
      {
        "type": "text",
        "text": "तब यह कहना, ‘तेरे दास लड़कपन से लेकर आज तक पशुओं को पालते आए हैं, वरन् हमारे पुरखा भी ऐसा ही करते थे।’ इससे तुम गोशेन देश में रहने पाओगे; क्योंकि सब चरवाहों से मिस्री लोग घृणा करते हैं।”*\n\n"
      },
      {
        "tag": "s5",
        "nextChar": "\n",
        "type": "section"
      }
    ]
  },
  "front": {
    "verseObjects": [
      {
        "tag": "s",
        "type": "section",
        "content": "याकूब का मिस्र के लिये जाना\n"
      },
      {
        "tag": "p",
        "nextChar": "\n",
        "type": "paragraph"
      }
    ]
  }
}