{
  "1": {
    "verseObjects": [
      {
        "type": "text",
        "text": "तब यूसुफ ने फ़िरौन के पास जाकर यह समाचार दिया, “मेरा पिता और मेरे भाई, और उनकी भेड़-बकरियाँ, गाय-बैल और जो कुछ उनका है, सब कनान देश से आ गया है; और अभी तो वे गोशेन देश में हैं।”\n"
      }
    ]
  },
  "2": {
    "verseObjects": [
      {
        "type": "text",
        "text": "फिर उसने अपने भाइयों में से पाँच जन लेकर फ़िरौन के सामने खड़े कर दिए।\n"
      },
      {
        "tag": "s5",
        "nextChar": "\n",
        "type": "section"
      }
    ]
  },
  "3": {
    "verseObjects": [
      {
        "type": "text",
        "text": "फ़िरौन ने उसके भाइयों से पूछा, “तुम्हारा उद्यम क्या है?” उन्होंने फ़िरौन से कहा, “तेरे दास चरवाहे हैं, और हमारे पुरखा भी ऐसे ही रहे।”\n"
      }
    ]
  },
  "4": {
    "verseObjects": [
      {
        "type": "text",
        "text": "फिर उन्होंने फ़िरौन से कहा, “हम इस देश में परदेशी की भाँति रहने के लिये आए हैं; क्योंकि कनान देश में भारी अकाल होने के कारण तेरे दासों को भेड़-बकरियों के लिये चारा न रहा; इसलिए अपने दासों को गोशेन देश में रहने की आज्ञा दे।”\n"
      },
      {
        "tag": "s5",
        "nextChar": "\n",
        "type": "section"
      }
    ]
  },
  "5": {
    "verseObjects": [
      {
        "type": "text",
        "text": "तब फ़िरौन ने यूसुफ से कहा, “तेरा पिता और तेरे भाई तेरे पास आ गए हैं,\n"
      }
    ]
  },
  "6": {
    "verseObjects": [
      {
        "type": "text",
        "text": "और मिस्र देश तेरे सामने पड़ा है; इस देश का जो सबसे अच्छा भाग हो, उसमें अपने पिता और भाइयों को बसा दे; अर्थात् वे गोशेन देश में ही रहें; और यदि तू जानता हो, कि उनमें से परिश्रमी पुरुष हैं, तो उन्हें मेरे पशुओं के अधिकारी ठहरा दे।”\n"
      },
      {
        "tag": "s5",
        "nextChar": "\n",
        "type": "section"
      }
    ]
  },
  "7": {
    "verseObjects": [
      {
        "type": "text",
        "text": "तब यूसुफ ने अपने पिता याकूब को ले आकर फ़िरौन के सम्मुख खड़ा किया; और याकूब ने फ़िरौन को आशीर्वाद दिया।\n"
      }
    ]
  },
  "8": {
    "verseObjects": [
      {
        "type": "text",
        "text": "तब फ़िरौन ने याकूब से पूछा, “तेरी आयु कितने दिन की हुई है?”\n"
      }
    ]
  },
  "9": {
    "verseObjects": [
      {
        "type": "text",
        "text": "याकूब ने फ़िरौन से कहा, “मैं तो एक सौ तीस वर्ष परदेशी होकर अपना जीवन बिता चुका हूँ; मेरे जीवन के दिन थोड़े और दुःख से भरे हुए भी थे, और मेरे बापदादे परदेशी होकर जितने दिन तक जीवित रहे उतने दिन का मैं अभी नहीं हुआ।”\n"
      }
    ]
  },
  "10": {
    "verseObjects": [
      {
        "type": "text",
        "text": "और याकूब फ़िरौन को आशीर्वाद देकर उसके सम्मुख से चला गया।\n"
      },
      {
        "tag": "s5",
        "nextChar": "\n",
        "type": "section"
      }
    ]
  },
  "11": {
    "verseObjects": [
      {
        "type": "text",
        "text": "तब यूसुफ ने अपने पिता और भाइयों को बसा दिया, और फ़िरौन की आज्ञा के अनुसार मिस्र देश के अच्छे से अच्छे भाग में, अर्थात् रामसेस नामक प्रदेश में, भूमि देकर उनको सौंप दिया।\n"
      }
    ]
  },
  "12": {
    "verseObjects": [
      {
        "type": "text",
        "text": "और यूसुफ अपने पिता का, और अपने भाइयों का, और पिता के सारे घराने का, एक-एक के बाल-बच्चों की गिनती के अनुसार, भोजन दिला-दिलाकर उनका पालन-पोषण करने लगा।\n"
      },
      {
        "tag": "s",
        "type": "section",
        "content": "अकाल और यूसुफ का प्रबन्ध\n"
      },
      {
        "tag": "p",
        "nextChar": "\n",
        "type": "paragraph"
      },
      {
        "tag": "s5",
        "nextChar": "\n",
        "type": "section"
      }
    ]
  },
  "13": {
    "verseObjects": [
      {
        "type": "text",
        "text": "उस सारे देश में खाने को कुछ न रहा; क्योंकि अकाल बहुत भारी था, और अकाल के कारण मिस्र और कनान दोनों देश नाश हो गए।\n"
      }
    ]
  },
  "14": {
    "verseObjects": [
      {
        "type": "text",
        "text": "और जितना रुपया मिस्र और कनान देश में था, सबको यूसुफ ने उस अन्न के बदले, जो उनके निवासी मोल लेते थे इकट्ठा करके फ़िरौन के भवन में पहुँचा दिया।\n"
      },
      {
        "tag": "s5",
        "nextChar": "\n",
        "type": "section"
      }
    ]
  },
  "15": {
    "verseObjects": [
      {
        "type": "text",
        "text": "जब मिस्र और कनान देश का रुपया समाप्त हो गया, तब सब मिस्री यूसुफ के पास आ आकर कहने लगे, “हमको भोजनवस्तु दे, क्या हम रुपये के न रहने से तेरे रहते हुए मर जाएँ?”\n"
      }
    ]
  },
  "16": {
    "verseObjects": [
      {
        "type": "text",
        "text": "यूसुफ ने कहा, “यदि रुपये न हों तो अपने पशु दे दो, और मैं उनके बदले तुम्हें खाने को दूँगा।”\n"
      }
    ]
  },
  "17": {
    "verseObjects": [
      {
        "type": "text",
        "text": "तब वे अपने पशु यूसुफ के पास ले आए; और यूसुफ उनको घोड़ों, भेड़-बकरियों, गाय-बैलों और गदहों के बदले खाने को देने लगा: उस वर्ष में वह सब जाति के पशुओं के बदले भोजन देकर उनका पालन-पोषण करता रहा।\n"
      },
      {
        "tag": "s5",
        "nextChar": "\n",
        "type": "section"
      }
    ]
  },
  "18": {
    "verseObjects": [
      {
        "type": "text",
        "text": "वह वर्ष तो बीत गया; तब अगले वर्ष में उन्होंने उसके पास आकर कहा, “हम अपने प्रभु से यह बात छिपा न रखेंगे कि हमारा रुपया समाप्त हो गया है, और हमारे सब प्रकार के पशु हमारे प्रभु के पास आ चुके हैं; इसलिए अब हमारे प्रभु के सामने हमारे शरीर और भूमि छोड़कर और कुछ नहीं रहा।\n"
      }
    ]
  },
  "19": {
    "verseObjects": [
      {
        "type": "text",
        "text": "हम तेरे देखते क्यों मरें, और हमारी भूमि क्यों उजड़ जाए? हमको और हमारी भूमि को भोजनवस्तु के बदले मोल ले, कि हम अपनी भूमि समेत फ़िरौन के दास हो और हमको बीज दे, कि हम मरने न पाएँ, वरन् जीवित रहें, और भूमि न उजड़े।”\n"
      },
      {
        "tag": "s5",
        "nextChar": "\n",
        "type": "section"
      }
    ]
  },
  "20": {
    "verseObjects": [
      {
        "type": "text",
        "text": "तब यूसुफ ने मिस्र की सारी भूमि को फ़िरौन के लिये मोल लिया; क्योंकि उस भयंकर अकाल के पड़ने से मिस्रियों को अपना-अपना खेत बेच डालना पड़ा। इस प्रकार सारी भूमि फ़िरौन की हो गई।\n"
      }
    ]
  },
  "21": {
    "verseObjects": [
      {
        "type": "text",
        "text": "और एक छोर से लेकर दूसरे छोर तक सारे मिस्र देश में जो प्रजा रहती थी, उसको उसने नगरों में लाकर बसा दिया।\n"
      }
    ]
  },
  "22": {
    "verseObjects": [
      {
        "type": "text",
        "text": "पर याजकों की भूमि तो उसने न मोल ली; क्योंकि याजकों के लिये फ़िरौन की ओर से नित्य भोजन का बन्दोबस्त था, और नित्य जो भोजन फ़िरौन उनको देता था वही वे खाते थे; इस कारण उनको अपनी भूमि बेचनी न पड़ी।\n"
      },
      {
        "tag": "s5",
        "nextChar": "\n",
        "type": "section"
      }
    ]
  },
  "23": {
    "verseObjects": [
      {
        "type": "text",
        "text": "तब यूसुफ ने प्रजा के लोगों से कहा, “सुनो, मैंने आज के दिन तुम को और तुम्हारी भूमि को भी फ़िरौन के लिये मोल लिया है;* देखो, तुम्हारे लिये यहाँ बीज है, इसे भूमि में बोओ।\n"
      }
    ]
  },
  "24": {
    "verseObjects": [
      {
        "type": "text",
        "text": "और जो कुछ उपजे उसका पंचमांश फ़िरौन को देना, बाकी चार अंश तुम्हारे रहेंगे कि तुम उसे अपने खेतों में बोओ, और अपने-अपने बाल-बच्चों और घर के अन्य लोगों समेत खाया करो।”\n"
      },
      {
        "tag": "s5",
        "nextChar": "\n",
        "type": "section"
      }
    ]
  },
  "25": {
    "verseObjects": [
      {
        "type": "text",
        "text": "उन्होंने कहा, “तूने हमको बचा लिया है; हमारे प्रभु के अनुग्रह की दृष्टि हम पर बनी रहे, और हम फ़िरौन के दास होकर रहेंगे।”\n"
      }
    ]
  },
  "26": {
    "verseObjects": [
      {
        "type": "text",
        "text": "इस प्रकार यूसुफ ने मिस्र की भूमि के विषय में ऐसा नियम ठहराया, जो आज के दिन तक चला आता है कि पंचमांश फ़िरौन को मिला करे; केवल याजकों ही की भूमि फ़िरौन की नहीं हुई।\n"
      },
      {
        "tag": "s",
        "type": "section",
        "content": "इस्राएल का गोशेन प्रदेश में बसना\n"
      },
      {
        "tag": "p",
        "nextChar": "\n",
        "type": "paragraph"
      },
      {
        "tag": "s5",
        "nextChar": "\n",
        "type": "section"
      }
    ]
  },
  "27": {
    "verseObjects": [
      {
        "type": "text",
        "text": "इस्राएली मिस्र के गोशेन प्रदेश में रहने लगे; और वहाँ की भूमि उनके वश में थी,* और फूले-फले, और अत्यन्त बढ़ गए।\n"
      }
    ]
  },
  "28": {
    "verseObjects": [
      {
        "type": "text",
        "text": "मिस्र देश में याकूब सतरह वर्ष जीवित रहा इस प्रकार याकूब की सारी आयु एक सौ सैंतालीस वर्ष की हुई।\n"
      },
      {
        "tag": "s5",
        "nextChar": "\n",
        "type": "section"
      }
    ]
  },
  "29": {
    "verseObjects": [
      {
        "type": "text",
        "text": "जब इस्राएल के मरने का दिन निकट आ गया, तब उसने अपने पुत्र यूसुफ को बुलवाकर कहा, “यदि तेरा अनुग्रह मुझ पर हो, तो अपना हाथ मेरी जाँघ के तले रखकर शपथ खा, कि तू मेरे साथ कृपा और सच्चाई का यह काम करेगा, कि मुझे मिस्र में मिट्टी न देगा।*\n"
      }
    ]
  },
  "30": {
    "verseObjects": [
      {
        "type": "text",
        "text": "जब मैं अपने बाप-दादों के संग सो जाऊँगा, तब तू मुझे मिस्र से उठा ले जाकर उन्हीं के कब्रिस्तान में रखेगा।” तब यूसुफ ने कहा, “मैं तेरे वचन के अनुसार करूँगा।”\n"
      }
    ]
  },
  "31": {
    "verseObjects": [
      {
        "type": "text",
        "text": "फिर उसने कहा, “मुझसे शपथ खा।” अतः उसने उससे शपथ खाई। तब इस्राएल ने खाट के सिरहाने की ओर सिर झुकाकर प्रार्थना की। (इब्रा. 11:21)\n\n"
      },
      {
        "tag": "s5",
        "nextChar": "\n",
        "type": "section"
      }
    ]
  },
  "front": {
    "verseObjects": [
      {
        "tag": "s",
        "type": "section",
        "content": "फ़िरौन द्वारा याकूब का स्वागत\n"
      },
      {
        "tag": "p",
        "nextChar": "\n",
        "type": "paragraph"
      }
    ]
  }
}