{
  "1": {
    "verseObjects": [
      {
        "type": "text",
        "text": "इन बातों के पश्चात् किसी ने यूसुफ से कहा, “सुन, तेरा पिता बीमार है।” तब वह मनश्शे और एप्रैम नामक अपने दोनों पुत्रों को संग लेकर उसके पास चला।\n"
      }
    ]
  },
  "2": {
    "verseObjects": [
      {
        "type": "text",
        "text": "किसी ने याकूब को बता दिया, “तेरा पुत्र यूसुफ तेरे पास आ रहा है,” तब इस्राएल अपने को सम्भालकर खाट पर बैठ गया।\n"
      },
      {
        "tag": "s5",
        "nextChar": "\n",
        "type": "section"
      }
    ]
  },
  "3": {
    "verseObjects": [
      {
        "type": "text",
        "text": "और याकूब ने यूसुफ से कहा, “सर्वशक्तिमान परमेश्‍वर ने कनान देश के लूज नगर के पास मुझे दर्शन देकर आशीष दी,\n"
      }
    ]
  },
  "4": {
    "verseObjects": [
      {
        "type": "text",
        "text": "और कहा, ‘सुन, मैं तुझे फलवन्त करके बढ़ाऊँगा, और तुझे राज्य-राज्य की मण्डली का मूल बनाऊँगा, और तेरे पश्चात् तेरे वंश को यह देश दूँगा, जिससे कि वह सदा तक उनकी निज भूमि बनी रहे।’\n"
      },
      {
        "tag": "s5",
        "nextChar": "\n",
        "type": "section"
      }
    ]
  },
  "5": {
    "verseObjects": [
      {
        "type": "text",
        "text": "और अब तेरे दोनों पुत्र, जो मिस्र में मेरे आने से पहले उत्‍पन्‍न हुए हैं, वे मेरे ही ठहरेंगे; अर्थात् जिस रीति से रूबेन और शिमोन मेरे हैं, उसी रीति से एप्रैम और मनश्शे भी मेरे ठहरेंगे।\n"
      }
    ]
  },
  "6": {
    "verseObjects": [
      {
        "type": "text",
        "text": "और उनके पश्चात् तेरे जो सन्तान उत्‍पन्‍न हो, वह तेरे तो ठहरेंगे; परन्तु बँटवारे के समय वे अपने भाइयों ही के वंश में गिने जाएँगे।\n"
      }
    ]
  },
  "7": {
    "verseObjects": [
      {
        "type": "text",
        "text": "जब मैं पद्दान से आता था, तब एप्राता पहुँचने से थोड़ी ही दूर पहले राहेल कनान देश में, मार्ग में, मेरे सामने मर गई; और मैंने उसे वहीं, अर्थात् एप्राता जो बैतलहम भी कहलाता है, उसी के मार्ग में मिट्टी दी।”\n"
      },
      {
        "tag": "s5",
        "nextChar": "\n",
        "type": "section"
      }
    ]
  },
  "8": {
    "verseObjects": [
      {
        "type": "text",
        "text": "तब इस्राएल को यूसुफ के पुत्र देख पड़े, और उसने पूछा, “ये कौन हैं?”\n"
      }
    ]
  },
  "9": {
    "verseObjects": [
      {
        "type": "text",
        "text": "यूसुफ ने अपने पिता से कहा, “ये मेरे पुत्र हैं, जो परमेश्‍वर ने मुझे यहाँ दिए हैं।” उसने कहा, “उनको मेरे पास ले आ कि मैं उन्हें आशीर्वाद दूँ।”\n"
      }
    ]
  },
  "10": {
    "verseObjects": [
      {
        "type": "text",
        "text": "इस्राएल की आँखें बुढ़ापे के कारण धुन्धली हो गई थीं, यहाँ तक कि उसे कम सूझता था। तब यूसुफ उन्हें उनके पास ले गया; और उसने उन्हें चूमकर गले लगा लिया।\n"
      },
      {
        "tag": "s5",
        "nextChar": "\n",
        "type": "section"
      }
    ]
  },
  "11": {
    "verseObjects": [
      {
        "type": "text",
        "text": "तब इस्राएल ने यूसुफ से कहा, “मुझे आशा न थी, कि मैं तेरा मुख फिर देखने पाऊँगा: परन्तु देख, परमेश्‍वर ने मुझे तेरा वंश भी दिखाया है।”\n"
      }
    ]
  },
  "12": {
    "verseObjects": [
      {
        "type": "text",
        "text": "तब यूसुफ ने उन्हें अपने पिता के घुटनों के बीच से हटाकर और अपने मुँह के बल भूमि पर गिरकर दण्डवत् की।\n"
      }
    ]
  },
  "13": {
    "verseObjects": [
      {
        "type": "text",
        "text": "तब यूसुफ ने उन दोनों को लेकर, अर्थात् एप्रैम को अपने दाहिने हाथ से, कि वह इस्राएल के बाएँ हाथ पड़े, और मनश्शे को अपने बाएँ हाथ से, कि इस्राएल के दाहिने हाथ पड़े, उन्हें उसके पास ले गया।\n"
      },
      {
        "tag": "s5",
        "nextChar": "\n",
        "type": "section"
      }
    ]
  },
  "14": {
    "verseObjects": [
      {
        "type": "text",
        "text": "तब इस्राएल ने अपना दाहिना हाथ बढ़ाकर एप्रैम के सिर पर जो छोटा था, और अपना बायाँ हाथ बढ़ाकर मनश्शे के सिर पर रख दिया; उसने तो जान-बूझकर ऐसा किया; नहीं तो जेठा मनश्शे ही था।\n"
      }
    ]
  },
  "15": {
    "verseObjects": [
      {
        "type": "text",
        "text": "फिर उसने यूसुफ को आशीर्वाद देकर कहा, “परमेश्‍वर जिसके सम्मुख मेरे बापदादे अब्राहम और इसहाक चलते थे वही परमेश्‍वर मेरे जन्म से लेकर आज के दिन तक मेरा चरवाहा बना है; (इब्रा. 11:21)\n"
      }
    ]
  },
  "16": {
    "verseObjects": [
      {
        "type": "text",
        "text": "और वही दूत मुझे सारी बुराई से छुड़ाता आया है, वही अब इन लड़कों को आशीष दे; और ये मेरे और मेरे बापदादे अब्राहम और इसहाक के कहलाएँ; और पृथ्वी में बहुतायत से बढ़ें।” (इब्रा. 11:21)\n"
      },
      {
        "tag": "s5",
        "nextChar": "\n",
        "type": "section"
      }
    ]
  },
  "17": {
    "verseObjects": [
      {
        "type": "text",
        "text": "जब यूसुफ ने देखा कि मेरे पिता ने अपना दाहिना हाथ एप्रैम के सिर पर रखा है, तब यह बात उसको बुरी लगी; इसलिए उसने अपने पिता का हाथ इस मनसा से पकड़ लिया, कि एप्रैम के सिर पर से उठाकर मनश्शे के सिर पर रख दे।\n"
      }
    ]
  },
  "18": {
    "verseObjects": [
      {
        "type": "text",
        "text": "और यूसुफ ने अपने पिता से कहा, “हे पिता, ऐसा नहीं; क्योंकि जेठा यही है; अपना दाहिना हाथ इसके सिर पर रख।”\n"
      },
      {
        "tag": "s5",
        "nextChar": "\n",
        "type": "section"
      }
    ]
  },
  "19": {
    "verseObjects": [
      {
        "type": "text",
        "text": "उसके पिता ने कहा, “नहीं, सुन, हे मेरे पुत्र, मैं इस बात को भली भाँति जानता हूँ यद्यपि इससे भी मनुष्यों की एक मण्डली उत्‍पन्‍न होगी, और यह भी महान हो जाएगा, तो भी इसका छोटा भाई इससे अधिक महान हो जाएगा, और उसके वंश से बहुत सी जातियाँ निकलेंगी।”\n"
      }
    ]
  },
  "20": {
    "verseObjects": [
      {
        "type": "text",
        "text": "फिर उसने उसी दिन यह कहकर उनको आशीर्वाद दिया, “इस्राएली लोग तेरा नाम ले लेकर ऐसा आशीर्वाद दिया करेंगे, ‘परमेश्‍वर तुझे एप्रैम और मनश्शे के समान बना दे,’ ” और उसने मनश्शे से पहले एप्रैम का नाम लिया।\n"
      },
      {
        "tag": "s5",
        "nextChar": "\n",
        "type": "section"
      }
    ]
  },
  "21": {
    "verseObjects": [
      {
        "type": "text",
        "text": "तब इस्राएल ने यूसुफ से कहा, “देख, मैं तो मरने पर हूँ परन्तु परमेश्‍वर तुम लोगों के संग रहेगा, और तुम को तुम्हारे पितरों के देश में फिर पहुँचा देगा।\n"
      }
    ]
  },
  "22": {
    "verseObjects": [
      {
        "type": "text",
        "text": "और मैं तुझको तेरे भाइयों से अधिक भूमि का एक भाग देता हूँ,* जिसको मैंने एमोरियों के हाथ से अपनी तलवार और धनुष के बल से ले लिया है।” (यूह. 4:5)\n\n"
      },
      {
        "tag": "s5",
        "nextChar": "\n",
        "type": "section"
      }
    ]
  },
  "front": {
    "verseObjects": [
      {
        "tag": "s",
        "type": "section",
        "content": "याकूब द्वारा यूसुफ के पुत्रों को आशीर्वाद\n"
      },
      {
        "tag": "p",
        "nextChar": "\n",
        "type": "paragraph"
      }
    ]
  }
}