{
  "1": {
    "verseObjects": [
      {
        "type": "text",
        "text": "परमेश्‍वर ने नूह और जितने जंगली पशु और घरेलू पशु उसके संग जहाज में थे, उन सभी की सुधि ली:* और परमेश्‍वर ने पृथ्वी पर पवन बहाई, और जल घटने लगा।\n"
      }
    ]
  },
  "2": {
    "verseObjects": [
      {
        "type": "text",
        "text": "गहरे समुंद्र के सोते और आकाश के झरोखे बंद हो गए; और उससे जो वर्षा होती थी वह भी थम गई।\n"
      }
    ]
  },
  "3": {
    "verseObjects": [
      {
        "type": "text",
        "text": "और एक सौ पचास दिन के पश्चात् जल पृथ्वी पर से लगातार घटने लगा।\n"
      },
      {
        "tag": "s5",
        "type": "section",
        "text": "\n"
      }
    ]
  },
  "4": {
    "verseObjects": [
      {
        "type": "text",
        "text": "सातवें महीने के सत्रहवें दिन को, जहाज अरारात नामक पहाड़ पर टिक गया।\n"
      }
    ]
  },
  "5": {
    "verseObjects": [
      {
        "type": "text",
        "text": "और जल दसवें महीने तक घटता चला गया, और दसवें महीने के पहले दिन को, पहाड़ों की चोटियाँ दिखाई दीं।\n"
      },
      {
        "tag": "s5",
        "type": "section",
        "text": "\n"
      }
    ]
  },
  "6": {
    "verseObjects": [
      {
        "type": "text",
        "text": "फिर ऐसा हुआ कि चालीस दिन के पश्चात् नूह ने अपने बनाए हुए जहाज की खिड़की को खोलकर,\n"
      }
    ]
  },
  "7": {
    "verseObjects": [
      {
        "type": "text",
        "text": "एक कौआ उड़ा दिया: जब तक जल पृथ्वी पर से सूख न गया, तब तक कौआ इधर-उधर फिरता रहा।\n"
      },
      {
        "tag": "s5",
        "type": "section",
        "text": "\n"
      }
    ]
  },
  "8": {
    "verseObjects": [
      {
        "type": "text",
        "text": "फिर उसने अपने पास से एक कबूतरी को भी उड़ा दिया कि देखे कि जल भूमि से घट गया कि नहीं।\n"
      }
    ]
  },
  "9": {
    "verseObjects": [
      {
        "type": "text",
        "text": "उस कबूतरी को अपने पैर टेकने के लिये कोई आधार न मिला, तो वह उसके पास जहाज में लौट आई: क्योंकि सारी पृथ्वी के ऊपर जल ही जल छाया था तब उसने हाथ बढ़ाकर उसे अपने पास जहाज में ले लिया।\n"
      },
      {
        "tag": "s5",
        "type": "section",
        "text": "\n"
      }
    ]
  },
  "10": {
    "verseObjects": [
      {
        "type": "text",
        "text": "तब और सात दिन तक ठहरकर, उसने उसी कबूतरी को जहाज में से फिर उड़ा दिया।\n"
      }
    ]
  },
  "11": {
    "verseObjects": [
      {
        "type": "text",
        "text": "और कबूतरी सांझ के समय उसके पास आ गई, तो क्या देखा कि उसकी चोंच में जैतून का एक नया पत्ता है; इससे नूह ने जान लिया, कि जल पृथ्वी पर घट गया है।\n"
      }
    ]
  },
  "12": {
    "verseObjects": [
      {
        "type": "text",
        "text": "फिर उसने सात दिन और ठहरकर उसी कबूतरी को उड़ा दिया; और वह उसके पास फिर कभी लौटकर न आई।\n"
      },
      {
        "tag": "s5",
        "type": "section",
        "text": "\n"
      }
    ]
  },
  "13": {
    "verseObjects": [
      {
        "type": "text",
        "text": "नूह की आयु के छः सौ एक वर्ष के पहले महीने के पहले दिन जल पृथ्वी पर से सूख गया। तब नूह ने जहाज की छत खोलकर क्या देखा कि धरती सूख गई है।\n"
      }
    ]
  },
  "14": {
    "verseObjects": [
      {
        "type": "text",
        "text": "और दूसरे महीने के सताईसवें दिन को पृथ्वी पूरी रीति से सूख गई।\n"
      },
      {
        "tag": "s",
        "type": "section",
        "text": "परमेश्‍वर की वाचा\n"
      },
      {
        "tag": "p",
        "type": "paragraph",
        "text": "\n"
      },
      {
        "tag": "s5",
        "type": "section",
        "text": "\n"
      }
    ]
  },
  "15": {
    "verseObjects": [
      {
        "type": "text",
        "text": "तब परमेश्‍वर ने नूह से कहा,\n"
      }
    ]
  },
  "16": {
    "verseObjects": [
      {
        "type": "text",
        "text": "“तू अपने पुत्रों, पत्‍नी और बहुओं समेत जहाज में से निकल आ।\n"
      }
    ]
  },
  "17": {
    "verseObjects": [
      {
        "type": "text",
        "text": "क्या पक्षी, क्या पशु, क्या सब भाँति के रेंगनेवाले जन्तु जो पृथ्वी पर रेंगते हैं; जितने शरीरधारी जीव-जन्तु तेरे संग हैं, उन सबको अपने साथ निकाल ले आ कि पृथ्वी पर उनसे बहुत बच्चे उत्‍पन्‍न हों; और वे फूलें-फलें, और पृथ्वी पर फैल जाएँ।”\n"
      },
      {
        "tag": "s5",
        "type": "section",
        "text": "\n"
      }
    ]
  },
  "18": {
    "verseObjects": [
      {
        "type": "text",
        "text": "तब नूह और उसके पुत्र और पत्‍नी और बहुएँ, निकल आईं। (2 पत 2:5)\n"
      }
    ]
  },
  "19": {
    "verseObjects": [
      {
        "type": "text",
        "text": "और सब चौपाए, रेंगनेवाले जन्तु, और पक्षी, और जितने जीवजन्तु पृथ्वी पर चलते-फिरते हैं, सब जाति-जाति करके जहाज में से निकल आए।\n"
      },
      {
        "tag": "s",
        "type": "section",
        "text": "नूह द्वारा होमबलि का चढ़ाया जाना\n"
      },
      {
        "tag": "p",
        "type": "paragraph",
        "text": "\n"
      },
      {
        "tag": "s5",
        "type": "section",
        "text": "\n"
      }
    ]
  },
  "20": {
    "verseObjects": [
      {
        "type": "text",
        "text": "तब नूह ने यहोवा के लिये एक वेदी बनाई;* और सब शुद्ध पशुओं, और सब शुद्ध पक्षियों में से, कुछ-कुछ लेकर वेदी पर होमबलि चढ़ाया।\n"
      }
    ]
  },
  "21": {
    "verseObjects": [
      {
        "type": "text",
        "text": "इस पर यहोवा ने सुखदायक सुगन्ध पाकर सोचा, “मनुष्य के कारण मैं फिर कभी भूमि को श्राप न दूँगा, यद्यपि मनुष्य के मन में बचपन से जो कुछ उत्‍पन्‍न होता है वह बुरा ही होता है; तो भी जैसा मैंने सब जीवों को अब मारा है, वैसा उनको फिर कभी न मारूँगा।\n"
      }
    ]
  },
  "22": {
    "verseObjects": [
      {
        "type": "text",
        "text": "अब से जब तक पृथ्वी बनी रहेगी, तब तक बोने और काटने के समय, ठण्डा और तपन, धूपकाल और शीतकाल, दिन और रात, निरन्तर होते चले जाएँगे।”\n\n"
      },
      {
        "tag": "s5",
        "type": "section",
        "text": "\n"
      }
    ]
  },
  "front": {
    "verseObjects": [
      {
        "tag": "s",
        "type": "section",
        "text": "जल-प्रलय का अन्त\n"
      },
      {
        "tag": "p",
        "type": "paragraph",
        "text": "\n"
      }
    ]
  }
}