{
  "1": {
    "verseObjects": [
      {
        "type": "text",
        "text": "“इस्राएल के प्रधानों के विषय तू यह विलापगीत सुना :\n"
      }
    ]
  },
  "2": {
    "verseObjects": [
      {
        "type": "text",
        "text": "तेरी माता एक कैसी सिंहनी थी! वह सिंहों के बीच बैठा करती और अपने बच्चों को जवान सिंहों के बीच पालती पोसती थी।\n"
      }
    ]
  },
  "3": {
    "verseObjects": [
      {
        "type": "text",
        "text": "अपने बच्चों में से उसने एक को पाला और वह जवान सिंह हो गया, और अहेर पकड़ना सीख गया; उसने मनुष्यों को भी फाड़ खाया।\n"
      }
    ]
  },
  "4": {
    "verseObjects": [
      {
        "type": "text",
        "text": "जाति-जाति के लोगों ने उसकी* चर्चा सुनी, और उसे अपने खोदे हुए गड्ढे में फँसाया; और उसके नकेल डालकर उसे मिस्र देश में ले गए।\n"
      },
      {
        "tag": "s5",
        "nextChar": "\n",
        "type": "section"
      }
    ]
  },
  "5": {
    "verseObjects": [
      {
        "type": "text",
        "text": "जब उसकी माँ ने देखा कि वह धीरज धरे रही तो भी उसकी आशा टूट गई, तब अपने एक और बच्चे को लेकर उसे जवान सिंह कर दिया।\n"
      }
    ]
  },
  "6": {
    "verseObjects": [
      {
        "type": "text",
        "text": "तब वह जवान सिंह होकर सिंहों के बीच चलने-फिरने लगा, और वह भी अहेर पकड़ना सीख गया; और मनुष्यों को भी फाड़ खाया।\n"
      }
    ]
  },
  "7": {
    "verseObjects": [
      {
        "type": "text",
        "text": "उसने उनके भवनों को बिगाड़ा, और उनके नगरों को उजाड़ा वरन् उसके गरजने के डर के मारे देश और जो कुछ उसमें था सब उजड़ गया।\n"
      },
      {
        "tag": "s5",
        "nextChar": "\n",
        "type": "section"
      }
    ]
  },
  "8": {
    "verseObjects": [
      {
        "type": "text",
        "text": "तब चारों ओर के जाति-जाति के लोग अपने-अपने प्रान्त से उसके विरुद्ध निकल आए, और उसके लिये जाल लगाया; और वह उनके खोदे हुए गड्ढे में फंस गया।\n"
      }
    ]
  },
  "9": {
    "verseObjects": [
      {
        "type": "text",
        "text": "तब वे उसके नकेल डालकर और कठघरे में बन्द करके बाबेल के राजा के पास ले गए, और गढ़ में बन्द किया, कि उसका बोल इस्राएल के पहाड़ी देश में फिर सुनाई न दे।\n"
      },
      {
        "tag": "p",
        "nextChar": "\n",
        "type": "paragraph"
      },
      {
        "tag": "s5",
        "nextChar": "\n",
        "type": "section"
      }
    ]
  },
  "10": {
    "verseObjects": [
      {
        "type": "text",
        "text": "“तेरी माता जिससे तू उत्‍पन्‍न हुआ, वह तट पर लगी हुई दाखलता के समान थी, और गहरे जल के कारण फलों और शाखाओं से भरी हुई थी।\n"
      }
    ]
  },
  "11": {
    "verseObjects": [
      {
        "type": "text",
        "text": "प्रभुता करनेवालों के राजदण्डों के लिये उसमें मोटी-मोटी टहनियाँ थीं; और उसकी ऊँचाई इतनी हुई कि वह बादलों के बीच तक पहुँची; और अपनी बहुत सी डालियों समेत बहुत ही लम्बी दिखाई पड़ी।\n"
      },
      {
        "tag": "s5",
        "nextChar": "\n",
        "type": "section"
      }
    ]
  },
  "12": {
    "verseObjects": [
      {
        "type": "text",
        "text": "तो भी वह जलजलाहट के साथ उखाड़कर भूमि पर गिराई गई, और उसके फल पुरवाई हवा के लगने से सूख गए; और उसकी मोटी टहनियाँ टूटकर सूख गई; और वे आग से भस्म हो गई।\n"
      }
    ]
  },
  "13": {
    "verseObjects": [
      {
        "type": "text",
        "text": "अब वह जंगल में, वरन् निर्जल देश में लगाई गई है।\n"
      },
      {
        "tag": "s5",
        "nextChar": "\n",
        "type": "section"
      }
    ]
  },
  "14": {
    "verseObjects": [
      {
        "type": "text",
        "text": "उसकी शाखाओं की टहनियों में से आग निकली*, जिससे उसके फल भस्म हो गए, और प्रभुता करने के योग्य राजदण्ड के लिये उसमें अब कोई मोटी टहनी न रही।”\n"
      },
      {
        "tag": "p",
        "type": "paragraph",
        "text": "यही विलापगीत है, और यह विलापगीत बना रहेगा।\n"
      },
      {
        "type": "text",
        "text": "\n"
      },
      {
        "tag": "s5",
        "nextChar": "\n",
        "type": "section"
      }
    ]
  },
  "front": {
    "verseObjects": [
      {
        "tag": "s",
        "type": "section",
        "content": "राजकुमार के लिए इस्राएल का शोक\n"
      },
      {
        "tag": "p",
        "nextChar": "\n",
        "type": "paragraph"
      }
    ]
  }
}