{
  "1": {
    "verseObjects": [
      {
        "type": "text",
        "text": "उसने मुझसे कहा, “हे मनुष्य के सन्तान, अपने पाँवों के बल खड़ा हो, और मैं तुझ से बातें करूँगा।” (प्रेरि. 26:16)\n"
      }
    ]
  },
  "2": {
    "verseObjects": [
      {
        "type": "text",
        "text": "जैसे ही उसने मुझसे यह कहा, वैसे ही आत्मा ने मुझ में समाकर मुझे पाँवों के बल खड़ा कर दिया; और जो मुझसे बातें करता था मैंने उसकी सुनी।\n"
      }
    ]
  },
  "3": {
    "verseObjects": [
      {
        "type": "text",
        "text": "उसने मुझसे कहा, “हे मनुष्य के सन्तान, मैं तुझे इस्राएलियों के पास अर्थात् बलवा करनेवाली जाति के पास भेजता हूँ, जिन्होंने मेरे विरुद्ध बलवा किया है; उनके पुरखा और वे भी आज के दिन तक मेरे विरुद्ध अपराध करते चले आए हैं।\n"
      },
      {
        "tag": "s5",
        "nextChar": "\n",
        "type": "section"
      }
    ]
  },
  "4": {
    "verseObjects": [
      {
        "type": "text",
        "text": "इस पीढ़ी के लोग जिनके पास मैं तुझे भेजता हूँ, वे निर्लज्ज और हठीले हैं;\n"
      }
    ]
  },
  "5": {
    "verseObjects": [
      {
        "type": "text",
        "text": "और तू उनसे कहना, ‘प्रभु यहोवा यह कहता है,’ इससे वे, जो बलवा करनेवाले घराने के हैं, चाहे वे सुनें या न सुनें, तो भी वे इतना जान लेंगे कि हमारे बीच एक भविष्यद्वक्ता प्रगट हुआ है।\n"
      },
      {
        "tag": "s5",
        "nextChar": "\n",
        "type": "section"
      }
    ]
  },
  "6": {
    "verseObjects": [
      {
        "type": "text",
        "text": "हे मनुष्य के सन्तान, तू उनसे न डरना; चाहे तुझे काँटों, ऊँटकटारों और बिच्छुओं के बीच भी रहना पड़े, तो भी उनके वचनों से न डरना; यद्यपि वे विद्रोही घराने के हैं, तो भी न तो उनके वचनों से डरना, और न उनके मुँह देखकर तेरा मन कच्चा हो।\n"
      },
      {
        "tag": "s5",
        "nextChar": "\n",
        "type": "section"
      }
    ]
  },
  "7": {
    "verseObjects": [
      {
        "type": "text",
        "text": "इसलिए चाहे वे सुनें या न सुनें; तो भी तू मेरे वचन उनसे कहना, वे तो बड़े विद्रोही हैं।\n"
      },
      {
        "tag": "p",
        "nextChar": "\n",
        "type": "paragraph"
      }
    ]
  },
  "8": {
    "verseObjects": [
      {
        "type": "text",
        "text": "“परन्तु हे मनुष्य के सन्तान, जो मैं तुझ से कहता हूँ, उसे तू सुन ले, उस विद्रोही घराने के समान तू भी विद्रोही न बनना जो मैं तुझे देता हूँ, उसे मुँह खोलकर खा ले।” (यिर्म. 15:16)\n"
      },
      {
        "tag": "s5",
        "nextChar": "\n",
        "type": "section"
      }
    ]
  },
  "9": {
    "verseObjects": [
      {
        "type": "text",
        "text": "तब मैंने दृष्टि की और क्या देखा, कि मेरी ओर एक हाथ बढ़ा हुआ है और उसमें एक पुस्तक* है।\n"
      }
    ]
  },
  "10": {
    "verseObjects": [
      {
        "type": "text",
        "text": "उसको उसने मेरे सामने खोलकर फैलाया, और वह दोनों ओर लिखी हुई थी; और जो उसमें लिखा था, वे विलाप और शोक और दुःख भरे वचन थे। (प्रका. 5:1)\n\n"
      },
      {
        "tag": "s5",
        "nextChar": "\n",
        "type": "section"
      }
    ]
  },
  "front": {
    "verseObjects": [
      {
        "tag": "s",
        "type": "section",
        "content": "यहेजकेल की बुलाहट\n"
      },
      {
        "tag": "p",
        "nextChar": "\n",
        "type": "paragraph"
      }
    ]
  }
}