{
  "1": {
    "verseObjects": [
      {
        "type": "text",
        "text": "सातवें वर्ष के पाँचवें महीने के दसवें दिन को इस्राएल के कितने पुरनिये यहोवा से प्रश्न करने को आए, और मेरे सामने बैठ गए।\n"
      },
      {
        "tag": "s5",
        "nextChar": "\n",
        "type": "section"
      }
    ]
  },
  "2": {
    "verseObjects": [
      {
        "type": "text",
        "text": "तब यहोवा का यह वचन मेरे पास पहुँचा :\n"
      }
    ]
  },
  "3": {
    "verseObjects": [
      {
        "type": "text",
        "text": "“हे मनुष्य के सन्तान, इस्राएली पुरनियों से यह कह, प्रभु यहोवा यह कहता है, क्या तुम मुझसे प्रश्न करने को आए हो? प्रभु यहोवा की यह वाणी है कि मेरे जीवन की सौगन्ध, तुम मुझसे प्रश्न करने न पाओगे।\n"
      },
      {
        "tag": "s5",
        "nextChar": "\n",
        "type": "section"
      }
    ]
  },
  "4": {
    "verseObjects": [
      {
        "type": "text",
        "text": "हे मनुष्य के सन्तान, क्या तू उनका न्याय न करेगा? क्या तू उनका न्याय न करेगा? उनके पुरखाओं के घिनौने काम उन्हें जता दे,\n"
      }
    ]
  },
  "5": {
    "verseObjects": [
      {
        "type": "text",
        "text": "और उनसे कह, प्रभु यहोवा यह कहता है : जिस दिन मैंने इस्राएल को चुन लिया, और याकूब के घराने के वंश से शपथ खाई, और मिस्र देश में अपने को उन पर प्रगट किया, और उनसे शपथ खाकर कहा, मैं तुम्हारा परमेश्‍वर यहोवा हूँ,\n"
      }
    ]
  },
  "6": {
    "verseObjects": [
      {
        "type": "text",
        "text": "उसी दिन मैंने उनसे यह भी शपथ खाई, कि मैं तुम को मिस्र देश से निकालकर एक देश में पहुँचाऊँगा, जिसे मैंने तुम्हारे लिये चुन लिया है; वह सब देशों का शिरोमणि है, और उसमें दूध और मधु की धाराएँ बहती हैं।\n"
      },
      {
        "tag": "s5",
        "nextChar": "\n",
        "type": "section"
      }
    ]
  },
  "7": {
    "verseObjects": [
      {
        "type": "text",
        "text": "फिर मैंने उनसे कहा, जिन घिनौनी वस्तुओं पर तुम में से हर एक की आँखें लगी हैं, उन्हें फेंक दो; और मिस्र की मूरतों से अपने को अशुद्ध न करो; मैं ही तुम्हारा परमेश्‍वर यहोवा हूँ।\n"
      },
      {
        "tag": "s5",
        "nextChar": "\n",
        "type": "section"
      }
    ]
  },
  "8": {
    "verseObjects": [
      {
        "type": "text",
        "text": "परन्तु वे मुझसे बिगड़ गए और मेरी सुननी न चाही; जिन घिनौनी वस्तुओं पर उनकी आँखें लगी थीं, उनको किसी ने फेंका नहीं, और न मिस्र की मूरतों* को छोड़ा।\n"
      },
      {
        "tag": "p",
        "type": "paragraph",
        "text": "“तब मैंने कहा, मैं यहीं, मिस्र देश के बीच तुम पर अपनी जलजलाहट भड़काऊँगा। और पूरा कोप दिखाऊँगा।\n"
      }
    ]
  },
  "9": {
    "verseObjects": [
      {
        "type": "text",
        "text": "तो भी मैंने अपने नाम के निमित्त* ऐसा किया कि जिनके बीच वे थे, और जिनके देखते हुए मैंने उनको मिस्र देश से निकलने के लिये अपने को उन पर प्रगट किया था उन जातियों के सामने वे अपवित्र न ठहरे।\n"
      },
      {
        "tag": "s5",
        "nextChar": "\n",
        "type": "section"
      }
    ]
  },
  "10": {
    "verseObjects": [
      {
        "type": "text",
        "text": "मैं उनको मिस्र देश से निकालकर जंगल में ले आया।\n"
      }
    ]
  },
  "11": {
    "verseObjects": [
      {
        "type": "text",
        "text": "वहाँ उनको मैंने अपनी विधियाँ बताई और अपने नियम भी बताए कि जो मनुष्य उनको माने, वह उनके कारण जीवित रहेगा।\n"
      }
    ]
  },
  "12": {
    "verseObjects": [
      {
        "type": "text",
        "text": "फिर मैंने उनके लिये अपने विश्रामदिन ठहराए जो मेरे और उनके बीच चिन्ह ठहरें; कि वे जानें कि मैं यहोवा उनका पवित्र करनेवाला हूँ।\n"
      },
      {
        "tag": "s5",
        "nextChar": "\n",
        "type": "section"
      }
    ]
  },
  "13": {
    "verseObjects": [
      {
        "type": "text",
        "text": "तो भी इस्राएल के घराने ने जंगल में मुझसे बलवा किया; वे मेरी विधियों पर न चले, और मेरे नियमों को तुच्छ जाना, जिन्हें यदि मनुष्य माने तो वह उनके कारण जीवित रहेगा; और उन्होंने मेरे विश्रामदिनों को अति अपवित्र किया*।\n"
      },
      {
        "tag": "p",
        "type": "paragraph",
        "text": "“तब मैंने कहा, मैं जंगल में इन पर अपनी जलजलाहट भड़काकर इनका अन्त कर डालूँगा।\n"
      }
    ]
  },
  "14": {
    "verseObjects": [
      {
        "type": "text",
        "text": "परन्तु मैंने अपने नाम के निमित्त ऐसा किया कि वे उन जातियों के सामने, जिनके देखते मैं उनको निकाल लाया था, अपवित्र न ठहरे।\n"
      },
      {
        "tag": "s5",
        "nextChar": "\n",
        "type": "section"
      }
    ]
  },
  "15": {
    "verseObjects": [
      {
        "type": "text",
        "text": "फिर मैंने जंगल में उनसे शपथ खाई कि जो देश मैंने उनको दे दिया, और जो सब देशों का शिरोमणि है, जिसमें दूध और मधु की धराएँ बहती हैं, उसमें उन्हें न पहुँचाऊँगा,\n"
      }
    ]
  },
  "16": {
    "verseObjects": [
      {
        "type": "text",
        "text": "क्योंकि उन्होंने मेरे नियम तुच्छ जाने और मेरी विधियों पर न चले, और मेरे विश्रामदिन अपवित्र किए थे; इसलिए कि उनका मन उनकी मूरतों की ओर लगा रहा।\n"
      }
    ]
  },
  "17": {
    "verseObjects": [
      {
        "type": "text",
        "text": "तो भी मैंने उन पर कृपा की दृष्टि की, और उन्हें नाश न किया, और न जंगल में पूरी रीति से उनका अन्त कर डाला।\n"
      },
      {
        "tag": "p",
        "nextChar": "\n",
        "type": "paragraph"
      },
      {
        "tag": "s5",
        "nextChar": "\n",
        "type": "section"
      }
    ]
  },
  "18": {
    "verseObjects": [
      {
        "type": "text",
        "text": "“फिर मैंने जंगल में उनकी सन्तान से कहा, अपने पुरखाओं की विधियों पर न चलो, न उनकी रीतियों को मानो और न उनकी मूरतें पूजकर अपने को अशुद्ध करो।\n"
      }
    ]
  },
  "19": {
    "verseObjects": [
      {
        "type": "text",
        "text": "मैं तुम्हारा परमेश्‍वर यहोवा हूँ, मेरी विधियों पर चलो, और मेरे नियमों के मानने में चौकसी करो,\n"
      }
    ]
  },
  "20": {
    "verseObjects": [
      {
        "type": "text",
        "text": "और मेरे विश्रामदिनों को पवित्र मानो कि वे मेरे और तुम्हारे बीच चिन्ह ठहरें, और जिससे तुम जानो कि मैं तुम्हारा परमेश्‍वर यहोवा हूँ।\n"
      },
      {
        "tag": "s5",
        "nextChar": "\n",
        "type": "section"
      }
    ]
  },
  "21": {
    "verseObjects": [
      {
        "type": "text",
        "text": "परन्तु उनकी सन्तान ने भी मुझसे बलवा किया; वे मेरी विधियों पर न चले, न मेरे नियमों के मानने में चौकसी की; जिन्हें यदि मनुष्य माने तो वह उनके कारण जीवित रहेगा; मेरे विश्रामदिनों को उन्होंने अपवित्र किया।\n"
      },
      {
        "tag": "p",
        "type": "paragraph",
        "text": "“तब मैंने कहा, मैं जंगल में उन पर अपनी जलजलाहट भड़काकर अपना कोप दिखलाऊँगा।\n"
      }
    ]
  },
  "22": {
    "verseObjects": [
      {
        "type": "text",
        "text": "तो भी मैंने हाथ खींच लिया, और अपने नाम के निमित्त ऐसा किया, कि उन जातियों के सामने जिनके देखते हुए मैं उन्हें निकाल लाया था, वे अपवित्र न ठहरे।\n"
      },
      {
        "tag": "s5",
        "nextChar": "\n",
        "type": "section"
      }
    ]
  },
  "23": {
    "verseObjects": [
      {
        "type": "text",
        "text": "फिर मैंने जंगल में उनसे शपथ खाई, कि मैं तुम्हें जाति-जाति में तितर-बितर करूँगा, और देश-देश में छितरा दूँगा,\n"
      }
    ]
  },
  "24": {
    "verseObjects": [
      {
        "type": "text",
        "text": "क्योंकि उन्होंने मेरे नियम न माने, मेरी विधियों को तुच्छ जाना, मेरे विश्रामदिनों को अपवित्र किया, और अपने पुरखाओं की मूरतों की ओर उनकी आँखें लगी रहीं।\n"
      },
      {
        "tag": "s5",
        "nextChar": "\n",
        "type": "section"
      }
    ]
  },
  "25": {
    "verseObjects": [
      {
        "type": "text",
        "text": "फिर मैंने उनके लिये ऐसी-ऐसी विधियाँ ठहराई जो अच्छी न थी और ऐसी-ऐसी रीतियाँ जिनके कारण वे जीवित न रह सके;\n"
      }
    ]
  },
  "26": {
    "verseObjects": [
      {
        "type": "text",
        "text": "अर्थात् वे अपने सब पहलौठों को आग में होम करने लगे; इस रीति मैंने उन्हें उन्हीं की भेंटों के द्वारा अशुद्ध किया जिससे उन्हें निर्वंश कर डालूँ; और तब वे जान लें कि मैं यहोवा हूँ।\n"
      },
      {
        "tag": "p",
        "nextChar": "\n",
        "type": "paragraph"
      },
      {
        "tag": "s5",
        "nextChar": "\n",
        "type": "section"
      }
    ]
  },
  "27": {
    "verseObjects": [
      {
        "type": "text",
        "text": "“हे मनुष्य के सन्तान, तू इस्राएल के घराने से कह, प्रभु यहोवा यह कहता है : तुम्हारे पुरखाओं ने इसमें भी मेरी निन्दा की कि उन्होंने मेरा विश्वासघात किया।\n"
      }
    ]
  },
  "28": {
    "verseObjects": [
      {
        "type": "text",
        "text": "क्योंकि जब मैंने उनको उस देश में पहुँचाया, जिसे उन्हें देने की शपथ मैंने उनसे खाई थी, तब वे हर एक ऊँचे टीले और हर एक घने वृक्ष पर दृष्टि करके वहीं अपने मेलबलि करने लगे; और वहीं रिस दिलानेवाली अपनी भेंटें चढ़ाने लगे और वहीं अपना सुखदायक सुगन्ध-द्रव्य जलाने लगे, और वहीं अपने तपावन देने लगे।\n"
      }
    ]
  },
  "29": {
    "verseObjects": [
      {
        "type": "text",
        "text": "तब मैंने उनसे पूछा, जिस ऊँचे स्थान को तुम लोग जाते हो, उससे क्या प्रयोजन है? इसी से उसका नाम आज तक बामा कहलाता है।\n"
      },
      {
        "tag": "s5",
        "nextChar": "\n",
        "type": "section"
      }
    ]
  },
  "30": {
    "verseObjects": [
      {
        "type": "text",
        "text": "इसलिए इस्राएल के घराने से कह, प्रभु यहोवा तुम से यह पूछता है : क्या तुम भी अपने पुरखाओं की रीति पर चलकर अशुद्ध होकर, और उनके घिनौने कामों के अनुसार व्यभिचारिणी के समान काम करते हो?\n"
      }
    ]
  },
  "31": {
    "verseObjects": [
      {
        "type": "text",
        "text": "आज तक जब-जब तुम अपनी भेंटें चढ़ाते और अपने बाल-बच्चों को होम करके आग में चढ़ाते हो, तब-तब तुम अपनी मूरतों के कारण अशुद्ध ठहरते हो। हे इस्राएल के घराने, क्या तुम मुझसे पूछने पाओगे? प्रभु यहोवा की यह वाणी है, मेरे जीवन की शपथ तुम मुझसे पूछने न पाओगे।\n"
      },
      {
        "tag": "p",
        "nextChar": "\n",
        "type": "paragraph"
      }
    ]
  },
  "32": {
    "verseObjects": [
      {
        "type": "text",
        "text": "“जो बात तुम्हारे मन में आती है, ‘हम काठ और पत्थर के उपासक होकर अन्यजातियों और देश-देश के कुलों के समान हो जाएँगे,’ वह किसी भाँति पूरी नहीं होने की।\n"
      },
      {
        "tag": "s",
        "type": "section",
        "content": "परमेश्‍वर इस्राएल को पुनर्स्थापित करेगा\n"
      },
      {
        "tag": "p",
        "nextChar": "\n",
        "type": "paragraph"
      },
      {
        "tag": "s5",
        "nextChar": "\n",
        "type": "section"
      }
    ]
  },
  "33": {
    "verseObjects": [
      {
        "type": "text",
        "text": "“प्रभु यहोवा यह कहता है, मेरे जीवन की शपथ मैं निश्चय बलवन्त हाथ और बढ़ाई हुई भुजा से, और भड़काई हुई जलजलाहट के साथ तुम्हारे ऊपर राज्य करूँगा। (यिर्म. 21:6)\n"
      }
    ]
  },
  "34": {
    "verseObjects": [
      {
        "type": "text",
        "text": "मैं बलवन्त हाथ और बढ़ाई हुई भुजा से, और भड़काई हुई जलजलाहट के साथ तुम्हें देश-देश के लोगों में से अलग करूँगा, और उन देशों से जिनमें तुम तितर-बितर हो गए थे, इकट्ठा करूँगा;\n"
      }
    ]
  },
  "35": {
    "verseObjects": [
      {
        "type": "text",
        "text": "और मैं तुम्हें देश-देश के लोगों के जंगल में ले जाकर, वहाँ आमने-सामने तुम से मुकद्दमा लड़ूँगा।\n"
      },
      {
        "tag": "s5",
        "nextChar": "\n",
        "type": "section"
      }
    ]
  },
  "36": {
    "verseObjects": [
      {
        "type": "text",
        "text": "जिस प्रकार मैं तुम्हारे पूर्वजों से मिस्र देशरूपी जंगल में मुकद्दमा लड़ता था, उसी प्रकार तुम से मुकद्दमा लड़ूँगा, प्रभु यहोवा की यही वाणी है।\n"
      }
    ]
  },
  "37": {
    "verseObjects": [
      {
        "type": "text",
        "text": "मैं तुम्हें लाठी के तले चलाऊँगा। और तुम्हें वाचा के बन्धन में डालूँगा।\n"
      }
    ]
  },
  "38": {
    "verseObjects": [
      {
        "type": "text",
        "text": "मैं तुम में से सब विद्रोहियों को निकालकर जो मेरा अपराध करते है; तुम्हें शुद्ध करूँगा; और जिस देश में वे टिकते हैं उसमें से मैं उन्हें निकाल दूँगा; परन्तु इस्राएल के देश में घुसने न दूँगा। तब तुम जान लोगे कि मैं यहोवा हूँ।\n"
      },
      {
        "tag": "p",
        "nextChar": "\n",
        "type": "paragraph"
      },
      {
        "tag": "s5",
        "nextChar": "\n",
        "type": "section"
      }
    ]
  },
  "39": {
    "verseObjects": [
      {
        "type": "text",
        "text": "“हे इस्राएल के घराने तुम से तो प्रभु यहोवा यह कहता है : जाकर अपनी-अपनी मूरतों की उपासना करो; और यदि तुम मेरी न सुनोगे, तो आगे को भी यही किया करो; परन्तु मेरे पवित्र नाम को अपनी भेंटों और मूरतों के द्वारा फिर अपवित्र न करना।\n"
      },
      {
        "tag": "p",
        "nextChar": "\n",
        "type": "paragraph"
      },
      {
        "tag": "s5",
        "nextChar": "\n",
        "type": "section"
      }
    ]
  },
  "40": {
    "verseObjects": [
      {
        "type": "text",
        "text": "“क्योंकि प्रभु यहोवा की यह वाणी है कि इस्राएल का सारा घराना अपने देश में मेरे पवित्र पर्वत पर, इस्राएल के ऊँचे पर्वत पर, सब का सब मेरी उपासना करेगा; वही मैं उनसे प्रसन्‍न हूँगा, और वहीं मैं तुम्हारी उठाई हुई भेंटें और चढ़ाई हुई उत्तम-उत्तम वस्तुएँ, और तुम्हारी सब पवित्र की हुई वस्तुएँ तुम से लिया करूँगा।\n"
      }
    ]
  },
  "41": {
    "verseObjects": [
      {
        "type": "text",
        "text": "जब मैं तुम्हें देश-देश के लोगों में से अलग करूँ और उन देशों से जिनमें तुम तितर-बितर हुए हो, इकट्ठा करूँ, तब तुम को सुखदायक सुगन्ध जानकर ग्रहण करूँगा, और अन्यजातियों के सामने तुम्हारे द्वारा पवित्र ठहराया जाऊँगा। (यहे. 28:25)\n"
      },
      {
        "tag": "s5",
        "nextChar": "\n",
        "type": "section"
      }
    ]
  },
  "42": {
    "verseObjects": [
      {
        "type": "text",
        "text": "जब मैं तुम्हें इस्राएल के देश में पहुँचाऊँ, जिसके देने की शपथ मैंने तुम्हारे पूर्वजों से खाई थी, तब तुम जान लोगे कि मैं यहोवा हूँ।\n"
      }
    ]
  },
  "43": {
    "verseObjects": [
      {
        "type": "text",
        "text": "वहाँ तुम अपनी चालचलन और अपने सब कामों को जिनके करने से तुम अशुद्ध हुए हो स्मरण करोगे, और अपने सब बुरे कामों के कारण अपनी दृष्टि में घिनौने ठहरोगे।\n"
      }
    ]
  },
  "44": {
    "verseObjects": [
      {
        "type": "text",
        "text": "हे इस्राएल के घराने, जब मैं तुम्हारे साथ तुम्हारे बुरे चालचलन और बिगड़े हुए कामों के अनुसार नहीं, परन्तु अपने ही नाम के निमित्त बर्ताव करूँ, तब तुम जान लोगे कि में यहोवा हूँ, प्रभु यहोवा की यही वाणी है।”\n"
      },
      {
        "tag": "s",
        "type": "section",
        "content": "दक्षिण देश के वन में आग\n"
      },
      {
        "tag": "p",
        "nextChar": "\n",
        "type": "paragraph"
      },
      {
        "tag": "s5",
        "nextChar": "\n",
        "type": "section"
      }
    ]
  },
  "45": {
    "verseObjects": [
      {
        "type": "text",
        "text": "यहोवा का यह वचन मेरे पास पहुँचा :\n"
      }
    ]
  },
  "46": {
    "verseObjects": [
      {
        "type": "text",
        "text": "“हे मनुष्य के सन्तान, अपना मुख दक्षिण की ओर कर, दक्षिण की ओर वचन सुना, और दक्षिण देश के वन के विषय में भविष्यद्वाणी कर;\n"
      }
    ]
  },
  "47": {
    "verseObjects": [
      {
        "type": "text",
        "text": "और दक्षिण देश के वन से कह, यहोवा का यह वचन सुन, प्रभु यहोवा यह कहता है, मैं तुझ में आग लगाऊँगा, और तुझ में क्या हरे, क्या सूखे, जितने पेड़ हैं, सब को वह भस्म करेगी; उसकी धधकती ज्वाला न बुझेगी, और उसके कारण दक्षिण से उत्तर तक सबके मुख झुलस जाएँगे।\n"
      },
      {
        "tag": "s5",
        "nextChar": "\n",
        "type": "section"
      }
    ]
  },
  "48": {
    "verseObjects": [
      {
        "type": "text",
        "text": "तब सब प्राणियों को सूझ पड़ेगा कि यह आग यहोवा की लगाई हुई है; और वह कभी न बुझेगी।”\n"
      }
    ]
  },
  "49": {
    "verseObjects": [
      {
        "type": "text",
        "text": "तब मैंने कहा, “हाय परमेश्‍वर यहोवा! लोग तो मेरे विषय में कहा करते हैं कि क्या वह दृष्टान्त ही का कहनेवाला नहीं है?”\n\n"
      },
      {
        "tag": "s5",
        "nextChar": "\n",
        "type": "section"
      }
    ]
  },
  "front": {
    "verseObjects": [
      {
        "tag": "s",
        "type": "section",
        "content": "इस्राएल का विद्रोह\n"
      },
      {
        "tag": "p",
        "nextChar": "\n",
        "type": "paragraph"
      }
    ]
  }
}