{
  "1": {
    "verseObjects": [
      {
        "type": "text",
        "text": "यहोवा का यह वचन मेरे पास पहुँचा :\n"
      }
    ]
  },
  "2": {
    "verseObjects": [
      {
        "type": "text",
        "text": "“हे मनुष्य के सन्तान, अम्मोनियों की ओर मुँह करके उनके विषय में भविष्यद्वाणी कर।\n"
      },
      {
        "tag": "s5",
        "nextChar": "\n",
        "type": "section"
      }
    ]
  },
  "3": {
    "verseObjects": [
      {
        "type": "text",
        "text": "उनसे कह, हे अम्मोनियों, परमेश्‍वर यहोवा का वचन सुनो, परमेश्‍वर यहोवा यह कहता है कि तुमने जो मेरे पवित्रस्‍थान के विषय जब वह अपवित्र किया गया, और इस्राएल के देश के विषय जब वह उजड़ गया, और यहूदा के घराने के विषय जब वे बँधुआई में गए, अहा, अहा! कहा!\n"
      }
    ]
  },
  "4": {
    "verseObjects": [
      {
        "type": "text",
        "text": "इस कारण देखो, मैं तुम को पुर्वियों के अधिकार में करने पर हूँ; और वे तेरे बीच अपनी छावनियाँ डालेंगे और अपने घर बनाएँगे; वे तेरे फल खाएँगे और तेरा दूध पीएँगे।\n"
      }
    ]
  },
  "5": {
    "verseObjects": [
      {
        "type": "text",
        "text": "और मैं रब्‍बाह नगर को ऊँटों के रहने और अम्मोनियों के देश को भेड़-बकरियों के बैठने का स्थान कर दूँगा; तब तुम जान लोगे कि मैं यहोवा हूँ।\n"
      },
      {
        "tag": "s5",
        "nextChar": "\n",
        "type": "section"
      }
    ]
  },
  "6": {
    "verseObjects": [
      {
        "type": "text",
        "text": "क्योंकि परमेश्‍वर यहोवा यह कहता है : तुमने जो इस्राएल के देश के कारण ताली बजाई और नाचे, और अपने सारे मन के अभिमान से आनन्द किया,\n"
      }
    ]
  },
  "7": {
    "verseObjects": [
      {
        "type": "text",
        "text": "इस कारण देख, मैंने अपना हाथ तेरे ऊपर बढ़ाया है; और तुझको जाति-जाति की लूट कर दूँगा, और देश-देश के लोगों में से तुझे मिटाऊँगा; और देश-देश में से नाश करूँगा। मैं तेरा सत्यानाश कर डालूँगा; तब तू जान लेगा कि मैं यहोवा हूँ।\n"
      },
      {
        "tag": "s",
        "type": "section",
        "content": "मोआब के विरुद्ध न्याय\n"
      },
      {
        "tag": "p",
        "nextChar": "\n",
        "type": "paragraph"
      },
      {
        "tag": "s5",
        "nextChar": "\n",
        "type": "section"
      }
    ]
  },
  "8": {
    "verseObjects": [
      {
        "type": "text",
        "text": "“परमेश्‍वर यहोवा यह कहता है : मोआब और सेईर जो कहते हैं, देखो, यहूदा का घराना और सब जातियों के समान हो गया है।\n"
      }
    ]
  },
  "9": {
    "verseObjects": [
      {
        "type": "text",
        "text": "इस कारण देख, मोआब के देश के किनारे के नगरों को बेत्यशीमोत, बालमोन, और किर्यातैम, जो उस देश के शिरोमणि हैं, मैं उनका मार्ग खोलकर*\n"
      }
    ]
  },
  "10": {
    "verseObjects": [
      {
        "type": "text",
        "text": "उन्हें पुर्वियों के वश में ऐसा कर दूँगा कि वे अम्मोनियों पर चढ़ाई करें; और मैं अम्मोनियों को यहाँ तक उनके अधिकार में कर दूँगा कि जाति-जाति के बीच उनका स्मरण फिर न रहेगा।\n"
      }
    ]
  },
  "11": {
    "verseObjects": [
      {
        "type": "text",
        "text": "मैं मोआब को भी दण्ड दूँगा। और वे जान लेंगे कि मैं यहोवा हूँ।\n"
      },
      {
        "tag": "s",
        "type": "section",
        "content": "एदोम के विरुद्ध न्याय\n"
      },
      {
        "tag": "p",
        "nextChar": "\n",
        "type": "paragraph"
      },
      {
        "tag": "s5",
        "nextChar": "\n",
        "type": "section"
      }
    ]
  },
  "12": {
    "verseObjects": [
      {
        "type": "text",
        "text": "“परमेश्‍वर यहोवा यह भी कहता है : एदोम ने जो यहूदा के घराने से पलटा लिया, और उनसे बदला लेकर बड़ा दोषी हो गया है,\n"
      }
    ]
  },
  "13": {
    "verseObjects": [
      {
        "type": "text",
        "text": "इस कारण परमेश्‍वर यहोवा यह कहता है, मैं एदोम के देश के विरुद्ध अपना हाथ बढ़ाकर उसमें से मनुष्य और पशु दोनों को मिटाऊँगा; और तेमान से लेकर ददान तक उसको उजाड़ कर दूँगा; और वे तलवार से मारे जाएँगे।\n"
      },
      {
        "tag": "s5",
        "nextChar": "\n",
        "type": "section"
      }
    ]
  },
  "14": {
    "verseObjects": [
      {
        "type": "text",
        "text": "मैं अपनी प्रजा इस्राएल के द्वारा एदोम से अपना बदला लूँगा; और वे उस देश में मेरे कोप और जलजलाहट के अनुसार काम करेंगे। तब वे मेरा पलटा लेना जान लेंगे, परमेश्‍वर यहोवा की यही वाणी है।\n"
      },
      {
        "tag": "s",
        "type": "section",
        "content": "पलिश्तियों के विरुद्ध न्याय\n"
      },
      {
        "tag": "p",
        "nextChar": "\n",
        "type": "paragraph"
      },
      {
        "tag": "s5",
        "nextChar": "\n",
        "type": "section"
      }
    ]
  },
  "15": {
    "verseObjects": [
      {
        "type": "text",
        "text": "“परमेश्‍वर यहोवा यह कहता है : क्योंकि पलिश्ती लोगों ने पलटा लिया, वरन् अपनी युग-युग की शत्रुता के कारण अपने मन के अभिमान से बदला लिया* कि नाश करें,\n"
      }
    ]
  },
  "16": {
    "verseObjects": [
      {
        "type": "text",
        "text": "इस कारण परमेश्‍वर यहोवा यह कहता है, देख, मैं पलिश्तियों के विरुद्ध अपना हाथ बढ़ाने पर हूँ, और करेतियों को मिटा डालूँगा; और समुद्र तट के बचे हुए रहनेवालों को नाश करूँगा।\n"
      }
    ]
  },
  "17": {
    "verseObjects": [
      {
        "type": "text",
        "text": "मैं जलजलाहट के साथ मुकद्दमा लड़कर, उनसे कड़ाई के साथ पलटा लूँगा। और जब मैं उनसे बदला ले लूँगा, तब वे जान लेंगे कि मैं यहोवा हूँ।”\n\n"
      },
      {
        "tag": "s5",
        "nextChar": "\n",
        "type": "section"
      }
    ]
  },
  "front": {
    "verseObjects": [
      {
        "tag": "s",
        "type": "section",
        "content": "अम्मोनियों के विरुद्ध न्याय\n"
      },
      {
        "tag": "p",
        "nextChar": "\n",
        "type": "paragraph"
      }
    ]
  }
}