{
  "1": {
    "verseObjects": [
      {
        "type": "text",
        "text": "ग्यारहवें वर्ष के पहले महीने के पहले दिन को यहोवा का यह वचन मेरे पास पहुँचा :\n"
      }
    ]
  },
  "2": {
    "verseObjects": [
      {
        "type": "text",
        "text": "“हे मनुष्य के सन्तान, सोर ने जो यरूशलेम के विषय में कहा है, ‘अहा, अहा! जो देश-देश के लोगों के फाटक के समान थी, वह नाश हो गई! उसके उजड़ जाने से मैं भरपूर हो जाऊँगा।’\n"
      },
      {
        "tag": "s5",
        "type": "section",
        "text": "\n"
      }
    ]
  },
  "3": {
    "verseObjects": [
      {
        "type": "text",
        "text": "इस कारण परमेश्‍वर यहोवा कहता है : हे सोर, देख, मैं तेरे विरुद्ध हूँ; और ऐसा करूँगा कि बहुत सी जातियाँ तेरे विरुद्ध ऐसी उठेंगी जैसे समुद्र की लहरें उठती हैं।\n"
      }
    ]
  },
  "4": {
    "verseObjects": [
      {
        "type": "text",
        "text": "वे सोर की शहरपनाह को गिराएँगी, और उसके गुम्मटों को तोड़ डालेगी; और मैं उस पर से उसकी मिट्टी खुरचकर उसे नंगी चट्टान कर दूँगा।\n"
      },
      {
        "tag": "s5",
        "type": "section",
        "text": "\n"
      }
    ]
  },
  "5": {
    "verseObjects": [
      {
        "type": "text",
        "text": "वह समुद्र के बीच का जाल फैलाने ही का स्थान हो जएगा; क्योंकि परमेश्‍वर यहोवा की यह वाणी है; और वह जाति-जाति से लुट जाएगा;\n"
      }
    ]
  },
  "6": {
    "verseObjects": [
      {
        "type": "text",
        "text": "और उसकी जो बेटियाँ मैदान में हैं, वे तलवार से मारी जाएँगी। तब वे जान लेंगे कि मैं यहोवा हूँ।\n"
      },
      {
        "tag": "p",
        "type": "paragraph",
        "text": "\n"
      },
      {
        "tag": "s5",
        "type": "section",
        "text": "\n"
      }
    ]
  },
  "7": {
    "verseObjects": [
      {
        "type": "text",
        "text": "“क्योंकि परमेश्‍वर यहोवा यह कहता है, देख, मैं सोर के विरुद्ध राजाधिराज बाबेल के राजा नबूकदनेस्सर को घोड़ों, रथों, सवारों, बड़ी भीड़, और दल समेत उत्तर दिशा से ले आऊँगा।\n"
      }
    ]
  },
  "8": {
    "verseObjects": [
      {
        "type": "text",
        "text": "तेरी जो बेटियाँ मैदान में हों, उनको वह तलवार से मारेगा, और तेरे विरुद्ध कोट बनाएगा और दमदमा बाँधेगा; और ढाल उठाएगा।\n"
      },
      {
        "tag": "s5",
        "type": "section",
        "text": "\n"
      }
    ]
  },
  "9": {
    "verseObjects": [
      {
        "type": "text",
        "text": "वह तेरी शहरपनाह के विरुद्ध युद्ध के यन्त्र चलाएगा और तेरे गुम्मटों को फरसों से ढा देगा।\n"
      }
    ]
  },
  "10": {
    "verseObjects": [
      {
        "type": "text",
        "text": "उसके घोड़े इतने होंगे, कि तू उनकी धूलि से ढँप जाएगा, और जब वह तेरे फाटकों में ऐसे घुसेगा जैसे लोग नाकेवाले नगर में घुसते हैं, तब तेरी शहरपनाह सवारों, छकड़ों, और रथों के शब्द से काँप उठेगी।\n"
      }
    ]
  },
  "11": {
    "verseObjects": [
      {
        "type": "text",
        "text": "वह अपने घोड़ों की टापों से तेरी सब सड़कों को रौंद डालेगा, और तेरे निवासियों को तलवार से मार डालेगा, और तेरे बल के खम्भें भूमि पर गिराए जाएँगे।\n"
      },
      {
        "tag": "s5",
        "type": "section",
        "text": "\n"
      }
    ]
  },
  "12": {
    "verseObjects": [
      {
        "type": "text",
        "text": "लोग तेरा धन लूटेंगे और तेरे व्यापार की वस्तुएँ छीन लेंगे; वे तेरी शहरपनाह ढा देंगे और तेरे मनभाऊ घर तोड़ डालेंगे; तेरे पत्थर और काठ, और तेरी धूलि वे जल में फेंक देंगे।\n"
      }
    ]
  },
  "13": {
    "verseObjects": [
      {
        "type": "text",
        "text": "और मैं तेरे गीतों का सुरताल बन्द करूँगा, और तेरी वीणाओं की ध्वनि फिर सुनाई न देगी। (प्रका. 18:22)\n"
      }
    ]
  },
  "14": {
    "verseObjects": [
      {
        "type": "text",
        "text": "मैं तुझे नंगी चट्टान कर दूँगा; तू जाल फैलाने ही का स्थान हो जाएगा; और फिर बसाया न जाएगा; क्योंकि मुझ यहोवा ही ने यह कहा है, परमेश्‍वर यहोवा की यह वाणी है।\n"
      },
      {
        "tag": "p",
        "type": "paragraph",
        "text": "\n"
      },
      {
        "tag": "s5",
        "type": "section",
        "text": "\n"
      }
    ]
  },
  "15": {
    "verseObjects": [
      {
        "type": "text",
        "text": "“परमेश्‍वर यहोवा सोर से यह कहता है, तेरे गिरने के शब्द से जब घायल लोग कराहेंगे और तुझ में घात ही घात होगा, तब क्या टापू न काँप उठेंगे?\n"
      }
    ]
  },
  "16": {
    "verseObjects": [
      {
        "type": "text",
        "text": "तब समुद्र तट के सब प्रधान लोग अपने-अपने सिंहासन पर से उतरेंगे, और अपने बाग़े और बूटेदार वस्त्र उतारकर थरथराहट के वस्त्र पहनेंगे* और भूमि पर बैठकर क्षण-क्षण में काँपेंगे; और तेरे कारण विस्मित रहेंगे।\n"
      },
      {
        "tag": "s5",
        "type": "section",
        "text": "\n"
      }
    ]
  },
  "17": {
    "verseObjects": [
      {
        "type": "text",
        "text": "वे तेरे विषय में विलाप का गीत बनाकर तुझ से कहेंगे,\n"
      },
      {
        "tag": "q",
        "type": "quote",
        "text": "‘हाय! मल्लाहों की बसाई हुई हाय!\n"
      },
      {
        "tag": "q",
        "type": "quote",
        "text": "सराही हुई नगरी जो समुद्र के बीच निवासियों समेत सामर्थी रही\n"
      },
      {
        "tag": "q",
        "type": "quote",
        "text": "और सब टिकनेवालों की डरानेवाली नगरी थी,\n"
      },
      {
        "tag": "q",
        "type": "quote",
        "text": "तू कैसी नाश हुई है? (प्रका. 18:9, प्रका. 18:10)\n"
      },
      {
        "tag": "q",
        "type": "quote",
        "text": "\n"
      }
    ]
  },
  "18": {
    "verseObjects": [
      {
        "type": "text",
        "text": "तेरे गिरने के दिन टापू काँप उठेंगे,\n"
      },
      {
        "tag": "q",
        "type": "quote",
        "text": "और तेरे जाते रहने के कारण समुद्र से सब टापू घबरा जाएँगे।’\n"
      },
      {
        "tag": "p",
        "type": "paragraph",
        "text": "\n"
      },
      {
        "tag": "s5",
        "type": "section",
        "text": "\n"
      }
    ]
  },
  "19": {
    "verseObjects": [
      {
        "type": "text",
        "text": "“क्योंकि परमेश्‍वर यहोवा यह कहता है : जब मैं तुझे निर्जन नगरों के समान उजाड़ करूँगा और तेरे ऊपर महासागर चढ़ाऊँगा, और तू गहरे जल में डूब जाएगा, (प्रका. 18:19)\n"
      }
    ]
  },
  "20": {
    "verseObjects": [
      {
        "type": "text",
        "text": "तब गड्ढे में और गिरनेवालों के संग मैं तुझे भी प्राचीन लोगों में उतार दूँगा; और गड्ढे में और गिरनेवालों के संग तुझे भी नीचे के लोक में रखकर प्राचीनकाल के उजड़े हुए स्थानों के समान कर दूँगा; यहाँ तक कि तू फिर न बसेगा और न जीवन के लोक* में कोई स्थान पाएगा।\n"
      }
    ]
  },
  "21": {
    "verseObjects": [
      {
        "type": "text",
        "text": "मैं तुझे घबराने का कारण करूँगा, और तू भविष्य में फिर न रहेगा, वरन् ढूँढ़ने पर भी तेरा पता न लगेगा, परमेश्‍वर यहोवा की यही वाणी है।” (यहे. 27:36, भज. 37:36)\n\n"
      },
      {
        "tag": "s5",
        "type": "section",
        "text": "\n"
      }
    ]
  },
  "front": {
    "verseObjects": [
      {
        "tag": "s",
        "type": "section",
        "text": "सोर के विरुद्ध न्याय\n"
      },
      {
        "tag": "p",
        "type": "paragraph",
        "text": "\n"
      }
    ]
  }
}