{
  "1": {
    "verseObjects": [
      {
        "type": "text",
        "text": "तब उसने मुझसे कहा, “हे मनुष्य के सन्तान, जो तुझे मिला है उसे खा ले; अर्थात् इस पुस्तक को खा, तब जाकर इस्राएल के घराने से बातें कर।” (प्रका. 10:9)\n"
      }
    ]
  },
  "2": {
    "verseObjects": [
      {
        "type": "text",
        "text": "इसलिए मैंने मुँह खोला और उसने वह पुस्तक मुझे खिला दी।\n"
      }
    ]
  },
  "3": {
    "verseObjects": [
      {
        "type": "text",
        "text": "तब उसने मुझसे कहा, “हे मनुष्य के सन्तान, यह पुस्तक जो मैं तुझे देता हूँ उसे पचा ले, और अपनी अन्तड़ियाँ इससे भर ले।” अतः मैंने उसे खा लिया; और मेरे मुँह में वह मधु के तुल्य मीठी लगी।\n"
      },
      {
        "tag": "s5",
        "type": "section",
        "text": "\n"
      }
    ]
  },
  "4": {
    "verseObjects": [
      {
        "type": "text",
        "text": "फिर उसने मुझसे कहा, “हे मनुष्य के सन्तान, तू इस्राएल के घराने के पास जाकर उनको मेरे वचन सुना।\n"
      }
    ]
  },
  "5": {
    "verseObjects": [
      {
        "type": "text",
        "text": "क्योंकि तू किसी अनोखी बोली या कठिन भाषावाली जाति के पास नहीं भेजा जाता है, परन्तु इस्राएल ही के घराने के पास भेजा जाता है।\n"
      }
    ]
  },
  "6": {
    "verseObjects": [
      {
        "type": "text",
        "text": "अनोखी बोली या कठिन भाषावाली बहुत सी जातियों के पास जो तेरी बात समझ न सकें, तू नहीं भेजा जाता। निःसन्देह यदि मैं तुझे ऐसों के पास भेजता तो वे तेरी सुनते।\n"
      }
    ]
  },
  "7": {
    "verseObjects": [
      {
        "type": "text",
        "text": "परन्तु इस्राएल के घरानेवाले तेरी सुनने से इन्कार करेंगे; वे मेरी भी सुनने से इन्कार करते हैं; क्योंकि इस्राएल का सारा घराना ढीठ और कठोर मन का है।\n"
      },
      {
        "tag": "s5",
        "type": "section",
        "text": "\n"
      }
    ]
  },
  "8": {
    "verseObjects": [
      {
        "type": "text",
        "text": "देख, मैं तेरे मुख को उनके मुख के सामने, और तेरे माथे को उनके माथे के सामने, ढीठ कर देता हूँ।\n"
      }
    ]
  },
  "9": {
    "verseObjects": [
      {
        "type": "text",
        "text": "मैं तेरे माथे को हीरे के तुल्य कड़ा कर देता हूँ* जो चकमक पत्थर से भी कड़ा होता है; इसलिए तू उनसे न डरना, और न उनके मुँह देखकर तेरा मन कच्चा हो; क्योंकि वे विद्रोही घराने के हैं।”\n"
      },
      {
        "tag": "s5",
        "type": "section",
        "text": "\n"
      }
    ]
  },
  "10": {
    "verseObjects": [
      {
        "type": "text",
        "text": "फिर उसने मुझसे कहा, “हे मनुष्य के सन्तान, जितने वचन मैं तुझ से कहूँ, वे सब हृदय में रख और कानों से सुन।\n"
      }
    ]
  },
  "11": {
    "verseObjects": [
      {
        "type": "text",
        "text": "और उन बन्दियों के पास जाकर, जो तेरे जाति भाई हैं, उनसे बातें करना और कहना, ‘प्रभु यहोवा यह कहता है;’ चाहे वे सुनें, या न सुनें।”\n"
      },
      {
        "tag": "s5",
        "type": "section",
        "text": "\n"
      }
    ]
  },
  "12": {
    "verseObjects": [
      {
        "type": "text",
        "text": "तब परमेश्‍वर के आत्मा ने मुझे उठाया, और मैंने अपने पीछे बड़ी घड़घड़ाहट के साथ एक शब्द सुना, “यहोवा के भवन से उसका तेज धन्य है।”\n"
      }
    ]
  },
  "13": {
    "verseObjects": [
      {
        "type": "text",
        "text": "और उसके साथ ही उन जीवधारियों के पंखों का शब्द, जो एक दूसरे से लगते थे, और उनके संग के पहियों का शब्द और एक बड़ी ही घड़घड़ाहट सुन पड़ी।\n"
      },
      {
        "tag": "s5",
        "type": "section",
        "text": "\n"
      }
    ]
  },
  "14": {
    "verseObjects": [
      {
        "type": "text",
        "text": "तब आत्मा मुझे उठाकर ले गई, और मैं कठिन दुःख से भरा हुआ, और मन में जलता हुआ* चला गया; और यहोवा की शक्ति मुझ में प्रबल थी;\n"
      }
    ]
  },
  "15": {
    "verseObjects": [
      {
        "type": "text",
        "text": "और मैं उन बन्दियों के पास आया जो कबार नदी के तट पर तेलाबीब में रहते थे। और वहाँ मैं सात दिन तक उनके बीच व्याकुल होकर बैठा रहा।\n"
      },
      {
        "tag": "s",
        "type": "section",
        "text": "पहरुए के रूप में यहेजकेल की नियुक्ति\n"
      },
      {
        "tag": "p",
        "type": "paragraph",
        "text": "\n"
      },
      {
        "tag": "s5",
        "type": "section",
        "text": "\n"
      }
    ]
  },
  "16": {
    "verseObjects": [
      {
        "type": "text",
        "text": "सात दिन के व्यतीत होने पर यहोवा का यह वचन मेरे पास पहुँचा,\n"
      }
    ]
  },
  "17": {
    "verseObjects": [
      {
        "type": "text",
        "text": "“हे मनुष्य के सन्तान मैंने तुझे इस्राएल के घराने के लिये पहरुआ* नियुक्त किया है; तू मेरे मुँह की बात सुनकर, उन्हें मेरी ओर से चेतावनी देना। (यहे. 33:7)\n"
      }
    ]
  },
  "18": {
    "verseObjects": [
      {
        "type": "text",
        "text": "जब मैं दुष्ट से कहूँ, ‘तू निश्चय मरेगा,’ और यदि तू उसको न चिताए, और न दुष्ट से ऐसी बात कहे जिससे कि वह सचेत हो और अपना दुष्ट मार्ग छोड़कर जीवित रहे, तो वह दुष्ट अपने अधर्म में फँसा हुआ मरेगा, परन्तु उसके खून का लेखा मैं तुझी से लूँगा।\n"
      }
    ]
  },
  "19": {
    "verseObjects": [
      {
        "type": "text",
        "text": "पर यदि तू दुष्ट को चिताए, और वह अपनी दुष्टता और दुष्ट मार्ग से न फिरे, तो वह तो अपने अधर्म में फँसा हुआ मर जाएगा; परन्तु तू अपने प्राणों को बचाएगा।\n"
      },
      {
        "tag": "s5",
        "type": "section",
        "text": "\n"
      }
    ]
  },
  "20": {
    "verseObjects": [
      {
        "type": "text",
        "text": "फिर जब धर्मी जन अपने धार्मिकता से फिरकर कुटिल काम करने लगे, और मैं उसके सामने ठोकर रखूँ, तो वह मर जाएगा, क्योंकि तूने जो उसको नहीं चिताया, इसलिए वह अपने पाप में फँसा हुआ मरेगा; और जो धार्मिकता के कर्म उसने किए हों, उनकी सुधि न ली जाएगी, पर उसके खून का लेखा मैं तुझी से लूँगा।\n"
      }
    ]
  },
  "21": {
    "verseObjects": [
      {
        "type": "text",
        "text": "परन्तु यदि तू धर्मी को ऐसा कहकर चेतावनी दे, कि वह पाप न करे, और वह पाप से बच जाए, तो वह चितौनी को ग्रहण करने के कारण निश्चय जीवित रहेगा, और तू अपने प्राण को बचाएगा।”\n"
      },
      {
        "tag": "s",
        "type": "section",
        "text": "यहेजकेल बोलने में असमर्थ\n"
      },
      {
        "tag": "p",
        "type": "paragraph",
        "text": "\n"
      },
      {
        "tag": "s5",
        "type": "section",
        "text": "\n"
      }
    ]
  },
  "22": {
    "verseObjects": [
      {
        "type": "text",
        "text": "फिर यहोवा की शक्ति वहीं मुझ पर प्रगट हुई, और उसने मुझसे कहा, “उठकर मैदान में जा; और वहाँ मैं तुझ से बातें करूँगा।”\n"
      }
    ]
  },
  "23": {
    "verseObjects": [
      {
        "type": "text",
        "text": "तब मैं उठकर मैदान में गया, और वहाँ क्या देखा, कि यहोवा का प्रताप जैसा मुझे कबार नदी के तट पर, वैसा ही यहाँ भी दिखाई पड़ता है; और मैं मुँह के बल गिर पड़ा।\n"
      },
      {
        "tag": "s5",
        "type": "section",
        "text": "\n"
      }
    ]
  },
  "24": {
    "verseObjects": [
      {
        "type": "text",
        "text": "तब आत्मा ने मुझ में समाकर मुझे पाँवों के बल खड़ा कर दिया; फिर वह मुझसे कहने लगा, “जा अपने घर के भीतर द्वार बन्द करके बैठा रह।\n"
      }
    ]
  },
  "25": {
    "verseObjects": [
      {
        "type": "text",
        "text": "हे मनुष्य के सन्तान, देख; वे लोग तुझे रस्सियों से जकड़कर बाँध रखेंगे, और तू निकलकर उनके बीच जाने नहीं पाएगा।\n"
      },
      {
        "tag": "s5",
        "type": "section",
        "text": "\n"
      }
    ]
  },
  "26": {
    "verseObjects": [
      {
        "type": "text",
        "text": "मैं तेरी जीभ तेरे तालू से लगाऊँगा; जिससे तू मौन रहकर उनका डाँटनेवाला न हो, क्योंकि वे विद्रोही घराने के हैं।\n"
      }
    ]
  },
  "27": {
    "verseObjects": [
      {
        "type": "text",
        "text": "परन्तु जब-जब मैं तुझ से बातें करूँ, तब-तब तेरे मुँह को खोलूँगा, और तू उनसे ऐसा कहना, ‘प्रभु यहोवा यह कहता है,’ जो सुनता है वह सुन ले और जो नहीं सुनता वह न सुने, वे तो विद्रोही घराने के हैं ही।”\n\n"
      },
      {
        "tag": "s5",
        "type": "section",
        "text": "\n"
      }
    ]
  },
  "front": {
    "verseObjects": [
      {
        "tag": "p",
        "type": "paragraph",
        "text": "\n"
      }
    ]
  }
}