{
  "1": {
    "verseObjects": [
      {
        "type": "text",
        "text": "फिर यहोवा का यह वचन मेरे पास पहुँचा :\n"
      }
    ]
  },
  "2": {
    "verseObjects": [
      {
        "type": "text",
        "text": "“हे मनुष्य के सन्तान, भविष्यद्वाणी करके कह, परमेश्‍वर यहोवा यह कहता है : हाय, हाय करो, हाय उस दिन पर!\n"
      }
    ]
  },
  "3": {
    "verseObjects": [
      {
        "type": "text",
        "text": "क्योंकि वह दिन अर्थात् यहोवा का दिन निकट है; वह बादलों का दिन, और जातियों के दण्ड का समय होगा।\n"
      },
      {
        "tag": "s5",
        "nextChar": "\n",
        "type": "section"
      }
    ]
  },
  "4": {
    "verseObjects": [
      {
        "type": "text",
        "text": "मिस्र में तलवार चलेगी, और जब मिस्र में लोग मारे जाएँगे, तब कूश में भी संकट पड़ेगा, लोग मिस्र को लूट ले जाएँगे, और उसकी नींवें उलट दी जाएँगी।\n"
      }
    ]
  },
  "5": {
    "verseObjects": [
      {
        "type": "text",
        "text": "कूश, पूत, लूद और सब दोगले, और कूब लोग, और वाचा बाँधे हुए देश के निवासी*, मिस्रियों के संग तलवार से मारे जाएँगे।\n"
      },
      {
        "tag": "p",
        "nextChar": "\n",
        "type": "paragraph"
      },
      {
        "tag": "s5",
        "nextChar": "\n",
        "type": "section"
      }
    ]
  },
  "6": {
    "verseObjects": [
      {
        "type": "text",
        "text": "“यहोवा यह कहता है, मिस्र के संभालनेवाले भी गिर जाएँगे, और अपनी जिस सामर्थ्य पर मिस्री फूलते हैं, वह टूटेगी; मिग्दोल से लेकर सवेने तक उसके निवासी तलवार से मारे जाएँगे, परमेश्‍वर यहोवा की यही वाणी है।\n"
      }
    ]
  },
  "7": {
    "verseObjects": [
      {
        "type": "text",
        "text": "वे उजड़े हुए देशों के बीच उजड़े ठहरेंगे, और उनके नगर खण्डहर किए हुए नगरों में गिने जाएँगे।\n"
      },
      {
        "tag": "s5",
        "nextChar": "\n",
        "type": "section"
      }
    ]
  },
  "8": {
    "verseObjects": [
      {
        "type": "text",
        "text": "जब मैं मिस्र में आग लगाऊँगा। और उसके सब सहायक नाश होंगे, तब वे जान लेंगे कि मैं यहोवा हूँ।\n"
      },
      {
        "tag": "p",
        "nextChar": "\n",
        "type": "paragraph"
      }
    ]
  },
  "9": {
    "verseObjects": [
      {
        "type": "text",
        "text": "“उस समय मेरे सामने से दूत जहाजों पर चढ़कर निडर निकलेंगे और कूशियों को डराएँगे; और उन पर ऐसा संकट पड़ेगा जैसा कि मिस्र के दण्ड के समय; क्योंकि देख, वह दिन आता है!\n"
      },
      {
        "tag": "p",
        "nextChar": "\n",
        "type": "paragraph"
      },
      {
        "tag": "s5",
        "nextChar": "\n",
        "type": "section"
      }
    ]
  },
  "10": {
    "verseObjects": [
      {
        "type": "text",
        "text": "“परमेश्‍वर यहोवा यह कहता है : मैं बाबेल के राजा नबूकदनेस्सर के हाथ से मिस्र की भीड़-भाड़ को नाश करा दूँगा।\n"
      }
    ]
  },
  "11": {
    "verseObjects": [
      {
        "type": "text",
        "text": "वह अपनी प्रजा समेत, जो सब जातियों में भयानक है, उस देश के नाश करने को पहुँचाया जाएगा; और वे मिस्र के विरुद्ध तलवार खींचकर देश को मरे हुओं से भर देंगे।\n"
      },
      {
        "tag": "s5",
        "nextChar": "\n",
        "type": "section"
      }
    ]
  },
  "12": {
    "verseObjects": [
      {
        "type": "text",
        "text": "मैं नदियों को सूखा डालूँगा, और देश को बुरे लोगों के हाथ कर दूँगा; और मैं परदेशियों के द्वारा देश को, और जो कुछ उसमें है, उजाड़ करा दूँगा; मुझ यहोवा ही ने यह कहा है।\n"
      },
      {
        "tag": "p",
        "nextChar": "\n",
        "type": "paragraph"
      },
      {
        "tag": "s5",
        "nextChar": "\n",
        "type": "section"
      }
    ]
  },
  "13": {
    "verseObjects": [
      {
        "type": "text",
        "text": "“परमेश्‍वर यहोवा यह कहता है, मैं नोप में से मूरतों को नाश करूँगा और उसमें की मूरतों को रहने न दूँगा; फिर कोई प्रधान मिस्र देश में न उठेगा; और मैं मिस्र देश में भय उपजाऊँगा।\n"
      }
    ]
  },
  "14": {
    "verseObjects": [
      {
        "type": "text",
        "text": "मैं पत्रोस को उजाड़ूँगा, और सोअन में आग लगाऊँगा, और नो को दण्ड दूँगा।\n"
      },
      {
        "tag": "s5",
        "nextChar": "\n",
        "type": "section"
      }
    ]
  },
  "15": {
    "verseObjects": [
      {
        "type": "text",
        "text": "सीन जो मिस्र का दृढ़ स्थान है, उस पर मैं अपनी जलजलाहट भड़काऊँगा, और नो नगर की भीड़-भाड़ का अन्त कर डालूँगा।\n"
      }
    ]
  },
  "16": {
    "verseObjects": [
      {
        "type": "text",
        "text": "मैं मिस्र में आग लगाऊँगा; सीन बहुत थरथराएगा; और नो फाड़ा जाएगा और नोप के विरोधी दिन दहाड़े उठेंगे।\n"
      },
      {
        "tag": "s5",
        "nextChar": "\n",
        "type": "section"
      }
    ]
  },
  "17": {
    "verseObjects": [
      {
        "type": "text",
        "text": "ओन और पीवेसेत के जवान तलवार से गिरेंगे, और ये नगर बँधुआई में चले जाएँगे।\n"
      }
    ]
  },
  "18": {
    "verseObjects": [
      {
        "type": "text",
        "text": "जब मैं मिस्रियों के जुओं को तहपन्हेस में तोड़ूँगा*, तब उसमें दिन को अंधेरा होगा, और उसकी सामर्थ्य जिस पर वह फूलता है, वह नाश हो जाएगी; उस पर घटा छा जाएगी और उसकी बेटियाँ बँधुआई में चली जाएँगी।\n"
      }
    ]
  },
  "19": {
    "verseObjects": [
      {
        "type": "text",
        "text": "इस प्रकार मैं मिस्रियों को दण्ड दूँगा। और वे जान लेंगे कि मैं यहोवा हूँ।”\n"
      },
      {
        "tag": "s",
        "type": "section",
        "content": "फ़िरौन के विरुद्ध उद्घोषणा\n"
      },
      {
        "tag": "p",
        "nextChar": "\n",
        "type": "paragraph"
      },
      {
        "tag": "s5",
        "nextChar": "\n",
        "type": "section"
      }
    ]
  },
  "20": {
    "verseObjects": [
      {
        "type": "text",
        "text": "फिर ग्यारहवें वर्ष के पहले महीने के सातवें दिन को यहोवा का यह वचन मेरे पास पहुँचा :\n"
      }
    ]
  },
  "21": {
    "verseObjects": [
      {
        "type": "text",
        "text": "“हे मनुष्य के सन्तान, मैंने मिस्र के राजा फ़िरौन की भुजा तोड़ दी है; और देख, न तो वह जोड़ी गई, न उस पर लेप लगाकर पट्टी चढ़ाई गई कि वह बाँधने से तलवार पकड़ने के योग्य बन सके।\n"
      },
      {
        "tag": "s5",
        "nextChar": "\n",
        "type": "section"
      }
    ]
  },
  "22": {
    "verseObjects": [
      {
        "type": "text",
        "text": "इसलिए प्रभु यहोवा यह कहता है, देख, मैं मिस्र के राजा फ़िरौन के विरुद्ध हूँ, और उसकी अच्छी और टूटी दोनों भुजाओं को तोड़ूँगा; और तलवार को उसके हाथ से गिराऊँगा।\n"
      }
    ]
  },
  "23": {
    "verseObjects": [
      {
        "type": "text",
        "text": "मैं मिस्रियों को जाति-जाति में तितर-बितर करूँगा, और देश-देश में छितराऊँगा।\n"
      }
    ]
  },
  "24": {
    "verseObjects": [
      {
        "type": "text",
        "text": "मैं बाबेल के राजा की भुजाओं को बलवन्त करके अपनी तलवार उसके हाथ में दूँगा; परन्तु फ़िरौन की भुजाओं को तोड़ूँगा, और वह उसके सामने ऐसा कराहेगा जैसा मरनेवाला घायल कराहता है।\n"
      },
      {
        "tag": "s5",
        "nextChar": "\n",
        "type": "section"
      }
    ]
  },
  "25": {
    "verseObjects": [
      {
        "type": "text",
        "text": "मैं बाबेल के राजा की भुजाओं को सम्भालूँगा, और फ़िरौन की भुजाएँ ढीली पड़ेंगी, तब वे जानेंगे कि मैं यहोवा हूँ। जब मैं बाबेल के राजा के हाथ में अपनी तलवार दूँगा, तब वह उसे मिस्र देश पर चलाएगा;\n"
      }
    ]
  },
  "26": {
    "verseObjects": [
      {
        "type": "text",
        "text": "और मैं मिस्रियों को जाति-जाति में तितर-बितर करूँगा और देश-देश में छितरा दूँगा। तब वे जान लेंगे कि मैं यहोवा हूँ।”\n\n"
      },
      {
        "tag": "s5",
        "nextChar": "\n",
        "type": "section"
      }
    ]
  },
  "front": {
    "verseObjects": [
      {
        "tag": "s",
        "type": "section",
        "content": "मिस्र और उसके सहयोगियों को दण्ड मिलना\n"
      },
      {
        "tag": "p",
        "nextChar": "\n",
        "type": "paragraph"
      }
    ]
  }
}