{
  "1": {
    "verseObjects": [
      {
        "type": "text",
        "text": "ग्यारहवें वर्ष के तीसरे महीने के पहले दिन को यहोवा का यह वचन मेरे पास पहुँचा :\n"
      }
    ]
  },
  "2": {
    "verseObjects": [
      {
        "type": "text",
        "text": "“हे मनुष्य के सन्तान, मिस्र के राजा फ़िरौन और उसकी भीड़ से कह, अपनी बड़ाई में तू किस के समान है।\n"
      },
      {
        "tag": "s5",
        "nextChar": "\n",
        "type": "section"
      }
    ]
  },
  "3": {
    "verseObjects": [
      {
        "type": "text",
        "text": "देख, अश्शूर तो लबानोन का एक देवदार था जिसकी सुन्दर-सुन्दर शाखें, घनी छाया देतीं और बड़ी ऊँची थीं, और उसकी फुनगी बादलों तक पहुँचती थी।\n"
      }
    ]
  },
  "4": {
    "verseObjects": [
      {
        "type": "text",
        "text": "जल ने उसे बढ़ाया, उस गहरे जल के कारण वह ऊँचा हुआ, जिससे नदियाँ उसके स्थान के चारों ओर बहती थीं, और उसकी नालियाँ निकलकर मैदान के सारे वृक्षों के पास पहुँचती थीं।\n"
      },
      {
        "tag": "s5",
        "nextChar": "\n",
        "type": "section"
      }
    ]
  },
  "5": {
    "verseObjects": [
      {
        "type": "text",
        "text": "इस कारण उसकी ऊँचाई मैदान के सब वृक्षों से अधिक हुई; उसकी टहनियाँ बहुत हुईं, और उसकी शाखाएँ लम्बी हो गई, क्योंकि जब वे निकलीं, तब उनको बहुत जल मिला।\n"
      }
    ]
  },
  "6": {
    "verseObjects": [
      {
        "type": "text",
        "text": "उसकी टहनियों में आकाश के सब प्रकार के पक्षी बसेरा करते थे, और उसकी शाखाओं के नीचे मैदान के सब भाँति के जीवजन्तु जन्म लेते थे; और उसकी छाया में सब बड़ी जातियाँ रहती थीं। (दानी. 4:12)\n"
      }
    ]
  },
  "7": {
    "verseObjects": [
      {
        "type": "text",
        "text": "वह अपनी बड़ाई और अपनी डालियों की लम्बाई के कारण सुन्दर हुआ; क्योंकि उसकी जड़ बहुत जल के निकट थी।\n"
      },
      {
        "tag": "s5",
        "nextChar": "\n",
        "type": "section"
      }
    ]
  },
  "8": {
    "verseObjects": [
      {
        "type": "text",
        "text": "परमेश्‍वर की बारी के देवदार भी उसको न छिपा सकते थे, सनोवर उसकी टहनियों के समान भी न थे, और न अर्मोन वृक्ष उसकी शाखाओं के तुल्य थे; परमेश्‍वर की बारी का भी कोई वृक्ष सुन्दरता में उसके बराबर न था।\n"
      }
    ]
  },
  "9": {
    "verseObjects": [
      {
        "type": "text",
        "text": "मैंने उसे डालियों की बहुतायत से सुन्दर बनाया था, यहाँ तक कि अदन के सब वृक्ष जो परमेश्‍वर की बारी में थे, उससे डाह करते थे।\n"
      },
      {
        "tag": "p",
        "nextChar": "\n",
        "type": "paragraph"
      },
      {
        "tag": "s5",
        "nextChar": "\n",
        "type": "section"
      }
    ]
  },
  "10": {
    "verseObjects": [
      {
        "type": "text",
        "text": "“इस कारण परमेश्‍वर यहोवा ने यह कहा है, उसकी ऊँचाई जो बढ़ गई, और उसकी फुनगी जो बादलों तक पहुँची है, और अपनी ऊँचाई के कारण उसका मन जो फूल उठा है,\n"
      }
    ]
  },
  "11": {
    "verseObjects": [
      {
        "type": "text",
        "text": "इसलिए जातियों में जो सामर्थी है, मैं उसी के हाथ उसको कर दूँगा, और वह निश्चय उससे बुरा व्यवहार करेगा। उसकी दुष्टता के कारण मैंने उसको निकाल दिया है।\n"
      },
      {
        "tag": "s5",
        "nextChar": "\n",
        "type": "section"
      }
    ]
  },
  "12": {
    "verseObjects": [
      {
        "type": "text",
        "text": "परदेशी, जो जातियों में भयानक लोग हैं, वे उसको काटकर छोड़ देंगे, उसकी डालियाँ पहाड़ों पर, और सब तराइयों में गिराई जाएँगी, और उसकी शाखाएँ देश के सब नालों में टूटी पड़ी रहेंगी, और जाति-जाति के सब लोग उसकी छाया को छोड़कर चले जाएँगे।\n"
      },
      {
        "tag": "s5",
        "nextChar": "\n",
        "type": "section"
      }
    ]
  },
  "13": {
    "verseObjects": [
      {
        "type": "text",
        "text": "उस गिरे हुए वृक्ष पर आकाश के सब पक्षी बसेरा करते हैं, और उसकी शाखाओं के ऊपर मैदान के सब जीवजन्तु चढ़ने पाते हैं।\n"
      }
    ]
  },
  "14": {
    "verseObjects": [
      {
        "type": "text",
        "text": "यह इसलिए हुआ है कि जल के पास के सब वृक्षों में से कोई अपनी ऊँचाई न बढ़ाए, न अपनी फुनगी को बादलों तक पहुँचाए, और उनमें से जितने जल पाकर दृढ़ हो गए हैं वे ऊँचे होने के कारण सिर न उठाए; क्योंकि वे भी सबके सब कब्र में गड़े हुए मनुष्यों के समान मृत्यु के वश करके अधोलोक में डाल दिए जाएँगे।\n"
      },
      {
        "tag": "p",
        "nextChar": "\n",
        "type": "paragraph"
      },
      {
        "tag": "s5",
        "nextChar": "\n",
        "type": "section"
      }
    ]
  },
  "15": {
    "verseObjects": [
      {
        "type": "text",
        "text": "“परमेश्‍वर यहोवा यह कहता है : जिस दिन वह अधोलोक में उतर गया, उस दिन मैंने विलाप कराया और गहरे समुद्र को ढाँप दिया, और नदियों का बहुत जल रुक गया; और उसके कारण मैंने लबानोन पर उदासी छा दी, और मैदान के सब वृक्ष मूर्छित हुए।\n"
      },
      {
        "tag": "s5",
        "nextChar": "\n",
        "type": "section"
      }
    ]
  },
  "16": {
    "verseObjects": [
      {
        "type": "text",
        "text": "जब मैंने उसको कब्र में गड़े हुओं के पास अधोलोक में फेंक दिया, तब उसके गिरने के शब्द से जाति-जाति थरथरा गई, और अदन के सब वृक्ष अर्थात् लबानोन के उत्तम-उत्तम वृक्षों ने, जितने उससे जल पाते हैं, उन सभी ने अधोलोक में शान्ति पाई।\n"
      },
      {
        "tag": "s5",
        "nextChar": "\n",
        "type": "section"
      }
    ]
  },
  "17": {
    "verseObjects": [
      {
        "type": "text",
        "text": "वे भी उसके संग तलवार से मारे हुओं के पास अधोलोक में उतर गए; अर्थात् वे जो उसकी भुजा थे, और जाति-जाति के बीच उसकी छाया में रहते थे।\n"
      },
      {
        "tag": "p",
        "nextChar": "\n",
        "type": "paragraph"
      }
    ]
  },
  "18": {
    "verseObjects": [
      {
        "type": "text",
        "text": "“इसलिए महिमा और बड़ाई के विषय में अदन के वृक्षों में से तू किस के समान है? तू तो अदन के और वृक्षों के साथ अधोलोक में उतारा जाएगा, और खतनारहित लोगों के बीच तलवार से मारे हुओं के संग पड़ा रहेगा। फ़िरौन अपनी सारी भीड़-भाड़ समेत ऐसे ही होगा, परमेश्‍वर यहोवा की यही वाणी है।”\n\n"
      },
      {
        "tag": "s5",
        "nextChar": "\n",
        "type": "section"
      }
    ]
  },
  "front": {
    "verseObjects": [
      {
        "tag": "s",
        "type": "section",
        "content": "मिस्र और अश्शूर का पतन\n"
      },
      {
        "tag": "p",
        "nextChar": "\n",
        "type": "paragraph"
      }
    ]
  }
}