{
  "1": {
    "verseObjects": [
      {
        "type": "text",
        "text": "बारहवें वर्ष के बारहवें महीने के पहले दिन को यहोवा का यह वचन मेरे पास पहुँचा :\n"
      }
    ]
  },
  "2": {
    "verseObjects": [
      {
        "type": "text",
        "text": "“हे मनुष्य के सन्तान, मिस्र के राजा फ़िरौन के विषय विलाप का गीत बनाकर उसको सुना : जाति-जाति में तेरी उपमा जवान सिंह से दी गई थी, परन्तु तू समुद्र के मगर के समान है; तू अपनी नदियों में टूट पड़ा, और उनके जल को पाँवों से मथकर गंदला कर दिया।\n"
      },
      {
        "tag": "s5",
        "nextChar": "\n",
        "type": "section"
      }
    ]
  },
  "3": {
    "verseObjects": [
      {
        "type": "text",
        "text": "परमेश्‍वर यहोवा यह कहता है : मैं बहुत सी जातियों की सभा के द्वारा तुझ पर अपना जाल फैलाऊँगा, और वे तुझे मेरे महाजाल में खींच लेंगे।\n"
      }
    ]
  },
  "4": {
    "verseObjects": [
      {
        "type": "text",
        "text": "तब मैं तुझे भूमि पर छोड़ूँगा, और मैदान में फेंककर आकाश के सब पक्षियों को तुझ पर बैठाऊँगा; और तेरे माँस से सारी पृथ्वी के जीवजन्तुओं को तृप्त करूँगा।\n"
      },
      {
        "tag": "s5",
        "nextChar": "\n",
        "type": "section"
      }
    ]
  },
  "5": {
    "verseObjects": [
      {
        "type": "text",
        "text": "मैं तेरे माँस को पहाड़ों पर रखूँगा, और तराइयों को तेरी ऊँचाई से भर दूँगा।\n"
      }
    ]
  },
  "6": {
    "verseObjects": [
      {
        "type": "text",
        "text": "जिस देश में तू तैरता है, उसको पहाड़ों तक मैं तेरे लहू से सीचूँगा; और उसके नाले तुझ से भर जाएँगे।\n"
      },
      {
        "tag": "s5",
        "nextChar": "\n",
        "type": "section"
      }
    ]
  },
  "7": {
    "verseObjects": [
      {
        "type": "text",
        "text": "जिस समय मैं तुझे मिटाने लगूँ, उस समय मैं आकाश को ढाँपूँगा और तारों को धुन्धला कर दूँगा; मैं सूर्य को बादल से छिपाऊँगा, और चन्द्रमा अपना प्रकाश न देगा। (मत्ती 24:29, योए. 2:31)\n"
      }
    ]
  },
  "8": {
    "verseObjects": [
      {
        "type": "text",
        "text": "आकाश में जितनी प्रकाशमान ज्योतियाँ हैं, उन सब को मैं तेरे कारण धुन्धला कर दूँगा, और तेरे देश में अंधकार कर दूँगा, परमेश्‍वर यहोवा की यही वाणी है।\n"
      },
      {
        "tag": "p",
        "nextChar": "\n",
        "type": "paragraph"
      },
      {
        "tag": "s5",
        "nextChar": "\n",
        "type": "section"
      }
    ]
  },
  "9": {
    "verseObjects": [
      {
        "type": "text",
        "text": "“जब मैं तेरे विनाश का समाचार* जाति-जाति में और तेरे अनजाने देशों में फैलाऊँगा, तब बड़े-बड़े देशों के लोगों के मन में रिस उपजाऊँगा।\n"
      }
    ]
  },
  "10": {
    "verseObjects": [
      {
        "type": "text",
        "text": "मैं बहुत सी जातियों को तेरे कारण विस्मित कर दूँगा, और जब मैं उनके राजाओं के सामने अपनी तलवार भेजूँगा, तब तेरे कारण उनके रोएँ खड़े हो जाएँगे, और तेरे गिरने के दिन वे अपने-अपने प्राण के लिये काँपते रहेंगे।\n"
      },
      {
        "tag": "s5",
        "nextChar": "\n",
        "type": "section"
      }
    ]
  },
  "11": {
    "verseObjects": [
      {
        "type": "text",
        "text": "क्योंकि परमेश्‍वर यहोवा यह कहता है : बाबेल के राजा की तलवार तुझ पर चलेगी।\n"
      }
    ]
  },
  "12": {
    "verseObjects": [
      {
        "type": "text",
        "text": "मैं तेरी भीड़ को ऐसे शूरवीरों की तलवारों के द्वारा गिराऊँगा जो सब जातियों में भयानक हैं।\n"
      },
      {
        "tag": "p",
        "type": "paragraph",
        "text": "“वे मिस्र के घमण्ड को तोड़ेंगे, और उसकी सारी भीड़ का सत्यानाश होगा।\n"
      },
      {
        "tag": "s5",
        "nextChar": "\n",
        "type": "section"
      }
    ]
  },
  "13": {
    "verseObjects": [
      {
        "type": "text",
        "text": "मैं उसके सब पशुओं को उसके बहुत से जलाशयों के तट पर से नाश करूँगा; और भविष्य में वे न तो मनुष्य के पाँव से और न पशुओं के खुरों से गंदले किए जाएँगे।\n"
      }
    ]
  },
  "14": {
    "verseObjects": [
      {
        "type": "text",
        "text": "तब मैं उनका जल निर्मल कर दूँगा, और उनकी नदियाँ तेल के समान बहेंगी, परमेश्‍वर यहोवा की यही वाणी है।\n"
      },
      {
        "tag": "s5",
        "nextChar": "\n",
        "type": "section"
      }
    ]
  },
  "15": {
    "verseObjects": [
      {
        "type": "text",
        "text": "जब मैं मिस्र देश को उजाड़ दूँगा और जिससे वह भरपूर है, उसको छूछा कर दूँगा, और जब मैं उसके सब रहनेवालों को मारूँगा, तब वे जान लेंगे कि मैं यहोवा हूँ।\n"
      },
      {
        "tag": "p",
        "nextChar": "\n",
        "type": "paragraph"
      }
    ]
  },
  "16": {
    "verseObjects": [
      {
        "type": "text",
        "text": "“लोगों के विलाप करने के लिये विलाप का गीत यही है; जाति-जाति की स्त्रियाँ इसे गाएँगी; मिस्र और उसकी सारी भीड़ के विषय वे यही विलापगीत गाएँगी, परमेश्‍वर यहोवा की यही वाणी है।”\n"
      },
      {
        "tag": "s",
        "type": "section",
        "content": "मृतकों का संसार\n"
      },
      {
        "tag": "p",
        "nextChar": "\n",
        "type": "paragraph"
      },
      {
        "tag": "s5",
        "nextChar": "\n",
        "type": "section"
      }
    ]
  },
  "17": {
    "verseObjects": [
      {
        "type": "text",
        "text": "फिर बारहवें वर्ष के पहले महीने के पन्द्रहवें दिन को यहोवा का यह वचन मेरे पास पहुँचा :\n"
      }
    ]
  },
  "18": {
    "verseObjects": [
      {
        "type": "text",
        "text": "“हे मनुष्य के सन्तान, मिस्र की भीड़ के लिये हाय-हाय कर, और उसको प्रतापी जातियों की बेटियों समेत कब्र में गड़े हुओं के पास अधोलोक में उतार।\n"
      },
      {
        "tag": "s5",
        "nextChar": "\n",
        "type": "section"
      }
    ]
  },
  "19": {
    "verseObjects": [
      {
        "type": "text",
        "text": "तू किस से मनोहर है? तू उतरकर खतनाहीनों के संग पड़ा रह।\n"
      },
      {
        "tag": "p",
        "nextChar": "\n",
        "type": "paragraph"
      }
    ]
  },
  "20": {
    "verseObjects": [
      {
        "type": "text",
        "text": "“वे तलवार से मरे हुओं के बीच गिरेंगे, उनके लिये तलवार ही ठहराई गई है*; इसलिए मिस्र को उसकी सारी भीड़ समेत घसीट ले जाओ।\n"
      }
    ]
  },
  "21": {
    "verseObjects": [
      {
        "type": "text",
        "text": "सामर्थी शूरवीर उससे और उसके सहायकों से अधोलोक में बातें करेंगे; वे खतनाहीन लोग वहाँ तलवार से मरे पड़े हैं।\n"
      },
      {
        "tag": "p",
        "nextChar": "\n",
        "type": "paragraph"
      },
      {
        "tag": "s5",
        "nextChar": "\n",
        "type": "section"
      }
    ]
  },
  "22": {
    "verseObjects": [
      {
        "type": "text",
        "text": "“अपनी सारी सभा समेत अश्शूर भी वहाँ है, उसकी कब्रे उसके चारों ओर हैं; सबके सब तलवार से मारे गए हैं।\n"
      }
    ]
  },
  "23": {
    "verseObjects": [
      {
        "type": "text",
        "text": "उसकी कब्रे गड्ढे के कोनों में बनी हुई हैं, और उसकी कब्र के चारों ओर उसकी सभा है; वे सबके सब जो जीवनलोक में भय उपजाते थे, अब तलवार से मरे पड़े हैं।\n"
      },
      {
        "tag": "p",
        "nextChar": "\n",
        "type": "paragraph"
      },
      {
        "tag": "s5",
        "nextChar": "\n",
        "type": "section"
      }
    ]
  },
  "24": {
    "verseObjects": [
      {
        "type": "text",
        "text": "“वहाँ एलाम है, और उसकी कब्र की चारों ओर उसकी सारी भीड़ है; वे सबके सब तलवार से मारे गए हैं, वे खतनारहित अधोलोक में उतर गए हैं; वे जीवनलोक में भय उपजाते थे, परन्तु अब कब्र में और गड़े हुओं के संग उनके मुँह पर भी उदासी छाई हुई है।\n"
      }
    ]
  },
  "25": {
    "verseObjects": [
      {
        "type": "text",
        "text": "उसकी सारी भीड़ समेत उसे मारे हुओं के बीच सेज मिली, उसकी कब्रे उसी के चारों ओर हैं, वे सबके सब खतनारहित तलवार से मारे गए; उन्होंने जीवनलोक में भय उपजाया था, परन्तु अब कब्र में और गड़े हुओं के संग उनके मुँह पर उदासी छाई हुई है; और वे मरे हुओं के बीच रखे गए हैं।\n"
      },
      {
        "tag": "p",
        "nextChar": "\n",
        "type": "paragraph"
      },
      {
        "tag": "s5",
        "nextChar": "\n",
        "type": "section"
      }
    ]
  },
  "26": {
    "verseObjects": [
      {
        "type": "text",
        "text": "“वहाँ सारी भीड़ समेत मेशेक और तूबल हैं, उनके चारों ओर कब्रे हैं; वे सबके सब खतनारहित तलवार से मारे गए, क्योंकि जीवनलोक में वे भय उपजाते थे।\n"
      }
    ]
  },
  "27": {
    "verseObjects": [
      {
        "type": "text",
        "text": "उन गिरे हुए खतनारहित शूरवीरों के संग वे पड़े न रहेंगे जो अपने-अपने युद्ध के हथियार लिए हुए अधोलोक में उतर गए हैं, वहाँ उनकी तलवारें उनके सिरों के नीचे रखी हुई हैं, और उनके अधर्म के काम उनकी हड्डियों में व्याप्त हैं; क्योंकि जीवनलोक में उनसे शूरवीरों को भी भय उपजता था।\n"
      },
      {
        "tag": "s5",
        "nextChar": "\n",
        "type": "section"
      }
    ]
  },
  "28": {
    "verseObjects": [
      {
        "type": "text",
        "text": "इसलिए तू भी खतनाहीनों के संग अंग-भंग होकर तलवार से मरे हुओं के संग पड़ा रहेगा।\n"
      },
      {
        "tag": "p",
        "nextChar": "\n",
        "type": "paragraph"
      }
    ]
  },
  "29": {
    "verseObjects": [
      {
        "type": "text",
        "text": "“वहाँ एदोम और उसके राजा और उसके सारे प्रधान हैं, जो पराक्रमी होने पर भी तलवार से मरे हुओं के संग रखे हैं; गड्ढे में गड़े हुए खतनारहित लोगों के संग वे भी पड़े रहेंगे।\n"
      },
      {
        "tag": "p",
        "nextChar": "\n",
        "type": "paragraph"
      },
      {
        "tag": "s5",
        "nextChar": "\n",
        "type": "section"
      }
    ]
  },
  "30": {
    "verseObjects": [
      {
        "type": "text",
        "text": "“वहाँ उत्तर दिशा के सारे प्रधान और सारे सीदोनी भी हैं जो मरे हुओं के संग उतर गए; उन्होंने अपने पराक्रम से भय उपजाया था, परन्तु अब वे लज्जित हुए और तलवार से और मरे हुओं के साथ वे भी खतनारहित पड़े हुए हैं, और कब्र में अन्य गड़े हुओं के संग उनके मुँह पर भी उदासी छाई हुई है।\n"
      },
      {
        "tag": "p",
        "nextChar": "\n",
        "type": "paragraph"
      },
      {
        "tag": "s5",
        "nextChar": "\n",
        "type": "section"
      }
    ]
  },
  "31": {
    "verseObjects": [
      {
        "type": "text",
        "text": "“इन्हें देखकर फ़िरौन भी अपनी सारी भीड़ के विषय में शान्ति पाएगा, हाँ फ़िरौन और उसकी सारी सेना जो तलवार से मारी गई है, परमेश्‍वर यहोवा की यही वाणी है।\n"
      }
    ]
  },
  "32": {
    "verseObjects": [
      {
        "type": "text",
        "text": "क्योंकि मैंने उसके कारण जीवनलोक में भय उपजाया था; इसलिए वह सारी भीड़ समेत तलवार से और मरे हुओं के सहित खतनारहित के बीच लिटाया जाएगा, परमेश्‍वर यहोवा की यही वाणी है।”\n\n"
      },
      {
        "tag": "s5",
        "nextChar": "\n",
        "type": "section"
      }
    ]
  },
  "front": {
    "verseObjects": [
      {
        "tag": "s",
        "type": "section",
        "content": "फ़िरौन और मिस्र के लिए विलाप\n"
      },
      {
        "tag": "p",
        "nextChar": "\n",
        "type": "paragraph"
      }
    ]
  }
}