{
  "1": {
    "verseObjects": [
      {
        "type": "text",
        "text": "यहोवा का यह वचन मेरे पास पहुँचा :\n"
      }
    ]
  },
  "2": {
    "verseObjects": [
      {
        "type": "text",
        "text": "“हे मनुष्य के सन्तान, इस्राएल के चरवाहों के विरुद्ध भविष्यद्वाणी करके उन चरवाहों से कह, परमेश्‍वर यहोवा यह कहता है: हाय इस्राएल के चरवाहों पर जो अपने-अपने पेट भरते हैं! क्या चरवाहों को भेड़-बकरियों का पेट न भरना चाहिए?\n"
      }
    ]
  },
  "3": {
    "verseObjects": [
      {
        "type": "text",
        "text": "तुम लोग चर्बी खाते, ऊन पहनते और मोटे-मोटे पशुओं को काटते हो; परन्तु भेड़-बकरियों को तुम नहीं चराते। (जक. 11:16)\n"
      },
      {
        "tag": "s5",
        "type": "section",
        "text": "\n"
      }
    ]
  },
  "4": {
    "verseObjects": [
      {
        "type": "text",
        "text": "तुमने बीमारों को बलवान न किया, न रोगियों को चंगा किया, न घायलों के घावों को बाँधा, न निकाली हुई को लौटा लाए, न खोई हुई को खोजा, परन्तु तुमने बल और जबरदस्ती से अधिकार चलाया है।\n"
      }
    ]
  },
  "5": {
    "verseObjects": [
      {
        "type": "text",
        "text": "वे चरवाहे के न होने के कारण तितर-बितर हुई; और सब वन-पशुओं का आहार हो गई।\n"
      }
    ]
  },
  "6": {
    "verseObjects": [
      {
        "type": "text",
        "text": "मेरी भेड़-बकरियाँ तितर-बितर हुई है; वे सारे पहाड़ों और ऊँचे-ऊँचे टीलों पर भटकती थीं; मेरी भेड़-बकरियाँ सारी पृथ्वी के ऊपर तितर-बितर हुई; और न तो कोई उनकी सुधि लेता था, न कोई उनको ढूँढ़ता था। (यहे. 34:8)\n"
      },
      {
        "tag": "p",
        "type": "paragraph",
        "text": "\n"
      },
      {
        "tag": "s5",
        "type": "section",
        "text": "\n"
      }
    ]
  },
  "7": {
    "verseObjects": [
      {
        "type": "text",
        "text": "“इस कारण, हे चरवाहों, यहोवा का वचन सुनो :\n"
      }
    ]
  },
  "8": {
    "verseObjects": [
      {
        "type": "text",
        "text": "परमेश्‍वर यहोवा की यह वाणी है, मेरे जीवन की सौगन्ध, मेरी भेड़-बकरियाँ जो लुट गई, और मेरी भेड़-बकरियाँ जो चरवाहे के न होने के कारण सब वन-पशुओं का आहार हो गई; और इसलिए कि मेरे चरवाहों ने मेरी भेड़-बकरियों की सुधि नहीं ली, और मेरी भेड़-बकरियों का पेट नहीं, अपना ही अपना पेट भरा;\n"
      },
      {
        "tag": "s5",
        "type": "section",
        "text": "\n"
      }
    ]
  },
  "9": {
    "verseObjects": [
      {
        "type": "text",
        "text": "इस कारण हे चरवाहों, यहोवा का वचन सुनो,\n"
      }
    ]
  },
  "10": {
    "verseObjects": [
      {
        "type": "text",
        "text": "परमेश्‍वर यहोवा यह कहता है : देखो, मैं चरवाहों के विरुद्ध हूँ; और मैं उनसे अपनी भेड़-बकरियों का लेखा लूँगा, और उनको फिर उन्हें चराने न दूँगा; वे फिर अपना-अपना पेट भरने न पाएँगे। मैं अपनी भेड़-बकरियाँ उनके मुँह से छुड़ाऊँगा कि आगे को वे उनका आहार न हों।\n"
      },
      {
        "tag": "s",
        "type": "section",
        "text": "परमेश्‍वर, सच्चा चरवाहा\n"
      },
      {
        "tag": "p",
        "type": "paragraph",
        "text": "\n"
      },
      {
        "tag": "s5",
        "type": "section",
        "text": "\n"
      }
    ]
  },
  "11": {
    "verseObjects": [
      {
        "type": "text",
        "text": "“क्योंकि परमेश्‍वर यहोवा यह कहता है, देखो, मैं आप ही अपनी भेड़-बकरियों की सुधि लूंगा*, और उन्हें ढूँढ़ूगा। (लूका 19:10)\n"
      }
    ]
  },
  "12": {
    "verseObjects": [
      {
        "type": "text",
        "text": "जैसे चरवाहा अपनी भेड़-बकरियों में से भटकी हुई को फिर से अपने झुण्ड में बटोरता है, वैसे ही मैं भी अपनी भेड़-बकरियों को बटोरूँगा; मैं उन्हें उन सब स्थानों से निकाल ले आऊँगा, जहाँ-जहाँ वे बादल और घोर अंधकार के दिन तितर-बितर हो गई हों।\n"
      }
    ]
  },
  "13": {
    "verseObjects": [
      {
        "type": "text",
        "text": "मैं उन्हें देश-देश के लोगों में से निकालूँगा, और देश-देश से इकट्ठा करूँगा, और उन्हीं के निज भूमि में ले आऊँगा; और इस्राएल के पहाड़ों पर और नालों में और उस देश के सब बसे हुए स्थानों में चराऊँगा।\n"
      },
      {
        "tag": "s5",
        "type": "section",
        "text": "\n"
      }
    ]
  },
  "14": {
    "verseObjects": [
      {
        "type": "text",
        "text": "मैं उन्हें अच्छी चराई में चराऊँगा, और इस्राएल के ऊँचे-ऊँचे पहाड़ों पर उनको चराई मिलेगी; वहाँ वे अच्छी हरियाली में बैठा करेंगी, और इस्राएल के पहाड़ों पर उत्तम से उत्तम चराई चरेंगी।\n"
      }
    ]
  },
  "15": {
    "verseObjects": [
      {
        "type": "text",
        "text": "मैं आप ही अपनी भेड़-बकरियों का चरवाहा हूँगा, और मैं आप ही उन्हें बैठाऊँगा, परमेश्‍वर यहोवा की यही वाणी है। (भज. 23:1-2)\n"
      }
    ]
  },
  "16": {
    "verseObjects": [
      {
        "type": "text",
        "text": "मैं खोई हुई को ढूँढ़ूगा, और निकाली हुई को लौटा लाऊँगा, और घायल के घाव बाँधूँगा, और बीमार को बलवान करूँगा, और जो मोटी और बलवन्त हैं उन्हें मैं नाश करूँगा; मैं उनकी चरवाही न्याय से करूँगा। (लूका 15:4, लूका 19:10)\n"
      },
      {
        "tag": "p",
        "type": "paragraph",
        "text": "\n"
      },
      {
        "tag": "s5",
        "type": "section",
        "text": "\n"
      }
    ]
  },
  "17": {
    "verseObjects": [
      {
        "type": "text",
        "text": "“हे मेरे झुण्ड, तुम से परमेश्‍वर यहोवा यह कहता है, देखो, मैं भेड़-भेड़ के बीच और मेढ़ों और बकरों के बीच न्याय करता हूँ। (मत्ती 25:32)\n"
      }
    ]
  },
  "18": {
    "verseObjects": [
      {
        "type": "text",
        "text": "क्या तुम्हें यह छोटी बात जान पड़ती है कि तुम अच्छी चराई चर लो और शेष चराई को अपने पाँवों से रौंदो; और क्या तुम्हें यह छोटी बात जान पड़ती है कि तुम निर्मल जल पी लो और शेष जल को अपने पाँवों से गंदला करो?\n"
      }
    ]
  },
  "19": {
    "verseObjects": [
      {
        "type": "text",
        "text": "क्या मेरी भेड़-बकरियों को तुम्हारे पाँवों से रौंदे हुए को चरना, और तुम्हारे पाँवों से गंदले किए हुए को पीना पड़ेगा?\n"
      },
      {
        "tag": "p",
        "type": "paragraph",
        "text": "\n"
      },
      {
        "tag": "s5",
        "type": "section",
        "text": "\n"
      }
    ]
  },
  "20": {
    "verseObjects": [
      {
        "type": "text",
        "text": "“इस कारण परमेश्‍वर यहोवा उनसे यह कहता है, देखो, मैं आप मोटी और दुबली भेड़-बकरियों के बीच न्याय करूँगा।\n"
      }
    ]
  },
  "21": {
    "verseObjects": [
      {
        "type": "text",
        "text": "तुम जो सब बीमारों को बाजु और कंधे से यहाँ तक ढकेलते और सींग से यहाँ तक मारते हो कि वे तितर-बितर हो जाती हैं,\n"
      },
      {
        "tag": "s5",
        "type": "section",
        "text": "\n"
      }
    ]
  },
  "22": {
    "verseObjects": [
      {
        "type": "text",
        "text": "इस कारण मैं अपनी भेड़-बकरियों को छुड़ाऊँगा, और वे फिर न लुटेंगी, और मैं भेड़-भेड़ के और बकरी-बकरी के बीच न्याय करूँगा।\n"
      }
    ]
  },
  "23": {
    "verseObjects": [
      {
        "type": "text",
        "text": "मैं उन पर ऐसा एक चरवाहा ठहराऊँगा जो उनकी चरवाही करेगा, वह मेरा दास दाऊद होगा, वही उनको चराएगा, और वही उनका चरवाहा होगा। (यहे. 37:24)\n"
      }
    ]
  },
  "24": {
    "verseObjects": [
      {
        "type": "text",
        "text": "मैं, यहोवा, उनका परमेश्‍वर ठहरूँगा, और मेरा दास दाऊद उनके बीच प्रधान होगा; मुझ यहोवा ही ने यह कहा है।\n"
      },
      {
        "tag": "p",
        "type": "paragraph",
        "text": "\n"
      },
      {
        "tag": "s5",
        "type": "section",
        "text": "\n"
      }
    ]
  },
  "25": {
    "verseObjects": [
      {
        "type": "text",
        "text": "“मैं उनके साथ शान्ति की वाचा बाँधूँगा, और दुष्ट जन्तुओं को देश में न रहने दूँगा; अतः वे जंगल में निडर रहेंगे, और वन में सोएँगे।\n"
      }
    ]
  },
  "26": {
    "verseObjects": [
      {
        "type": "text",
        "text": "मैं उन्हें और अपनी पहाड़ी के आस-पास के स्थानों को आशीष का कारण बना दूँगा; और मेंह को मैं ठीक समय में बरसाया करूँगा; और वे आशीषों की वर्षा होंगी।\n"
      }
    ]
  },
  "27": {
    "verseObjects": [
      {
        "type": "text",
        "text": "मैदान के वृक्ष फलेंगे और भूमि अपनी उपज उपजाएगी, और वे अपने देश में निडर रहेंगे; जब मैं उनके जूए को तोड़कर उन लोगों के हाथ से छुड़ाऊँगा, जो उनसे सेवा कराते हैं, तब वे जान लेंगे कि मैं यहोवा हूँ।\n"
      },
      {
        "tag": "s5",
        "type": "section",
        "text": "\n"
      }
    ]
  },
  "28": {
    "verseObjects": [
      {
        "type": "text",
        "text": "वे फिर जाति-जाति से लूटे न जाएँगे, और न वन पशु उन्हें फाड़ खाएँगे; वे निडर रहेंगे, और उनको कोई न डराएगा। (यिर्म. 46:27)\n"
      }
    ]
  },
  "29": {
    "verseObjects": [
      {
        "type": "text",
        "text": "मैं उनके लिये उपजाऊ बारी उपजाऊँगा, और वे देश में फिर भूखें न मरेंगे, और न जाति-जाति के लोग फिर उनकी निन्दा करेंगे। (यहे. 36:29)\n"
      },
      {
        "tag": "s5",
        "type": "section",
        "text": "\n"
      }
    ]
  },
  "30": {
    "verseObjects": [
      {
        "type": "text",
        "text": "और वे जानेंगे कि मैं परमेश्‍वर यहोवा, उनके संग हूँ, और वे जो इस्राएल का घराना है, वे मेरी प्रजा हैं, मुझ परमेश्‍वर यहोवा की यही वाणी हैं।\n"
      }
    ]
  },
  "31": {
    "verseObjects": [
      {
        "type": "text",
        "text": "तुम तो मेरी भेड़-बकरियाँ, मेरी चराई की भेड़-बकरियाँ हो, तुम तो मनुष्य हो, और मैं तुम्हारा परमेश्‍वर हूँ, परमेश्‍वर यहोवा की यही वाणी है।”\n\n"
      },
      {
        "tag": "s5",
        "type": "section",
        "text": "\n"
      }
    ]
  },
  "front": {
    "verseObjects": [
      {
        "tag": "s",
        "type": "section",
        "text": "लापरवाह चरवाहे\n"
      },
      {
        "tag": "p",
        "type": "paragraph",
        "text": "\n"
      }
    ]
  }
}