{
  "1": {
    "verseObjects": [
      {
        "type": "text",
        "text": "यहोवा की शक्ति मुझ पर हुई, और वह मुझ में अपना आत्मा समवाकर बाहर ले गया और मुझे तराई के बीच खड़ा कर दिया; वह तराई हड्डियों से भरी हुई थी।\n"
      }
    ]
  },
  "2": {
    "verseObjects": [
      {
        "type": "text",
        "text": "तब उसने मुझे उनके चारों ओर घुमाया, और तराई की तह पर बहुत ही हड्डियाँ थीं; और वे बहुत सूखी थीं।\n"
      }
    ]
  },
  "3": {
    "verseObjects": [
      {
        "type": "text",
        "text": "तब उसने मुझसे पूछा, “हे मनुष्य के सन्तान, क्या ये हड्डियाँ जी सकती हैं?” मैंने कहा, “हे परमेश्‍वर यहोवा, तू ही जानता है।”\n"
      },
      {
        "tag": "s5",
        "nextChar": "\n",
        "type": "section"
      }
    ]
  },
  "4": {
    "verseObjects": [
      {
        "type": "text",
        "text": "तब उसने मुझसे कहा, “इन हड्डियों से भविष्यद्वाणी* करके कह, ‘हे सूखी हड्डियों, यहोवा का वचन सुनो।\n"
      }
    ]
  },
  "5": {
    "verseObjects": [
      {
        "type": "text",
        "text": "परमेश्‍वर यहोवा तुम हड्डियों से यह कहता है : देखो, मैं आप तुम में साँस समवाऊँगा, और तुम जी उठोगी।\n"
      }
    ]
  },
  "6": {
    "verseObjects": [
      {
        "type": "text",
        "text": "मैं तुम्हारी नसें उपजाकर माँस चढ़ाऊँगा, और तुम को चमड़े से ढाँपूँगा; और तुम में साँस समवाऊँगा और तुम जी जाओगी; और तुम जान लोगी कि मैं यहोवा हूँ’।”\n"
      },
      {
        "tag": "s5",
        "nextChar": "\n",
        "type": "section"
      }
    ]
  },
  "7": {
    "verseObjects": [
      {
        "type": "text",
        "text": "इस आज्ञा के अनुसार मैं भविष्यद्वाणी करने लगा; और मैं भविष्यद्वाणी कर ही रहा था, कि एक आहट आई, और भूकम्प हुआ, और वे हड्डियाँ इकट्ठी होकर हड्डी से हड्डी जुड़ गई।\n"
      }
    ]
  },
  "8": {
    "verseObjects": [
      {
        "type": "text",
        "text": "मैं देखता रहा, कि उनमें नसें उत्‍पन्‍न हुई और माँस चढ़ा, और वे ऊपर चमड़े से ढँप गई; परन्तु उनमें साँस कुछ न थी।\n"
      },
      {
        "tag": "s5",
        "nextChar": "\n",
        "type": "section"
      }
    ]
  },
  "9": {
    "verseObjects": [
      {
        "type": "text",
        "text": "तब उसने मुझसे कहा, “हे मनुष्य के सन्तान साँस से भविष्यद्वाणी कर, और साँस से भविष्यद्वाणी करके कह, हे साँस, परमेश्‍वर यहोवा यह कहता है कि चारों दिशाओं से आकर इन घात किए हुओं में समा जा* कि ये जी उठें।”\n"
      }
    ]
  },
  "10": {
    "verseObjects": [
      {
        "type": "text",
        "text": "उसकी इस आज्ञा के अनुसार मैंने भविष्यद्वाणी की, तब साँस उनमें आ गई, और वे जीकर अपने-अपने पाँवों के बल खड़े हो गए; और एक बहुत बड़ी सेना हो गई।\n"
      },
      {
        "tag": "s5",
        "nextChar": "\n",
        "type": "section"
      }
    ]
  },
  "11": {
    "verseObjects": [
      {
        "type": "text",
        "text": "फिर उसने मुझसे कहा, “हे मनुष्य के सन्तान, ये हड्डियाँ इस्राएल के सारे घराने की उपमा हैं। वे कहते हैं, हमारी हड्डियाँ सूख गई, और हमारी आशा जाती रही; हम पूरी रीति से कट चूके हैं।\n"
      }
    ]
  },
  "12": {
    "verseObjects": [
      {
        "type": "text",
        "text": "इस कारण भविष्यद्वाणी करके उनसे कह, परमेश्‍वर यहोवा यह कहता है : हे मेरी प्रजा के लोगों, देखो, मैं तुम्हारी कब्रे खोलकर तुम को उनसे निकालूँगा, और इस्राएल के देश में पहुँचा दूँगा। (यशा. 26:19)\n"
      },
      {
        "tag": "s5",
        "nextChar": "\n",
        "type": "section"
      }
    ]
  },
  "13": {
    "verseObjects": [
      {
        "type": "text",
        "text": "इसलिए जब मैं तुम्हारी कब्रे खोलूँ, और तुम को उनसे निकालूँ, तब हे मेरी प्रजा के लोगों, तुम जान लोगे कि मैं यहोवा हूँ।\n"
      }
    ]
  },
  "14": {
    "verseObjects": [
      {
        "type": "text",
        "text": "मैं तुम में अपना आत्मा समवाऊँगा, और तुम जीओगे, और तुम को तुम्हारे निज देश में बसाऊँगा; तब तुम जान लोगे कि मुझ यहोवा ही ने यह कहा, और किया भी है, यहोवा की यही वाणी है।” (यहे. 36:27)\n"
      },
      {
        "tag": "s",
        "type": "section",
        "content": "यहूदा और इस्राएल का फिर एक होना\n"
      },
      {
        "tag": "p",
        "nextChar": "\n",
        "type": "paragraph"
      },
      {
        "tag": "s5",
        "nextChar": "\n",
        "type": "section"
      }
    ]
  },
  "15": {
    "verseObjects": [
      {
        "type": "text",
        "text": "फिर यहोवा का यह वचन मेरे पास पहुँचा :\n"
      }
    ]
  },
  "16": {
    "verseObjects": [
      {
        "type": "text",
        "text": "“हे मनुष्य के सन्तान, एक लकड़ी लेकर उस पर लिख, ‘यहूदा की और उसके संगी इस्राएलियों की;’ तब दूसरी लकड़ी लेकर उस पर लिख, ‘यूसुफ की अर्थात् एप्रैम की, और उसके संगी इस्राएलियों की लकड़ी।’\n"
      }
    ]
  },
  "17": {
    "verseObjects": [
      {
        "type": "text",
        "text": "फिर उन लकड़ियों को एक दूसरी से जोड़कर एक ही कर ले कि वे तेरे हाथ में एक ही लकड़ी बन जाएँ।\n"
      },
      {
        "tag": "s5",
        "nextChar": "\n",
        "type": "section"
      }
    ]
  },
  "18": {
    "verseObjects": [
      {
        "type": "text",
        "text": "जब तेरे लोग तुझ से पूछें, ‘क्या तू हमें न बताएगा कि इनसे तेरा क्या अभिप्राय है?’\n"
      }
    ]
  },
  "19": {
    "verseObjects": [
      {
        "type": "text",
        "text": "तब उनसे कहना, परमेश्‍वर यहोवा यह कहता है : देखो, मैं यूसुफ की लकड़ी को जो एप्रैम के हाथ में है*, और इस्राएल के जो गोत्र उसके संगी हैं, उनको लेकर यहूदा की लकड़ी से जोड़कर उसके साथ एक ही लकड़ी कर दूँगा; और दोनों मेरे हाथ में एक ही लकड़ी बनेंगी।\n"
      }
    ]
  },
  "20": {
    "verseObjects": [
      {
        "type": "text",
        "text": "जिन लकड़ियों पर तू ऐसा लिखेगा, वे उनके सामने तेरे हाथ में रहें।\n"
      },
      {
        "tag": "s5",
        "nextChar": "\n",
        "type": "section"
      }
    ]
  },
  "21": {
    "verseObjects": [
      {
        "type": "text",
        "text": "तब तू उन लोगों से कह, परमेश्‍वर यहोवा यह कहता है, देखो, मैं इस्राएलियों को उन जातियों में से लेकर जिनमें वे चले गए हैं, चारों ओर से इकट्ठा करूँगा; और उनके निज देश में पहुँचाऊँगा।\n"
      }
    ]
  },
  "22": {
    "verseObjects": [
      {
        "type": "text",
        "text": "मैं उनको उस देश अर्थात् इस्राएल के पहाड़ों पर एक ही जाति कर दूँगा; और उन सभी का एक ही राजा होगा*; और वे फिर दो न रहेंगे और न दो राज्यों में कभी बटेंगे।\n"
      }
    ]
  },
  "23": {
    "verseObjects": [
      {
        "type": "text",
        "text": "वे फिर अपनी मूरतों, और घिनौने कामों या अपने किसी प्रकार के पाप के द्वारा अपने को अशुद्ध न करेंगे; परन्तु मैं उनको उन सब बस्तियों से, जहाँ वे पाप करते थे, निकालकर शुद्ध करूँगा, और वे मेरी प्रजा होंगे, और मैं उनका परमेश्‍वर हूँगा। (यहे. 36:25)\n"
      },
      {
        "tag": "p",
        "nextChar": "\n",
        "type": "paragraph"
      },
      {
        "tag": "s5",
        "nextChar": "\n",
        "type": "section"
      }
    ]
  },
  "24": {
    "verseObjects": [
      {
        "type": "text",
        "text": "“मेरा दास दाऊद उनका राजा होगा; और उन सभी का एक ही चरवाहा होगा। वे मेरे नियमों पर चलेंगे और मेरी विधियों को मानकर उनके अनुसार चलेंगे। (यहे. 34:23)\n"
      }
    ]
  },
  "25": {
    "verseObjects": [
      {
        "type": "text",
        "text": "वे उस देश में रहेंगे जिसे मैंने अपने दास याकूब को दिया था; और जिसमें तुम्हारे पुरखा रहते थे, उसी में वे और उनके बेटे-पोते सदा बसे रहेंगे; और मेरा दास दाऊद सदा उनका प्रधान रहेगा।\n"
      },
      {
        "tag": "s5",
        "nextChar": "\n",
        "type": "section"
      }
    ]
  },
  "26": {
    "verseObjects": [
      {
        "type": "text",
        "text": "मैं उनके साथ शान्ति की वाचा बाँधूँगा; वह सदा की वाचा ठहरेगी; और मैं उन्हें स्थान देकर गिनती में बढ़ाऊँगा, और उनके बीच अपना पवित्रस्‍थान सदा बनाए रखूँगा। (भज. 89:3-4)\n"
      }
    ]
  },
  "27": {
    "verseObjects": [
      {
        "type": "text",
        "text": "मेरे निवास का तम्बू उनके ऊपर तना रहेगा; और मैं उनका परमेश्‍वर हूँगा, और वे मेरी प्रजा होंगे। (प्रका. 21:3)\n"
      }
    ]
  },
  "28": {
    "verseObjects": [
      {
        "type": "text",
        "text": "जब मेरा पवित्रस्‍थान उनके बीच सदा के लिये रहेगा, तब सब जातियाँ जान लेंगी कि मैं यहोवा इस्राएल का पवित्र करनेवाला हूँ।”\n\n"
      },
      {
        "tag": "s5",
        "nextChar": "\n",
        "type": "section"
      }
    ]
  },
  "front": {
    "verseObjects": [
      {
        "tag": "s",
        "type": "section",
        "content": "सूखी हड्डियों की तराई का दर्शन\n"
      },
      {
        "tag": "p",
        "nextChar": "\n",
        "type": "paragraph"
      }
    ]
  }
}