{
  "1": {
    "verseObjects": [
      {
        "type": "text",
        "text": "“परमेश्‍वर यहोवा यह कहता है : भीतरी आँगन का पूर्वमुखी फाटक काम-काज के छः दिन बन्द रहे, परन्तु विश्रामदिन को खुला रहे। और नये चाँद के दिन भी खुला रहे।\n"
      }
    ]
  },
  "2": {
    "verseObjects": [
      {
        "type": "text",
        "text": "प्रधान बाहर से फाटक के ओसारे के मार्ग से आकर फाटक के एक खम्भे के पास खड़ा हो जाए, और याजक उसका होमबलि और मेलबलि तैयार करें; और वह फाटक की डेवढ़ी पर दण्डवत् करे; तब वह बाहर जाए, और फाटक सांझ से पहले बन्द न किया जाए।\n"
      },
      {
        "tag": "s5",
        "type": "section",
        "text": "\n"
      }
    ]
  },
  "3": {
    "verseObjects": [
      {
        "type": "text",
        "text": "लोग विश्राम और नये चाँद के दिनों में उस फाटक के द्वार* में यहोवा के सामने दण्डवत् करें।\n"
      }
    ]
  },
  "4": {
    "verseObjects": [
      {
        "type": "text",
        "text": "विश्रामदिन में जो होमबलि प्रधान यहोवा के लिये चढ़ाए, वह भेड़ के छः निर्दोष बच्चे और एक निर्दोष मेढ़े का हो।\n"
      }
    ]
  },
  "5": {
    "verseObjects": [
      {
        "type": "text",
        "text": "अन्नबलि यह हो : अर्थात् मेढ़े के साथ एपा भर अन्न और भेड़ के बच्चों के साथ यथाशक्ति अन्न और एपा पीछे हीन भर तेल।\n"
      },
      {
        "tag": "s5",
        "type": "section",
        "text": "\n"
      }
    ]
  },
  "6": {
    "verseObjects": [
      {
        "type": "text",
        "text": "नये चाँद के दिन वह एक निर्दोष बछड़ा और भेड़ के छः बच्चे और एक मेढ़ा चढ़ाए; ये सब निर्दोष हों।\n"
      }
    ]
  },
  "7": {
    "verseObjects": [
      {
        "type": "text",
        "text": "बछड़े और मेढ़े दोनों के साथ वह एक-एक एपा अन्नबलि तैयार करे, और भेड़ के बच्चों के साथ यथाशक्ति अन्न, और एपा पीछे हीन भर तेल।\n"
      }
    ]
  },
  "8": {
    "verseObjects": [
      {
        "type": "text",
        "text": "जब प्रधान भीतर जाए तब वह फाटक के ओसारे से होकर* जाए, और उसी मार्ग से निकल जाए।\n"
      },
      {
        "tag": "p",
        "type": "paragraph",
        "text": "\n"
      },
      {
        "tag": "s5",
        "type": "section",
        "text": "\n"
      }
    ]
  },
  "9": {
    "verseObjects": [
      {
        "type": "text",
        "text": "“जब साधारण लोग नियत समयों में यहोवा के सामने दण्डवत् करने आएँ, तब जो उत्तरी फाटक से होकर दण्डवत् करने को भीतर आए, वह दक्षिणी फाटक से होकर निकले, और जो दक्षिणी फाटक से होकर भीतर आए, वह उत्तरी फाटक से होकर निकले, अर्थात् जो जिस फाटक से भीतर आया हो, वह उसी फाटक से न लौटे, अपने सामने ही निकल जाए।\n"
      }
    ]
  },
  "10": {
    "verseObjects": [
      {
        "type": "text",
        "text": "जब वे भीतर आएँ तब प्रधान उनके बीच होकर आएँ, और जब वे निकलें, तब वे एक साथ निकलें।\n"
      },
      {
        "tag": "p",
        "type": "paragraph",
        "text": "\n"
      },
      {
        "tag": "s5",
        "type": "section",
        "text": "\n"
      }
    ]
  },
  "11": {
    "verseObjects": [
      {
        "type": "text",
        "text": "“पर्वों और अन्य नियत समयों का अन्नबलि बछड़े पीछे एपा भर, और मेढ़े पीछे एपा भर का हो; और भेड़ के बच्चों के साथ यथाशक्ति अन्न और एपा पीछे हीन भर तेल।\n"
      }
    ]
  },
  "12": {
    "verseObjects": [
      {
        "type": "text",
        "text": "फिर जब प्रधान होमबलि या मेलबलि को स्वेच्छाबलि करके यहोवा के लिये तैयार करे, तब पूर्वमुखी फाटक उनके लिये खोला जाए, और वह अपना होमबलि या मेलबलि वैसे ही तैयार करे जैसे वह विश्रामदिन को करता है; तब वह निकले, और उसके निकलने के पीछे फाटक बन्द किया जाए।\n"
      },
      {
        "tag": "s",
        "type": "section",
        "text": "प्रतिदिन की भेंट\n"
      },
      {
        "tag": "p",
        "type": "paragraph",
        "text": "\n"
      },
      {
        "tag": "s5",
        "type": "section",
        "text": "\n"
      }
    ]
  },
  "13": {
    "verseObjects": [
      {
        "type": "text",
        "text": "“प्रतिदिन तू वर्ष भर का एक निर्दोष भेड़ का बच्चा यहोवा के होमबलि के लिये तैयार करना, यह प्रति भोर को तैयार किया जाए।\n"
      }
    ]
  },
  "14": {
    "verseObjects": [
      {
        "type": "text",
        "text": "प्रति भोर को उसके साथ एक अन्नबलि तैयार करना, अर्थात् एपा का छठवाँ अंश और मैदा में मिलाने के लिये हीन भर तेल की तिहाई यहोवा के लिये सदा का अन्नबलि नित्य विधि के अनुसार चढ़ाया जाए।\n"
      }
    ]
  },
  "15": {
    "verseObjects": [
      {
        "type": "text",
        "text": "भेड़ का बच्चा, अन्नबलि और तेल, प्रति भोर को नित्य होमबलि करके चढ़ाया जाए।\n"
      },
      {
        "tag": "s",
        "type": "section",
        "text": "प्रधान और भूमि का भाग\n"
      },
      {
        "tag": "p",
        "type": "paragraph",
        "text": "\n"
      },
      {
        "tag": "s5",
        "type": "section",
        "text": "\n"
      }
    ]
  },
  "16": {
    "verseObjects": [
      {
        "type": "text",
        "text": "“परमेश्‍वर यहोवा यह कहता है : यदि प्रधान अपने किसी पुत्र को कुछ दे, तो वह उसका भाग होकर उसके पोतों को भी मिले; भाग के नियम के अनुसार वह उनका भी निज धन ठहरे।\n"
      }
    ]
  },
  "17": {
    "verseObjects": [
      {
        "type": "text",
        "text": "परन्तु यदि वह अपने भाग में से अपने किसी कर्मचारी को कुछ दे, तो स्वतंत्रता के वर्ष तक तो वह उसका बना रहे, परन्तु उसके बाद प्रधान को लौटा दिया जाए; और उसका निज भाग ही उसके पुत्रों को मिले।\n"
      }
    ]
  },
  "18": {
    "verseObjects": [
      {
        "type": "text",
        "text": "प्रजा का ऐसा कोई भाग प्रधान न ले, जो अंधेर से उनकी निज भूमि से छीना हो; अपने पुत्रों को वह अपनी ही निज भूमि में से भाग दे; ऐसा न हो कि मेरी प्रजा के लोग अपनी-अपनी निज भूमि से तितर-बितर हो जाएँ।”\n"
      },
      {
        "tag": "s",
        "type": "section",
        "text": "मन्दिर के रसोईघर\n"
      },
      {
        "tag": "p",
        "type": "paragraph",
        "text": "\n"
      },
      {
        "tag": "s5",
        "type": "section",
        "text": "\n"
      }
    ]
  },
  "19": {
    "verseObjects": [
      {
        "type": "text",
        "text": "फिर वह मुझे फाटक के एक ओर के द्वार से होकर याजकों की उत्तरमुखी पवित्र कोठरियों में ले गया; वहाँ पश्चिम ओर के कोने में एक स्थान था।\n"
      }
    ]
  },
  "20": {
    "verseObjects": [
      {
        "type": "text",
        "text": "तब उसने मुझसे कहा, “यह वह स्थान है जिसमें याजक लोग दोषबलि और पापबलि के माँस को पकाएँ और अन्नबलि को पकाएँ, ऐसा न हो कि उन्हें बाहरी आँगन में ले जाने से साधारण लोग पवित्र ठहरें।”\n"
      },
      {
        "tag": "s5",
        "type": "section",
        "text": "\n"
      }
    ]
  },
  "21": {
    "verseObjects": [
      {
        "type": "text",
        "text": "तब उसने मुझे बाहरी आँगन में ले जाकर उस आँगन के चारों कोनों में फिराया, और आँगन के हर एक कोने में एक-एक ओट बना था,\n"
      }
    ]
  },
  "22": {
    "verseObjects": [
      {
        "type": "text",
        "text": "अर्थात् आँगन के चारों कोनों में चालीस हाथ लम्बे और तीस हाथ चौड़े ओट थे; चारों कोनों के ओटों की एक ही माप थी।\n"
      }
    ]
  },
  "23": {
    "verseObjects": [
      {
        "type": "text",
        "text": "भीतर चारों ओर दीवार थी, और दीवारों के नीचे पकाने के चूल्हे बने हुए थे।\n"
      }
    ]
  },
  "24": {
    "verseObjects": [
      {
        "type": "text",
        "text": "तब उसने मुझसे कहा, “पकाने के घर, जहाँ भवन के टहलुए लोगों के बलिदानों को पकाएँ, वे ये ही हैं।”\n\n"
      },
      {
        "tag": "s5",
        "type": "section",
        "text": "\n"
      }
    ]
  },
  "front": {
    "verseObjects": [
      {
        "tag": "s",
        "type": "section",
        "text": "नियत समयों में बलि\n"
      },
      {
        "tag": "p",
        "type": "paragraph",
        "text": "\n"
      }
    ]
  }
}