{
  "1": {
    "verseObjects": [
      {
        "type": "text",
        "text": "“गोत्रें के भाग ये हों : उत्तरी सीमा से लगा हुआ हेतलोन के मार्ग के पास से हमात की घाटी तक, और दमिश्क की सीमा के पास के हसरेनान से उत्तर की ओर हमात के पास तक एक भाग दान का हो; और उसके पूर्वी और पश्चिमी सीमा भी हों।\n"
      }
    ]
  },
  "2": {
    "verseObjects": [
      {
        "type": "text",
        "text": "दान की सीमा से लगा हुआ पूर्व से पश्चिम तक आशेर का एक भाग हो।\n"
      }
    ]
  },
  "3": {
    "verseObjects": [
      {
        "type": "text",
        "text": "आशेर की सीमा से लगा हुआ, पूर्व से पश्चिम तक नप्ताली का एक भाग हो।\n"
      },
      {
        "tag": "s5",
        "nextChar": "\n",
        "type": "section"
      }
    ]
  },
  "4": {
    "verseObjects": [
      {
        "type": "text",
        "text": "नप्ताली की सीमा से लगा हुआ पूर्व से पश्चिम तक मनश्शे का एक भाग।\n"
      }
    ]
  },
  "5": {
    "verseObjects": [
      {
        "type": "text",
        "text": "मनश्शे की सीमा से लगा हुआ पूर्व से पश्चिम तक एप्रैम का एक भाग हो।\n"
      }
    ]
  },
  "6": {
    "verseObjects": [
      {
        "type": "text",
        "text": "एप्रैम की सीमा से लगा हुआ पूर्व से पश्चिम तक रूबेन का एक भाग हो।\n"
      }
    ]
  },
  "7": {
    "verseObjects": [
      {
        "type": "text",
        "text": "और रूबेन की सीमा से लगा हुआ, पूर्व से पश्चिम तक यहूदा का एक भाग हो।\n"
      },
      {
        "tag": "s",
        "type": "section",
        "content": "देश के मध्य में भूमि का विशेष भाग\n"
      },
      {
        "tag": "p",
        "nextChar": "\n",
        "type": "paragraph"
      },
      {
        "tag": "s5",
        "nextChar": "\n",
        "type": "section"
      }
    ]
  },
  "8": {
    "verseObjects": [
      {
        "type": "text",
        "text": "“यहूदा की सीमा से लगा हुआ पूर्व से पश्चिम तक वह अर्पण किया हुआ भाग* हो, जिसे तुम्हें अर्पण करना होगा, वह पच्चीस हजार बाँस चौड़ा और पूर्व से पश्चिम तक किसी एक गोत्र के भाग के तुल्य लम्बा हो, और उसके बीच में पवित्रस्‍थान हो।\n"
      }
    ]
  },
  "9": {
    "verseObjects": [
      {
        "type": "text",
        "text": "जो भाग तुम्हें यहोवा को अर्पण करना होगा, उसकी लम्बाई पच्चीस हजार बाँस और चौड़ाई दस हजार बाँस की हो।\n"
      },
      {
        "tag": "s5",
        "nextChar": "\n",
        "type": "section"
      }
    ]
  },
  "10": {
    "verseObjects": [
      {
        "type": "text",
        "text": "यह अर्पण किया हुआ पवित्र भाग याजकों को मिले; वह उत्तर ओर पच्चीस हजार बाँस लम्बा, पश्चिम ओर दस हजार बाँस चौड़ा, पूर्व ओर दस हजार बाँस चौड़ा और दक्षिण ओर पच्चीस हजार बाँस लम्बा हो; और उसके बीचोबीच यहोवा का पवित्रस्‍थान हो।\n"
      }
    ]
  },
  "11": {
    "verseObjects": [
      {
        "type": "text",
        "text": "यह विशेष पवित्र भाग सादोक की सन्तान के उन याजकों का हो जो मेरी आज्ञाओं को पालते रहें, और इस्राएलियों के भटक जाने के समय लेवियों के समान न भटके थे।\n"
      }
    ]
  },
  "12": {
    "verseObjects": [
      {
        "type": "text",
        "text": "इसलिए देश के अर्पण किए हुए भाग में से यह उनके लिये अर्पण किया हुआ भाग, अर्थात् परमपवित्र देश ठहरे; और लेवियों की सीमा से लगा रहे।\n"
      },
      {
        "tag": "s5",
        "nextChar": "\n",
        "type": "section"
      }
    ]
  },
  "13": {
    "verseObjects": [
      {
        "type": "text",
        "text": "याजकों की सीमा से लगा हुआ लेवियों का भाग हो, वह पच्चीस हजार बाँस लम्बा और दस हजार बाँस चौड़ा हो। सारी लम्बाई पच्चीस हजार बाँस की और चौड़ाई दस हजार बाँस की हो।\n"
      }
    ]
  },
  "14": {
    "verseObjects": [
      {
        "type": "text",
        "text": "वे उसमें से न तो कुछ बेचें, न दूसरी भूमि से बदलें; और न भूमि की पहली उपज और किसी को दी जाए। क्योंकि वह यहोवा के लिये पवित्र है।\n"
      },
      {
        "tag": "p",
        "nextChar": "\n",
        "type": "paragraph"
      },
      {
        "tag": "s5",
        "nextChar": "\n",
        "type": "section"
      }
    ]
  },
  "15": {
    "verseObjects": [
      {
        "type": "text",
        "text": "“चौड़ाई के पच्चीस हजार बाँस के सामने जो पाँच हजार बचा रहेगा, वह नगर और बस्ती और चराई के लिये साधारण भाग हो; और नगर उसके बीच में हो।\n"
      }
    ]
  },
  "16": {
    "verseObjects": [
      {
        "type": "text",
        "text": "नगर का यह माप हो, अर्थात् उत्तर, दक्षिण, पूर्व और पश्चिम की ओर साढ़े चार-चार हजार हाथ।\n"
      },
      {
        "tag": "s5",
        "nextChar": "\n",
        "type": "section"
      }
    ]
  },
  "17": {
    "verseObjects": [
      {
        "type": "text",
        "text": "नगर के पास उत्तर, दक्षिण, पूर्व, पश्चिम, चराइयाँ हों। जो ढाई-ढाई सौ बाँस चौड़ी हों।\n"
      }
    ]
  },
  "18": {
    "verseObjects": [
      {
        "type": "text",
        "text": "अर्पण किए हुए पवित्र भाग के पास की लम्बाई में से जो कुछ बचे, अर्थात् पूर्व और पश्चिम दोनों ओर दस-दस बाँस जो अर्पण किए हुए भाग के पास हो, उसकी उपज नगर में परिश्रम करनेवालों के खाने के लिये हो।\n"
      },
      {
        "tag": "s5",
        "nextChar": "\n",
        "type": "section"
      }
    ]
  },
  "19": {
    "verseObjects": [
      {
        "type": "text",
        "text": "इस्राएल के सारे गोत्रों में से* जो नगर में परिश्रम करें, वे उसकी खेती किया करें।\n"
      }
    ]
  },
  "20": {
    "verseObjects": [
      {
        "type": "text",
        "text": "सारा अर्पण किया हुआ भाग पच्चीस हजार बाँस लम्बा और पच्चीस हजार बाँस चौड़ा हो; तुम्हें चौकोर पवित्र भाग अर्पण करना होगा जिसमें नगर की विशेष भूमि हो।\n"
      },
      {
        "tag": "p",
        "nextChar": "\n",
        "type": "paragraph"
      },
      {
        "tag": "s5",
        "nextChar": "\n",
        "type": "section"
      }
    ]
  },
  "21": {
    "verseObjects": [
      {
        "type": "text",
        "text": "“जो भाग रह जाए, वह प्रधान को मिले। पवित्र अर्पण किए हुए भाग की, और नगर की विशेष भूमि की दोनों ओर अर्थात् उनकी पूर्व और पश्चिम की ओर के पच्चीस-पच्चीस हजार बाँस की चौड़ाई के पास, जो और गोत्रों के भागों के पास रहे, वह प्रधान को मिले। और अर्पण किया हुआ पवित्र भाग और भवन का पवित्रस्‍थान उनके बीच में हो।\n"
      }
    ]
  },
  "22": {
    "verseObjects": [
      {
        "type": "text",
        "text": "जो प्रधान का भाग होगा, वह लेवियों के बीच और नगरों की विशेष भूमि हो। प्रधान का भाग यहूदा और बिन्यामीन की सीमा के बीच में हो।\n"
      },
      {
        "tag": "s",
        "type": "section",
        "content": "अन्य गोत्रों के भाग\n"
      },
      {
        "tag": "p",
        "nextChar": "\n",
        "type": "paragraph"
      },
      {
        "tag": "s5",
        "nextChar": "\n",
        "type": "section"
      }
    ]
  },
  "23": {
    "verseObjects": [
      {
        "type": "text",
        "text": "“अन्य गोत्रों के भाग इस प्रकार हों : पूर्व से पश्चिम तक बिन्यामीन का एक भाग हो।\n"
      }
    ]
  },
  "24": {
    "verseObjects": [
      {
        "type": "text",
        "text": "बिन्यामीन की सीमा से लगा हुआ पूर्व से पश्चिम तक शिमोन का एक भाग।\n"
      }
    ]
  },
  "25": {
    "verseObjects": [
      {
        "type": "text",
        "text": "शिमोन की सीमा से लगा हुआ पूर्व से पश्चिम तक इस्साकार का एक भाग।\n"
      }
    ]
  },
  "26": {
    "verseObjects": [
      {
        "type": "text",
        "text": "इस्साकार की सीमा से लगा हुआ पूर्व से पश्चिम तक जबूलून का एक भाग।\n"
      },
      {
        "tag": "s5",
        "nextChar": "\n",
        "type": "section"
      }
    ]
  },
  "27": {
    "verseObjects": [
      {
        "type": "text",
        "text": "जबूलून की सीमा से लगा हुआ पूर्व से पश्चिम तक गाद का एक भाग।\n"
      }
    ]
  },
  "28": {
    "verseObjects": [
      {
        "type": "text",
        "text": "और गाद की सीमा के पास दक्षिण ओर की सीमा तामार से लेकर मरीबा-कादेश नामक सोते तक, और मिस्र के नाले और महासागर तक पहुँचे।\n"
      }
    ]
  },
  "29": {
    "verseObjects": [
      {
        "type": "text",
        "text": "जो देश तुम्हें इस्राएल के गोत्रों को बाँटना होगा वह यही है, और उनके भाग भी ये ही हैं, परमेश्‍वर यहोवा की यही वाणी है।\n"
      },
      {
        "tag": "s",
        "type": "section",
        "content": "नया नगर\n"
      },
      {
        "tag": "p",
        "nextChar": "\n",
        "type": "paragraph"
      },
      {
        "tag": "s5",
        "nextChar": "\n",
        "type": "section"
      }
    ]
  },
  "30": {
    "verseObjects": [
      {
        "type": "text",
        "text": "“नगर के निकास ये हों, अर्थात् उत्तर की ओर जिसकी लम्बाई चार हजार पाँच सौ बाँस की हो।\n"
      }
    ]
  },
  "31": {
    "verseObjects": [
      {
        "type": "text",
        "text": "उसमें तीन फाटक हों, अर्थात् एक रूबेन का फाटक, एक यहूदा का फाटक, और एक लेवी का फाटक हो; क्योंकि नगर के फाटकों के नाम इस्राएल के गोत्रों के नामों पर रखने होंगे।\n"
      }
    ]
  },
  "32": {
    "verseObjects": [
      {
        "type": "text",
        "text": "पूरब की ओर सीमा चार हजार पाँच सौ बाँस लम्बी हो, और उसमें तीन फाटक हों; अर्थात् एक यूसुफ का फाटक, एक बिन्यामीन का फाटक, और एक दान का फाटक हो।\n"
      },
      {
        "tag": "s5",
        "nextChar": "\n",
        "type": "section"
      }
    ]
  },
  "33": {
    "verseObjects": [
      {
        "type": "text",
        "text": "दक्षिण की ओर सीमा चार हजार पाँच सौ बाँस लम्बी हो, और उसमें तीन फाटक हों; अर्थात् एक शिमोन का फाटक, एक इस्साकार का फाटक, और एक जबूलून का फाटक हो।\n"
      }
    ]
  },
  "34": {
    "verseObjects": [
      {
        "type": "text",
        "text": "और पश्चिम की ओर सीमा चार हजार पाँच सौ बाँस लम्बी हो, और उसमें तीन फाटक हों; अर्थात् एक गाद का फाटक, एक आशेर का फाटक और नप्ताली का फाटक हो।\n"
      }
    ]
  },
  "35": {
    "verseObjects": [
      {
        "type": "text",
        "text": "नगर के चारों ओर का घेरा अठारह हजार बाँस का हो, और उस दिन से आगे को नगर का नाम ‘यहोवा शाम्मा’ रहेगा।”"
      }
    ]
  },
  "front": {
    "verseObjects": [
      {
        "tag": "s",
        "type": "section",
        "content": "गोत्रों में भूमि-वितरण\n"
      },
      {
        "tag": "p",
        "nextChar": "\n",
        "type": "paragraph"
      }
    ]
  }
}