{
  "1": {
    "verseObjects": [
      {
        "type": "text",
        "text": "“हे मनुष्य के सन्तान, एक पैनी तलवार ले, और उसे नाईं के उस्तरे के काम में लाकर अपने सिर और दाढ़ी के बाल मूँड़ डाल; तब तौलने का काँटा लेकर बालों के भाग कर।\n"
      }
    ]
  },
  "2": {
    "verseObjects": [
      {
        "type": "text",
        "text": "जब नगर के घिरने के दिन पूरे हों, तब नगर के भीतर एक तिहाई आग में डालकर जलाना; और एक तिहाई लेकर चारों ओर तलवार से मारना*; और एक तिहाई को पवन में उड़ाना, और मैं तलवार खींचकर उसके पीछे चलाऊँगा।\n"
      },
      {
        "tag": "s5",
        "nextChar": "\n",
        "type": "section"
      }
    ]
  },
  "3": {
    "verseObjects": [
      {
        "type": "text",
        "text": "तब इनमें से थोड़े से बाल लेकर अपने कपड़े की छोर में बाँधना।\n"
      }
    ]
  },
  "4": {
    "verseObjects": [
      {
        "type": "text",
        "text": "फिर उनमें से भी थोड़े से लेकर आग के बीच डालना कि वे आग में जल जाएँ; तब उसी में से एक लौ भड़ककर इस्राएल के सारे घराने में फैल जाएगी।\n"
      },
      {
        "tag": "p",
        "nextChar": "\n",
        "type": "paragraph"
      },
      {
        "tag": "s5",
        "nextChar": "\n",
        "type": "section"
      }
    ]
  },
  "5": {
    "verseObjects": [
      {
        "type": "text",
        "text": "“प्रभु यहोवा यह कहता है: यरूशलेम ऐसी ही है; मैंने उसको अन्यजातियों के बीच में ठहराया, और वह चारों ओर देशों से घिरी है।\n"
      }
    ]
  },
  "6": {
    "verseObjects": [
      {
        "type": "text",
        "text": "उसने मेरे नियमों के विरुद्ध काम करके अन्यजातियों से अधिक दुष्टता की, और मेरी विधियों के विरुद्ध चारों ओर के देशों के लोगों से अधिक बुराई की है; क्योंकि उन्होंने मेरे नियम तुच्छ जाने, और वे मेरी विधियों पर नहीं चले।\n"
      },
      {
        "tag": "s5",
        "nextChar": "\n",
        "type": "section"
      }
    ]
  },
  "7": {
    "verseObjects": [
      {
        "type": "text",
        "text": "इस कारण प्रभु यहोवा यह कहता है, तुम लोग जो अपने चारों ओर* की जातियों से अधिक हुल्लड़ मचाते, और न मेरी विधियों पर चलते, न मेरे नियमों को मानते और अपने चारों ओर की जातियों के नियमों के अनुसार भी न किया,\n"
      }
    ]
  },
  "8": {
    "verseObjects": [
      {
        "type": "text",
        "text": "इस कारण प्रभु यहोवा यह कहता है: देख, मैं स्वयं तेरे विरुद्ध हूँ; और अन्यजातियों के देखते मैं तेरे बीच न्याय के काम करूँगा।\n"
      },
      {
        "tag": "s5",
        "nextChar": "\n",
        "type": "section"
      }
    ]
  },
  "9": {
    "verseObjects": [
      {
        "type": "text",
        "text": "तेरे सब घिनौने कामों के कारण मैं तेरे बीच ऐसा करूँगा, जैसा न अब तक किया है, और न भविष्य में फिर करूँगा।\n"
      }
    ]
  },
  "10": {
    "verseObjects": [
      {
        "type": "text",
        "text": "इसलिए तेरे बीच बच्चे अपने-अपने बाप का, और बाप अपने-अपने बच्चों का माँस खाएँगे; और मैं तुझको दण्ड दूँगा,\n"
      },
      {
        "tag": "s5",
        "nextChar": "\n",
        "type": "section"
      }
    ]
  },
  "11": {
    "verseObjects": [
      {
        "type": "text",
        "text": "और तेरे सब बचे हुओं को चारों ओर तितर-बितर करूँगा। इसलिए प्रभु यहोवा की यह वाणी है, कि मेरे जीवन की सौगन्ध, इसलिए कि तूने मेरे पवित्रस्‍थान को अपनी सारी घिनौनी मूरतों और सारे घिनौने कामों से अशुद्ध किया है, मैं तुझे घटाऊँगा, और तुझ पर दया की दृष्टि न करूँगा, और तुझ पर कुछ भी कोमलता न करूँगा।\n"
      }
    ]
  },
  "12": {
    "verseObjects": [
      {
        "type": "text",
        "text": "तेरी एक तिहाई तो मरी से मरेगी, और तेरे बीच भूख से मर मिटेगी; एक तिहाई तेरे आस-पास तलवार से मारी जाएगी; और एक तिहाई को मैं चारों ओर तितर-बितर करूँगा और तलवार खींचकर उनके पीछे चलाऊँगा। (प्रका. 6:8)\n"
      },
      {
        "tag": "p",
        "nextChar": "\n",
        "type": "paragraph"
      },
      {
        "tag": "s5",
        "nextChar": "\n",
        "type": "section"
      }
    ]
  },
  "13": {
    "verseObjects": [
      {
        "type": "text",
        "text": "“इस प्रकार से मेरा कोप शान्त होगा, और अपनी जलजलाहट उन पर पूरी रीति से भड़काकर मैं शान्ति पाऊँगा; और जब मैं अपनी जलजलाहट उन पर पूरी रीति से भड़का चुकूँ, तब वे जान लेंगे कि मुझ यहोवा ही ने जलन में आकर यह कहा है।\n"
      }
    ]
  },
  "14": {
    "verseObjects": [
      {
        "type": "text",
        "text": "मैं तुझे तेरे चारों ओर की जातियों के बीच, सब आने-जानेवालों के देखते हुए उजाड़ूँगा, और तेरी नामधराई कराऊँगा।\n"
      },
      {
        "tag": "s5",
        "nextChar": "\n",
        "type": "section"
      }
    ]
  },
  "15": {
    "verseObjects": [
      {
        "type": "text",
        "text": "इसलिए जब मैं तुझको कोप और जलजलाहट और क्रोध दिलानेवाली घुड़कियों के साथ दण्ड दूँगा, तब तेरे चारों ओर की जातियों के सामने नामधराई, ठट्ठा, शिक्षा और विस्मय होगा, क्योंकि मुझ यहोवा ने यह कहा है।\n"
      }
    ]
  },
  "16": {
    "verseObjects": [
      {
        "type": "text",
        "text": "यह उस समय होगा, जब मैं उन लोगों को नाश करने के लिये तुम पर अकाल के तीखे तीर चलाकर, तुम्हारे बीच अकाल बढ़ाऊँगा, और तुम्हारे अन्‍नरूपी आधार को दूर करूँगा।\n"
      }
    ]
  },
  "17": {
    "verseObjects": [
      {
        "type": "text",
        "text": "और मैं तुम्हारे बीच अकाल और दुष्ट जन्तु भेजूँगा जो तुम्हें निःसन्तान करेंगे; और मरी और खून तुम्हारे बीच चलते रहेंगे; और मैं तुम पर तलवार चलवाऊँगा, मुझ यहोवा ने यह कहा है।” (प्रका. 6:8)\n\n"
      },
      {
        "tag": "s5",
        "nextChar": "\n",
        "type": "section"
      }
    ]
  },
  "front": {
    "verseObjects": [
      {
        "tag": "s",
        "type": "section",
        "content": "यहेजकेल का अपना बाल मूँड़वाना\n"
      },
      {
        "tag": "p",
        "nextChar": "\n",
        "type": "paragraph"
      }
    ]
  }
}