{
  "1": {
    "verseObjects": [
      {
        "text": "ὑπομίμνῃσκε",
        "tag": "w",
        "type": "word",
        "lemma": "ὑπομιμνῄσκω",
        "strong": "G52790",
        "morph": "Gr,V,MPA2,,S,"
      },
      {
        "text": "αὐτοὺς",
        "tag": "w",
        "type": "word",
        "lemma": "αὐτός",
        "strong": "G08460",
        "morph": "Gr,RP,,,3AMP,"
      },
      {
        "text": "ἀρχαῖς",
        "tag": "w",
        "type": "word",
        "lemma": "ἀρχή",
        "strong": "G07460",
        "morph": "Gr,N,,,,,DFP,",
        "tw": "rc://*/tw/dict/bible/other/ruler"
      },
      {
        "type": "text",
        "text": ","
      },
      {
        "text": "ἐξουσίαις",
        "tag": "w",
        "type": "word",
        "lemma": "ἐξουσία",
        "strong": "G18490",
        "morph": "Gr,N,,,,,DFP,",
        "tw": "rc://*/tw/dict/bible/kt/authority"
      },
      {
        "type": "text",
        "text": ","
      },
      {
        "text": "ὑποτάσσεσθαι",
        "tag": "w",
        "type": "word",
        "lemma": "ὑποτάσσω",
        "strong": "G52930",
        "morph": "Gr,V,NPM,,,,,",
        "tw": "rc://*/tw/dict/bible/other/subject"
      },
      {
        "type": "text",
        "text": ","
      },
      {
        "text": "πειθαρχεῖν",
        "tag": "w",
        "type": "word",
        "lemma": "πειθαρχέω",
        "strong": "G39800",
        "morph": "Gr,V,NPA,,,,,",
        "tw": "rc://*/tw/dict/bible/other/obey"
      },
      {
        "type": "text",
        "text": ";"
      },
      {
        "text": "πρὸς",
        "tag": "w",
        "type": "word",
        "lemma": "πρός",
        "strong": "G43140",
        "morph": "Gr,P,,,,,A,,,"
      },
      {
        "text": "πᾶν",
        "tag": "w",
        "type": "word",
        "lemma": "πᾶς",
        "strong": "G39560",
        "morph": "Gr,EQ,,,,ANS,"
      },
      {
        "text": "ἔργον",
        "tag": "w",
        "type": "word",
        "lemma": "ἔργον",
        "strong": "G20410",
        "morph": "Gr,N,,,,,ANS,",
        "tw": "rc://*/tw/dict/bible/kt/works"
      },
      {
        "text": "ἀγαθὸν",
        "tag": "w",
        "type": "word",
        "lemma": "ἀγαθός",
        "strong": "G00180",
        "morph": "Gr,AA,,,,ANS,",
        "tw": "rc://*/tw/dict/bible/kt/good"
      },
      {
        "text": "ἑτοίμους",
        "tag": "w",
        "type": "word",
        "lemma": "ἕτοιμος",
        "strong": "G20920",
        "morph": "Gr,NP,,,,AMP,"
      },
      {
        "text": "εἶναι",
        "tag": "w",
        "type": "word",
        "lemma": "εἰμί",
        "strong": "G15100",
        "morph": "Gr,V,NPA,,,,,"
      },
      {
        "type": "text",
        "text": ",\n\n"
      }
    ]
  },
  "2": {
    "verseObjects": [
      {
        "text": "μηδένα",
        "tag": "w",
        "type": "word",
        "lemma": "μηδείς",
        "strong": "G33670",
        "morph": "Gr,RI,,,,AMS,"
      },
      {
        "text": "βλασφημεῖν",
        "tag": "w",
        "type": "word",
        "lemma": "βλασφημέω",
        "strong": "G09870",
        "morph": "Gr,V,NPA,,,,,",
        "tw": "rc://*/tw/dict/bible/kt/blasphemy"
      },
      {
        "type": "text",
        "text": ","
      },
      {
        "text": "ἀμάχους",
        "tag": "w",
        "type": "word",
        "lemma": "ἄμαχος",
        "strong": "G02690",
        "morph": "Gr,NP,,,,AMP,",
        "tw": "rc://*/tw/dict/bible/other/peace"
      },
      {
        "text": "εἶναι",
        "tag": "w",
        "type": "word",
        "lemma": "εἰμί",
        "strong": "G15100",
        "morph": "Gr,V,NPA,,,,,"
      },
      {
        "type": "text",
        "text": ","
      },
      {
        "text": "ἐπιεικεῖς",
        "tag": "w",
        "type": "word",
        "lemma": "ἐπιεικής",
        "strong": "G19330",
        "morph": "Gr,NP,,,,AMP,"
      },
      {
        "type": "text",
        "text": ","
      },
      {
        "text": "πᾶσαν",
        "tag": "w",
        "type": "word",
        "lemma": "πᾶς",
        "strong": "G39560",
        "morph": "Gr,EQ,,,,AFS,"
      },
      {
        "text": "ἐνδεικνυμένους",
        "tag": "w",
        "type": "word",
        "lemma": "ἐνδείκνυμι",
        "strong": "G17310",
        "morph": "Gr,V,PPM,AMP,"
      },
      {
        "text": "πραΰτητα",
        "tag": "w",
        "type": "word",
        "lemma": "πραΰτης",
        "strong": "G42400",
        "morph": "Gr,N,,,,,AFS,",
        "tw": "rc://*/tw/dict/bible/kt/humble"
      },
      {
        "text": "πρὸς",
        "tag": "w",
        "type": "word",
        "lemma": "πρός",
        "strong": "G43140",
        "morph": "Gr,P,,,,,A,,,"
      },
      {
        "text": "πάντας",
        "tag": "w",
        "type": "word",
        "lemma": "πᾶς",
        "strong": "G39560",
        "morph": "Gr,EQ,,,,AMP,"
      },
      {
        "text": "ἀνθρώπους",
        "tag": "w",
        "type": "word",
        "lemma": "ἄνθρωπος",
        "strong": "G04440",
        "morph": "Gr,N,,,,,AMP,"
      },
      {
        "type": "text",
        "text": ".\n\n"
      }
    ]
  },
  "3": {
    "verseObjects": [
      {
        "text": "ἦμεν",
        "tag": "w",
        "type": "word",
        "lemma": "εἰμί",
        "strong": "G15100",
        "morph": "Gr,V,IIA1,,P,"
      },
      {
        "text": "γάρ",
        "tag": "w",
        "type": "word",
        "lemma": "γάρ",
        "strong": "G10630",
        "morph": "Gr,CC,,,,,,,,"
      },
      {
        "text": "ποτε",
        "tag": "w",
        "type": "word",
        "lemma": "ποτέ",
        "strong": "G42180",
        "morph": "Gr,D,,,,,,,,,"
      },
      {
        "text": "καὶ",
        "tag": "w",
        "type": "word",
        "lemma": "καί",
        "strong": "G25320",
        "morph": "Gr,D,,,,,,,,,"
      },
      {
        "text": "ἡμεῖς",
        "tag": "w",
        "type": "word",
        "lemma": "ἐγώ",
        "strong": "G14730",
        "morph": "Gr,RP,,,1N,P,"
      },
      {
        "text": "ἀνόητοι",
        "tag": "w",
        "type": "word",
        "lemma": "ἀνόητος",
        "strong": "G04530",
        "morph": "Gr,NS,,,,NMP,",
        "tw": "rc://*/tw/dict/bible/kt/foolish"
      },
      {
        "type": "text",
        "text": ","
      },
      {
        "text": "ἀπειθεῖς",
        "tag": "w",
        "type": "word",
        "lemma": "ἀπειθής",
        "strong": "G05450",
        "morph": "Gr,NS,,,,NMP,",
        "tw": "rc://*/tw/dict/bible/other/disobey"
      },
      {
        "type": "text",
        "text": ","
      },
      {
        "text": "πλανώμενοι",
        "tag": "w",
        "type": "word",
        "lemma": "πλανάω",
        "strong": "G41050",
        "morph": "Gr,V,PPP,NMP,",
        "tw": "rc://*/tw/dict/bible/other/astray"
      },
      {
        "type": "text",
        "text": ","
      },
      {
        "text": "δουλεύοντες",
        "tag": "w",
        "type": "word",
        "lemma": "δουλεύω",
        "strong": "G13980",
        "morph": "Gr,V,PPA,NMP,",
        "tw": "rc://*/tw/dict/bible/other/enslave"
      },
      {
        "text": "ἐπιθυμίαις",
        "tag": "w",
        "type": "word",
        "lemma": "ἐπιθυμία",
        "strong": "G19390",
        "morph": "Gr,N,,,,,DFP,",
        "tw": "rc://*/tw/dict/bible/other/lust"
      },
      {
        "text": "καὶ",
        "tag": "w",
        "type": "word",
        "lemma": "καί",
        "strong": "G25320",
        "morph": "Gr,CC,,,,,,,,"
      },
      {
        "text": "ἡδοναῖς",
        "tag": "w",
        "type": "word",
        "lemma": "ἡδονή",
        "strong": "G22370",
        "morph": "Gr,N,,,,,DFP,"
      },
      {
        "text": "ποικίλαις",
        "tag": "w",
        "type": "word",
        "lemma": "ποικίλος",
        "strong": "G41640",
        "morph": "Gr,AA,,,,DFP,"
      },
      {
        "type": "text",
        "text": ","
      },
      {
        "text": "ἐν",
        "tag": "w",
        "type": "word",
        "lemma": "ἐν",
        "strong": "G17220",
        "morph": "Gr,P,,,,,D,,,"
      },
      {
        "text": "κακίᾳ",
        "tag": "w",
        "type": "word",
        "lemma": "κακία",
        "strong": "G25490",
        "morph": "Gr,N,,,,,DFS,",
        "tw": "rc://*/tw/dict/bible/kt/evil"
      },
      {
        "text": "καὶ",
        "tag": "w",
        "type": "word",
        "lemma": "καί",
        "strong": "G25320",
        "morph": "Gr,CC,,,,,,,,"
      },
      {
        "text": "φθόνῳ",
        "tag": "w",
        "type": "word",
        "lemma": "φθόνος",
        "strong": "G53550",
        "morph": "Gr,N,,,,,DMS,",
        "tw": "rc://*/tw/dict/bible/other/envy"
      },
      {
        "text": "διάγοντες",
        "tag": "w",
        "type": "word",
        "lemma": "διάγω",
        "strong": "G12360",
        "morph": "Gr,V,PPA,NMP,",
        "tw": "rc://*/tw/dict/bible/kt/live"
      },
      {
        "type": "text",
        "text": ","
      },
      {
        "text": "στυγητοί",
        "tag": "w",
        "type": "word",
        "lemma": "στυγητός",
        "strong": "G47670",
        "morph": "Gr,NS,,,,NMP,"
      },
      {
        "type": "text",
        "text": ","
      },
      {
        "text": "μισοῦντες",
        "tag": "w",
        "type": "word",
        "lemma": "μισέω",
        "strong": "G34040",
        "morph": "Gr,V,PPA,NMP,"
      },
      {
        "text": "ἀλλήλους",
        "tag": "w",
        "type": "word",
        "lemma": "ἀλλήλων",
        "strong": "G02400",
        "morph": "Gr,RC,,,,AMP,"
      },
      {
        "type": "text",
        "text": ".\n\n"
      }
    ]
  },
  "4": {
    "verseObjects": [
      {
        "text": "ὅτε",
        "tag": "w",
        "type": "word",
        "lemma": "ὅτε",
        "strong": "G37530",
        "morph": "Gr,CS,,,,,,,,"
      },
      {
        "text": "δὲ",
        "tag": "w",
        "type": "word",
        "lemma": "δέ",
        "strong": "G11610",
        "morph": "Gr,CC,,,,,,,,"
      },
      {
        "text": "ἡ",
        "tag": "w",
        "type": "word",
        "lemma": "ὁ",
        "strong": "G35880",
        "morph": "Gr,EA,,,,NFS,"
      },
      {
        "text": "χρηστότης",
        "tag": "w",
        "type": "word",
        "lemma": "χρηστότης",
        "strong": "G55440",
        "morph": "Gr,N,,,,,NFS,",
        "tw": "rc://*/tw/dict/bible/other/kind"
      },
      {
        "text": "καὶ",
        "tag": "w",
        "type": "word",
        "lemma": "καί",
        "strong": "G25320",
        "morph": "Gr,CC,,,,,,,,"
      },
      {
        "text": "ἡ",
        "tag": "w",
        "type": "word",
        "lemma": "ὁ",
        "strong": "G35880",
        "morph": "Gr,EA,,,,NFS,"
      },
      {
        "text": "φιλανθρωπία",
        "tag": "w",
        "type": "word",
        "lemma": "φιλανθρωπία",
        "strong": "G53630",
        "morph": "Gr,N,,,,,NFS,",
        "tw": "rc://*/tw/dict/bible/kt/love"
      },
      {
        "text": "ἐπεφάνη",
        "tag": "w",
        "type": "word",
        "lemma": "ἐπιφαίνω",
        "strong": "G20140",
        "morph": "Gr,V,IAP3,,S,"
      },
      {
        "text": "τοῦ",
        "tag": "w",
        "type": "word",
        "lemma": "ὁ",
        "strong": "G35880",
        "morph": "Gr,EA,,,,GMS,"
      },
      {
        "text": "Σωτῆρος",
        "tag": "w",
        "type": "word",
        "lemma": "σωτήρ",
        "strong": "G49900",
        "morph": "Gr,N,,,,,GMS,",
        "tw": "rc://*/tw/dict/bible/kt/savior"
      },
      {
        "text": "ἡμῶν",
        "tag": "w",
        "type": "word",
        "lemma": "ἐγώ",
        "strong": "G14730",
        "morph": "Gr,RP,,,1G,P,"
      },
      {
        "type": "text",
        "text": ","
      },
      {
        "text": "Θεοῦ",
        "tag": "w",
        "type": "word",
        "lemma": "θεός",
        "strong": "G23160",
        "morph": "Gr,N,,,,,GMS,",
        "tw": "rc://*/tw/dict/bible/kt/god"
      },
      {
        "type": "text",
        "text": ",\n\n"
      }
    ]
  },
  "5": {
    "verseObjects": [
      {
        "text": "οὐκ",
        "tag": "w",
        "type": "word",
        "lemma": "οὐ",
        "strong": "G37560",
        "morph": "Gr,DO,,,,,,,,"
      },
      {
        "text": "ἐξ",
        "tag": "w",
        "type": "word",
        "lemma": "ἐκ",
        "strong": "G15370",
        "morph": "Gr,P,,,,,G,,,"
      },
      {
        "text": "ἔργων",
        "tag": "w",
        "type": "word",
        "lemma": "ἔργον",
        "strong": "G20410",
        "morph": "Gr,N,,,,,GNP,",
        "tw": "rc://*/tw/dict/bible/kt/works"
      },
      {
        "text": "τῶν",
        "tag": "w",
        "type": "word",
        "lemma": "ὁ",
        "strong": "G35880",
        "morph": "Gr,RD,,,,GNP,"
      },
      {
        "text": "ἐν",
        "tag": "w",
        "type": "word",
        "lemma": "ἐν",
        "strong": "G17220",
        "morph": "Gr,P,,,,,D,,,"
      },
      {
        "text": "δικαιοσύνῃ",
        "tag": "w",
        "type": "word",
        "lemma": "δικαιοσύνη",
        "strong": "G13430",
        "morph": "Gr,N,,,,,DFS,",
        "tw": "rc://*/tw/dict/bible/kt/righteous"
      },
      {
        "type": "text",
        "text": ","
      },
      {
        "text": "ἃ",
        "tag": "w",
        "type": "word",
        "lemma": "ὅς",
        "strong": "G37390",
        "morph": "Gr,RD,,,,ANP,"
      },
      {
        "text": "ἐποιήσαμεν",
        "tag": "w",
        "type": "word",
        "lemma": "ποιέω",
        "strong": "G41600",
        "morph": "Gr,V,IAA1,,P,"
      },
      {
        "text": "ἡμεῖς",
        "tag": "w",
        "type": "word",
        "lemma": "ἐγώ",
        "strong": "G14730",
        "morph": "Gr,RP,,,1N,P,"
      },
      {
        "type": "text",
        "text": ","
      },
      {
        "text": "ἀλλὰ",
        "tag": "w",
        "type": "word",
        "lemma": "ἀλλά",
        "strong": "G02350",
        "morph": "Gr,CO,,,,,,,,"
      },
      {
        "text": "κατὰ",
        "tag": "w",
        "type": "word",
        "lemma": "κατά",
        "strong": "G25960",
        "morph": "Gr,P,,,,,A,,,"
      },
      {
        "text": "τὸ",
        "tag": "w",
        "type": "word",
        "lemma": "ὁ",
        "strong": "G35880",
        "morph": "Gr,EA,,,,ANS,"
      },
      {
        "text": "αὐτοῦ",
        "tag": "w",
        "type": "word",
        "lemma": "αὐτός",
        "strong": "G08460",
        "morph": "Gr,RP,,,3GMS,"
      },
      {
        "text": "ἔλεος",
        "tag": "w",
        "type": "word",
        "lemma": "ἔλεος",
        "strong": "G16560",
        "morph": "Gr,N,,,,,ANS,",
        "tw": "rc://*/tw/dict/bible/kt/mercy"
      },
      {
        "type": "text",
        "text": ","
      },
      {
        "text": "ἔσωσεν",
        "tag": "w",
        "type": "word",
        "lemma": "σῴζω",
        "strong": "G49820",
        "morph": "Gr,V,IAA3,,S,",
        "tw": "rc://*/tw/dict/bible/kt/save"
      },
      {
        "text": "ἡμᾶς",
        "tag": "w",
        "type": "word",
        "lemma": "ἐγώ",
        "strong": "G14730",
        "morph": "Gr,RP,,,1A,P,"
      },
      {
        "type": "text",
        "text": ","
      },
      {
        "text": "διὰ",
        "tag": "w",
        "type": "word",
        "lemma": "διά",
        "strong": "G12230",
        "morph": "Gr,P,,,,,G,,,"
      },
      {
        "text": "λουτροῦ",
        "tag": "w",
        "type": "word",
        "lemma": "λουτρόν",
        "strong": "G30670",
        "morph": "Gr,N,,,,,GNS,",
        "tw": "rc://*/tw/dict/bible/kt/clean"
      },
      {
        "text": "παλινγενεσίας",
        "tag": "w",
        "type": "word",
        "lemma": "παλινγενεσία",
        "strong": "G38240",
        "morph": "Gr,N,,,,,GFS,",
        "tw": "rc://*/tw/dict/bible/kt/bornagain"
      },
      {
        "text": "καὶ",
        "tag": "w",
        "type": "word",
        "lemma": "καί",
        "strong": "G25320",
        "morph": "Gr,CC,,,,,,,,"
      },
      {
        "text": "ἀνακαινώσεως",
        "tag": "w",
        "type": "word",
        "lemma": "ἀνακαίνωσις",
        "strong": "G03420",
        "morph": "Gr,N,,,,,GFS,"
      },
      {
        "tag": "k",
        "type": "milestone",
        "tw": "rc://*/tw/dict/bible/kt/holyspirit",
        "children": [
          {
            "text": "Πνεύματος",
            "tag": "w",
            "type": "word",
            "lemma": "πνεῦμα",
            "strong": "G41510",
            "morph": "Gr,N,,,,,GNS,"
          },
          {
            "text": "Ἁγίου",
            "tag": "w",
            "type": "word",
            "lemma": "ἅγιος",
            "strong": "G00400",
            "morph": "Gr,AA,,,,GNS,",
            "tw": "rc://*/tw/dict/bible/kt/holy"
          }
        ],
        "endTag": "k-e\\*"
      },
      {
        "type": "text",
        "text": ",\n\n"
      }
    ]
  },
  "6": {
    "verseObjects": [
      {
        "text": "οὗ",
        "tag": "w",
        "type": "word",
        "lemma": "ὅς",
        "strong": "G37390",
        "morph": "Gr,RR,,,,GNS,"
      },
      {
        "text": "ἐξέχεεν",
        "tag": "w",
        "type": "word",
        "lemma": "ἐκχέω",
        "strong": "G16320",
        "morph": "Gr,V,IAA3,,S,"
      },
      {
        "text": "ἐφ’",
        "tag": "w",
        "type": "word",
        "lemma": "ἐπί",
        "strong": "G19090",
        "morph": "Gr,P,,,,,A,,,"
      },
      {
        "text": "ἡμᾶς",
        "tag": "w",
        "type": "word",
        "lemma": "ἐγώ",
        "strong": "G14730",
        "morph": "Gr,RP,,,1A,P,"
      },
      {
        "text": "πλουσίως",
        "tag": "w",
        "type": "word",
        "lemma": "πλουσίως",
        "strong": "G41460",
        "morph": "Gr,D,,,,,,,,,"
      },
      {
        "type": "text",
        "text": ","
      },
      {
        "text": "διὰ",
        "tag": "w",
        "type": "word",
        "lemma": "διά",
        "strong": "G12230",
        "morph": "Gr,P,,,,,G,,,"
      },
      {
        "tag": "k",
        "type": "milestone",
        "tw": "rc://*/tw/dict/bible/kt/jesus",
        "children": [
          {
            "text": "Ἰησοῦ",
            "tag": "w",
            "type": "word",
            "lemma": "Ἰησοῦς",
            "strong": "G24240",
            "morph": "Gr,N,,,,,GMS,"
          },
          {
            "text": "Χριστοῦ",
            "tag": "w",
            "type": "word",
            "lemma": "χριστός",
            "strong": "G55470",
            "morph": "Gr,N,,,,,GMS,",
            "tw": "rc://*/tw/dict/bible/kt/christ"
          }
        ],
        "endTag": "k-e\\*"
      },
      {
        "type": "text",
        "text": ","
      },
      {
        "text": "τοῦ",
        "tag": "w",
        "type": "word",
        "lemma": "ὁ",
        "strong": "G35880",
        "morph": "Gr,EA,,,,GMS,"
      },
      {
        "text": "Σωτῆρος",
        "tag": "w",
        "type": "word",
        "lemma": "σωτήρ",
        "strong": "G49900",
        "morph": "Gr,N,,,,,GMS,",
        "tw": "rc://*/tw/dict/bible/kt/savior"
      },
      {
        "text": "ἡμῶν",
        "tag": "w",
        "type": "word",
        "lemma": "ἐγώ",
        "strong": "G14730",
        "morph": "Gr,RP,,,1G,P,"
      },
      {
        "type": "text",
        "text": ",\n\n"
      }
    ]
  },
  "7": {
    "verseObjects": [
      {
        "text": "ἵνα",
        "tag": "w",
        "type": "word",
        "lemma": "ἵνα",
        "strong": "G24430",
        "morph": "Gr,CS,,,,,,,,"
      },
      {
        "text": "δικαιωθέντες",
        "tag": "w",
        "type": "word",
        "lemma": "δικαιόω",
        "strong": "G13440",
        "morph": "Gr,V,PAP,NMP,",
        "tw": "rc://*/tw/dict/bible/kt/justice"
      },
      {
        "text": "τῇ",
        "tag": "w",
        "type": "word",
        "lemma": "ὁ",
        "strong": "G35880",
        "morph": "Gr,EA,,,,DFS,"
      },
      {
        "text": "ἐκείνου",
        "tag": "w",
        "type": "word",
        "lemma": "ἐκεῖνος",
        "strong": "G15650",
        "morph": "Gr,RD,,,,GMS,"
      },
      {
        "text": "χάριτι",
        "tag": "w",
        "type": "word",
        "lemma": "χάρις",
        "strong": "G54850",
        "morph": "Gr,N,,,,,DFS,",
        "tw": "rc://*/tw/dict/bible/kt/grace"
      },
      {
        "type": "text",
        "text": ","
      },
      {
        "text": "κληρονόμοι",
        "tag": "w",
        "type": "word",
        "lemma": "κληρονόμος",
        "strong": "G28180",
        "morph": "Gr,N,,,,,NMP,",
        "tw": "rc://*/tw/dict/bible/other/heir"
      },
      {
        "text": "γενηθῶμεν",
        "tag": "w",
        "type": "word",
        "lemma": "γίνομαι",
        "strong": "G10960",
        "morph": "Gr,V,SAP1,,P,"
      },
      {
        "type": "text",
        "text": ","
      },
      {
        "text": "κατ’",
        "tag": "w",
        "type": "word",
        "lemma": "κατά",
        "strong": "G25960",
        "morph": "Gr,P,,,,,A,,,"
      },
      {
        "text": "ἐλπίδα",
        "tag": "w",
        "type": "word",
        "lemma": "ἐλπίς",
        "strong": "G16800",
        "morph": "Gr,N,,,,,AFS,",
        "tw": "rc://*/tw/dict/bible/kt/hope"
      },
      {
        "text": "ζωῆς",
        "tag": "w",
        "type": "word",
        "lemma": "ζωή",
        "strong": "G22220",
        "morph": "Gr,N,,,,,GFS,",
        "tw": "rc://*/tw/dict/bible/kt/life"
      },
      {
        "text": "αἰωνίου",
        "tag": "w",
        "type": "word",
        "lemma": "αἰώνιος",
        "strong": "G01660",
        "morph": "Gr,AA,,,,GFS,",
        "tw": "rc://*/tw/dict/bible/kt/eternity"
      },
      {
        "type": "text",
        "text": ".\n\n"
      }
    ]
  },
  "8": {
    "verseObjects": [
      {
        "type": "text",
        "text": "\n"
      },
      {
        "tag": "p",
        "type": "paragraph"
      },
      {
        "text": "πιστὸς",
        "tag": "w",
        "type": "word",
        "lemma": "πιστός",
        "strong": "G41030",
        "morph": "Gr,NP,,,,NMS,",
        "tw": "rc://*/tw/dict/bible/kt/faithful"
      },
      {
        "text": "ὁ",
        "tag": "w",
        "type": "word",
        "lemma": "ὁ",
        "strong": "G35880",
        "morph": "Gr,EA,,,,NMS,"
      },
      {
        "text": "λόγος",
        "tag": "w",
        "type": "word",
        "lemma": "λόγος",
        "strong": "G30560",
        "morph": "Gr,N,,,,,NMS,",
        "tw": "rc://*/tw/dict/bible/other/word"
      },
      {
        "type": "text",
        "text": ","
      },
      {
        "text": "καὶ",
        "tag": "w",
        "type": "word",
        "lemma": "καί",
        "strong": "G25320",
        "morph": "Gr,CC,,,,,,,,"
      },
      {
        "text": "περὶ",
        "tag": "w",
        "type": "word",
        "lemma": "περί",
        "strong": "G40120",
        "morph": "Gr,P,,,,,G,,,"
      },
      {
        "text": "τούτων",
        "tag": "w",
        "type": "word",
        "lemma": "οὗτος",
        "strong": "G37780",
        "morph": "Gr,RD,,,,GNP,"
      },
      {
        "text": "βούλομαί",
        "tag": "w",
        "type": "word",
        "lemma": "βούλομαι",
        "strong": "G10140",
        "morph": "Gr,V,IPM1,,S,"
      },
      {
        "text": "σε",
        "tag": "w",
        "type": "word",
        "lemma": "σύ",
        "strong": "G47710",
        "morph": "Gr,RP,,,2A,S,"
      },
      {
        "text": "διαβεβαιοῦσθαι",
        "tag": "w",
        "type": "word",
        "lemma": "διαβεβαιόομαι",
        "strong": "G12260",
        "morph": "Gr,V,NPM,,,,,"
      },
      {
        "type": "text",
        "text": ",\n“"
      },
      {
        "text": "ἵνα",
        "tag": "w",
        "type": "word",
        "lemma": "ἵνα",
        "strong": "G24430",
        "morph": "Gr,CS,,,,,,,,"
      },
      {
        "text": "φροντίζωσιν",
        "tag": "w",
        "type": "word",
        "lemma": "φροντίζω",
        "strong": "G54310",
        "morph": "Gr,V,SPA3,,P,"
      },
      {
        "text": "καλῶν",
        "tag": "w",
        "type": "word",
        "lemma": "καλός",
        "strong": "G25700",
        "morph": "Gr,AA,,,,GNP,",
        "tw": "rc://*/tw/dict/bible/kt/good"
      },
      {
        "text": "ἔργων",
        "tag": "w",
        "type": "word",
        "lemma": "ἔργον",
        "strong": "G20410",
        "morph": "Gr,N,,,,,GNP,",
        "tw": "rc://*/tw/dict/bible/kt/works"
      },
      {
        "type": "text",
        "text": ","
      },
      {
        "text": "προΐστασθαι",
        "tag": "w",
        "type": "word",
        "lemma": "προΐστημι",
        "strong": "G42910",
        "morph": "Gr,V,NPM,,,,,",
        "tw": "rc://*/tw/dict/bible/other/manager"
      },
      {
        "text": "οἱ",
        "tag": "w",
        "type": "word",
        "lemma": "ὁ",
        "strong": "G35880",
        "morph": "Gr,RD,,,,NMP,"
      },
      {
        "text": "πεπιστευκότες",
        "tag": "w",
        "type": "word",
        "lemma": "πιστεύω",
        "strong": "G41000",
        "morph": "Gr,V,PEA,NMP,",
        "tw": "rc://*/tw/dict/bible/kt/believe"
      },
      {
        "text": "Θεῷ",
        "tag": "w",
        "type": "word",
        "lemma": "θεός",
        "strong": "G23160",
        "morph": "Gr,N,,,,,DMS,",
        "tw": "rc://*/tw/dict/bible/kt/god"
      },
      {
        "type": "text",
        "text": ".”"
      },
      {
        "text": "ταῦτά",
        "tag": "w",
        "type": "word",
        "lemma": "οὗτος",
        "strong": "G37780",
        "morph": "Gr,RD,,,,NNP,"
      },
      {
        "text": "ἐστιν",
        "tag": "w",
        "type": "word",
        "lemma": "εἰμί",
        "strong": "G15100",
        "morph": "Gr,V,IPA3,,S,"
      },
      {
        "text": "καλὰ",
        "tag": "w",
        "type": "word",
        "lemma": "καλός",
        "strong": "G25700",
        "morph": "Gr,NP,,,,NNP,",
        "tw": "rc://*/tw/dict/bible/kt/good"
      },
      {
        "text": "καὶ",
        "tag": "w",
        "type": "word",
        "lemma": "καί",
        "strong": "G25320",
        "morph": "Gr,CC,,,,,,,,"
      },
      {
        "text": "ὠφέλιμα",
        "tag": "w",
        "type": "word",
        "lemma": "ὠφέλιμος",
        "strong": "G56240",
        "morph": "Gr,NP,,,,NNP,",
        "tw": "rc://*/tw/dict/bible/other/profit"
      },
      {
        "text": "τοῖς",
        "tag": "w",
        "type": "word",
        "lemma": "ὁ",
        "strong": "G35880",
        "morph": "Gr,EA,,,,DMP,"
      },
      {
        "text": "ἀνθρώποις",
        "tag": "w",
        "type": "word",
        "lemma": "ἄνθρωπος",
        "strong": "G04440",
        "morph": "Gr,N,,,,,DMP,"
      },
      {
        "type": "text",
        "text": ".\n\n"
      }
    ]
  },
  "9": {
    "verseObjects": [
      {
        "text": "μωρὰς",
        "tag": "w",
        "type": "word",
        "lemma": "μωρός",
        "strong": "G34740",
        "morph": "Gr,AA,,,,AFP,",
        "tw": "rc://*/tw/dict/bible/kt/foolish"
      },
      {
        "text": "δὲ",
        "tag": "w",
        "type": "word",
        "lemma": "δέ",
        "strong": "G11610",
        "morph": "Gr,CC,,,,,,,,"
      },
      {
        "text": "ζητήσεις",
        "tag": "w",
        "type": "word",
        "lemma": "ζήτησις",
        "strong": "G22140",
        "morph": "Gr,N,,,,,AFP,"
      },
      {
        "type": "text",
        "text": ","
      },
      {
        "text": "καὶ",
        "tag": "w",
        "type": "word",
        "lemma": "καί",
        "strong": "G25320",
        "morph": "Gr,CC,,,,,,,,"
      },
      {
        "text": "γενεαλογίας",
        "tag": "w",
        "type": "word",
        "lemma": "γενεαλογία",
        "strong": "G10760",
        "morph": "Gr,N,,,,,AFP,"
      },
      {
        "type": "text",
        "text": ","
      },
      {
        "text": "καὶ",
        "tag": "w",
        "type": "word",
        "lemma": "καί",
        "strong": "G25320",
        "morph": "Gr,CC,,,,,,,,"
      },
      {
        "text": "ἔρεις",
        "tag": "w",
        "type": "word",
        "lemma": "ἔρις",
        "strong": "G20540",
        "morph": "Gr,N,,,,,AFP,",
        "tw": "rc://*/tw/dict/bible/other/strife"
      },
      {
        "type": "text",
        "text": ","
      },
      {
        "text": "καὶ",
        "tag": "w",
        "type": "word",
        "lemma": "καί",
        "strong": "G25320",
        "morph": "Gr,CC,,,,,,,,"
      },
      {
        "text": "μάχας",
        "tag": "w",
        "type": "word",
        "lemma": "μάχη",
        "strong": "G31630",
        "morph": "Gr,N,,,,,AFP,",
        "tw": "rc://*/tw/dict/bible/other/strife"
      },
      {
        "text": "νομικὰς",
        "tag": "w",
        "type": "word",
        "lemma": "νομικός",
        "strong": "G35440",
        "morph": "Gr,AA,,,,AFP,",
        "tw": "rc://*/tw/dict/bible/kt/lawofmoses"
      },
      {
        "type": "text",
        "text": ","
      },
      {
        "text": "περιΐστασο",
        "tag": "w",
        "type": "word",
        "lemma": "περιΐστημι",
        "strong": "G40260",
        "morph": "Gr,V,MPM2,,S,"
      },
      {
        "type": "text",
        "text": ";"
      },
      {
        "text": "εἰσὶν",
        "tag": "w",
        "type": "word",
        "lemma": "εἰμί",
        "strong": "G15100",
        "morph": "Gr,V,IPA3,,P,"
      },
      {
        "text": "γὰρ",
        "tag": "w",
        "type": "word",
        "lemma": "γάρ",
        "strong": "G10630",
        "morph": "Gr,CC,,,,,,,,"
      },
      {
        "text": "ἀνωφελεῖς",
        "tag": "w",
        "type": "word",
        "lemma": "ἀνωφελής",
        "strong": "G05120",
        "morph": "Gr,NS,,,,NFP,"
      },
      {
        "text": "καὶ",
        "tag": "w",
        "type": "word",
        "lemma": "καί",
        "strong": "G25320",
        "morph": "Gr,CC,,,,,,,,"
      },
      {
        "text": "μάταιοι",
        "tag": "w",
        "type": "word",
        "lemma": "μάταιος",
        "strong": "G31520",
        "morph": "Gr,NS,,,,NFP,",
        "tw": "rc://*/tw/dict/bible/other/vain"
      },
      {
        "type": "text",
        "text": ".\n\n"
      }
    ]
  },
  "10": {
    "verseObjects": [
      {
        "text": "αἱρετικὸν",
        "tag": "w",
        "type": "word",
        "lemma": "αἱρετικός",
        "strong": "G01410",
        "morph": "Gr,AA,,,,AMS,"
      },
      {
        "text": "ἄνθρωπον",
        "tag": "w",
        "type": "word",
        "lemma": "ἄνθρωπος",
        "strong": "G04440",
        "morph": "Gr,N,,,,,AMS,"
      },
      {
        "text": "μετὰ",
        "tag": "w",
        "type": "word",
        "lemma": "μετά",
        "strong": "G33260",
        "morph": "Gr,P,,,,,A,,,"
      },
      {
        "text": "μίαν",
        "tag": "w",
        "type": "word",
        "lemma": "εἷς",
        "strong": "G15200",
        "morph": "Gr,EN,,,,AFS,"
      },
      {
        "text": "καὶ",
        "tag": "w",
        "type": "word",
        "lemma": "καί",
        "strong": "G25320",
        "morph": "Gr,CC,,,,,,,,"
      },
      {
        "text": "δευτέραν",
        "tag": "w",
        "type": "word",
        "lemma": "δεύτερος",
        "strong": "G12080",
        "morph": "Gr,EO,,,,AFS,"
      },
      {
        "text": "νουθεσίαν",
        "tag": "w",
        "type": "word",
        "lemma": "νουθεσία",
        "strong": "G35590",
        "morph": "Gr,N,,,,,AFS,",
        "tw": "rc://*/tw/dict/bible/other/admonish"
      },
      {
        "text": "παραιτοῦ",
        "tag": "w",
        "type": "word",
        "lemma": "παραιτέομαι",
        "strong": "G38680",
        "morph": "Gr,V,MPM2,,S,",
        "tw": "rc://*/tw/dict/bible/other/reject"
      },
      {
        "type": "text",
        "text": ",\n\n"
      }
    ]
  },
  "11": {
    "verseObjects": [
      {
        "text": "εἰδὼς",
        "tag": "w",
        "type": "word",
        "lemma": "εἴδω",
        "strong": "G14920",
        "morph": "Gr,V,PEA,NMS,",
        "tw": "rc://*/tw/dict/bible/other/know"
      },
      {
        "text": "ὅτι",
        "tag": "w",
        "type": "word",
        "lemma": "ὅτι",
        "strong": "G37540",
        "morph": "Gr,CS,,,,,,,,"
      },
      {
        "text": "ἐξέστραπται",
        "tag": "w",
        "type": "word",
        "lemma": "ἐκστρέφω",
        "strong": "G16120",
        "morph": "Gr,V,IEP3,,S,",
        "tw": "rc://*/tw/dict/bible/other/perverse"
      },
      {
        "text": "ὁ",
        "tag": "w",
        "type": "word",
        "lemma": "ὁ",
        "strong": "G35880",
        "morph": "Gr,EA,,,,NMS,"
      },
      {
        "text": "τοιοῦτος",
        "tag": "w",
        "type": "word",
        "lemma": "τοιοῦτος",
        "strong": "G51080",
        "morph": "Gr,RD,,,,NMS,"
      },
      {
        "text": "καὶ",
        "tag": "w",
        "type": "word",
        "lemma": "καί",
        "strong": "G25320",
        "morph": "Gr,CC,,,,,,,,"
      },
      {
        "text": "ἁμαρτάνει",
        "tag": "w",
        "type": "word",
        "lemma": "ἁμαρτάνω",
        "strong": "G02640",
        "morph": "Gr,V,IPA3,,S,",
        "tw": "rc://*/tw/dict/bible/kt/sin"
      },
      {
        "type": "text",
        "text": ","
      },
      {
        "text": "ὢν",
        "tag": "w",
        "type": "word",
        "lemma": "εἰμί",
        "strong": "G15100",
        "morph": "Gr,V,PPA,NMS,"
      },
      {
        "text": "αὐτοκατάκριτος",
        "tag": "w",
        "type": "word",
        "lemma": "αὐτοκατάκριτος",
        "strong": "G08430",
        "morph": "Gr,NP,,,,NMS,",
        "tw": "rc://*/tw/dict/bible/kt/condemn"
      },
      {
        "type": "text",
        "text": ".\n\n"
      }
    ]
  },
  "12": {
    "verseObjects": [
      {
        "type": "text",
        "text": "\n"
      },
      {
        "tag": "p",
        "type": "paragraph"
      },
      {
        "text": "ὅταν",
        "tag": "w",
        "type": "word",
        "lemma": "ὅταν",
        "strong": "G37520",
        "morph": "Gr,CS,,,,,,,,"
      },
      {
        "text": "πέμψω",
        "tag": "w",
        "type": "word",
        "lemma": "πέμπω",
        "strong": "G39920",
        "morph": "Gr,V,SAA1,,S,",
        "tw": "rc://*/tw/dict/bible/other/send"
      },
      {
        "text": "Ἀρτεμᾶν",
        "tag": "w",
        "type": "word",
        "lemma": "Ἀρτεμᾶς",
        "strong": "G07340",
        "morph": "Gr,N,,,,,AMS,"
      },
      {
        "text": "πρὸς",
        "tag": "w",
        "type": "word",
        "lemma": "πρός",
        "strong": "G43140",
        "morph": "Gr,P,,,,,A,,,"
      },
      {
        "text": "σὲ",
        "tag": "w",
        "type": "word",
        "lemma": "σύ",
        "strong": "G47710",
        "morph": "Gr,RP,,,2A,S,"
      },
      {
        "text": "ἢ",
        "tag": "w",
        "type": "word",
        "lemma": "ἤ",
        "strong": "G22280",
        "morph": "Gr,CC,,,,,,,,"
      },
      {
        "text": "Τυχικόν",
        "tag": "w",
        "type": "word",
        "lemma": "Τυχικός",
        "strong": "G51900",
        "morph": "Gr,N,,,,,AMS,",
        "tw": "rc://*/tw/dict/bible/names/tychicus"
      },
      {
        "type": "text",
        "text": ","
      },
      {
        "text": "σπούδασον",
        "tag": "w",
        "type": "word",
        "lemma": "σπουδάζω",
        "strong": "G47040",
        "morph": "Gr,V,MAA2,,S,"
      },
      {
        "text": "ἐλθεῖν",
        "tag": "w",
        "type": "word",
        "lemma": "ἔρχομαι",
        "strong": "G20640",
        "morph": "Gr,V,NAA,,,,,"
      },
      {
        "text": "πρός",
        "tag": "w",
        "type": "word",
        "lemma": "πρός",
        "strong": "G43140",
        "morph": "Gr,P,,,,,A,,,"
      },
      {
        "text": "με",
        "tag": "w",
        "type": "word",
        "lemma": "ἐγώ",
        "strong": "G14730",
        "morph": "Gr,RP,,,1A,S,"
      },
      {
        "text": "εἰς",
        "tag": "w",
        "type": "word",
        "lemma": "εἰς",
        "strong": "G15190",
        "morph": "Gr,P,,,,,A,,,"
      },
      {
        "text": "Νικόπολιν",
        "tag": "w",
        "type": "word",
        "lemma": "Νικόπολις",
        "strong": "G35330",
        "morph": "Gr,N,,,,,AFS,"
      },
      {
        "type": "text",
        "text": ";"
      },
      {
        "text": "ἐκεῖ",
        "tag": "w",
        "type": "word",
        "lemma": "ἐκεῖ",
        "strong": "G15630",
        "morph": "Gr,D,,,,,,,,,"
      },
      {
        "text": "γὰρ",
        "tag": "w",
        "type": "word",
        "lemma": "γάρ",
        "strong": "G10630",
        "morph": "Gr,CC,,,,,,,,"
      },
      {
        "text": "κέκρικα",
        "tag": "w",
        "type": "word",
        "lemma": "κρίνω",
        "strong": "G29190",
        "morph": "Gr,V,IEA1,,S,"
      },
      {
        "text": "παραχειμάσαι",
        "tag": "w",
        "type": "word",
        "lemma": "παραχειμάζω",
        "strong": "G39140",
        "morph": "Gr,V,NAA,,,,,"
      },
      {
        "type": "text",
        "text": ".\n\n"
      }
    ]
  },
  "13": {
    "verseObjects": [
      {
        "text": "Ζηνᾶν",
        "tag": "w",
        "type": "word",
        "lemma": "Ζηνᾶς",
        "strong": "G22110",
        "morph": "Gr,N,,,,,AMS,"
      },
      {
        "text": "τὸν",
        "tag": "w",
        "type": "word",
        "lemma": "ὁ",
        "strong": "G35880",
        "morph": "Gr,EA,,,,AMS,"
      },
      {
        "text": "νομικὸν",
        "tag": "w",
        "type": "word",
        "lemma": "νομικός",
        "strong": "G35440",
        "morph": "Gr,AR,,,,AMS,",
        "tw": "rc://*/tw/dict/bible/other/law"
      },
      {
        "text": "καὶ",
        "tag": "w",
        "type": "word",
        "lemma": "καί",
        "strong": "G25320",
        "morph": "Gr,CC,,,,,,,,"
      },
      {
        "text": "Ἀπολλῶν",
        "tag": "w",
        "type": "word",
        "lemma": "Ἀπολλῶς",
        "strong": "G06250",
        "morph": "Gr,N,,,,,AMS,",
        "tw": "rc://*/tw/dict/bible/names/apollos"
      },
      {
        "text": "σπουδαίως",
        "tag": "w",
        "type": "word",
        "lemma": "σπουδαίως",
        "strong": "G47090",
        "morph": "Gr,D,,,,,,,,,"
      },
      {
        "text": "πρόπεμψον",
        "tag": "w",
        "type": "word",
        "lemma": "προπέμπω",
        "strong": "G43110",
        "morph": "Gr,V,MAA2,,S,",
        "tw": "rc://*/tw/dict/bible/other/send"
      },
      {
        "type": "text",
        "text": ","
      },
      {
        "text": "ἵνα",
        "tag": "w",
        "type": "word",
        "lemma": "ἵνα",
        "strong": "G24430",
        "morph": "Gr,CS,,,,,,,,"
      },
      {
        "text": "μηδὲν",
        "tag": "w",
        "type": "word",
        "lemma": "μηδείς",
        "strong": "G33670",
        "morph": "Gr,RI,,,,NNS,"
      },
      {
        "text": "αὐτοῖς",
        "tag": "w",
        "type": "word",
        "lemma": "αὐτός",
        "strong": "G08460",
        "morph": "Gr,RP,,,3DMP,"
      },
      {
        "text": "λείπῃ",
        "tag": "w",
        "type": "word",
        "lemma": "λείπω",
        "strong": "G30070",
        "morph": "Gr,V,SPA3,,S,"
      },
      {
        "type": "text",
        "text": ".\n\n"
      }
    ]
  },
  "14": {
    "verseObjects": [
      {
        "text": "μανθανέτωσαν",
        "tag": "w",
        "type": "word",
        "lemma": "μανθάνω",
        "strong": "G31290",
        "morph": "Gr,V,MPA3,,P,"
      },
      {
        "text": "δὲ",
        "tag": "w",
        "type": "word",
        "lemma": "δέ",
        "strong": "G11610",
        "morph": "Gr,CC,,,,,,,,"
      },
      {
        "text": "καὶ",
        "tag": "w",
        "type": "word",
        "lemma": "καί",
        "strong": "G25320",
        "morph": "Gr,D,,,,,,,,,"
      },
      {
        "text": "οἱ",
        "tag": "w",
        "type": "word",
        "lemma": "ὁ",
        "strong": "G35880",
        "morph": "Gr,EA,,,,NMP,"
      },
      {
        "text": "ἡμέτεροι",
        "tag": "w",
        "type": "word",
        "lemma": "ἡμέτερος",
        "strong": "G22510",
        "morph": "Gr,RP,,,1NMP,"
      },
      {
        "text": "καλῶν",
        "tag": "w",
        "type": "word",
        "lemma": "καλός",
        "strong": "G25700",
        "morph": "Gr,AA,,,,GNP,",
        "tw": "rc://*/tw/dict/bible/kt/good"
      },
      {
        "text": "ἔργων",
        "tag": "w",
        "type": "word",
        "lemma": "ἔργον",
        "strong": "G20410",
        "morph": "Gr,N,,,,,GNP,",
        "tw": "rc://*/tw/dict/bible/kt/works"
      },
      {
        "text": "προΐστασθαι",
        "tag": "w",
        "type": "word",
        "lemma": "προΐστημι",
        "strong": "G42910",
        "morph": "Gr,V,NPM,,,,,",
        "tw": "rc://*/tw/dict/bible/other/manager"
      },
      {
        "text": "εἰς",
        "tag": "w",
        "type": "word",
        "lemma": "εἰς",
        "strong": "G15190",
        "morph": "Gr,P,,,,,A,,,"
      },
      {
        "text": "τὰς",
        "tag": "w",
        "type": "word",
        "lemma": "ὁ",
        "strong": "G35880",
        "morph": "Gr,EA,,,,AFP,"
      },
      {
        "text": "ἀναγκαίας",
        "tag": "w",
        "type": "word",
        "lemma": "ἀναγκαῖος",
        "strong": "G03160",
        "morph": "Gr,AA,,,,AFP,"
      },
      {
        "text": "χρείας",
        "tag": "w",
        "type": "word",
        "lemma": "χρεία",
        "strong": "G55320",
        "morph": "Gr,N,,,,,AFP,"
      },
      {
        "type": "text",
        "text": ","
      },
      {
        "text": "ἵνα",
        "tag": "w",
        "type": "word",
        "lemma": "ἵνα",
        "strong": "G24430",
        "morph": "Gr,CS,,,,,,,,"
      },
      {
        "text": "μὴ",
        "tag": "w",
        "type": "word",
        "lemma": "μή",
        "strong": "G33610",
        "morph": "Gr,D,,,,,,,,,"
      },
      {
        "text": "ὦσιν",
        "tag": "w",
        "type": "word",
        "lemma": "εἰμί",
        "strong": "G15100",
        "morph": "Gr,V,SPA3,,P,"
      },
      {
        "text": "ἄκαρποι",
        "tag": "w",
        "type": "word",
        "lemma": "ἄκαρπος",
        "strong": "G01750",
        "morph": "Gr,NP,,,,NMP,",
        "tw": "rc://*/tw/dict/bible/other/fruit"
      },
      {
        "type": "text",
        "text": ".\n\n"
      }
    ]
  },
  "15": {
    "verseObjects": [
      {
        "type": "text",
        "text": "\n"
      },
      {
        "tag": "p",
        "type": "paragraph"
      },
      {
        "text": "ἀσπάζονταί",
        "tag": "w",
        "type": "word",
        "lemma": "ἀσπάζομαι",
        "strong": "G07820",
        "morph": "Gr,V,IPM3,,P,"
      },
      {
        "text": "σε",
        "tag": "w",
        "type": "word",
        "lemma": "σύ",
        "strong": "G47710",
        "morph": "Gr,RP,,,2A,S,"
      },
      {
        "text": "οἱ",
        "tag": "w",
        "type": "word",
        "lemma": "ὁ",
        "strong": "G35880",
        "morph": "Gr,RD,,,,NMP,"
      },
      {
        "text": "μετ’",
        "tag": "w",
        "type": "word",
        "lemma": "μετά",
        "strong": "G33260",
        "morph": "Gr,P,,,,,G,,,"
      },
      {
        "text": "ἐμοῦ",
        "tag": "w",
        "type": "word",
        "lemma": "ἐγώ",
        "strong": "G14730",
        "morph": "Gr,RP,,,1G,S,"
      },
      {
        "text": "πάντες",
        "tag": "w",
        "type": "word",
        "lemma": "πᾶς",
        "strong": "G39560",
        "morph": "Gr,RI,,,,NMP,"
      },
      {
        "type": "text",
        "text": "."
      },
      {
        "text": "ἄσπασαι",
        "tag": "w",
        "type": "word",
        "lemma": "ἀσπάζομαι",
        "strong": "G07820",
        "morph": "Gr,V,MAM2,,S,"
      },
      {
        "text": "τοὺς",
        "tag": "w",
        "type": "word",
        "lemma": "ὁ",
        "strong": "G35880",
        "morph": "Gr,RD,,,,AMP,"
      },
      {
        "text": "φιλοῦντας",
        "tag": "w",
        "type": "word",
        "lemma": "φιλέω",
        "strong": "G53680",
        "morph": "Gr,V,PPA,AMP,",
        "tw": "rc://*/tw/dict/bible/kt/love"
      },
      {
        "text": "ἡμᾶς",
        "tag": "w",
        "type": "word",
        "lemma": "ἐγώ",
        "strong": "G14730",
        "morph": "Gr,RP,,,1A,P,"
      },
      {
        "text": "ἐν",
        "tag": "w",
        "type": "word",
        "lemma": "ἐν",
        "strong": "G17220",
        "morph": "Gr,P,,,,,D,,,"
      },
      {
        "text": "πίστει",
        "tag": "w",
        "type": "word",
        "lemma": "πίστις",
        "strong": "G41020",
        "morph": "Gr,N,,,,,DFS,",
        "tw": "rc://*/tw/dict/bible/kt/faith"
      },
      {
        "type": "text",
        "text": "."
      },
      {
        "text": "ἡ",
        "tag": "w",
        "type": "word",
        "lemma": "ὁ",
        "strong": "G35880",
        "morph": "Gr,EA,,,,NFS,"
      },
      {
        "text": "χάρις",
        "tag": "w",
        "type": "word",
        "lemma": "χάρις",
        "strong": "G54850",
        "morph": "Gr,N,,,,,NFS,",
        "tw": "rc://*/tw/dict/bible/kt/grace"
      },
      {
        "text": "μετὰ",
        "tag": "w",
        "type": "word",
        "lemma": "μετά",
        "strong": "G33260",
        "morph": "Gr,P,,,,,G,,,"
      },
      {
        "text": "πάντων",
        "tag": "w",
        "type": "word",
        "lemma": "πᾶς",
        "strong": "G39560",
        "morph": "Gr,RI,,,,GMP,"
      },
      {
        "text": "ὑμῶν",
        "tag": "w",
        "type": "word",
        "lemma": "σύ",
        "strong": "G47710",
        "morph": "Gr,RP,,,2G,P,"
      },
      {
        "type": "text",
        "text": ".\n"
      }
    ]
  },
  "front": {
    "verseObjects": [
      {
        "tag": "p",
        "nextChar": "\n",
        "type": "paragraph"
      },
      {
        "type": "text",
        "text": "\n"
      }
    ]
  }
}