{
  "1": {
    "verseObjects": [
      {
        "type": "text",
        "text": "पौलुस की ओर से जो परमेश्‍वर की इच्छा* से यीशु मसीह का प्रेरित होने के लिये बुलाया गया और भाई सोस्थिनेस की ओर से।\n"
      }
    ]
  },
  "2": {
    "verseObjects": [
      {
        "type": "text",
        "text": "परमेश्‍वर की उस कलीसिया के नाम जो कुरिन्थुस में है, अर्थात् उनके नाम जो मसीह यीशु में पवित्र किए गए, और पवित्र होने के लिये बुलाए गए हैं; और उन सब के नाम भी जो हर जगह हमारे और अपने प्रभु यीशु मसीह के नाम से प्रार्थना करते हैं।\n"
      }
    ]
  },
  "3": {
    "verseObjects": [
      {
        "type": "text",
        "text": "हमारे पिता परमेश्‍वर और प्रभु यीशु मसीह की ओर से तुम्हें अनुग्रह और शान्ति मिलती रहे।\n"
      },
      {
        "tag": "s",
        "type": "section",
        "text": "पौलुस का परमेश्‍वर को धन्यवाद\n"
      },
      {
        "tag": "p",
        "type": "paragraph",
        "text": "\n"
      },
      {
        "tag": "s5",
        "type": "section",
        "text": "\n"
      }
    ]
  },
  "4": {
    "verseObjects": [
      {
        "type": "text",
        "text": "मैं तुम्हारे विषय में अपने परमेश्‍वर का धन्यवाद सदा करता हूँ, इसलिए कि परमेश्‍वर का यह अनुग्रह तुम पर मसीह यीशु में हुआ।\n"
      }
    ]
  },
  "5": {
    "verseObjects": [
      {
        "type": "text",
        "text": "कि उसमें होकर तुम हर बात में अर्थात् सारे वचन और सारे ज्ञान में धनी किए गए।\n"
      }
    ]
  },
  "6": {
    "verseObjects": [
      {
        "type": "text",
        "text": "कि मसीह की गवाही तुम में पक्की निकली।\n"
      },
      {
        "tag": "p",
        "type": "paragraph",
        "text": "\n"
      },
      {
        "tag": "s5",
        "type": "section",
        "text": "\n"
      }
    ]
  },
  "7": {
    "verseObjects": [
      {
        "type": "text",
        "text": "यहाँ तक कि किसी वरदान में तुम्हें घटी नहीं, और तुम हमारे प्रभु यीशु मसीह के प्रगट होने की प्रतीक्षा करते रहते हो।\n"
      }
    ]
  },
  "8": {
    "verseObjects": [
      {
        "type": "text",
        "text": "वह तुम्हें अन्त तक दृढ़ भी करेगा, कि तुम हमारे प्रभु यीशु मसीह के दिन में निर्दोष ठहरो।\n"
      }
    ]
  },
  "9": {
    "verseObjects": [
      {
        "type": "text",
        "text": "परमेश्‍वर विश्वासयोग्य है*; जिस ने तुम को अपने पुत्र हमारे प्रभु यीशु मसीह की संगति में बुलाया है। (व्य. 7:9)\n"
      },
      {
        "tag": "s",
        "type": "section",
        "text": "कुरिन्थुस की कलीसिया में विभाजन\n"
      },
      {
        "tag": "p",
        "type": "paragraph",
        "text": "\n"
      },
      {
        "tag": "s5",
        "type": "section",
        "text": "\n"
      }
    ]
  },
  "10": {
    "verseObjects": [
      {
        "type": "text",
        "text": "हे भाइयों, मैं तुम से यीशु मसीह जो हमारा प्रभु है उसके नाम के द्वारा विनती करता हूँ, कि तुम सब एक ही बात कहो और तुम में फूट न हो, परन्तु एक ही मन और एक ही मत होकर मिले रहो।\n"
      }
    ]
  },
  "11": {
    "verseObjects": [
      {
        "type": "text",
        "text": "क्योंकि हे मेरे भाइयों, खलोए के घराने के लोगों ने मुझे तुम्हारे विषय में बताया है, कि तुम में झगड़े हो रहे हैं।\n"
      },
      {
        "tag": "p",
        "type": "paragraph",
        "text": "\n"
      },
      {
        "tag": "s5",
        "type": "section",
        "text": "\n"
      }
    ]
  },
  "12": {
    "verseObjects": [
      {
        "type": "text",
        "text": "मेरा कहना यह है, कि तुम में से कोई तो अपने आप को “पौलुस का,” कोई “अपुल्लोस का,” कोई “कैफा का,” कोई “मसीह का” कहता है।\n"
      }
    ]
  },
  "13": {
    "verseObjects": [
      {
        "type": "text",
        "text": "क्या मसीह बँट गया? क्या पौलुस तुम्हारे लिये क्रूस पर चढ़ाया गया? या तुम्हें पौलुस के नाम पर बपतिस्मा मिला?\n"
      },
      {
        "tag": "p",
        "type": "paragraph",
        "text": "\n"
      },
      {
        "tag": "s5",
        "type": "section",
        "text": "\n"
      }
    ]
  },
  "14": {
    "verseObjects": [
      {
        "type": "text",
        "text": "मैं परमेश्‍वर का धन्यवाद करता हूँ, कि क्रिस्पुस और गयुस को छोड़, मैंने तुम में से किसी को भी बपतिस्मा नहीं दिया।\n"
      }
    ]
  },
  "15": {
    "verseObjects": [
      {
        "type": "text",
        "text": "कहीं ऐसा न हो, कि कोई कहे, कि तुम्हें मेरे नाम पर बपतिस्मा मिला।\n"
      }
    ]
  },
  "16": {
    "verseObjects": [
      {
        "type": "text",
        "text": "और मैंने स्तिफनास के घराने को भी बपतिस्मा दिया; इनको छोड़, मैं नहीं जानता कि मैंने और किसी को बपतिस्मा दिया।\n"
      },
      {
        "tag": "p",
        "type": "paragraph",
        "text": "\n"
      },
      {
        "tag": "s5",
        "type": "section",
        "text": "\n"
      }
    ]
  },
  "17": {
    "verseObjects": [
      {
        "type": "text",
        "text": "क्योंकि मसीह ने मुझे बपतिस्मा देने को नहीं, वरन् सुसमाचार सुनाने को भेजा है, और यह भी मनुष्यों के शब्दों के ज्ञान के अनुसार नहीं, ऐसा न हो कि मसीह का क्रूस व्यर्थ ठहरे।\n"
      },
      {
        "tag": "s",
        "type": "section",
        "text": "मसीह की शक्ति और परमेश्‍वर का ज्ञान\n"
      },
      {
        "tag": "p",
        "type": "paragraph",
        "text": "\n"
      },
      {
        "tag": "s5",
        "type": "section",
        "text": "\n"
      }
    ]
  },
  "18": {
    "verseObjects": [
      {
        "type": "text",
        "text": "क्योंकि क्रूस की कथा नाश होनेवालों के निकट मूर्खता है, परन्तु हम उद्धार पानेवालों के निकट परमेश्‍वर की सामर्थ्य है।\n"
      }
    ]
  },
  "19": {
    "verseObjects": [
      {
        "type": "text",
        "text": "क्योंकि लिखा है,\n"
      },
      {
        "tag": "q",
        "type": "quote",
        "text": "“मैं ज्ञानवानों के ज्ञान को नाश करूँगा,\n"
      },
      {
        "tag": "q",
        "type": "quote",
        "text": "और समझदारों की समझ को तुच्छ कर दूँगा।” (यशा. 29:14)\n"
      },
      {
        "tag": "p",
        "type": "paragraph",
        "text": "\n"
      },
      {
        "tag": "s5",
        "type": "section",
        "text": "\n"
      }
    ]
  },
  "20": {
    "verseObjects": [
      {
        "type": "text",
        "text": "कहाँ रहा ज्ञानवान? कहाँ रहा शास्त्री? कहाँ रहा इस संसार का विवादी? क्या परमेश्‍वर ने संसार के ज्ञान को मूर्खता नहीं ठहराया? (रोम. 1:22)\n"
      }
    ]
  },
  "21": {
    "verseObjects": [
      {
        "type": "text",
        "text": "क्योंकि जब परमेश्‍वर के ज्ञान के अनुसार संसार ने ज्ञान से परमेश्‍वर को न जाना तो परमेश्‍वर को यह अच्छा लगा, कि इस प्रचार की मूर्खता के द्वारा विश्वास करनेवालों को उद्धार दे।\n"
      },
      {
        "tag": "p",
        "type": "paragraph",
        "text": "\n"
      },
      {
        "tag": "s5",
        "type": "section",
        "text": "\n"
      }
    ]
  },
  "22": {
    "verseObjects": [
      {
        "type": "text",
        "text": "यहूदी तो चिन्ह चाहते हैं, और यूनानी ज्ञान की खोज में हैं,\n"
      }
    ]
  },
  "23": {
    "verseObjects": [
      {
        "type": "text",
        "text": "परन्तु हम तो उस क्रूस पर चढ़ाए हुए मसीह का प्रचार करते हैं जो यहूदियों के निकट ठोकर का कारण, और अन्यजातियों के निकट मूर्खता है;\n"
      },
      {
        "tag": "p",
        "type": "paragraph",
        "text": "\n"
      },
      {
        "tag": "s5",
        "type": "section",
        "text": "\n"
      }
    ]
  },
  "24": {
    "verseObjects": [
      {
        "type": "text",
        "text": "परन्तु जो बुलाए हुए हैं क्या यहूदी, क्या यूनानी, उनके निकट मसीह परमेश्‍वर की सामर्थ्य, और परमेश्‍वर का ज्ञान है।\n"
      }
    ]
  },
  "25": {
    "verseObjects": [
      {
        "type": "text",
        "text": "क्योंकि परमेश्‍वर की मूर्खता* मनुष्यों के ज्ञान से ज्ञानवान है; और परमेश्‍वर की निर्बलता मनुष्यों के बल से बहुत बलवान है।\n"
      },
      {
        "tag": "s",
        "type": "section",
        "text": "केवल प्रभु में घमण्ड\n"
      },
      {
        "tag": "p",
        "type": "paragraph",
        "text": "\n"
      },
      {
        "tag": "s5",
        "type": "section",
        "text": "\n"
      }
    ]
  },
  "26": {
    "verseObjects": [
      {
        "type": "text",
        "text": "हे भाइयों, अपने बुलाए जाने को तो सोचो, कि न शरीर के अनुसार बहुत ज्ञानवान, और न बहुत सामर्थी, और न बहुत कुलीन बुलाए गए।\n"
      }
    ]
  },
  "27": {
    "verseObjects": [
      {
        "type": "text",
        "text": "परन्तु परमेश्‍वर ने जगत के मूर्खों* को चुन लिया है, कि ज्ञानियों को लज्जित करे; और परमेश्‍वर ने जगत के निर्बलों को चुन लिया है, कि बलवानों को लज्जित करे।\n"
      },
      {
        "tag": "p",
        "type": "paragraph",
        "text": "\n"
      },
      {
        "tag": "s5",
        "type": "section",
        "text": "\n"
      }
    ]
  },
  "28": {
    "verseObjects": [
      {
        "type": "text",
        "text": "और परमेश्‍वर ने जगत के नीचों और तुच्छों को, वरन् जो हैं भी नहीं उनको भी चुन लिया, कि उन्हें जो हैं, व्यर्थ ठहराए।\n"
      }
    ]
  },
  "29": {
    "verseObjects": [
      {
        "type": "text",
        "text": "ताकि कोई प्राणी परमेश्‍वर के सामने घमण्ड न करने पाए।\n"
      },
      {
        "tag": "p",
        "type": "paragraph",
        "text": "\n"
      },
      {
        "tag": "s5",
        "type": "section",
        "text": "\n"
      }
    ]
  },
  "30": {
    "verseObjects": [
      {
        "type": "text",
        "text": "परन्तु उसी की ओर से तुम मसीह यीशु में हो, जो परमेश्‍वर की ओर से हमारे लिये ज्ञान ठहरा अर्थात् धार्मिकता, और पवित्रता, और छुटकारा। (इफि. 1:7, रोम. 8:1)\n"
      }
    ]
  },
  "31": {
    "verseObjects": [
      {
        "type": "text",
        "text": "ताकि जैसा लिखा है, वैसा ही हो, “जो घमण्ड करे वह प्रभु में घमण्ड करे।” (2 कुरि. 10:17)\n\n"
      },
      {
        "tag": "s5",
        "type": "section",
        "text": "\n"
      }
    ]
  },
  "front": {
    "verseObjects": [
      {
        "tag": "s",
        "type": "section",
        "text": "अभिवादन\n"
      },
      {
        "tag": "p",
        "type": "paragraph",
        "text": "\n"
      }
    ]
  }
}