{
  "1": {
    "verseObjects": [
      {
        "type": "text",
        "text": "हे भाइयों, मैं नहीं चाहता, कि तुम इस बात से अज्ञात रहो, कि हमारे सब पूर्वज बादल के नीचे थे, और सब के सब समुद्र के बीच से पार हो गए। (निर्ग. 14:29)\n"
      }
    ]
  },
  "2": {
    "verseObjects": [
      {
        "type": "text",
        "text": "और सब ने बादल में, और समुद्र में, मूसा का बपतिस्मा लिया।\n"
      }
    ]
  },
  "3": {
    "verseObjects": [
      {
        "type": "text",
        "text": "और सब ने एक ही आत्मिक भोजन किया। (निर्ग. 16:35, व्य. 8:3)\n"
      }
    ]
  },
  "4": {
    "verseObjects": [
      {
        "type": "text",
        "text": "और सब ने एक ही आत्मिक जल पीया, क्योंकि वे उस आत्मिक चट्टान से पीते थे, जो उनके साथ-साथ चलती थी; और वह चट्टान मसीह था। (निर्ग. 17:6, गिन. 20:11)\n"
      },
      {
        "tag": "p",
        "type": "paragraph",
        "text": "\n"
      },
      {
        "tag": "s5",
        "type": "section",
        "text": "\n"
      }
    ]
  },
  "5": {
    "verseObjects": [
      {
        "type": "text",
        "text": "परन्तु परमेश्‍वर उनमें से बहुतों से प्रसन्‍न ना था, इसलिए वे जंगल में ढेर हो गए। (इब्रा. 3:17)\n"
      }
    ]
  },
  "6": {
    "verseObjects": [
      {
        "type": "text",
        "text": "ये बातें हमारे लिये दृष्टान्त ठहरी, कि जैसे उन्होंने लालच किया, वैसे हम बुरी वस्तुओं का लालच न करें।\n"
      },
      {
        "tag": "p",
        "type": "paragraph",
        "text": "\n"
      },
      {
        "tag": "s5",
        "type": "section",
        "text": "\n"
      }
    ]
  },
  "7": {
    "verseObjects": [
      {
        "type": "text",
        "text": "और न तुम मूरत पूजनेवाले बनो; जैसे कि उनमें से कितने बन गए थे, जैसा लिखा है, “लोग खाने-पीने बैठे, और खेलने-कूदने उठे।”\n"
      }
    ]
  },
  "8": {
    "verseObjects": [
      {
        "type": "text",
        "text": "और न हम व्यभिचार करें; जैसा उनमें से कितनों ने किया और एक दिन में तेईस हजार मर गये। (गिन. 25:1, गिन. 25:9)\n"
      },
      {
        "tag": "p",
        "type": "paragraph",
        "text": "\n"
      },
      {
        "tag": "s5",
        "type": "section",
        "text": "\n"
      }
    ]
  },
  "9": {
    "verseObjects": [
      {
        "type": "text",
        "text": "और न हम प्रभु को परखें; जैसा उनमें से कितनों ने किया, और साँपों के द्वारा नाश किए गए। (गिन. 21:5-6)\n"
      }
    ]
  },
  "10": {
    "verseObjects": [
      {
        "type": "text",
        "text": "और न तुम कुड़कुड़ाओ, जिस रीति से उनमें से कितने कुड़कुड़ाए, और नाश करनेवाले के द्वारा नाश किए गए।\n"
      },
      {
        "tag": "p",
        "type": "paragraph",
        "text": "\n"
      },
      {
        "tag": "s5",
        "type": "section",
        "text": "\n"
      }
    ]
  },
  "11": {
    "verseObjects": [
      {
        "type": "text",
        "text": "परन्तु ये सब बातें, जो उन पर पड़ी, दृष्टान्त की रीति पर थीं; और वे हमारी चेतावनी के लिये जो जगत के अन्तिम समय में रहते हैं लिखी गईं हैं।\n"
      }
    ]
  },
  "12": {
    "verseObjects": [
      {
        "type": "text",
        "text": "इसलिए जो समझता है, “मैं स्थिर हूँ,” वह चौकस रहे; कि कहीं गिर न पड़े।\n"
      }
    ]
  },
  "13": {
    "verseObjects": [
      {
        "type": "text",
        "text": "तुम किसी ऐसी परीक्षा में नहीं पड़े, जो मनुष्य के सहने के बाहर है: और परमेश्‍वर विश्वासयोग्य है: वह तुम्हें सामर्थ्य से बाहर परीक्षा में न पड़ने देगा, वरन् परीक्षा के साथ निकास भी करेगा; कि तुम सह सको। (2 पत. 2:9)\n"
      },
      {
        "tag": "s",
        "type": "section",
        "text": "मूर्ति पूजा वर्जित\n"
      },
      {
        "tag": "p",
        "type": "paragraph",
        "text": "\n"
      },
      {
        "tag": "s5",
        "type": "section",
        "text": "\n"
      }
    ]
  },
  "14": {
    "verseObjects": [
      {
        "type": "text",
        "text": "इस कारण, हे मेरे प्यारों मूर्ति पूजा से बचे रहो*।\n"
      }
    ]
  },
  "15": {
    "verseObjects": [
      {
        "type": "text",
        "text": "मैं बुद्धिमान जानकर, तुम से कहता हूँ: जो मैं कहता हूँ, उसे तुम परखो।\n"
      }
    ]
  },
  "16": {
    "verseObjects": [
      {
        "type": "text",
        "text": "वह धन्यवाद का कटोरा*, जिस पर हम धन्यवाद करते हैं, क्या वह मसीह के लहू की सहभागिता नहीं? वह रोटी जिसे हम तोड़ते हैं, क्या मसीह की देह की सहभागिता नहीं?\n"
      }
    ]
  },
  "17": {
    "verseObjects": [
      {
        "type": "text",
        "text": "इसलिए, कि एक ही रोटी है तो हम भी जो बहुत हैं, एक देह हैं क्योंकि हम सब उसी एक रोटी में भागी होते हैं।\n"
      },
      {
        "tag": "p",
        "type": "paragraph",
        "text": "\n"
      },
      {
        "tag": "s5",
        "type": "section",
        "text": "\n"
      }
    ]
  },
  "18": {
    "verseObjects": [
      {
        "type": "text",
        "text": "जो शरीर के भाव से इस्राएली हैं, उनको देखो: क्या बलिदानों के खानेवाले वेदी के सहभागी नहीं?\n"
      }
    ]
  },
  "19": {
    "verseObjects": [
      {
        "type": "text",
        "text": "फिर मैं क्या कहता हूँ? क्या यह कि मूर्ति का बलिदान कुछ है, या मूरत कुछ है?\n"
      },
      {
        "tag": "p",
        "type": "paragraph",
        "text": "\n"
      },
      {
        "tag": "s5",
        "type": "section",
        "text": "\n"
      }
    ]
  },
  "20": {
    "verseObjects": [
      {
        "type": "text",
        "text": "नहीं, बस यह, कि अन्यजाति जो बलिदान करते हैं, वे परमेश्‍वर के लिये नहीं, परन्तु दुष्टात्माओं के लिये बलिदान* करते हैं और मैं नहीं चाहता, कि तुम दुष्टात्माओं के सहभागी हो। (व्य. 32:17)\n"
      }
    ]
  },
  "21": {
    "verseObjects": [
      {
        "type": "text",
        "text": "तुम प्रभु के कटोरे, और दुष्टात्माओं के कटोरे दोनों में से नहीं पी सकते! तुम प्रभु की मेज और दुष्टात्माओं की मेज दोनों के सहभागी नहीं हो सकते। (मत्ती 6:24)\n"
      }
    ]
  },
  "22": {
    "verseObjects": [
      {
        "type": "text",
        "text": "क्या हम प्रभु को क्रोध दिलाते हैं? क्या हम उससे शक्तिमान हैं? (व्य. 32:21)\n"
      },
      {
        "tag": "s",
        "type": "section",
        "text": "मसीही स्वतंत्रता\n"
      },
      {
        "tag": "p",
        "type": "paragraph",
        "text": "\n"
      },
      {
        "tag": "s5",
        "type": "section",
        "text": "\n"
      }
    ]
  },
  "23": {
    "verseObjects": [
      {
        "type": "text",
        "text": "सब वस्तुएँ मेरे लिये उचित तो हैं, परन्तु सब लाभ की नहीं। सब वस्तुएँ मेरे लिये उचित तो हैं, परन्तु सब वस्तुओं से उन्नति नहीं।\n"
      }
    ]
  },
  "24": {
    "verseObjects": [
      {
        "type": "text",
        "text": "कोई अपनी ही भलाई को न ढूँढ़े वरन् औरों की।\n"
      },
      {
        "tag": "p",
        "type": "paragraph",
        "text": "\n"
      },
      {
        "tag": "s5",
        "type": "section",
        "text": "\n"
      }
    ]
  },
  "25": {
    "verseObjects": [
      {
        "type": "text",
        "text": "जो कुछ कस्साइयों के यहाँ बिकता है, वह खाओ और विवेक के कारण कुछ न पूछो।\n"
      }
    ]
  },
  "26": {
    "verseObjects": [
      {
        "type": "text",
        "text": "“क्योंकि पृथ्वी और उसकी भरपूरी प्रभु की है।” (भज. 24:1)\n"
      }
    ]
  },
  "27": {
    "verseObjects": [
      {
        "type": "text",
        "text": "और यदि अविश्वासियों में से कोई तुम्हें नेवता दे, और तुम जाना चाहो, तो जो कुछ तुम्हारे सामने रखा जाए वही खाओ: और विवेक के कारण कुछ न पूछो।\n"
      },
      {
        "tag": "p",
        "type": "paragraph",
        "text": "\n"
      },
      {
        "tag": "s5",
        "type": "section",
        "text": "\n"
      }
    ]
  },
  "28": {
    "verseObjects": [
      {
        "type": "text",
        "text": "परन्तु यदि कोई तुम से कहे, “यह तो मूरत को बलि की हुई वस्तु है,” तो उसी बतानेवाले के कारण, और विवेक के कारण न खाओ।\n"
      }
    ]
  },
  "29": {
    "verseObjects": [
      {
        "type": "text",
        "text": "मेरा मतलब, तेरा विवेक नहीं, परन्तु उस दूसरे का। भला, मेरी स्वतंत्रता दूसरे के विचार से क्यों परखी जाए?\n"
      }
    ]
  },
  "30": {
    "verseObjects": [
      {
        "type": "text",
        "text": "यदि मैं धन्यवाद करके सहभागी होता हूँ, तो जिस पर मैं धन्यवाद करता हूँ, उसके कारण मेरी बदनामी क्यों होती है?\n"
      },
      {
        "tag": "p",
        "type": "paragraph",
        "text": "\n"
      },
      {
        "tag": "s5",
        "type": "section",
        "text": "\n"
      }
    ]
  },
  "31": {
    "verseObjects": [
      {
        "type": "text",
        "text": "इसलिए तुम चाहे खाओ, चाहे पीओ, चाहे जो कुछ करो, सब कुछ परमेश्‍वर की महिमा के लिये करो।\n"
      }
    ]
  },
  "32": {
    "verseObjects": [
      {
        "type": "text",
        "text": "तुम न यहूदियों, न यूनानियों, और न परमेश्‍वर की कलीसिया के लिये ठोकर के कारण* बनो।\n"
      }
    ]
  },
  "33": {
    "verseObjects": [
      {
        "type": "text",
        "text": "जैसा मैं भी सब बातों में सब को प्रसन्‍न रखता हूँ, और अपना नहीं, परन्तु बहुतों का लाभ ढूँढ़ता हूँ, कि वे उद्धार पाएँ।\n\n"
      },
      {
        "tag": "s5",
        "type": "section",
        "text": "\n"
      }
    ]
  },
  "front": {
    "verseObjects": [
      {
        "tag": "s",
        "type": "section",
        "text": "इस्राएल के इतिहास से चेतावनी\n"
      },
      {
        "tag": "p",
        "type": "paragraph",
        "text": "\n"
      }
    ]
  }
}