{
  "1": {
    "verseObjects": [
      {
        "type": "text",
        "text": "तुम मेरी जैसी चाल चलो जैसा मैं मसीह के समान चाल चलता हूँ।\n"
      },
      {
        "tag": "p",
        "nextChar": "\n",
        "type": "paragraph"
      }
    ]
  },
  "2": {
    "verseObjects": [
      {
        "type": "text",
        "text": "मैं तुम्हें सराहता हूँ, कि सब बातों में तुम मुझे स्मरण करते हो; और जो व्यवहार मैंने तुम्हें सौंप दिए हैं, उन्हें धारण करते हो।\n"
      }
    ]
  },
  "3": {
    "verseObjects": [
      {
        "type": "text",
        "text": "पर मैं चाहता हूँ, कि तुम यह जान लो, कि हर एक पुरुष का सिर मसीह है: और स्त्री का सिर पुरुष है: और मसीह का सिर परमेश्‍वर है।\n"
      }
    ]
  },
  "4": {
    "verseObjects": [
      {
        "type": "text",
        "text": "जो पुरुष सिर ढाँके हुए प्रार्थना या भविष्यद्वाणी करता है, वह अपने सिर का अपमान करता है।\n"
      },
      {
        "tag": "p",
        "nextChar": "\n",
        "type": "paragraph"
      },
      {
        "tag": "s5",
        "nextChar": "\n",
        "type": "section"
      }
    ]
  },
  "5": {
    "verseObjects": [
      {
        "type": "text",
        "text": "परन्तु जो स्त्री बिना सिर ढके प्रार्थना या भविष्यद्वाणी करती है, वह अपने सिर का अपमान करती है, क्योंकि वह मुण्डी होने के बराबर है।\n"
      }
    ]
  },
  "6": {
    "verseObjects": [
      {
        "type": "text",
        "text": "यदि स्त्री ओढ़नी न ओढ़े, तो बाल भी कटा ले; यदि स्त्री के लिये बाल कटाना या मुण्डाना लज्जा की बात है, तो ओढ़नी ओढ़े।\n"
      },
      {
        "tag": "p",
        "nextChar": "\n",
        "type": "paragraph"
      },
      {
        "tag": "s5",
        "nextChar": "\n",
        "type": "section"
      }
    ]
  },
  "7": {
    "verseObjects": [
      {
        "type": "text",
        "text": "हाँ पुरुष को अपना सिर ढाँकना उचित नहीं, क्योंकि वह परमेश्‍वर का स्वरूप और महिमा है; परन्तु स्त्री पुरुष की शोभा है। (1 कुरि. 11:3)\n"
      }
    ]
  },
  "8": {
    "verseObjects": [
      {
        "type": "text",
        "text": "क्योंकि पुरुष स्त्री से नहीं हुआ, परन्तु स्त्री पुरुष से हुई है। (उत्प. 2:21-23)\n"
      },
      {
        "tag": "p",
        "nextChar": "\n",
        "type": "paragraph"
      },
      {
        "tag": "s5",
        "nextChar": "\n",
        "type": "section"
      }
    ]
  },
  "9": {
    "verseObjects": [
      {
        "type": "text",
        "text": "और पुरुष स्त्री के लिये नहीं सिरजा गया*, परन्तु स्त्री पुरुष के लिये सिरजी गई है। (उत्प. 2:18)\n"
      }
    ]
  },
  "10": {
    "verseObjects": [
      {
        "type": "text",
        "text": "इसलिए स्वर्गदूतों के कारण स्त्री को उचित है, कि अधिकार अपने सिर पर रखे।\n"
      },
      {
        "tag": "p",
        "nextChar": "\n",
        "type": "paragraph"
      },
      {
        "tag": "s5",
        "nextChar": "\n",
        "type": "section"
      }
    ]
  },
  "11": {
    "verseObjects": [
      {
        "type": "text",
        "text": "तो भी प्रभु में न तो स्त्री बिना पुरुष और न पुरुष बिना स्त्री के है।\n"
      }
    ]
  },
  "12": {
    "verseObjects": [
      {
        "type": "text",
        "text": "क्योंकि जैसे स्त्री पुरुष से है*, वैसे ही पुरुष स्त्री के द्वारा है; परन्तु सब वस्तुएँ परमेश्‍वर से हैं।\n"
      },
      {
        "tag": "p",
        "nextChar": "\n",
        "type": "paragraph"
      },
      {
        "tag": "s5",
        "nextChar": "\n",
        "type": "section"
      }
    ]
  },
  "13": {
    "verseObjects": [
      {
        "type": "text",
        "text": "तुम स्वयं ही विचार करो, क्या स्त्री को बिना सिर ढके परमेश्‍वर से प्रार्थना करना उचित है?\n"
      }
    ]
  },
  "14": {
    "verseObjects": [
      {
        "type": "text",
        "text": "क्या स्वाभाविक रीति से भी तुम नहीं जानते, कि यदि पुरुष लम्बे बाल रखे, तो उसके लिये अपमान है।\n"
      }
    ]
  },
  "15": {
    "verseObjects": [
      {
        "type": "text",
        "text": "परन्तु यदि स्त्री लम्बे बाल रखे; तो उसके लिये शोभा है क्योंकि बाल उसको ओढ़नी के लिये दिए गए हैं।\n"
      }
    ]
  },
  "16": {
    "verseObjects": [
      {
        "type": "text",
        "text": "परन्तु यदि कोई विवाद करना चाहे, तो यह जाने कि न हमारी और न परमेश्‍वर की कलीसियाओं की ऐसी रीति है।\n"
      },
      {
        "tag": "s",
        "type": "section",
        "content": "प्रभु भोज के विषय में\n"
      },
      {
        "tag": "p",
        "nextChar": "\n",
        "type": "paragraph"
      },
      {
        "tag": "s5",
        "nextChar": "\n",
        "type": "section"
      }
    ]
  },
  "17": {
    "verseObjects": [
      {
        "type": "text",
        "text": "परन्तु यह निर्देश देते हुए, मैं तुम्हें नहीं सराहता, इसलिए कि तुम्हारे इकट्ठे होने से भलाई नहीं, परन्तु हानि होती है।\n"
      }
    ]
  },
  "18": {
    "verseObjects": [
      {
        "type": "text",
        "text": "क्योंकि पहले तो मैं यह सुनता हूँ, कि जब तुम कलीसिया में इकट्ठे होते हो, तो तुम में फूट होती है और मैं कुछ-कुछ विश्वास भी करता हूँ।\n"
      }
    ]
  },
  "19": {
    "verseObjects": [
      {
        "type": "text",
        "text": "क्योंकि विधर्म भी तुम में अवश्य होंगे, इसलिए कि जो लोग तुम में खरे निकले हैं, वे प्रगट हो जाएँ।\n"
      },
      {
        "tag": "p",
        "nextChar": "\n",
        "type": "paragraph"
      },
      {
        "tag": "s5",
        "nextChar": "\n",
        "type": "section"
      }
    ]
  },
  "20": {
    "verseObjects": [
      {
        "type": "text",
        "text": "जब तुम एक जगह में इकट्ठे होते हो* तो यह प्रभु भोज खाने के लिये नहीं।\n"
      }
    ]
  },
  "21": {
    "verseObjects": [
      {
        "type": "text",
        "text": "क्योंकि खाने के समय एक दूसरे से पहले अपना भोज खा लेता है, तब कोई भूखा रहता है, और कोई मतवाला हो जाता है।\n"
      }
    ]
  },
  "22": {
    "verseObjects": [
      {
        "type": "text",
        "text": "क्या खाने-पीने के लिये तुम्हारे घर नहीं? या परमेश्‍वर की कलीसिया को तुच्छ जानते हो, और जिनके पास नहीं है उन्हें लज्जित करते हो? मैं तुम से क्या कहूँ? क्या इस बात में तुम्हारी प्रशंसा करूँ? मैं प्रशंसा नहीं करता।\n"
      },
      {
        "tag": "p",
        "nextChar": "\n",
        "type": "paragraph"
      },
      {
        "tag": "s5",
        "nextChar": "\n",
        "type": "section"
      }
    ]
  },
  "23": {
    "verseObjects": [
      {
        "type": "text",
        "text": "क्योंकि यह बात मुझे प्रभु से पहुँची, और मैंने तुम्हें भी पहुँचा दी; कि प्रभु यीशु ने जिस रात पकड़वाया गया रोटी ली,\n"
      }
    ]
  },
  "24": {
    "verseObjects": [
      {
        "type": "text",
        "text": "और धन्यवाद करके उसे तोड़ी, और कहा, “यह मेरी देह है, जो तुम्हारे लिये है: मेरे स्मरण के लिये यही किया करो।”\n"
      },
      {
        "tag": "p",
        "nextChar": "\n",
        "type": "paragraph"
      },
      {
        "tag": "s5",
        "nextChar": "\n",
        "type": "section"
      }
    ]
  },
  "25": {
    "verseObjects": [
      {
        "type": "text",
        "text": "इसी रीति से उसने बियारी के बाद कटोरा भी लिया, और कहा, “यह कटोरा मेरे लहू में नई वाचा है: जब कभी पीओ, तो मेरे स्मरण के लिये यही किया करो।” (लूका 22:20)\n"
      }
    ]
  },
  "26": {
    "verseObjects": [
      {
        "type": "text",
        "text": "क्योंकि जब कभी तुम यह रोटी खाते, और इस कटोरे में से पीते हो, तो प्रभु की मृत्यु को जब तक वह न आए, प्रचार करते हो।\n"
      },
      {
        "tag": "p",
        "nextChar": "\n",
        "type": "paragraph"
      },
      {
        "tag": "s5",
        "nextChar": "\n",
        "type": "section"
      }
    ]
  },
  "27": {
    "verseObjects": [
      {
        "type": "text",
        "text": "इसलिए जो कोई अनुचित रीति से प्रभु की रोटी खाए, या उसके कटोरे में से पीए, वह प्रभु की देह और लहू का अपराधी ठहरेगा।\n"
      }
    ]
  },
  "28": {
    "verseObjects": [
      {
        "type": "text",
        "text": "इसलिए मनुष्य अपने आप को जाँच ले और इसी रीति से इस रोटी में से खाए, और इस कटोरे में से पीए।\n"
      }
    ]
  },
  "29": {
    "verseObjects": [
      {
        "type": "text",
        "text": "क्योंकि जो खाते-पीते समय प्रभु की देह को न पहचाने, वह इस खाने और पीने से अपने ऊपर दण्ड लाता है।\n"
      }
    ]
  },
  "30": {
    "verseObjects": [
      {
        "type": "text",
        "text": "इसी कारण तुम में बहुत से निर्बल और रोगी हैं, और बहुत से सो भी गए।\n"
      },
      {
        "tag": "p",
        "nextChar": "\n",
        "type": "paragraph"
      },
      {
        "tag": "s5",
        "nextChar": "\n",
        "type": "section"
      }
    ]
  },
  "31": {
    "verseObjects": [
      {
        "type": "text",
        "text": "यदि हम अपने आप को जाँचते, तो दण्ड न पाते।\n"
      }
    ]
  },
  "32": {
    "verseObjects": [
      {
        "type": "text",
        "text": "परन्तु प्रभु हमें दण्ड देकर हमारी ताड़ना करता है इसलिए कि हम संसार के साथ दोषी न ठहरें।\n"
      },
      {
        "tag": "p",
        "nextChar": "\n",
        "type": "paragraph"
      },
      {
        "tag": "s5",
        "nextChar": "\n",
        "type": "section"
      }
    ]
  },
  "33": {
    "verseObjects": [
      {
        "type": "text",
        "text": "इसलिए, हे मेरे भाइयों, जब तुम खाने के लिये इकट्ठे होते हो, तो एक दूसरे के लिये ठहरा करो।\n"
      }
    ]
  },
  "34": {
    "verseObjects": [
      {
        "type": "text",
        "text": "यदि कोई भूखा हो, तो अपने घर में खा ले जिससे तुम्हारा इकट्ठा होना दण्ड का कारण न हो। और शेष बातों को मैं आकर ठीक कर दूँगा।\n\n"
      },
      {
        "tag": "s5",
        "nextChar": "\n",
        "type": "section"
      }
    ]
  },
  "front": {
    "verseObjects": [
      {
        "tag": "s",
        "type": "section",
        "content": "सिर ढकने सम्बन्धित निर्देश\n"
      },
      {
        "tag": "p",
        "nextChar": "\n",
        "type": "paragraph"
      }
    ]
  }
}