{
  "1": {
    "verseObjects": [
      {
        "type": "text",
        "text": "यदि मैं मनुष्यों, और स्वर्गदूतों की बोलियां बोलूँ, और प्रेम न रखूँ, तो मैं ठनठनाता हुआ पीतल, और झंझनाती हुई झाँझ हूँ।\n"
      }
    ]
  },
  "2": {
    "verseObjects": [
      {
        "type": "text",
        "text": "और यदि मैं भविष्यद्वाणी कर सकूँ, और सब भेदों और सब प्रकार के ज्ञान को समझूँ, और मुझे यहाँ तक पूरा विश्वास हो, कि मैं पहाड़ों को हटा दूँ, परन्तु प्रेम न रखूँ, तो मैं कुछ भी नहीं*।\n"
      }
    ]
  },
  "3": {
    "verseObjects": [
      {
        "type": "text",
        "text": "और यदि मैं अपनी सम्पूर्ण संपत्ति कंगालों को खिला दूँ, या अपनी देह जलाने के लिये दे दूँ, और प्रेम न रखूँ, तो मुझे कुछ भी लाभ नहीं।\n"
      },
      {
        "tag": "p",
        "nextChar": "\n",
        "type": "paragraph"
      },
      {
        "tag": "s5",
        "nextChar": "\n",
        "type": "section"
      }
    ]
  },
  "4": {
    "verseObjects": [
      {
        "type": "text",
        "text": "प्रेम धीरजवन्त है, और कृपालु है; प्रेम डाह नहीं करता; प्रेम अपनी बड़ाई नहीं करता, और फूलता नहीं।\n"
      }
    ]
  },
  "5": {
    "verseObjects": [
      {
        "type": "text",
        "text": "अशोभनीय व्यवहार नहीं करता, वह अपनी भलाई नहीं चाहता, झुँझलाता नहीं, बुरा नहीं मानता।\n"
      }
    ]
  },
  "6": {
    "verseObjects": [
      {
        "type": "text",
        "text": "कुकर्म से आनन्दित नहीं होता, परन्तु सत्य से आनन्दित होता है।\n"
      }
    ]
  },
  "7": {
    "verseObjects": [
      {
        "type": "text",
        "text": "वह सब बातें सह लेता है, सब बातों पर विश्वास करता है, सब बातों की आशा रखता है*, सब बातों में धीरज धरता है। (1 कुरि. 13:4)\n"
      },
      {
        "tag": "p",
        "nextChar": "\n",
        "type": "paragraph"
      },
      {
        "tag": "s5",
        "nextChar": "\n",
        "type": "section"
      }
    ]
  },
  "8": {
    "verseObjects": [
      {
        "type": "text",
        "text": "प्रेम कभी टलता नहीं; भविष्यद्वाणियाँ हों, तो समाप्त हो जाएँगी, भाषाएँ मौन हो जाएँगी; ज्ञान हो, तो मिट जाएगा।\n"
      }
    ]
  },
  "9": {
    "verseObjects": [
      {
        "type": "text",
        "text": "क्योंकि हमारा ज्ञान अधूरा है, और हमारी भविष्यद्वाणी अधूरी।\n"
      }
    ]
  },
  "10": {
    "verseObjects": [
      {
        "type": "text",
        "text": "परन्तु जब सर्वसिद्ध* आएगा, तो अधूरा मिट जाएगा।\n"
      },
      {
        "tag": "p",
        "nextChar": "\n",
        "type": "paragraph"
      },
      {
        "tag": "s5",
        "nextChar": "\n",
        "type": "section"
      }
    ]
  },
  "11": {
    "verseObjects": [
      {
        "type": "text",
        "text": "जब मैं बालक था, तो मैं बालकों के समान बोलता था, बालकों के समान मन था बालकों सी समझ थी; परन्तु सयाना हो गया, तो बालकों की बातें छोड़ दी।\n"
      }
    ]
  },
  "12": {
    "verseObjects": [
      {
        "type": "text",
        "text": "अब हमें दर्पण में धुँधला सा दिखाई देता है; परन्तु उस समय आमने-सामने देखेंगे, इस समय मेरा ज्ञान अधूरा है; परन्तु उस समय ऐसी पूरी रीति से पहचानूँगा, जैसा मैं पहचाना गया हूँ।\n"
      }
    ]
  },
  "13": {
    "verseObjects": [
      {
        "type": "text",
        "text": "पर अब विश्वास, आशा, प्रेम ये तीनों स्थायी* है, पर इनमें सबसे बड़ा प्रेम है।\n\n"
      },
      {
        "tag": "s5",
        "nextChar": "\n",
        "type": "section"
      }
    ]
  },
  "front": {
    "verseObjects": [
      {
        "tag": "s",
        "type": "section",
        "content": "प्रेम महान है\n"
      },
      {
        "tag": "p",
        "nextChar": "\n",
        "type": "paragraph"
      }
    ]
  }
}