{
  "1": {
    "verseObjects": [
      {
        "type": "text",
        "text": "अब उस चन्दे के विषय में जो पवित्र लोगों के लिये किया जाता है, जैसा निर्देश मैंने गलातिया की कलीसियाओं को दी, वैसा ही तुम भी करो।\n"
      }
    ]
  },
  "2": {
    "verseObjects": [
      {
        "type": "text",
        "text": "सप्ताह के पहले दिन तुम में से हर एक अपनी आमदनी के अनुसार कुछ अपने पास रख छोड़ा करे, कि मेरे आने पर चन्दा न करना पड़े।\n"
      },
      {
        "tag": "p",
        "nextChar": "\n",
        "type": "paragraph"
      },
      {
        "tag": "s5",
        "nextChar": "\n",
        "type": "section"
      }
    ]
  },
  "3": {
    "verseObjects": [
      {
        "type": "text",
        "text": "और जब मैं आऊँगा, तो जिन्हें तुम चाहोगे उन्हें मैं चिट्ठियाँ देकर भेज दूँगा, कि तुम्हारा दान यरूशलेम पहुँचा दें।\n"
      }
    ]
  },
  "4": {
    "verseObjects": [
      {
        "type": "text",
        "text": "और यदि मेरा भी जाना उचित हुआ, तो वे मेरे साथ जाएँगे।\n"
      },
      {
        "tag": "s",
        "type": "section",
        "content": "यात्रा का कार्यक्रम\n"
      },
      {
        "tag": "p",
        "nextChar": "\n",
        "type": "paragraph"
      },
      {
        "tag": "s5",
        "nextChar": "\n",
        "type": "section"
      }
    ]
  },
  "5": {
    "verseObjects": [
      {
        "type": "text",
        "text": "और मैं मकिदुनिया होकर तुम्हारे पास आऊँगा, क्योंकि मुझे मकिदुनिया होकर जाना ही है।\n"
      }
    ]
  },
  "6": {
    "verseObjects": [
      {
        "type": "text",
        "text": "परन्तु सम्भव है कि तुम्हारे यहाँ ही ठहर जाऊँ और शरद ऋतु तुम्हारे यहाँ काटूँ, तब जिस ओर मेरा जाना हो, उस ओर तुम मुझे पहुँचा दो।\n"
      },
      {
        "tag": "p",
        "nextChar": "\n",
        "type": "paragraph"
      },
      {
        "tag": "s5",
        "nextChar": "\n",
        "type": "section"
      }
    ]
  },
  "7": {
    "verseObjects": [
      {
        "type": "text",
        "text": "क्योंकि मैं अब मार्ग में तुम से भेंट करना नहीं चाहता; परन्तु मुझे आशा है, कि यदि प्रभु चाहे तो कुछ समय तक तुम्हारे साथ रहूँगा।\n"
      }
    ]
  },
  "8": {
    "verseObjects": [
      {
        "type": "text",
        "text": "परन्तु मैं पिन्तेकुस्त तक इफिसुस में रहूँगा।\n"
      }
    ]
  },
  "9": {
    "verseObjects": [
      {
        "type": "text",
        "text": "क्योंकि मेरे लिये एक बड़ा और उपयोगी द्वार खुला है, और विरोधी बहुत से हैं।\n"
      },
      {
        "tag": "p",
        "nextChar": "\n",
        "type": "paragraph"
      },
      {
        "tag": "s5",
        "nextChar": "\n",
        "type": "section"
      }
    ]
  },
  "10": {
    "verseObjects": [
      {
        "type": "text",
        "text": "यदि तीमुथियुस आ जाए, तो देखना, कि वह तुम्हारे यहाँ निडर रहे; क्योंकि वह मेरे समान प्रभु का काम करता है।\n"
      }
    ]
  },
  "11": {
    "verseObjects": [
      {
        "type": "text",
        "text": "इसलिए कोई उसे तुच्छ न जाने, परन्तु उसे कुशल से इस ओर पहुँचा देना, कि मेरे पास आ जाए; क्योंकि मैं उसकी प्रतीक्षा करता रहा हूँ, कि वह भाइयों के साथ आए।\n"
      }
    ]
  },
  "12": {
    "verseObjects": [
      {
        "type": "text",
        "text": "और भाई अपुल्लोस से मैंने बहुत विनती की है कि तुम्हारे पास भाइयों के साथ जाए; परन्तु उसने इस समय जाने की कुछ भी इच्छा न की, परन्तु जब अवसर पाएगा, तब आ जाएगा।\n"
      },
      {
        "tag": "s",
        "type": "section",
        "content": "अन्तिम आदेश\n"
      },
      {
        "tag": "p",
        "nextChar": "\n",
        "type": "paragraph"
      },
      {
        "tag": "s5",
        "nextChar": "\n",
        "type": "section"
      }
    ]
  },
  "13": {
    "verseObjects": [
      {
        "type": "text",
        "text": "जागते रहो, विश्वास में स्थिर रहो, पुरुषार्थ करो, बलवन्त हो। (इफि. 6:10)\n"
      }
    ]
  },
  "14": {
    "verseObjects": [
      {
        "type": "text",
        "text": "जो कुछ करते हो प्रेम से करो।\n"
      },
      {
        "tag": "p",
        "nextChar": "\n",
        "type": "paragraph"
      },
      {
        "tag": "s5",
        "nextChar": "\n",
        "type": "section"
      }
    ]
  },
  "15": {
    "verseObjects": [
      {
        "type": "text",
        "text": "हे भाइयों, तुम स्तिफनास के घराने को जानते हो, कि वे अखाया के पहले फल हैं, और पवित्र लोगों की सेवा के लिये तैयार रहते हैं।\n"
      }
    ]
  },
  "16": {
    "verseObjects": [
      {
        "type": "text",
        "text": "इसलिए मैं तुम से विनती करता हूँ कि ऐसों के अधीन रहो, वरन् हर एक के जो इस काम में परिश्रमी और सहकर्मी हैं।\n"
      },
      {
        "tag": "p",
        "nextChar": "\n",
        "type": "paragraph"
      },
      {
        "tag": "s5",
        "nextChar": "\n",
        "type": "section"
      }
    ]
  },
  "17": {
    "verseObjects": [
      {
        "type": "text",
        "text": "और मैं स्तिफनास और फूरतूनातुस और अखइकुस के आने से आनन्दित हूँ, क्योंकि उन्होंने तुम्हारी घटी को पूरी की है।\n"
      }
    ]
  },
  "18": {
    "verseObjects": [
      {
        "type": "text",
        "text": "और उन्होंने मेरी और तुम्हारी आत्मा को चैन दिया है* इसलिए ऐसों को मानो।\n"
      },
      {
        "tag": "s",
        "type": "section",
        "content": "निष्कर्ष\n"
      },
      {
        "tag": "p",
        "nextChar": "\n",
        "type": "paragraph"
      },
      {
        "tag": "s5",
        "nextChar": "\n",
        "type": "section"
      }
    ]
  },
  "19": {
    "verseObjects": [
      {
        "type": "text",
        "text": "आसिया की कलीसियाओं की ओर से तुम को नमस्कार; अक्विला और प्रिस्का का और उनके घर की कलीसिया का भी तुम को प्रभु में बहुत-बहुत नमस्कार।\n"
      }
    ]
  },
  "20": {
    "verseObjects": [
      {
        "type": "text",
        "text": "सब भाइयों का तुम को नमस्कार: पवित्र चुम्बन से आपस में नमस्कार करो।\n"
      },
      {
        "tag": "p",
        "nextChar": "\n",
        "type": "paragraph"
      },
      {
        "tag": "s5",
        "nextChar": "\n",
        "type": "section"
      }
    ]
  },
  "21": {
    "verseObjects": [
      {
        "type": "text",
        "text": "मुझ पौलुस का अपने हाथ का लिखा हुआ नमस्कार: यदि कोई प्रभु से प्रेम न रखे तो वह श्रापित हो।\n"
      }
    ]
  },
  "22": {
    "verseObjects": [
      {
        "type": "text",
        "text": "हमारा प्रभु आनेवाला है।\n"
      }
    ]
  },
  "23": {
    "verseObjects": [
      {
        "type": "text",
        "text": "प्रभु यीशु मसीह का अनुग्रह तुम पर होता रहे।\n"
      }
    ]
  },
  "24": {
    "verseObjects": [
      {
        "type": "text",
        "text": "मेरा प्रेम मसीह यीशु में* तुम सब के साथ रहे। आमीन।"
      }
    ]
  },
  "front": {
    "verseObjects": [
      {
        "tag": "s",
        "type": "section",
        "content": "यरूशलेम की कलीसिया के लिये दान\n"
      },
      {
        "tag": "p",
        "nextChar": "\n",
        "type": "paragraph"
      }
    ]
  }
}