{
  "1": {
    "verseObjects": [
      {
        "type": "text",
        "text": "हे भाइयों, जब मैं परमेश्‍वर का भेद सुनाता हुआ तुम्हारे पास आया, तो वचन या ज्ञान की उत्तमता के साथ नहीं आया।\n"
      }
    ]
  },
  "2": {
    "verseObjects": [
      {
        "type": "text",
        "text": "क्योंकि मैंने यह ठान लिया था, कि तुम्हारे बीच यीशु मसीह, वरन् क्रूस पर चढ़ाए हुए मसीह को छोड़ और किसी बात को न जानूँ।\n"
      },
      {
        "tag": "p",
        "nextChar": "\n",
        "type": "paragraph"
      },
      {
        "tag": "s5",
        "nextChar": "\n",
        "type": "section"
      }
    ]
  },
  "3": {
    "verseObjects": [
      {
        "type": "text",
        "text": "और मैं निर्बलता और भय के साथ, और बहुत थरथराता हुआ तुम्हारे साथ रहा।\n"
      }
    ]
  },
  "4": {
    "verseObjects": [
      {
        "type": "text",
        "text": "और मेरे वचन, और मेरे प्रचार में ज्ञान की लुभानेवाली बातें नहीं*; परन्तु आत्मा और सामर्थ्य का प्रमाण था,\n"
      }
    ]
  },
  "5": {
    "verseObjects": [
      {
        "type": "text",
        "text": "इसलिए कि तुम्हारा विश्वास मनुष्यों के ज्ञान पर नहीं, परन्तु परमेश्‍वर की सामर्थ्य पर निर्भर हो।\n"
      },
      {
        "tag": "s",
        "type": "section",
        "content": "आत्मिक ज्ञान\n"
      },
      {
        "tag": "p",
        "nextChar": "\n",
        "type": "paragraph"
      },
      {
        "tag": "s5",
        "nextChar": "\n",
        "type": "section"
      }
    ]
  },
  "6": {
    "verseObjects": [
      {
        "type": "text",
        "text": "फिर भी सिद्ध लोगों में हम ज्ञान सुनाते हैं परन्तु इस संसार का और इस संसार के नाश होनेवाले हाकिमों का ज्ञान नहीं;\n"
      }
    ]
  },
  "7": {
    "verseObjects": [
      {
        "type": "text",
        "text": "परन्तु हम परमेश्‍वर का वह गुप्त ज्ञान, भेद की रीति पर बताते हैं, जिसे परमेश्‍वर ने सनातन से हमारी महिमा के लिये ठहराया।\n"
      },
      {
        "tag": "p",
        "nextChar": "\n",
        "type": "paragraph"
      },
      {
        "tag": "s5",
        "nextChar": "\n",
        "type": "section"
      }
    ]
  },
  "8": {
    "verseObjects": [
      {
        "type": "text",
        "text": "जिसे इस संसार के हाकिमों में से किसी ने नहीं जाना, क्योंकि यदि जानते, तो तेजोमय प्रभु को क्रूस पर न चढ़ाते। (प्रेरि. 13:27)\n"
      }
    ]
  },
  "9": {
    "verseObjects": [
      {
        "type": "text",
        "text": "परन्तु जैसा लिखा है,\n"
      },
      {
        "tag": "q",
        "type": "quote",
        "text": "“जो आँख ने नहीं देखी*,\n"
      },
      {
        "tag": "q",
        "type": "quote",
        "text": "और कान ने नहीं सुनी,\n"
      },
      {
        "tag": "q",
        "type": "quote",
        "text": "और जो बातें मनुष्य के चित्त में नहीं चढ़ी वे ही हैं,\n"
      },
      {
        "tag": "q",
        "type": "quote",
        "text": "जो परमेश्‍वर ने अपने प्रेम रखनेवालों के लिये तैयार की हैं।” (यशा. 64:4)\n"
      },
      {
        "tag": "p",
        "nextChar": "\n",
        "type": "paragraph"
      },
      {
        "tag": "s5",
        "nextChar": "\n",
        "type": "section"
      }
    ]
  },
  "10": {
    "verseObjects": [
      {
        "type": "text",
        "text": "परन्तु परमेश्‍वर ने उनको अपने आत्मा के द्वारा हम पर प्रगट किया; क्योंकि आत्मा सब बातें, वरन् परमेश्‍वर की गूढ़ बातें भी जाँचता है।\n"
      }
    ]
  },
  "11": {
    "verseObjects": [
      {
        "type": "text",
        "text": "मनुष्यों में से कौन किसी मनुष्य की बातें जानता है, केवल मनुष्य की आत्मा जो उसमें है? वैसे ही परमेश्‍वर की बातें भी कोई नहीं जानता, केवल परमेश्‍वर का आत्मा। (नीति. 20:27)\n"
      },
      {
        "tag": "p",
        "nextChar": "\n",
        "type": "paragraph"
      },
      {
        "tag": "s5",
        "nextChar": "\n",
        "type": "section"
      }
    ]
  },
  "12": {
    "verseObjects": [
      {
        "type": "text",
        "text": "परन्तु हमने संसार की आत्मा* नहीं, परन्तु वह आत्मा पाया है, जो परमेश्‍वर की ओर से है, कि हम उन बातों को जानें, जो परमेश्‍वर ने हमें दी हैं।\n"
      }
    ]
  },
  "13": {
    "verseObjects": [
      {
        "type": "text",
        "text": "जिनको हम मनुष्यों के ज्ञान की सिखाई हुई बातों में नहीं, परन्तु पवित्र आत्मा की सिखाई हुई बातों में, आत्मा, आत्मिक ज्ञान से आत्मिक बातों की व्याख्या करती है।\n"
      },
      {
        "tag": "p",
        "nextChar": "\n",
        "type": "paragraph"
      },
      {
        "tag": "s5",
        "nextChar": "\n",
        "type": "section"
      }
    ]
  },
  "14": {
    "verseObjects": [
      {
        "type": "text",
        "text": "परन्तु शारीरिक मनुष्य परमेश्‍वर के आत्मा की बातें ग्रहण नहीं करता, क्योंकि वे उसकी दृष्टि में मूर्खता की बातें हैं, और न वह उन्हें जान सकता है क्योंकि उनकी जाँच आत्मिक रीति से होती है।\n"
      }
    ]
  },
  "15": {
    "verseObjects": [
      {
        "type": "text",
        "text": "आत्मिक* जन सब कुछ जाँचता है, परन्तु वह आप किसी से जाँचा नहीं जाता।\n"
      },
      {
        "tag": "q",
        "nextChar": "\n",
        "type": "quote"
      }
    ]
  },
  "16": {
    "verseObjects": [
      {
        "type": "text",
        "text": "“क्योंकि प्रभु का मन किस ने जाना है, कि उसे सिखाए?”\n"
      },
      {
        "tag": "m",
        "type": "paragraph",
        "text": "परन्तु हम में मसीह का मन है। (यशा. 40:13)\n"
      },
      {
        "type": "text",
        "text": "\n"
      },
      {
        "tag": "s5",
        "nextChar": "\n",
        "type": "section"
      }
    ]
  },
  "front": {
    "verseObjects": [
      {
        "tag": "s",
        "type": "section",
        "content": "पौलुस की उद्घोषणा\n"
      },
      {
        "tag": "p",
        "nextChar": "\n",
        "type": "paragraph"
      }
    ]
  }
}