{
  "1": {
    "verseObjects": [
      {
        "type": "text",
        "text": "मनुष्य हमें मसीह के सेवक और परमेश्‍वर के भेदों के भण्डारी समझे।\n"
      }
    ]
  },
  "2": {
    "verseObjects": [
      {
        "type": "text",
        "text": "फिर यहाँ भण्डारी में यह बात देखी जाती है, कि विश्वासयोग्य निकले।\n"
      },
      {
        "tag": "p",
        "type": "paragraph",
        "text": "\n"
      },
      {
        "tag": "s5",
        "type": "section",
        "text": "\n"
      }
    ]
  },
  "3": {
    "verseObjects": [
      {
        "type": "text",
        "text": "परन्तु मेरी दृष्टि में यह बहुत छोटी बात है, कि तुम या मनुष्यों का कोई न्यायी मुझे परखे, वरन् मैं आप ही अपने आप को नहीं परखता।\n"
      }
    ]
  },
  "4": {
    "verseObjects": [
      {
        "type": "text",
        "text": "क्योंकि मेरा मन मुझे किसी बात में दोषी नहीं ठहराता, परन्तु इससे मैं निर्दोष नहीं ठहरता, क्योंकि मेरा परखनेवाला प्रभु है। (भज. 19:12)\n"
      },
      {
        "tag": "p",
        "type": "paragraph",
        "text": "\n"
      },
      {
        "tag": "s5",
        "type": "section",
        "text": "\n"
      }
    ]
  },
  "5": {
    "verseObjects": [
      {
        "type": "text",
        "text": "इसलिए जब तक प्रभु न आए, समय से पहले किसी बात का न्याय न करो: वही तो अंधकार की छिपी बातें* ज्योति में दिखाएगा, और मनों के उद्देश्यों को प्रगट करेगा, तब परमेश्‍वर की ओर से हर एक की प्रशंसा होगी।\n"
      },
      {
        "tag": "s",
        "type": "section",
        "text": "मसीह के लिये मूर्ख\n"
      },
      {
        "tag": "p",
        "type": "paragraph",
        "text": "\n"
      },
      {
        "tag": "s5",
        "type": "section",
        "text": "\n"
      }
    ]
  },
  "6": {
    "verseObjects": [
      {
        "type": "text",
        "text": "हे भाइयों, मैंने इन बातों में तुम्हारे लिये अपनी और अपुल्लोस की चर्चा दृष्टान्त की रीति पर की है, इसलिए कि तुम हमारे द्वारा यह सीखो,\n"
      },
      {
        "tag": "q",
        "type": "quote",
        "text": "कि लिखे हुए से आगे न बढ़ना,\n"
      },
      {
        "tag": "m",
        "type": "paragraph",
        "text": "और एक के पक्ष में और दूसरे के विरोध में गर्व न करना।\n"
      }
    ]
  },
  "7": {
    "verseObjects": [
      {
        "type": "text",
        "text": "क्योंकि तुझ में और दूसरे में कौन भेद करता है? और तेरे पास क्या है जो तूने (दूसरे से) नहीं पाया और जब कि तूने (दूसरे से) पाया है, तो ऐसा घमण्ड क्यों करता है, कि मानो नहीं पाया?\n"
      },
      {
        "tag": "p",
        "type": "paragraph",
        "text": "\n"
      },
      {
        "tag": "s5",
        "type": "section",
        "text": "\n"
      }
    ]
  },
  "8": {
    "verseObjects": [
      {
        "type": "text",
        "text": "तुम तो तृप्त हो चुके; तुम धनी हो चुके, तुम ने हमारे बिना राज्य किया; परन्तु भला होता कि तुम राज्य करते कि हम भी तुम्हारे साथ राज्य करते।\n"
      }
    ]
  },
  "9": {
    "verseObjects": [
      {
        "type": "text",
        "text": "मेरी समझ में परमेश्‍वर ने हम प्रेरितों को सब के बाद उन लोगों के समान ठहराया है, जिनकी मृत्यु की आज्ञा हो चुकी हो; क्योंकि हम जगत और स्वर्गदूतों और मनुष्यों के लिये एक तमाशा ठहरे हैं।\n"
      },
      {
        "tag": "p",
        "type": "paragraph",
        "text": "\n"
      },
      {
        "tag": "s5",
        "type": "section",
        "text": "\n"
      }
    ]
  },
  "10": {
    "verseObjects": [
      {
        "type": "text",
        "text": "हम मसीह के लिये मूर्ख है*; परन्तु तुम मसीह में बुद्धिमान हो; हम निर्बल हैं परन्तु तुम बलवान हो। तुम आदर पाते हो, परन्तु हम निरादर होते हैं।\n"
      }
    ]
  },
  "11": {
    "verseObjects": [
      {
        "type": "text",
        "text": "हम इस घड़ी तक भूखे-प्यासे और नंगे हैं, और घूसे खाते हैं और मारे-मारे फिरते हैं;\n"
      },
      {
        "tag": "p",
        "type": "paragraph",
        "text": "\n"
      },
      {
        "tag": "s5",
        "type": "section",
        "text": "\n"
      }
    ]
  },
  "12": {
    "verseObjects": [
      {
        "type": "text",
        "text": "और अपने ही हाथों के काम करके परिश्रम करते हैं। लोग बुरा कहते हैं, हम आशीष देते हैं; वे सताते हैं, हम सहते हैं।\n"
      }
    ]
  },
  "13": {
    "verseObjects": [
      {
        "type": "text",
        "text": "वे बदनाम करते हैं, हम विनती करते हैं हम आज तक जगत के कूड़े और सब वस्तुओं की खुरचन के समान ठहरे हैं। (विला. 3:45)\n"
      },
      {
        "tag": "s",
        "type": "section",
        "text": "पौलुस का अनुसरण करने की सलाह\n"
      },
      {
        "tag": "p",
        "type": "paragraph",
        "text": "\n"
      },
      {
        "tag": "s5",
        "type": "section",
        "text": "\n"
      }
    ]
  },
  "14": {
    "verseObjects": [
      {
        "type": "text",
        "text": "मैं तुम्हें लज्जित करने के लिये ये बातें नहीं लिखता, परन्तु अपने प्रिय बालक जानकर तुम्हें चिताता हूँ।\n"
      }
    ]
  },
  "15": {
    "verseObjects": [
      {
        "type": "text",
        "text": "क्योंकि यदि मसीह में तुम्हारे सिखानेवाले दस हजार भी होते, तो भी तुम्हारे पिता बहुत से नहीं, इसलिए कि मसीह यीशु में सुसमाचार के द्वारा मैं तुम्हारा पिता हुआ।\n"
      }
    ]
  },
  "16": {
    "verseObjects": [
      {
        "type": "text",
        "text": "इसलिए मैं तुम से विनती करता हूँ, कि मेरी जैसी चाल चलो।\n"
      },
      {
        "tag": "p",
        "type": "paragraph",
        "text": "\n"
      },
      {
        "tag": "s5",
        "type": "section",
        "text": "\n"
      }
    ]
  },
  "17": {
    "verseObjects": [
      {
        "type": "text",
        "text": "इसलिए मैंने तीमुथियुस को जो प्रभु में मेरा प्रिय और विश्वासयोग्य पुत्र है, तुम्हारे पास भेजा है, और वह तुम्हें मसीह में मेरा चरित्र स्मरण कराएगा, जैसे कि मैं हर जगह हर एक कलीसिया में उपदेश करता हूँ।\n"
      }
    ]
  },
  "18": {
    "verseObjects": [
      {
        "type": "text",
        "text": "कितने तो ऐसे फूल गए हैं, मानो मैं तुम्हारे पास आने ही का नहीं।\n"
      },
      {
        "tag": "p",
        "type": "paragraph",
        "text": "\n"
      },
      {
        "tag": "s5",
        "type": "section",
        "text": "\n"
      }
    ]
  },
  "19": {
    "verseObjects": [
      {
        "type": "text",
        "text": "परन्तु प्रभु चाहे तो मैं तुम्हारे पास शीघ्र ही आऊँगा, और उन फूले हुओं की बातों को नहीं, परन्तु उनकी सामर्थ्य को जान लूँगा।\n"
      }
    ]
  },
  "20": {
    "verseObjects": [
      {
        "type": "text",
        "text": "क्योंकि परमेश्‍वर का राज्य बातों में नहीं, परन्तु सामर्थ्य में है।\n"
      }
    ]
  },
  "21": {
    "verseObjects": [
      {
        "type": "text",
        "text": "तुम क्या चाहते हो? क्या मैं छड़ी लेकर तुम्हारे पास आऊँ या प्रेम और नम्रता की आत्मा के साथ?\n\n"
      },
      {
        "tag": "s5",
        "type": "section",
        "text": "\n"
      }
    ]
  },
  "front": {
    "verseObjects": [
      {
        "tag": "s",
        "type": "section",
        "text": "मसीह के विश्वासयोग्य भण्डारी\n"
      },
      {
        "tag": "p",
        "type": "paragraph",
        "text": "\n"
      }
    ]
  }
}