{
  "1": {
    "verseObjects": [
      {
        "type": "text",
        "text": "अब मूरतों के सामने बलि की हुई* वस्तुओं के विषय में हम जानते हैं, कि हम सब को ज्ञान है: ज्ञान घमण्ड उत्‍पन्‍न करता है, परन्तु प्रेम से उन्नति होती है।\n"
      }
    ]
  },
  "2": {
    "verseObjects": [
      {
        "type": "text",
        "text": "यदि कोई समझे, कि मैं कुछ जानता हूँ, तो जैसा जानना चाहिए वैसा अब तक नहीं जानता।\n"
      }
    ]
  },
  "3": {
    "verseObjects": [
      {
        "type": "text",
        "text": "परन्तु यदि कोई परमेश्‍वर से प्रेम रखता है*, तो उसे परमेश्‍वर पहचानता है।\n"
      },
      {
        "tag": "p",
        "nextChar": "\n",
        "type": "paragraph"
      },
      {
        "tag": "s5",
        "nextChar": "\n",
        "type": "section"
      }
    ]
  },
  "4": {
    "verseObjects": [
      {
        "type": "text",
        "text": "अतः मूरतों के सामने बलि की हुई वस्तुओं के खाने के विषय में हम जानते हैं, कि मूरत जगत में कोई वस्तु नहीं*, और एक को छोड़ और कोई परमेश्‍वर नहीं। (व्य. 4:39)\n"
      }
    ]
  },
  "5": {
    "verseObjects": [
      {
        "type": "text",
        "text": "यद्यपि आकाश में और पृथ्वी पर बहुत से ईश्वर कहलाते हैं, (जैसा कि बहुत से ईश्वर और बहुत से प्रभु हैं)।\n"
      },
      {
        "tag": "q",
        "nextChar": "\n",
        "type": "quote"
      }
    ]
  },
  "6": {
    "verseObjects": [
      {
        "type": "text",
        "text": "तो भी हमारे निकट तो एक ही परमेश्‍वर है:\n"
      },
      {
        "tag": "q",
        "type": "quote",
        "text": "अर्थात् पिता जिसकी ओर से सब वस्तुएँ हैं, और हम उसी के लिये हैं,\n"
      },
      {
        "tag": "q",
        "type": "quote",
        "text": "और एक ही प्रभु है, अर्थात् यीशु मसीह\n"
      },
      {
        "tag": "q",
        "type": "quote",
        "text": "जिसके द्वारा सब वस्तुएँ हुई, और हम भी उसी के द्वारा हैं। (यूह. 1:3, रोम. 11:36)\n"
      },
      {
        "tag": "p",
        "nextChar": "\n",
        "type": "paragraph"
      },
      {
        "tag": "s5",
        "nextChar": "\n",
        "type": "section"
      }
    ]
  },
  "7": {
    "verseObjects": [
      {
        "type": "text",
        "text": "परन्तु सब को यह ज्ञान नहीं; परन्तु कितने तो अब तक मूरत को कुछ समझने के कारण मूरतों के सामने बलि की हुई को कुछ वस्तु समझकर खाते हैं, और उनका विवेक निर्बल होकर अशुद्ध होता है।\n"
      },
      {
        "tag": "p",
        "nextChar": "\n",
        "type": "paragraph"
      },
      {
        "tag": "s5",
        "nextChar": "\n",
        "type": "section"
      }
    ]
  },
  "8": {
    "verseObjects": [
      {
        "type": "text",
        "text": "भोजन हमें परमेश्‍वर के निकट नहीं पहुँचाता, यदि हम न खाएँ, तो हमारी कुछ हानि नहीं, और यदि खाएँ, तो कुछ लाभ नहीं।\n"
      }
    ]
  },
  "9": {
    "verseObjects": [
      {
        "type": "text",
        "text": "परन्तु चौकस रहो, ऐसा न हो, कि तुम्हारी यह स्वतंत्रता कहीं निर्बलों के लिये ठोकर का कारण हो जाए।\n"
      }
    ]
  },
  "10": {
    "verseObjects": [
      {
        "type": "text",
        "text": "क्योंकि यदि कोई तुझ ज्ञानी को मूरत के मन्दिर में भोजन करते देखे, और वह निर्बल जन हो, तो क्या उसके विवेक में मूरत के सामने बलि की हुई वस्तु के खाने का साहस न हो जाएगा।\n"
      },
      {
        "tag": "p",
        "nextChar": "\n",
        "type": "paragraph"
      },
      {
        "tag": "s5",
        "nextChar": "\n",
        "type": "section"
      }
    ]
  },
  "11": {
    "verseObjects": [
      {
        "type": "text",
        "text": "इस रीति से तेरे ज्ञान के कारण वह निर्बल भाई जिसके लिये मसीह मरा नाश हो जाएगा।\n"
      }
    ]
  },
  "12": {
    "verseObjects": [
      {
        "type": "text",
        "text": "तो भाइयों का अपराध करने से और उनके निर्बल विवेक को चोट देने से तुम मसीह का अपराध करते हो।\n"
      }
    ]
  },
  "13": {
    "verseObjects": [
      {
        "type": "text",
        "text": "इस कारण यदि भोजन मेरे भाई को ठोकर खिलाएँ, तो मैं कभी किसी रीति से माँस न खाऊँगा, न हो कि मैं अपने भाई के ठोकर का कारण बनूँ।\n\n"
      },
      {
        "tag": "s5",
        "nextChar": "\n",
        "type": "section"
      }
    ]
  },
  "front": {
    "verseObjects": [
      {
        "tag": "s",
        "type": "section",
        "content": "चढ़ावे का भोजन\n"
      },
      {
        "tag": "p",
        "nextChar": "\n",
        "type": "paragraph"
      }
    ]
  }
}