{
  "1": {
    "verseObjects": [
      {
        "type": "text",
        "text": "Therefore be imitators of God, as dearly loved children.\n"
      }
    ]
  },
  "2": {
    "verseObjects": [
      {
        "type": "text",
        "text": "And walk in love, as also Christ loved us and gave himself up for us, a fragrant offering and sacrifice to God.\n\n"
      },
      {
        "tag": "s5",
        "nextChar": "\n",
        "type": "section"
      },
      {
        "tag": "p",
        "nextChar": "\n",
        "type": "paragraph"
      }
    ]
  },
  "3": {
    "verseObjects": [
      {
        "type": "text",
        "text": "But there must not be even a suggestion among you of sexual immorality or any kind of impurity or of greed, for these are improper for God's holy people.\n"
      }
    ]
  },
  "4": {
    "verseObjects": [
      {
        "type": "text",
        "text": "Let there be no filthiness, no foolish talk, and no crude jokes—all of which are improper. Instead there should be thanksgiving.\n\n"
      },
      {
        "tag": "s5",
        "nextChar": "\n",
        "type": "section"
      }
    ]
  },
  "5": {
    "verseObjects": [
      {
        "type": "text",
        "text": "For you can be sure of this, that no sexually immoral, impure, or greedy person—that is, an idolater—has any inheritance in the kingdom of Christ and God.\n"
      }
    ]
  },
  "6": {
    "verseObjects": [
      {
        "type": "text",
        "text": "Let no one deceive you with empty words, for because of these things the anger of God is coming upon the sons of disobedience.\n"
      }
    ]
  },
  "7": {
    "verseObjects": [
      {
        "type": "text",
        "text": "Therefore, do not join in with them.\n\n"
      },
      {
        "tag": "s5",
        "nextChar": "\n",
        "type": "section"
      }
    ]
  },
  "8": {
    "verseObjects": [
      {
        "type": "text",
        "text": "For you were once darkness, but now you are light in the Lord. Walk as children of light\n"
      }
    ]
  },
  "9": {
    "verseObjects": [
      {
        "type": "text",
        "text": "(for the fruit of the light consists in all goodness, righteousness, and truth),\n"
      }
    ]
  },
  "10": {
    "verseObjects": [
      {
        "type": "text",
        "text": "and find out what is pleasing to the Lord.\n"
      }
    ]
  },
  "11": {
    "verseObjects": [
      {
        "type": "text",
        "text": "Do not associate with the unfruitful works of darkness, but rather expose them.\n"
      }
    ]
  },
  "12": {
    "verseObjects": [
      {
        "type": "text",
        "text": "For it is shameful even to mention the things they do in secret.\n\n"
      },
      {
        "tag": "s5",
        "nextChar": "\n",
        "type": "section"
      }
    ]
  },
  "13": {
    "verseObjects": [
      {
        "type": "text",
        "text": "But when anything is illuminated by the light, it becomes visible.\n"
      }
    ]
  },
  "14": {
    "verseObjects": [
      {
        "type": "text",
        "text": "For anything that becomes visible is light. Therefore it says,\n"
      },
      {
        "tag": "q",
        "type": "quote",
        "text": "\"Awake, you sleeper,\n"
      },
      {
        "tag": "q",
        "type": "quote",
        "text": "and arise from the dead,\n"
      },
      {
        "tag": "q",
        "type": "quote",
        "text": "and Christ will shine on you.\"\n"
      },
      {
        "type": "text",
        "text": "\n"
      },
      {
        "tag": "s5",
        "nextChar": "\n",
        "type": "section"
      },
      {
        "tag": "p",
        "nextChar": "\n",
        "type": "paragraph"
      }
    ]
  },
  "15": {
    "verseObjects": [
      {
        "type": "text",
        "text": "Look carefully how you live—not as unwise but as wise.\n"
      }
    ]
  },
  "16": {
    "verseObjects": [
      {
        "type": "text",
        "text": "Redeem the time because the days are evil.\n"
      }
    ]
  },
  "17": {
    "verseObjects": [
      {
        "type": "text",
        "text": "Therefore, do not be foolish, but understand what the will of the Lord is.\n\n"
      },
      {
        "tag": "s5",
        "nextChar": "\n",
        "type": "section"
      }
    ]
  },
  "18": {
    "verseObjects": [
      {
        "type": "text",
        "text": "And do not get drunk with wine, for that leads to reckless behavior. Instead, be filled with the Holy Spirit,\n"
      }
    ]
  },
  "19": {
    "verseObjects": [
      {
        "type": "text",
        "text": "speaking to each other in psalms and hymns and spiritual songs, singing and making melody to the Lord with all your heart,\n"
      }
    ]
  },
  "20": {
    "verseObjects": [
      {
        "type": "text",
        "text": "always giving thanks for everything, in the name of our Lord Jesus Christ to God the Father,\n"
      }
    ]
  },
  "21": {
    "verseObjects": [
      {
        "type": "text",
        "text": "submitting yourselves to one another in reverence for Christ.\n\n"
      },
      {
        "tag": "s5",
        "nextChar": "\n",
        "type": "section"
      },
      {
        "tag": "p",
        "nextChar": "\n",
        "type": "paragraph"
      }
    ]
  },
  "22": {
    "verseObjects": [
      {
        "type": "text",
        "text": "Wives, submit to your husbands, as to the Lord.\n"
      }
    ]
  },
  "23": {
    "verseObjects": [
      {
        "type": "text",
        "text": "For the husband is the head of the wife as Christ also is the head of the church, and Christ himself is its savior.\n"
      }
    ]
  },
  "24": {
    "verseObjects": [
      {
        "type": "text",
        "text": "But as the church submits to Christ, so also wives must submit to their husbands in everything.\n\n"
      },
      {
        "tag": "s5",
        "nextChar": "\n",
        "type": "section"
      }
    ]
  },
  "25": {
    "verseObjects": [
      {
        "type": "text",
        "text": "Husbands, love your wives, as Christ loved the church and gave himself up for her.\n"
      }
    ]
  },
  "26": {
    "verseObjects": [
      {
        "type": "text",
        "text": "Christ gave himself for the church so that he might make her holy, having cleansed her by the washing of water with the word,\n"
      }
    ]
  },
  "27": {
    "verseObjects": [
      {
        "type": "text",
        "text": "so that he might present her to himself as glorious, without stain or wrinkle or any such thing, but holy and without fault.\n\n"
      },
      {
        "tag": "s5",
        "nextChar": "\n",
        "type": "section"
      }
    ]
  },
  "28": {
    "verseObjects": [
      {
        "type": "text",
        "text": "In the same way husbands ought to love their own wives as their own bodies. He who loves his own wife loves himself.\n"
      }
    ]
  },
  "29": {
    "verseObjects": [
      {
        "type": "text",
        "text": "For no one ever hated his own body, but nourishes and treats it with care, just as Christ nourishes and treats the church with care,\n"
      }
    ]
  },
  "30": {
    "verseObjects": [
      {
        "type": "text",
        "text": "because we are members of his body.\n\n"
      },
      {
        "tag": "s5",
        "nextChar": "\n",
        "type": "section"
      }
    ]
  },
  "31": {
    "verseObjects": [
      {
        "type": "text",
        "text": "\"For this reason a man will leave his father and mother and will be joined to his wife, and the two will become one flesh.\"\n"
      }
    ]
  },
  "32": {
    "verseObjects": [
      {
        "type": "text",
        "text": "This hidden truth is great—but I am speaking about Christ and the church.\n"
      }
    ]
  },
  "33": {
    "verseObjects": [
      {
        "type": "text",
        "text": "Nevertheless, each of you also must love his own wife as himself, and the wife must respect her husband.\n\n"
      },
      {
        "tag": "s5",
        "nextChar": "\n",
        "type": "section"
      }
    ]
  },
  "front": {
    "verseObjects": [
      {
        "tag": "p",
        "nextChar": "\n",
        "type": "paragraph"
      }
    ]
  }
}